Frequency [Hz],S11_Amp_Mean,S11_Amp_Err,S11_Phase_Mean,S11_Phase_Err,S21_Amp_Mean,S21_Amp_Err,S21_Phase_Mean,S21_Phase_Err
1870000000.0,1.0004882086813862,0.0013679365122001102,-60.43382883855499,0.05076116031119841,0.0009163400645113483,0.00010873095025226499,-122.08497745106467,8.077283358410428
1870125000.0,0.9992927756358504,0.001031449304806608,-60.3953934902655,0.06912328223815548,0.0009517984921694611,0.00015832946411289145,-114.60091620998975,9.57929814655504
1870250000.0,0.9962543642626676,0.001193482314165102,-60.470029827896816,0.06631942257587711,0.0009663954823157648,0.00011509259695488484,-116.2173925604526,5.287335508814057
1870375000.0,0.9962004874698333,0.0011294085190055323,-60.36914950437244,0.07948909351354025,0.0009150949774537308,0.00010340134693672851,-116.39025802933597,9.56596714656947
1870500000.0,0.9933970135024274,0.0008784083674529847,-60.34550177645865,0.06794345622229744,0.000962960301035032,8.178008115256585e-05,-112.57824084497838,6.912249917990444
1870625000.0,0.9933021607123862,0.0008639024485276429,-60.52238200861571,0.07075354819659037,0.0008961116063237169,0.0001194638038658389,-116.9854093505525,8.200128448824556
1870750000.0,0.9894447753445524,0.001769014165334776,-60.56512311083459,0.06664680587397599,0.000961796228072371,0.00013956912075073158,-119.70356172993728,6.758014449064241
1870875000.0,0.991819176182787,0.0008674396992730517,-60.48616736931703,0.10091694022269337,0.0009493283735223633,0.00017286205432012094,-117.03187810052933,10.86104290792892
1871000000.0,0.9898805074700785,0.0010365149061756964,-60.51185128273049,0.10362654287904291,0.00101508683480821,0.0001928590614752501,-118.44311486621108,5.797664225643872
1871125000.0,0.9894754993432544,0.001243597960293151,-60.76254593348117,0.06645509401039316,0.0010232363635552725,0.00011954058645867737,-121.66241530457872,6.9473055100414784
1871250000.0,0.9870058923586146,0.0010805671950046176,-60.51679176726395,0.0651742151456376,0.0009358569615393062,0.00013744327136590173,-116.75991856378117,8.43633097337344
1871375000.0,0.9843245399181503,0.0013518001432009706,-60.765147733966515,0.06273457725567591,0.0008811879802745199,0.00011784911834125902,-118.92785908921034,10.247373706037093
1871500000.0,0.9861863512017857,0.001312056358024242,-60.927206816108,0.09846631885598192,0.0009921291291271083,0.0001341521692814804,-118.59946764058184,8.567030803582265
1871625000.0,0.9842717746092446,0.0012091913325193106,-60.85182695660991,0.11210407788019983,0.0009526444635476271,0.00013732275659205,-114.54024768302787,5.706084166041427
1871750000.0,0.9809088933652083,0.0011359617078497517,-60.97723754763369,0.10240296024898066,0.0009396549250505393,0.0001551946147134757,-120.35391632310268,8.953907535407218
1871875000.0,0.9821913718330739,0.0016817612566504387,-61.11258157588311,0.0480572372417161,0.0010194636331800665,0.0001785638518544294,-120.42695289770923,8.942099643991657
1872000000.0,0.9804542538158098,0.0009150088967069091,-61.0295409657773,0.0520492151369112,0.00098004523162984,0.00011929801587492936,-118.830947123773,7.368726207246859
1872125000.0,0.983211418872742,0.0007689986325106818,-61.0626856432159,0.06741127185641252,0.001014114775413369,0.00012168727719796275,-122.39468061411668,5.588930320056283
1872250000.0,0.9821354210046485,0.0014172936485767845,-61.31612359097442,0.06689320491510062,0.0010080025643533018,0.00016188561918107245,-120.74887784648264,12.833316077694704
1872375000.0,0.9786143922637104,0.0014934121008917875,-61.39344073930502,0.11837451526877685,0.0010325055351334727,0.00012862101451516472,-117.26037567793412,5.3090902720534086
1872500000.0,0.9800736720254513,0.0009759809744644578,-61.45834825365852,0.07606938416827456,0.0010240490153366714,0.00012809130797184997,-114.89984065070948,5.366414468796151
1872625000.0,0.9782482146603793,0.0010155807729580416,-61.60148615290039,0.0848109729608803,0.0009895587999498969,0.0001346164264749891,-117.29386841391081,7.239931089540715
1872750000.0,0.9770800666309808,0.0013529095940798806,-61.593391571158236,0.07475614056041713,0.0010037017444636076,0.00020142023390352332,-118.54480853180426,9.384252650130538
1872875000.0,0.9779735928759656,0.0015067296750307898,-61.79434327472113,0.07981118992372703,0.0010505964912702749,0.00016950824750951008,-119.26413547213834,11.090021358750922
1873000000.0,0.9800499246487452,0.0012753990118942757,-61.79652167339443,0.09494165513220366,0.0010163363700577328,0.00010710138157934442,-118.69362770138443,9.266090413607017
1873125000.0,0.9771204718018112,0.0013977234325942614,-61.96408134146056,0.06908685174212376,0.0010006131312194973,0.00012826803010002687,-117.05018132567798,6.857038869605377
1873250000.0,0.9784393186654496,0.0015020797621582824,-62.10921007874469,0.04366685569119189,0.0009852941102762023,0.00017247924438048903,-114.41596122143545,8.681870772067024
1873375000.0,0.9785763461212196,0.0013591455799805232,-62.0630710792198,0.07772830176311352,0.0010722382483792747,0.00014261662890038644,-114.68724444140473,7.460894387580176
1873500000.0,0.9789488202638169,0.001559843937767483,-62.199776350887234,0.10164892421723834,0.0009945554548527146,0.00013845981715831626,-119.53492490225993,8.468005590010304
1873625000.0,0.9781557930662033,0.0016540243405907913,-62.31200508455647,0.048175233171047806,0.0011232446005708977,0.00013241579008430856,-112.61396972825165,6.591462131396928
1873750000.0,0.9787878501157568,0.0014134970617087346,-62.42911939625212,0.05931054620906477,0.000981092614470594,0.0001288525150338218,-117.02911716357791,6.133239191952794
1873875000.0,0.9784104525883306,0.0012023072626600323,-62.40638275368575,0.07205888301569296,0.001069888990217569,0.00015603316041699268,-114.75663855738765,8.6201221295088
1874000000.0,0.9812882946921929,0.0008234731254960432,-62.63905026140699,0.04275675607555662,0.0010578256644333563,0.00016331587575979528,-110.37624855911221,8.368306773650598
1874125000.0,0.9831122301368804,0.0022768684510287448,-62.719552984063334,0.054350157628606593,0.000998539315984398,0.00016163491559690205,-112.19681887678713,6.663853784687401
1874250000.0,0.9832240818306386,0.0017100656393818688,-62.69418850092536,0.05829012322622139,0.001080242222831553,0.00010390142094356044,-112.78321333364214,8.220174957075951
1874375000.0,0.9816500545963033,0.0014077291854523578,-62.90006627122034,0.0668528622967397,0.0010699334913341538,0.00017339035238248606,-114.25079586203354,4.080197834191738
1874500000.0,0.9825353344320881,0.0019586385274909975,-62.96660923297178,0.08832935222053967,0.0010462234418186127,8.77389354086827e-05,-116.05547540215035,6.267464345215182
1874625000.0,0.9857540378241223,0.0015959743226974387,-63.03465859979334,0.08326312637581744,0.0009989636184585598,0.00013494506643550163,-109.53663172746796,7.626755176031901
1874750000.0,0.9838797288194433,0.0017344348352282021,-63.03139047116797,0.07792938224329134,0.0009642638050891504,0.0001960199783772577,-111.69077641789414,6.139606814425877
1874875000.0,0.9881030777583699,0.001527891905629028,-63.09837163281161,0.05904665464720378,0.001032415948847957,0.00011117507568416166,-109.34376476719167,5.196239353314931
1875000000.0,0.9891808864616323,0.0014424610980714391,-63.15991180133529,0.05298680370644345,0.001003984427847745,0.0001324987333394962,-114.56679155975078,9.991101335989434
1875125000.0,0.9916945757738888,0.001199272536113865,-63.10375922713469,0.07138784662842687,0.001023972027331101,0.00012548870908937304,-109.15466886742672,10.055565268194302
1875250000.0,0.9924980609587778,0.0015645744659688724,-63.29978136057582,0.0518102523859593,0.0009639291372342531,0.00015499956848685412,-109.48890041447663,6.23864936098772
1875375000.0,0.9912698536725786,0.0014001014834016101,-63.28319068275882,0.0647794628193103,0.0010292915099329141,8.823702592813142e-05,-111.79661638637603,7.851762511774741
1875500000.0,0.9922346630460576,0.001383048585149583,-63.40878439184439,0.06997823373253535,0.0010632013551616342,0.0001502958760923795,-107.52345998238316,6.769925917014378
1875625000.0,0.9946734019166618,0.001993733197481132,-63.12507046775975,0.053542049383987454,0.000956115684421053,0.00010055878129353406,-108.34534018330822,6.720272282944745
1875750000.0,0.9961734001300567,0.0011290298138794564,-63.33154217817877,0.0488345221249006,0.0009723449722640269,0.0001545599230262588,-110.01564634574855,4.41794644378824
1875875000.0,0.9973038859898857,0.0010509839530937193,-63.4030925511956,0.050559248982234406,0.0009008293902095091,0.0001887596357339037,-109.56288390167775,4.42010501287275
1876000000.0,0.9986349092370523,0.0011150796119385297,-63.42528084348864,0.08961279919122714,0.00102991903204595,0.00016792765880840503,-112.49510259247727,3.954352798395301
1876125000.0,0.9999661112801896,0.0020030621334997324,-63.38242908523924,0.09250462350447172,0.0008921568911983793,0.00011315871172093711,-107.26700764774307,8.00011087312447
1876250000.0,1.0011772748927088,0.001214397477692674,-63.446065442327004,0.1062662783424687,0.0009956681919285333,0.00013664566617561366,-109.24312213794968,7.810814363714063
1876375000.0,1.0013673244831194,0.0010526534151433827,-63.41805495503876,0.04258302007334682,0.000973568353879049,0.00012296910664215882,-110.68424850191077,5.051695912080133
1876500000.0,1.003224461526626,0.001352260446187128,-63.300389552899944,0.08337143143453912,0.0009517057083868552,0.00017276222735608228,-109.5105038358007,11.20997104790735
1876625000.0,1.0066815010657588,0.000692249342957525,-63.38187776087858,0.0774457007782754,0.0009779715342950115,0.00014511162029601053,-108.77190857849571,13.131465389474855
1876750000.0,1.0046092380299145,0.0014682875778751871,-63.28521548606345,0.07525023687101,0.0008751585514503934,0.00011581619236210376,-108.2336314143144,7.015034556178045
1876875000.0,1.0048575705845348,0.0011889475393636489,-63.194784490494534,0.07020789693505355,0.0009602694463659956,0.00017029292738916262,-108.95102492277368,8.40515319688892
1877000000.0,1.0079207352108537,0.0010249130628409136,-63.40540520167681,0.05233164704215637,0.0009466005984673442,0.00014930640751727612,-106.8825897922047,8.152807596311936
1877125000.0,1.0068452859852246,0.0011544876543111,-63.16352980494213,0.06363841731886725,0.00090556509008722,8.617909224695297e-05,-113.08134850990625,7.6454537254062975
1877250000.0,1.0072919596858028,0.0011270851733466115,-63.351123232504236,0.057944678090043694,0.0008796035024174684,9.81892928669021e-05,-107.07895220647053,9.676920015245328
1877375000.0,1.0069206588513546,0.0006068167012110785,-63.16092948907389,0.08963105567602557,0.00085150061316422,0.00010392187781951205,-110.80086730841055,6.463070191315658
1877500000.0,1.0099865974327906,0.001292849694426508,-63.05733225110006,0.07845309251872207,0.0008957798699743191,7.504601759191916e-05,-105.30601100541227,8.777940354754302
1877625000.0,1.010366040680259,0.0014803572495769356,-63.132841086392425,0.07849327642763297,0.0009721822365426478,8.981432244749215e-05,-105.4688453787768,6.70733570799238
1877750000.0,1.011907591672484,0.0011235966256994416,-62.934793397878906,0.08866776745391364,0.0010089120712241302,0.00011344215218358048,-106.13348059356001,11.018889864366116
1877875000.0,1.011714870801047,0.0007394125251980306,-62.924170299230454,0.08080274020560371,0.0009028846812072326,0.00013332817822710454,-111.6795101108984,5.961542575352321
1878000000.0,1.0119595044555072,0.0011482382069551219,-62.863695278057044,0.05327539736846626,0.0007929646760041254,0.00010806448979660279,-108.32346103071465,10.69898569991609
1878125000.0,1.009913547340469,0.0009977993778752738,-62.81151266167195,0.07935405388613825,0.0009024073786057752,8.093273429521308e-05,-105.53232434990755,11.651647085256842
1878250000.0,1.0099043415121902,0.0008965634162306012,-62.76257088503688,0.07644347068969091,0.0009232923292729758,0.00019765422041937325,-104.309745114309,10.578683769409343
1878375000.0,1.0078422524421893,0.0007839999141916402,-62.8085398974017,0.06255540499043692,0.0009079174338518642,9.726114668864501e-05,-103.6742954035004,8.719437620028819
1878500000.0,1.0092046293648158,0.0008514151604899817,-62.75928967348977,0.07190145100899499,0.0009207964509215296,0.00016416320346280332,-107.4358321082884,7.1538678755081335
1878625000.0,1.007776482948688,0.0009365201673506204,-62.54694211674656,0.09081794244462008,0.0008988789761348288,0.00011448178222746572,-108.37095745114348,9.946477281453369
1878750000.0,1.008860283004453,0.0008534453234860925,-62.60692040769091,0.12801955825814745,0.0008169424665086662,0.00010681306744870519,-104.38688723675699,12.039296694712514
1878875000.0,1.0078030737781332,0.0005614725262746958,-62.62303634376502,0.08233527505769525,0.0008464119386899968,0.00018817680722272128,-106.96798886627872,10.991059110928637
1879000000.0,1.005440461740459,0.000668815176436801,-62.57631615094519,0.06971261594817432,0.0008123435884426467,0.00012689305113721474,-110.0939828214242,5.095827439887714
1879125000.0,1.0054139410533074,0.0010311126252447252,-62.66481574949807,0.08071932785681285,0.0008297115089302532,0.00013168199448265148,-104.95566267300579,8.010176509663367
1879250000.0,1.0059977246541134,0.0012090659487647914,-62.50779332751132,0.05654055585879358,0.0008125357839696039,9.7992501739561e-05,-105.55877973196219,11.020423851651062
1879375000.0,1.0023969595485553,0.0010542063400899014,-62.49008532536747,0.05307786258602915,0.0008595508367971363,9.95314196758474e-05,-106.63485136985808,11.176591643831394
1879500000.0,1.0024115411420107,0.0009545842322533193,-62.46088840070407,0.06204072861767402,0.0008244479126807761,0.00010943578278876206,-109.09492995568648,9.010273888140642
1879625000.0,1.0012528663037423,0.0009708835070221891,-62.36343140663335,0.07326447923974001,0.0008092746406075885,0.0001379513818651895,-111.11667217923201,9.353978675178327
1879750000.0,0.9984241345719461,0.0010211638735941962,-62.348244774377406,0.0674656534192135,0.0008303743910848054,0.00010362881315176083,-110.50006098325947,8.95641959017472
1879875000.0,0.9996253904709276,0.0006514935443861203,-62.41176288530611,0.03981806327897512,0.0009273570512043843,0.00012132041116485521,-114.52499721742714,6.589936650806181
1880000000.0,0.9960026754875273,0.001605560594921815,-62.42269273680706,0.09254704071590708,0.0008651413990655028,0.00012975450418167866,-109.6714793469699,8.836272810792643
1880125000.0,0.9963121680355446,0.0004928725206661344,-62.325019280362454,0.07264045965949847,0.0007657354434911454,0.00012163480317980746,-112.49771426980044,7.8445418384093575
1880250000.0,0.9937933929571107,0.0011304327690172197,-62.496191968383236,0.11120707592312361,0.0008452030730666879,0.00011142050342307269,-111.27430375331332,3.9114078350987107
1880375000.0,0.9918286337430969,0.00111480676577693,-62.5040426442619,0.07343286652667355,0.0008208086926028069,9.146099447644806e-05,-113.5133586806338,13.679005418053702
1880500000.0,0.9906715978959804,0.0016227451661464567,-62.50066547121172,0.09218937837660578,0.0007540527115432225,0.00013349459449930165,-113.62292794921535,8.381744078822726
1880625000.0,0.9882541975808175,0.0008767208511662912,-62.464932195265355,0.07619641738887832,0.0008365043683882726,0.00021748697891642857,-111.52834414055869,6.397274469219907
1880750000.0,0.9885495326023913,0.0012513275505969367,-62.569196358742445,0.10856462779269482,0.0008498601196968123,0.0001050795398344495,-119.82494222162525,7.596325997161191
1880875000.0,0.9853427718564272,0.001199524793786033,-62.70292382514141,0.05903959005308092,0.0008237324930259107,0.00013019160582931777,-116.30614013233952,10.8525391163996
1881000000.0,0.9812307945447922,0.0013517187190547127,-62.66444055965402,0.10576388687139918,0.0008340828902758119,0.0001062926963781569,-119.26482847750015,8.596247404229857
1881125000.0,0.9829564616233961,0.0014509647964556865,-62.625810906733605,0.09871787367780915,0.0008220632582666945,0.00011340882235982274,-118.19443195134293,10.883263846625836
1881250000.0,0.9811476921246641,0.0014676441702113168,-62.667135670881265,0.0702262689268277,0.0008434095351970399,0.00010306107733991835,-114.79087439060622,6.807423187549201
1881375000.0,0.9786565500889007,0.0007981276720187145,-62.701865612450995,0.09370497837654806,0.0008186276405906747,0.00013088286335776752,-117.42007248767572,6.088113672686249
1881500000.0,0.9780048314519173,0.0015010704509530793,-62.95966370422707,0.09450561133234762,0.0008415205495381894,8.819582499625492e-05,-118.16455745647241,12.715822538268663
1881625000.0,0.9773801566700382,0.0011889713968192134,-63.12185274075383,0.11664972391575461,0.0008206705659758064,0.00012132561330060158,-117.18768417807541,9.385581686785896
1881750000.0,0.9738665653189317,0.0015267366513429079,-63.135520464164856,0.10370307336464367,0.0008144537489956779,0.0001300788052366158,-122.5432165103492,9.996595569513081
1881875000.0,0.9751112635948456,0.001684871213809116,-63.07467710571854,0.11217300258315847,0.000789828618875906,0.00011034791229294874,-121.31366838909454,5.865096297941771
1882000000.0,0.9744812259169591,0.0013539114096237973,-63.35553454576072,0.10107244497350361,0.0008129096022061807,8.600966678564608e-05,-117.39902940065697,9.024420578466096
1882125000.0,0.9731199250894983,0.0006994635688442601,-63.39742788647918,0.11794336880882458,0.0008109916992289084,0.00015849347331181997,-118.23804227950724,10.377773571173934
1882250000.0,0.9719356890786615,0.0014056417810654448,-63.63015117343894,0.12801981560568948,0.0008533557613570543,0.00011082672879044664,-120.55833358298305,6.071099095685058
1882375000.0,0.971198935036198,0.00127808381333261,-63.63687924968766,0.08059208810111891,0.0007845399334936183,0.00013754217137095035,-120.136483725842,6.049515077505565
1882500000.0,0.9703399006760817,0.0011834274334843156,-63.79710612005789,0.08669361464031579,0.0008561776543443174,0.00013825026823844204,-120.82742564158521,7.2184961372745455
1882625000.0,0.9702588554710633,0.0015430526249180306,-63.87546070679177,0.09825176527614232,0.0008499999470400814,0.00013757828494686037,-121.74497808592625,8.8012526825107
1882750000.0,0.9692060097072155,0.0013545998002153121,-63.97854723010426,0.0863601251802434,0.0009403783089054357,0.00011803439606936803,-118.13709534701103,11.809202722117716
1882875000.0,0.9671498897230155,0.0013486485038997403,-63.942457700568276,0.12234413165222899,0.0008688417424295647,0.000123284523497131,-118.7021641459203,7.855221429263974
1883000000.0,0.9688062940628925,0.0011336259093249073,-64.27180081033337,0.09137564452613882,0.0009045444343642787,0.00013626484461821137,-118.74963872813746,8.271131750832124
1883125000.0,0.9671123576193505,0.0012225512347496348,-64.35643834357472,0.08207932456777342,0.0009145906923393056,0.00013266246791128562,-121.99206248022209,8.96994909033644
1883250000.0,0.9676960962024436,0.0014789721768904847,-64.488327718958,0.09746664778272249,0.0008938406534354531,9.167012064620442e-05,-121.51259781614164,6.810212598093018
1883375000.0,0.9676470792066313,0.0012654485184310058,-64.5808403013482,0.11403144892962473,0.0008792353350719841,0.00013029770992615096,-126.34358680152238,9.447773563422686
1883500000.0,0.9692284722886148,0.0017812313397306298,-64.6950587642951,0.06347432821004666,0.0009185123888720572,0.00016561737986358079,-120.95213292338013,6.461885090296307
1883625000.0,0.9686957846556135,0.00144438969792239,-64.8661751867969,0.12224935387816036,0.000921741191424291,4.7225915548892894e-05,-122.75078835145669,7.757497216869849
1883750000.0,0.9686090692900102,0.0014497343343164793,-64.93940971574227,0.08559904815832343,0.0009201464160426846,0.0001169560860765176,-121.34424339749812,10.658277857598598
1883875000.0,0.9704618447204231,0.0019416913884998841,-65.05747621834469,0.08219555804185362,0.0008971089221428936,0.00021072462941457937,-121.54722409640196,11.215130811949141
1884000000.0,0.9692349593308461,0.001649199131159594,-65.33641135758651,0.06596860563370018,0.0008637184243031101,0.000192332506280659,-124.20346279295609,10.484152222839752
1884125000.0,0.9733669214647087,0.00165537706274073,-65.46492482668693,0.05665087854339252,0.0009481400250438412,0.0001606916161393388,-116.35567642780029,7.7830921277894936
1884250000.0,0.972933342961747,0.0015883954254843193,-65.50822778601231,0.06285508096096468,0.0009204731561145711,8.085152139651982e-05,-125.5098996881736,11.706680955070816
1884375000.0,0.9722674408062173,0.0015552452278503818,-65.5270198200903,0.10995809342275285,0.0008811021635484078,0.00013345455696145753,-122.23031439884565,12.935794442378606
1884500000.0,0.977488960935387,0.002059887333114888,-65.79334411177908,0.0549221879566507,0.0009563593099151448,0.00018572811627817545,-123.78920745334555,12.67013898417025
1884625000.0,0.9755100183879517,0.0018058486933572775,-65.87003040796831,0.09281427293535013,0.0009012963110435744,0.0001527785097159609,-121.6100635712273,7.52197457169232
1884750000.0,0.9774963708485055,0.0017055159415395836,-65.93273850139221,0.07391809505374895,0.0010178849796777586,0.00020391348802289817,-124.65734604321987,9.563706335299095
1884875000.0,0.978930901728411,0.0012700439529674085,-65.93060206583343,0.08644644116035748,0.0009833192958325389,0.0001320771148603267,-123.88946725866231,6.823150889428073
1885000000.0,0.9813536437352469,0.001715906885761141,-66.13344620400238,0.08826994641339954,0.0009749232124979933,0.00014532350258563892,-124.06575206636057,8.612506080443842
1885125000.0,0.9806088240966161,0.0019322646122657474,-66.05424798943464,0.07409711279050035,0.001013298499774597,0.0001659546958840865,-122.91443851806737,5.964396851206805
1885250000.0,0.9843667695893016,0.001304738791178341,-66.2576046661095,0.08829185648811615,0.000926513454244814,0.0001288542112362138,-118.96986768375415,6.211665850100397
1885375000.0,0.9851818006619207,0.0013608791055214917,-66.23775872660354,0.0840436976500862,0.0010278646705086396,0.00013750340128714352,-122.68117558312588,5.843354627536322
1885500000.0,0.9881563534204172,0.0010197332169033014,-66.32558470175071,0.05625803357619864,0.0009232085137904183,8.292573918565864e-05,-124.67628447432156,7.963235639688493
1885625000.0,0.9892832556339222,0.00183251993683155,-66.37477260888598,0.08972807761752931,0.0009276645533018942,0.00011921548172782242,-124.20213933801948,11.063865816507242
1885750000.0,0.9889878120929604,0.0017217810489207315,-66.48445338745188,0.09948332610514615,0.0009915327187588652,8.892771983290327e-05,-126.33247713835014,6.9540419470405155
1885875000.0,0.9925379865978925,0.0014700273334605587,-66.50380167100016,0.07422114928867443,0.0009817946258801333,0.00011506367685525943,-127.00530173837973,5.859656805379519
1886000000.0,0.9916770445495807,0.0007865385118456568,-66.38317065500254,0.08791216562771252,0.0009547485769207531,0.00014408840335735314,-123.35021482443858,6.184641408002839
1886125000.0,0.9938738026089007,0.0013560193778801325,-66.44602175154526,0.053447969521315614,0.001061707893670036,0.00017190923034912024,-121.98955797335827,7.946748522432984
1886250000.0,0.9966616810858412,0.002251222390358449,-66.35075347850648,0.11383703462273448,0.0010724979889132115,0.00016963310957288788,-123.99715893483835,9.147688822817509
1886375000.0,0.9973784732676749,0.0011701003765298922,-66.4461763152236,0.050848863515789926,0.0010478740275939162,0.0001557141939735085,-121.33879227803803,10.278031998453377
1886500000.0,1.0006099595185507,0.000939076844399842,-66.45080633782806,0.05908789634466244,0.0009229353463037144,0.00017910942779159996,-119.17952458597682,8.145780961931088
1886625000.0,1.0024960457943939,0.0013648284795641414,-66.42619218351298,0.0851619537402591,0.0010163931109598567,0.00012203387512455948,-127.74630277368853,9.163460788343889
1886750000.0,1.0010046804816408,0.0012756183350353108,-66.39312148932915,0.06939811143649596,0.0010402944722218137,6.8389175543164e-05,-122.66664788892693,9.068290578161138
1886875000.0,1.002552311446666,0.0008388236888150263,-66.32604093995849,0.07050106204570247,0.0010735141114186777,0.00015087597200616872,-121.80182817436621,7.862245847910493
1887000000.0,1.0046423823784025,0.0012381946633366432,-66.32543766233977,0.054368256502736294,0.0009996444267721268,0.00013032168549178763,-123.15230779916757,8.05308601211127
1887125000.0,1.008133536971773,0.001065169187644554,-66.34457558950226,0.05031534994595399,0.001017148327754473,0.00012070932906302426,-114.89514311842785,7.882288158395412
1887250000.0,1.0050502608223344,0.0015040588005258769,-66.26254066859761,0.06851031585149081,0.001093864573962084,0.00010451118377082419,-123.81767816063358,5.01810131850755
1887375000.0,1.009642727158429,0.0007957030570808148,-66.25306487823507,0.09665255981277339,0.0009013168029892591,0.0001717459120397599,-123.10555546981466,6.109840371801487
1887500000.0,1.0080330386856533,0.001205483238994197,-65.9983191863274,0.08430637745672849,0.0009914174008722049,0.00020487624497373037,-123.36830458535552,4.56305878460078
1887625000.0,1.009043400596854,0.0016103045290113463,-66.0729215296681,0.08083964394139859,0.0010286047636019618,9.20209346839475e-05,-122.23905591763851,5.081418011085001
1887750000.0,1.0085075313867138,0.0009190420737522767,-66.08577875328456,0.07672781721756057,0.001080228891279191,0.0001450523600783806,-122.12571826480865,8.049339217614625
1887875000.0,1.0100461073826732,0.0008025268586676383,-66.07039842657817,0.05332194453063377,0.0010046939156149026,9.405154047604937e-05,-121.30745138186815,6.000999714400921
1888000000.0,1.010569022577197,0.0013690589980843966,-65.94857454807968,0.08558655335776146,0.0010170084598519692,0.00012274958542757462,-115.87143262208238,7.74135113315382
1888125000.0,1.0096676490237517,0.0009002986092527858,-65.87817797474146,0.0720197376649195,0.0010657673581596213,0.00017171995243548554,-120.44956557194745,8.325166180688875
1888250000.0,1.0122952957286921,0.001383985197130837,-65.96825625154773,0.05877754592798928,0.0010482963908417236,7.433540764397709e-05,-121.56229088072392,4.855220666477977
1888375000.0,1.0101614198646467,0.001354663393418806,-65.90944237129456,0.04809223437080434,0.0010112612695747235,0.0002056936607545066,-121.43187717284071,5.953195539213079
1888500000.0,1.009721492353638,0.0008579763708560884,-65.82964521083382,0.05136453857470465,0.0009442682627935374,0.00016809647497764455,-122.41427031380952,8.730378166101538
1888625000.0,1.0079282577578137,0.0008298607994113839,-65.8039769970293,0.07312231067395704,0.0010081378272304017,0.0001362519343537946,-117.15745101866688,6.952739896463979
1888750000.0,1.0109348567910672,0.0009274159049636445,-65.53068454560338,0.07305679272324272,0.0010463958519632032,8.78246460398634e-05,-118.57284687794056,8.953910624854524
1888875000.0,1.0115730608595663,0.0014077723984722032,-65.71618347296851,0.07412023392057689,0.000958978045900107,0.00016212060342896608,-115.80715120327264,4.91294105737776
1889000000.0,1.008752273647104,0.0007884947257552396,-65.54661132324989,0.11384459771713022,0.000981497562105851,0.00016190938666936486,-121.22863508665479,7.709927946024903
1889125000.0,1.007611431953877,0.0016211087732595668,-65.48550389561629,0.07127408560200779,0.0009336380654743468,0.00015025677514318435,-117.40888899002623,7.220613187655704
1889250000.0,1.0067574391986547,0.001355779592805193,-65.33925852338153,0.0704871595478225,0.0009551669375338823,0.0001501394715740775,-119.57983176052855,6.389600177873559
1889375000.0,1.0081076829320867,0.0009962172217977661,-65.2495034871095,0.07349663556626666,0.0010367106582981943,0.00013655511119571554,-118.95753925133418,7.99388383326677
1889500000.0,1.0071453443832992,0.0010997246385163436,-65.53063892651502,0.08195269945992183,0.0010689671864682674,0.0001419379731764043,-122.37361983146059,9.344049158954427
1889625000.0,1.0055155932134383,0.0006419265386473598,-65.25608464655724,0.0831727333792043,0.0010005120629765132,0.00010810896199032522,-117.66915730566907,7.982766334691781
1889750000.0,1.002873987095518,0.0010154115724064557,-65.31993865915582,0.09095519861087778,0.0009527600770372555,7.564863775146728e-05,-116.99298900812005,8.062664273532816
1889875000.0,1.0020265022117762,0.0009199567988939896,-65.20017329659072,0.07595545617329236,0.0009579920172083822,8.382521406764487e-05,-120.79287563221973,6.566464081529228
1890000000.0,1.0009681814890539,0.0009677541684193073,-65.22391401046693,0.06386579327990613,0.0009682741297314449,0.0001090598443731866,-115.3092134837873,6.367120281499508
1890125000.0,1.0016374864819448,0.0005380247433658093,-65.25294590589398,0.06513696453420952,0.0009583504604714372,9.733410507508692e-05,-122.06308172618301,5.326263392726322
1890250000.0,1.0003630037737397,0.0012864555206350363,-65.25328413148138,0.05867492529002628,0.0009649383826466132,9.89196995818532e-05,-119.85188174583274,8.07691160464932
1890375000.0,0.9949978417401921,0.0009638536858390032,-65.16113815972369,0.0474581729647282,0.0009794494608873962,0.00012602931557931325,-119.83715953670888,8.104276102076389
1890500000.0,0.9967488856789144,0.0014403289661852315,-65.2123509522047,0.06954305481568802,0.0009503822197487881,0.00025404086366213365,-120.32277425004925,7.392273009127991
1890625000.0,0.9930181505231152,0.0009652672528529387,-65.22990742836797,0.10092234311758319,0.0009120707025550854,0.00013436078513914495,-116.54685721671012,9.538049521574647
1890750000.0,0.9942123014521681,0.0008203206695821185,-65.30673252910466,0.04645002887460536,0.0008542469190438448,0.00014105174935655684,-118.87571616830652,5.956111206556387
1890875000.0,0.992349908969364,0.0011644998965141418,-65.16232970860361,0.08703085471651156,0.000950428457281382,0.00012470159704873224,-116.53171013735876,10.94579999187454
1891000000.0,0.9876866317797648,0.0008624073268951433,-65.50475184408555,0.06461636936848426,0.0009500657769152876,8.610274382549429e-05,-112.91272657359488,7.402046653008335
1891125000.0,0.9863875048281283,0.0012224749335664452,-65.41369919698465,0.08026144210345663,0.0008972903300200597,0.00012469531880119765,-118.248065654064,8.930504301620768
1891250000.0,0.9896554585736881,0.0011003972419970278,-65.44614102944205,0.08521640621234161,0.000973778900529557,0.00014849731394187018,-118.8979471633723,6.633159935481151
1891375000.0,0.9864530865975278,0.0012079622310990992,-65.45776964890828,0.0887981770439573,0.0008435743638148272,0.00012113052974824549,-118.43273640208109,10.225819023920687
1891500000.0,0.982966175185436,0.0008656543610557829,-65.62868076240687,0.039967388823381675,0.0008791445873708891,0.00010990706296240034,-117.75617367637261,5.336359155054517
1891625000.0,0.9828397970510613,0.0018715738278110834,-65.56868797255547,0.08535687605818465,0.0008285546266140042,0.00014226385288576963,-111.92669441619601,7.014372958866293
1891750000.0,0.9818912666155402,0.0012152775256496808,-65.60979224336863,0.06963264693536923,0.0009463474111812882,0.00014131422327308925,-120.05272463084431,9.5021968130258
1891875000.0,0.9808856042817055,0.0012840739641487187,-65.66448151803819,0.08945152306320132,0.0009420236923315809,0.00017621551548662834,-114.15186946930524,9.166730699939308
1892000000.0,0.9794196189042904,0.0013555162189623202,-65.73968839560396,0.08699872991059986,0.000919365479071985,0.00019361819406653536,-116.20991916111177,6.634563701898635
1892125000.0,0.9791837857269576,0.0020902701512918497,-65.97356059440008,0.06923257451639767,0.0008192509604128274,9.420895909342506e-05,-117.01443079949048,8.824769537368722
1892250000.0,0.9791626993425717,0.0011109315798782777,-66.06957046140919,0.06892144993107473,0.0008280244373515271,0.0001233410988625212,-117.4344263514929,12.121040872509575
1892375000.0,0.9787615449930096,0.0011496555393892952,-66.10452014075304,0.06114064539777684,0.0008715157305026627,9.379409579280764e-05,-123.7220387940249,10.924758859773798
1892500000.0,0.9755658803952829,0.001440375360664121,-66.09343039658931,0.08489870758552089,0.0008352913451095882,0.00013041137062259482,-108.62481268668199,9.780496376976773
1892625000.0,0.9765820471777998,0.001735292802669463,-66.3882989151237,0.0759763056264272,0.0008301757008031992,0.0001116663540033959,-119.54274589928905,9.91425593995478
1892750000.0,0.9751877898419804,0.0010805516000435516,-66.42938817070822,0.055025709800043905,0.0008455615769417316,0.00010977804181573087,-117.11422527305366,7.323377986628738
1892875000.0,0.9734221501260698,0.0013080869410566842,-66.35781917545896,0.06729562736750992,0.000813877659878427,0.0001687480682717197,-120.04482698538382,8.44120288434316
1893000000.0,0.9743521877305727,0.0011211634980433083,-66.61615731597533,0.08653763805030425,0.0009060776912960908,0.00011075214793084353,-124.99027171005744,7.535044183271842
1893125000.0,0.971784126955378,0.0014526083478318668,-66.64998987887994,0.06838750236612977,0.0008215853590627681,0.00012680751414907677,-119.86338634933296,14.884599648209651
1893250000.0,0.9739305206131454,0.0012311989079615304,-66.90697560401965,0.06217420303829466,0.0007122693518144731,0.0001878503489088166,-121.24629218883894,8.455265338961071
1893375000.0,0.9740205647515313,0.002090162567451035,-67.01011654475029,0.08529213462572664,0.0008095695274406126,0.00017028844305445857,-116.33485269513989,9.54358207345073
1893500000.0,0.9734094106497606,0.0012023789903643728,-67.00290418820795,0.09347215077940568,0.0008131846305204587,0.00010733914054772515,-116.8684374098478,6.14407208138147
1893625000.0,0.9770445569551728,0.0013771545183475463,-67.22108518961956,0.06879330482523674,0.0008744212796691068,0.00012833748425242455,-123.54009271647884,7.589237971976419
1893750000.0,0.974558224062686,0.0017377066617815322,-67.3556385911343,0.08552441099367106,0.0007682918708919154,0.0001833009830871425,-114.99376019356552,13.06220167003093
1893875000.0,0.975172890463506,0.0020576292748001944,-67.20882809583027,0.08227520638168982,0.0007999268856358511,0.0001420547318498119,-115.56733592757023,13.66042357318209
1894000000.0,0.9773678631331174,0.0013116852477795626,-67.58357129257267,0.07725072121701601,0.0008478694538627021,0.00014466140199396622,-117.56976963173933,8.235724650145814
1894125000.0,0.9759208119203164,0.0011587779623780281,-67.68503439212768,0.08173705719788575,0.0008533744665750742,0.0001082270773937131,-119.35551746219734,6.059013301028208
1894250000.0,0.9768676017745221,0.0008234430170779806,-67.74674234692131,0.05433814542855291,0.0008305126758179892,0.00017660358426595764,-111.49600588229924,10.195257036500598
1894375000.0,0.9765808534229877,0.0011793896374861167,-67.72339338342907,0.07048391505369092,0.0008811498382223866,0.0001508348543440913,-115.77308311209052,7.742940882472022
1894500000.0,0.978867879645439,0.0010991757879561278,-67.90823838393517,0.054431377218207413,0.0007649277954927639,0.00011907298677952181,-116.40179793945354,10.655822376162883
1894625000.0,0.9780692990299124,0.0014475970962651795,-67.94128803008071,0.09961428321733289,0.0007911013216746202,0.00011684925737152418,-119.1812057659566,6.964390391865622
1894750000.0,0.9778680423960555,0.0010362962808307791,-67.92631285479241,0.06503829038945069,0.0008007935262050464,0.0001329754592751058,-122.65219975697285,10.8661356110317
1894875000.0,0.9799734942160714,0.0014545659222223882,-67.98990953277051,0.04514268857034425,0.00083698676163815,0.00020190044320386613,-116.73241656397849,12.547882743131668
1895000000.0,0.9824135376017027,0.0016705795318793324,-68.14186808038427,0.0644262839936905,0.0007535784462428701,0.00013179565710184799,-120.46595725065097,9.897605634052935
1895125000.0,0.9863776688345296,0.001161000237289451,-68.23329595874735,0.07918296081239858,0.0007517331830087732,0.00015445296316093267,-120.07523543284822,11.959626571644286
1895250000.0,0.9834340374132196,0.0014796683564886424,-68.43422042042477,0.07187953419571251,0.0007047411818452529,9.410336546859704e-05,-116.29925617878065,11.691632758321067
1895375000.0,0.9855249793053241,0.001941325726213543,-68.34317799955315,0.07216312079906838,0.0007457796204520279,8.365191687848246e-05,-107.61442890648163,11.96983121377722
1895500000.0,0.9872867802896631,0.0014493821944744462,-68.47354788198137,0.06263161537378507,0.0007664029480536872,0.00010344647201360768,-117.95366995198452,11.46029474979773
1895625000.0,0.9916494162853275,0.0017735371085932548,-68.37160770523118,0.08669093472881734,0.0007666538701594826,0.00011901463100754851,-119.16009449551893,10.385695113711813
1895750000.0,0.9902751644780056,0.0011285043555774284,-68.54961852884121,0.09335107577065554,0.000730477478581634,0.00011802878132785798,-122.94563043632608,10.350109106252551
1895875000.0,0.9899618590356883,0.001154011015104124,-68.52639287851228,0.07141527109165147,0.0007717397346686279,0.00012836657726905985,-120.63501183754612,12.240568765190062
1896000000.0,0.9924954619605478,0.0007738759973721595,-68.41207108334217,0.06971320300686609,0.0007561843390794028,0.00017716058740764267,-124.24690435618912,4.673899384894145
1896125000.0,0.9956849695636651,0.0012943003021439045,-68.56637040059378,0.07693263604905377,0.0006318194678922717,0.00012482893198653786,-117.18946511308437,11.038554144090677
1896250000.0,0.9950469179965774,0.0013458848109974043,-68.53351749708366,0.06509819310226758,0.0007015385290365923,0.00017183536572281145,-122.71682495667757,8.772362230327335
1896375000.0,0.9981393854586422,0.0009387901289425678,-68.46465769868371,0.06122222380611873,0.000730893784918872,0.0001550091110302966,-115.84036876209115,10.939281325063826
1896500000.0,0.9972548778227603,0.0011138653682266036,-68.54620656252564,0.057929782138472545,0.0006848454360631044,0.00013679919385309284,-113.66529697915279,9.095879286236496
1896625000.0,0.997212277686865,0.0011186419556207495,-68.60564265251023,0.09839182256933254,0.00071220923776581,0.00014581315340113704,-117.2201446277186,10.999690379219484
1896750000.0,0.9990354308317791,0.0010289533851854452,-68.60630631840584,0.04836103698201268,0.0006517195029481811,0.00010259130690396018,-117.49808086574645,10.25568319257915
1896875000.0,1.0001238616985755,0.0008683069022090608,-68.61918517991424,0.07678102884819497,0.0006404809573589619,0.00012542042330638084,-120.17765133012387,12.938986227869712
1897000000.0,0.9994015097044157,0.0005939846004091499,-68.49142508701526,0.05599125292013244,0.0006889554113692104,0.0001064603129920978,-117.89479921262033,14.332305843641688
1897125000.0,1.0002112822904692,0.000526910024116873,-68.55344971279278,0.08758423414226715,0.0006527286368602719,0.00016931707950990427,-110.8670565323382,9.085443330424285
1897250000.0,0.999571210149464,0.0007913720055735032,-68.52318712396571,0.0830295880259395,0.0006367047873838464,0.00012804657638265456,-119.56056713453881,10.342669527995874
1897375000.0,1.001374912911707,0.0008101064409132972,-68.52903009060438,0.043601243081551326,0.000719476731992735,0.00012560890822069557,-122.78150896133907,12.726114420002482
1897500000.0,1.003214885967206,0.0011313940978097089,-68.39153222443352,0.10097685614656857,0.0006987064416463399,0.0001541555337821028,-114.67571333391305,10.356211294502124
1897625000.0,1.003309549258215,0.0010499849093171365,-68.3908343131081,0.059749437279985086,0.0006937640699624101,0.00016539112420101677,-118.8686823084366,12.032914130562077
1897750000.0,1.0045018834789268,0.0011256331692277779,-68.28714682909389,0.057844363564878605,0.0006135866082797256,7.891626350649893e-05,-116.90918962305079,17.02832380182924
1897875000.0,1.0043883673099088,0.0009133399648142144,-68.38901079275729,0.06510224763446709,0.0006352569707906072,0.00013225705525976727,-127.8184679432743,16.307732917865987
1898000000.0,1.0053549825085801,0.0006932719648568579,-68.26379553824066,0.05121791240921251,0.0006485893385071872,0.00012333511569380618,-129.99358993273634,10.576356780587249
1898125000.0,1.0013621160272275,0.00152943473551342,-68.23190757976661,0.07436553793510339,0.0006907295454677859,0.00010391424357815158,-122.69176565390659,10.211985280269722
1898250000.0,1.0043680623723592,0.0007079319665981057,-68.14417828508668,0.08784459900026044,0.0006297078315865702,0.00013377710728307263,-124.74727917752708,7.635325741049584
1898375000.0,1.0027157165016483,0.0013384850968680478,-68.30761177014156,0.07169043903629176,0.0007153453573109763,0.00011432741825646354,-122.79457453169493,8.540517865730228
1898500000.0,1.002960713522942,0.0009470365309018111,-68.2652885922084,0.04720219187842173,0.0006438829445873575,9.768186806932253e-05,-115.06293724373214,14.374424705389517
1898625000.0,1.0041044026737642,0.0006659263240816626,-68.22519355358851,0.07684748482977255,0.0005987481398505425,0.0001217750045641253,-114.4286150377622,10.8213428388912
1898750000.0,1.0025601749526252,0.0011997901954175052,-68.23279133811647,0.07542312566805964,0.0006774965524150417,0.0002119838153345506,-123.84690952955476,14.351943198059232
1898875000.0,1.0015410992265554,0.001023953912236527,-68.07690787711216,0.08314258562002855,0.0006155805541613245,0.00013048109522752812,-120.25623291229391,13.879455874061014
1899000000.0,1.0006098365796245,0.0006045831684532239,-68.32275869153483,0.06144501947924175,0.0006603449751266326,0.00011177692670852873,-119.07732449280111,11.217140367173194
1899125000.0,0.9987261549031908,0.0012713194552586929,-68.1255498044679,0.07393377170748472,0.0006027377723052138,0.00010803738585252315,-124.60558270027816,17.257487503369873
1899250000.0,0.9979435252357266,0.0012486746212104136,-68.13394488693913,0.040583244334188834,0.0006021645229228277,0.00016567915915021233,-110.04417394486092,14.001371089380298
1899375000.0,0.9974912943457819,0.0011380503372762484,-68.15913475699429,0.10525766117942627,0.0005801915980166019,0.00011747864722460153,-118.53948847085063,16.57437746695452
1899500000.0,0.9957276051003422,0.001340330347001506,-68.11298666537814,0.07632847594686003,0.0005639360722184618,0.00018954237527980746,-118.74944329057696,17.986591969012135
1899625000.0,0.9947368992077937,0.0015284721064313476,-67.98786176769741,0.11923073161030052,0.0006115748697791071,0.0001529035437163797,-127.52845131701316,13.409582358456548
1899750000.0,0.9957003930494284,0.0006671247011036289,-68.20476245223956,0.0863952709018225,0.0006172505430862671,8.976614796426898e-05,-123.95400705016877,12.720026035682253
1899875000.0,0.9940087968663235,0.0009351615217095147,-68.18476452668737,0.028236506257293438,0.0005926616464869002,9.396572497224601e-05,-116.70045711720107,18.596807051989956
1900000000.0,0.991699154460977,0.0009201388365771916,-68.31442066284518,0.07112770334750729,0.0006027555205995356,0.00014405277078457913,-124.56724362443518,10.674498750990754
1900125000.0,0.9918171165933789,0.0012126297516111446,-68.37180381057979,0.08827164701166025,0.0005752128124766709,0.0001224613268582171,-116.09546679763984,11.84796512171566
1900250000.0,0.9884063894900771,0.0008037300715416512,-68.15436321570226,0.07790924216030518,0.0005882230315698644,9.110122198090198e-05,-125.66866279708934,13.065467992451849
1900375000.0,0.9877985921871172,0.0009784129828272947,-68.26974617148049,0.10912835054154438,0.0005749310645404494,0.0001301311591257552,-126.52340815797743,15.653111174260998
1900500000.0,0.9862130617034714,0.0011403592920699406,-68.33418402228429,0.06697830532034711,0.0006064693341811858,0.00013535470751442006,-126.20488268847078,8.687302052863433
1900625000.0,0.9879340895142652,0.0011830219534788387,-68.52868471151383,0.03983320125197757,0.0005462506415953039,0.00020458396435525094,-99.86803056063543,99.0623576043729
1900750000.0,0.9826631356987414,0.0013013480701989275,-68.45047783135324,0.11088058444000388,0.0005524149579574336,0.0001431086494754009,-121.964541134285,20.208503986367166
1900875000.0,0.981330291299228,0.0008449750805118132,-68.66974478084434,0.0782050234817005,0.0005658570032841261,0.0001970155128931992,-121.56567938394045,11.746208301760543
1901000000.0,0.9805616307105225,0.001234279836172197,-68.73421684400165,0.06447367923883766,0.0005564394465242939,0.0001283934289648777,-127.7849650256598,13.830121472953758
1901125000.0,0.9809777891975217,0.0011077028219809758,-68.76375857531146,0.07612653155376772,0.0006141149295617379,0.0001542734229076659,-119.58775539099108,13.993894580777534
1901250000.0,0.9800567026713466,0.0010072118203467118,-68.82858349416462,0.06227674876852812,0.0006252703026561203,0.0002144809363001877,-124.45812767570852,14.56608715113501
1901375000.0,0.9780679868148758,0.0009592372032007861,-68.99225821532443,0.07760334784200988,0.0005614200322896184,9.486500827273163e-05,-124.50735539325505,7.790160019828103
1901500000.0,0.9772000593171773,0.0008026431369834119,-68.9682376835871,0.077541969131799,0.0005045130750753178,0.0001552348127888721,-129.4972165288324,16.892156206071775
1901625000.0,0.976724133476602,0.0013291812104897142,-69.19540198024237,0.09693197146685237,0.0005131970267797036,0.0001561497581717532,-122.60156283626591,10.356038394578809
1901750000.0,0.9744776327399256,0.0009293770793538388,-69.21490518374723,0.0652901001208847,0.0004954485661856342,0.00014088515328300203,-120.44423613505232,21.22591723963872
1901875000.0,0.9739921191220389,0.0011453916140396613,-69.32694332902774,0.08990503037934021,0.0005330825797407867,0.00019990483188269607,-133.84760257672033,16.86379931575421
1902000000.0,0.9732881935873055,0.0009222778880328281,-69.61952121325785,0.058066512079525595,0.0005718765336197269,0.000153317676508249,-128.728250100587,12.852069650111419
1902125000.0,0.971372067723042,0.0012843251579925641,-69.61084873817694,0.09563624933095224,0.0006247687448601092,0.00012139054741335862,-125.70733067535156,14.529750798079833
1902250000.0,0.9725071909889575,0.0011262297149366575,-69.72840632373973,0.1104110181650318,0.000600566181399417,0.00011006096641556918,-127.60255667180886,13.625671355277753
1902375000.0,0.9733707362429502,0.001173510728542296,-69.87418310898266,0.07743663213771126,0.0005142221590516463,0.00010032239024405995,-125.58119391499528,15.893741374032954
1902500000.0,0.9753402470607365,0.001094989353610542,-70.12686410475023,0.07765708994140293,0.0005086142962737796,0.00012205485266614743,-124.62946328556737,10.82533275222212
1902625000.0,0.9740573463940962,0.001269011529819209,-70.2224049750737,0.06113905837801122,0.0006160940890672981,0.00015144817202768785,-135.6113283427202,15.059083238737015
1902750000.0,0.9724100278674029,0.0009765973492123741,-70.3220663237119,0.08286317053995504,0.000618861981512197,0.00020015766574754565,-129.03065417687554,14.586830320892584
1902875000.0,0.9731044964619511,0.0013909264140395457,-70.51192108330596,0.07177657145279204,0.0005263854040319675,8.265151659346028e-05,-127.19217686432974,15.197762804828255
1903000000.0,0.972427068684042,0.0012477560253922424,-70.71157816727968,0.08680776533928528,0.000560263990838464,0.00018547435888908057,-122.38006241620674,18.39854175273296
1903125000.0,0.9743592975515076,0.0018294868427671798,-70.61021793667571,0.04839525799591902,0.0005760874335692179,0.00010416224092664792,-127.2864998698046,12.787852190735764
1903250000.0,0.976301439258528,0.0013760208059507206,-70.77975135116769,0.08139693303294912,0.0005191444785840386,0.00011757270421991615,-126.7556520612713,12.232430363446076
1903375000.0,0.9734475220739967,0.0018986818151646222,-71.0059556416901,0.039162504442820954,0.0005820204675035635,0.00014265551654533482,-132.15673887927966,19.133701182354272
1903500000.0,0.9787503681051455,0.0009730181187931568,-71.09668867276051,0.09428862963807932,0.0005394044080595443,0.00011998990172415856,-131.02495372504143,20.483840140433
1903625000.0,0.9780377775783372,0.0010580091013403386,-71.1791177369323,0.06573154582040201,0.0005817445767271498,0.00013894540029840588,-134.24552831655467,19.368870742771843
1903750000.0,0.9762469655296058,0.0006723805569320494,-71.45124169623483,0.052591076014078954,0.0005002524086270965,0.00013172572600033213,-128.3892256874236,11.853743390061487
1903875000.0,0.9808355323410138,0.0014640097842920712,-71.52527711942201,0.06955686654304861,0.0005341792808732271,0.0001053186833378512,-125.66804538744029,16.160000420896335
1904000000.0,0.9827281020485337,0.0011186265815706327,-71.58735809603532,0.09561722119894792,0.0006742063248560599,0.00010967223810824325,-123.93782360859929,15.832641465989946
1904125000.0,0.9805960660129178,0.0011261977967652998,-71.53145073380288,0.04343055910828528,0.0006091181222352393,0.00020209934259164412,-124.48748036463928,11.773669441695096
1904250000.0,0.9830895634103569,0.0015629586159066568,-71.82085875735102,0.09719434102561263,0.0005870778560891538,0.00019262497151302692,-118.95131187598089,23.09816860212844
1904375000.0,0.9838208021897608,0.0016548160686089622,-71.86592191361268,0.04927115725489152,0.0005526549732770416,0.00013053108216300063,-130.57304323127528,15.226405162548092
1904500000.0,0.9881070434608841,0.0015807068846681624,-71.97691578780467,0.07664907545906317,0.0005514079956599533,6.956263622196909e-05,-129.91768756221379,20.538291192911064
1904625000.0,0.9868967167119596,0.0017624858087657862,-71.97949509940248,0.07218699895816424,0.0006323340643703215,0.00011656521412790836,-126.63288407417002,12.598060774024564
1904750000.0,0.9906281105443978,0.0010662302863845392,-72.07892532516958,0.08092950759165606,0.0005518989871410342,8.38912111214481e-05,-122.04495602042324,11.308954058403184
1904875000.0,0.9942684377518675,0.0015248334702162992,-72.09334737907773,0.08001059964384769,0.00046097033128649195,0.0001202293616707942,-129.6174063188763,13.089175045216466
1905000000.0,0.9924838018412352,0.0011216848171215798,-72.21337211313121,0.05739273827300575,0.0005749606181426153,0.00017959599461228427,-129.70890213295215,21.2077429387514
1905125000.0,0.9925460911069203,0.0010558575740915728,-72.27519412042324,0.08304357305876028,0.0005467626466246942,0.00011020649932345758,-131.12887299439018,16.870659340829057
1905250000.0,0.9952486209353701,0.0012899881561791338,-72.20744521137628,0.04265232003857746,0.0005713054884427589,0.00015301891283474588,-124.94806457536177,19.02750319221233
1905375000.0,0.9965599454243974,0.001057030579131832,-72.35210671282799,0.049280738382479296,0.0004985593088740421,0.00011108380784198205,-118.59961741962182,19.261210745720568
1905500000.0,1.0000972567386022,0.0013419377470560287,-72.33833642059275,0.05256387590376285,0.0005135591081078531,0.00013589395594486444,-121.87204242205493,14.722382153362481
1905625000.0,1.0020158013415965,0.001290155140597686,-72.27048233067958,0.061310523113104094,0.0004980209436414497,0.00014479358574094774,-120.51361909388999,18.250288247891433
1905750000.0,1.0019431004636858,0.0013790967346070644,-72.42783414814134,0.06688818379021244,0.0005593347611165427,9.357444772827242e-05,-127.78978298603099,16.29423331345827
1905875000.0,1.0043017543740553,0.001308389485290989,-72.41585996149638,0.059708832857190745,0.0004977182373690061,0.00015554987996660747,-117.78485606160004,11.069413670693015
1906000000.0,1.005630560154517,0.00112952688478839,-72.41512777092333,0.079871560097249,0.0005104299422518556,0.00015487001114921367,-117.07294305266578,19.205670385346412
1906125000.0,1.0067277231514382,0.0014956625508772761,-72.33241150868282,0.060024250438098316,0.0006196845356767225,0.00012449250463056514,-123.61377965515562,9.083936949317671
1906250000.0,1.008985877609383,0.000838381650065096,-72.36441244507797,0.0459529858277388,0.0005575253875570793,0.00012159445197773734,-122.15978319628756,20.304722582850236
1906375000.0,1.0102027316842959,0.001033954309649908,-72.2558416459785,0.05229987573271239,0.0005661296287146873,0.00012285676206754166,-123.16547445668681,13.517827849938108
1906500000.0,1.0117878940012326,0.000825690952508128,-72.16528711390029,0.055292576553068754,0.0004924415157375105,9.50361995618178e-05,-123.18889531210766,11.378332040461363
1906625000.0,1.0116365281512356,0.0008453015808775096,-72.27851597016206,0.04815219802027187,0.00047089753667353836,7.274379329969467e-05,-125.43325335801642,19.252297347572675
1906750000.0,1.0138412932995675,0.0012830953333693889,-72.21206778721819,0.08687695663655352,0.0005592709273240391,0.00011927132473185096,-117.53640676204084,13.88583585079607
1906875000.0,1.0133735844856568,0.0010106451000838406,-72.22345712212616,0.06881819369841295,0.000483536646778586,0.00011212708154577044,-113.05395335724177,16.740007426089306
1907000000.0,1.014299853692336,0.0008929901410365314,-72.10126096078928,0.04961612549129422,0.000558297280884523,0.00012736697025596253,-123.3260319571286,15.530654402683792
1907125000.0,1.0153134650021916,0.0012773684281208078,-72.1093469438384,0.08398128295422659,0.00042154288155702113,9.170988203648259e-05,-122.3403948854985,12.640661133156394
1907250000.0,1.0140942978827574,0.0008290414420820097,-71.96181646193575,0.04372448345681255,0.00048631076532191836,9.166615315195164e-05,-118.61843203723663,21.10427252773245
1907375000.0,1.015387729347346,0.0014577276618416575,-72.10481003240682,0.04379443632022471,0.000494976268934307,9.971360021182253e-05,-118.65024929181513,21.919220206639782
1907500000.0,1.0151664628734525,0.000676059069503075,-71.99815111037584,0.07044416917265486,0.0004826486136773516,0.00013308578875797575,-120.2964215881597,10.344638628030005
1907625000.0,1.0145303011562585,0.000802875329277477,-72.05867406387424,0.09538615977840306,0.0005143336995992392,0.0001615029576104043,-119.7646278026327,10.921995177950398
1907750000.0,1.0127048232286975,0.0010202248658120543,-72.1249623513692,0.08479702954046545,0.0004962045069197517,9.686172271814329e-05,-112.98654467359755,13.638560737648364
1907875000.0,1.011567021887128,0.0008283947190697007,-71.78902845950796,0.06998066520544247,0.00037921178266195804,0.00012096237147646379,-123.11372001006626,14.334443892748276
1908000000.0,1.0168131546510617,0.0009779583625375901,-71.85717004049494,0.05345244619794596,0.00046105743129909254,0.00012767012468570412,-119.50541598696695,15.328154333330415
1908125000.0,1.0158198486876826,0.001032445747888464,-71.6945157446608,0.08710322943157095,0.0003611692591785648,0.00014870042683238376,-131.21171226948718,21.212975411877974
1908250000.0,1.0130586700643776,0.0008044642238307826,-71.72124569231909,0.0754107902142336,0.0004334756323721857,9.901898142819892e-05,-112.38660900439456,14.636219190804118
1908375000.0,1.0110345572114001,0.0010857169832588847,-71.85954366439279,0.07222697858380914,0.00040363990756954124,0.00013708182154665785,-113.79999044268818,30.336112606520963
1908500000.0,1.012593233275068,0.0010998127649355868,-71.72926757120862,0.06566389558750413,0.0005146063331589991,0.00020254293138868696,-111.78633621255841,20.98202863502038
1908625000.0,1.008618711430523,0.0008371248980003186,-71.63711912637692,0.0653082512356811,0.0004228155477360576,0.00010888248256351387,-135.194600717153,16.160907074743783
1908750000.0,1.0059012268176575,0.000663883385228268,-71.79579417311226,0.053148154143213125,0.00036925524595832703,0.00011854833177168667,-124.83706625806659,28.705375490657985
1908875000.0,1.0054214867002416,0.0009570435856922073,-71.6585854875413,0.07230387175829596,0.00036467773457043073,8.74543970590013e-05,-128.67545722178806,16.391906303365683
1909000000.0,1.0051888174614467,0.0008066340913507024,-71.72975979927169,0.07196792928659762,0.00042580781121298865,0.00010754089098497581,-113.25467374249952,18.903616757811125
1909125000.0,1.0052376210473808,0.0014646982392654457,-71.52257254651356,0.08753769307448574,0.00046606117896408296,7.350363160793387e-05,-121.52362939889403,19.272094391762188
1909250000.0,1.0021569783307132,0.001452935015976449,-71.58733307333121,0.07146884942253681,0.00041090699844182634,0.00010758760961812211,-109.7755072059064,18.451858961063007
1909375000.0,1.0026327130636488,0.0010222688794529703,-71.58367883059444,0.06917634646332997,0.0003739023687247861,0.0001448239231968122,-124.95095953872016,17.170226830072643
1909500000.0,0.9984434332523278,0.0011227813890609185,-71.59865414324366,0.0716014700974313,0.00037237001564060753,0.00010037696443993274,-126.73925317377282,13.561955684714002
1909625000.0,0.9992960012525985,0.0008019628534153818,-71.75439291067067,0.06676360583788088,0.0003029826227803372,0.00010340646280787577,-82.60908041787586,92.20516333261806
1909750000.0,0.9970962847430889,0.0007540013708777847,-71.68615642058775,0.05775726161933615,0.00040342848523313156,7.90864712350571e-05,-109.45244392024341,21.896774025970494
1909875000.0,0.9947044364797123,0.001056883940999935,-71.69361739241751,0.06460284651693228,0.00036166863840101987,0.00013213595538867762,-134.3441166594575,20.60204860513298
1910000000.0,0.9912725597647156,0.001494746460431276,-71.78476521712786,0.062150443784990635,0.00031008707010271434,0.00015666121972756055,-102.76482884216712,103.02283072125108
1910125000.0,0.9909076937555725,0.001239267994606427,-71.88421095906814,0.05983216696111688,0.0003440669375557621,0.00010270698683423903,-123.8569079403367,24.087677666510647
1910250000.0,0.9890167331567973,0.0005746658126576493,-72.00204571784707,0.06930561269695089,0.0003567008107426387,0.00015532914922117272,-125.93471648400892,22.04289378253873
1910375000.0,0.9875162170875739,0.0010145745543005977,-72.04496113435013,0.09571905378020941,0.00029362807859213127,0.00018943615821796246,-120.3918400166564,33.678489928653775
1910500000.0,0.9864310766675807,0.0010847496820983432,-72.16215086708459,0.07941256533691596,0.00036714382181938447,0.00013073052847480262,-137.65543605009935,21.820476993012797
1910625000.0,0.9817517444147552,0.0004960268673091629,-72.34438897831218,0.08376988826183837,0.00030530461207398297,0.0001133916556154158,-106.84434488796934,93.55397513344639
1910750000.0,0.9823297392531087,0.0009485205610802796,-72.27898044663624,0.08874334751195603,0.00029010232800949276,0.00012915969843911468,-48.48338214531985,116.9114143295718
1910875000.0,0.979885352038971,0.0006728848428817273,-72.42471069058345,0.05861109465138203,0.00029738869685084856,0.00013870554488757894,-133.21651002503495,30.82338744430599
1911000000.0,0.9787338975924523,0.0007621320771539264,-72.53347305771081,0.04717941700389906,0.0002927315709024957,0.00012816605342766142,-117.6529780027601,41.67578227063041
1911125000.0,0.9772673666468209,0.0015826735523594559,-72.61007448373381,0.040630973733972967,0.0002489784152909368,0.00014419910532414585,-117.95806850384166,35.64602457111228
1911250000.0,0.9759568158532315,0.0008193843946466025,-72.84910753651174,0.07424310572057363,0.00029206807014543626,0.00014330094422392898,-136.37195730906586,20.906317896625715
1911375000.0,0.9764472950153421,0.001083759115713417,-72.95684649353747,0.09114374568547949,0.00028230114704001584,0.00013238472806309314,-1.5897283518421843,134.28776485579283
1911500000.0,0.9726368324483842,0.0007960162245676026,-73.21900641343152,0.0989933821713249,0.0002916425269643905,0.0001247863660327663,-76.58761510480468,132.46752740221163
1911625000.0,0.9743150105991616,0.0007570435111452278,-73.49384389967935,0.09800252987937484,0.0003486056874876307,0.00013449675974969204,-71.18337516025942,125.26645391259639
1911750000.0,0.9709067633267223,0.0010988147326102121,-73.42190834362756,0.07021795450454622,0.00032964124861132216,0.0001720529889811129,-74.63450426454733,131.12640498891233
1911875000.0,0.9711461581975682,0.0007677124458058402,-73.60884229843603,0.05661329256921615,0.00030190601556567847,0.00013272532756678396,-103.92688503756634,103.07208019684259
1912000000.0,0.9710369882017906,0.001169318018399299,-73.81432425677609,0.10564159975732601,0.00036503388998460534,0.00015265546356770754,-142.35544496663223,26.04082334725971
1912125000.0,0.9685002355536071,0.0017478376950553656,-73.89880425564729,0.06649353629295357,0.0003693778702780979,0.0001296226423061526,-84.25452511671341,134.8861565760156
1912250000.0,0.9679111530683304,0.0011651184203304973,-74.13845875311202,0.08412389694111674,0.00035696323717748513,0.00013308755865828697,-145.32812028276766,33.82544709987257
1912375000.0,0.9689685395724037,0.0010947433289892198,-74.29423303118506,0.09572697131040415,0.0003068916318238771,0.00016179660951330964,-73.97537365117448,124.52704969571961
1912500000.0,0.9685610136528798,0.001165414977390036,-74.59334891791391,0.08748507647163953,0.0003651344644789194,0.00014079580922790673,-105.28698914244069,98.40965164429373
1912625000.0,0.9705180333031374,0.0013690973090461096,-74.79734341343993,0.09527316758232354,0.00030386706276413594,0.00018054613500490788,-92.68822645563694,123.28194091840473
1912750000.0,0.9680695543611175,0.001331748530801549,-74.74972864612663,0.047560044924923175,0.0003338005119375025,8.650014644937425e-05,-139.5295701580167,33.28241153794082
1912875000.0,0.9691845696336127,0.0017804477781068583,-74.97842097845944,0.07034797931775953,0.00030018068735379605,6.59545628927795e-05,-142.7315655301033,30.89877736028054
1913000000.0,0.9716087294527818,0.0013656335117172404,-75.19870939603678,0.10980159586230015,0.00029511631739223,0.00010485202127689299,-118.36153787331955,98.37866605242237
1913125000.0,0.9720974092144469,0.001922717203576581,-75.34358865622417,0.07533187461373152,0.00034559806104348154,0.00012846082100355952,-140.85885407654965,22.784272805403152
1913250000.0,0.9718839442825965,0.0017845099589044288,-75.52570909907121,0.09198522290391307,0.00040463313330336216,0.00020112521204670856,-88.69021217118609,118.33630910992476
1913375000.0,0.9713326784380666,0.0011682340700598778,-75.70283586672114,0.05555751129736023,0.0003365665495963698,0.0001606447059601223,-56.4998466407007,154.22843582455573
1913500000.0,0.9706201016528451,0.001091790055793813,-75.85793805287723,0.08071607948601113,0.00034303606976457347,0.00012839302977177093,-115.43820513388326,105.15180357751727
1913625000.0,0.9734087048038497,0.0017147745742783782,-76.0044926294397,0.04185884486979622,0.00034811278992281046,0.00014631903378945028,-91.68301690144709,132.9732030678612
1913750000.0,0.9742048353794943,0.0013970233560233437,-76.20293752028617,0.08461148024065175,0.00030426874776551586,0.00013512219185301625,-155.6992552678942,15.964555850958156
1913875000.0,0.978183556561497,0.0014481181137739642,-76.36193666984516,0.08895786593073124,0.00031476887722427693,0.0001139055112256753,-79.34122839157013,135.36768811288448
1914000000.0,0.9766473920062769,0.001425313723061514,-76.46636528633593,0.0747606728237479,0.00030983114051126137,0.000118048520924825,-52.99345687208046,140.93328521302934
1914125000.0,0.9766809775726358,0.001040827435968396,-76.65851108766482,0.044210032822864564,0.0003243196065460697,0.00011757504835482775,-115.66326353939131,99.34362711702127
1914250000.0,0.9805158512071643,0.0013627352815472928,-76.83858279784948,0.08056422326668015,0.00033873721862700884,8.461015500976038e-05,-58.156563254476886,154.50127204628214
1914375000.0,0.9809082683279351,0.0018967844498666644,-76.9758147918779,0.06294112216362405,0.0003223749231341446,0.00011143625162268822,9.149558953959762,161.292890052624
1914500000.0,0.9827334275871172,0.0016525210695115381,-76.98354766779582,0.08664699133142634,0.0003763291905394212,0.00015097010157694558,-55.0595630715659,155.0341832482507
1914625000.0,0.9847947980928285,0.0014769164957148904,-77.19778237619549,0.046258180731981936,0.00024407764502901372,0.0002015031719416492,-13.948931585932042,130.1156796353438
1914750000.0,0.9848953900742122,0.001399751432951959,-77.08909638623929,0.11188005039740778,0.0003062351724799125,0.00014530839132547837,-145.9359789949947,19.420624388559222
1914875000.0,0.9874884588503748,0.0020560151548295225,-77.53457567139364,0.06259204058584938,0.00039048283970632134,0.00015422029773827246,-106.86698317705199,102.43958333003054
1915000000.0,0.987752953269089,0.001116806985228533,-77.41551180498517,0.07490245254796177,0.0002864024113086732,0.00010160340403873961,-81.59695471625453,128.40230368163913
1915125000.0,0.9894747447882217,0.0014878714500760211,-77.55781277844572,0.06302200923886302,0.0002615747623120754,0.00012861528399253815,63.16877997676616,155.68043502645546
1915250000.0,0.9918639490667079,0.0014269630845824622,-77.63680794836984,0.09231819060030072,0.00026695362911436347,0.0001256384668736783,-52.5841648256172,150.94583793818126
1915375000.0,0.9935532147956425,0.0013707070505506467,-77.70993390883245,0.08021174091518923,0.0003020306501875001,0.00017494138794688693,-57.38919104408205,157.42784536770512
1915500000.0,0.9929379038920199,0.0010787869105269826,-77.90749621090491,0.024182363830389502,0.000368300254164008,0.00014771532009043336,-51.756465188476824,147.77732977033295
1915625000.0,0.9960583810139411,0.0015770756468711734,-77.87125177288722,0.0940552156071444,0.0002522637224187636,0.00013644289022212347,-29.744098483818874,152.45806041729512
1915750000.0,0.9987415585303249,0.0008300838708349791,-77.99751795810718,0.03176890225963957,0.0003365244801744602,0.00016850216875617717,-142.77824116120976,31.644133733477528
1915875000.0,1.0016587642336257,0.001426431966159012,-78.00884140206011,0.07533326459283658,0.0003440750596955443,0.000170039554266108,-139.78148493208428,20.99032711196843
1916000000.0,1.0004835226037498,0.0014976267355730321,-78.31151418736528,0.08468712324241347,0.00028597289110359267,9.337267032085358e-05,-58.79763356727542,152.8488878006612
1916125000.0,1.0005408838591487,0.001051865239529812,-78.18859059135103,0.05829968772810399,0.000213486411849477,0.00012114955997747002,-49.55206702101045,134.34730268571278
1916250000.0,1.0004483035610954,0.0012894778146163926,-78.25706486523522,0.04103519575605204,0.0002895735683459899,8.997295034200097e-05,-147.90957090357801,35.564002750497764
1916375000.0,1.0012017261246702,0.0013369510182299693,-78.24689079509528,0.07983454375294874,0.00020772709158368375,0.00012641040000075453,-28.7650531841502,152.68010469317005
1916500000.0,1.004023911807041,0.0009627357062410208,-78.44060035302952,0.06583138550426121,0.00023952515573695313,0.00013872620633973605,-35.58819661086686,139.73494037909015
1916625000.0,1.0060567776996467,0.001223009248531124,-78.3546654063661,0.06049855063703743,0.0003092119140735807,0.00010567073463298556,-50.837533367950044,137.00093770648877
1916750000.0,1.0055844501180187,0.0014423187727866408,-78.48992232341669,0.03173044679244092,0.000257651406657087,8.410744648924229e-05,-47.62315927920982,135.33328846662477
1916875000.0,1.005526465686297,0.0010123924807779303,-78.46087635749318,0.06982288875297452,0.0002503020480112091,0.00013362995369899441,-123.63688078039999,65.42745411200988
1917000000.0,1.0092138333437004,0.0010851189008084523,-78.44658194170925,0.043705913570872404,0.0002399127814636238,0.00010819759219566336,-138.50082035539833,28.711349116006225
1917125000.0,1.0069411801103567,0.0015641570961318681,-78.6251919233432,0.07753520291682676,0.00018575031080263153,8.550820861258209e-05,-58.806266932510304,99.8567489306569
1917250000.0,1.0067311743792635,0.0008565157423789858,-78.73903389857772,0.07614366918391137,0.00016284632492044064,6.472083830904928e-05,20.127720474634657,146.16435649967661
1917375000.0,1.0062887657621042,0.0010017415339136266,-78.570284480645,0.08869039703124354,0.0002012167525595002,0.00010512641017857669,-25.566213164989986,135.57615737457473
1917500000.0,1.0085002171532278,0.001976159680063933,-78.70483169480336,0.03182878530824268,0.00021748373190694643,0.00012667755836519868,-100.42104072211113,93.42884288694783
1917625000.0,1.00925100856504,0.0005959110977887759,-78.67258176523556,0.06139015724383284,0.00019122395403222095,8.076854454532377e-05,-15.712617840323102,128.7233144075087
1917750000.0,1.005185377585913,0.0009950549910607124,-78.73115818454518,0.08835437241554972,0.00023472345417735308,0.00013876861102737195,-71.33783007538777,102.06344625069474
1917875000.0,1.00806359544497,0.0008544722743589753,-78.88382252975633,0.08206013772433453,0.00019041648428386922,9.757993365918752e-05,-104.44420604615127,67.7256636962066
1918000000.0,1.0065438681334713,0.0011111165924502688,-78.89435968934357,0.08946085809273395,0.0002203927315941483,0.00010935485427534926,-64.15303112853918,93.1549979871279
1918125000.0,1.0049905341523426,0.000924857909981599,-79.06003565915363,0.06783544869134389,0.00014486358647817832,6.22809491882459e-05,-3.811583267140528,117.6526703593457
1918250000.0,1.0042893185815003,0.0009130060024080862,-79.08038641165024,0.09352560936979593,0.00016547947611808594,0.00010487277549084088,-58.132256844930716,119.37919610207071
1918375000.0,1.0037232570859649,0.0006468300468166689,-79.24031766263107,0.08204897644408018,0.00014857825196402903,7.800107348003553e-05,-58.73457382701394,105.53988623031476
1918500000.0,1.0030896757692747,0.0009615307598175244,-79.23282537107762,0.060663053113578995,0.00019634127016932362,9.733807650877257e-05,-45.70601909542173,83.58793749713767
1918625000.0,1.0003067405806856,0.0009745917964992486,-79.31918830784849,0.07297296319762582,0.0001241202333746768,8.292015788566834e-05,-14.418767080874462,91.06694482472825
1918750000.0,1.0006427102130349,0.0015293489481611837,-79.41620427804102,0.0730165885648702,0.00022492310486620987,0.00012448440364425762,46.585680315633034,80.15321788786193
1918875000.0,0.9995986594061035,0.0007773678150721872,-79.58674924646661,0.07833292047449589,0.00020747517173743736,0.00011538104532487757,43.98590402330151,86.09030479829362
1919000000.0,0.9990550046970041,0.0008491409701294903,-79.76810085298796,0.07983520138854741,0.00019713167093404275,0.00011187435429979583,8.319838164458073,56.19329606109732
1919125000.0,0.9941838428052713,0.000802264163314845,-79.83285687725053,0.07662186244624629,0.00018639296337193562,0.00011081180062396297,16.670110713965794,91.63919383364413
1919250000.0,0.9936574051141991,0.0010690585852385162,-80.11182555270786,0.07226875255693123,0.00019647101085057552,7.25495741695516e-05,0.14126438443170794,91.45816447909966
1919375000.0,0.9937706142078584,0.0008774108818360992,-80.11729650897247,0.0530677331653429,0.00017868364704442573,7.319822070181059e-05,15.485222769090349,71.01026598872599
1919500000.0,0.991772052068067,0.0011630693068880595,-80.23881178094032,0.06544460282966018,0.00017949735291633052,8.23829114932423e-05,-2.1153061681313767,84.57231053204441
1919625000.0,0.9894863449997002,0.0011806449538886619,-80.40760193699572,0.04950567151540576,0.0002963647999925951,0.00010771142090704518,29.269992521369335,44.40749581165018
1919750000.0,0.9898250940240919,0.0012719133558402442,-80.68226988887479,0.10397202913330568,0.0002963369315171426,0.00012437501412447953,32.082449821173576,45.25131548359069
1919875000.0,0.9879932843593653,0.0010969082654333781,-80.89728173598172,0.07286613085460718,0.00026516006033960345,0.00013165743430389794,22.323491654492724,29.07245104468213
1920000000.0,0.9861499746211166,0.0009700361997562682,-81.06495406959858,0.0727102480234335,0.0002910631886705191,0.00011475453719792612,31.2571488781612,33.81558800895058
1920125000.0,0.9836576133633463,0.0012633207394575781,-81.26337852590892,0.08623463139197482,0.00031970393291205296,0.00011676980227838037,41.98905496702448,33.38422094050943
1920250000.0,0.9817520842252089,0.0010614438527130337,-81.54978229020585,0.08485524445695122,0.00027266983140061216,9.725112594249501e-05,40.2374008468592,36.64902229103306
1920375000.0,0.979116351578042,0.0011066226265058663,-81.89498888203399,0.06499233476777289,0.0003574640382403123,0.00020578271704567392,35.86761451751644,24.929350705026625
1920500000.0,0.9798211727229735,0.0007063739584490008,-82.05900973744669,0.06276467789163756,0.00038947661698482394,0.00015260184939922897,29.164993696493468,24.465347698140743
1920625000.0,0.9783064816219111,0.001465538474332418,-82.26446156597368,0.07026911437096986,0.00046142194433738124,0.00010113465207420462,37.361220267359286,14.499439398689617
1920750000.0,0.9759616803130894,0.001023125079493646,-82.49677070742362,0.07054420454313064,0.00044427771297667025,9.800518462749944e-05,34.96281229229552,22.92326480661585
1920875000.0,0.9748628025363286,0.001027079043158417,-82.93065031932554,0.09392490329341832,0.0005063260637815309,0.00015443712233034797,40.88481459933116,24.21612892078954
1921000000.0,0.9738690821535236,0.00100790853773702,-83.23126231460722,0.07495245244144065,0.00047286114426967903,0.00012667091625663022,25.089673068885816,9.840132582049502
1921125000.0,0.972149912993558,0.0009582039380511475,-83.54567029305373,0.055694788224358055,0.0005207448144393882,0.00015060014802542753,32.60225873895006,16.058828514557735
1921250000.0,0.9719416379680347,0.0009930662345587805,-83.99321333929902,0.0789925188833716,0.0004993011007291421,0.00013398734095938487,34.91029158585574,18.47783785923016
1921375000.0,0.970353590726276,0.0012594335274250996,-84.21993258418021,0.06430700757159502,0.0005062315556320171,0.0001856725183777813,42.125202278152294,12.695597542584384
1921500000.0,0.969358331194196,0.0014360987674213897,-84.6871970426435,0.08110785352861806,0.0005304571237653681,0.00015224738113162324,41.308321737871715,16.610956416166573
1921625000.0,0.9697101055647501,0.001460078264931389,-85.02483719655292,0.06495775692335166,0.0006058845930811704,0.0001369648890487437,34.20304834155236,21.93284496292284
1921750000.0,0.9677649282635952,0.0012047027457540375,-85.38504915418366,0.09444486622086146,0.0006384320856191602,0.00016626397749468734,40.00338036564069,20.467582266313165
1921875000.0,0.9672971960445272,0.0011437483844889023,-85.91277023598478,0.07669153154982526,0.0006571090681713217,0.0001185499548652784,33.203523299772726,10.872010356551135
1922000000.0,0.9687888905381398,0.001215799619123229,-86.16647193906317,0.0602186791589516,0.0006794788373388229,0.00015237140661005305,40.695900029838434,16.483807624190487
1922125000.0,0.9678165145870217,0.0016090455861862741,-86.70238130289532,0.08622017165182519,0.0007319796222318151,9.067096683492729e-05,42.503768081874846,14.112860368955063
1922250000.0,0.9671935991205883,0.001270422095103549,-87.00104795065225,0.0697441392956061,0.0008025856990814203,0.00012022821294211228,43.30110377022992,8.112091531118041
1922375000.0,0.9687807851488659,0.001444211146427227,-87.52511374780595,0.08932452176788107,0.000826354875800607,0.00013152825913895655,43.27663909378432,15.123745647275195
1922500000.0,0.9678987615546825,0.0012273621952176297,-87.95464404540493,0.10812691905579788,0.0007757955476418675,0.00011945962649430508,46.28021877871004,8.976486306109956
1922625000.0,0.9683822747190997,0.0010005861603124375,-88.38953349495446,0.08770268005337181,0.0008485954749944029,0.00017285707038205948,46.96767226006936,8.530320398396594
1922750000.0,0.9692906332467621,0.0009335085769289033,-88.91555074895285,0.07917100355610171,0.0009078633646845183,9.470661237445701e-05,44.75883859460663,8.78293577672308
1922875000.0,0.9679974466622029,0.001618166818154894,-89.40363885880805,0.0926755930257687,0.0009467517177744732,0.00013356532610169197,43.71493531711639,9.288526111327032
1923000000.0,0.970180343586124,0.0009124328030550252,-89.82732780145743,0.05901286927316401,0.0010083849682035395,0.00013610626110218248,45.43072854032505,5.187341286455933
1923125000.0,0.9693631456908469,0.0010302614901471301,-90.3969729953235,0.08492507430403864,0.0010117228563959737,0.00010330569752450701,44.65533604608286,6.446148254458761
1923250000.0,0.9728823811347791,0.0011194255938778786,-91.02325200297031,0.07520390345531935,0.001094908811255867,0.00012904234333924883,44.117447376017005,6.756504427901374
1923375000.0,0.9725070197027573,0.0010708159358868783,-91.40944872612461,0.08943576890113221,0.001119693955343392,0.00012442361946350997,47.926050328682855,7.464275250834717
1923500000.0,0.9749191654276779,0.001221414176944801,-91.9213764653106,0.0680422445243486,0.0011388661756563559,0.00015780258306601796,46.54258609851857,4.65601053480426
1923625000.0,0.9747150723667871,0.0008356694864307782,-92.4218296353433,0.06959286150024466,0.0011519977916476251,0.00015042313017687796,46.48750486156818,7.474702890047564
1923750000.0,0.9758779624877564,0.0011654559234995099,-93.07782857144134,0.06198394438099675,0.0012331219549771108,0.00013526760141000142,43.5823998690491,9.087550745846439
1923875000.0,0.9789373907200476,0.0011528290171911421,-93.49649168724159,0.07226403777890536,0.001304649209295294,0.00012308555770056278,48.8694596716733,8.262471571091902
1924000000.0,0.9810151158253394,0.001561374205890476,-94.06599727694092,0.09646634348342424,0.001357564684959561,0.00020662394865347095,46.12296762715507,4.9605789188858
1924125000.0,0.9805280057097782,0.0010859275817035545,-94.76957732936368,0.0716211128362614,0.001307754785440726,9.104606542510469e-05,46.530479809703245,3.9275669958328314
1924250000.0,0.9810502233418137,0.001052635409645219,-95.37675299383913,0.07902021676051665,0.00141898774119495,9.307443070547681e-05,48.18361950192682,4.746787096042495
1924375000.0,0.9839742303265105,0.0006763747595948328,-96.02579844946558,0.08671559413573457,0.0015141337433286033,8.811742028547957e-05,46.68634660046162,5.192958422934985
1924500000.0,0.9838229031062432,0.0013060869766904526,-96.64162150662088,0.07157340913655791,0.0014727395378563433,0.0001335722635705249,45.455245088404105,6.215375721280916
1924625000.0,0.9866890978543518,0.0008797958334413311,-97.30120401154517,0.057712232000754475,0.0016796411310532635,0.00022605235983775808,42.831541251394654,5.214639748620796
1924750000.0,0.9871159895120322,0.001208152706200417,-98.01768535837118,0.0679836972962635,0.0016128077356592119,0.00011395630403565511,43.40577553650697,5.713418264548909
1924875000.0,0.9882365364717925,0.0010491951917058035,-98.78702092684856,0.0894233845038165,0.0017172277488610977,0.00012565132405291014,45.74122356388417,3.516661177722721
1925000000.0,0.9873961845577411,0.0009973272639563536,-99.51133911856068,0.05036532072254029,0.0018921028401824957,0.00015833296593557666,44.12016051426687,6.095832371662719
1925125000.0,0.9888222624832458,0.001745691763042975,-100.21917308653094,0.0582279292893287,0.0019222056630424618,7.211022337893705e-05,44.639694217704644,3.5312671156762527
1925250000.0,0.9910059869372965,0.0011399956875246095,-101.11537178418946,0.08929317421575134,0.0019714664415773353,0.00014498778372877354,43.97336859459269,5.496419042227993
1925375000.0,0.9891568478202838,0.0011599336036810868,-101.94338264193796,0.05270752179137035,0.002027782855296799,7.424499467103875e-05,45.291113359859146,6.176754682683751
1925500000.0,0.9903162743821222,0.001170252637980451,-102.93369226985779,0.06244494361431581,0.0021796982392397633,0.00013047052735564753,46.704601018039085,2.0702877504310893
1925625000.0,0.9896019180148224,0.0013488636995050353,-103.85738129475573,0.08677993397842768,0.002261648388114789,0.00014217682844468204,42.36170858828964,3.3270407647183204
1925750000.0,0.9894197764238469,0.0012511129598100318,-105.05373539090371,0.07112314198733663,0.002419106803168456,0.00016032821329794173,43.30532209810385,4.114685409192255
1925875000.0,0.9882490978743598,0.0014088330242857778,-105.98834572284751,0.09695809922603096,0.002419339701153902,0.00012117125734334628,42.22254211127232,3.0537783213030716
1926000000.0,0.9892300395860872,0.0011884455857384645,-107.1942366800221,0.0685897483551603,0.0025482559268523307,0.00012722868056416368,40.99890522331046,2.134994456201736
1926125000.0,0.9839146952507493,0.001209202405957419,-108.55401359911454,0.10918169307734804,0.0026218849780857605,0.00014894259468212437,41.88198858978055,4.538892813324291
1926250000.0,0.9837901462849045,0.0016017138543088743,-109.81053135354534,0.08737257534758389,0.0027304731568549845,0.00013681154235783524,40.01506573235597,3.122784894777521
1926375000.0,0.9810550957513255,0.0006713234035929039,-111.3987811678987,0.0855687939238553,0.0028999334609919433,0.0001530676073482997,38.20211277633776,2.1529262374697957
1926500000.0,0.975603120589549,0.0010370623056494075,-112.94785006452771,0.08353824744407097,0.0030335406871273003,0.00015166103796918285,37.79889531482002,3.894800906813486
1926625000.0,0.9728448025073105,0.0013240046233819708,-114.71886489024152,0.07067910752138458,0.003194819515317804,0.00013280269826098542,36.71226920822266,2.2591172884729915
1926750000.0,0.9701714383343203,0.0010350135688076611,-116.6655449124087,0.08952361523425449,0.0033325692409512616,0.00020426996520626765,35.131268179263536,2.815925915810113
1926875000.0,0.9651667141639072,0.0014132326406304922,-118.57376074998162,0.129922478542093,0.003509255583354067,0.0001271184019874462,33.012576587434644,2.272698522024275
1927000000.0,0.9576444628438935,0.0010647051700743615,-120.8861351454427,0.1358431034438884,0.0036976453161668655,8.900219576815472e-05,32.45978686027737,1.885324844022784
1927125000.0,0.9514573655269257,0.0012475189886727738,-123.45943754729525,0.09517910783143166,0.003956791115727745,0.00014928590458137265,30.42568478031395,1.7089174936001932
1927250000.0,0.9442479226246552,0.000948219923931249,-126.2069836900512,0.12268865563572545,0.0041154236020525415,0.00012272253472053117,28.747315439591237,1.2765593870285468
1927375000.0,0.9351680517895119,0.0012611348705982234,-129.13210643024277,0.12009926311523893,0.004414138899091686,0.0001703707585679304,27.005890626329727,2.54771221786439
1927500000.0,0.9252269910658663,0.0010554590748577646,-132.53580023992754,0.12804829824472228,0.00460086681251414,0.00013715284647695754,25.91921813490474,1.238970512268521
1927625000.0,0.9145427756076729,0.0011156077054885378,-136.37077244477746,0.13639391696896686,0.0049353700054150604,0.00015635601074140353,22.934830329351023,1.885349952386164
1927750000.0,0.9008624227386711,0.0008212671830306746,-140.49602043326553,0.14568290419980845,0.005217124134376627,0.0001098796834942793,20.9105027388634,1.7484787514372466
1927875000.0,0.8879122593712112,0.0010900288317134883,-145.09936546088267,0.16701249875681798,0.005462291078112154,0.00022514115369177542,18.346714308362227,1.6162749832527303
1928000000.0,0.8728413529900683,0.0009420450913881303,-150.22081627822752,0.17779102363190605,0.005794243190560386,0.00014802778892694782,15.61947276827556,1.0188182834535675
1928125000.0,0.8568578211365817,0.001191499383054386,-156.31676064103863,0.10844411433957218,0.006249766346637758,0.00016268716303217634,12.626901844352565,1.0148454937176579
1928250000.0,0.8400919120524231,0.000967943381635788,-163.17993016523738,0.2506043510863261,0.00659610418627153,0.0002136583860325272,8.53876968516818,1.2498235545799006
1928375000.0,0.8175715208335732,0.0015966333234622568,-170.6318836674343,0.2546808167319426,0.007021219621701641,0.0002066791725104373,4.356260460405014,1.1851585604033466
1928500000.0,0.7995389991534818,0.001346872180372654,-179.01285472122814,0.21783411037981912,0.007328498759451255,0.0001610675861961118,0.4005500540404313,1.490050385719367
1928625000.0,0.7802098708329319,0.002110676887432749,171.49792896398645,0.2817213785319959,0.007864007539814966,0.00019101151703820675,-4.102738728155519,1.1016649182586598
1928750000.0,0.7647663578769224,0.0019593300024469905,160.96813091123465,0.31449400597153504,0.00818527596297498,0.00013175809117686488,-9.852230818774046,0.8901956310083803
1928875000.0,0.7490529990486088,0.0017266550403631355,149.4849195622499,0.3037564443832924,0.008573711770763404,0.00017862552035083397,-14.474890547043394,1.0259352129166843
1929000000.0,0.7378703038790523,0.0014328439854951666,137.05554002502078,0.36457213878181216,0.008896325773978074,9.70330971914205e-05,-20.09104830141036,1.2799625404368074
1929125000.0,0.7335211713129539,0.0018354758467231818,124.17251105900952,0.35910992741732434,0.009153074923952832,0.0001474517994821579,-25.323051159473593,0.8248893048230758
1929250000.0,0.7366485096786518,0.0014500534503803354,110.81625750698188,0.3214601173126535,0.00926808039503019,0.00016114948729850471,-31.02951908161611,0.8932563481404819
1929375000.0,0.744659234067323,0.0009584281086608341,97.62675730643733,0.33138490311718727,0.009447854465453598,0.00015104052776304994,-36.58671572946807,0.8710901478885099
1929500000.0,0.7575033893405227,0.0010781823969812636,84.99814007596275,0.32679166708806423,0.009355899042036356,0.00017626012465304293,-43.18961455769687,0.6113968659727688
1929625000.0,0.7739919497009243,0.0017104590872090346,72.92272379018748,0.34094144242969554,0.009297727736045805,9.49207845284574e-05,-48.48421247081669,0.8677320631053547
1929750000.0,0.794036247743098,0.0016599872046242814,61.9154321274197,0.2697867749442504,0.009171661252201205,0.00012391820474703388,-54.11949584255315,1.3518907155803057
1929875000.0,0.8131957813670019,0.000586621335693502,51.71200135766897,0.24843708552086205,0.008891745010802811,0.00017273409070515315,-59.10152310336853,1.3061768578508883
1930000000.0,0.832728269299045,0.0014330094091538328,42.66120387408732,0.22951715935420186,0.008712605279986706,9.697762456539909e-05,-63.67177112162306,0.7513690125533166
1930125000.0,0.850582064195934,0.0015474812502513148,34.468805919133054,0.21976273947170386,0.00840900086589194,0.00012042154083908226,-68.58211488033623,1.088501314535196
1930250000.0,0.8652218178879335,0.0010917361132233535,27.08940575745684,0.1647221621969015,0.008120429533728197,0.00015200053743912403,-72.16304166320403,1.079478360601149
1930375000.0,0.8809976504907321,0.0015562645653027635,20.619172697052335,0.2033715516098202,0.00782619953255853,0.00020226678177139907,-74.76974380961586,1.2570034668359844
1930500000.0,0.8918798911642778,0.0012358439902780932,14.609803361442127,0.1050062618047258,0.007586909100276862,0.00015737928192212803,-78.46429443021503,1.0452432570544492
1930625000.0,0.9037274241500454,0.0006217152813330004,9.496276179001335,0.15510114982991124,0.007315498574921604,0.00016033793627510476,-81.89910438212641,1.2770009666347049
1930750000.0,0.9065415212889456,0.0012969727233184479,4.718741112393614,0.11581331451509673,0.007068368191867796,0.00012239629125503098,-84.32760007450476,0.6960802274113809
1930875000.0,0.9141835270375598,0.0009119815615192852,0.6330273307761832,0.12602044772363577,0.006851243656430849,0.00013410952589696775,-87.0154960835019,1.0952481298768686
1931000000.0,0.9212726345982936,0.0011266619678625097,-3.4567093044660386,0.1274405226421232,0.006534423997821867,0.0001284469883252581,-88.37009228870451,0.9945244536036969
1931125000.0,0.9269361497693231,0.0009037599139505038,-6.974338667441443,0.10344655687212731,0.006352153487617407,0.00012678889542540572,-91.48992675941983,1.2792843818720705
1931250000.0,0.9301788136644895,0.0008652236193733463,-10.112752178985238,0.12591710210905527,0.006120797168700498,0.00016388665274059703,-93.4363307147976,1.4142505000668484
1931375000.0,0.9315031955182661,0.0004936905202629309,-13.129163922129456,0.07361868876726117,0.005971348201369365,6.92170872186212e-05,-95.6114706922479,1.6340757117610127
1931500000.0,0.9321200019414477,0.0014764022372854178,-15.74304064637082,0.10169937712578017,0.005818206105897933,8.928740707065274e-05,-96.09535646353179,1.9931323639429568
1931625000.0,0.9314206965024796,0.0005264640635447742,-18.090615696338944,0.05905410621597629,0.005649281052958666,0.00025017711600036646,-97.44900821460054,2.1361079311891125
1931750000.0,0.9350176742445477,0.0011872492014591033,-20.83602091355114,0.11373186563529607,0.00540876725393633,0.00015580818712784266,-99.81649995522413,1.751361752954491
1931875000.0,0.9365933694066259,0.001287586828657294,-22.725076783121736,0.12309885031305014,0.005324501602454335,0.00016839668305294566,-100.0810832334519,1.0780223994239306
1932000000.0,0.9405552357779923,0.0008093120519906401,-24.627711028222258,0.08943690475793542,0.005211151109720237,0.0002094603085977898,-101.89718445522567,1.9789797574839472
1932125000.0,0.9392198343099767,0.0009061291621547765,-26.86050568082867,0.13005488053829056,0.005113834796421656,0.00010422013453143744,-103.26584206465317,1.5628337822769662
1932250000.0,0.9413128889554189,0.0007112083082219113,-28.351241606436634,0.10129698538346966,0.005061792310163445,0.00013924115880628203,-103.62616630566963,1.6586906973710716
1932375000.0,0.9428485103959401,0.001221361976908821,-30.212753884582032,0.08394026119801612,0.00483711030227524,0.0001429047400285382,-104.98205583365879,1.963427700985495
1932500000.0,0.9415083242884129,0.001366114153938497,-31.571918406501133,0.16769881326790295,0.004731267632221059,0.0001154511059225062,-105.52434859870388,0.9824957601070574
1932625000.0,0.9399760178071039,0.0009736245343345407,-33.39632145832877,0.09793123312061358,0.004688075389587087,9.531672478338216e-05,-105.83945588581159,1.7410358208369558
1932750000.0,0.9395369440972632,0.001110221164596332,-34.6109277188984,0.06014935483439517,0.004542672486923235,0.0001126056815869007,-107.92281090527874,1.3460760389928546
1932875000.0,0.9418476494538848,0.0012653611638108872,-35.67889868886247,0.0984580112000237,0.0044457154851986445,0.00015224914668098872,-108.29438026927244,2.1598754300664624
1933000000.0,0.9412439309832499,0.0013807035132777639,-37.253272018615554,0.07106412602203055,0.0043919881676982376,0.00011727428079633107,-108.12425733820794,1.811252753431475
1933125000.0,0.9438776473181425,0.0008983469677936306,-38.346099127779084,0.08619061684076874,0.004417246010721594,0.00015922713066270053,-109.21504725395984,1.573064028905255
1933250000.0,0.9437155520597897,0.0011419123153525031,-39.608829967320276,0.07755427504097882,0.00417813198283431,0.00020990794757055436,-110.02312887797017,2.2216458605596783
1933375000.0,0.9438679173057826,0.001278771971577654,-40.53966896458296,0.09056611501529643,0.004168381077538752,0.00011811827218506761,-110.04499327388618,1.5794640529682884
1933500000.0,0.9475306598922562,0.0010106385220503865,-41.6472200233183,0.07672936559843596,0.004118699757552503,0.00014468235061696356,-110.94880507158231,1.8414594399472803
1933625000.0,0.9531041305954615,0.0010055177341162591,-42.581877765919884,0.09543891115591573,0.00412081244184986,0.00017468156086025946,-111.94578519508818,1.5369898363972072
1933750000.0,0.9486474261482863,0.001451307584490113,-43.282403438407066,0.09819461342565829,0.004108725972844604,0.00013192757742558925,-113.23120221509281,2.2431912802876752
1933875000.0,0.9536547787890851,0.0013355016580368269,-44.37641354370682,0.09733325444948902,0.004021617587466076,0.0001268975098760018,-113.14727729256565,2.027190225429003
1934000000.0,0.9531995428627833,0.0011361311155417548,-45.24443032504065,0.07627165132206402,0.003901393168188937,0.00015311235842019877,-112.57029729093078,2.491295716633574
1934125000.0,0.9562869435184573,0.002090098770917426,-46.02750152243311,0.0772566813731577,0.0038543752654246143,0.0001255102431923049,-112.17322683814061,2.155873827939251
1934250000.0,0.9558501591604892,0.0014159641690783189,-46.70332963056029,0.08234656054954137,0.003937201311749462,0.00016639260053212857,-113.18493654822137,1.9317031201244983
1934375000.0,0.9616295002718183,0.0015072295139664732,-47.53999265523642,0.0680255897629762,0.003908411428220827,0.0001366767216171554,-112.1685561193561,2.63575442831248
1934500000.0,0.9587254795981996,0.0013239211979420215,-48.24682334191113,0.053041178648951824,0.003834714940927817,0.0001326876688521033,-114.1497526793943,2.4668143014726773
1934625000.0,0.9632845988443862,0.0006149069308747317,-48.85533783349965,0.08474548047461997,0.003771323463718895,0.00011008398953577009,-113.1302565206537,1.4206827378876394
1934750000.0,0.9626424570025682,0.000770178976025321,-49.56584756077233,0.08751466449438375,0.003667691986991634,0.00016693323762896538,-113.74541736072767,2.158749191111423
1934875000.0,0.9681791425350197,0.0013132107304203102,-50.09583054453179,0.08362518856469076,0.0035914429250941075,0.00018561419063923244,-115.10102560738123,1.61117909975739
1935000000.0,0.9709381939434385,0.0010902363974942726,-50.645502858992565,0.0847489529514539,0.0035835037092745645,0.00012532463090501755,-113.90553174969283,2.414083268212143
1935125000.0,0.9736623367292203,0.0009854653113480997,-51.2913478647098,0.0713256737153052,0.003657055728625739,0.00013582630490343626,-114.61429430864276,2.2249083391344064
1935250000.0,0.9750806943311758,0.0014899239254278036,-51.78676278341556,0.0807334154461099,0.003604711277876018,0.00021183335778078197,-115.37027285715993,2.8158835739943573
1935375000.0,0.9753558215356866,0.0019303737632261507,-52.33901066432941,0.06725164931439093,0.0036524103379949623,0.00014141334165852836,-115.7192076929684,2.7548269080860424
1935500000.0,0.9821690466103123,0.000635916732368386,-52.74508925234942,0.04411012988472475,0.0035993296976000546,0.0001274689003073668,-116.56850215939444,2.417875676632833
1935625000.0,0.982815183197616,0.0015807299167482742,-53.104793461255525,0.04839449150302906,0.003506676952965403,0.00020308862287778852,-115.37404715802936,2.880703634876013
1935750000.0,0.9852759873999853,0.0014238028892275695,-53.444578610781846,0.06163898802352511,0.0034949305173037565,0.0001434201782306463,-115.67994035831832,2.34576475110577
1935875000.0,0.9832467267743731,0.0009455819005192938,-53.8002506815587,0.08545292768239827,0.0035599452601410104,0.00013196635431803462,-116.52972353145482,1.460685270356592
1936000000.0,0.9953191960205711,0.0006824511745225522,-54.21145083193396,0.061190305499108914,0.0034733756263448817,0.00011833316985855511,-114.74592218283637,1.652411290606501
1936125000.0,0.9895769959144104,0.0014820554076971928,-54.73904451608759,0.04948224166182816,0.0034877824766273483,0.00016444641689772696,-115.24064000964617,3.54103779223796
1936250000.0,0.9929713160774614,0.0010158510674886352,-54.800893631528034,0.05618536010150109,0.0034279334324254216,0.00014462013127394084,-114.03997648735768,2.756130979292155
1936375000.0,0.9985583160071273,0.0009176205480728923,-55.276803768141534,0.059835232946940584,0.0033672098543428295,0.00015123746871483892,-115.53157114984899,2.604975192005269
1936500000.0,0.9983356610816432,0.001694950731272914,-55.548484070283095,0.07934789560877366,0.003454943105941045,0.00014285285454311434,-116.04147374643354,1.7007222985462647
1936625000.0,0.9992528596004434,0.0006208195894485484,-55.68994304243924,0.0677008181421305,0.003388234886785343,0.00013933826730296023,-116.87442235252333,2.546596125381613
1936750000.0,1.000684786987939,0.0008930538665635405,-56.16160874483727,0.05948435414680121,0.0033426489307199604,0.00014189365053198376,-116.71804801165597,1.6193669666267703
1936875000.0,1.0020612040489825,0.0009012144046193875,-56.28254412094333,0.0650834149231232,0.003319274072557871,0.0001312051221388974,-116.83129453298413,2.1003155243588023
1937000000.0,1.0063986876469704,0.0011952621751787189,-56.38004950432755,0.06690882473204518,0.003329498426383349,0.00011650601892124963,-115.19771783365108,2.2904446210941183
1937125000.0,1.005160996449145,0.0012892345424171177,-56.75247480152892,0.09496933070640382,0.003355218832253286,9.876548420713159e-05,-115.11737358613252,2.10329146076581
1937250000.0,1.008476619621928,0.0011202611858811711,-56.83749188870443,0.0782959783387906,0.003392518933211238,0.00012981161550676797,-114.98765791891113,1.879861049191494
1937375000.0,1.0053879315215766,0.0009881618890024836,-57.00201345860296,0.08701816916792263,0.0033511877169002053,0.00013659602471753258,-115.00732389350085,2.196026369053046
1937500000.0,1.0059934640478234,0.0012232284569359659,-57.158819399080436,0.08957944678967593,0.0032357494933266447,0.00017374490548451252,-115.67359345151247,2.9931415550262286
1937625000.0,1.011080863006395,0.0011565656366245081,-57.42396740346241,0.07262160953587138,0.0033797500026473983,0.00010881255150363916,-116.5147584510955,2.730647776809912
1937750000.0,1.0108083877939555,0.0006718200383269938,-57.63555523900975,0.08743653789328389,0.003334727844267417,9.850136059604824e-05,-113.32566353728453,2.702168328530101
1937875000.0,1.011265093568887,0.0005330867273558278,-57.87988069974236,0.05360473722328698,0.003260890472894883,0.00011539353409778928,-114.37691245662239,1.8269292517041875
1938000000.0,1.0129931935517038,0.0012702732002163643,-57.85529326073826,0.08876748431092386,0.0032740146501932838,0.00012323148507477794,-115.11090918072968,2.04526467947536
1938125000.0,1.0127805901776492,0.00060967011792181,-57.93874435557954,0.08188693921997335,0.003258018400224249,0.00013588415742276933,-114.60284550808667,2.43136825814283
1938250000.0,1.0137260333037434,0.0011326308030654574,-58.09007127851012,0.0697817190180425,0.003330961961417224,0.00015439799649300228,-114.23474807299874,2.879248799056866
1938375000.0,1.0141923301477853,0.0015371423814937468,-58.29552228634473,0.06840160905152665,0.003213761386923468,0.00016683813986475987,-114.55851274699724,3.3346138730572235
1938500000.0,1.0109372649942205,0.001509515402885397,-58.533679903382314,0.058426008034217575,0.0032352517781218558,0.00019507361276853874,-115.92659661454499,1.9270671440346139
1938625000.0,1.0101974427344569,0.001300830654225304,-58.5409350328964,0.07109885017735224,0.00315724810719555,9.140089139261352e-05,-114.80418007234354,2.372108884789392
1938750000.0,1.0093313023477553,0.0012934872619434407,-58.69758669200926,0.06195170692964788,0.0032145884552363542,0.00013729304405802866,-112.91437107046306,2.121462738637581
1938875000.0,1.0096961311675399,0.000856438817175655,-58.89531144306896,0.05797921297851498,0.0032509929124319137,5.61017995828996e-05,-112.94622077977894,2.4032099125664894
1939000000.0,1.0076808464383225,0.0012182381863596369,-59.00399346405071,0.06506487406578755,0.0032238340984832286,0.00015954223098227607,-115.24885794818297,1.9570451179676331
1939125000.0,1.0065923160147208,0.00094209647073447,-58.964076335849825,0.0560305348844741,0.0031955808504884053,0.00018473560317958833,-114.33889021168201,1.7840985851224664
1939250000.0,1.0038244713824866,0.0008968400558724477,-59.22563732856771,0.07326605114681212,0.003170969000008376,0.00015018847620876775,-113.51356662195118,2.4202606928361443
1939375000.0,1.0035347206842014,0.000871704457319416,-59.32283715504027,0.04791388347425809,0.003209957295092912,8.291704014083203e-05,-115.25443427833521,2.6085777979018006
1939500000.0,1.0039702957576844,0.0010523806001650681,-59.60316999911223,0.08165944758700978,0.003142281288085702,0.00010024011954012045,-112.96656317232846,2.762832502283563
1939625000.0,1.0024938405473631,0.0007763000766868793,-59.61787553192907,0.0825361815318949,0.003139840516402668,9.383168254896776e-05,-113.91976938958281,1.5851413585012717
1939750000.0,0.9994266378029822,0.0014504950434063976,-59.75333259587929,0.04887659953213046,0.003131036437397554,0.00016618983099462223,-113.43393118675394,1.9570631680744794
1939875000.0,0.9975006687865008,0.0010354340637846783,-59.94128067292586,0.054455826807790195,0.0030443395055702997,8.862906438671e-05,-115.00538000764459,1.922586566723963
1940000000.0,0.9975418581456708,0.0009478379561346853,-60.28184650933409,0.07439821584163601,0.003248805889004097,9.413973124559041e-05,-114.14894208069244,2.77046500464196
1940125000.0,0.9950252575834979,0.0009497402046781336,-60.39042700770345,0.07625251481423413,0.003147691372154869,0.00016461908124786143,-113.68058864621328,1.721288608838584
1940250000.0,0.992900941899867,0.001136897410913443,-60.56020572027386,0.07923877745913131,0.0031177318452819333,0.0001963629175993865,-112.60985237408866,3.6938528860751303
1940375000.0,0.9917785886103182,0.0013077985049901285,-60.699791646813246,0.0712470233993347,0.0031222394628591544,0.00010696773448473346,-113.14548538592004,1.8836410102329117
1940500000.0,0.9925186605592768,0.0008943209783586419,-60.93687056100994,0.07951092326534774,0.0031010848273255527,0.00013091969571209133,-112.93536724219562,2.6146173863943982
1940625000.0,0.9857793985503105,0.001089925963193398,-61.05889812045427,0.06981739208562066,0.0030805762011939858,0.0001783882103290543,-113.35860558637222,3.0320468993596
1940750000.0,0.985526907640041,0.001200960487828134,-61.41291648425367,0.10507620671763229,0.0030854792206665227,0.00012226576608956896,-112.71277755879291,3.582329839621952
1940875000.0,0.9814201184444679,0.0012797943839041627,-61.478108722473976,0.06192539534032655,0.0030342454624801896,0.0001679501050599438,-112.91370887346446,1.94453884336441
1941000000.0,0.9816509113259594,0.001377757268687808,-61.83221942476324,0.05791106473406077,0.003158347268351608,0.00019925928594191305,-115.46317636097469,2.405313620881519
1941125000.0,0.9824509155424661,0.0011114549286529469,-62.04820795369196,0.056085959299582405,0.0031169415856529014,9.019255633557417e-05,-112.56433509740418,2.36740905953475
1941250000.0,0.980440169387355,0.0007603925307242196,-62.29788562823431,0.09745782231002412,0.003135173667896115,8.019028806817396e-05,-115.16442210388873,2.9883287012453783
1941375000.0,0.9785065079203723,0.0009824549657111087,-62.454677673812725,0.08665583465202518,0.00318986661353995,0.00014770622216452405,-113.2684273732952,3.473364129657454
1941500000.0,0.9761122032851578,0.0012014746388723763,-62.85751106007677,0.09365155439189919,0.0031913375614640383,0.0001506216463910237,-114.37275067711111,2.0913636541593426
1941625000.0,0.9723857654765731,0.0016372349387190777,-63.2181407091871,0.06947257492055556,0.003134690530108228,9.192798634668204e-05,-113.04034868705077,2.667966792185796
1941750000.0,0.9740745668401948,0.0012489147732640483,-63.55696352842884,0.0788918349159363,0.0031339151543271515,7.534977173764962e-05,-114.5172219234689,2.565329040148542
1941875000.0,0.9746914275677464,0.0011430557350462591,-63.676235347657425,0.08200010384035154,0.0030791858157415896,0.00020135785477415919,-113.35228255808975,2.1263305740817993
1942000000.0,0.9684785600704501,0.0010671820878536077,-63.826398379640764,0.11042730674924955,0.003157009431319875,0.00011093331260454666,-115.58130520830025,2.367375458218167
1942125000.0,0.970387361667562,0.0007030419756643162,-64.21189157776301,0.08892424314864072,0.003260768348958541,0.00012052728946019944,-115.37388237798909,1.364453140954973
1942250000.0,0.9683027033110104,0.0009637396362570659,-64.66503576230384,0.07699059313961513,0.003222303801584964,0.00013664432968568617,-113.9955245764499,2.06050890026697
1942375000.0,0.968565668296268,0.0019060039962962017,-64.8108478779804,0.1091145590665727,0.003255956485570331,0.00017300968577712715,-115.34460681633584,2.7751430689213668
1942500000.0,0.9682266171280582,0.0012421433091865776,-65.21855644526337,0.10421755011153094,0.003224373496306982,0.0001670521583253988,-115.17919413568397,2.140592428977548
1942625000.0,0.9657391877741622,0.001272910088508654,-65.62101916612022,0.07906748699725662,0.003180875737624174,0.0001339964491255997,-114.34277370324516,2.943016977642866
1942750000.0,0.968436338576462,0.0011760489189414072,-66.04133403917777,0.11360610415012308,0.0033515625649044867,0.00011016628723034556,-118.29032707704457,1.8634959237170892
1942875000.0,0.9656003807936838,0.0011708949571738786,-66.36400224999764,0.08099387905721411,0.0033634051603412445,0.00018217740266915144,-117.42431213910038,2.64479092060457
1943000000.0,0.9650940281195433,0.0013962319826412535,-66.68468059691858,0.08794127909477664,0.003347184799355319,0.00013112319349858635,-118.02203372033573,3.5341689088397765
1943125000.0,0.966775623289323,0.0019757048799456988,-67.15359275037595,0.06336945803107472,0.003436931535820374,0.00013784332960116577,-118.2146914673248,1.9362667776591787
1943250000.0,0.9664071495801643,0.0013653584968417653,-67.53038480871547,0.08148934280540786,0.003437933547901498,0.00016777985727986294,-118.98380925873808,2.3182844876610327
1943375000.0,0.967653306574617,0.0011419547751733495,-67.96108492922868,0.056300815170087254,0.003582251627014068,0.00013621340329565422,-119.99384855628489,3.0874632568481433
1943500000.0,0.9664486260600456,0.0012403602987864372,-68.43798647811302,0.0776272521654364,0.0035450607499391664,6.679195812322395e-05,-120.29449592716485,1.867881072596065
1943625000.0,0.9680417485137671,0.0013991108696558546,-68.76629328498862,0.06968068073555342,0.0035697001774013786,0.00014148515250664382,-120.47483502577992,1.9922701457596772
1943750000.0,0.9686489532175067,0.0015795895859888277,-69.26614073982212,0.058776054872394026,0.003681939346164737,0.00014067001331642334,-121.4510407484398,2.362551148534981
1943875000.0,0.9710476878919997,0.0013846239008242004,-69.84238407182221,0.06923422856053582,0.0037791472868994457,0.00015375219739074568,-121.61418587710145,2.692227261470664
1944000000.0,0.9675957262503324,0.0016367003823208291,-70.4221852264186,0.08248644003211247,0.0039123482547378805,0.00013410031418380837,-123.371630599082,2.26309070700495
1944125000.0,0.9730343515416107,0.0009681609913086667,-70.92342774485374,0.0715364471151642,0.004142953565987811,0.0001470349233871003,-123.42979235911865,2.640887833775525
1944250000.0,0.9676340418416581,0.0018099909448539386,-71.4181923673205,0.06422595738072495,0.00416757923864452,0.00019387453256981772,-124.42747879338556,2.66846371626597
1944375000.0,0.9689030914285046,0.0009513304302500885,-72.18353952385036,0.08095755404893212,0.0042903134645179836,0.00017389373436065152,-124.58295843573559,1.8034198462202018
1944500000.0,0.968821587768207,0.001242943434951978,-72.79901437934156,0.06990878262207892,0.004504286653772788,0.00021602118451508287,-125.2958223325393,1.9709204341609428
1944625000.0,0.9714901842091838,0.0017597351149325601,-73.53050927042813,0.108541257062144,0.004647802076476647,0.0001677896528924307,-125.74635037170067,2.3632439174308235
1944750000.0,0.9729182123446606,0.001443348754612454,-74.37320004704223,0.09989478483746439,0.004999101557744153,0.00018744415467800745,-127.62546625267836,1.3040754226951026
1944875000.0,0.9710609345688314,0.001608581627567289,-75.288596378677,0.07384157376251207,0.005275095578200875,0.0001935563283562979,-129.11242749362714,1.587918803584278
1945000000.0,0.9685617979449893,0.0013196449787452474,-76.34508185756953,0.09614043396836233,0.005574448934488182,0.00015689886108138714,-129.8397744877709,1.4907471515568906
1945125000.0,0.96679046115668,0.0010779369288137404,-77.53141543147507,0.11709213639100244,0.005927931359711916,0.00013976802469014077,-131.37043517993186,1.3693005988784892
1945250000.0,0.9629406743251041,0.0015387538146890642,-79.02189177220001,0.12165123842358133,0.006507270659739884,0.00010256314721767275,-132.02013681442622,0.9483218687167386
1945375000.0,0.959540926265932,0.0017494362133370367,-80.94729285168322,0.09384703693779904,0.0070079885325514315,0.00015714439338946845,-134.08714973794133,1.5052348715390182
1945500000.0,0.952157611438794,0.0013561714552990966,-83.15013773627373,0.10443415586730773,0.00766491792822725,0.00014147461861943145,-135.80001488780107,0.7258573909782287
1945625000.0,0.9417939128838658,0.0017104526129285847,-86.01906992871186,0.14469238593928113,0.008584814900403373,0.00016919816270238402,-138.50208877704813,0.9098745137321562
1945750000.0,0.9246404633824735,0.0015774293019479681,-89.74357758711864,0.1521531538023722,0.00976277255150615,0.00014159271829442262,-141.62032663528288,0.7922162998118166
1945875000.0,0.8945649807795666,0.0010666925646052236,-94.79674539508918,0.17862695681926766,0.011409259426702512,0.00018651577434505804,-146.26168417640056,0.39631633585511566
1946000000.0,0.8420687698678362,0.0020333155807318566,-102.09467993149181,0.19448366968615133,0.013550580040447003,0.00017289660109108301,-151.94869031482907,0.5843907892172778
1946125000.0,0.7416084477803649,0.0034204099214368644,-113.72172730582562,0.35613147012520047,0.016545569721860623,0.00020014923247502252,-162.00414843839434,0.5143612517182793
1946250000.0,0.5390514909943072,0.006681199533305276,-133.19901174743123,0.6871463752759771,0.020119436887499564,0.00012415823460498182,-176.88354892312555,0.5959806429445338
1946375000.0,0.1945107714192123,0.008127622574592784,-106.1840811413171,150.03517786010562,0.02266152647773241,0.00016304916798378028,161.07230806915425,0.4202475904897636
1946500000.0,0.2928020803238652,0.008083741024553372,28.143451956639765,1.0499332251891171,0.02141014972068514,0.0001665084812558255,136.19726912088896,0.5895457196709053
1946625000.0,0.5974109636308876,0.005874899795531187,-4.382331452294212,0.43848253171692214,0.01738130257049376,0.00012342693875921573,116.2775831752307,0.45757564801848466
1946750000.0,0.7668068207635624,0.0028849299590384494,-20.493507825985155,0.3420154961752482,0.013411078736666564,0.0001838348266306037,104.05276290300395,0.6798224674470594
1946875000.0,0.8526339130367229,0.0008982790458058395,-30.560360418926745,0.2034431799970539,0.010543291000023209,0.0001432858988115658,95.5134916404862,0.629389865026235
1947000000.0,0.9050314111830982,0.0011100609730750584,-37.02388448232594,0.1450377487546252,0.00852764715034378,0.00015773382107113574,91.32242397974242,1.075620603438933
1947125000.0,0.9355930502661335,0.0012739014841255602,-41.48542648271136,0.1174861858986713,0.006879528957301704,0.0001278827593791214,88.40839131730267,1.3160130208494978
1947250000.0,0.9514879801901122,0.0010935400417765387,-44.91853987802121,0.108488447834955,0.005676548149009496,0.0001426660453870097,87.33613284477869,1.4428485574986358
1947375000.0,0.9630630138383011,0.0010834506445336906,-47.187018573635484,0.1306012785426533,0.004822937760927844,0.0001848120779211958,87.20673857271957,1.164693081756009
1947500000.0,0.973726265868764,0.0010604922142745086,-49.30279607391628,0.08564339280295151,0.004096091834720595,0.00011761480441437454,87.59298416174853,1.6170704147089492
1947625000.0,0.9796191648812637,0.0010119972683002116,-50.96414977732093,0.04662805698626549,0.0033709203247938714,0.00019492841911047154,87.72321348912968,1.686083782512027
1947750000.0,0.986046427896844,0.0011005436483628379,-52.330555109179265,0.053852220689376375,0.00292013656857284,8.618494737639492e-05,88.6779603989913,3.5618708599265965
1947875000.0,0.9883252671624541,0.0010542469587267978,-53.29734737502255,0.10268021462908813,0.002524926439358989,0.00011014504941640563,91.94374133521049,3.3691859965392768
1948000000.0,0.9903751278469041,0.0006122115364065732,-54.27464119575876,0.06966386756455634,0.0021856198437172057,0.00016263335920987392,96.31726907211147,4.611717093020458
1948125000.0,0.9907613928698951,0.0011673503936379791,-54.943589142986205,0.09098672787843115,0.0016957916048790512,0.00013972256997665943,102.88934643794272,6.215329118112497
1948250000.0,0.9927168737645885,0.0013315205645601515,-55.78759306261516,0.06836747491790628,0.0014313513761727858,8.70204109533335e-05,115.80909411078547,2.8645095953455604
1948375000.0,0.9968789348365326,0.0009112459055844065,-56.43173921474347,0.12193649197204698,0.0012955116452883675,0.0001792771595756697,133.6622351177815,5.3188145200040085
1948500000.0,0.9968813691122708,0.0016150163984796503,-57.05413308538445,0.05920617633837147,0.0012037235673219933,0.00011545746589256761,162.56638801294764,6.30838643655625
1948625000.0,0.9942895808809461,0.0012129907333590369,-57.68231621470982,0.062342633754234385,0.0018748369921647277,0.00010641886010506567,-169.2153886424179,3.2932392310663965
1948750000.0,0.9877739310124567,0.0013968618294983007,-58.294952492313705,0.08433584329790772,0.0035568913257490653,0.00012063220551760228,-155.98990131657007,1.2826480412839028
1948875000.0,0.9741912657390175,0.0020536369111515042,-59.04388319020778,0.09097133575321378,0.009096034749872323,0.00017557647660415438,-173.31314468349606,1.1302657992586247
1949000000.0,0.967826275580169,0.0014893932371219723,-56.79198376874644,0.10392537064814826,0.012246889204114975,0.0001694645626992084,115.48603964461766,1.2109945328879972
1949125000.0,0.9911764981568927,0.0013124244186970256,-57.65281973321388,0.1446223063635201,0.005273563769505482,0.00018648745701503898,87.02592964419641,1.2396341086023035
1949250000.0,0.9929081847361686,0.0015991666766108662,-58.316458069799275,0.044928392121765255,0.0036950532513828262,9.459202780428946e-05,84.22286650729586,1.5964305422812302
1949375000.0,0.9924055239105412,0.0009198471802535531,-58.76119407912646,0.09414298812994554,0.0028233293627744106,0.00011695347300932045,85.01785178304246,2.7664305476530036
1949500000.0,0.9904135673344866,0.0011178177779786903,-59.187330467589774,0.0690189707418011,0.0021625440655289093,0.00018179613818325663,88.77708505651249,4.8368621939952945
1949625000.0,0.9898439820953774,0.0010396067906968886,-59.38203163800356,0.0752796062588815,0.001933855398738252,0.00022008622769773844,90.00239164864327,3.369996222693705
1949750000.0,0.9903522305894708,0.0010897910405475956,-59.600052301053935,0.07085160592339709,0.0015807618358110564,7.747651384175144e-05,91.52040295690409,5.299438975806786
1949875000.0,0.988569754629901,0.0010732868020404793,-59.95639442975171,0.06084013423474504,0.0013313531457127825,0.00012932448561759504,98.61769749449236,9.211637450582172
1950000000.0,0.9888242601814985,0.000970296982622755,-60.31465474298474,0.061980172511686006,0.0011886866491949452,0.00023950100424777052,105.85004339454943,5.639895553155774
1950125000.0,0.9837935405188719,0.001346389096043424,-60.460845369648126,0.10154924837144672,0.001075491739224678,9.795760700541919e-05,109.69970978830105,6.839096871861587
1950250000.0,0.9868415913500537,0.0013522121486193215,-60.713134945569855,0.0968723994211076,0.0010279096818137652,0.00020001907806821504,118.96666568222506,11.045606884821847
1950375000.0,0.9833973634262636,0.000983367134134113,-60.98421442965607,0.05802131507002268,0.0007909615748700829,0.0001646464968870135,118.55386524206774,8.588727472906523
1950500000.0,0.9810183526274157,0.0012049524240259756,-61.05695958333829,0.07660136131790658,0.0006991521939373525,0.00016421153374837432,129.36943974202597,12.657251495861622
1950625000.0,0.9812381240928487,0.0010263307639931144,-61.39859027291201,0.09360395860573675,0.0007551349160930234,0.00016314701043929742,132.57295479418775,9.544220883183725
1950750000.0,0.9782857544291212,0.0010932577743400763,-61.53838985329544,0.07492304708792373,0.0005643947922551683,0.00013008292726486372,142.97770798503126,21.11343377317436
1950875000.0,0.9815211644600839,0.0011894512119477094,-61.85502829982503,0.07824390305236098,0.0006070149663330922,0.00015302836792555733,117.73029636996066,103.67282526977831
1951000000.0,0.9779403359012482,0.0010439224646659976,-62.059555182317524,0.07867991192219742,0.0005728742442630939,0.00013703025782794032,128.65201619624096,108.91917785567165
1951125000.0,0.9768908161543743,0.0014646677849301285,-62.10369257483269,0.06673141448497247,0.0005121491213095244,0.00015860457819912127,63.43071673197514,156.8932053272402
1951250000.0,0.9756019219120071,0.0009231164876601128,-62.47362017008851,0.10036881356645842,0.0005776502694275346,0.00012875061774975894,71.44542255997973,167.37264074095114
1951375000.0,0.9737831932571215,0.0013865454804705948,-62.58220271549177,0.07755289683800655,0.0006044953636031993,0.00016908563461995497,-99.76976433522276,137.44271066081004
1951500000.0,0.9748826476422467,0.0014132607302965931,-62.739464748054836,0.09629344396531955,0.0005083605615732605,0.00012270387584786957,-163.10550341445165,13.771313353740318
1951625000.0,0.9763845482396855,0.001302755523842382,-63.03142636673732,0.0852284168301532,0.0006781267352452824,0.00016366081469372125,-157.9391622814048,11.610339510009055
1951750000.0,0.9746244020558819,0.0012407622664942493,-63.18629443029344,0.044306570437412235,0.0006509060195331582,0.00011770485319586077,-157.98490215472953,14.342200930342328
1951875000.0,0.9714622979266326,0.0014312743210624158,-63.43623522403482,0.08772871576245506,0.0006184859362189811,0.0001458659063885645,-141.37115543507312,14.054579273811841
1952000000.0,0.9720913473521652,0.0010192250378998015,-63.537431435956826,0.06592752134884165,0.0006585516452461183,0.0001672294878800528,-140.3442323881992,15.396617614806614
1952125000.0,0.9738265257657006,0.0012930501279747597,-63.717446895563334,0.04927035105888565,0.0007368535694693239,0.00015357778600434647,-134.48700952175946,17.88641431812475
1952250000.0,0.9733402880970468,0.0011209622028685998,-64.00745338607962,0.07219773563667499,0.0007259927743556694,0.00014086909340014643,-135.56240662036495,10.298373260575802
1952375000.0,0.9714208746935118,0.001373246400970229,-64.17837002952952,0.07124377782509313,0.0008679199296913236,0.00016095906789636964,-125.94609590119008,9.330194696590997
1952500000.0,0.9715105561488853,0.00087610285574264,-64.44348751176057,0.062161212255443465,0.0008213633218582473,9.025465125211611e-05,-125.50942870308913,14.20458190629145
1952625000.0,0.9715120682027756,0.0017266205702446838,-64.61794191510184,0.06308086182455022,0.0008445603932563699,0.00016114657913269325,-117.58720084304495,7.289161784082776
1952750000.0,0.9747808423658438,0.0009913344273869663,-64.70669553514736,0.06896277163624111,0.0008734736988298558,0.0001793063597683293,-123.43729943369478,11.341262765637666
1952875000.0,0.9743148585362947,0.0007569175461667322,-65.1437335771257,0.07983552105782883,0.0008729787597728816,0.00011658176737054542,-119.81534909975987,11.57594449666415
1953000000.0,0.9754079436237141,0.0012787830465180712,-65.13386889092939,0.10025546959586079,0.0008995756503501216,0.00018310665348605934,-116.72286812547094,8.292310404125928
1953125000.0,0.9745828331013758,0.0007154117239485407,-65.28689463042703,0.0831639214039307,0.0008833939347939451,0.00021020231607591703,-112.34309207476211,11.15644774815258
1953250000.0,0.9751388122287918,0.0007022306599988312,-65.31865083160758,0.07212553078399463,0.000929043822621145,0.0002045949636939606,-110.24032916893279,10.811360239808735
1953375000.0,0.9736696793114509,0.0014020036228172875,-65.50168049098167,0.07021566937451655,0.0009489415799243911,0.00010693183055043703,-106.55044483663471,9.756568277614164
1953500000.0,0.979186010225569,0.0010078610267829267,-65.64447920658965,0.11061433929612431,0.0010103079053544698,0.0001925032540106182,-102.09028453280322,8.279892495668737
1953625000.0,0.9787346667331007,0.0012467507273547372,-65.8420569547217,0.1033829112865584,0.0009191493517221541,0.0001733765382025611,-100.25697564794265,7.395002052700602
1953750000.0,0.9804719368955174,0.0011070333598224462,-66.07729584016406,0.07687225069042958,0.000996641424232662,0.00016453270917315063,-98.3096385691957,11.827865082985491
1953875000.0,0.9811889685026464,0.001329507489162018,-66.34923676939015,0.07960833553631771,0.0010448495182970266,0.0001637953417578497,-94.06116579211889,9.353873533526288
1954000000.0,0.9828503724387158,0.0014470673195699324,-66.32819233529301,0.07015893437424497,0.0010290179909545599,8.875414674348809e-05,-94.73369178511425,9.007099846505875
1954125000.0,0.9827520140646223,0.0011744224187426192,-66.3665611650877,0.09250511511099314,0.0009926174349102976,0.00013924414773893107,-89.58313243707565,8.391767638733509
1954250000.0,0.9849768910015436,0.0016130934576567859,-66.47881063591913,0.06724456343910339,0.001119024454419821,0.00014272391962495234,-95.27378269735226,5.335338141875694
1954375000.0,0.9862451397074794,0.001121507818216078,-66.52370463410188,0.062451308529561794,0.0011137142221362636,0.0001732495895174759,-94.20925345034671,8.50937565233914
1954500000.0,0.9874930749183323,0.001609377714978556,-66.72100499752284,0.0642465555326264,0.0010508809027208606,0.0001891499142608365,-89.19433469313527,9.223854918430419
1954625000.0,0.987595555671295,0.000993934974723772,-66.81280153112286,0.06151801398715062,0.0010593755341434335,9.026693824260799e-05,-88.2711698656994,8.348522204981654
1954750000.0,0.9879905767309733,0.001257375341085223,-66.82934676758133,0.04901814408310979,0.0010603533406610658,0.00023521160757033075,-85.29786960358003,8.71524938822095
1954875000.0,0.991402819248375,0.0011504309151817982,-66.93700128694238,0.10604929415965354,0.0011133366276101606,0.00016377493747023883,-78.16254146649156,7.238731348778476
1955000000.0,0.9924000647931415,0.0015536392978179115,-66.96586352307966,0.07096689894334407,0.0011393705634078668,0.00012440363486772234,-80.99578124146291,4.9746516499366775
1955125000.0,0.991221860912547,0.0015339769314777316,-67.07596689369944,0.0796632759385004,0.0011247346754898705,0.00016519731648759222,-73.84202236543663,4.337672722156434
1955250000.0,0.9932257112457746,0.0014800710073313308,-67.09953200206533,0.0580382443147886,0.0011496945844913268,0.00014647714028088478,-78.51801959054517,6.885957164539634
1955375000.0,0.9966580742419938,0.0008502799331997911,-67.00300398824211,0.08414099049954665,0.0011405833487221086,0.0001836906423350483,-69.6813301282052,8.2809011707468
1955500000.0,0.9957181295017128,0.0011743779114278972,-67.10054798625762,0.07702660767397078,0.0011457214283797559,0.00014446701133181814,-72.53315994361377,8.274721726586774
1955625000.0,0.9967616458634226,0.001070313127022597,-67.25167130780741,0.07179139183035936,0.0011539891745408148,0.00019643730104465214,-68.34755664006799,6.2808020375825855
1955750000.0,0.9996057046022659,0.0014476853000840856,-67.1915374398671,0.06980793474695357,0.0010365925391870574,0.00016798203683874143,-67.40216538767869,5.477398811771702
1955875000.0,1.0001527077397891,0.001583456872942284,-67.21629409095537,0.05380608630728752,0.0011062238602073653,0.0001477192793571977,-67.7536464862735,11.144899395556841
1956000000.0,0.9995855167093853,0.0010962396612556645,-67.16814608217861,0.04494012881484043,0.0011063843587108405,0.0001437402268920819,-64.87652040497716,7.395469276547198
1956125000.0,0.9999105250125421,0.0013480990158027206,-67.35246498966342,0.0538457535474032,0.0010942718646627133,8.945252427683204e-05,-63.85596828811766,7.271870346491377
1956250000.0,1.0034118961494,0.0007551478546501975,-67.20505795246245,0.05625709850880795,0.0011453155358054487,0.00016362287320545856,-54.81231340789244,5.25945439778784
1956375000.0,1.0057610713498186,0.0015245924793198602,-67.23719325908682,0.08590704042033372,0.001157120008304909,0.00021522198233209555,-60.528976345880295,8.5540352296086
1956500000.0,1.0035231240571776,0.0008609739950861596,-67.28506726476233,0.07718354736927892,0.0011693996107743339,0.00011111967503454686,-51.699698472006354,10.172892569589164
1956625000.0,1.0053399909637255,0.0018098306721668384,-67.24769937539668,0.0627986255542664,0.0011038703982495922,0.0001700697339277248,-48.96747022595885,4.3154255745247685
1956750000.0,1.0069765976176472,0.001121082508184269,-67.25834859446314,0.06836959296910422,0.00107890745079944,0.00010780388156822895,-51.69107013207644,6.383934409103444
1956875000.0,1.002792911956536,0.0010819360467527927,-67.23375208813934,0.09155373308911452,0.0011133094586987613,0.00011476343608029309,-47.9557008907497,11.96001412250249
1957000000.0,1.007930501830005,0.0020013045697505664,-67.23097333307565,0.06650953599610915,0.0010519387879160717,0.00018713566368460063,-49.04362266743555,6.282039603108095
1957125000.0,1.0037399450023363,0.0016572548075974318,-67.24980111870802,0.0788986729850632,0.001034309847364721,0.00014134340967310793,-44.027973762112296,7.5974487826523776
1957250000.0,1.0032321097730603,0.0012437868028790818,-67.15154980490749,0.06522264244082977,0.0011209862036474139,0.00011679536499715068,-41.80673674207429,8.097282206051009
1957375000.0,1.005462684762604,0.001243043836435009,-67.1114463183212,0.05673248583716228,0.001076905458303863,0.0002303122978640917,-41.1990934355327,7.517177279161666
1957500000.0,1.007430925746101,0.0009201777189299595,-67.10768110423807,0.09270804467934468,0.001105137728720727,0.00017411800990250282,-35.41843676659667,6.992674833319334
1957625000.0,1.0039145671284513,0.0015011115846411225,-67.0629022665794,0.10272430582468127,0.0010959224988382765,0.00015146863004490574,-34.92409877285904,10.071590567480703
1957750000.0,1.0053934432630447,0.0013980075371291384,-66.99185321827828,0.06380429546880706,0.0010620345620922743,0.00013271919431354754,-36.97536768078563,5.562510443439936
1957875000.0,1.0040772485316585,0.0012584202226496,-67.0532180356801,0.09311347715537967,0.0010083942955588568,7.21820709836741e-05,-35.75386313940354,4.5019990346802645
1958000000.0,1.0042338884594024,0.0007672547274856206,-67.17569790889,0.06831514930746851,0.0009550976528637372,0.00015932908743596693,-29.904233307022373,7.674866455017943
1958125000.0,0.9994189743373358,0.0011394740229523628,-67.19994438807409,0.07421811434991074,0.0010190103736896776,0.00014130156180590205,-28.80559717834786,6.877546450832813
1958250000.0,1.0009555062296875,0.000899725697461972,-67.03932694457555,0.1192190986608416,0.0009943689120782166,0.0001815608694389989,-24.640608582014952,8.365392947077208
1958375000.0,0.9990576372857243,0.001072293225917197,-67.01388203951075,0.04579543138822116,0.0009654513694564464,0.00010897543894605293,-18.82218456761006,5.785982995291369
1958500000.0,0.9984046130878905,0.0009989772820147053,-67.13015389466942,0.08472961355300977,0.0009441915684450445,0.00011566724112175901,-22.25156752151097,5.990046399007548
1958625000.0,0.9979220553036077,0.00098565530442964,-67.22712534542124,0.054234471273969874,0.0009290244496797459,0.0001627453921444497,-21.528198563722587,4.901379709918503
1958750000.0,0.9981126303374861,0.0008332256204894469,-67.02189253475045,0.08548508679639744,0.0009778355919819175,0.00013315222198556075,-22.07839367433516,7.327073881130457
1958875000.0,0.9948776770490403,0.001166845469288343,-67.1651373505767,0.06718991239615824,0.0009278110404090288,7.532291524202223e-05,-14.35074183687644,5.836621011891646
1959000000.0,0.9899829407896557,0.0010080651258941402,-67.15897125494791,0.072940289111499,0.0009105493963840112,0.00017678209944983422,-13.841617371980252,10.006782016288577
1959125000.0,0.993921931417931,0.0011532240317242892,-67.18430146851841,0.08332712562392354,0.0008547714171613747,0.00014590422131876548,-10.131792508124105,11.77027416068689
1959250000.0,0.9928554831020738,0.0008146217790504655,-67.26649070617113,0.11368177378711788,0.0008608876615533881,0.00013014045481964164,-4.090682787663753,10.232610584639646
1959375000.0,0.9911365060113617,0.0011950221321167472,-67.17273986297427,0.07206848967096313,0.0008808578457689195,7.135436198538194e-05,2.004348831978715,5.46869132884721
1959500000.0,0.988727248017507,0.0009384022556657046,-67.36830662356877,0.08629862364963797,0.0008758036974588969,0.00013157705466002912,-2.2461302082660954,7.6942486937047425
1959625000.0,0.9851757683798001,0.0010768077931597533,-67.33001685480947,0.05890355251861813,0.0007600085729198908,0.00014623252110111234,-5.355346835916008,9.158962411966954
1959750000.0,0.987842120247838,0.0009821170672668672,-67.28457878985736,0.07628775099662106,0.0008098897818672369,8.615674242301046e-05,3.6230624908041045,10.136184758959253
1959875000.0,0.9852867171663442,0.0015038595308006352,-67.58954160629618,0.07107322395400924,0.0008200643207545811,0.00016611746284840223,2.324593413199516,16.11700393984214
1960000000.0,0.983116271069777,0.0012689191096964035,-67.45807198263822,0.06208197553148757,0.0008122606697208929,0.00016106696734470523,9.319000535582651,10.112448942331987
1960125000.0,0.9808903173799959,0.0011718066672902216,-67.69857599066017,0.08020918530640142,0.0007560834234446501,0.00012310736260742375,7.9502198555710955,10.581907625787908
1960250000.0,0.9805425002199897,0.0015623490750849404,-67.66297559285509,0.09071119978077168,0.0007086114071820013,0.00016690481077342672,12.868693831649583,16.054053436736453
1960375000.0,0.9788501874813953,0.0013962935642868358,-67.77277196464684,0.09907868205547055,0.0007768035791327925,0.0001529402026715762,19.843084615380914,14.457017429518558
1960500000.0,0.9758835427371957,0.0007026185396606772,-67.8363428375386,0.06322836732792174,0.0007944203767129985,0.00011192570076714231,12.235973161267669,9.976916533354265
1960625000.0,0.9774270876303992,0.0014617852801635763,-67.96986376962872,0.09268522042446951,0.0006681681069443149,9.744468930022786e-05,23.309091877907164,16.16630542424579
1960750000.0,0.9770018917818817,0.0011775195875465953,-68.04864284038652,0.07110493568052838,0.0006634034986493357,0.0001402290608171209,21.17249377028542,10.468904035589732
1960875000.0,0.9765751545251393,0.0014842169806442561,-68.10281751771441,0.08173696451992334,0.0007699374977152237,0.00016398586343379474,26.543966267416092,7.956506572255627
1961000000.0,0.9742086846559534,0.0005640735991421213,-68.3460190615211,0.08922407319643409,0.0006192980998329286,9.640836069139407e-05,29.34333290272855,15.604509885201658
1961125000.0,0.9736608839656871,0.0014549078338907582,-68.36998444817716,0.08676452972349585,0.0006225920157320585,0.00013410242785483163,38.09092191818723,13.189501852117626
1961250000.0,0.9706438934352739,0.0011488183927443108,-68.51832603991893,0.09290406165537068,0.0006977685377546827,0.00016786368495348724,34.13986235617417,14.325356884442446
1961375000.0,0.9711641438690578,0.0011728302085670028,-68.5190825455057,0.05223032798910319,0.000574445300293802,0.00011518689614685779,43.849155643849876,10.703110295597181
1961500000.0,0.9716960906575667,0.0012067889019894173,-68.79064834815554,0.06910925826070273,0.0006913603753535254,0.00010520566825497925,43.628078752552966,18.4981985854159
1961625000.0,0.9699584995269409,0.0013198327595161786,-68.95762990799498,0.0911004575378064,0.0005300516288178102,0.00014299680670025214,43.74437763594086,10.27537956667168
1961750000.0,0.9698547246746267,0.0009473608820395985,-68.96340689269027,0.06640459692817853,0.0004606798944667271,0.00013551381222002908,48.71862701639082,14.949072116227505
1961875000.0,0.9709248408921951,0.0011492265930575082,-69.00960855659322,0.08538443883152295,0.0006246879137122447,0.00011980887272490274,40.71459841031746,19.259049538858264
1962000000.0,0.9714329148388482,0.0011921580437566136,-69.28116167151703,0.09384237864228077,0.0005592418680893662,0.0001231294920777753,51.877122295173656,9.933026429157673
1962125000.0,0.9703030989109533,0.0013382386367505382,-69.42183816429394,0.08782564470626494,0.0004897029165609033,0.00014101448561241352,63.56752626486315,17.738953577051994
1962250000.0,0.9725864491841162,0.0009433766879274381,-69.63776972746848,0.07666666140329097,0.0004802746735119492,0.00016241336486095816,50.075355449231296,27.467302023065518
1962375000.0,0.9711750024497363,0.0010072182405938671,-69.64683921076437,0.08232718631034848,0.0005603742025541764,0.00019363865947321713,68.93142634148516,14.021291717537773
1962500000.0,0.9716423052941436,0.0012008826884137762,-69.56050031447127,0.08489708282174616,0.0005061669154886588,0.00017313038256591096,74.05453313688663,16.100389868688552
1962625000.0,0.9749881453154208,0.001089414510127731,-69.96349099207308,0.0786373719681668,0.00046393095328159357,0.0001588952056167227,78.21214516030585,14.298384923323056
1962750000.0,0.9740828912412324,0.0013669808727826956,-69.89663302864382,0.06526529024901424,0.0005128206101545703,0.0001623491518951033,76.20780667931432,21.80357894920566
1962875000.0,0.9721898036012588,0.0009712650571797136,-70.19953934133636,0.06336899219825978,0.00048732789185147,0.00014773570727159475,76.6429250497479,12.184842973789708
1963000000.0,0.9749447235227149,0.0012075829451327657,-70.38765749190671,0.04152738339692649,0.00043635155719555784,0.0002155253345058526,80.39873833940293,16.84770206952458
1963125000.0,0.9745077559254823,0.0013634495346453264,-70.45643389688507,0.06003291190424459,0.0004427372103944402,0.00015220594999833823,98.22836605876802,14.624373003648273
1963250000.0,0.9774353532729585,0.0013803614098481726,-70.42604373297316,0.07091959698431909,0.0004559671546912383,0.00015125492015768106,87.92485919757988,17.515110113859187
1963375000.0,0.9778013515109362,0.000884026437673358,-70.46531172610952,0.09729904451015557,0.00043545281939832606,8.604009006596717e-05,91.70106981537626,19.466405776519654
1963500000.0,0.9779893170971437,0.001270137564248214,-70.38838237132619,0.05522866376761073,0.00044977336817773027,0.00015804388213456742,98.46078920481139,18.066693573390026
1963625000.0,0.9828934373279019,0.0012553018899804469,-70.57613659445936,0.06603043849940925,0.0004029299846708233,0.0001248886614587074,108.34255845124628,21.810850108776787
1963750000.0,0.9795411515314629,0.0014440311948604894,-70.83885066411612,0.06817088200557347,0.0003952209343877505,7.496518923815258e-05,115.05880635828873,17.947735232462136
1963875000.0,0.9810434622365735,0.0011499525054957894,-70.6631398622168,0.09099795634613654,0.00046587530453403247,8.294939195904724e-05,119.2562757005906,16.604075677259836
1964000000.0,0.9816471483392887,0.0011320554165948516,-70.89564602304841,0.0825793031904967,0.0004600804511269558,9.160469586501314e-05,118.55259936819539,17.784722912819355
1964125000.0,0.986224810073129,0.0011401310396006125,-70.97999187934983,0.051416082361575646,0.0003870083019907884,0.00011677354753127977,128.73564944116555,29.154976089712953
1964250000.0,0.9855997926952842,0.0014814578624290783,-70.99848958240331,0.06368203211956754,0.00046777712348873443,0.00010056794056967973,136.92456325037907,14.865322111758305
1964375000.0,0.9884290325546262,0.0015299339654675495,-71.0893548177119,0.06971403659972238,0.0004894918071630747,0.00013572074654117668,141.58663186616266,20.918288562702852
1964500000.0,0.9872968729208691,0.001311754708600581,-71.03076670662128,0.1266157522561354,0.000412858523239893,0.0001975455291089325,116.8160168728883,98.69632073327293
1964625000.0,0.991195972904817,0.0008801466158957543,-70.97910403553875,0.06019940068738127,0.0004417607192846349,0.00015664860049046005,146.25346474030582,21.758202686783218
1964750000.0,0.9919412302075312,0.0010374559256232806,-70.96709086993157,0.07681857722620299,0.0004956325424274895,0.00012759906144527527,152.52862357593187,8.264777697216989
1964875000.0,0.9931683973778591,0.0007243397650142829,-71.10150681857975,0.05462069286904678,0.0004051713107279571,0.00013512765752742348,120.00755126088156,105.59288629573626
1965000000.0,0.9954960172395548,0.0015038809837469606,-70.99621811016485,0.07403340972082312,0.00044889752524089247,0.00018474100938550275,79.74778079915141,133.1594833425331
1965125000.0,0.9954933503789518,0.001489071248056367,-70.95102265996397,0.07204606845718631,0.0004576634218558287,0.0001575526031277711,153.22862716650928,22.28617254180973
1965250000.0,0.9973747599859256,0.001256703982442144,-71.25494283858953,0.07880905807704013,0.0004903671457440313,9.996498922358455e-05,160.26045875533958,18.823570070351902
1965375000.0,0.9967529252791301,0.0010275402071917464,-71.16940180124372,0.0925201101216786,0.0004914330023106444,0.00014590606396480213,159.10038776815583,11.984793861684732
1965500000.0,0.9957812541911046,0.001024616249204904,-71.15433732539238,0.08067693004623618,0.0005482061057844127,0.0001300237942301807,-34.869279829610534,172.77365778461498
1965625000.0,1.0021603339481748,0.000865468120891509,-70.88341912182996,0.0920372757064037,0.0006064722373069398,0.00010945904909659231,64.03825212006939,160.98729975716483
1965750000.0,1.0012582262782246,0.0006571120734482652,-71.0457523106454,0.052852619539866884,0.000572309205435388,0.00011107351441618729,100.75036308346793,143.556619956735
1965875000.0,1.0017289759305938,0.0009984844640475346,-71.00390222667085,0.07154492345241288,0.0005698290054459542,7.349254891070065e-05,33.954720692287125,173.23138859740826
1966000000.0,0.9990929467837104,0.0011963760395336516,-70.93342677522186,0.05313712251699045,0.0006018471422148983,0.00015703143095770932,-31.019370359879627,170.9109391523355
1966125000.0,1.0024783006152769,0.0014741732801589371,-70.90965501631716,0.057296842405904276,0.0005996977974839961,0.00018096034097811405,9.678146670982324,172.3401800312899
1966250000.0,1.003233233273511,0.0012201322438386301,-70.87309066086826,0.06251125136749583,0.00059943009403291,0.00010811543140856973,-28.837112226473813,176.15701446359847
1966375000.0,1.0042092141077084,0.00138044912617075,-71.03773669807855,0.08853677396241791,0.0006443453072002317,0.00010073533578524072,3.2657350913947454,181.07407629193787
1966500000.0,1.0033497700865057,0.0014456673763636743,-70.90692862266603,0.07242110256132428,0.000570332984979941,0.0001490550019375596,-53.04538598987701,156.4019085373248
1966625000.0,1.0059405447657686,0.001259213790372304,-70.83845805994561,0.08151082344103681,0.0006280349409436845,0.0001799735748753886,-68.00898270332773,168.70588150235827
1966750000.0,1.003620348231029,0.0012998050568587879,-70.65929479603831,0.08278900219798396,0.0006615806615247095,0.00014935128300451242,-158.6495461653049,14.512066828488098
1966875000.0,1.0053608439599915,0.000760814594601846,-70.66837524935704,0.06929278930581596,0.0006228945984315393,0.00011435686524419742,-160.37458395673588,13.196209600976974
1967000000.0,1.004025367483644,0.0008446507648948205,-70.65620323718707,0.07822355121849127,0.0006479251745453707,0.00015347977484343931,-159.84167476459763,7.847344662159116
1967125000.0,1.0007896430750374,0.0010882166082558681,-70.76190519418063,0.03667467953731196,0.0006335843653139192,7.444552746961686e-05,-161.35281563419062,10.30703421344496
1967250000.0,1.0028913879433834,0.000980883686666153,-70.70044934869968,0.08312496340666886,0.0006954482647584836,8.18811248250324e-05,-159.38234435691447,9.477136969758165
1967375000.0,1.0049087790915803,0.0011129039566244356,-70.54911320889707,0.08214618072814618,0.0006642596484069251,8.582850887034937e-05,-158.95560546928178,9.93880277244631
1967500000.0,0.9988049401751053,0.0009124907038084538,-70.58930139778924,0.06140627166738781,0.0006520640087293253,0.00014129135426737505,-154.2571315217851,9.50256874595676
1967625000.0,0.9983853569941266,0.0012251860613095797,-70.6688354817364,0.05211711891869168,0.0006697927205258037,0.00012210931679568505,-153.50293097618575,11.575357284463491
1967750000.0,0.9989021218540207,0.0007052590899507487,-70.56583315280871,0.08505457943642485,0.0007568263410097827,0.00014746124431960317,-150.12633911172608,13.909238179654395
1967875000.0,0.9985537964647118,0.0014624874220960367,-70.41604176768827,0.07445615258995186,0.0006253670578178094,9.728189943209704e-05,-145.5727761515482,14.496310106352116
1968000000.0,0.9988284740838087,0.0010486946571901794,-70.49341854017071,0.07576602784708703,0.0007247325452920575,0.00016319874440278847,-150.23235484872396,9.906862152323061
1968125000.0,0.9962357935393804,0.0008221494794105266,-70.44274702015593,0.038238884084743574,0.0007099565001496396,0.00014115677614203983,-141.7887068965161,7.87792577492131
1968250000.0,0.9983455733077077,0.0010921957538975546,-70.31890202630878,0.08165617066105145,0.0007895154247564095,9.310165867348316e-05,-145.01590419748752,15.317964845491396
1968375000.0,0.9970228897767119,0.0014745405323988473,-70.30148358857186,0.0970569799314591,0.0007283644140618315,0.00011328633927225763,-142.82127117854847,12.5987393216489
1968500000.0,0.9917057156957216,0.0011605835878809889,-70.38491146443309,0.06544072913730226,0.0007366655582287749,0.00011584490564461796,-140.2519662429343,13.973471270379159
1968625000.0,0.9909826727057948,0.001017918618294957,-70.35724664422493,0.059359250480530375,0.0006482838396530792,0.00014002539360300027,-136.28456710813174,6.152957369181528
1968750000.0,0.9894202490128956,0.0018912258498670173,-70.50196405209606,0.05595416633662487,0.0006219396721691897,0.00016109032542867843,-143.6663060137491,14.316889525132735
1968875000.0,0.9923418435116866,0.0016216179403003362,-70.44352062001528,0.07554584282697231,0.000696049277580425,0.00011885530420580496,-108.48649268950282,100.46959841807288
1969000000.0,0.9891069133313954,0.0011104633973386046,-70.34939258023644,0.05301722671870979,0.000781080381595054,0.0001395679202866119,-136.1152140118723,9.825975472218998
1969125000.0,0.9864798880748278,0.00114556622019578,-70.47057437924978,0.07837881915875829,0.0007279674709776561,0.00016078106563434673,-134.07366020739443,12.938874150370442
1969250000.0,0.9825926548915999,0.0011415427249325013,-70.46403963943985,0.06927379790692136,0.000687160641299281,0.000146276904671135,-140.1291057030485,15.101930640660889
1969375000.0,0.9836105399097732,0.0014776064562254502,-70.66962570833402,0.062010102070598906,0.0007791970547686406,0.0001400039855767594,-133.9245092355874,14.733818331933026
1969500000.0,0.9843462722958811,0.000880352179589929,-70.69556165852663,0.04754879349013869,0.0007445901194270715,0.00014054590673209715,-133.40787147477593,11.661305081849571
1969625000.0,0.977350560911646,0.0018669362974562847,-70.75538411854488,0.07541889657852362,0.0007193274760302725,0.00012828039303901029,-134.03668884109743,8.91807443622663
1969750000.0,0.9781456450824544,0.0013104884491111756,-70.66437329978118,0.07698975990144788,0.0007335663621028224,6.435637242415374e-05,-130.17921539026133,12.268226240249223
1969875000.0,0.9796299780058536,0.0015672660107289619,-70.93255418252957,0.07295422663627638,0.0007175915584251196,0.00011479806364778102,-137.35659812086683,10.098799922435024
1970000000.0,0.975277859421225,0.0011933961118869537,-70.85328868305464,0.08605487903819563,0.0006766305798229033,0.00012091259893161178,-133.56845077384193,10.731923492284723
