Frequency [Hz],S11_Amp_Mean,S11_Amp_Err,S11_Phase_Mean,S11_Phase_Err,S21_Amp_Mean,S21_Amp_Err,S21_Phase_Mean,S21_Phase_Err
1895400000.0,0.9800049776300682,0.0005554716360378818,-78.18954443537288,0.03205913414212825,0.0034325757311612394,4.262560449229471e-05,-125.54773476724286,0.7127485352937495
1895402500.0,0.9807817761035733,0.0004819358585127296,-78.33747959208821,0.031151230896548473,0.0034131113408792167,4.3565960039459396e-05,-126.05339114376471,0.6708264173670215
1895405000.0,0.9813108364327927,0.0003985762074150437,-78.32431719426758,0.0368666608433349,0.003426595132856749,5.014958915544517e-05,-126.05213545025654,0.8799731398072296
1895407500.0,0.9806276909636064,0.00036034344304360056,-78.18114786557555,0.026053108403011307,0.003452386102980446,5.246331058484885e-05,-126.3608692612552,0.946419764384131
1895410000.0,0.9815932673271743,0.0004649995835851854,-78.32484162012459,0.030183834060525695,0.003460791021652475,4.7376760693596806e-05,-125.75748638783007,0.9603624390079001
1895412500.0,0.9814647578079453,0.0005919181193798966,-78.31496381388352,0.03151171697103337,0.0034644642469273306,4.452875933494166e-05,-126.09967770358978,0.5488295525792747
1895415000.0,0.9814780695968953,0.00039805836796870397,-78.37960800595327,0.035002889646182596,0.003458673539102111,2.4012729284525246e-05,-126.28775846586588,0.5500453129279189
1895417500.0,0.9807909603960853,0.0004466557478022321,-78.3896704914283,0.03416423674634372,0.0034506067540890414,4.067169278955187e-05,-126.61146890768408,0.5504786053083932
1895420000.0,0.9796302251428243,0.0005971079073776813,-78.33377320736807,0.02125716401510155,0.0034400541495717613,3.5178922786353394e-05,-125.76546571913217,0.5227241455901623
1895422500.0,0.9811464497620458,0.0004523129619425851,-78.372095476741,0.030343861364803167,0.0035051020157507605,5.890283723794488e-05,-125.82140964058543,0.7835283747487246
1895425000.0,0.9816418578340416,0.00039300416624177053,-78.34472275262591,0.03908226870594274,0.0034669943985801252,5.151848417959297e-05,-126.31109647683189,0.9684257654901834
1895427500.0,0.9789281188274327,0.0004669848636212594,-78.42471930666665,0.030274989312656125,0.0034536454770078104,3.8597133856732444e-05,-125.92813146743403,0.7886476925911353
1895430000.0,0.9824437735819648,0.0003599956570813816,-78.3723900064321,0.034202669142499836,0.0034786230172703684,5.085136853975846e-05,-126.23376588112622,0.8960349843165882
1895432500.0,0.9807509920595003,0.00034916297466918014,-78.46015370132613,0.03338724875321311,0.0034580126967595605,2.3709979585244724e-05,-126.08115536155931,0.7667791821515483
1895435000.0,0.980096322803627,0.0004681244318329299,-78.54532994161742,0.023172455755329873,0.003471466995413935,5.430960796865109e-05,-126.49880625353953,0.7900538734223584
1895437500.0,0.9812107041543748,0.0004104462901817488,-78.42262140006096,0.03161612918418288,0.0035026295979752476,5.711454806220201e-05,-126.09701289843842,0.809368971572691
1895440000.0,0.981532742412461,0.00036822625866252286,-78.35694164823701,0.03261857165205232,0.003490652888957591,4.5075977079232746e-05,-126.18645320177127,0.8959973882371316
1895442500.0,0.9794177227354091,0.00031495074277769784,-78.44421302969836,0.03966914289392312,0.0034912998755165232,4.7759291698013774e-05,-125.95232180517537,0.580500067580098
1895445000.0,0.9799821461028928,0.00046940820331422807,-78.55843132905869,0.017497767102369177,0.003479954955673914,3.433110841007313e-05,-126.40304843896763,0.7260370712396037
1895447500.0,0.981203677459834,0.00042767178396454505,-78.51526834094156,0.016411323789443412,0.003502184425139023,5.552765843566008e-05,-126.32756496986552,0.670315194250634
1895450000.0,0.9788907356963499,0.00039063752651327953,-78.4917930075288,0.01965843903106532,0.0034891881282023045,4.331715049255787e-05,-126.23719443081164,0.5811633441515991
1895452500.0,0.9824404097237709,0.0005558100573153243,-78.63418840428996,0.017017755820681157,0.003521013130270282,4.458023586183661e-05,-126.01021543475193,0.8482848063192665
1895455000.0,0.979140048430714,0.0004180172708251583,-78.62189242630275,0.02458382603377664,0.0035036185425495504,4.135232793756507e-05,-126.28519039837319,0.801670978537691
1895457500.0,0.978710209095817,0.00040182681342509197,-78.50004125463506,0.02350714062647526,0.0035352657568937865,6.555806611367657e-05,-126.20354495518785,0.9423473714776645
1895460000.0,0.9811978168251468,0.0005168533968229558,-78.55361899523984,0.020764252889931653,0.0035133095676696713,2.9656722258948757e-05,-125.96454505864287,0.9432734762645811
1895462500.0,0.9809919830539962,0.000562115942908232,-78.53209840786008,0.04453765116812423,0.0035086436494366,4.51856512058991e-05,-126.01322447202087,0.4891015710521308
1895465000.0,0.9820380693293616,0.0004863257917787494,-78.6282514367783,0.033424328636903734,0.0035193303117416756,4.2066786300081395e-05,-125.99749086381287,1.1057181479164802
1895467500.0,0.9808350325564364,0.0005187622595506223,-78.6885919707903,0.027167541625103275,0.003531470621051919,3.6473186820904824e-05,-126.15851443103641,0.9327479766557927
1895470000.0,0.9796413757998338,0.0002858653937410188,-78.60668022824679,0.031950741334319285,0.0035605087949046,5.548640030321742e-05,-126.36730624969591,0.6934140353165558
1895472500.0,0.9813792327259374,0.0004847400718082939,-78.56685975133348,0.024645347755441478,0.0035515778667989622,5.0385728014102256e-05,-126.13223334575558,0.669229958883818
1895475000.0,0.9816812288724086,0.0002586209815368779,-78.66693494206385,0.028104890235252422,0.0035436874737489175,3.5878792238736816e-05,-126.09105090799326,0.6443251653987062
1895477500.0,0.9811254403956271,0.0004237389611209314,-78.69297113007408,0.025517211023627463,0.003552624037723935,4.3913559374922566e-05,-126.8278261378554,0.58982495137486
1895480000.0,0.980459178535304,0.00035273012599412273,-78.747720906456,0.04110380006157256,0.003564860158260704,3.935420625993842e-05,-126.21396602742668,0.8437503739585633
1895482500.0,0.9800243744411161,0.0006189656072552948,-78.74740187191219,0.02030096997073656,0.003569754214180347,4.514718519360347e-05,-126.46541319255438,0.817208987120331
1895485000.0,0.9806116187102806,0.0004735497382347653,-78.80727146419763,0.017401598418598032,0.003566820526453353,4.470203064426159e-05,-126.31149139798057,0.484019972172778
1895487500.0,0.9802426220427348,0.0003390997717689635,-78.76140094612975,0.02785654650418333,0.0035387731195539907,3.789290846122817e-05,-126.81202174695893,0.7698369103411807
1895490000.0,0.9815433470390017,0.0003775132512132746,-78.70331143436363,0.022746435512275107,0.0035615703533014354,5.370816548476983e-05,-126.32218436199287,1.007603092711328
1895492500.0,0.9799226672837847,0.0006589169828125445,-78.89712354960788,0.024385952139348712,0.0035593479410677108,4.105159273445731e-05,-126.82503119631416,0.6661508928915983
1895495000.0,0.9811998942806434,0.0004846994505984099,-78.78979455403292,0.037293220710169106,0.0035967660740430767,4.424737555815065e-05,-126.58334336522424,0.46915236726177756
1895497500.0,0.9788758795854504,0.0005454523040003575,-78.73660541057188,0.023729607538753236,0.003578104689133472,4.6718240876368e-05,-126.67943598857937,0.5544725722378347
1895500000.0,0.9804899231527197,0.0004997922800306435,-78.92920491832662,0.031687388691339476,0.003603673508815002,4.775681367550541e-05,-126.17651975923503,0.4797287706480849
1895502500.0,0.9814449957883941,0.0002873198519755713,-78.80553663282556,0.03342287043981697,0.0035989898383828934,6.482234461946885e-05,-126.43208073960137,0.4593716850606652
1895505000.0,0.9803351061771265,0.0004232669661090476,-78.85521215561096,0.03616479234812562,0.0036133986601017518,4.1325668744029664e-05,-126.60247675793795,0.9453896332209619
1895507500.0,0.979723187213184,0.0002292696819037471,-78.83174986658182,0.018376072487496987,0.003585236921377301,5.372699308658869e-05,-126.36155767542135,0.8193514096537119
1895510000.0,0.981989621263981,0.0005881501033185612,-78.85777460644533,0.03440678137491235,0.003618172749042108,4.913003957180378e-05,-126.04235383831266,0.8148034445557568
1895512500.0,0.9811757529139499,0.0005946785161086506,-78.99392492700386,0.019893988363000752,0.0036075311136151275,3.979540424926434e-05,-126.780175646049,0.5974889805086525
1895515000.0,0.9805600693447621,0.0003922389872977954,-79.01383132400926,0.02186275166925955,0.0036068164668156995,5.655799774155771e-05,-126.56772875642122,0.7069181764820823
1895517500.0,0.9801093990878137,0.00036993195898680077,-78.95878617285078,0.02451452453732706,0.0036299198745667264,3.8982651569128276e-05,-126.21942343511188,0.5835073621429332
1895520000.0,0.9805333239760063,0.0005627395182686663,-78.96051406523884,0.02683147336783263,0.0036126243152902076,4.2808491606722264e-05,-126.52161016023369,0.28840189908872454
1895522500.0,0.9806957494972368,0.000485611746467034,-78.91989637132453,0.03212144494336063,0.0036268722027281456,4.478411482973831e-05,-126.2789815573442,0.4583412745951212
1895525000.0,0.9809240144664577,0.00046194320338269933,-79.01554600398656,0.024474542020139198,0.0036158042706465163,4.754215941080921e-05,-126.29390923426624,0.638523978820986
1895527500.0,0.9818358598765498,0.0002733361049360871,-79.10094940084709,0.027248053312309197,0.003615500255529708,3.152189745300024e-05,-126.71959943913326,0.8179313751310386
1895530000.0,0.980909676587635,0.0003196127985719012,-79.20245607034389,0.019344203478046912,0.0036167883482152116,4.186747740746939e-05,-126.98081989117175,0.7597183927965767
1895532500.0,0.9800002781314714,0.0003981012638407753,-79.12294598900542,0.02819235693640995,0.0036320661763781974,4.1055459777227e-05,-126.31996114761886,0.67591019729901
1895535000.0,0.9794240238899468,0.0001637657964486121,-79.1070127251497,0.021202634215770698,0.003650165008963967,5.9716369089554244e-05,-126.81077022593811,0.55364048029349
1895537500.0,0.9811004954637366,0.0006458203088342357,-79.10047837782808,0.021788183466709764,0.0036542141772190886,3.8149456873052116e-05,-126.81262105837125,0.6222235576432489
1895540000.0,0.9783198204786588,0.0005322703416957376,-79.0908960948421,0.024444584310966515,0.0036392350386421353,3.578050521969901e-05,-127.08942793177965,0.7849230197045705
1895542500.0,0.9793727243438947,0.0005286625817273679,-79.10942430728198,0.023264782843412376,0.0036398134435183006,2.796695622204927e-05,-127.21296196313082,0.5415269316154991
1895545000.0,0.9807885603093943,0.0003745970297984045,-79.23283751979167,0.023547727534277873,0.003666718422474678,4.018463328631302e-05,-126.76412845345592,0.4639926220366469
1895547500.0,0.980475504686522,0.0005259048917428829,-79.15863054915673,0.021840253238259864,0.0036647445146734976,2.881717074990146e-05,-126.80562556138332,0.5186655377161198
1895550000.0,0.9800326289382083,0.0003730716099999404,-79.1088597778208,0.039884900689894004,0.00366557123248305,2.625741910652494e-05,-126.64040436458689,0.8302686212305855
1895552500.0,0.9788967996505796,0.0002619509841146746,-79.26778400540987,0.027924695214551865,0.003663759883716123,4.9164056164366756e-05,-126.82051865483349,0.28431879121650544
1895555000.0,0.9797484669423191,0.0004105883591549159,-79.10656213793582,0.028952985119231424,0.003681351332582366,2.9830171670485096e-05,-127.02345536605715,0.5882306876065487
1895557500.0,0.9807057841183942,0.0004475139056142393,-79.27210385179478,0.02269084108206487,0.003708364636900522,4.047594251758674e-05,-126.525284179594,0.47924192582002795
1895560000.0,0.9789475830179901,0.0003691130701288532,-79.26811916862698,0.02281908196411465,0.0036852779944603737,2.5747019357415633e-05,-127.18839331071337,0.45275864269735167
1895562500.0,0.9798155092288612,0.0006789414467205728,-79.22804825034966,0.014526177254862327,0.0036888035449968376,2.83693915382409e-05,-126.72838627737953,0.4480057196154109
1895565000.0,0.9783761437451306,0.00045246100004518475,-79.30221292866919,0.016693513903968837,0.0036976105620938025,5.9472375530966745e-05,-126.67656251883257,0.9167172063689268
1895567500.0,0.9764073615386661,0.00035189117951876347,-79.29385942535123,0.02892294830204249,0.00369004338386047,4.753319219434157e-05,-126.9070814038375,0.6992807902546225
1895570000.0,0.979917719041899,0.00027795933644201085,-79.33656047877233,0.03137186679310115,0.0036872380066393386,4.743418590584987e-05,-127.0929090376478,0.495563970865546
1895572500.0,0.9803065487154274,0.0003810604507845201,-79.41102861777992,0.020123555330367342,0.003704747020624357,4.10648343098796e-05,-126.66005363138005,0.5676549340098707
1895575000.0,0.9791148166499734,0.0004712142593875987,-79.46196423726369,0.018897679097686648,0.003700907009409633,4.0567803284111e-05,-127.09098658754971,0.5806454732717014
1895577500.0,0.9786957932235948,0.00038942062280478606,-79.28770252257723,0.026676907154484397,0.0037200540813329803,4.814618852967257e-05,-126.74031184184744,0.8676550351843182
1895580000.0,0.9795807670403064,0.00047388209574631025,-79.37217627458914,0.020961712203033122,0.003704357759137527,3.6746009535288077e-05,-126.61232717717837,0.7220369412286992
1895582500.0,0.9777827135965989,0.00040612223327713695,-79.44332125020733,0.021642583982025003,0.0037258613775926525,5.181980459659013e-05,-127.07362614583268,0.6992915274069842
1895585000.0,0.9787653876517023,0.00035551236871139523,-79.3994457178812,0.032114886064842654,0.0037134895033047134,2.296585955896083e-05,-126.95109871100338,0.7907512598222861
1895587500.0,0.9802912211641831,0.00044482919743670283,-79.41190265837625,0.0280623040119503,0.003717588642786354,2.9192456140364122e-05,-126.96529493302968,0.5340349599595747
1895590000.0,0.9794634250796598,0.0005074812127028731,-79.4304971529883,0.03180606709333878,0.003735873071592366,2.8261121644468515e-05,-126.90617927562666,0.5281909873346358
1895592500.0,0.9785975235934613,0.0004377773526246755,-79.38786448176256,0.029410425062367854,0.0037417721418535176,4.913358926358138e-05,-127.00915518982872,0.6321885659173571
1895595000.0,0.9791588609730103,0.0005854747392572439,-79.51253058889314,0.022546336209874174,0.003748926407065748,4.940278199647936e-05,-127.12222497527084,0.40606626551053454
1895597500.0,0.9786814718909843,0.0005709446010477358,-79.51129345680617,0.0341276304766392,0.003724935520951885,4.094776650092681e-05,-126.79236624338604,0.6939207017233239
1895600000.0,0.980477418448277,0.00036785493352457636,-79.54321946148299,0.029523676775318718,0.003764501528159785,5.883430991072419e-05,-126.96553316069905,0.9358305051815072
1895602500.0,0.9782565012732775,0.00028347836298684917,-79.5139090974348,0.02234936945738142,0.0037322480981586484,5.819567841491022e-05,-127.03477975477625,0.5509459335863096
1895605000.0,0.9805002344489437,0.0004899648960049399,-79.50147210083216,0.03103233513248804,0.0037683838883415042,3.897571580315647e-05,-127.04140749677664,0.5701570711110908
1895607500.0,0.979196407498375,0.000490981156329815,-79.6241245773423,0.03217983670489335,0.0037713308224563012,3.7539881393498525e-05,-126.93177311985711,0.6404730302518464
1895610000.0,0.9797310823797475,0.0005667662782932202,-79.63200536727388,0.04054340620673636,0.0038224746795940097,1.475234306449598e-05,-127.51607546979506,0.5161423380398229
1895612500.0,0.9787709869912422,0.0005008094813931926,-79.67270551764832,0.02698685880770796,0.003756448284951662,4.965853021421408e-05,-127.55892585751226,0.7919162536144262
1895615000.0,0.9791366861375345,0.0006016658338924657,-79.63423716618566,0.03974450414542668,0.003775211588404141,3.703232652518023e-05,-126.9249388474794,0.6328232442615097
1895617500.0,0.977970786088338,0.0004357843302255246,-79.61675929969965,0.03419952893837864,0.003794687095513631,4.587672024735333e-05,-127.02129162197373,0.5650355760305591
1895620000.0,0.9785137309846611,0.00042462029240919474,-79.66939223805954,0.02599274258134903,0.003799810547629434,6.161562188057995e-05,-126.83278526413017,0.33229238936345434
1895622500.0,0.9764402322737875,0.00038012350080263136,-79.7201541029761,0.028843579307833305,0.0038016644055864396,3.529144672230295e-05,-127.39198068809809,0.8177921709496155
1895625000.0,0.9809292887044992,0.0003409175110303435,-79.76815549274224,0.03737607302885258,0.003806337150776344,3.740582096275207e-05,-126.90717729016288,0.7943862306439159
1895627500.0,0.9774751957022377,0.0004374224217424959,-79.75414334935925,0.03829350947694841,0.003812117848251829,4.550605009898243e-05,-127.29639753698945,0.7070204148496987
1895630000.0,0.9798888442449756,0.0005043401923251838,-79.88314456179319,0.026343985024474666,0.003815965261975716,4.0566297116640025e-05,-127.02461012929504,0.6948587484226368
1895632500.0,0.9773145658396064,0.0006135658716598642,-79.91120902906619,0.026532041931651464,0.0038110204230839147,3.342600160831633e-05,-127.05179050142131,0.7110245276776348
1895635000.0,0.977202746783886,0.0005433627567917451,-79.7817581526554,0.036398188318721034,0.0037969141594174517,4.009226194334691e-05,-127.27882940341641,0.37047900440657033
1895637500.0,0.9781706692213022,0.00042186861669933146,-79.88544313715097,0.027149097641181567,0.0038239915444759185,3.2833092802352814e-05,-126.69091436924651,0.3974458266827033
1895640000.0,0.9772154201088913,0.00033804746417935274,-79.86173686038354,0.0266996581236526,0.0038173230535816266,5.9139964132678497e-05,-127.49855588049951,0.45982408454631524
1895642500.0,0.9769070869412757,0.0003208624352972464,-79.83605375783108,0.027444579232419383,0.003825087568000189,5.032344649407018e-05,-127.36259911901233,0.43841186450309927
1895645000.0,0.9795299582802807,0.0004320042754768204,-79.82416468308442,0.039547296292122794,0.003842058940907909,4.708233807347881e-05,-127.14558648852888,0.5296569370875659
1895647500.0,0.9782105537737967,0.0004138540920447044,-79.9103164005326,0.02602348834060612,0.0038697635201361477,2.5231173898816895e-05,-127.51408498199248,0.8967640988078569
1895650000.0,0.9780347140364322,0.0005385818639331595,-79.98286872036357,0.03488828806056455,0.0038597928156512877,4.9564184926890514e-05,-127.57718361709303,0.6720715659120192
1895652500.0,0.9803181468560545,0.0005307708220525871,-80.02439824085741,0.022333937427945573,0.0038723894202491,4.460809257718526e-05,-127.56405554730772,0.4572430180794229
1895655000.0,0.9790532045787178,0.000677001095412064,-80.08890199139633,0.03108687801747607,0.0038592003253307815,4.594525936735353e-05,-127.55374805191201,0.4697368116769288
1895657500.0,0.9783356550102504,0.00040781790365652633,-80.00207659581608,0.035234548922841245,0.0038500585827295486,4.2162633825455303e-05,-127.39816819202726,0.43464937099319656
1895660000.0,0.9769614645412421,0.0002143858512838407,-80.00835121782438,0.028625833676825415,0.0038748313773166467,5.037078991558487e-05,-127.31548852933126,0.6972018590211237
1895662500.0,0.9780572587788366,0.0003888283350028953,-79.92030356034675,0.023127255436267632,0.0038611767219347897,5.314967640184892e-05,-127.1657097642402,0.35148979308103906
1895665000.0,0.97953420704502,0.00047818071396527344,-79.98856903450914,0.03350241213057146,0.00389176418260454,5.370061575043351e-05,-127.12316324068938,0.607076903172764
1895667500.0,0.9764523467468306,0.0006358061174255204,-79.96010573030458,0.02278025419802458,0.0038764697997797585,4.9756196438691074e-05,-126.96250773408987,0.6517132517447501
1895670000.0,0.9769955320865802,0.0005411129717612036,-80.12783049377924,0.034026140975792166,0.0038564510604630134,3.0173508482893138e-05,-127.33197941285363,0.6588797555228157
1895672500.0,0.9778782009223945,0.0004869440630102041,-80.20081181067769,0.04023341325008769,0.00387402754069847,5.011923390300276e-05,-127.65407706872885,0.7286348783140971
1895675000.0,0.9780133393625157,0.0004921296532872471,-80.09455052265145,0.025066419050182646,0.003898131596922907,4.686163595247164e-05,-127.66444271963641,0.39357963905682875
1895677500.0,0.9762831845900208,0.000580114385620709,-80.18163371010505,0.03211948283954493,0.003900956232959444,5.418104344833501e-05,-127.21047616097246,0.5681086268202847
1895680000.0,0.978594440152708,0.00038940762551593325,-80.18625339898261,0.04046226666667503,0.003918380047659441,4.329817271909034e-05,-127.15677475771483,0.941359159243599
1895682500.0,0.9776114927561627,0.0005292107585798434,-80.32946466392136,0.034226844780736204,0.003916553544909771,5.354032746780862e-05,-127.1418985521122,0.5613449577866321
1895685000.0,0.980197961376034,0.00026160640597757827,-80.19669204898744,0.029447369081456936,0.003908862254228464,3.9010932394190814e-05,-127.37985645529567,0.7885166934744602
1895687500.0,0.979241637047017,0.00032862479090441874,-80.20135211466373,0.026503480704216126,0.003941152460656756,4.11854782563937e-05,-127.6692812808331,0.5069936584242508
1895690000.0,0.9780810932833439,0.0003583847625042616,-80.38078887921792,0.03680689413287028,0.0039288853241641825,4.6298909854929594e-05,-127.35502899392473,0.7326861161618791
1895692500.0,0.978105764489839,0.0004409103391073878,-80.2847073741084,0.03623667200739922,0.003924925535620926,4.167577352527696e-05,-127.96246256281907,0.6745697213058864
1895695000.0,0.9783186713063217,0.0004049130194330977,-80.2710542316118,0.02191875500024263,0.003941437073021997,3.715917759549994e-05,-127.56335508762922,0.6771955239608655
1895697500.0,0.9766670493443963,0.0005404254103229275,-80.2908499428593,0.030285996314936062,0.003937040670787161,3.6972750884436055e-05,-127.51983257298271,0.7586589331401649
1895700000.0,0.9765284838832485,0.0004982987022549331,-80.3221879232296,0.0236454791864237,0.003931326808626739,5.1429715020853796e-05,-127.69865248357254,0.5931255065745542
1895702500.0,0.9772105695030939,0.0005367897430887617,-80.28096084312237,0.02371418320160649,0.003968396808127512,7.063702828446228e-05,-127.62533531681201,0.6106884680024948
1895705000.0,0.9759278930749355,0.0005226633510178239,-80.32543947363223,0.025877532858277236,0.0039428892245797235,6.40908194710928e-05,-127.94021148987008,0.5783027552258121
1895707500.0,0.9772167127642575,0.00034168929517920844,-80.43777460911863,0.02452574337295578,0.003948211694622154,2.5316427511482998e-05,-127.7737342229102,0.641588320864924
1895710000.0,0.9763688307943545,0.00043006475330057727,-80.44337503210151,0.02025749583694409,0.003959550387899016,4.070229888831088e-05,-127.41004231288862,0.6880707712146518
1895712500.0,0.9779996563971115,0.000463155265248791,-80.53343355009767,0.03021347355671341,0.0039896309333761724,2.911870774670476e-05,-128.19100804177236,0.6039364949568126
1895715000.0,0.9766061593798309,0.000466127454793431,-80.52880319243401,0.027258547741237777,0.003975271798569162,4.090862254440987e-05,-127.78613955680278,0.6562958366986524
1895717500.0,0.9757233445520866,0.0005205510013935082,-80.48590239690208,0.029734257974708096,0.003948812691505703,4.273389157261388e-05,-127.45113163485631,0.8408053396462184
1895720000.0,0.9770294394138485,0.00034282718466155886,-80.47441306562817,0.029640496403185824,0.003971855924086005,3.078272385268145e-05,-127.74519460031722,0.75622724967196
1895722500.0,0.9777063288344269,0.00031546935862106223,-80.5251975775708,0.0291112154455104,0.003991397652478596,4.74098840386309e-05,-127.9123961574625,0.6396376870100124
1895725000.0,0.975894213417438,0.0005556116782086896,-80.46765340332595,0.030519443025055108,0.004001363452769225,1.948794350516611e-05,-128.14239497587482,0.6492690198909326
1895727500.0,0.9752370675843851,0.0003478776765632009,-80.60543834564822,0.03162627112349631,0.003995381492189465,3.8700222964127506e-05,-127.88372798426298,0.9335366063550662
1895730000.0,0.9779102476641802,0.0004354134889788958,-80.57925874662132,0.031106085204437188,0.004014834656992794,3.459954057563628e-05,-127.24277380201656,0.41421546004240944
1895732500.0,0.9762798139739647,0.0004389358542652281,-80.55334622887226,0.03058730036287448,0.004020725908858823,3.0461566292092424e-05,-127.87186132399864,0.3751389277766051
1895735000.0,0.9764157650361054,0.000473853798016138,-80.5968879758354,0.03262509604243572,0.003995208509722381,4.063869349772601e-05,-127.8935970149383,0.2617291727715499
1895737500.0,0.97482550092055,0.0004308993910010224,-80.7510927960704,0.03501709575538801,0.004019287572903293,4.580106727935588e-05,-127.80576039844466,0.6883461428011574
1895740000.0,0.9750962471054267,0.00041633253227059695,-80.70691248516255,0.033366315012039655,0.0040357441079670806,5.300257269065353e-05,-127.76494295133777,0.6765150782736865
1895742500.0,0.9763833748088634,0.0005730977302038445,-80.7610805206938,0.027922030190998072,0.004060250626349934,4.939324671271761e-05,-128.00846748384197,0.5844371374460634
1895745000.0,0.9770216703931363,0.000454995108074421,-80.70003886645537,0.029596335196756033,0.004035677700633624,4.0313644089757635e-05,-127.88563077637528,0.5207252289441009
1895747500.0,0.9760507448244284,0.0003342400184356992,-80.78836140903792,0.02493542064859634,0.004064221481223722,3.364674806011323e-05,-128.1553184776728,0.4343750873506857
1895750000.0,0.9760351695684145,0.00047766564612991135,-80.89143255463914,0.034174265564459974,0.004035262458149573,2.2435806174502647e-05,-127.87182621593387,0.49373492998314733
1895752500.0,0.9771785518536287,0.00048733284106456114,-80.7848595483483,0.03663375553948001,0.0040684030389222855,3.250328130272105e-05,-127.95485964131767,0.7190390372347856
1895755000.0,0.9733134566594243,0.00045814037084321546,-80.94842612790207,0.036050259511744995,0.004037380392209566,5.119196931308553e-05,-128.08394464816115,0.42979664227214986
1895757500.0,0.9752765675039551,0.00044065238531450023,-80.77491383367499,0.031553457271346265,0.004083974221446994,4.170861309939142e-05,-127.85860998953578,0.6330996496813457
1895760000.0,0.9760579592941024,0.00033752030842507943,-80.69354808611155,0.0346425592882068,0.004068719271326874,4.815227532566393e-05,-127.74390945325929,0.5384145059944766
1895762500.0,0.9754918087208411,0.0003750912997933975,-80.77589589359742,0.020274356429340674,0.004057776072433345,4.507508748019302e-05,-128.02926986966003,0.5872322141083272
1895765000.0,0.9771385603647234,0.0004954436504242089,-80.83159041219591,0.03376572278481266,0.004087383410164712,4.000744440268552e-05,-127.92009612496236,0.3467610690341538
1895767500.0,0.9753527546597508,0.0003401979950659434,-80.83755081635718,0.03816586776565745,0.004086800328597399,5.9574937782371874e-05,-127.90970576877413,0.5151592774546708
1895770000.0,0.9749728434749371,0.0004542084517492131,-81.03099688371246,0.02825674003422542,0.004072888324879523,3.3627853106013256e-05,-128.13089657936007,0.8120783049248943
1895772500.0,0.9759222626060224,0.0005019940572822386,-80.88634511961118,0.027890213713747645,0.004087246958773506,4.312490191989034e-05,-127.84588859837936,0.5691416154351929
1895775000.0,0.9749537465927409,0.0005724332472545479,-80.9349524912525,0.02114563402770824,0.00410718011375281,4.675049880553102e-05,-127.84176368810354,1.3145901751135871
1895777500.0,0.9758393638181566,0.00037559871270802513,-80.97080283603522,0.023461640434098385,0.004108454140939103,4.154221575921619e-05,-127.87502239159497,0.7519558300719966
1895780000.0,0.9745634100737975,0.0004474588708485922,-81.01891812496702,0.040661221598988224,0.0041056976154077015,4.454154333229819e-05,-127.92231948697558,0.2670029399662755
1895782500.0,0.9765474438396127,0.00039712589600897894,-81.0614157273661,0.02286051912767152,0.004126540399392687,2.453570322627982e-05,-128.21139190274695,0.30578075999090504
1895785000.0,0.9763211301064502,0.0003174578470074685,-81.04254940178454,0.030227578153261582,0.004120131266749829,3.76992795316543e-05,-127.80246234847743,0.71339692772002
1895787500.0,0.9744159720211338,0.0005132980275713386,-81.06463549182699,0.027903901636953374,0.004127997397106122,4.453030856659644e-05,-128.21576880036588,0.4225964292818799
1895790000.0,0.9770417118888268,0.000554202330893657,-81.08112725279933,0.039085637829860714,0.004154613057695134,3.0061231817255407e-05,-128.10781692288822,0.4508366278833551
1895792500.0,0.9749620945753663,0.00030046739388679846,-81.07305101540203,0.0377254661700498,0.004140971439264413,3.1671116214054183e-05,-128.51432129289196,0.43533014936733394
1895795000.0,0.9756625566555759,0.000715447607591102,-81.1325532248298,0.025146557430473282,0.004154649732021253,3.5742407974226394e-05,-128.0253362039607,0.7137198204546871
1895797500.0,0.9741584120539749,0.00020102872528763856,-81.11012276881635,0.024304248864591208,0.004125792943164196,4.710365523003343e-05,-128.1943809640377,0.33592258966430094
1895800000.0,0.9738876975946834,0.0003797097940746971,-81.20950972540518,0.033540530656086746,0.004158277843872038,4.382025518023836e-05,-128.43859377970574,0.6818112134112828
1895802500.0,0.9732195528652905,0.00049482424806808,-81.29586689212442,0.01791272958041484,0.004157909103653134,4.0128443405558716e-05,-128.78723211037095,0.6516605927141057
1895805000.0,0.9736512783450805,0.0004583368475953704,-81.29082290127626,0.022697534286809564,0.004148181060073412,2.97591494577344e-05,-128.1255069070956,0.7191941971480749
1895807500.0,0.975358890206978,0.00047175458315967524,-81.16394040292859,0.03268942917967677,0.004182248275824993,3.095070752283293e-05,-127.66491764565647,0.6151254411068758
1895810000.0,0.9764563214131925,0.00030389043524894053,-81.24637647583162,0.03353492490196167,0.004175287452235375,5.979549087988955e-05,-128.7273259800133,0.6445936502609642
1895812500.0,0.976462194010006,0.00045626430557298137,-81.36861361579899,0.025138941944649582,0.0041970233837116695,5.4945554464845426e-05,-128.32300547070247,0.3456714912514219
1895815000.0,0.9750604547205873,0.00040516456532479507,-81.39223691619618,0.028466062425586816,0.004193664364495331,4.3471877116136176e-05,-128.641522582787,0.4580193214492531
1895817500.0,0.9755430315281974,0.0003825520780208232,-81.3698147282785,0.019390612598917587,0.0041715584068979655,5.4002276297771814e-05,-128.31267588729065,0.4406337261681836
1895820000.0,0.972852732351112,0.0005227716007911336,-81.41676731463343,0.03885888242863123,0.004213804023220858,5.648899438016212e-05,-128.50103443185608,0.5111975034643526
1895822500.0,0.9713479710742022,0.0005370576386492746,-81.42872830100501,0.027633761856786038,0.004201131627391193,5.1946600536337e-05,-128.2037123289004,0.396436083983353
1895825000.0,0.9747354041342324,0.00038342984161669,-81.46388915280846,0.022568743489458476,0.004231147161932616,2.5747354384456882e-05,-128.53915310961727,0.7189388693242227
1895827500.0,0.9724275129431776,0.0003195940695197795,-81.44750146662523,0.03042293899591108,0.004178985021976728,4.950268781682839e-05,-128.42631193948557,0.9760583562482862
1895830000.0,0.9728102967242547,0.0003864376787389074,-81.51283520635675,0.023769049971365645,0.004229779898321157,3.628060558115075e-05,-128.13679983325707,0.6229380412256604
1895832500.0,0.9726106196745384,0.000432443830099424,-81.49705867538012,0.03064029545939761,0.004212624276672348,4.1455612681782514e-05,-128.70561662810226,0.646826491576514
1895835000.0,0.9743036561746758,0.0003018022781068596,-81.53875476410285,0.0353328211597384,0.004241943094323209,2.7762946685136288e-05,-128.31482256144153,0.7334145782913559
1895837500.0,0.9735064713398689,0.00021153278103809304,-81.55646521280138,0.03204574750300904,0.0042570483999884706,5.504269953802957e-05,-128.64377107313373,0.6545034723372292
1895840000.0,0.9742746360224048,0.00037140184478021555,-81.51740942176502,0.020131210632042585,0.004269422069994124,6.831161168677345e-05,-128.13634538399842,0.6368803462951184
1895842500.0,0.9737136218114194,0.0003469444184232738,-81.6322973090035,0.026538561927050303,0.004272663564188743,4.5603278310332825e-05,-128.43688200448523,0.6048974999374712
1895845000.0,0.974674395538595,0.0005052318924722053,-81.56028141239057,0.037017180353070854,0.004280291437157571,6.154344813934954e-05,-128.66299333786213,0.5295564747623053
1895847500.0,0.9745336594736458,0.0006300600291922188,-81.63607263161838,0.020829267319600872,0.004272051881103562,3.628740658032181e-05,-129.24886220857368,0.6973532612639674
1895850000.0,0.9737258002327677,0.0005884190697586514,-81.77069305731166,0.0305444346259482,0.004277093581347588,3.874060090465184e-05,-128.69622333427182,0.3857693536097014
1895852500.0,0.9734540441250085,0.0004614060941565432,-81.7402946102359,0.035173884290629,0.004255126564728965,4.638738475316355e-05,-128.50119008215728,0.5420896697051937
1895855000.0,0.9734799668492432,0.0003985231697965348,-81.86194872444783,0.02123743586381615,0.004264666292917882,4.4804453888616606e-05,-128.40437603547005,0.4319890764533002
1895857500.0,0.9722466374827827,0.0005751546772323339,-81.77507379072514,0.03339490727611651,0.004307240911417652,4.2561541051994224e-05,-128.90587402057778,1.0887681379903487
1895860000.0,0.9727030527784994,0.0003886493163970782,-81.86352118898718,0.0331840192593798,0.004301830040770162,4.835184773310547e-05,-128.98132128286238,0.46488900246549125
1895862500.0,0.9724958004310356,0.0003049199628450698,-81.82572099700366,0.03390805208362218,0.004298942064471257,5.224029570328552e-05,-128.4765301460292,0.45279940238840954
1895865000.0,0.9737633516699349,0.0003154697027373756,-81.85455802795173,0.028976634114620918,0.004286366501639303,5.079922191692009e-05,-128.34815891413402,0.657008268469074
1895867500.0,0.9724206903403836,0.00041692457853061073,-81.89270308948468,0.035422042946675995,0.004310276572612514,4.871207207457133e-05,-128.533181468557,0.5484169190372039
1895870000.0,0.9724484017919354,0.0004893029282182336,-81.90359245007825,0.02916010838205132,0.004330751244219258,3.235783883153016e-05,-128.8449386592781,0.6323945487013196
1895872500.0,0.9723698472995893,0.00024281331820266407,-81.91264308833044,0.03163494456844005,0.004311435742534197,3.6032175704751926e-05,-128.59593291867654,0.6254960367983823
1895875000.0,0.9721202471862005,0.00032504490856320837,-81.9491012859486,0.028558383607514882,0.0043233709738348695,4.352674937107893e-05,-128.73629713277376,0.7773024794736604
1895877500.0,0.9727247742593482,0.0004948121575223888,-82.06706566551472,0.03514358890322364,0.004307435978251077,5.2049130163148146e-05,-129.21655119595474,0.5502248127079491
1895880000.0,0.9731505587906112,0.0005751479441868551,-82.00401464187681,0.04036423385183666,0.004360688148895823,3.940829730852459e-05,-128.76265380514553,0.518787435211527
1895882500.0,0.9727528353527879,0.0005712706448031635,-82.03026051539189,0.03310623895632433,0.0043261685383589625,4.357095434670555e-05,-129.0592428584221,0.5748224393047637
1895885000.0,0.9729531833145022,0.00036078204232830804,-82.03981958160942,0.0336341642064785,0.004348242731513167,4.98424256715783e-05,-128.81187677367552,0.5862225635728301
1895887500.0,0.9733607264093533,0.00048761772341430814,-82.08812868664397,0.033734185923218606,0.004360452936581087,4.7744729144536154e-05,-128.77933539440363,0.60144352878501
1895890000.0,0.9743027024690578,0.0004489501848317563,-82.12858242510276,0.016840063443686413,0.004367086982327562,3.6173358292517014e-05,-128.79416643817405,0.4897802291512222
1895892500.0,0.9712381151998422,0.00027250538669188395,-82.18041021228512,0.039491526828597356,0.004346911047538152,3.7207202542078654e-05,-128.9257928876038,0.5955859632501136
1895895000.0,0.9705807776616221,0.0005196277964893537,-82.14265788005669,0.029853131320487024,0.00434195346572597,4.1296186465981794e-05,-128.8993565022264,0.6473670855363903
1895897500.0,0.9727586093181985,0.0004719629209548114,-82.09213505331817,0.02453880483965198,0.004400238812606183,4.71410008464793e-05,-128.78828271628942,0.6020331417618477
1895900000.0,0.9736200837341572,0.0003114931249300437,-82.15255393418404,0.029682399245090686,0.004390963875562434,4.0435284105084376e-05,-128.77705587639267,0.7765191081018125
1895902500.0,0.9719427692298258,0.0004086987081341075,-82.17907142279678,0.04125696548599222,0.004411636557383147,3.9812314343124546e-05,-128.9785004980958,0.8455901079584417
1895905000.0,0.9706144490851721,0.0003457711037094716,-82.21485502151083,0.026611026120022887,0.0043934112974450485,5.0196744928923964e-05,-129.3052106858493,0.7307595194204827
1895907500.0,0.9714527614209598,0.0005690517404965648,-82.25543042412647,0.02609752574436664,0.0044182093795240894,6.073315171533285e-05,-129.06595524657953,0.6324101670921837
1895910000.0,0.9713043661818483,0.0003908816674575275,-82.28212377534774,0.03130333649331617,0.0044033604315754215,3.620026411180059e-05,-129.05312525278566,0.5681801205123482
1895912500.0,0.9707399580967321,0.0003728086020469337,-82.31105212456279,0.033388361912601354,0.00442287263843787,3.6767547723636644e-05,-128.92781861152545,0.40725752201143234
1895915000.0,0.971870243565142,0.000493219186663341,-82.32124373972361,0.026895751406639638,0.004437821712271088,4.321270446717734e-05,-128.89871815801237,0.5996709586954951
1895917500.0,0.9702965194628705,0.00033618789730467284,-82.26943867490044,0.0313235081210979,0.0044220897059624375,4.1421293569460295e-05,-128.68352120752652,0.7282500342945711
1895920000.0,0.9727012452605922,0.00036860462907083175,-82.40591082533327,0.02406359010377599,0.004453601627155013,5.2038460406859615e-05,-128.86892250038403,0.2967819874239737
1895922500.0,0.9704887033286718,0.000534147543887009,-82.40878052855203,0.021468722326861478,0.004450599308639511,6.12740591604747e-05,-129.0415837871263,0.38994294143283464
1895925000.0,0.9723853742695732,0.0003903818320661266,-82.40229234358924,0.02815763282582884,0.004489375349302745,4.0880895313714884e-05,-128.89725682213853,0.7315711788731987
1895927500.0,0.9712217964133532,0.0005632606910322242,-82.45022320387186,0.0300073237416264,0.004461029879015854,7.135416784574758e-05,-129.35824466692293,0.5995030538036769
1895930000.0,0.9709591646111536,0.00041698197850140455,-82.45673002216537,0.03184746065846572,0.004492389070671632,2.7498079753366343e-05,-128.97288680645278,0.6853081565575895
1895932500.0,0.9714180831949927,0.0005235750396841606,-82.529602728191,0.028602058061622068,0.00450128724391084,4.25924172257292e-05,-129.15956724852936,0.512841867736335
1895935000.0,0.9698018739168838,0.0005711876655493346,-82.53726910728867,0.03371050084450314,0.004483568325780812,4.364551388070594e-05,-129.19519954221587,0.4195313174951651
1895937500.0,0.9700250724517441,0.0004303597839109647,-82.54263663650732,0.04108423154400539,0.004478830037908251,7.523334797116342e-05,-129.18778992356553,0.2529168804677749
1895940000.0,0.9705482139341731,0.0003084736167167629,-82.59740909287159,0.028599756589750204,0.0045104772652216265,4.837827740458902e-05,-129.59574038173324,0.6620584532865996
1895942500.0,0.9703201462586531,0.00039744564010637916,-82.53196940390217,0.029672517797703087,0.0045017050027003,3.809743060790985e-05,-129.18707392214176,0.6453631053453289
1895945000.0,0.9709625433498366,0.00039451234431671324,-82.64571197804074,0.03993655343381571,0.004501720857848732,5.018758171931487e-05,-129.1945235788557,0.6956564126906613
1895947500.0,0.9699183887030715,0.000505541413317679,-82.65533108635718,0.026049412729622398,0.004539981720089837,4.198973995027736e-05,-129.04691399501337,0.49225191827040093
1895950000.0,0.9704782387851797,0.0006676036308666377,-82.72239979798746,0.02508869539427423,0.004514526046223101,3.6972021983941934e-05,-129.15909385251967,0.46819739687899425
1895952500.0,0.9701953505790728,0.0005144867851509931,-82.73875290790699,0.041065425253371264,0.004542501540614203,4.522394256737425e-05,-129.64710319174077,0.6186133206841115
1895955000.0,0.9709249681865313,0.0006734217092260046,-82.75209662495192,0.029117772735352626,0.004512854455224159,2.9818888084230414e-05,-129.33692969383088,0.7011123039866753
1895957500.0,0.97234213297448,0.0004253191963923602,-82.90311773664111,0.03637922296175635,0.004535295841239921,5.247285950750852e-05,-129.28336593041305,0.6071271873831452
1895960000.0,0.9725225008766171,0.000384176929502164,-82.85861742662263,0.03912808261939369,0.004553052265273904,3.5776103880332326e-05,-129.334249456974,0.720847096163717
1895962500.0,0.9699054458556942,0.00030533272887728444,-82.82704153707725,0.028972294744780924,0.0045806598831007505,5.275117132748345e-05,-129.63592115479707,0.6884158927976252
1895965000.0,0.968382774074021,0.00026172203276416257,-82.88683070612606,0.02690554424174872,0.0045490331111128456,3.862650791562375e-05,-129.47531259685192,0.32953868424882277
1895967500.0,0.9701224303794285,0.00038880181119812135,-83.00821567141733,0.030303579276785297,0.004575179803258261,4.8084581755356876e-05,-129.42701782302743,0.4218033656725495
1895970000.0,0.9683452144761306,0.0004057020829818996,-82.95683366941324,0.03580050729445904,0.0045697992039972525,3.098262932907729e-05,-129.60273344279761,0.49609908736488423
1895972500.0,0.9721268437200371,0.000389940185491153,-83.00393890374227,0.027879069780249757,0.004582999611932256,3.123959070749214e-05,-129.66157062116167,0.7092486651685728
1895975000.0,0.971138010430852,0.00031374804520899413,-82.9927571110095,0.024078801337751896,0.004601794991817177,3.9067432075270884e-05,-129.25284534769582,0.6442339182850847
1895977500.0,0.9682649388598403,0.0005430933156142488,-82.96663837711812,0.02388856936137367,0.004578359600134794,5.767725309650369e-05,-129.74519014492978,0.5385112048146047
1895980000.0,0.9706582325272698,0.0005676075258424684,-83.08821515765143,0.030843684298918008,0.004634548918368606,4.5473697864160926e-05,-129.52769581439424,0.5644623245963027
1895982500.0,0.9703701297226294,0.0003831191869147124,-83.15165092564934,0.03538019986251871,0.004622332380392908,3.9395318751399995e-05,-129.6725574210683,0.3127755138573777
1895985000.0,0.9699254265148527,0.00043666845261803824,-83.1942909271325,0.026146069826584264,0.004625933703541399,3.862265537370971e-05,-129.62219177874962,0.5509407671001028
1895987500.0,0.9672064309420935,0.00033670207010498554,-83.13753133477506,0.02474884689873252,0.00463556888366036,4.4106252952940774e-05,-129.8970519184092,0.5101931658211608
1895990000.0,0.9677332609212994,0.00034530894449911955,-83.19130150774606,0.029210328870810057,0.004647548717518222,4.8988703769194484e-05,-129.52811050650132,0.6447866994691724
1895992500.0,0.9676385100621815,0.00036424139963197797,-83.17494056662258,0.033239533533236235,0.004616371010943152,3.8112874722750596e-05,-129.58853024881935,0.5192823068804002
1895995000.0,0.9700037541690114,0.0003785974903860007,-83.25797085871157,0.019484554420394977,0.004651428952151268,3.304064725272921e-05,-129.86357899082992,0.5334671635555712
1895997500.0,0.9695508867549166,0.0003168883965281157,-83.26982938111011,0.03318239198472142,0.004685938330682175,4.827196671428987e-05,-129.84634447051636,0.7538023911378705
1896000000.0,0.9710643013040722,0.00043027199483863625,-83.32149143989535,0.022515600792691215,0.004670133302026597,3.7902992833988034e-05,-129.8397675431129,0.4638348782313301
1896002500.0,0.9684096887862592,0.00032853241313065336,-83.37840227874744,0.03363917247760406,0.004690690324222619,5.201161473252286e-05,-129.8253482600235,0.5605027335968289
1896005000.0,0.96808383422136,0.0004250681280971354,-83.34450870863324,0.04174799687440549,0.004678084973219539,4.391486452837781e-05,-129.88771303819624,0.3448889066471984
1896007500.0,0.9682349738319287,0.0004018983645761688,-83.33727164022477,0.015241055822686325,0.0047130496544361454,4.548158843093038e-05,-129.44522975646714,0.4757653084808561
1896010000.0,0.9654222674640667,0.0003049341340123683,-83.40455924806052,0.029485581258556312,0.004674747194000908,3.118570653029072e-05,-129.94529831324837,0.3462205137231277
1896012500.0,0.9687307576650418,0.00044902901703785527,-83.437533107756,0.01859478269415968,0.0046916748802078795,3.976401089351403e-05,-129.58220705292456,0.5344863473040639
1896015000.0,0.968072197317406,0.00042199749643136945,-83.51810717593307,0.03246000330600427,0.004690110007593886,7.090825686104036e-05,-129.90156140010146,0.4345347132746104
1896017500.0,0.9677492282850986,0.0002937485598447754,-83.58450194596398,0.01503980187549458,0.004689801064069856,2.6583883817875083e-05,-130.01517523553343,0.8948647816146498
1896020000.0,0.9674216559491775,0.0003738164037994543,-83.5759414746282,0.03863332169509683,0.004726596170088714,3.974525444106803e-05,-130.07900248577974,0.6025749708531272
1896022500.0,0.9678173732186361,0.0003554255544838356,-83.58721864772882,0.031422319893677816,0.00472391279955812,5.59875520909651e-05,-130.40590982060087,0.627506406872797
1896025000.0,0.9677498230434363,0.00027125306795552044,-83.61143112027374,0.024718311555169896,0.004750701047573345,5.614569301030521e-05,-130.09890400149638,0.41636166014751813
1896027500.0,0.9668152107377957,0.0003069556973749378,-83.6635482405012,0.03275482867181565,0.004745969543111795,5.342524701073949e-05,-130.27119679609368,0.6421085256519934
1896030000.0,0.9697017260173478,0.00042240268587295186,-83.61279933228597,0.03642153806907659,0.004769511011881689,5.196511156585722e-05,-130.11535833250431,0.3658653846672493
1896032500.0,0.967508905173971,0.0005348694151881419,-83.6798953773083,0.027756517154751324,0.0047539849916737025,2.768201307159951e-05,-130.1481638963271,0.5025726401929326
1896035000.0,0.9662210581847293,0.0003645481191340837,-83.78993164271701,0.04601231947689307,0.004767766036711043,3.55847711106318e-05,-130.522195872236,0.4432141345156057
1896037500.0,0.9678616042774733,0.00034709006383042905,-83.77395528541967,0.0346632881941215,0.004784848708444321,2.970120333414336e-05,-130.21909525180635,0.9405540617195957
1896040000.0,0.9683607263758333,0.00033352316310507584,-83.75793173644102,0.0218656216301111,0.004784832726309363,4.252776471784869e-05,-130.35170248585732,0.48402517226095737
1896042500.0,0.9678094938508226,0.00039913932579607514,-83.7869511749984,0.04311854714161071,0.0047615414804033,4.547684360035051e-05,-130.17898085126492,0.673066663276577
1896045000.0,0.9664580691342383,0.000489680451476016,-83.73153163045721,0.02764250940888192,0.0048086891320963596,5.392846597196499e-05,-130.0334195977021,0.3899769172826328
1896047500.0,0.9671564460520715,0.0005510521062888742,-84.01736919498906,0.035670029266227185,0.00482011769540112,4.2867644921277096e-05,-130.3785392652112,0.5078715180743031
1896050000.0,0.9655073953423055,0.0004568749812161056,-83.94663379339026,0.031541247376994895,0.0048329899090270145,3.0547150349407584e-05,-130.59114760034544,0.6448139365584074
1896052500.0,0.967329042090878,0.00046324570872682466,-83.85565146361648,0.026744321431572935,0.004800499084826625,4.151691267930279e-05,-130.56470991059578,0.5405050116214365
1896055000.0,0.9666547159427417,0.0002659590911333819,-83.9970068161838,0.03411742848062625,0.0048465706992460895,4.88829847169879e-05,-130.0005660805193,0.5199823125528573
1896057500.0,0.968219034252708,0.00046115407246320354,-83.95189715079063,0.040156378098586146,0.004862976253797852,4.871428432389992e-05,-130.34394742549108,0.4039477489702217
1896060000.0,0.9653431522526159,0.0003928138217515471,-83.97525397345967,0.031064811508202686,0.004830571263380223,4.477601530518712e-05,-129.9811641562596,0.5567541568159751
1896062500.0,0.9667559976258202,0.00036434731373500895,-84.01216529518133,0.029501375459596614,0.004866102245881165,3.746335431458684e-05,-130.3659298342866,0.5270351843032759
1896065000.0,0.9680405001859947,0.00040491734353135964,-84.20812761610125,0.0365078763185239,0.004876286089912099,4.1956861641853586e-05,-130.98903101128087,0.5779966739830131
1896067500.0,0.9659435139425937,0.0005020885463819019,-84.13171721540115,0.03348377793172284,0.004854412605420564,4.1313034122220975e-05,-130.6703896408615,0.4826153872497559
1896070000.0,0.9677408692022363,0.0004540722340154311,-84.27919567654942,0.03888117241546044,0.004863083197109453,4.1650505664646944e-05,-130.5480175458621,0.4972337917490381
1896072500.0,0.9652929684720142,0.00042003580412780154,-84.21751713515442,0.04370770627939741,0.004885497475708882,1.4488985475569967e-05,-130.3823102198473,0.5183983909610238
1896075000.0,0.9672796557768331,0.0004905676655750504,-84.16052114111585,0.019753009881940117,0.004909551567129037,4.4378861514401926e-05,-130.6520910849746,0.4367197298390785
1896077500.0,0.9667359556104754,0.00027395419725511017,-84.29099300144043,0.042855430399484695,0.004906661109492228,5.278558470797264e-05,-130.63742167800345,0.5700854614896097
1896080000.0,0.9637547683932245,0.00038260286024068723,-84.20505778619842,0.04053290059477539,0.004910581845810455,5.5104860800103025e-05,-130.61392236135535,0.6436663539716204
1896082500.0,0.9661223514702355,0.0005393523306552172,-84.3310039642945,0.032792776956402286,0.004927078980772361,4.85112954690171e-05,-130.45390999653634,0.6566012787868202
1896085000.0,0.9652192447363621,0.0005324691035949335,-84.35378601079503,0.026289751162959434,0.004933034338300241,4.878179886460186e-05,-130.82568956049147,0.49136062439078637
1896087500.0,0.9647072898136209,0.00041408603404053935,-84.47144497038931,0.02615701035645062,0.0049445654946159694,3.7500888936437545e-05,-130.6810342081318,0.5465352604030471
1896090000.0,0.9641534241429371,0.00030243716720974184,-84.46943620534326,0.031209003623383275,0.004932328361000725,4.462982926480878e-05,-130.59057945339615,0.4159189120619809
1896092500.0,0.9656150702331259,0.000361345556765662,-84.36647649478785,0.04066148135451683,0.004964353402907522,5.814969382763513e-05,-130.55783008915895,0.43880875842006273
1896095000.0,0.9672125196330156,0.0002793408464246511,-84.49146276724612,0.04226591217534414,0.004978909252151075,5.266633272519927e-05,-130.5919367842751,0.5952661972848028
1896097500.0,0.9671350707839516,0.00034031846379777784,-84.60120022689782,0.033374856900594135,0.0049965053869362105,4.1730834782924835e-05,-130.74981313339237,0.41888428573059705
1896100000.0,0.9651112570336482,0.00026118812442415884,-84.6317252341652,0.04039322351034021,0.005005247085524145,6.33415346547203e-05,-131.37997299820287,0.4683281703420349
1896102500.0,0.9641520508837542,0.0004508646039819303,-84.63214450162646,0.04931155976091824,0.00499197840649392,3.378977209556102e-05,-130.88181661872895,0.5944522878117462
1896105000.0,0.9655121875045132,0.0005726829592853311,-84.62258027585149,0.035685903576358556,0.004984455757985424,2.184517890914585e-05,-131.0018314476273,0.42192740043532306
1896107500.0,0.9640519639311872,0.00024646445971438885,-84.63274333225384,0.03453327410383939,0.005010780370703155,3.773994917559796e-05,-131.07488697520037,0.5411006366097214
1896110000.0,0.9642173994225767,0.0005186951793495326,-84.67362189646593,0.029809739800553754,0.005016269353239379,3.654010305347214e-05,-130.9697831912361,0.43415405419828723
1896112500.0,0.9631627040480784,0.00036947152840872825,-84.79892964449319,0.04386332805889965,0.005031394436366976,4.808021776161133e-05,-130.73099428229136,0.7435335142576603
1896115000.0,0.9641904842072851,0.00043831326307715475,-84.90355262083045,0.03754019449384381,0.005009802920747788,2.8403934528885994e-05,-131.09425797196354,0.35772757462583044
1896117500.0,0.964901547215675,0.0004387446032529532,-84.78660376614725,0.032818767855102786,0.00503999088184459,5.714244540074669e-05,-131.03088381249506,0.4177589237573768
1896120000.0,0.9630801718601998,0.0005076476112632675,-84.86210357824947,0.03942637538062072,0.005048337215259793,5.933229622965907e-05,-130.86784709940952,0.5239194193787235
1896122500.0,0.9644253113946348,0.0003705477690708785,-84.95158635104052,0.02861069073246402,0.005051608597713313,4.0868964911838983e-05,-131.16487217025102,0.6381991725046482
1896125000.0,0.9634950931009176,0.0004392523868077808,-84.95203726227855,0.044217214216891225,0.00505023174115427,5.8658173836556904e-05,-131.10214697375045,0.765657488900028
1896127500.0,0.9625566884803728,0.0003213790639044615,-84.94592841787916,0.04111440721734579,0.0050507525819076145,4.597023861795759e-05,-130.84999229139638,0.3911118695268518
1896130000.0,0.9630837695273673,0.0005990166104891945,-84.9511431862805,0.04322528204411598,0.0050670426989165565,5.449358674485095e-05,-130.97713232679072,0.46765468522364384
1896132500.0,0.964342243808027,0.0002845699756237588,-85.10690454742479,0.03761150468283829,0.0050958493094397685,2.8770165600471094e-05,-131.63262167694353,0.4909133416982952
1896135000.0,0.9638658207360993,0.00037309840741677446,-85.02230067770196,0.0356445212318765,0.005079295255228993,3.3300358772871495e-05,-131.17925819771045,0.3802291025481411
1896137500.0,0.9642341779909951,0.00026086837725571016,-85.03518046656333,0.05123625642457305,0.005108242395347221,3.1709274362072406e-05,-131.29918534909615,0.5607714073933752
1896140000.0,0.9631933956101942,0.0004059734607653271,-85.21075570170869,0.035633105663135566,0.005113600007412135,5.365366115360122e-05,-131.31508410112812,0.29441414705170854
1896142500.0,0.9636498358214041,0.0003127684269606854,-85.22518592311899,0.038404346728234076,0.005135715428728037,5.627828712996684e-05,-131.32938216997889,0.5855930242321853
1896145000.0,0.9619707005085617,0.0003879260021868808,-85.20320761165661,0.03303689780130077,0.005131852179344937,5.3740054002221434e-05,-131.24227775300028,0.4321085215328868
1896147500.0,0.9644808940986609,0.0005201454602055268,-85.26432765545276,0.0357818830419444,0.005160404920068148,3.136464059453916e-05,-131.34588547486024,0.41809952351004165
1896150000.0,0.9623440939966309,0.0005110942035295411,-85.34467692556242,0.03931324814952715,0.005184774539240922,3.8502908640721677e-05,-131.5765009151216,0.678989656900095
1896152500.0,0.9625927833690793,0.00020760622226538762,-85.29982516419594,0.03607715479946047,0.005156611520302412,5.701717334762549e-05,-131.78534969224282,0.5100843992782021
1896155000.0,0.9612203324282357,0.0004185301487039044,-85.39950318673493,0.035443674728607405,0.005175028900773699,3.8937046613157504e-05,-131.23498205717974,0.4691758462384024
1896157500.0,0.9608752760896876,0.0005363177391762115,-85.45082249674252,0.037019557543030455,0.0051638993332287835,5.07859309958176e-05,-131.61985251719622,0.45713982105027884
1896160000.0,0.9620240161555317,0.00025427729168824134,-85.38477752976235,0.04665082105532395,0.005206244197082419,4.82534106780661e-05,-131.25008131862404,0.5630995127901305
1896162500.0,0.9619038543223941,0.00038466287390114684,-85.36637437112758,0.03261620699733253,0.00519266740903921,3.266451189141045e-05,-131.59608297162805,0.4815158277811071
1896165000.0,0.9629513918689986,0.0003261607280910971,-85.49407731111148,0.04115077185659752,0.005198784455922597,5.834388416664057e-05,-131.68526076221985,0.29220781048899247
1896167500.0,0.9615316086004339,0.0005405276203911294,-85.46893873053796,0.032151761024229425,0.005202394405144473,4.937923658043485e-05,-131.39179111270033,0.6115819002466596
1896170000.0,0.9590028116860837,0.0003294224650970315,-85.57122494344647,0.0458628593193036,0.005203464579202966,4.744505590913651e-05,-131.64875922380196,0.35763186138682357
1896172500.0,0.9622754282179369,0.00016693851360204102,-85.6134388466779,0.03563565984585001,0.00524841534528317,5.071861719312991e-05,-131.51312387892935,0.5959450838047047
1896175000.0,0.9622064891720878,0.0004187389870880736,-85.6814556410502,0.03125436328628842,0.0052609274950525566,2.403589614636086e-05,-131.75183701840723,0.6423748194286428
1896177500.0,0.9621476289040821,0.00046253965021670495,-85.69489236088307,0.04309296391671544,0.005257417068240219,3.787779090311713e-05,-131.59280073838096,0.6757125127872432
1896180000.0,0.9596091947688837,0.0002450119353928845,-85.75061348350502,0.03858019611339982,0.005260081211641801,3.7998926583704625e-05,-131.78829793472994,0.504635415136611
1896182500.0,0.962084016251241,0.0004417073745202926,-85.81790195400228,0.043677516459911,0.005260742673336131,5.919996239136979e-05,-131.91489933402067,0.557680506747209
1896185000.0,0.9630463279065103,0.0004214241992492995,-85.7548266459402,0.03850851109083576,0.0053004580830106314,5.807911420267399e-05,-131.76660246581145,0.4854497058982434
1896187500.0,0.9593211127425745,0.0005065841553496709,-85.83215343331645,0.03517607155806481,0.005262001941359248,3.775765739021438e-05,-131.79209111366384,0.334620695874288
1896190000.0,0.9612600439588832,0.0004887748739774624,-85.92210333648762,0.035693651274317555,0.005310414737777005,4.5519966226797115e-05,-131.85901750919,0.5162616511807963
1896192500.0,0.9597179153274051,0.0005082040905045323,-85.89128817545767,0.04572364978680615,0.005288196431775024,4.801351757316733e-05,-131.80748090796047,0.5102831094229836
1896195000.0,0.9584865037249127,0.0005016909303026416,-85.93452218285034,0.03773846056808866,0.005285429605641769,2.6447243245014283e-05,-131.64434045166794,0.4000412521806787
1896197500.0,0.9613170593642094,0.0006516452312705551,-85.96113875692473,0.03989316111237416,0.005333381134645037,3.97263561173347e-05,-131.83779937594028,0.4333798468216561
1896200000.0,0.9622580935213823,0.00024437807630252263,-86.00249368970032,0.04335680612487554,0.005350706621265722,2.3520257715151034e-05,-131.73227508682047,0.5754313275687538
1896202500.0,0.9599657753667223,0.0003153694145089375,-86.06033871929803,0.04317586407231954,0.00532950487452766,5.022518650375367e-05,-132.15947274549413,0.5921207319894254
1896205000.0,0.9595839161257407,0.00048616958218389674,-86.0310860858367,0.04991347832031698,0.005350694754713647,4.357488959577695e-05,-131.85700998065724,0.4701469973694652
1896207500.0,0.9616404401875681,0.00039226048149480975,-86.09154823030438,0.03134084294435159,0.005380435565749434,4.3487639829822885e-05,-131.8683216057656,0.4046547428730461
1896210000.0,0.9595551227656,0.00036324043476331956,-86.26363489948275,0.026183040070558466,0.005351107836641033,6.448048952760761e-05,-132.07919925259668,0.6575211368676751
1896212500.0,0.959032691027251,0.0003545764252245687,-86.22879299882226,0.051109424219967795,0.005372901476109138,4.62562384944084e-05,-132.14835108803186,0.36666156374304687
1896215000.0,0.9595123994532577,0.0003899003997177168,-86.20474119960744,0.041533732735419986,0.005384891259192746,3.556744327225118e-05,-132.21071498530918,0.4576818751947169
1896217500.0,0.959909006871686,0.00035894751970820955,-86.29217973753116,0.044124673935303504,0.005414193187115737,4.735971566255257e-05,-132.2858693631067,0.5570974888420721
1896220000.0,0.9597954261449021,0.0002024121523087914,-86.33618628745057,0.035057339274045585,0.005405998023964322,4.4993627438588466e-05,-132.23078104109223,0.4221196888118302
1896222500.0,0.9578136605427955,0.0004294639664040959,-86.32141649293354,0.041119319119792955,0.005437722241355336,4.2189929097895176e-05,-132.10985951670096,0.598431180802304
1896225000.0,0.9598298627841441,0.00037054228038343166,-86.48358562062452,0.040041269700390236,0.005425188251282254,3.0754833816986164e-05,-132.39905674607195,0.3972656115933459
1896227500.0,0.9586553611104172,0.0004952111529901747,-86.54473782332784,0.040672911716049275,0.005403738228396569,4.409540256335223e-05,-132.57343320234682,0.5731937916235863
1896230000.0,0.9588691749296225,0.0004043885905464696,-86.51028896935547,0.037211548983683645,0.0054638785358178815,4.0838112573913974e-05,-132.19251042692508,0.5040257159199005
1896232500.0,0.9596374451792133,0.0004509593702986468,-86.58047904752246,0.03849608098427973,0.005446913501849375,3.966711185326879e-05,-132.3769642828276,0.469876228111806
1896235000.0,0.9579824249190378,0.00028479592256111215,-86.49450771165615,0.04242912110810935,0.005478850741866806,3.3084872844248956e-05,-132.07882036500217,0.42038827273838253
1896237500.0,0.960115448319097,0.0004415513273880567,-86.60126669857908,0.05430907716825465,0.005509190905332885,3.947561425823654e-05,-132.37172378508996,0.392955401537431
1896240000.0,0.9580654436798418,0.00038342940934317504,-86.64023111390763,0.04472848761108721,0.005464767501192963,4.8026581444673175e-05,-132.29112332904504,0.5029975508599581
1896242500.0,0.9584375719790091,0.00030269932352561144,-86.61429500739081,0.03481607765578821,0.005505246136445133,3.866468607413503e-05,-132.6991343910518,0.5662883806705996
1896245000.0,0.9577179766205287,0.0003688539194383673,-86.73926250536519,0.043357009055588557,0.0055161790569711044,4.9082847167600755e-05,-132.5192329704625,0.4672773282394203
1896247500.0,0.9570088054306506,0.0003199368825702694,-86.7825684724119,0.04358765970183391,0.0055185237633533024,3.7869554249037365e-05,-132.81929860096122,0.6096168631125451
1896250000.0,0.9568000011692857,0.0006586598164359561,-86.81761104875908,0.041706386438839727,0.005540350046162144,5.342074791898336e-05,-132.38741228863802,0.4218912947556603
1896252500.0,0.9574771823851724,0.00040102676318676803,-86.80286728269093,0.03827418769094038,0.005545986483758576,2.813467157328953e-05,-132.67743612937693,0.3634349135506569
1896255000.0,0.9583502124596601,0.00030564293010966833,-86.84944602659412,0.038612993014260556,0.005556587216956043,6.697078448072682e-05,-132.42085806161265,0.4399478648882972
1896257500.0,0.9578617305298096,0.0004111193182293954,-86.94675094696201,0.03423007958587471,0.005593511490835232,5.019939502817505e-05,-132.49517960316427,0.46773255938669955
1896260000.0,0.9567988316909328,0.0003218102108847337,-86.98717059257953,0.03724630445193759,0.005591774415152609,4.031772081116292e-05,-132.5640895231787,0.31307867464877664
1896262500.0,0.9579891996137325,0.00041145435744755583,-87.05377649341841,0.042637088965719994,0.0055664836181613725,4.3134833655441544e-05,-132.7121487828065,0.4604460195264716
1896265000.0,0.9577121126212217,0.0003735939967269794,-86.94654059056265,0.04016199932286158,0.005606163238049004,3.709309876340523e-05,-132.7463659174358,0.5417333650157894
1896267500.0,0.9572203791459422,0.0004166391589264945,-87.20603848424992,0.03004429361101578,0.0056229372093890995,5.5768131102320066e-05,-132.79803860370427,0.3714701922631765
1896270000.0,0.9551347273112825,0.00033956940207465933,-87.1705758472352,0.04954649868469345,0.005599572774820684,4.524979579003821e-05,-132.64302620015746,0.419225188030173
1896272500.0,0.9537735693381494,0.0003805970657644987,-87.23252288964427,0.03870309237628766,0.005613690793452736,5.807694360404071e-05,-132.7923798035513,0.6311582196598424
1896275000.0,0.9548116081169672,0.00040495301827203243,-87.26317598189011,0.04909712295111186,0.00564919126783123,2.7012353944611164e-05,-132.90477982925492,0.20117933515162686
1896277500.0,0.9572688460691539,0.00061392013657124,-87.42076581550266,0.04721532610562041,0.0056646264002533425,3.4492511064764246e-05,-133.24693640743038,0.45799233737481376
1896280000.0,0.9558714454592937,0.000310114995305708,-87.30876770598468,0.030684838077945604,0.005658942119621547,4.048586962738476e-05,-132.67456650720672,0.5969800893713134
1896282500.0,0.9562877570646898,0.00045610227115880825,-87.51076471354604,0.03799680268085381,0.005647893014317727,5.439773433003149e-05,-132.94455436129115,0.4623545056709097
1896285000.0,0.9546888277016676,0.000426952521090208,-87.36527981536895,0.03833036059415408,0.005694980703617601,4.522656263931873e-05,-133.09429979495548,0.5095510759936928
1896287500.0,0.9578322611885867,0.00044941793245618526,-87.5793533519813,0.03994266629084176,0.005702408768939968,5.611516859842724e-05,-133.22424558264777,0.2559425556852924
1896290000.0,0.9546507635030583,0.0005002247427058989,-87.5797934875097,0.043335641347521166,0.005699826916562172,3.178341326255269e-05,-133.01001944938827,0.46243755130816433
1896292500.0,0.9541753897606788,0.000378472046839776,-87.58600526579893,0.04536298777468,0.005725419048005368,4.93560997538437e-05,-133.12242318702772,0.5017434087925294
1896295000.0,0.9551624480777777,0.0004192566971264175,-87.63236725424522,0.04197596119115708,0.005757471875475151,5.038557498189298e-05,-133.0087776080719,0.32907265663217455
1896297500.0,0.9534792088359103,0.0005323853787066272,-87.6557753366907,0.04545604745107819,0.005740179930286739,4.196605060339616e-05,-133.28831325050925,0.48807253748133805
1896300000.0,0.9545387492184286,0.0003724869650674233,-87.71596966829577,0.06461914994797999,0.005754200448780734,3.851197605890575e-05,-133.40153066220228,0.5074940472772838
1896302500.0,0.9553473169815242,0.00040551350820653575,-87.7795510114456,0.052215361925306035,0.005785689724933597,4.195816540705035e-05,-133.43959139184415,0.4137265820025081
1896305000.0,0.9548323478535137,0.00043191500002294855,-87.7592167161454,0.03142311568061674,0.005778247686838504,5.370358490918921e-05,-133.32552142730785,0.46648782694248214
1896307500.0,0.9550248850089187,0.000502183661626576,-87.90159880556199,0.04907016211589418,0.0057854906922991025,3.952411223842536e-05,-133.23934823879662,0.6077479265356859
1896310000.0,0.9550796008115254,0.0005098325624633366,-87.93833781763021,0.04935213556600008,0.0058128855023031325,4.957590323227346e-05,-133.278938520151,0.38476243335511123
1896312500.0,0.9550096196196881,0.00040342786338905495,-87.98644122678365,0.044019607512485646,0.005832097705700978,3.197391252985466e-05,-133.61112075484283,0.2833106536738931
1896315000.0,0.9536804738287343,0.0004531859152521427,-87.88052785112347,0.052738913665973226,0.005849778145801397,4.198208403718964e-05,-133.23317576277128,0.6247971236148202
1896317500.0,0.9517317194521101,0.0003943464895056545,-88.09465251462593,0.04208411208843772,0.005789019752016336,2.581240212511966e-05,-133.63835757287225,0.6331816442097461
1896320000.0,0.9516918861306308,0.0003856575578315417,-88.08214370638161,0.0423184407930942,0.005849663485901115,5.954013617282151e-05,-133.6477060659813,0.32266824033820024
1896322500.0,0.9526979414028172,0.00015228741641468515,-88.20127638034758,0.03834128292935679,0.005855434193998521,5.1490377551868394e-05,-133.54883471735062,0.36370996582342374
1896325000.0,0.9521485147782446,0.00022452306708396102,-88.04329930586093,0.030255763576592366,0.00586687360947322,4.373919989784604e-05,-133.40669526318322,0.27254369207457246
1896327500.0,0.9539009911033077,0.00022205336126874682,-88.16605839182301,0.03693450599117051,0.005901652093921777,4.98878015693295e-05,-133.88683344367874,0.3023834534462993
1896330000.0,0.9529021372124387,0.00039152815950200105,-88.26549020659854,0.045668000283567704,0.00589677008999797,4.816749580383394e-05,-133.57672894465531,0.3131424070969751
1896332500.0,0.9531900691571711,0.0003823036581024911,-88.3245913666577,0.03667741983645171,0.005885515229201037,3.733394999144158e-05,-133.99366572503408,0.47544089747631757
1896335000.0,0.952551822249706,0.00046228370360037796,-88.29245393055149,0.034319824455974035,0.005932573404645471,3.609546189111577e-05,-133.6597521960713,0.19464004235523968
1896337500.0,0.951738320705164,0.0004355620341092726,-88.37481919015642,0.04162424585189696,0.005916531493877566,5.252101960850836e-05,-133.80139200922275,0.27949052757123555
1896340000.0,0.9501817408456481,0.0004929626464833488,-88.43577887503949,0.035775818868980666,0.005933320278339773,5.607655508006584e-05,-134.06500626685127,0.36442892948794264
1896342500.0,0.952837058076573,0.0005212439684969273,-88.46357794535402,0.03907831592274438,0.005961008148021696,2.8556971881831075e-05,-133.93294585029122,0.29300653592583153
1896345000.0,0.9521500738003963,0.0003116301192961884,-88.5209269085654,0.04170605337555047,0.0059699791773631175,4.533447889822105e-05,-133.6578202248982,0.26917563343085005
1896347500.0,0.9542161792743467,0.0003752298857313886,-88.67371815209276,0.036781235453188656,0.005973239164974799,3.285697045944517e-05,-133.96390233773707,0.47742701089144796
1896350000.0,0.9497395564246541,0.00038352314054330863,-88.7462599395381,0.04291362857456095,0.005953731789910899,3.964418111844721e-05,-133.71527614792592,0.6091268021013192
1896352500.0,0.9520598184204037,0.0003708312675758511,-88.76031229695577,0.02725346163910455,0.006033038744327648,4.613731243749364e-05,-133.94240551875433,0.2744189928799572
1896355000.0,0.9514616372510464,0.00027778613173682216,-88.72628548626881,0.0295582847995052,0.006012079914185749,5.7590008840496913e-05,-134.21848033625238,0.39845722017581164
1896357500.0,0.9518805842473521,0.0002577396211058654,-88.81297474608499,0.039478424790208265,0.006041155572943261,2.7821330439167738e-05,-134.27763928245622,0.4342262488131584
1896360000.0,0.9499865699983783,0.0004479050312513528,-88.89833771119719,0.04196837479997837,0.006036162745583338,4.457809674482752e-05,-134.09667577595556,0.4177301793675124
1896362500.0,0.9502853680051666,0.0005049557654968251,-88.87694478978592,0.03282181602210148,0.006057850442570068,5.524225213046983e-05,-134.37720618857088,0.3710488897872279
1896365000.0,0.9494899337415837,0.00036012180305741443,-88.9477990374714,0.04614576214203434,0.006075430795506554,5.09327161983822e-05,-134.24892515586896,0.4168952013275026
1896367500.0,0.950313685841695,0.00028484475531379027,-89.04431472974613,0.047128014757358075,0.0060627114961522765,3.981392105963738e-05,-134.3326915153187,0.48820656608148855
1896370000.0,0.9490998955310974,0.00046721839643651847,-89.11687727363025,0.04008465414840564,0.0060803691544316155,4.1076101512551136e-05,-134.37082561865896,0.34467631238116425
1896372500.0,0.9495839931980421,0.0005156790085793681,-89.1164321677114,0.04420447468613304,0.006075573460836397,4.465000656175939e-05,-134.42402536475734,0.4158685535538043
1896375000.0,0.9503375096218447,0.0003715046038897781,-89.26720980464533,0.05835823287074033,0.006121512247090465,3.0355572710931996e-05,-134.775533311598,0.3738148469985311
1896377500.0,0.9477107021929132,0.00033638968761844226,-89.21943376649462,0.04585052360152405,0.006096491670235667,3.5545262916872985e-05,-134.53972486785693,0.41036494456448813
1896380000.0,0.9498045294055039,0.00041461392934305285,-89.20863233051496,0.04441064773385018,0.006161302431543013,4.683517338036398e-05,-134.36576998519584,0.35654672182266234
1896382500.0,0.949925210800636,0.00022374313227562257,-89.41016830653442,0.04812081402559511,0.006162171601485859,2.8598157537238727e-05,-134.72984937498146,0.27497216864250107
1896385000.0,0.9482877664813579,0.00027268946970404416,-89.33975959479332,0.0448442067192147,0.0061775013623264,5.2158230281348485e-05,-134.6570661498561,0.2790350433132403
1896387500.0,0.9486697813735979,0.0005532022963825607,-89.37510525611103,0.05891579923275521,0.006177970786864045,3.9454295021852114e-05,-134.50104417727482,0.498025985807393
1896390000.0,0.9474336585612888,0.0005762899280584134,-89.5098357333075,0.0413639051296591,0.006198126338554799,5.7736877129667866e-05,-134.81373666412566,0.4478314434015876
1896392500.0,0.9491225997307585,0.00042255028002493775,-89.50594185062896,0.05492099431777816,0.0061714809535470365,4.534922450646642e-05,-134.80512357000165,0.5315976882517034
1896395000.0,0.946946797598704,0.00023949874341236155,-89.55633657954786,0.025752532612353204,0.00622108663915036,2.7443502054071952e-05,-134.4584002064441,0.4297712245347267
1896397500.0,0.9477183034197207,0.00041196429445660674,-89.62597879489614,0.055020698715086164,0.006210846684245173,5.216211805537881e-05,-135.00200694735486,0.33260365712304724
1896400000.0,0.9462173698954293,0.0005904356750108422,-89.7340595068521,0.04041713637350435,0.006229475557435357,3.3418030522880384e-05,-134.83276651673566,0.35616584665979095
1896402500.0,0.947536650867512,0.00036616381203471456,-89.68349486809885,0.03853229345964024,0.0062895574803134196,3.735316934833593e-05,-134.8084384664554,0.5582153650959459
1896405000.0,0.9470324125645537,0.0004549146684771621,-89.85535437687794,0.04724242260975146,0.0062834274451721035,4.2605478731060215e-05,-135.1067778461857,0.42881643842491984
1896407500.0,0.9457154249712966,0.0003436882577440261,-89.87582887743812,0.050008615583297875,0.006264852568992174,2.529564940413628e-05,-135.06734607077743,0.5315760632064849
1896410000.0,0.9451686826531659,0.00033065383272524453,-89.99288258971502,0.03752466887009368,0.006277394868165601,4.415346551254699e-05,-135.17082534697616,0.4782154657544571
1896412500.0,0.945595752927981,0.0003289377694577612,-90.02496875016698,0.05214999504010253,0.006324849550233579,3.3456340030324006e-05,-134.97102188478604,0.323974963782391
1896415000.0,0.9466308029189306,0.0003738409284711277,-90.07562184517423,0.03752216683773953,0.006339670806870302,3.2570255477033505e-05,-135.07106130028242,0.4512740652878487
1896417500.0,0.9456259471031137,0.0004120375930215424,-90.11416252795587,0.040079922885239476,0.006346954718629723,3.8756294347989694e-05,-134.99130235394915,0.6009061066483553
1896420000.0,0.9453031285926913,0.00033851050018829273,-90.09880519689801,0.046753700350337185,0.00635927505076547,4.052164491298409e-05,-135.01951743287464,0.48434692008037294
1896422500.0,0.9457734173430595,0.0003654445996265853,-90.20653861982866,0.04651249175497502,0.0063587870397643674,3.822979045812291e-05,-135.3136897030092,0.40086004061856667
1896425000.0,0.9461931540448963,0.00043666684935543526,-90.23399724811344,0.049429035264431175,0.006399021705099588,4.084397237584051e-05,-135.11961943417083,0.3882434750298213
1896427500.0,0.9445673060053439,0.000543668670710943,-90.32764729887259,0.049801322225513436,0.006372567859171539,4.5643205940755555e-05,-135.26857733958144,0.4889053418766598
1896430000.0,0.9450646864828898,0.00042180166646305225,-90.37798601453547,0.05412130029287846,0.006424212806415177,4.9544788870625824e-05,-135.5014520843489,0.40261653074634396
1896432500.0,0.9442504405885216,0.00022162429240120762,-90.44994200456016,0.05664954559519401,0.006442083690254789,4.33422552505336e-05,-135.33487090478505,0.23704098910854393
1896435000.0,0.9450970770407853,0.0005358112155056661,-90.41354193504624,0.04596399806970733,0.006450598454684775,4.501766350411064e-05,-135.21588605042112,0.5188641825471912
1896437500.0,0.9437825421277242,0.0004319452652240601,-90.58352849151235,0.043629633337649375,0.006437691587419161,3.1617572472342526e-05,-135.54427005332988,0.4701965730105503
1896440000.0,0.943103760456422,0.0003562674446511041,-90.6267733541091,0.0638812857975964,0.006412804204951213,4.4272106940033176e-05,-135.51126281749222,0.4181355617027118
1896442500.0,0.9425645198044519,0.0003621745320337043,-90.70001683588781,0.03890062256372809,0.006480495245384235,4.566441937801697e-05,-135.6072681069072,0.44746083551919535
1896445000.0,0.9416577298937884,0.0005197893999405859,-90.85480492915244,0.04818182835313165,0.006473658370022431,5.020406450544016e-05,-135.38937769395253,0.30152655855526217
1896447500.0,0.9444908368419132,0.00048799334668497125,-90.77077880637536,0.05549790707960806,0.0065354011026077935,5.372870318432032e-05,-135.9086371789412,0.285843030017947
1896450000.0,0.9437227773330013,0.000513810965204468,-90.8544431334064,0.05548033422425709,0.006508956442406897,5.1122499110404634e-05,-135.55443363296772,0.475076172781166
1896452500.0,0.9431849226825739,0.0004729954902065231,-90.8761049359822,0.04512776024956511,0.006524299198156156,4.1979106025920674e-05,-135.6924788990164,0.5553049013703063
1896455000.0,0.9407623121991844,0.0003708621146074497,-90.89416398608837,0.048067713643587376,0.006545446743402626,4.938834746571953e-05,-135.70269977336108,0.363785619456226
1896457500.0,0.9424681332999069,0.00042261380098321185,-91.02434564363824,0.05800079416353701,0.006591123734103981,5.0374639286920306e-05,-135.97714138107324,0.4570887261727606
1896460000.0,0.941864260871755,0.0004943828909139614,-91.03672216983134,0.053849470093869756,0.006599842639399001,3.9615547649597125e-05,-135.46334981210018,0.360286423761017
1896462500.0,0.9414654480044502,0.00045140367242276776,-91.2112832400336,0.04321098323349408,0.006582837259848511,3.5071831894410004e-05,-136.14882765975523,0.484459306304627
1896465000.0,0.9418600852844213,0.00038852714175420457,-91.10995317675327,0.052961243538319235,0.0066094287868611115,6.517823942452433e-05,-135.53032798803534,0.4979858078998303
1896467500.0,0.9408913566370444,0.0003741633564948043,-91.3143932294555,0.04373872134708517,0.006623960901679404,5.0055953303178585e-05,-136.0416900385107,0.2788572386367426
1896470000.0,0.9410216646938934,0.0004270676204228692,-91.24376964865476,0.0392785238226958,0.006665338524699272,4.420262940843814e-05,-135.87650686834914,0.2680061548578364
1896472500.0,0.9416934160194537,0.00045875956014821486,-91.4338143083368,0.0532694498202149,0.006671385897702868,5.6237205294900156e-05,-136.21409660059595,0.6552340551899932
1896475000.0,0.9391576035748851,0.000595824558998449,-91.53178665738578,0.05137573724149009,0.006650877754874176,5.300503079730784e-05,-136.13828981513134,0.36716960711978824
1896477500.0,0.9396142006204213,0.000482067250751891,-91.5369698912239,0.046548927504789325,0.006666854921362419,4.693410722192395e-05,-136.2237327304277,0.42357197480334524
1896480000.0,0.9399928295535062,0.0003238058935714266,-91.55090855695812,0.04358052157327135,0.006704366091501851,6.479538075834013e-05,-136.29796094832162,0.41491388156749126
1896482500.0,0.9384013437714867,0.0005374877887626554,-91.648508867177,0.04200066510268942,0.006695140197937683,3.526832252238874e-05,-136.22620214570063,0.3699384940765547
1896485000.0,0.938781366426246,0.0005754335626649934,-91.71355807126922,0.0489445101450348,0.006737211847853391,3.450726505442878e-05,-136.52062351969732,0.19056549542571102
1896487500.0,0.9393414057860754,0.00035710550647679413,-91.73164827629871,0.044415388930513944,0.0067437802878391245,4.319906457669279e-05,-136.60149521900914,0.36901725994652357
1896490000.0,0.9389566401498305,0.00037450502437526425,-91.81246573023954,0.06085055700900172,0.006787378351375893,5.139435541071903e-05,-136.24505273586757,0.3103097576202105
1896492500.0,0.93915048134049,0.0004123271957781256,-91.88790263628736,0.04792170883715039,0.006800163729095537,5.4425280861704236e-05,-136.56608614794283,0.5722882004334184
1896495000.0,0.9390754967340327,0.0005152384449268888,-91.96039365441256,0.057217697544293476,0.006798640995759281,5.4594880612186984e-05,-136.7136295647147,0.4085519847558021
1896497500.0,0.9371547070002609,0.0005709456496931425,-92.07241538510233,0.05046364339692048,0.006786739065992555,4.125551537084738e-05,-136.9157969473036,0.47671917316747586
1896500000.0,0.9377292575858994,0.0005158575073471362,-92.09293214744652,0.059757830783858705,0.006823346006822656,4.309039261176983e-05,-136.69531808477686,0.24569758174209835
1896502500.0,0.9365472939585017,0.0005791752579004423,-92.18892508676397,0.04097732373794566,0.006820372427292629,4.066914342853009e-05,-136.9624800572671,0.32166658526987785
1896505000.0,0.9371654144872243,0.00037325282922476966,-92.23235120276873,0.05621771578407128,0.006877371520043755,3.104899562259516e-05,-136.44573788374797,0.3304103378373361
1896507500.0,0.9377044518723968,0.0004640060450680401,-92.342963410003,0.06129856097604378,0.006867093010805527,4.1640362644535286e-05,-136.8458942931929,0.08785516108677308
1896510000.0,0.9367971136846007,0.0005468679178873676,-92.36950242799186,0.054301746980853396,0.006936501462482142,5.576595554911231e-05,-136.91465837524606,0.33811348633449145
1896512500.0,0.9360728579449766,0.00054212047935479,-92.42085076499662,0.0581122574890565,0.006902250042005977,5.707561363606992e-05,-137.0146931191857,0.23532743113745863
1896515000.0,0.9362672129861666,0.0004817800765261292,-92.56301355277279,0.053264560713135824,0.006934324793809755,4.794505386338826e-05,-137.0479295444732,0.4042629480564552
1896517500.0,0.9354141307265424,0.0003081126983781524,-92.53485375619253,0.04437703423705149,0.0069402902736931055,4.160440339010363e-05,-137.29555190433646,0.5771018989599215
1896520000.0,0.9367781149491807,0.00031655925130871977,-92.5898230505162,0.04329365940597238,0.006975054391659058,7.306225672069741e-05,-136.95087846331043,0.33024484769718404
1896522500.0,0.9344831018830269,0.0003281018259181436,-92.6371923323098,0.05351062689838945,0.006953040135108988,4.32761709016938e-05,-137.13655201734343,0.33704436378153213
1896525000.0,0.9335307377542219,0.0006971680548737604,-92.74590813274591,0.05841440716230224,0.007018081127870002,4.13374151509687e-05,-137.31896822174548,0.18434567714716008
1896527500.0,0.9342742961956801,0.00027287830725556187,-92.89313166434577,0.06698790620781955,0.006983771235264673,3.8630870830700595e-05,-137.13116068993958,0.43605221903422037
1896530000.0,0.9333172855529449,0.00042394794769272175,-92.91702687471756,0.06243147658096276,0.007004910007680101,5.188121518983586e-05,-137.37558240315798,0.23045560039195628
1896532500.0,0.9324117835816887,0.00039171484765884837,-93.06975664574254,0.0676458051461405,0.007021587674713278,4.853516528729911e-05,-137.25195325947777,0.21144123519996513
1896535000.0,0.93298546379634,0.0006051456870606853,-93.0880336548525,0.06595207755163475,0.007033193147763735,3.5406565557042766e-05,-137.22513756981525,0.3266677473744548
1896537500.0,0.9331231040554491,0.00037380223431971506,-93.18205063525639,0.04835254322379045,0.007069212272607892,2.6889634707572575e-05,-137.6621475602622,0.3119204369098658
1896540000.0,0.9325508879289636,0.0005123594799984092,-93.22979427923197,0.06200565874497996,0.0071033546449702275,4.624323592898153e-05,-137.49010102737543,0.31553606768403736
1896542500.0,0.9326400659348977,0.00048381447690864615,-93.23759578794008,0.05926404473485665,0.007102973477604535,2.6998274378415568e-05,-137.40165529958222,0.4678583611406641
1896545000.0,0.9340520025501039,0.00043265590324339837,-93.2856188340451,0.06545825475518172,0.007153262436700439,5.310431958664457e-05,-137.42791414188483,0.32758762130036345
1896547500.0,0.9315997457648366,0.0005811447836090483,-93.38028565074711,0.0438881918088975,0.007138284934268638,6.57880167482799e-05,-137.79022067497124,0.3285776056153866
1896550000.0,0.931644244380883,0.00036777383222959584,-93.44008084953727,0.0431765706320357,0.007169303617279431,2.587668036354089e-05,-137.77740747511615,0.46866707800976437
1896552500.0,0.9314814772145823,0.00042214458020747,-93.54952251433966,0.0634562754975666,0.007184179181106421,3.271191092536263e-05,-137.7623072093465,0.40505420935465486
1896555000.0,0.9297414843107602,0.0004986441894177003,-93.646937672072,0.07625693801720879,0.007171739892449853,3.0179440724962903e-05,-137.81700533473975,0.3260777770250606
1896557500.0,0.9306438786548925,0.000599746499072798,-93.70156051603706,0.059976387791434875,0.007224064062712223,4.6735861709275955e-05,-138.15406934196574,0.25612808837203627
1896560000.0,0.9304603295142873,0.0003825652825933806,-93.6875362699577,0.06021212445244728,0.00724488276786843,4.0960059432730724e-05,-137.98633132801876,0.42021999747273975
1896562500.0,0.9296129018810642,0.0003436328592129765,-93.88794184419172,0.061130791701857326,0.0072455804053276306,5.099127543142041e-05,-138.2748609404933,0.2547695021198099
1896565000.0,0.9310579848721767,0.00036868289199632425,-93.90526095471826,0.0482707853054464,0.007274537057329396,4.176952271606833e-05,-137.992832028253,0.21100330794893993
1896567500.0,0.9286456930069636,0.0005569103003970373,-93.94573885538576,0.059407072861223285,0.007277406519857593,4.743518650388715e-05,-138.0277735162159,0.3122035979440706
1896570000.0,0.9288550176912183,0.00040310127185084403,-94.06074697923333,0.07018972079795201,0.007259761760499953,4.769055778157312e-05,-138.23477985953076,0.40918705856390025
1896572500.0,0.929181246809594,0.0002548360697396894,-94.1352451404876,0.08001005247533004,0.007325596421823947,6.050690555918027e-05,-138.03851599237507,0.2629166021028731
1896575000.0,0.9277600269621646,0.00040923795111770457,-94.26697053517104,0.0706136199113158,0.007358378344668495,7.180296182549208e-05,-138.4432052316131,0.35894363955840897
1896577500.0,0.9282347360874328,0.0006954619867390563,-94.28084598691561,0.05886444666317935,0.0073386266208975495,5.066079777767179e-05,-138.34251812170402,0.2651905601731005
1896580000.0,0.9286697498230567,0.0006281704183066734,-94.36157374736945,0.06619236377742009,0.007401415777544015,2.244855146857e-05,-138.3961610638586,0.2824831981726707
1896582500.0,0.9273746378542798,0.0003337595582312314,-94.50044273266396,0.051437834416450626,0.0074061009983019755,3.3347677022768804e-05,-138.68818056443706,0.44405534199777796
1896585000.0,0.9276032633750055,0.0005765133614513899,-94.59442110385183,0.06552948454460283,0.0073973680063402205,5.415714051081955e-05,-138.59500423300514,0.4122518939354949
1896587500.0,0.9272343891417424,0.00027156370438417734,-94.6861773651973,0.05765751572809199,0.007458910914606493,6.034893164315679e-05,-138.65370965428414,0.30000353710239935
1896590000.0,0.9269949068783545,0.0003415253689193045,-94.72170724590063,0.08352026402520085,0.007477159479923255,5.214926184196318e-05,-138.64538129026255,0.27761237412355555
1896592500.0,0.9257169785502783,0.0005571547313841759,-94.7397597179421,0.07019005040552524,0.007491272213756004,4.1239912372759804e-05,-138.7650206800625,0.32537189635587754
1896595000.0,0.9266719519765836,0.0005086144654292202,-94.87640127002122,0.07559710821923,0.007508697944688709,4.797379126260746e-05,-138.9368776277177,0.3499380874637989
1896597500.0,0.9263108259474006,0.00041621677438748275,-95.03303906073238,0.06170206449707652,0.007523163181686505,5.766672034578676e-05,-139.08191165152377,0.26847365046627825
1896600000.0,0.9252956634894239,0.0005262972155977649,-95.02680267585252,0.07537841313608024,0.007521738232349031,5.7786705577661515e-05,-139.02169483096517,0.29174906464766603
1896602500.0,0.9235009736315107,0.0005256666211235931,-95.09220334943831,0.0664876651801102,0.007527198700088005,4.055547985405069e-05,-139.0252263225729,0.27322670336059196
1896605000.0,0.9233454009607595,0.0007382374456324545,-95.0861827505349,0.05985375738518633,0.00759447364835162,3.817825683037048e-05,-138.89652456598193,0.38568500954310186
1896607500.0,0.9243560841951561,0.0005803734267853739,-95.2335610095751,0.0815213812316009,0.00758262679593281,2.053912482774663e-05,-139.0119877127632,0.28477109142077867
1896610000.0,0.9229170526451587,0.0005466175654017544,-95.35648064234442,0.07072993277484618,0.00762224857073329,3.890793862663841e-05,-139.32876334379444,0.3066268755812664
1896612500.0,0.924550868415386,0.0005726525990944473,-95.43327082668354,0.05991676425280309,0.007635334521530795,5.852508368642706e-05,-139.34821499435145,0.3514535940120002
1896615000.0,0.923442113638715,0.0005642904668503074,-95.54591972406729,0.07272331808328435,0.007647672922641189,3.2943165716418906e-05,-139.1532580716598,0.3888207021651168
1896617500.0,0.9229892111419806,0.00037969356828915284,-95.66340207748647,0.07492752194602134,0.007680526814646634,3.251518696522024e-05,-139.56682211168823,0.34610711853027953
1896620000.0,0.92142691751056,0.0003264151272454844,-95.6473735723163,0.07060671326718765,0.007709101892851483,5.477216977591625e-05,-139.48859701046098,0.300094099769549
1896622500.0,0.9207941530149502,0.0005758127117660347,-95.72129423679222,0.080747739436337,0.00770121060135123,3.594087326861464e-05,-139.62866336934349,0.2967120880721701
1896625000.0,0.9216893179116205,0.0006413426959713822,-95.76950938087826,0.0673107117182443,0.007723367627554419,6.459041839831898e-05,-139.5694742999704,0.3726437861088214
1896627500.0,0.9207230488139576,0.0005178840537783353,-95.92195493108792,0.0662673899863346,0.007755197127387858,4.149393775162839e-05,-139.72903534622586,0.43901455441865866
1896630000.0,0.9187454806342615,0.0005533921542909026,-96.10839990455626,0.08234667286229197,0.007764906699340977,2.2999606099747537e-05,-139.73161042076617,0.2310278515482931
1896632500.0,0.9188614966418309,0.0005353879390700944,-96.16214268984464,0.06540261980738395,0.00777658948425737,3.661184758411858e-05,-139.91795229006317,0.30716161871530673
1896635000.0,0.9186460566164344,0.0004695157842948228,-96.20392758913788,0.06851652758232879,0.007811232325455001,4.1905283031138077e-05,-139.90729409548314,0.25117981084245605
1896637500.0,0.9190896417011412,0.0004351824424155563,-96.27658481305129,0.06397951285488832,0.00782903161785362,2.7253069830924532e-05,-139.80114423086002,0.2933807582171459
1896640000.0,0.9181231693490378,0.0005303988541819907,-96.44003702730734,0.0933189520959409,0.007856750694254056,4.831157059200594e-05,-140.24620937705117,0.23702655315075843
1896642500.0,0.9183798172537785,0.000710703665701447,-96.56697115046752,0.06943818775228455,0.007856817809349898,4.508310224345909e-05,-140.14364226712328,0.39484171442669647
1896645000.0,0.9175029080356334,0.0004588094489916463,-96.58182542016336,0.0932366081721596,0.007911350758946148,5.4347318242227025e-05,-140.21510476798858,0.24124386025285435
1896647500.0,0.9172989137849243,0.0006050708052831011,-96.6360562168925,0.07876628309190274,0.007939251741569262,8.042509127702225e-05,-140.40652725038154,0.42669133149986976
1896650000.0,0.9172200986733452,0.00046115673373532364,-96.73384975905758,0.0948513600748655,0.007960297431622701,3.092591130020797e-05,-140.2116022260459,0.2529402887651505
1896652500.0,0.915757373173548,0.0004671724940459463,-96.82977762275975,0.08128246760681915,0.007996464784001003,5.1756461046998075e-05,-140.35666877560928,0.26587495676209444
1896655000.0,0.9163938906800888,0.000712922914591186,-96.88131354153782,0.07895745231260924,0.007982449877399565,3.566913158500893e-05,-140.30363507036407,0.3350465904641296
1896657500.0,0.9159413151872767,0.0004819341601679249,-97.00192630390234,0.07895816649504321,0.00798586912731514,3.9616605109903646e-05,-140.38399186818572,0.3275213182364433
1896660000.0,0.915075240630068,0.0007325073072514129,-96.97957271815599,0.08141339882888102,0.008054394829345425,5.153349716145266e-05,-140.50962996496506,0.3542820466953124
1896662500.0,0.914906062968276,0.0004426011742417828,-97.13878238718091,0.08611276890000846,0.008048552880197976,5.5220258730065255e-05,-140.49008372126184,0.2854856992878938
1896665000.0,0.9144706689851685,0.0006010742508980494,-97.22666397869597,0.07305735199505516,0.008070862569287914,5.351728498996458e-05,-140.74324708502928,0.2525604998581991
1896667500.0,0.9137785670537613,0.00028300196719361124,-97.4247759845937,0.07465281015607567,0.008110235446103592,5.953460696227675e-05,-140.80576106277758,0.28007596465705087
1896670000.0,0.9118188408283221,0.0004467473248751105,-97.46883879774778,0.06559993899054611,0.008112356543793975,4.0190499230262964e-05,-140.83354791895192,0.34953970908265375
1896672500.0,0.9139633532688836,0.0006777842410874018,-97.55160592225789,0.09077195800600026,0.00814511668139407,4.606619082529143e-05,-141.0848735660115,0.3907242143917834
1896675000.0,0.9137128434455553,0.0004223015115759822,-97.58616011966569,0.091936242814654,0.008142793626067537,4.4114886575396415e-05,-140.81573789411874,0.28427755695465995
1896677500.0,0.911257983480233,0.0005575398593644907,-97.76586665334861,0.07564470618932326,0.008158997521673272,5.1506271241457407e-05,-140.94083967864518,0.24922015213055498
1896680000.0,0.9108742192094246,0.0005000594883064029,-97.86264656722285,0.07498658021347253,0.008208144693361641,3.617450138688594e-05,-141.285697982464,0.2882198439949132
1896682500.0,0.9113955554089735,0.0006739314118514944,-97.93935533876984,0.08709708972953088,0.008247251822204558,3.5837443195174444e-05,-141.1885375076649,0.22911755287631372
1896685000.0,0.9091347583078726,0.0004714341899051864,-98.03344681637147,0.07255626318678284,0.008249390448300687,4.566252723156855e-05,-141.42890663846666,0.29321521706860876
1896687500.0,0.9105468550783052,0.0005830567337306511,-98.08139941786126,0.0877439068563707,0.008286498246551885,5.255589630169169e-05,-141.39194900710766,0.4383034170858078
1896690000.0,0.9088570343454738,0.0006900129060685345,-98.2201752877532,0.08956641548589336,0.008315986223761347,3.9173277860943475e-05,-141.40297477070314,0.25384278634473584
1896692500.0,0.9089105468589836,0.000690925988221168,-98.39854860422093,0.07587026164743212,0.008336324088217545,5.102802251482294e-05,-141.51292515054072,0.16839803480451623
1896695000.0,0.9084602388177584,0.0003318117920075147,-98.35961651686762,0.07086656265059059,0.008359069146937062,3.352279437822925e-05,-141.7450265819573,0.3340618600201059
1896697500.0,0.9065891975314398,0.0005225959149757052,-98.47409880523664,0.07239511458796184,0.008359268383758087,3.615603136337434e-05,-141.63018662111284,0.3103176641698183
1896700000.0,0.9073496782715766,0.0006048331703522675,-98.59893393665419,0.06638241326200117,0.008402095619271025,4.436159421950651e-05,-141.5925604953724,0.28376401914527044
1896702500.0,0.9066161033439528,0.0005701183330805163,-98.71378205107584,0.09491379827281339,0.008417350872551582,3.630783229312904e-05,-142.01290405273872,0.36014884891129967
1896705000.0,0.9057777685592016,0.0006316001213076423,-98.7964137428103,0.07539738718916783,0.008439727383984501,4.05909611481457e-05,-141.8500752109873,0.45790725829496565
1896707500.0,0.9064596561307755,0.0005817577767154399,-98.89875666280827,0.08201766825717609,0.008486640079463863,4.9800841401259726e-05,-141.9502347537419,0.40559178231855997
1896710000.0,0.9043055600464404,0.00048504711413533433,-99.02822410656691,0.08003537911724876,0.008459203467880304,4.998896002346792e-05,-141.94639979401396,0.41061073751581756
1896712500.0,0.9045341403765887,0.0004637947230537747,-99.09111037966369,0.07278588283133819,0.008510983101984698,6.227559973324323e-05,-142.12397504665077,0.2810021325262584
1896715000.0,0.9037431863987619,0.000519827881005299,-99.2860687076285,0.08266742308173204,0.0085124943210287,4.169951503409149e-05,-142.23250085320333,0.28692693775776956
1896717500.0,0.9036413166977655,0.0004254228176782333,-99.34764866783513,0.0779654544101229,0.008557235373605034,4.193913253176976e-05,-142.42682973332947,0.23402525633477125
1896720000.0,0.9029567141922836,0.00048404185555812434,-99.35715997000791,0.0776569526062951,0.008571602889409297,7.031444445815563e-05,-142.4991405881497,0.3152513394120334
1896722500.0,0.9022983486108567,0.0004979849792623257,-99.6301094910396,0.081602284521165,0.008609825240546503,4.357351167832006e-05,-142.49650492319782,0.23797938701265495
1896725000.0,0.9015289371746966,0.000407651561952285,-99.6521402163183,0.09057490696098518,0.008662019803152657,3.891689522815079e-05,-142.38668054782755,0.336896001078988
1896727500.0,0.9010705017854005,0.00047422011297081225,-99.73296363912486,0.0832815824736389,0.008657768172075976,5.83375218250853e-05,-142.67804800356535,0.2695266069648844
1896730000.0,0.9001981835226067,0.0005257029328838872,-99.91775177235033,0.07949998323470316,0.008688551629899791,7.329742867023772e-05,-142.88086336847434,0.443104264374715
1896732500.0,0.901471759198936,0.0005013946718363574,-99.9439206637593,0.08958693992132676,0.008750976736551685,4.180167653884756e-05,-142.63907622210726,0.352163217347764
1896735000.0,0.8998503396894763,0.0007148638310371427,-100.1209424474154,0.07146886620399451,0.008738886576191627,4.5422353119134566e-05,-143.05481314134948,0.22306819126792943
1896737500.0,0.899015189782959,0.0004184793700765571,-100.16123552623017,0.07628114484422246,0.008789279742235083,4.689493695127385e-05,-143.03965888179633,0.15643065372482556
1896740000.0,0.8988986670891758,0.0005599583170067222,-100.32474165524422,0.08968313084022193,0.008795515025971323,5.6739488436109795e-05,-142.94348687111844,0.3752115751303997
1896742500.0,0.8974422301125625,0.0005527596272536099,-100.46604593064964,0.08736454674919227,0.008813394838892845,5.3093713805601786e-05,-143.26830819546205,0.22795135748672635
1896745000.0,0.8965833457524248,0.0007406685835306461,-100.61614220576857,0.0836927092967923,0.008827382348358604,2.7361023835949823e-05,-143.35051150312395,0.3592590583518371
1896747500.0,0.8952790685929352,0.0007238861583510355,-100.6450249799317,0.08238961025753647,0.008851892904416295,4.444051344497909e-05,-142.94214717891725,0.37705552023298194
1896750000.0,0.8960232387893834,0.0004979685886977704,-100.79882401310316,0.08331740797883236,0.008897370791041494,2.7044231885737988e-05,-143.44485145394637,0.2951487897263064
1896752500.0,0.8941796121276775,0.0005612779586419494,-100.88858571340296,0.07376383488546129,0.008902266517519122,5.1284959317647746e-05,-143.43642549095551,0.2561180717351159
1896755000.0,0.895696378233161,0.0004574326947665476,-100.97339765802062,0.09708338692248006,0.008981576428566744,5.2674829210873445e-05,-143.61118053347968,0.23347155764409142
1896757500.0,0.8928422583363166,0.0005472250716338738,-101.18824509568363,0.08485054887179627,0.008969196083688201,4.4605568255449834e-05,-143.81331713856477,0.2964385157617065
1896760000.0,0.8934268055096587,0.000659848491374747,-101.21982122027387,0.09281836686282734,0.009006367540305952,4.239391617597812e-05,-143.63735682136993,0.26031998817636326
1896762500.0,0.8916116233527417,0.000685941071286486,-101.42770741314023,0.0687965880043968,0.009015662722889952,4.7054394275032735e-05,-144.00255671839923,0.28157071956206503
1896765000.0,0.8918697818356217,0.000598702822082362,-101.50706053537219,0.09324920366649905,0.009045444543690643,2.5737012495354623e-05,-144.06859218989018,0.25560825260426484
1896767500.0,0.8912716254032071,0.0005175866410745573,-101.56799325570141,0.08821067405080156,0.009073292397892438,4.24937185114978e-05,-143.9438941401783,0.21382881277251978
1896770000.0,0.8892124830444482,0.000793976299458583,-101.75948462206868,0.08799605749080772,0.00910538857210836,6.545519456330629e-05,-144.38449757229506,0.3101565866681732
1896772500.0,0.8906276270346513,0.0005722855837577945,-101.89550733587662,0.07607147893880657,0.00915847713633268,4.9207034772421445e-05,-144.22706212254434,0.2055447203008233
1896775000.0,0.8893841256661232,0.0006161378352075971,-101.95258632306096,0.08185865529478217,0.009188680037743773,4.234541687320638e-05,-144.15056270229445,0.21747436647064644
1896777500.0,0.8885755401166648,0.0003860325886206182,-102.13514714967975,0.08802349228168248,0.009233025447787986,4.733300079810757e-05,-144.58928920773752,0.28459319324316484
1896780000.0,0.8879204582736231,0.0005477734844837764,-102.24457307377901,0.08204244553624696,0.009238199795480887,4.6886522247173714e-05,-144.70355646527142,0.31278256345984373
1896782500.0,0.8873921988262904,0.0004826441866401355,-102.3230685358958,0.08401898646038683,0.009247176791875911,4.60269451143886e-05,-144.3394170083929,0.35854921374580223
1896785000.0,0.8857406328078297,0.00046233198568752055,-102.51505461910304,0.0826391800523057,0.00929038133939371,4.097981232769601e-05,-144.82726352666805,0.2651288399517433
1896787500.0,0.8856525567529194,0.0006915669463042173,-102.60538721638375,0.10242632983682669,0.009328362170586876,4.1267800650390364e-05,-144.8932079868735,0.26205671203533887
1896790000.0,0.8848627015397954,0.0005570571556527751,-102.74003295715116,0.08535258000599164,0.00933649930930782,5.602686732971466e-05,-145.1224601829142,0.2195643954229889
1896792500.0,0.8826670439166617,0.0005094095137817537,-102.83934431470725,0.08070919505624624,0.009313974990535387,4.704146679960778e-05,-145.12488982543846,0.30521144285432367
1896795000.0,0.8827395129030638,0.0007929094893783732,-103.05181942824822,0.08109342133886009,0.009366325890418019,4.4937573014988046e-05,-145.0943645047354,0.31648624418016547
1896797500.0,0.8831647040368079,0.0006816730237866311,-103.09939486391167,0.08804427797339562,0.009401121220992466,3.5943537137897655e-05,-145.23499449090858,0.31325640573058644
1896800000.0,0.8808240677685877,0.00041081718451878784,-103.17659953507336,0.075771894638062,0.009460999512776158,3.64473339211503e-05,-145.27813670943482,0.2838953686546124
1896802500.0,0.880635646800703,0.0006250327638974684,-103.44773795037982,0.10287898649964826,0.009467039820561587,6.474310376181385e-05,-145.5099585125151,0.294172519455025
1896805000.0,0.8813801715261601,0.0007146286308463429,-103.49760233609155,0.08160579901484581,0.009545797567486022,5.4545798759601925e-05,-145.62535814327697,0.3190013976526085
1896807500.0,0.8795628445559838,0.0005691538833332005,-103.7278912597506,0.08679759830746966,0.009520531517175666,4.361537279885797e-05,-145.61269458039817,0.2521299131000523
1896810000.0,0.8791608808184938,0.0005604787345507408,-103.78815810425365,0.09182717666684102,0.009559526692818829,5.714107175880692e-05,-145.753113419558,0.284377929355229
1896812500.0,0.8779473339668845,0.0007316044400966383,-103.90374243900243,0.09243706656406132,0.009580426487068628,3.045747328204607e-05,-146.03213582087741,0.20596885969071846
1896815000.0,0.8761153981187109,0.0006897514465505974,-104.04689989895438,0.09860700836931077,0.009619843523572657,4.8852770676372185e-05,-146.14006672941156,0.3274699922913338
1896817500.0,0.8751095215545981,0.0006105437942772486,-104.23045515149185,0.09482309954571475,0.009657233223785828,5.7386926262329996e-05,-145.8479018878643,0.22969407567877853
1896820000.0,0.8753932839225925,0.0005310298133308606,-104.33775241132003,0.09542065128528368,0.009718550638704372,6.535613372071399e-05,-146.0206339873648,0.1982416696780621
1896822500.0,0.8730614028841426,0.0006608339271787418,-104.49882574582811,0.08514147261657663,0.00970083306366898,3.3372192617855705e-05,-146.32230948428293,0.2855071716848459
1896825000.0,0.8734812141787915,0.0008302919945981169,-104.69844083392059,0.10468589573558114,0.009753477188513682,4.09199906235717e-05,-146.3002993992252,0.3710657015461793
1896827500.0,0.8725676210461194,0.0006968701441621765,-104.76459648609304,0.11466629426917667,0.009796137598404765,4.371276052195925e-05,-146.33146425687704,0.22014722927139524
1896830000.0,0.8725007026781917,0.0006494767882690685,-104.95706639331466,0.12019596015657572,0.009842658560451316,3.436420009223814e-05,-146.52746169261798,0.24901732137399044
1896832500.0,0.8723474085237283,0.0007082008151448806,-105.06911862794442,0.11162858635822849,0.009858598067757959,3.41427690153587e-05,-146.4937426177156,0.24716147496872096
1896835000.0,0.8697813943416619,0.0008320111373129684,-105.19561707327884,0.10729699551182485,0.009869450745490883,5.470787051204024e-05,-147.07292219214978,0.3280145344513409
1896837500.0,0.8693237131569607,0.0006039232311750324,-105.39455027576348,0.1341204875074998,0.009882734480278692,2.437936204856151e-05,-147.01234993821186,0.30664376229021717
1896840000.0,0.8692032039324293,0.000619491374924301,-105.46243091668941,0.12072570832787081,0.009967500871355187,4.1366794061842616e-05,-146.87928163367818,0.259380754596416
1896842500.0,0.8694194230426914,0.000597421379612067,-105.61810353573571,0.12768133532285442,0.009980548763297618,3.247751505467423e-05,-147.392113458924,0.24679698600977718
1896845000.0,0.8666202721257328,0.0007911938674249654,-105.77578157482918,0.1303369592700363,0.010045244602971841,4.987114146286072e-05,-147.32206898429908,0.21992799256561843
1896847500.0,0.8662616365315657,0.0008540402193933287,-105.92906508896837,0.11845569865144409,0.010081800063513894,6.550617167482288e-05,-147.45102656823883,0.2091946862918442
1896850000.0,0.8653577674193934,0.0008169119843050183,-106.10839189795414,0.12696814929886518,0.010104571545852889,3.433328712172972e-05,-147.50431956332457,0.21456511140190387
1896852500.0,0.8639650008287796,0.0008498161602403588,-106.24576624112281,0.1311389736168764,0.010099525778874656,4.865211301240178e-05,-147.61426654562268,0.21579092964257138
1896855000.0,0.8631643296290459,0.0009713635707577083,-106.3992433494945,0.14013201698557184,0.010145927493077442,4.031015904170889e-05,-147.66142951657773,0.176129681304863
1896857500.0,0.8626791276726673,0.0009851058276804856,-106.54473543869672,0.13490740738169024,0.010207301140214871,5.1572222984215694e-05,-147.7858025291242,0.19072019440024168
1896860000.0,0.8628074739061253,0.0010292029752056765,-106.71303418679437,0.12437962479173725,0.010233158871590785,6.129423894195704e-05,-147.97513197773338,0.26056143890139055
1896862500.0,0.8611428593573888,0.0008912797811692058,-106.91471406636954,0.13471615239003842,0.01026308867920163,3.50395218762939e-05,-148.06070175090497,0.21195780144603657
1896865000.0,0.8596396977809603,0.0009563449330948308,-107.03010253373452,0.12121468547064335,0.01031813295685709,4.2501578437258424e-05,-148.05593053634993,0.32371508134731747
1896867500.0,0.8581453280710054,0.0007664090859457923,-107.18434562130938,0.1331540435324404,0.010341727612974666,6.28746195023133e-05,-148.35777936997198,0.16308704077559594
1896870000.0,0.8568111184919273,0.0008102639614480187,-107.33433609848174,0.13696294395543207,0.010327086879082945,7.659341795002067e-05,-148.31043369527762,0.2713290331935898
1896872500.0,0.8568730414045056,0.0009484500009735652,-107.46504340065309,0.1308837243115866,0.010370830933096872,6.816464208442563e-05,-148.36583091376676,0.2184422661099094
1896875000.0,0.8558856476813517,0.0006790934811147676,-107.65873174974554,0.12743773116123108,0.010425373404941232,3.454710639454497e-05,-148.56029986653866,0.2867758119346201
1896877500.0,0.8550147733008508,0.0010742654605650685,-107.90186087822174,0.1363451398449349,0.01046724617692582,6.139376177141654e-05,-148.83548752081973,0.2568405538960461
1896880000.0,0.852899515841343,0.000853642699359176,-107.92012025023858,0.13536123667029137,0.010493779352950436,3.12990431843464e-05,-148.93948494518185,0.2873817851182446
1896882500.0,0.8517691678489536,0.0008674864846947134,-108.18381449996274,0.13935462372837654,0.010528032198981404,5.7177082542403635e-05,-149.11757456706232,0.2466877951998211
1896885000.0,0.8499666448241406,0.0008416781282304596,-108.35569204566089,0.1560950201227294,0.010564406459266814,7.778110522028175e-05,-149.24801740884308,0.2868986346964907
1896887500.0,0.8487139229808136,0.0010449075733867982,-108.52788651848152,0.14378702430386364,0.010583983747241461,6.274525379833086e-05,-149.19026999016555,0.28675673680857294
1896890000.0,0.8483494931654336,0.0011245033158272866,-108.68257593777955,0.14102659952294377,0.010643197367551495,5.614984882556378e-05,-149.69263386833344,0.2777117857772678
1896892500.0,0.8481787970023491,0.0009547973170368364,-108.87608475339403,0.15480241337268652,0.010692809170205687,5.574820268751211e-05,-149.61435800187832,0.29701039262462253
1896895000.0,0.8472060396880443,0.0010076875252317409,-108.95590235809112,0.15179514005949665,0.01071446990098902,6.185425787382351e-05,-149.6586322095318,0.3273686950271538
1896897500.0,0.8461918397361529,0.0010756047404596985,-109.19411943656507,0.12254226066177076,0.010739833935422844,6.228719945611002e-05,-149.77221540399293,0.2981254448233407
1896900000.0,0.8448303522533295,0.0006580382700609626,-109.32348654423329,0.14803266905079476,0.010813817688347943,5.29701092289348e-05,-149.8992034535666,0.23901683971308182
1896902500.0,0.8443222277050643,0.0011468795620289136,-109.60555305793685,0.14884922400893463,0.010836557082615448,5.1861056773344825e-05,-150.28710000911263,0.23894443375053717
1896905000.0,0.8424356727009129,0.0008771502708782714,-109.80090900772731,0.1717731058942255,0.010849722077053234,4.4046221338234814e-05,-150.09917412924253,0.1767516768835088
1896907500.0,0.8404903445328693,0.001136673338038435,-109.89930544508431,0.15613149844500343,0.010877438779793745,5.335275943904693e-05,-150.47695986930506,0.28587722011655786
1896910000.0,0.8387774440776091,0.0011581248877469382,-110.10928160497379,0.15002858151352813,0.010915958812263607,4.9262782139221286e-05,-150.39980726683368,0.2351034672439099
1896912500.0,0.8389210039007783,0.0009847441205202323,-110.35298221971031,0.1621853869636371,0.010992448282821869,4.376457518917092e-05,-150.62950373567213,0.25058796414070283
1896915000.0,0.8367053040783109,0.0010550396990057116,-110.52757278031052,0.15203728056923438,0.011035580428928549,7.192989949836679e-05,-150.97387609773182,0.2146790502345171
1896917500.0,0.8356953889917986,0.0008066736652363079,-110.66068913347607,0.16248965503155235,0.011039106163464013,2.3787723435740642e-05,-150.83983311572936,0.248803721612412
1896920000.0,0.8346381892951942,0.0007670382242815368,-110.76734990524318,0.1323683037161426,0.011054122283332942,6.696285124950062e-05,-150.9791695450685,0.28606908870372566
1896922500.0,0.8336189579465271,0.0009863892188401349,-111.06140558902793,0.13125329428495472,0.011175571968372032,6.037292854853369e-05,-151.2640086873829,0.23296105409870288
1896925000.0,0.8322661333161367,0.000929046424950379,-111.14989948911098,0.15212751825292534,0.01115233944022419,5.538956349534205e-05,-151.24063395068015,0.3010258541536882
1896927500.0,0.831445785753371,0.0009221636039612241,-111.40132889293585,0.13859992576729452,0.011235443108711178,5.292889354040539e-05,-151.61587946222824,0.2882960621537057
1896930000.0,0.8291812804260767,0.000984387075865108,-111.57520688472786,0.15067243624147178,0.011267699207305743,5.467347893851309e-05,-151.62234178561954,0.1914036336449021
1896932500.0,0.8282685994093307,0.0010153705550950774,-111.84228997951772,0.14244186958104862,0.011322165367974993,3.6142634834313767e-05,-151.87238899551932,0.19635780563649544
1896935000.0,0.8276279832183155,0.0009572820387817901,-111.95944396884869,0.13788647596490192,0.011309480307973735,6.319959522436772e-05,-151.81371573042549,0.24156622214477727
1896937500.0,0.8260823867403391,0.000888620928407985,-112.27663393542791,0.13325492798276847,0.011384609227160225,7.148011550132025e-05,-152.2151016294792,0.3092371252608961
1896940000.0,0.8241656535481373,0.000734577847866321,-112.35743286547081,0.14198504860929168,0.011393152268864023,6.00421386562606e-05,-152.26810750476645,0.22226098070118172
1896942500.0,0.8235501866994259,0.0011180112072290025,-112.59520980291745,0.1363696344208436,0.011414754068889674,6.023554569944225e-05,-152.3538263684807,0.24737713089428967
1896945000.0,0.822568574911579,0.0008645305235931176,-112.78780816087074,0.1256964463961085,0.011531636329134645,5.6383666486860424e-05,-152.57607384482415,0.2391924135560359
1896947500.0,0.8203956632735032,0.0010075430223435299,-112.94865910054904,0.14393436795602185,0.011535833740341343,5.8034658847733444e-05,-152.478115942731,0.22427477162634382
1896950000.0,0.81891168412052,0.0011621628008246835,-113.195339454452,0.13821875422673174,0.011568738965318555,7.891754046341262e-05,-152.71490990179052,0.21378145066214
1896952500.0,0.8182373990204794,0.0010329944702143772,-113.37297015001273,0.13630973075735153,0.01159070580289525,9.326961438308468e-05,-153.09807224751995,0.46168128784177065
1896955000.0,0.8157027205224984,0.0008403158389869641,-113.618449414801,0.16126653694982093,0.011607940263101094,0.0002498865871835046,-153.09049513942804,1.2824970353577134
1896957500.0,0.8151200941534801,0.0008802135397251873,-113.82646477961701,0.15299417069916718,0.011684157737256284,0.0003479133629182848,-152.9739582787042,1.563028631822812
1896960000.0,0.8133827819410794,0.0009605965953952708,-113.96220661092481,0.1422045196446352,0.01177764664566111,0.0004910010675597805,-153.85376402083713,1.1898787753043372
1896962500.0,0.811509912372277,0.0012964376852658208,-114.17766131949637,0.1367588955091714,0.01181824420727308,0.0003876548672266556,-153.72510480427374,1.0173258152596203
1896965000.0,0.8103669512777925,0.0010697544815902393,-114.49762385747584,0.16014576549756174,0.012061052837026893,0.0003763937570280366,-154.65963434022103,1.655886155267737
1896967500.0,0.8081391311320493,0.0009883456561266912,-114.7016692978459,0.16369355549472778,0.011854123827405036,0.0003158928330571732,-153.36940353605198,1.6126637788186575
1896970000.0,0.8072196148298421,0.0009321327468355695,-114.9327139812287,0.1440351180247657,0.011893097738111652,0.0004689764521319018,-153.27907240459598,1.5639734071962372
1896972500.0,0.8061097892367056,0.0009584146831907361,-115.11868800728918,0.17157397580156322,0.012001909386300358,0.0003716010669878561,-154.9199992128412,1.6985476574819902
1896975000.0,0.8040351689075866,0.001205244445104046,-115.40551025017591,0.16649008997892314,0.011982524201173567,0.0004719242947102474,-155.00365274342718,1.8808676885446027
1896977500.0,0.8023719954078075,0.001164923432477824,-115.60175435183024,0.17497822604764862,0.012174682888056105,0.00036658874094826286,-153.932270286321,2.1128635921542522
1896980000.0,0.800424137394389,0.0012737744534617114,-115.74048122626998,0.18585955081905994,0.012010048303830637,0.0003150208866364783,-155.05611156804372,1.7528242044568945
1896982500.0,0.7993189072433837,0.0010662690660226582,-115.97770403497752,0.17478463410361542,0.012091470727678848,0.00044771809835541696,-155.54603695510346,1.2200576334578634
1896985000.0,0.796825254955392,0.0009643860565904805,-116.26774959931349,0.18830797086255857,0.012122357757580755,0.0002843126663106304,-155.0483511195869,1.38683957099933
1896987500.0,0.7959824171341168,0.0014986843806180858,-116.5619834909956,0.16704826198785272,0.012400189932419868,0.0002455983566140969,-155.11265563322863,1.0542102925903534
1896990000.0,0.7936111759919385,0.0015411665978360173,-116.71346562798432,0.19537301500772686,0.012310086831950721,0.000323801309172745,-155.7462459873761,1.2181490176976035
1896992500.0,0.791694268873127,0.0013586572696328498,-117.00511992808097,0.21112917695480768,0.012546300485623359,0.00034999913291273673,-155.35245716372458,0.9465923167303331
1896995000.0,0.7901561891404788,0.0016055186660542434,-117.26910758576894,0.20720086908383903,0.01220383993344111,0.00046585217087856623,-156.2560050937637,2.1521487739595164
1896997500.0,0.7885321987573899,0.001554917641601928,-117.48341754470998,0.17510741364134028,0.012205447161620787,0.0003392786514079591,-155.63872400930637,1.1276187048870832
1897000000.0,0.7868446090784629,0.0012302531928633836,-117.76287232363295,0.21107586167199388,0.01225619000323097,0.00031322815538904736,-156.22463288571277,1.0782264829671784
1897002500.0,0.7847517991652556,0.001400963682210274,-117.97538148429747,0.20451094361831462,0.012498686083068082,0.00035666138764672356,-156.23887807015095,1.499897426877257
1897005000.0,0.7838431358790242,0.0014804090975598086,-118.2519539915981,0.20603232101313027,0.012715634064640933,0.00052426425848552,-156.10856071309306,1.281462085985572
1897007500.0,0.7819178247381962,0.0017660827410500397,-118.46219377003979,0.2083573603480804,0.012652671858712099,0.00031945068948610795,-155.86157294885783,2.191486776420485
1897010000.0,0.7783385470571818,0.001541226082593447,-118.71197184241514,0.22117166110004322,0.012534893495164342,0.00022614465980033414,-155.98724514010433,1.3602373124271336
1897012500.0,0.7772210959631151,0.0017355431396253802,-118.85544023057452,0.22293934325969608,0.012646111378874132,0.00033821623425153214,-157.31400244602764,1.5639396487917336
1897015000.0,0.7774327091848618,0.0017391207417755032,-119.23852287019623,0.22083897282447706,0.012615901100696018,0.0003821922959605032,-157.06839504760643,1.6666853007385667
1897017500.0,0.773506057377646,0.001640948025574033,-119.4251547424098,0.24050564805015734,0.012735261708998592,0.0001706517353941443,-157.2754995184392,0.9206557326427588
1897020000.0,0.7719707189277045,0.001831063726174204,-119.66913053516646,0.23431273332814673,0.012638184636010802,0.0002279846843629933,-157.85495684710176,1.525035314675333
1897022500.0,0.7704416648419627,0.0018392910503647962,-119.99614095551398,0.23975067080438262,0.012885161133699016,0.00037704498159210316,-157.50986202537993,0.8624467390538271
1897025000.0,0.7682446194907515,0.0017634043818413917,-120.28206928560016,0.2501466835440458,0.012843227420241275,0.00037461958223882294,-157.98958927822792,1.6061825578795812
1897027500.0,0.7670673633301746,0.0020073434498721386,-120.48631564194412,0.22816045922839365,0.013068426376209957,0.0002622681510680182,-158.2361164954531,1.5595269182943394
1897030000.0,0.764442688104886,0.0019129308930971184,-120.86228122248092,0.25237022632570055,0.013010364380861728,0.00025833047275704616,-158.2175810302107,1.8256281292240968
1897032500.0,0.7633654066426393,0.001850941010697417,-121.08456210646148,0.25212555375737516,0.013107696135073569,0.00026365780274173624,-157.6068242858173,1.4018990386044201
1897035000.0,0.7609879355703968,0.0020555321002033258,-121.2217566776234,0.25634961609236384,0.013474377740949148,0.00025832077971798493,-158.12906853753717,1.2593837633852312
1897037500.0,0.7586022651468549,0.0017137216706267582,-121.59776032481383,0.25261262490261005,0.013016744314891995,0.0002529078475053642,-158.63992163366026,0.7964420407399331
1897040000.0,0.7559144245270292,0.0017461363639537444,-121.90495060312792,0.2734805131356782,0.013145586559726023,0.00027661025657545776,-158.76853398652727,1.4088983762487004
1897042500.0,0.7540453716928783,0.0020137188243609903,-122.10993339847384,0.23161054077871807,0.01330343841421342,0.0004637188570194885,-159.59661330738535,1.576018948800362
1897045000.0,0.7524676886332643,0.001998905246666923,-122.43419634587708,0.2563794142368665,0.013255946612416731,0.00042149282343413434,-158.7324333993545,1.6914370090228057
1897047500.0,0.7502631624191018,0.001802671010342528,-122.80584049522352,0.257101663610001,0.013393327600515544,0.00030124060639619366,-160.60052646013145,1.4238816090190107
1897050000.0,0.747999461390797,0.00198026464021733,-123.01512878597464,0.2525843846077804,0.013608351550957746,0.0003908630472038529,-159.96095514109484,1.4321195281603767
1897052500.0,0.7451325876175579,0.0017580926116065418,-123.41342486249152,0.25780994617142433,0.013505072065082469,0.00039657428102500347,-161.0866989734758,1.3045955174150128
1897055000.0,0.7435611125721195,0.0019092582046201453,-123.66247420761916,0.26866786846272905,0.013747205133735332,0.00023513729773826927,-160.8010635720291,1.9419297560097084
1897057500.0,0.7402187911795844,0.0018747492776439766,-123.9443156868689,0.28079814153421234,0.013436100025581682,0.000279280644957961,-160.10931872308987,1.1833475048046445
1897060000.0,0.738706983169846,0.002072681516465877,-124.24414694318511,0.25874030809374254,0.013735696837624746,0.0002909244547602798,-161.6339803502074,0.9031079145405554
1897062500.0,0.7354931363319899,0.0018929434627433322,-124.5764286468384,0.2496924831866689,0.013636214376799542,0.0002878269432681862,-160.59279857671362,1.525858737387799
1897065000.0,0.7328464967388092,0.002069478971592464,-124.81951074107303,0.24705610476904444,0.013588477157691892,0.00031816748260397415,-160.60385538032457,1.2375374576002183
1897067500.0,0.7316025383570195,0.0020466988855787844,-125.20102117764388,0.2521700624906461,0.013674182106128212,0.0003093132854999924,-161.04335406187022,2.2652069356009004
1897070000.0,0.7293447223118866,0.0018639819534163288,-125.36266134960952,0.28443913849131125,0.013742049053750243,0.0003285797783717787,-162.06681820008689,0.8486286945860473
1897072500.0,0.7268189292896631,0.0021630580778647904,-125.87464521025169,0.2698872582433947,0.013991708192343313,0.000208381080604719,-160.7140994152409,1.2151342264735616
1897075000.0,0.7240940558211395,0.001938088136603441,-126.08867641124704,0.27520851623757586,0.01379851573615801,0.0003625364611450258,-162.23097489041746,1.759374188246256
1897077500.0,0.7218552816371302,0.002202085284742604,-126.41625395139786,0.2880373206753756,0.0138225665927836,0.000427878407049457,-163.03017380273857,0.8977715456222884
1897080000.0,0.7192423930955576,0.001945547729355498,-126.80177420394104,0.28097724847570116,0.013967281695190667,0.000409825015109224,-163.1534452204483,1.0425630579306553
1897082500.0,0.7166136831748929,0.0023338545976153624,-127.07413275987372,0.29946573502110385,0.014162405797415841,0.00035696821770482193,-162.40845834776496,1.0816809420881752
1897085000.0,0.7135641586714514,0.0023775254563520028,-127.46553213970327,0.28114479764616157,0.014154881613885204,0.0003922904091767969,-163.2411094830013,1.573176462852729
1897087500.0,0.7119691875466502,0.002067410281666762,-127.81237317314027,0.27236017031252996,0.014128297069999466,0.0005420728338830192,-162.78761716598586,1.373826177241697
1897090000.0,0.7085744995541733,0.002213231716470591,-128.14940690408218,0.30948811501731494,0.014278742744614043,0.00032152058805487503,-163.501668927009,1.1751790104267879
1897092500.0,0.7062437013844289,0.002379969747095525,-128.43453362004846,0.26832107302460106,0.014410116937909327,0.0002684360284430328,-164.32932875576483,1.7961208112151195
1897095000.0,0.7033363771247695,0.0024155754570507632,-128.8857565394519,0.3069294342551038,0.014410895188653303,0.0004212920943408384,-163.54925772946558,1.8741181373332687
1897097500.0,0.7006984389796923,0.002580591182102104,-129.20610076653173,0.297864526450829,0.014335363357426599,0.00028912961282896694,-164.6169904189958,1.099935252781026
1897100000.0,0.6981227774448658,0.002649008442226019,-129.4323667072638,0.31052722817965417,0.014483004539929078,0.0005038545331761475,-164.8711263709864,1.947805501860216
1897102500.0,0.6955036577904287,0.0023233759272476423,-129.82700722957702,0.3248584334208494,0.01432188784064785,0.00035768732934655164,-164.4028110050932,1.6823076168737616
1897105000.0,0.6924006046914107,0.0023610841826641744,-130.1429512402478,0.31832499731054914,0.014597996273223886,0.00029045865450577087,-164.97814674613505,1.216417031946482
1897107500.0,0.6888013055332044,0.0025193773953966557,-130.6371034882327,0.33039053147817987,0.014571765464250432,0.0003261631432136469,-164.29221211858595,2.0825328880210354
1897110000.0,0.6868825042840466,0.0022909919823146272,-130.9866861442196,0.32760242681844565,0.014579138294924897,0.0003708984910607054,-165.32454322019512,1.0809778705928867
1897112500.0,0.6839465017328024,0.002516219704913707,-131.44870450257446,0.33004722736558617,0.014742644134715007,0.00026932204911726625,-165.54272642944215,1.355896926628244
1897115000.0,0.6810435814056918,0.002492104188555426,-131.80630533273495,0.3285683269999359,0.014662976654215195,0.00033553945441754503,-166.1067334663768,1.1440970618576358
1897117500.0,0.6778783869787296,0.0024613749845560206,-132.1057453045027,0.3320909087396172,0.014899315262542186,0.0004007552102731119,-165.86183937774214,1.8380191793429526
1897120000.0,0.6739465385171333,0.0023849688358343283,-132.49346744741996,0.2961894950880964,0.014730758430200521,0.000426818728001803,-166.45078240967317,0.7948528638599024
1897122500.0,0.6718766909066087,0.0026896348498893826,-132.8499075543089,0.31528581302145936,0.01501647685047451,0.00020385675926185796,-166.83118272612774,0.7506495399139766
1897125000.0,0.6687646975964114,0.002609513196198177,-133.31717504137384,0.3050633186712364,0.01493394886246256,0.00029699652874606717,-167.17349827165683,1.2824279660502915
1897127500.0,0.6650001504868236,0.0024878888032338624,-133.67207868460375,0.3189606872488761,0.015147631952286801,0.00024368717881364607,-167.0236804159128,1.2949648439553039
1897130000.0,0.662118031126683,0.002211770239979358,-134.16629928915904,0.30839756733660106,0.01506377834944122,0.00031667818042150866,-168.2647060829899,1.6615810797182684
1897132500.0,0.6581440277088441,0.0023838517581246314,-134.59279956718933,0.3267207622707148,0.015104264525732325,0.00036296849970777817,-168.2225176118312,1.4438702623368185
1897135000.0,0.6560231529884794,0.002257282394598755,-134.93113703136115,0.3076693249346599,0.015293677172180128,0.00015103782087430809,-167.96964038544155,1.3147264751224823
1897137500.0,0.6524853673185368,0.0025674256675098494,-135.34351126451395,0.2973581273265831,0.01516492399175183,0.00027344114486837253,-169.00769113543245,1.3260296506425195
1897140000.0,0.6486476088727583,0.002332513975326401,-135.80835506036323,0.33214707788013187,0.0154376037084645,0.00040071471700311984,-168.43849394748682,1.3317506313606828
1897142500.0,0.6455236356438372,0.002428977932952033,-136.2118680905502,0.3021773451712161,0.015416389659415055,0.00025497479897220224,-168.6606691947449,1.5095154452729551
1897145000.0,0.6426583461814884,0.0021245395908298164,-136.7130424864348,0.30274524990639173,0.015670486678306342,0.0003329224538851276,-168.8869907891624,1.292825380333666
1897147500.0,0.63890489706956,0.0023123681262926807,-137.1854236953568,0.2925235438792285,0.015914767275302784,0.00027617838904033914,-169.82568152738907,1.314829605546065
1897150000.0,0.6366077196519766,0.0022053237391009162,-137.46405130903463,0.29571345068494354,0.01568243116350936,0.0002970918495660516,-169.57686417800616,1.2918631024380525
1897152500.0,0.6318417710582673,0.0023228651183908227,-138.04818069726613,0.2811968444689994,0.015632589651392213,0.0002090345995729026,-170.08423445929913,1.0439818890511865
1897155000.0,0.627482438630823,0.0020586102622356223,-138.41341924940684,0.31298601333880444,0.015906832848212087,0.00028995148392884837,-170.39471592542887,1.0145322520885496
1897157500.0,0.6244739970398229,0.002232285876366881,-138.8849995934103,0.28878907880214466,0.0156314380057895,0.0003133970570153279,-170.73111876255817,0.9777765141554923
1897160000.0,0.6211544351303877,0.0023683013332141977,-139.32624563323725,0.304378701981372,0.015678728401076147,0.00028677842361314425,-171.47559520634084,0.8378072165992668
1897162500.0,0.6175569087492224,0.002234400401929526,-139.8444099810947,0.27671312314181523,0.01594320167551887,0.00024835672180657293,-171.59804765403018,1.063255078141092
1897165000.0,0.6128955736378339,0.00217059071990887,-140.44132311345885,0.28620980195582163,0.01592503205991264,0.0003111590571264191,-171.39429038134264,0.5999053145618958
1897167500.0,0.6115493187370716,0.00217873233252413,-140.80245984900841,0.299918942705133,0.016131301295839347,0.00021395228216277947,-172.2147834269142,1.4551048573404346
1897170000.0,0.6062351779664832,0.0025997386741074056,-141.43723948312726,0.3100654893163043,0.01595678773667231,0.00033834230508355753,-171.8951036494518,0.6005207458918259
1897172500.0,0.6016601994199076,0.0023078947278258105,-141.8643181122487,0.3280298402530302,0.01618790228301265,0.0002595990500268552,-172.25156676394772,1.3930309871928341
1897175000.0,0.5985825252543849,0.0024777117023550466,-142.25392116297644,0.3193276240680768,0.01608478126845673,0.00029913450816693507,-172.60880232628932,1.3048998553682896
1897177500.0,0.5955618132723511,0.0024033541465886053,-142.8345694498213,0.34562590807377197,0.016062718757989352,0.00018923615031310207,-172.33463545272036,1.0085576344130631
1897180000.0,0.5914037853471977,0.002547099032256109,-143.42290055175246,0.34061943994019395,0.01626546008580744,0.0003310358674632911,-173.09878425972508,1.2003225128097939
1897182500.0,0.587276067379024,0.0024544152337723463,-143.79568778965762,0.3355438395014772,0.016259581234221145,0.00025029932047405663,-173.7215732024746,1.8315565025182647
1897185000.0,0.5823891837599243,0.002622321519336838,-144.2807308899172,0.3624821435880428,0.016541010719780605,0.0002562339327296828,-173.21234331422085,1.4259924893368423
1897187500.0,0.5793392652971879,0.0029425955536140063,-144.91724014816532,0.3821421426627917,0.0164306947718266,0.0003758482977675247,-174.54570138109577,1.0559670159481145
1897190000.0,0.5741922584493925,0.0029109281977544,-145.43848269550517,0.3836630597886684,0.016586529139255027,0.00020288876457900273,-174.2723593432367,1.5985047313297174
1897192500.0,0.5709236214994512,0.0027595798986737863,-146.08090230235965,0.38010407804062296,0.016515879760290016,0.0003657801144925874,-174.51842842975907,1.4189283891255438
1897195000.0,0.5668732329856823,0.0028245912859842922,-146.50609468513372,0.39145026968933566,0.016749066771104527,0.0003620595092791076,-175.60299054151625,0.929739895668353
1897197500.0,0.5640628023671181,0.002943808297169011,-147.09292802467536,0.39281905939458533,0.01677155201062452,0.00020967886716965052,-175.5548495831285,0.7798518488750148
1897200000.0,0.5597013622341702,0.0030140848268280828,-147.67713841487188,0.39991628431189313,0.016521427192868882,0.00027395073881774105,-176.00536944690975,1.084747648780651
1897202500.0,0.5548011786543846,0.0029088137093366798,-148.2692841872357,0.38147896085616306,0.016626643098967015,0.0004189275970586439,-176.06627280668667,0.7452501269785767
1897205000.0,0.5505338938360979,0.002910000262920372,-148.89329489590642,0.4173864861257245,0.01686612952224341,0.00035804415268695766,-176.68642101564996,0.7487024415127156
1897207500.0,0.5460826181439695,0.0033920658668161303,-149.35740602844976,0.4041710054393686,0.016895641240001397,0.00032563530957892744,-177.1795483492541,1.1655009154118372
1897210000.0,0.5413370799212586,0.003145227861799606,-150.02045883357837,0.43285373317987597,0.016878190920905103,0.0005300862525259431,-178.04673811014197,1.3566893663209623
1897212500.0,0.5374937080795331,0.0028056324027996315,-150.66851882673365,0.468372822318777,0.017048364548576368,0.0003096275063510679,-177.1921619818498,0.7704358430264316
1897215000.0,0.5329080488671314,0.003089344816587943,-151.2790271584518,0.4454660266527687,0.017153443382325544,0.0003517927869179281,-177.62106609018738,1.5528637571019817
1897217500.0,0.5283237780565411,0.003024517176020147,-151.8660452778186,0.4417338112109099,0.017141327807795696,0.0004105482982359524,-177.9181165370246,0.8565910526156543
1897220000.0,0.5240540727238051,0.0030103134295247263,-152.55693520365293,0.4253383154112247,0.01729884749434241,0.00027267174303421943,-178.1900965640302,1.1657921632550583
1897222500.0,0.5210523918332391,0.0031000188523421963,-153.20688684002292,0.4753921540943762,0.01711169472475146,0.00022997616011881657,-142.6958203973627,113.37483222054954
1897225000.0,0.5145927753736111,0.0030479198766791104,-153.86037110205245,0.44105717120504323,0.017442189904179266,0.00015845518620002358,-107.25561109032199,151.1006729290458
1897227500.0,0.510334011506348,0.0031652692195196872,-154.5223394502593,0.4376855310259837,0.017337763715710743,0.0003151608397438744,0.15282147642486166,188.68418923614522
1897230000.0,0.5068942701395156,0.0031095156958924884,-155.07217128608193,0.43272710210165405,0.017357265253790072,0.00013603906694195053,0.032636622263032676,189.1087282559578
1897232500.0,0.5011539832181584,0.00316154072529893,-155.7065120216133,0.4560290076700495,0.01719200656012429,0.0002476440628744702,-0.26920121553144155,189.04378128790106
1897235000.0,0.4966872845416162,0.0033801756952035636,-156.53719815922977,0.5025495005704861,0.01752741359878943,0.00034779827316457773,36.0759725639573,185.07080774165627
1897237500.0,0.4908118548210989,0.003169630266315394,-157.1508710114067,0.49373192589824083,0.017528756333916415,0.00043153301136487183,178.65843726341814,0.6273595328268745
1897240000.0,0.4874036256782859,0.003388319534333404,-157.86275911767493,0.47125221797949385,0.017633841057940112,0.00021059290450388494,178.1677941018204,0.6333047833569022
1897242500.0,0.48113034079766576,0.003290316733991499,-158.56328605022148,0.5176471227813872,0.017725618048357546,0.00033822673932087504,142.78826485879247,113.38185624027668
1897245000.0,0.477617285432183,0.003405705323544674,-159.50777032441215,0.5153855811160901,0.017765288151974708,0.00017625157094154845,177.21673476452668,0.5752704504505921
1897247500.0,0.47227035466776196,0.0037100202475059832,-160.02442639097669,0.5412822006536562,0.017951796591943393,0.0003654843811669477,177.52430953905628,1.4215029562739494
1897250000.0,0.46798356399334406,0.0033799019517588955,-160.96903204447315,0.5554171980664421,0.017975267629678056,0.00014691724812680167,177.3889683188446,0.8318029224238224
1897252500.0,0.46227112349721533,0.0034846244539634805,-161.77966817519447,0.5735601149916688,0.017786620626925553,0.00020569608021883817,176.68271140689805,1.5356979484349809
1897255000.0,0.4585966982505375,0.0033961410276634536,-162.5952889505273,0.5886057573013392,0.01790147015046892,0.0003054218038793181,176.91860529595508,0.9621708771541954
1897257500.0,0.4534069728813516,0.0037184163169711,-163.2902353265035,0.5909261280539297,0.01792775879375021,0.00019841153950938498,175.89821804665007,1.065341594047936
1897260000.0,0.44756786543788424,0.003765415373176538,-164.26248108091954,0.5895592724001492,0.01779935655531384,0.0002274097216378965,176.01457199295595,0.7356665592633295
1897262500.0,0.4430705018141569,0.003985761005774715,-165.09715941675606,0.5953267274442826,0.018042692719025352,0.00047230731016630295,175.49443786035818,1.0543016605141085
1897265000.0,0.43819877176142813,0.003734165899263589,-165.86982364899606,0.6549690433547853,0.018214203128327944,0.00040786425656298323,174.71178687172645,0.6838478816637172
1897267500.0,0.4336577273045611,0.0036336897876808045,-166.82261948726656,0.6321114014385661,0.01810293038234927,0.00029583700615285976,174.6562688357541,0.9131848787178114
1897270000.0,0.428892803309234,0.003723441863952627,-167.59149162779977,0.6537158360999615,0.0182093767674118,0.0003324619023827181,174.38869473750214,1.63604183355424
1897272500.0,0.4231343271960707,0.0038211474778736838,-168.52983025223926,0.731759303736798,0.018103125015579844,0.000318691214228181,173.64799303160774,1.3820639942788429
1897275000.0,0.41872673394068854,0.003842816335096308,-169.32634801657784,0.6904977753166461,0.018428961117863605,0.00041356199270396407,173.48450462245412,1.2662862046640286
1897277500.0,0.4131536351451428,0.0038001933344000453,-170.45839012074794,0.7162795974288612,0.018452334015986657,0.0002726498951776854,173.22143654783773,1.1019968694959597
1897280000.0,0.4079591428868879,0.003832233372847002,-171.22232280303803,0.7348645792603297,0.01836744163292092,0.00017651470046271803,173.2879103972813,1.0364402966723327
1897282500.0,0.40310375213229716,0.0038853287724243827,-172.1657479531291,0.7450733583198196,0.018560995706750086,0.0004675111908630872,172.17630664445616,1.2693076439308606
1897285000.0,0.3977194191787675,0.0037825480491034493,-173.07436172429536,0.7259087402251125,0.018294921016818566,0.0003985339146021426,171.67553873990076,0.6740709421751849
1897287500.0,0.3933772342889388,0.0038722579051723356,-174.2912413839373,0.774801385275341,0.01873040692646682,0.0003405411781247497,170.9951896202865,1.044427096167481
1897290000.0,0.3874899491484166,0.004120297612351515,-175.34994685104837,0.7784070468277197,0.018563262838187572,0.0003328822183165355,171.0854058955645,1.1772348991013946
1897292500.0,0.38238303015987013,0.0039318263606678925,-176.50217933148969,0.8372754145585655,0.01850416035012783,0.00043045865268265477,170.41170453305006,1.0564434846943436
1897295000.0,0.3785007475942199,0.003916342582299293,-177.559164424615,0.8714672549321046,0.0185538743732116,0.0003265107665788565,170.23392618272126,1.3447924386560797
1897297500.0,0.37301807408605264,0.0039156236900302396,-178.65959561100894,0.8866702150305174,0.018859380649657552,0.0006201987218044364,169.58255705347005,1.0525176309962927
1897300000.0,0.368295247539008,0.00389091263389539,-71.70615303634405,173.25440587974862,0.018682115171899046,0.00043285275844837307,169.0518474058655,0.9772253935841188
1897302500.0,0.3629081770531096,0.0038522547595374462,107.299864340104,151.00539720109623,0.018911773914271228,0.0003995260464942327,168.96062272139704,1.2788877657852298
1897305000.0,0.3576880581642539,0.004026274525544254,178.0587333444464,0.950270666896451,0.0187744586146678,0.0003192500011162632,168.210143734086,0.8081784057939764
1897307500.0,0.3521317398199239,0.003950701095857079,177.02474744906112,0.948596740867402,0.018676579807471626,0.0004045539883664601,168.3482739799202,1.1503539917779202
1897310000.0,0.34782800617225484,0.0037077374167967347,175.6745234074878,0.9622373777154579,0.01890802800119781,0.0004807469157868757,167.60940461178163,0.9133788683068794
1897312500.0,0.3418176143204873,0.0038919091663767447,174.51045543304824,1.0016491516933623,0.01890316769611497,0.0002855982346259419,167.27191417322433,0.7434420914703427
1897315000.0,0.33675008016312863,0.0037715374268708834,172.94344225887093,1.0188970325628042,0.01911173645987193,0.00023949293511545792,166.64984789941224,0.8901855843682055
1897317500.0,0.3333773900879595,0.0038585437558798876,171.68383356358254,1.0655759228687687,0.019035197564334142,0.00043298142866196257,165.82267304130042,1.2807514794549595
1897320000.0,0.32841951756682697,0.003576628502875188,170.2944857165499,1.12730883910045,0.019051285825363792,0.0003649348063618082,165.47986544968217,1.2861278038448327
1897322500.0,0.3227549751626283,0.0036799973813863816,168.82533652872922,1.133512438457515,0.01900363906231235,0.00029060982943510203,165.37797848357303,0.8846750112859713
1897325000.0,0.3172783119772204,0.0038161721214638234,167.61001593180762,1.1511094612322093,0.01904870974966614,0.00030672361819470507,165.0632987533176,1.4620386488688557
1897327500.0,0.31426600574221986,0.0036977389961545095,166.07256971422555,1.1073959128336532,0.019056152931212416,0.00026885140111879217,164.2904313452614,1.025736976639961
1897330000.0,0.3096365314280277,0.0035407563215760557,164.85424101151804,1.1842513302554871,0.01908563705686441,0.00031027427334726337,164.32427432999404,0.9079849143800085
1897332500.0,0.3049270695926984,0.0035288891763514034,163.0576497363985,1.216598767914498,0.018972549750302825,0.0002507562394019866,164.0874308086611,0.826665383387889
1897335000.0,0.3007499523131219,0.0036696788678620656,161.6032124954181,1.2062662455062774,0.019201474353488242,0.00032370374218645487,163.51188131241358,1.1145981356618528
1897337500.0,0.29546573262298387,0.0032695167283119087,160.1026718606413,1.1904493835911278,0.01928767075450009,0.00016475504790634604,162.98225208503598,1.0382339419070081
1897340000.0,0.29078571947037885,0.0032583370067469056,158.26594512154176,1.2678142024344543,0.019274684961468527,0.00033286118889922314,162.69438286355697,1.6024955361825508
1897342500.0,0.287675792871236,0.003297267280249826,156.7423199558143,1.267237076045615,0.01932859535350978,0.0002541077229166959,162.5381434663376,1.4590941862025568
1897345000.0,0.2833949702445999,0.002777316208356514,154.89177766227303,1.2864930666566143,0.019311992689478672,0.00029788311784314137,161.46727526582,1.6770054334450042
1897347500.0,0.2804417066355047,0.0025080135784440955,153.23402511442725,1.2663913948373307,0.019340080225927966,0.00044132725933291044,161.47929025711312,1.3754701290089277
1897350000.0,0.2771920212296102,0.002618342476743831,151.34799967856532,1.3156483036566677,0.019425438909896238,0.000393720631517771,160.91641021474385,0.8198329440461266
1897352500.0,0.2734859975641609,0.0025850889461320253,149.70203502492825,1.3630545904433495,0.019452197581294597,0.00033725860310927064,160.40106220579713,0.9418542213746127
1897355000.0,0.2696675672546337,0.0024256966740183105,147.74987844824875,1.3401053857424445,0.019446447567693693,0.00019910908669255658,159.72863496537718,0.5816610322663212
1897357500.0,0.2664102953512715,0.0020472456149280205,146.0891003298678,1.3614366877975943,0.01939484917158994,0.0002853693008003848,159.22903007660722,0.9229438618665817
1897360000.0,0.2633348236925479,0.0020256020104340113,144.1281053939248,1.420326530420429,0.019445012498928157,0.0002673458098043412,158.93729262702652,1.1375000729442564
1897362500.0,0.25914419770647823,0.001989036302979895,142.09091837602185,1.4057690355552663,0.01935467141650333,0.0002449499930165887,158.59579901439784,0.7459120529630066
1897365000.0,0.2572267414085668,0.001699437931670414,140.0395761454366,1.4083480603369924,0.019261653947315084,0.0003667615420321029,158.11537105783125,0.575392940753844
1897367500.0,0.25418724898506806,0.0017392756149746398,137.76727594493872,1.427147948449749,0.019538039863808435,0.00019068392731099655,157.8076246853315,0.9477297778619356
1897370000.0,0.2514806775851667,0.0016268630048349713,135.98868299877816,1.4765145825057946,0.019420301243443475,0.0003026660365548225,157.5344142240133,1.2250854431095608
1897372500.0,0.25000579076765994,0.00148976612716,133.91428760604123,1.4604010724695966,0.01964398810003548,0.0002924724265206435,157.45375291613223,1.0303918049089578
1897375000.0,0.2470804154226743,0.0012593472809873333,131.87190580605784,1.474715626895688,0.019328260698684863,0.0002853344573121814,156.5663448957505,0.7008386589204155
1897377500.0,0.24624996304843305,0.0010326169482406976,129.4120978400182,1.520738000515687,0.019524942779441237,0.00020813579877949928,156.08882393057576,0.9644366964006996
1897380000.0,0.24357632327260265,0.0009805159703783872,127.32773281208979,1.5520695989699356,0.019584417898365746,0.0003350359841913086,155.79326851840068,1.2953093733011585
1897382500.0,0.24148300981771592,0.0007852378392045099,125.27228055913923,1.5579227869124614,0.019550860689081143,0.00038282281605641564,154.84720970816068,1.6796900545606195
1897385000.0,0.2417378830878216,0.0006372506355977214,122.78343275589515,1.5447241011241455,0.01942872078663913,0.0003839143915345606,154.27822465470453,1.6332354845816337
1897387500.0,0.24039574913498973,0.0006447160205324277,120.36702299649683,1.5924280799042112,0.019415706724578624,0.00035973312362388147,154.0287338541344,1.234301896540947
1897390000.0,0.23968633111417084,0.0005864368802025526,118.47727188589863,1.5602935109176803,0.01943449704946955,0.00035243968461118373,153.727759472561,0.9547179525120129
1897392500.0,0.23970982763767051,0.0004321409095382173,116.10166951650264,1.5649635464782126,0.019549922103390217,0.0002868793230960336,152.80459857456427,0.763064518734511
1897395000.0,0.2392395037890413,0.00047752558177424945,113.68934726043369,1.6491637443706049,0.019577940110696475,0.0003067497065069433,152.7879753047281,1.209518707265901
1897397500.0,0.23800445010560453,0.00037659057896108046,111.73650705531752,1.6019274118145785,0.019374462007220993,0.00027920501942771766,152.6357169752836,1.4203461406203843
1897400000.0,0.23873065885414108,0.00041519241405265224,109.2472935263522,1.5742461827268455,0.019322927459687844,0.0003173020580971638,152.18686839849266,0.9132153666377637
1897402500.0,0.24041836804631977,0.0005801471556374061,107.16244156346833,1.567765290677578,0.019628746628526393,0.0003967032043276591,151.91463755787615,0.8481687442853814
1897405000.0,0.24050190344295472,0.0008068778271799757,104.8322319485231,1.555765017169978,0.019523620572095137,0.00039106166474264667,151.50889136980555,1.5213797650114262
1897407500.0,0.24103364242092318,0.0009428762228533157,102.43768295294687,1.6055768326557467,0.019430163662967143,0.0003502085797275665,150.64656550560827,1.0269523805469898
1897410000.0,0.24188181575049233,0.0011411869384184159,100.327198236611,1.5613493424459366,0.019298652715298455,0.00027444301667323194,149.9536314198197,1.4565170662826556
1897412500.0,0.24339492804014512,0.0013418941505078728,97.76122162903101,1.6205121360439512,0.01954379015278973,0.00035219119304043494,149.775440441519,0.9739823623159976
1897415000.0,0.24491166990385443,0.0013572143026469685,95.51754181452776,1.5441092139511596,0.019392198435596423,0.0003164951563681571,149.23153798235137,1.0085135952178164
1897417500.0,0.24633389576376236,0.001520705805735152,93.46497015986772,1.6016953040671342,0.01940727545829834,0.00035581754421446453,148.72812259294443,1.6326251069833824
1897420000.0,0.24935260128851325,0.0015893806498297003,91.07741250404695,1.5660588944344698,0.019172970909634286,0.0002551223144935047,148.96847504458805,0.7418765143942789
1897422500.0,0.25093321478590935,0.0018639910848755122,89.07137462253856,1.6020385395115324,0.019552717943851036,0.00023895805909597995,148.08633162523242,0.9214765765262237
1897425000.0,0.25283621145415985,0.0018319623123161494,87.16082715362964,1.5542873890261208,0.01947695901600977,0.00036357033707144234,148.0005967997063,0.9174583400000501
1897427500.0,0.25577096630257157,0.002098601926840963,84.8370625550279,1.6089161796205647,0.019480458828140423,0.00034538955191350517,147.5071096309718,1.3099578614432068
1897430000.0,0.2574484504998001,0.0023631916866685243,83.1831706646075,1.5501035794978173,0.0193738369239157,0.00031462076507665605,146.88331768059862,0.775260848246918
1897432500.0,0.2615643050673495,0.0027879561008939562,80.7690422981942,1.5375806160283962,0.019343781214305307,0.00035062402828043535,146.60087678235152,1.0503896371113433
1897435000.0,0.2648408441692195,0.002749415938736269,78.96168677500104,1.5172260624555403,0.01922192571681451,0.0003124773213843597,145.61602840119141,0.9161329299781648
1897437500.0,0.26749394831302226,0.0028751355843637427,77.13267225681518,1.5259313957585643,0.019395512596489962,0.0005687364644745753,145.47377430508507,0.887766796759
1897440000.0,0.270934865296626,0.0030722730981761637,75.02974964409847,1.5328752243571073,0.019433868366758523,0.0002766142072817286,145.0927372295394,0.8537253485215598
1897442500.0,0.2744028981148686,0.003101763155962109,73.13812909863701,1.5536414065507982,0.01936285661978474,0.00026512778675345257,144.42258533030383,1.3174887509941098
1897445000.0,0.2787276685906207,0.0037115150000624694,71.53835938844968,1.5429438478862405,0.019191240382652713,0.00027271246488830216,144.40050856752956,1.0305151028291788
1897447500.0,0.28171029485739746,0.0033988398710461916,69.71150580726278,1.54825953518283,0.019287381199606754,0.00034156972521318216,143.21200076126553,1.1133118522219316
1897450000.0,0.28662145919350424,0.003420784283514411,68.06399130440236,1.5521607789221967,0.019294182450310865,0.0003509976952702296,142.97163512530065,1.088998023857759
1897452500.0,0.2886840601785149,0.0038260975791081235,66.47880137365436,1.5364149083915017,0.01911073889948283,0.0002457252158373366,142.0027198222392,1.1522869035921974
1897455000.0,0.29586822457260975,0.003948783464776762,64.55066134317559,1.5649251746457682,0.019205381913963288,0.00023576469554959165,142.21227119536817,1.2745294346790677
1897457500.0,0.297758062653234,0.004211442463806486,63.259561308734945,1.5126371470570708,0.01898133636389505,0.0003302655487380777,141.77600513161195,0.9175993938970419
1897460000.0,0.30092710766422076,0.0044548140783767795,61.44431582649861,1.5259889684858507,0.01907485799025523,0.000304010311658987,141.46411575448258,0.9900601103107805
1897462500.0,0.30632572915297207,0.0043096259659287095,60.249053993039844,1.4839723453702867,0.01904167545947833,0.000371917181573328,141.1596680909947,0.8567686251499367
1897465000.0,0.3114022747579377,0.004611826228942593,58.6590522573336,1.4853854188986992,0.018804796681788645,0.0003378986805293037,140.33208961213285,1.8631825859267293
1897467500.0,0.316105298616443,0.004625788314037368,57.27338600598797,1.4760326411727238,0.019083361041435067,0.00032254855799821456,140.5317536614012,0.5608377759806609
1897470000.0,0.31973772629041625,0.004961489505486778,55.747384695188096,1.455488314002597,0.019151401853116822,0.0002467055413825793,140.11976373530308,0.9444768228651477
1897472500.0,0.3244908798087561,0.004650875441600643,54.2595455589466,1.4399094151114968,0.018924472671007157,0.00019145153450492855,139.30095045913606,0.8286607574558192
1897475000.0,0.3297372351859707,0.004704718431278259,53.0501932673498,1.3991319069170813,0.018850958712931302,0.00031272291635997665,138.51240042709495,0.8597339145102627
1897477500.0,0.33512479562843184,0.00490278789951566,51.63227439515177,1.3435577149559654,0.018899934038933176,0.00037799279205315555,138.95697308453398,0.6950803331820762
1897480000.0,0.3398681872660788,0.005048163529575083,50.298834761308434,1.3140984757052847,0.018784956167529905,0.00029760762917849736,137.79712892826603,0.5208122738570122
1897482500.0,0.34393652199571684,0.00499366776483148,48.982204047696996,1.2759079908519966,0.018720165014842007,0.00041462031494262773,138.09542482169564,1.6239912646014467
1897485000.0,0.348871829827034,0.0053417750528630134,47.756007614971004,1.2880062123625051,0.018658101999830194,0.000503584193484695,137.44581646733863,1.0898099980057352
1897487500.0,0.35458560735651823,0.005185136160866645,46.73819503839088,1.1924452551082725,0.01873768772486024,0.000278733240915554,137.18557676638312,1.2731170236491283
1897490000.0,0.36119133866388714,0.005122599230074635,45.51468988182436,1.192877573174468,0.018604454522634026,0.0003245073587435463,136.56458747290364,1.1650998116054025
1897492500.0,0.3639489123249508,0.005108553884759391,44.24326310171607,1.1809896347908044,0.01881045539096855,0.0003226136392928076,135.93576289355522,1.1134438347429656
1897495000.0,0.3689916437365674,0.0049531063762480254,43.20145076223289,1.1531216576106105,0.018772826723431807,0.0003483916159720129,135.87600139852674,0.9055319412205493
1897497500.0,0.37488160243355084,0.004947494477936611,42.033647985356694,1.0631434711395895,0.01857953396063485,0.0002392712801875609,135.06336247193883,1.0999400328977726
1897500000.0,0.37886748613723065,0.004893844557887647,41.046411629489135,1.1068855653808842,0.018500876720423828,0.00037899344843396216,134.2554797506797,1.0318161756429656
1897502500.0,0.3840329110418054,0.004935095663463314,39.8231864048647,1.069388444913327,0.018488460308394204,0.00041090032728576437,134.39431698295684,1.0547600897361857
1897505000.0,0.3886310920208248,0.005011101409463958,38.82588386388219,1.0057276413548708,0.01832483021278421,0.00031583757745831225,134.3413741846299,1.098496091268122
1897507500.0,0.3929645238696459,0.004977777287387681,37.78242728522758,0.9793959090013914,0.018350779984454363,0.000340023023688539,133.87789472396906,0.9882300011453727
1897510000.0,0.3996227465343387,0.004762353983401564,36.716617788638565,0.9572455850293023,0.018287870806070604,0.00038163424502171174,132.43103261003998,1.2611889798932958
1897512500.0,0.40339682089992823,0.004553686317948435,35.689366514782414,0.9480345645162985,0.018197245272629455,0.00041337336683888054,132.38172516859404,1.5394696072130158
1897515000.0,0.4104644512508542,0.004793619477128988,34.90495132626268,0.9350756748286163,0.018278231458757604,0.0002787207045350515,132.0601731476372,0.8656213090711496
1897517500.0,0.41521565425786783,0.004913252294559524,34.144373618107444,0.8722584400204677,0.01801465192301626,0.0003386731572895599,132.0444507294056,1.349433239817298
1897520000.0,0.42054098272686974,0.004468025977768084,32.8353437813833,0.8546423826717997,0.01790798078673243,0.0004732853496072128,131.87253442411543,1.277992860426966
1897522500.0,0.4236246888074671,0.004676122772018479,32.015042624804394,0.8976335401605822,0.017970720199766962,0.0003791541846261909,131.28642806102215,1.1038750364277425
1897525000.0,0.42805510488216275,0.004671821511310785,31.192585035619263,0.8611029565180858,0.017943261473521238,0.0004187252272291689,130.30643528038385,1.5907479429212679
1897527500.0,0.43483019949809465,0.0046454671729110305,30.29783149208383,0.8121170675646873,0.018218036516594947,0.0004087360400888011,130.65988762219695,1.0637953126319992
1897530000.0,0.44026427186334693,0.004599022737369465,29.27698227522971,0.8058639748634739,0.017651788101866864,0.0003045422092672808,129.20974508148745,1.1234238097412932
1897532500.0,0.4432779176264647,0.004584534247740029,28.616538793454875,0.8149362804347794,0.01775288794928708,0.0002643386110920418,129.08941838422845,1.0788230632257656
1897535000.0,0.44966698062542904,0.004628286755966796,27.73795175902751,0.7313940137994082,0.01786064528222436,0.0003617852013753366,129.1882348308568,1.3522735302484081
1897537500.0,0.45469264813248284,0.004607771584695517,26.955250021561895,0.7475718212358435,0.017790314582382803,0.00039921040946966303,128.66713771929133,1.051759980841936
1897540000.0,0.45969919947938953,0.004524392660126566,26.26345635374511,0.7611968299033475,0.01772374100199853,0.0003662859133529417,128.5427105569155,1.2277811951975546
1897542500.0,0.4650405978498553,0.004225758161101212,25.550508568409885,0.7153220099397527,0.017678191114993438,0.00025336223741441867,127.78078445760792,1.1640831301537675
1897545000.0,0.46812753226653164,0.004441542559352037,24.67726000184829,0.6880956672470685,0.0176648058155147,0.00026277458967970563,128.026233273168,1.670245575500302
1897547500.0,0.47484310352528813,0.004235406389045845,23.92428217125114,0.6917149914974157,0.017526867893585214,0.0003001504962971504,127.73594609118747,0.9276934941758637
1897550000.0,0.47798191972030374,0.004199615286652331,23.19543092140302,0.6831394347672308,0.01761129493235687,0.0004935231240378133,127.27811284663122,0.9442168692775733
1897552500.0,0.4828404313593425,0.00418814536365197,22.273252100769838,0.6773434098900223,0.01739961557578569,0.0003895856861900922,126.13660708483106,0.6324771306819027
1897555000.0,0.4880719733420849,0.00410106566156504,21.68724026044608,0.6095269412454815,0.017553343913788856,0.00017752435084624087,126.60530016455797,0.9190916957931343
1897557500.0,0.49268668859922615,0.00419359778095581,21.002955751693012,0.6112807568332296,0.017192860809414443,0.0005020373012242659,126.14093719908834,1.665973472422827
1897560000.0,0.4995644696801905,0.004036146121895776,20.448394067355842,0.611314687581147,0.01730840176943935,0.000463050767931769,125.22668744879005,1.2757764939703615
1897562500.0,0.5032866999986529,0.0038916741892736422,19.4638309662299,0.5673714940171084,0.017114748923900767,0.0002086771097670094,124.93286794398081,0.8475380131153222
1897565000.0,0.5080218440116955,0.004004643623485966,18.725142530542982,0.5804460397005503,0.017011679744467642,0.00030650995633247063,124.78914737802334,0.48210247663773736
1897567500.0,0.51249624293164,0.003922184958448162,18.343790861642184,0.5798026433882523,0.017321270101017888,0.00036455365929102796,124.99889941419339,1.1196599337246511
1897570000.0,0.515920097415553,0.003615082430445175,17.78689687786431,0.5286278018272416,0.017021732738424115,0.0004430994492323735,124.54530779874526,1.0797966967560853
1897572500.0,0.5192277731170435,0.003533475926819433,16.920754597459368,0.5327112879623966,0.017084826921792754,0.0002733655958605303,123.8003811242841,1.2300519279894142
1897575000.0,0.5252114704636467,0.003345640773644095,16.263714868639354,0.5163338420112077,0.016910537826498036,0.0003686398035789301,123.52675656235685,1.3096136978740769
1897577500.0,0.5297132237827157,0.003669018868515064,15.556915103393475,0.5244145135797054,0.016780454665433597,0.00027222113543208667,123.1679606075992,1.554683710681238
1897580000.0,0.536505329866011,0.0032536117727724784,14.939834260124211,0.47848221592440904,0.01690619922442794,0.0003516765433887112,123.1757309776219,0.5863955809655266
1897582500.0,0.5376127072942386,0.0034008549969232063,14.424660700546548,0.48015335945106785,0.01668364299082212,0.0002957662783148214,121.84208603555008,1.0910337021230325
1897585000.0,0.5432993551037919,0.0032522246701886977,13.597507741202678,0.459722113727479,0.016626199187652783,0.0002651057827572935,122.34584235889362,1.4407693289586552
1897587500.0,0.5467065186628225,0.00333363547189251,13.124793907183031,0.42280530199484334,0.016786110244725504,0.0003129644085871252,121.7114229647111,1.1160343574591916
1897590000.0,0.5525575108174947,0.003009353372089044,12.503049317097261,0.41471888805240464,0.016594314523488935,0.0002796538957377358,121.63961113776139,1.5144361138605653
1897592500.0,0.5553360362879376,0.00303365707726147,11.79002225755109,0.4515287678166317,0.01649304640866768,0.00040371407018392535,120.90982349373505,1.0853685754291444
1897595000.0,0.5598273330848519,0.0031832794167555765,11.455010364358756,0.404861564296257,0.016664841219316853,0.00025331973341683833,121.49613215904095,1.0525664291414008
1897597500.0,0.5643867098431733,0.002929342203902456,10.812402863096095,0.40854287830007213,0.016455406309331944,0.0003703313191729284,120.81659467785231,0.9021307517181086
1897600000.0,0.5676137539869606,0.002660448377989908,10.09330772323665,0.38244735197982,0.0163244129291996,0.00024208358836949893,119.69121717110013,1.381925045566
1897602500.0,0.5750424936115907,0.002802531998018362,9.522475967805512,0.35565525838843537,0.01622934122673548,0.0004214715901618766,120.27711446424016,1.2435890185215832
1897605000.0,0.5755360187920977,0.002791764429923613,9.015195742915186,0.3678627395596248,0.0160920579330384,0.0003143071479752635,118.97370410776693,1.3547075806394278
1897607500.0,0.582143729953037,0.0027520107916589333,8.798532190202902,0.4009444732505974,0.016084975266165456,0.00023799921868084266,119.07880421211314,1.5574973536595265
1897610000.0,0.5846931083405883,0.0027312237222000763,8.156782639353285,0.3613795541872537,0.0161176930472014,0.00027452132050707315,118.68813686026922,1.1511917750174385
1897612500.0,0.5876676441107426,0.0028237243150613447,7.617532986291428,0.37377724524834177,0.015959527642655878,0.0002707814082607338,119.01156787978032,1.7714183173666722
1897615000.0,0.5932604485047914,0.0028896136765658945,7.132460982217607,0.36913000495392134,0.015965096130310254,0.00043519568666263624,118.5457257609047,1.3658306622901015
1897617500.0,0.5983363314430156,0.0025722290572155375,6.5232968964487394,0.34968689952330817,0.015945417351496082,0.00042696154869839716,118.5931950310559,1.0000640301565114
1897620000.0,0.5993338389270529,0.0028999680653994868,5.985604244582288,0.3683079305794058,0.015928887660418282,0.0003905347254732995,117.64166453582312,1.0554475692380825
1897622500.0,0.6050500736398572,0.002539430041644547,5.5561639909969935,0.3698043017516372,0.015880404590710884,0.00029715448226099795,117.02321108448272,1.2741425682038725
1897625000.0,0.6092089478897152,0.0026914257924051175,5.124559469942265,0.3725142170725835,0.0159010380167808,0.00021947993667587075,116.27672438367019,1.2715034932386848
1897627500.0,0.612911164554365,0.002667034616175998,4.668616687712875,0.35605346638799823,0.01572515863578337,0.0003632153002600266,116.45666189130262,0.795034400513653
1897630000.0,0.6150899947242654,0.002781256719866727,4.1479110919895525,0.3470567007452894,0.01580352945645774,0.0003267323348600586,116.90578420735515,1.6315910231255788
1897632500.0,0.6193732732843876,0.0024494455046659477,3.645319687006449,0.36102768490198595,0.015547409541486175,0.0005467431040543151,116.72048193382618,1.2667673198534082
1897635000.0,0.6233350899396479,0.002604970815375744,3.107226779047286,0.36385546393991364,0.015457812941235298,0.0004349370116108943,116.27742921316066,1.0727104830289964
1897637500.0,0.6256634280392651,0.0026995248533795996,2.5747357179464516,0.3514914395152558,0.015321068715740606,0.0005157328914373031,115.95897062830787,1.223891491770253
1897640000.0,0.6301298200732706,0.0027403630929354775,2.11084323152963,0.37654622879765315,0.015170768176041498,0.0003091323661433524,114.99692534856436,1.0830514567762652
1897642500.0,0.632764755809041,0.0026300701756179485,1.9464776247281397,0.33575588800146783,0.015428123783125023,0.0002461699066174394,115.57803513273772,1.2759607619933322
1897645000.0,0.6391404216028582,0.0028526112677813528,1.4157428667631005,0.3475835911125116,0.015421155909771622,0.0003550732624014708,114.8969520390666,1.0014381058320658
1897647500.0,0.6410339067500748,0.0027287663913371125,1.1403694049820836,0.34507137462511367,0.015156804211534222,0.000212265194716609,114.10094768009398,1.2659974087350283
1897650000.0,0.6425016898999535,0.0025918221425209375,0.4127632710179684,0.3654239596667692,0.015100449230765027,0.00020447408928021547,114.60069042978472,1.547792365945954
1897652500.0,0.6468265446502601,0.00269054265978684,-0.1315807621177832,0.34394532400236705,0.015156548545290591,0.0002061120595542957,114.4601833787824,1.478485910221237
1897655000.0,0.650829051889046,0.0025479882677099724,-0.31975518418717724,0.350514752731882,0.01504391198874041,0.00036107681398324593,113.49329111125343,1.7393394770732438
1897657500.0,0.6534208509426452,0.002627172902511515,-0.7556640479465807,0.33971718128368394,0.015016898362338103,0.00023485653728018226,113.08294644111977,1.7586510944055007
1897660000.0,0.6574408155240679,0.002586896486707437,-1.2852408025513682,0.34359505548951047,0.0148314895681805,0.00040454259858675355,113.38175162636294,1.7708249192883352
1897662500.0,0.658278351934467,0.0026945878941648134,-1.6032938781580057,0.32857063878053494,0.015009742734632295,0.00026254000062539656,112.78718243529794,0.5728536747686718
1897665000.0,0.6641265579118343,0.002488733519245798,-2.043503741779503,0.3153403680948358,0.014837464913366656,0.00027511709328699284,111.84712689163852,0.9571679761066751
1897667500.0,0.6669943256181026,0.0023198529866650074,-2.320524850963367,0.3139011252065743,0.014672679286667592,0.00034372801425778854,112.03398463646822,1.5267364561183365
1897670000.0,0.6683157459871716,0.0023651809124456496,-2.6907489948425742,0.32021772827897815,0.014597024929080398,0.0004374832507085349,112.32056432408784,0.6949696631872784
1897672500.0,0.6747758031404282,0.0025693705839149043,-3.3087614219741344,0.3354018382463433,0.014670327228735111,0.0005346252944587399,111.79021069752841,1.1066527161279471
1897675000.0,0.6767948981837221,0.0024336509588702006,-3.740163195070595,0.29200755875106477,0.01463012592862893,0.00044629458268608495,111.61389139360767,1.179537610159199
1897677500.0,0.6806752585484429,0.0024547850316578882,-3.945859634197548,0.3254076208138758,0.01453380218685695,0.0003967446112000926,110.44036748286757,1.7125821778879902
1897680000.0,0.6830310372185595,0.0024369583056244614,-4.261215598033946,0.3211912185463189,0.014544930269920564,0.0003207655782979603,111.46741069228362,1.5320502324833523
1897682500.0,0.684032648067853,0.0026256233768326732,-4.756705133550792,0.31482700583277085,0.01434631959296958,0.00023609777816611173,110.68206876671154,0.9058356138342181
1897685000.0,0.6891316368775059,0.002434003378695337,-5.176363657676957,0.3094828602817184,0.014516198916566397,0.00034335065924706587,111.35020609698083,1.280568987342195
1897687500.0,0.6910050609875482,0.0023114600462353758,-5.602110490607251,0.2664500727524827,0.014275773537894356,0.0003885409934054581,110.1359223706444,1.5054038362477387
1897690000.0,0.6926206915863806,0.0021420926045592164,-5.8992207271932715,0.32106952095090635,0.014383856796180766,0.00020267686683955749,109.47450750225116,1.44157228074944
1897692500.0,0.6952222316290109,0.002079371114511835,-6.246302205923511,0.30117470694797494,0.014290521101108903,0.0002724313844581715,109.88379331794847,1.6398029297590333
1897695000.0,0.6993098531626469,0.0022583928980321032,-6.703065745292106,0.28077288380015414,0.014076737480990665,0.00028691386411210806,109.63125814618952,0.8883544916396315
1897697500.0,0.7014462876868339,0.002107794558200274,-6.833704620904078,0.2927551178080965,0.013962276481347326,0.00028689193878911193,109.26763342949997,1.2714081293154567
1897700000.0,0.7056065151772928,0.0022530300179751223,-7.336493342716101,0.2871826840642232,0.01398466275512935,0.00041361322330854224,109.68739243470921,1.031524422453454
1897702500.0,0.706459387950841,0.0019282823648160857,-7.744020379956858,0.2877032898391222,0.013856970480024182,0.0003176521418187521,108.87859239517728,1.8104109123041403
1897705000.0,0.7104714980753454,0.0019847869903316592,-8.147539344792474,0.27951544807167206,0.014079068769637501,0.0004903264777522598,108.44653472951515,1.2017783764497054
1897707500.0,0.7138881590780963,0.0021624203259865576,-8.230388327882144,0.2615215824690494,0.013845555767234115,0.0003041041911835046,108.35681608983978,1.549224091584749
1897710000.0,0.7149940766532424,0.0019709036412920494,-8.777732744112551,0.27093649417434296,0.013851192645477014,0.000454398238359992,107.59826714070158,1.3558795271915225
1897712500.0,0.7204661138067758,0.001979596278918124,-9.095192825860405,0.254003787637187,0.013705525812902094,0.0004214397678684329,108.39160947743801,0.964004701302785
1897715000.0,0.7230513591640918,0.001973483102280421,-9.418985066789853,0.2515130933032395,0.013647365726106685,0.000269490819794328,108.38421515499061,0.7075351478505026
1897717500.0,0.7264441821323043,0.0019880283928771286,-9.594227305559299,0.2213931300619575,0.013726539636190681,0.00032906447812925494,107.62179556021722,2.08511814477772
1897720000.0,0.723872460217608,0.00205779546760239,-9.936547918832776,0.2546417941753673,0.01371306354677484,0.00039339603188320583,107.38598863398393,1.3261492296111104
1897722500.0,0.7272268042350806,0.001961560558839198,-10.322680883841604,0.24375366003450732,0.01348720025077703,0.0005252551210395342,107.19659297862052,1.4218161603105073
1897725000.0,0.7297719212108269,0.001735865902154781,-10.766406869165968,0.23343659420538534,0.013612095996545637,0.0004923179206528466,106.77476334168365,1.6933429487810225
1897727500.0,0.7330526519134959,0.001600871923190985,-10.916684320445976,0.23399076690233803,0.013294655650645557,0.0005836480812387383,106.5968083884338,1.4071433572672356
1897730000.0,0.7378467076277649,0.0018181522498242598,-11.467605683356515,0.24261725281798685,0.013241996745853149,0.00031189881845629196,106.02602482771438,1.5922109831031912
1897732500.0,0.7384849995767752,0.001863505555353297,-11.545021032488796,0.25183646200481913,0.013249106769581747,0.00047403405453932187,106.36324848439709,1.33421138144809
1897735000.0,0.7374812557923972,0.0015121631865491647,-11.8117886304903,0.21741725287809607,0.01301165294197807,0.0003543826657523897,105.54817684771113,0.9580656827976836
1897737500.0,0.7416550051454831,0.0017361686028740339,-12.210619333219869,0.2237120753303564,0.013157182071539953,0.00022750414133148743,105.98836923055973,1.2615518182203558
1897740000.0,0.7460482313346087,0.0017907711445634162,-12.540190158956008,0.21853014202686577,0.013105640302734818,0.0004076741605485756,106.31094833536245,1.5203072925731493
1897742500.0,0.746415535433295,0.0016019363173346139,-12.932715745562218,0.22718359715484665,0.012948461770825778,0.0001357160844775394,105.21521019012854,1.0734537936889452
1897745000.0,0.7476130782644708,0.0015065937114555484,-12.92736056351163,0.21165512235231668,0.013108003187048405,0.0003630760344100504,104.94918206344019,1.1738261937473882
1897747500.0,0.7498349656293176,0.0014589363741588327,-13.44577466808746,0.21656548444921733,0.013209413053555701,0.0003432686505319491,104.51654019250982,1.2083609945595062
1897750000.0,0.7546816497108211,0.0015438592143179504,-13.570270514824625,0.20776274197163672,0.01303059167852133,0.00029988482182617004,104.84959445076402,2.038627580822256
1897752500.0,0.7545036225833253,0.0014833496973942007,-13.947414363065837,0.19765824040759805,0.012972515221341652,0.0003211361834265093,103.94744369678061,1.5892954176775196
1897755000.0,0.7569183471326411,0.0016075347798106146,-14.058608480967724,0.20445652611002485,0.012901321339429275,0.00034598638466729005,104.42773708011211,1.2696258593619345
1897757500.0,0.7612465646923089,0.0015351548203190938,-14.627207420718085,0.20436999615931253,0.012768253755707282,0.00027401695856389707,104.19521495977031,1.8713261116925421
1897760000.0,0.7616709258421864,0.0012467120236928444,-14.956856679325643,0.2224479253539538,0.012649688208384868,0.0004708463888211784,103.33432839288892,1.9618990968925403
1897762500.0,0.7647411451786466,0.0015068042184922183,-15.124886172565422,0.21193376047133433,0.012486008851677203,0.00033862019315112875,103.99396086784711,1.8654608595299038
1897765000.0,0.7655567225012352,0.001547450858863699,-15.342201695725434,0.19642261811802006,0.012620711168138624,0.0003943267754930996,102.89707334688711,1.5305450037643984
1897767500.0,0.7688355686885209,0.0016620425357457627,-15.670094049665382,0.18628882810735037,0.012549805241339524,0.0003347480177878451,104.34039204219499,1.684878842439961
1897770000.0,0.7707058172297387,0.001443196705632,-15.974792195171759,0.20327166396659244,0.012617741117125951,0.00025896902305816845,103.20649134256277,1.3935608599027818
1897772500.0,0.770982931733515,0.001439188913187872,-16.300818016788917,0.1904780021693152,0.012342373957567779,0.0004653248565265752,103.26285792209471,2.5740114620502705
1897775000.0,0.7698390571102032,0.0015344071662154635,-16.49396061443001,0.18319525450524848,0.012442818608973939,0.00040908937310618984,102.49180174176286,0.7452527039447354
1897777500.0,0.7751183326215187,0.0011987124909967712,-16.69096257362227,0.18898632119658587,0.012229855132041223,0.0003493398135441257,102.57886338686362,1.2306296464304434
1897780000.0,0.7780547727849932,0.001454241801377261,-16.994234193134098,0.2122674051882639,0.012266824077169258,0.0003501164386456586,102.94244047567774,1.7627083540384767
1897782500.0,0.7810325343155462,0.0013725087569791644,-17.134864596593076,0.19738782657422765,0.012340863964621815,0.0003386817506666609,101.38451928942979,1.3147502079809776
1897785000.0,0.7811385455443253,0.0011523453286886424,-17.487652327224076,0.1752807502064903,0.0122359728336933,0.0002468286312862986,102.1123718308531,1.6778133926933338
1897787500.0,0.7833391338601248,0.001484291472145048,-17.658490969744484,0.1900997516488198,0.011959323529879757,0.000459118060842724,102.47874275491084,1.298241356712055
1897790000.0,0.7873571819873854,0.0012832232094473997,-17.823705627883058,0.19783721248175676,0.011999614275410667,0.00033868430201654845,101.66230047390869,1.3407530909811682
1897792500.0,0.7876230634916512,0.0012116777587166795,-18.16113641355081,0.1840929233123318,0.012037869194685294,0.0002725385322473217,101.18541740268213,1.9150036696680515
1897795000.0,0.7875046488715198,0.0013957110743539115,-18.384597056838672,0.18766700704148173,0.012070944212468047,0.00032907749641681845,101.1259572998876,1.656106844977284
1897797500.0,0.7933388140269333,0.0013476443178406384,-18.688698346515086,0.1872315883869995,0.01205006050306241,0.00036839005223089405,101.40192382749338,1.068947191825333
1897800000.0,0.7943116821671933,0.0012201181011011841,-18.869564526857992,0.17087435689223307,0.012052233367906002,0.0004160827479380675,100.49857346683417,1.4602782866347328
1897802500.0,0.7952088894169158,0.0011524305273167708,-19.206230165661232,0.1770592926479134,0.012033835563966942,0.0003715475263484901,101.07214364492913,1.4749923903500402
1897805000.0,0.7949298822157724,0.0012835521021408837,-19.11493509705826,0.1901422197799532,0.011981628590797468,0.0002970967185679671,100.51267287254792,1.5687614564468997
1897807500.0,0.7977072777632331,0.0010805133882389368,-19.491078644529697,0.16799508483431028,0.011926061493305454,0.00031068743293944864,100.56174494453813,1.9684994643035418
1897810000.0,0.8020479417795365,0.0012081159255967122,-19.75463521749628,0.15863761304879623,0.011887236347958937,0.00026266223811472085,101.56623902585719,1.6577677119777945
1897812500.0,0.8015964580607201,0.0011175500924341757,-20.094602854680957,0.1820548324456553,0.011698142552704259,0.00038533456022767884,100.26841081662687,0.6849037449358838
1897815000.0,0.8019031578305084,0.0010819990001146981,-20.487659113624005,0.17243531501513745,0.01174987094529759,0.00032595875860396784,100.61367796643704,1.6541000418911758
1897817500.0,0.8047463917514153,0.001348344916547422,-20.54592719054904,0.18754247027981433,0.011632041829684352,0.00011271249580151203,99.87570202057863,1.5949222366549933
1897820000.0,0.8085558399533784,0.0010990122848213955,-20.89635631516894,0.16523295330538576,0.011888360229607655,0.0003487296217342294,99.584950819014,1.7723334343875714
1897822500.0,0.8072673870622442,0.001072221736787834,-20.944418703594177,0.18752191070132324,0.011467680028841878,0.00035361490460848874,99.16788567853668,1.4918377960857125
1897825000.0,0.8098002622709994,0.0013255076774678748,-21.308879359187248,0.19082177500920575,0.011600043721658676,0.0003585325627204963,98.54512718462732,2.1627292407755387
1897827500.0,0.8087754052412464,0.001046799952783404,-21.388489009068916,0.18938584272091913,0.01151621072947986,0.00028294995609060535,99.15239877772866,2.2936467560723255
1897830000.0,0.8126277899840368,0.001326372898790078,-21.836335584731454,0.1654911761578912,0.011328450343277717,0.0003077799408054596,98.48551564629591,1.7098357856828725
1897832500.0,0.8139201277961005,0.0013011233374525288,-21.875374588740435,0.1756997633756467,0.011290511926959299,0.00030709221167218116,98.64349400918555,1.5335961161718532
1897835000.0,0.8171602533828164,0.0011999039469877152,-21.916922531733235,0.19032497126597805,0.011238087354780948,0.00027216031346707014,98.8297037556319,1.7564179575825463
1897837500.0,0.814732317513629,0.0014553779433893156,-22.21910263873562,0.1755473299664611,0.011393211463301058,0.00028329501463841866,98.27803053517358,1.4921874534827222
1897840000.0,0.8170985223097346,0.0013117931173509203,-22.443030904374076,0.19969250968465632,0.011191494507371714,0.0002162265023415183,98.5173291799832,1.1709648734053242
1897842500.0,0.8194755856125617,0.0009481391130560123,-22.59871520307736,0.1991201741114086,0.011177018856784836,0.00022814674202646708,97.94688087719804,0.9644995121135764
1897845000.0,0.8192887026980986,0.0011130125438077614,-22.81823657585117,0.18389153387573579,0.0111830363457431,0.0003226691337281904,97.19261526181843,1.5528061415728758
1897847500.0,0.8216456984552916,0.0011273662057901881,-23.137477000790827,0.1852353482417936,0.010862839624160344,0.0002740489825025652,97.40230936993994,1.4361432194616117
1897850000.0,0.8219402516052754,0.0012449005338054527,-23.37415017723393,0.18628935936567742,0.01113013805254847,0.0001791501674025915,97.47149047007684,2.0464079948470677
1897852500.0,0.826812329079206,0.001418713059721412,-23.498370164312647,0.18234077371954674,0.011038207963358871,0.0004593389579461265,98.03310567741909,2.023897145732379
1897855000.0,0.8256292615412251,0.0013355388688024374,-23.62176173460732,0.18702224549112453,0.011068083407436213,0.00036157166462597246,97.41558380753457,1.68746477231138
1897857500.0,0.8289512367745675,0.0012793941472882084,-23.91537275364577,0.19616580166684558,0.010999557517551292,0.0003856692158129279,96.52637718592364,2.207587489482314
1897860000.0,0.8255416917647138,0.0012167360449862681,-24.21983404003051,0.18143489179475886,0.01096056458606458,0.0002889153686633379,96.69026284766625,1.458681532073995
1897862500.0,0.8346261665955694,0.0010761206666290001,-24.345462127442506,0.19323622059280723,0.01094270770759202,0.0002312062770564073,97.16021659741966,1.9727878826968603
1897865000.0,0.8348100990198255,0.0013907403824616957,-24.29062372407896,0.1625079728388179,0.01097684243461239,0.0002686961977678076,97.38284671589814,1.8133806556580474
1897867500.0,0.8336703684846635,0.0013881127059443249,-24.765661807969522,0.17891596494224735,0.010920111233059712,0.00012633270165507255,96.24248570107996,2.6052047925936903
1897870000.0,0.8333227725983057,0.0012381437240027743,-24.909991543823757,0.17345405370407652,0.01082416872722556,0.000547881334105366,96.79001719546498,1.357024000551171
1897872500.0,0.8344967737079942,0.0012297753874614705,-25.081431581741548,0.18423437445175542,0.01075460544715966,0.00029153898031561735,97.4323503965376,2.3471403690942414
1897875000.0,0.8370766734690984,0.0012991076528547421,-25.318278505634748,0.180752366958506,0.010617017298457303,0.0003458144173731767,96.47819469701707,1.2652079554799827
1897877500.0,0.8389495812566827,0.0012366880836764918,-25.480145824528382,0.17688008955007758,0.010504850220715959,0.00023292278084283344,95.9720588162762,1.5965875426127247
1897880000.0,0.8410147157772536,0.0010528668567754982,-25.66752424525634,0.1720111846759727,0.010616433079049683,0.0003647837724536031,94.27645530867221,2.1101969252404253
1897882500.0,0.8437358527168514,0.0008298925125264146,-25.819815662320583,0.16527257062036793,0.010456042543374563,0.0003055105282633212,96.0477497793796,2.472832420964675
1897885000.0,0.8418283423066097,0.0010425964572410604,-26.231842390398356,0.17563379777955376,0.010524051067756734,0.0003259824489018141,95.57687555144435,1.3698757111991227
1897887500.0,0.8438363492944635,0.0012751411287332502,-26.234988439195575,0.16763698312760833,0.010484301526516153,0.0002681016717649877,95.77426578800312,2.1603125492799347
1897890000.0,0.8451373272390839,0.0010946389565396617,-26.31730758087629,0.19080024787640845,0.010490777483561291,0.0002497312941385534,95.0315695884385,1.6408804705609352
1897892500.0,0.8449744728105822,0.0011059839255067108,-26.530871001330492,0.17887076427387333,0.01043680088959707,0.0003372258540840544,95.35328640211348,1.6953919874291554
1897895000.0,0.8500114781448224,0.0009514069082812895,-26.961828463822393,0.1657625321075571,0.010358614242830104,0.00030437053911820466,95.80311789732843,1.4182663719611783
1897897500.0,0.8485644877881884,0.0009509570079013668,-26.680178115910955,0.17847169790732695,0.010353849121382078,0.0003317791728710551,94.97711392122889,1.655307113942498
1897900000.0,0.8503877443549633,0.0009262486658423281,-26.909632851128357,0.17023149526427922,0.010281075803478718,0.00020574949562217687,95.31202130355152,2.196446275246945
1897902500.0,0.8488793195506408,0.0012649032105203817,-27.2004756408051,0.16829882522011536,0.010256733834811946,0.0003432335068156867,94.81509000530806,2.5773211208695126
1897905000.0,0.8529395376149408,0.0010514174866603921,-27.37049155980206,0.18551815406085648,0.010276823106037853,0.00039773599102848695,95.29880251871711,1.681370502781175
1897907500.0,0.8500008607722384,0.0010705088017531415,-27.659709395788667,0.1756724014961792,0.010231680275740571,0.00030811434002110574,94.55140291866402,1.4174053858566782
1897910000.0,0.8538806836300286,0.0010842149348940105,-27.894901902390338,0.1796317564161164,0.009879977528481998,0.00026851411990342543,94.96741567209267,1.9560202138607328
1897912500.0,0.8537143711448609,0.0014177502173557972,-27.904623481479728,0.18039129007978022,0.010226130899104261,0.0002889874439437275,94.71256415925653,1.716763970939035
1897915000.0,0.8579831761459307,0.0008563244957314892,-28.182692799589546,0.1669930724047994,0.009974095788464806,0.00019019973769974577,95.1831298921426,1.105028883180445
1897917500.0,0.8594989297663254,0.0010309733070252788,-28.36395191829643,0.18132729153906701,0.01023773138125731,0.00029733714924743733,94.42196927472557,2.292140842866988
1897920000.0,0.8558141035436494,0.0009651329266317022,-28.48286332716598,0.1675319796953052,0.010106358854600357,0.00025225203986713716,93.93280844424629,1.3209273596657476
1897922500.0,0.8585807102539756,0.0010291868973925213,-28.523120423915298,0.1695105918363102,0.01000550230349185,0.0003896907814914448,93.50144191457244,1.4865751730761059
1897925000.0,0.8598475026216378,0.0009227169669611245,-28.627375593407194,0.1700152353749146,0.010089924279941324,0.0003989154663559181,93.78951255536451,2.0175340154387476
1897927500.0,0.8622416539698424,0.001163049902039571,-28.865755369862523,0.17308384795381504,0.009983441649589135,0.0004264696922732906,93.6850338728386,2.3858373443090337
1897930000.0,0.8617577834857403,0.0011061511516108921,-29.06901657305629,0.18113421115558168,0.009937381824319223,0.0003530621564184214,92.48814521686708,2.0452868695487534
1897932500.0,0.8654233212371839,0.0012446389202094845,-29.4025724730273,0.1584591768564136,0.00980903202688468,0.0005928061617401692,93.06389541366694,2.067905974065978
1897935000.0,0.8644819939958738,0.0012173775520749272,-29.461551764640838,0.16860057014956617,0.009964026849253446,0.00027533295713661133,94.35661872431146,2.4092424307413545
1897937500.0,0.8659377625219364,0.0009998228784866673,-29.507289716678347,0.1579931662783938,0.009883098494306845,0.0002523255141442553,93.1827475853816,1.591590423117201
1897940000.0,0.8664925119525348,0.0009053981298357052,-29.94737581446719,0.15202566875174847,0.009659392547480274,0.0003740037686691855,92.79640871981147,2.4920643462414906
1897942500.0,0.8659676822081483,0.0009436113423966078,-29.95009582219945,0.1704288655797693,0.009648657546253745,0.0003677838588386228,93.24917000239418,1.0132091100989897
1897945000.0,0.8681094618131311,0.000941918083769552,-30.09047636477667,0.1593142930459536,0.009818540820800343,0.0002848842281088731,92.99050129765955,2.2452316834125043
1897947500.0,0.864515641080174,0.0011355740846937443,-30.155589439911317,0.14973927734160483,0.009505148318510123,0.0002669111421160856,92.39501633483094,1.8198234129145374
1897950000.0,0.8685159924194993,0.0009645938746349721,-30.247029885809315,0.15388011980206626,0.009788490276569393,0.0002531669293706944,91.9285969166802,1.1896656808159656
1897952500.0,0.8732290275709391,0.0011380714553573313,-30.30640025644288,0.1500829520794764,0.009540321196683986,0.00016145937275675534,93.07606863003457,1.289239460278663
1897955000.0,0.8738302516164754,0.0011558062992727638,-30.566343072727634,0.1519618438465487,0.009610440668060397,0.0001642090462270102,92.03575200358814,0.657226018586273
1897957500.0,0.8706765186812848,0.0008477436218066768,-30.765836495890724,0.14680296033284054,0.00952957127750924,0.00015236115628354584,92.40408703894337,0.9655816004258592
1897960000.0,0.8696534118175561,0.0011709572470999796,-30.954790863814452,0.12477916069268202,0.009488948556422983,0.0001393875151674818,92.24082259416181,0.436019071654052
1897962500.0,0.870806066512506,0.0008556268433510766,-31.026637974981988,0.14175428850312943,0.009460413213898282,8.663273933043038e-05,92.42967061447362,1.580881200160882
1897965000.0,0.8733215690813405,0.0007131952611520203,-31.03931078904088,0.14486820428617936,0.00934209524963553,0.00010874318797830375,91.95758267670047,1.9616997741562658
1897967500.0,0.8744721678808509,0.0009542976347194594,-31.454202754934393,0.12644688968647433,0.0093993532267559,0.00026201358152732707,91.77108273099684,1.061955853334047
1897970000.0,0.8781461872874987,0.00076475102906138,-31.62253042386024,0.14609014062032563,0.009336660295806112,7.527574539357961e-05,91.87437228372727,0.5175317502950344
1897972500.0,0.876138260532006,0.0006735071263413611,-31.454832333077928,0.115038809171798,0.009317453567921996,0.00012552254339195327,91.7034868074251,0.3528793370600646
1897975000.0,0.8762311309853245,0.0007208601914643267,-31.70434252901241,0.1205178494962258,0.009260709008641989,6.735269256543279e-05,91.34038533700902,0.9855561442884103
1897977500.0,0.8783949195924882,0.0006648329371463166,-31.984171313566222,0.12670457996665732,0.009232095762226356,6.102341279470357e-05,91.11450694434261,0.5848006296977717
1897980000.0,0.8792507608917347,0.0007773810292905478,-32.043436093627115,0.1414401638105568,0.00924034735431795,0.00014663388896361986,91.44594901956039,0.8430488287982736
1897982500.0,0.8808402692706525,0.0007396688519646802,-32.30918159063755,0.13994749316263502,0.00915417761020553,7.130706629587488e-05,90.76899599958412,0.20955437965418172
1897985000.0,0.8797286892602891,0.0008834028563561179,-32.275074753655964,0.1335010268932759,0.009139538688347132,5.0861609404809974e-05,91.0230259784675,0.34007716823352185
1897987500.0,0.8824884052184465,0.0006253286204479794,-32.38470058596526,0.12587419345242346,0.009114343943198908,4.8137491850341864e-05,91.05308201190266,0.2865263614659139
1897990000.0,0.8831406984864205,0.0006587995108725739,-32.55020838835822,0.10652469341102505,0.009109422190415384,8.349656275368083e-05,90.86617511009453,0.39213532895854813
1897992500.0,0.8855371906280712,0.0007662847617781837,-32.557793783455566,0.12145869953896427,0.00907476149792558,4.872516791788266e-05,90.81045565125206,0.46774981635499674
1897995000.0,0.8869391068843064,0.0007741804465724438,-32.82178377608869,0.1276250461849747,0.009013664828576809,4.943093962873799e-05,90.7485124849714,0.2516486322419234
1897997500.0,0.8836414890462204,0.0007384562224420792,-32.95178612416234,0.1124130086771199,0.008958047241530076,5.83024033462644e-05,90.5181413087847,0.3651866691755556
1898000000.0,0.8876666568897188,0.0006643693426094002,-33.17520242673572,0.11184560883651884,0.008957260359385714,5.0584635124163354e-05,90.28101860814661,0.349899562010287
1898002500.0,0.8841627892228646,0.0008112680724518956,-33.209347076222265,0.12351063182030131,0.008888909613855474,4.555544332939703e-05,90.39526218335426,0.2794977084800305
1898005000.0,0.8873521071857944,0.0007694999620303768,-33.51662617516485,0.12245540034189628,0.008879577008402105,4.76554497085001e-05,90.1346963280899,0.28418883830989605
1898007500.0,0.8869096398162161,0.0006870173288161377,-33.50210827205368,0.10428699479966448,0.008859184020273657,3.65473817886606e-05,90.16872405324877,0.1858967099520379
1898010000.0,0.8878678251751624,0.0006247723988641587,-33.52673463290688,0.12246443154031887,0.008810049098979648,4.218449107210837e-05,90.07821526752264,0.3487828927205752
1898012500.0,0.8875725904348024,0.0007204304202180452,-33.67803260746127,0.12127031751963485,0.00880870105163257,3.786232994314314e-05,89.8977962848023,0.24105425181393206
1898015000.0,0.8896762242153855,0.0006991006974345343,-33.90756235312986,0.11032118599928599,0.008770025831540233,3.701982082751334e-05,89.90509615528504,0.37340645033609043
1898017500.0,0.8908226400933129,0.0006725472456293153,-34.02065729453318,0.10822558318456832,0.00878258266807438,4.9183173797860645e-05,89.7828179403002,0.3138547936676179
1898020000.0,0.8945404639314285,0.0006183749339601868,-34.05723183009105,0.10121908272253052,0.008729964883230143,4.549647529598802e-05,89.66688537818817,0.246386566173345
1898022500.0,0.8954562536617899,0.0007280187380093578,-34.3233005335202,0.10705134132918387,0.008753767446367857,4.233164143319705e-05,89.40153487007098,0.20306494780989737
1898025000.0,0.8945745000665825,0.0007278774723593747,-34.24371647753909,0.10025415387389425,0.008669379014615619,4.925377297363195e-05,89.638656780081,0.4476834240107848
1898027500.0,0.8949292402819669,0.0006815535754243478,-34.40013639468303,0.09814222556135375,0.00865015254419499,4.960466570263514e-05,89.24249757565818,0.2489458168390673
1898030000.0,0.895676626050717,0.0005955719225071144,-34.545565553638184,0.10368936769524949,0.008633685046550139,6.052076785604551e-05,89.23539805908166,0.3347030416077202
1898032500.0,0.8950243340451012,0.0005341268450532793,-34.87168258552695,0.10853827509523845,0.008595847855874911,3.4305328713101034e-05,88.67794280759097,0.359196359687242
1898035000.0,0.8963194392127929,0.0007101939054544879,-34.72995552803404,0.10470206547652498,0.008601144895033863,4.480369232809937e-05,89.09728473930446,0.2976350239084557
1898037500.0,0.8963112451862607,0.00043789583215505585,-34.94387989126411,0.08150241135285057,0.008535163161110353,3.1290014213137706e-05,88.9624522547314,0.33661620690849936
1898040000.0,0.899203915987732,0.0006895609960337801,-34.98984783292144,0.10908670117391778,0.008487291283750496,3.1269984823981874e-05,89.05249309213929,0.4063148060438441
1898042500.0,0.8988064569802747,0.0008104239245561841,-35.275462267690585,0.10079920218442277,0.008470836187781135,6.653145411814023e-05,88.94583641858367,0.2756171926897881
1898045000.0,0.8972431087894459,0.0005151754741789901,-35.28892651801634,0.10051817812587595,0.008449416757643801,4.528621218379995e-05,88.71326685529263,0.26363842225894824
1898047500.0,0.9009238189475977,0.000659718417648873,-35.44449566826111,0.0958240731029454,0.008458086192652323,3.225046643035803e-05,88.61715763915137,0.38795340900391734
1898050000.0,0.899866016247181,0.0003658530379241674,-35.4172723977063,0.09173539498688853,0.00839564490861175,6.189556251289156e-05,88.58577375357379,0.2683491718921196
1898052500.0,0.9019981789764051,0.0006069595872412019,-35.69546655905793,0.10612083696229303,0.008429215250813322,5.671113232939366e-05,88.36444945806626,0.2875989507434113
1898055000.0,0.8989431005621265,0.00043149684353683523,-35.509573193634594,0.08809291857949482,0.008354367215519048,4.000346637210335e-05,88.45524949254381,0.3062710236489442
1898057500.0,0.9019669852151538,0.0005361546409186274,-35.78286567765935,0.09233456568257906,0.008321725455662678,5.292713220145012e-05,88.05350645835568,0.2623483767645539
1898060000.0,0.9046435673128312,0.0006829666370722989,-36.017110401562775,0.09740303126133863,0.008285029383858595,4.653997459655658e-05,87.99767039999035,0.24496287218320387
1898062500.0,0.9004371794121493,0.0007168036856652425,-36.12738833398436,0.09893018703627882,0.008252344442386182,3.7460721493327035e-05,87.96722835155948,0.2481130027525042
1898065000.0,0.9019579352688545,0.0006254434341359093,-36.20723308688592,0.07833030175287553,0.008227592357060996,4.2947083518977176e-05,88.03514916838643,0.34494454139066205
1898067500.0,0.9056145106855324,0.0004562590855718196,-36.281500941632075,0.09575486428547265,0.008238854851644717,3.938106676935728e-05,87.69815143634185,0.3159622915875081
1898070000.0,0.9025688391429829,0.0005164785617399325,-36.40552903909753,0.09395995421288318,0.008172736304242116,4.270305175845793e-05,87.89717121978403,0.33607861990781795
1898072500.0,0.9058998591930455,0.000596362460577075,-36.627868040152,0.09024232618592865,0.008165583037885655,4.725468582493458e-05,87.59565307371084,0.37459549040755746
1898075000.0,0.9051909304121665,0.0005362210228966859,-36.704757232763015,0.08745806728530683,0.008158827351762172,5.375746339051558e-05,87.7386409238827,0.3662567386325016
1898077500.0,0.9075430184247627,0.0005928205052707337,-36.693795839607255,0.10452208289327954,0.008107449844758917,5.045033548292682e-05,87.67753221989442,0.37765337818312805
1898080000.0,0.9066165302129454,0.0005638760197745593,-36.53386945286055,0.09236404880043073,0.00808926349160782,3.9766543721158204e-05,87.63788521478158,0.33334461430182005
1898082500.0,0.9085961214832028,0.00042609042909405197,-36.94737717685145,0.10827927924922512,0.008073960113588878,4.933331942910541e-05,87.2135047917796,0.2807940492296917
1898085000.0,0.9120551454114448,0.0007775852016545668,-37.0902909206779,0.09116943309531478,0.00806942616106195,5.998404618997485e-05,87.12921980970114,0.2638481876102051
1898087500.0,0.9080153351715811,0.00040749347807431336,-37.09457818631944,0.10346693799913968,0.008057857582038414,3.2492585617318866e-05,87.32108038840636,0.2736091430651937
1898090000.0,0.9098975898861178,0.0008567138449989916,-37.16045769455911,0.07178236708461945,0.008013532986213063,5.1069453960160826e-05,87.17919897251498,0.3686654350620734
1898092500.0,0.9073479597396068,0.0007775397139728719,-37.475246144321915,0.0869332563767501,0.00794894971642153,4.859427301850654e-05,87.0258119826017,0.2858024658580578
1898095000.0,0.9115148401818599,0.00032711786983196555,-37.452571000712375,0.08439841142910946,0.00796293819279997,3.802555465134733e-05,87.06123088659561,0.4273907797412799
1898097500.0,0.9100441420153421,0.0005621401152895144,-37.53791613341291,0.08499903790279754,0.007949518078356003,4.6905960301387745e-05,86.77193631427095,0.309100687254752
1898100000.0,0.9130585031624651,0.0004570912597982427,-37.633060457855954,0.10145473443403666,0.007908202438863279,4.3478719853449005e-05,86.98456335970417,0.31027544515335453
1898102500.0,0.9126212274880898,0.0007739824910045105,-37.74047446671708,0.09057567685032201,0.007886648830394487,4.0949032538517105e-05,86.74448417393278,0.46797816693711947
1898105000.0,0.9132683284290202,0.0006477503120077035,-37.96958656954797,0.07668450868558066,0.007855974201891429,3.877513069135569e-05,86.63892827913334,0.4820702289341158
1898107500.0,0.912569854952794,0.0005597701622682302,-37.9571579702151,0.09416369851262052,0.007850611103317171,3.64825738585448e-05,86.53405141905176,0.29991956984466783
1898110000.0,0.9139046381232376,0.0005395010986253951,-37.788827674294545,0.09464128897224516,0.0077984275278561435,3.6287804844589006e-05,86.82323656297544,0.22988082686943637
1898112500.0,0.91225337219839,0.0003646383521135651,-38.07038861803163,0.08098679804649027,0.007793874480792903,2.7819702878504873e-05,86.50481126713994,0.3185677543735801
1898115000.0,0.9157400589384308,0.0003625114119867687,-38.128531293020956,0.09787014675769239,0.007767387420686153,5.3001577468891325e-05,86.49717480719646,0.24898755888305166
1898117500.0,0.915401837224223,0.0005449373999555288,-38.25700487469165,0.09971230975243493,0.007729488804352319,4.752962782061077e-05,86.41034286661774,0.30279113517758666
1898120000.0,0.9148053067742521,0.00044227105999251795,-38.45785102614014,0.08763072077353477,0.007705717836639885,3.0014039813140233e-05,86.259549915205,0.2192690055185126
1898122500.0,0.916114593434181,0.0005078503563851429,-38.354139354235166,0.08520243603534979,0.007680817578794201,2.727237955641009e-05,86.34763872493916,0.2246040168451358
1898125000.0,0.9155342251260415,0.0006818832161040321,-38.65840838236442,0.09574392784768213,0.007657354951300133,4.699198793335834e-05,86.24890059681574,0.3568596240005743
1898127500.0,0.9168824779874009,0.0003527404680160288,-38.57735846803328,0.08050602889903981,0.00766053721181711,4.821975534642815e-05,86.18128295230568,0.375603269894425
1898130000.0,0.9158842801155975,0.0005180945837068124,-38.85585142575991,0.08743533530190757,0.007596916396490138,6.952955041658979e-05,85.89602087210096,0.34568115185567744
1898132500.0,0.9179376088732258,0.0005624364652194407,-38.99059932516897,0.08255651058171393,0.007603006329225981,4.739527357843312e-05,85.72975921487208,0.45561691793667525
1898135000.0,0.9174475018877001,0.0005194599469542067,-38.84980104166994,0.08948330859845646,0.007599277874477438,4.580586460411844e-05,85.88618099049812,0.3174016336858837
1898137500.0,0.9199696866487974,0.0004689479988086506,-39.1799630833938,0.10162932135307302,0.00755729437420136,4.5665584838792e-05,85.69040176721845,0.22457098794412692
1898140000.0,0.9226574639125786,0.00063720264898518,-39.21919084238603,0.08497708819953205,0.007558880918996104,4.3156456634123734e-05,85.51925101044013,0.36306269952652914
1898142500.0,0.9199835913557602,0.0005638738938767362,-39.38352864647566,0.08621770792729433,0.007509967602125502,6.522627114445094e-05,85.66607930029213,0.30052745217803056
1898145000.0,0.9204932331735745,0.00028779051260140453,-39.26498645841861,0.08162523507800079,0.007512471546692448,4.704564604558093e-05,85.35392591546965,0.3686267388253613
1898147500.0,0.921776847634859,0.00037957770427469843,-39.48314833696457,0.07878357126872068,0.007468129821252155,4.847467889862398e-05,85.39024440613721,0.28735193697719963
1898150000.0,0.9216618263010566,0.00046012100189347514,-39.458562221326005,0.08161691011694984,0.007455965827625346,3.145912169221685e-05,85.29301521277719,0.28886413127522187
1898152500.0,0.9208074347728389,0.0005685175732791986,-39.77700699001798,0.07883143035642234,0.007414028686986084,4.886227300053765e-05,85.1216383862051,0.43715549727203096
1898155000.0,0.9218478233435202,0.00045952528627196134,-39.650081914552864,0.09141456786515728,0.0074146834089339,4.603051663601189e-05,85.51610810330436,0.34440447670892493
1898157500.0,0.9234549048512478,0.0005939361342904872,-39.675220206368,0.08142923853521337,0.007393258547035037,5.692681386698612e-05,85.30799836604676,0.3741777498624359
1898160000.0,0.9229333558219858,0.0004099885094769341,-39.77665597437254,0.08887017824982145,0.00738514722352015,3.729996365141568e-05,85.1287177162262,0.2750467092920003
1898162500.0,0.9233838733781714,0.0004252754336657694,-40.033313317517184,0.06786372119875221,0.007346803993884878,4.447394195372018e-05,84.74278366824105,0.4013283838560158
1898165000.0,0.9239338095480567,0.00044670451439894734,-40.196839246753704,0.08079367788201396,0.007305669860051104,4.6711335313639065e-05,85.02212521446627,0.44622459113234
1898167500.0,0.9240946902736865,0.0006541012167059904,-39.9954152175662,0.06715569000535704,0.007314837100219587,4.3997104841586075e-05,85.23196128024728,0.2343030629728979
1898170000.0,0.9278578379307197,0.0002562740338416755,-40.191117374867424,0.09175557079635677,0.0072962780194748295,4.158226358639129e-05,84.86791367339139,0.28010282069634695
1898172500.0,0.9258567200641051,0.00038622743651593744,-40.281040171525106,0.08846531676526286,0.00725860360065921,4.342071284763585e-05,84.80037965129372,0.32732044057484166
1898175000.0,0.9254034029174107,0.00044616758923886264,-40.398873653637246,0.06325950779738337,0.007230719010803705,3.335286720062133e-05,84.67492349311253,0.2508607453940946
1898177500.0,0.9242762199389801,0.00034811489329977823,-40.352613836469466,0.08883192381705789,0.007223137631043318,5.3570273129095326e-05,84.73509821678932,0.449437712183285
1898180000.0,0.9263247074158139,0.0004324519259669629,-40.76421477017494,0.08679872226911457,0.007201539575629917,4.9064818681217616e-05,84.64702467082219,0.323228045026194
1898182500.0,0.9268543835178504,0.000452196771473687,-40.560796063676264,0.07718910669595264,0.00717069931800792,4.59069285802263e-05,84.7280714857449,0.27175024478328447
1898185000.0,0.9263148676619432,0.0005256758677286088,-40.551842143651804,0.08730532787143383,0.007177972071428019,5.55549071007314e-05,84.46867810420873,0.32802490303231957
1898187500.0,0.9273766421409951,0.00048615003206466903,-40.630514668731976,0.07835802676362083,0.007136491745799278,7.123031556797427e-05,84.53177374187965,0.32759540064804765
1898190000.0,0.9293043252020079,0.0003594577726802725,-40.785113017886445,0.0784034800215502,0.007127791374941979,6.966846313781136e-05,84.27060160098155,0.31147874078259724
1898192500.0,0.9320753587442839,0.0004032795076003394,-41.043020461675795,0.07138220678043106,0.007097444554190667,4.771817447094658e-05,84.1290299935775,0.22485902814398095
1898195000.0,0.927899622971839,0.00044183101799151616,-41.04067723253072,0.08688626620946775,0.007064231126963213,4.9274675309307954e-05,84.37950459459128,0.23750547296697513
1898197500.0,0.9285168595258115,0.0004824389370872396,-41.013929254972794,0.0820140550933147,0.007063876376508571,4.2632990655866375e-05,84.12876567070242,0.39604992787161636
1898200000.0,0.9288105062933022,0.000533336217091457,-41.16746737142368,0.07620085028950488,0.007055279286009846,3.457587665898209e-05,84.16306553964876,0.583906412869985
1898202500.0,0.9307652825949979,0.0004789156670776752,-41.20929178497178,0.07763279181847837,0.00702671175405794,4.6650131234143766e-05,84.17719371198675,0.2991631536517338
1898205000.0,0.9291303700505518,0.00044617919871872073,-41.342075660050604,0.0905235669558751,0.007024640810863856,5.936231817138359e-05,84.05848565672008,0.27993388426989624
1898207500.0,0.9286965485656159,0.0004444617298403227,-41.37705670916448,0.07751358420928962,0.0069754817878323406,2.7811432985664272e-05,84.02452748820845,0.3185809813280866
1898210000.0,0.9302789751356875,0.0004283014434853155,-41.44450899724651,0.08518988493579588,0.0069356209671389835,3.524260903346126e-05,84.1741138743669,0.2830119132360204
1898212500.0,0.9338187436478951,0.0002973907004445435,-41.48134603513812,0.060719131627296544,0.006952253564373155,3.754486964015022e-05,83.81146238988876,0.3475747384988476
1898215000.0,0.9327387848896943,0.0004797558343440484,-41.75179296047945,0.07520535175692426,0.006937233622552663,3.543442448119455e-05,83.64804628391816,0.3170562978808397
1898217500.0,0.9311550037542118,0.000497834919462691,-41.707554943627024,0.05784097749842147,0.006916614012055025,5.0849291187597615e-05,83.80929378517152,0.5048250738786364
1898220000.0,0.9316607289456283,0.0002907306136267178,-41.781395462877946,0.08590913693605338,0.006927275995809768,3.983815365550806e-05,83.81796680099498,0.37216050870812223
1898222500.0,0.9300653186668333,0.0003863278183308194,-41.8910035662277,0.07454036331292066,0.006860781808767991,5.425157074165982e-05,83.59337537045472,0.4022358264734726
1898225000.0,0.933998008260023,0.0004695628583135003,-42.11562513552067,0.08318981676102745,0.006887997144901965,4.1070303923045366e-05,83.36680822776765,0.39706820856755876
1898227500.0,0.9336961971071811,0.00042461363836434387,-42.00269712487845,0.08231668089230021,0.006845208239122111,5.970516749071982e-05,83.69598433113688,0.4103262317747311
1898230000.0,0.9328489869717171,0.0003660278613683097,-42.072443861581625,0.07416046756063584,0.00681227041254071,5.537689770025501e-05,83.3769426151934,0.4880990311390043
1898232500.0,0.9313508675362375,0.0005304487212381259,-42.297165211937724,0.09110743510262001,0.006756151653095959,4.4933161803292286e-05,83.52195179177319,0.23072437736947998
1898235000.0,0.9328495635222016,0.0002917360856917691,-42.22339030762188,0.06911416835476512,0.006793330200249916,5.714250874346093e-05,83.49901842109185,0.4664662574673484
1898237500.0,0.9339302605519292,0.0003740172643222645,-42.43207615676628,0.07117032707093157,0.0067644304746213,2.035850226181833e-05,83.29904036820274,0.5248470883993491
1898240000.0,0.9342323997596118,0.00046349354972125196,-42.3993789207952,0.06653644787221402,0.006774044911467079,3.788931336279347e-05,82.83575379198432,0.2675430113512052
1898242500.0,0.9356780153138536,0.0005904797262967675,-42.36834122461123,0.08564212984656186,0.006734281600782023,6.546591957373961e-05,83.32456548718149,0.22232962665453554
1898245000.0,0.9354556374247431,0.0003035297833092836,-42.506700420843664,0.08279457599282784,0.006701391633725511,3.838725479801685e-05,83.19954725718455,0.24115809831383936
1898247500.0,0.9384267968174687,0.0005312432734749402,-42.65246071683813,0.07707885349912286,0.006706366629182139,3.818561086494844e-05,82.6712735910195,0.5127582784599266
1898250000.0,0.9371742317398595,0.00044618299810869914,-42.60893413992652,0.0675258134489923,0.006677398379477197,4.6003781977267884e-05,82.63335917158386,0.3737191636553231
1898252500.0,0.9384384927052161,0.00045556103806644626,-42.82668838811855,0.07141514807674523,0.006694059692165499,5.68896789210341e-05,83.05387319168727,0.36897691539306043
1898255000.0,0.9393303119502932,0.00043245314014818875,-42.95481063336967,0.07556359430841443,0.006640547239157608,3.658602397948923e-05,82.59036978810482,0.36575547637849265
1898257500.0,0.9397833461917461,0.00032684169138326024,-43.207853040388486,0.08285874637948551,0.0066130178635948195,5.3267538035028e-05,82.35239252235998,0.5952018166081535
1898260000.0,0.9374863004929739,0.0005833701133281375,-43.00438935467105,0.08200685049807085,0.006594827822192107,3.2076497839705586e-05,82.751738253305,0.41144233053996926
1898262500.0,0.9372595238116366,0.00046417002402136755,-42.94462196157359,0.07602834705328224,0.006610053971806848,6.920387471721672e-05,82.64993724990778,0.45391555680138507
1898265000.0,0.9366286047244687,0.0004306859316348354,-43.23884667037512,0.07483141119062506,0.0065656477337631535,5.281250165181379e-05,82.53667882970133,0.24773828713010404
1898267500.0,0.9410976431205663,0.0002540417442565299,-43.12443751301168,0.06992146304600688,0.006569301925290609,2.4166660808346775e-05,82.8316097264017,0.34894240424629064
1898270000.0,0.9365693467314596,0.00043948527021800773,-43.196899217009715,0.07546552647234746,0.006520104005417099,1.8461781660162125e-05,82.52138805661657,0.5468341731797167
1898272500.0,0.9394291808450543,0.00039146212411819746,-43.21651043713788,0.07959018047580844,0.0065066669785482515,6.480840011002616e-05,82.33854527159367,0.331732154259224
1898275000.0,0.9381191557233571,0.0004271078276777712,-43.34300647576862,0.07456576542917902,0.0065354841324757355,3.5297973819596296e-05,82.48759016709752,0.31893925766814474
1898277500.0,0.9413921523904857,0.0003969865091093134,-43.452029313582166,0.07309707226682838,0.006498168174179228,5.2393943020197945e-05,82.37722248218459,0.4043120967265972
1898280000.0,0.9406556901168963,0.00030467165363336484,-43.45392911199779,0.07790092519688371,0.006468103430819287,3.085374708782996e-05,82.23572887254224,0.24111316950940923
1898282500.0,0.9380048936947055,0.00042056907506768544,-43.740803845396904,0.0796798861897788,0.006445531777306252,2.466535911579426e-05,82.37730018232595,0.3563076988401856
1898285000.0,0.9412473474866709,0.0004475190316836272,-43.483702777662174,0.08003193580143297,0.0064208718336163624,5.884452940897594e-05,82.175123470099,0.5563140302126948
1898287500.0,0.9392792524933283,0.0007240026516185776,-43.650832486748364,0.08186018534594518,0.006398247039698695,6.41731577657363e-05,82.22789540125424,0.5150416519569877
1898290000.0,0.9406665091842009,0.0005221583167336938,-43.89787834400311,0.07782515603699205,0.006402392677156388,4.8371781504556356e-05,81.77866985603028,0.2698210822437614
1898292500.0,0.9389416425242653,0.0004996542125076188,-43.724402764140244,0.058098150716155636,0.006367163316567484,3.043827668463398e-05,82.1379174294905,0.5630662472006647
1898295000.0,0.9434510637637898,0.00040146246343668177,-43.84578009663479,0.07860513153426515,0.006384161349941535,3.5896208068979774e-05,81.68755489180023,0.45845187940850407
1898297500.0,0.9419115420271087,0.0004249467436349157,-44.041546621019855,0.057534061901997814,0.006350823680011693,4.871623979089893e-05,81.92907038778405,0.4246884598770008
1898300000.0,0.9421528259694617,0.00037572388276252666,-44.11649423442267,0.08140335905026952,0.00632678434594484,4.339912938828782e-05,81.61121797886898,0.4483914692140127
1898302500.0,0.9429530999316228,0.0005326726841156366,-44.07485213577621,0.06947038466013751,0.006329856776424903,4.179806232573696e-05,81.8319215269365,0.289052029537383
1898305000.0,0.9456639209312627,0.00041346889695407856,-44.23440036839237,0.07255739001018306,0.006323391447584376,4.656099286597593e-05,81.71949687891009,0.28410884470826236
1898307500.0,0.9436743613391251,0.00034918218575350494,-44.179273993472314,0.05867453761082822,0.006308987677388927,4.176304154824911e-05,81.78834608166183,0.37680833237666306
1898310000.0,0.9458598474872608,0.00034965750054795347,-44.407052272036,0.07087378117036859,0.006306846418364633,4.526080197128458e-05,81.6140082799575,0.39764682879303587
1898312500.0,0.9406884327616845,0.0004364812317037622,-44.32737005510646,0.06893187076102104,0.006229603862272937,4.034584984770553e-05,81.8022638158834,0.4902252856221931
1898315000.0,0.9433393968971472,0.00044305242398893726,-44.435292998400584,0.055527921195801806,0.0062440308381892335,3.423993316620345e-05,81.48418809704057,0.46190645159412996
1898317500.0,0.9441741577107836,0.0003036178707198392,-44.50236954656645,0.06670678763377257,0.0062150800990862605,6.965669596757122e-05,81.69671956371477,0.36556258761408633
1898320000.0,0.9430742871446152,0.0005766216514355474,-44.456278271951504,0.06587186510409838,0.006192563043862233,7.189375314946502e-05,81.66595471214734,0.3141291111386092
1898322500.0,0.9446583622077627,0.0006257700238463705,-44.83577572465655,0.06822763980856754,0.006181364657309629,3.846280774027889e-05,80.93110635734277,0.38511001679709045
1898325000.0,0.9485192057416109,0.00037688161705172257,-44.814999755613634,0.07879653082350196,0.006190806498495016,6.0351211524223544e-05,81.32736003565303,0.21611100952733459
1898327500.0,0.9454450149002572,0.0005834091364704954,-44.80268440106153,0.08183320502345208,0.006181333356442707,3.369895904748351e-05,81.56659092179807,0.21354998555935967
1898330000.0,0.9439876426121898,0.0006158344344860821,-44.74780607696999,0.06698395407417236,0.006163322393072824,3.5784299987107754e-05,81.22532093743894,0.4856922693236667
1898332500.0,0.9465789980388902,0.00038979497796966516,-44.83572698485621,0.06581531626579086,0.006173100440473707,3.105493688308353e-05,81.0450221034028,0.31635189000884567
1898335000.0,0.9456193423419711,0.0005311693762412804,-44.803170540418556,0.07382802016362768,0.00614531901651336,5.164676392033923e-05,81.44931396829826,0.41413530851195085
1898337500.0,0.9478150990719795,0.000547766251016963,-45.050347575970385,0.0682721204804506,0.006106901536368421,4.822540215978773e-05,80.98579291815933,0.29206085056954545
1898340000.0,0.9447307928208756,0.0003881334058400384,-45.02310862090044,0.06812580505303514,0.0060949280759164184,4.3046471937183066e-05,80.90449736499471,0.6134747630365297
1898342500.0,0.9458989515364384,0.0004876725350911488,-45.239200677531144,0.06162971297870665,0.0060668196233023735,3.308592711789384e-05,80.92275429651076,0.3870985363654622
1898345000.0,0.9476982613900884,0.0003189641857790183,-45.13322059154184,0.07773046051488597,0.006061969016330286,4.0047931931172855e-05,80.89482231175158,0.4788416988720082
1898347500.0,0.9505546540490512,0.0006014318179783104,-45.08162652762709,0.08369748932601105,0.006063172905948663,4.6056419345235885e-05,80.85942689124731,0.3133766057966455
1898350000.0,0.9473024496282145,0.0007050490147168521,-45.26140859884766,0.06751788169703248,0.006050553468504286,6.50682906247247e-05,81.1916443825287,0.529436449353547
1898352500.0,0.9463113866044593,0.0004630307849369475,-45.38359009141064,0.07402674962215781,0.006021125794820342,2.5718848618708508e-05,80.82285970734237,0.4132457153225641
1898355000.0,0.9474426935112259,0.0005356657314939311,-45.38257555584854,0.07329768013127225,0.006000397253047499,5.3039768648493045e-05,81.02854233321926,0.2953041500227403
1898357500.0,0.9493783119561966,0.0004750343303871458,-45.50386890112447,0.08895009044941164,0.006016662568542842,2.6011970763039208e-05,80.69021073060169,0.5754878483905098
1898360000.0,0.946069215693998,0.0002638435164412474,-45.46332220645525,0.07087861220196488,0.005983954569621326,5.316787055248675e-05,80.70451469085296,0.4668745075702686
1898362500.0,0.9472460163317487,0.00030736363877047207,-45.709726321948125,0.06961004751383003,0.005964877490630712,3.8104528389928186e-05,80.5332771830947,0.3835131346175116
1898365000.0,0.9461155882745592,0.0003259262147314904,-45.65893911181576,0.08642867826446633,0.005952784824650877,7.546911030684073e-05,80.67535366793703,0.7691956637524853
1898367500.0,0.9498481083756558,0.0004071463718234203,-45.81078073271642,0.07502004086481905,0.005925390773121978,3.7973656992424376e-05,80.75485386414191,0.31250674779437265
1898370000.0,0.9499908571938521,0.0002609585073380596,-45.69619709868424,0.07568053151469946,0.00594290014362354,7.654802672999868e-05,80.42158524454989,0.36347640078711657
1898372500.0,0.952330843820006,0.00048356741743491656,-45.90114774194703,0.0755547892529392,0.005935092086536784,3.395108049692311e-05,80.38293038578388,0.5585071697068232
1898375000.0,0.9529384035814255,0.00043859238393478627,-45.8541970019441,0.06882035442157376,0.00590687108731614,6.130125730341726e-05,80.07650353942219,0.35726279459524757
1898377500.0,0.9503760675121715,0.000547383405029802,-45.80249709685679,0.05913534165326021,0.005902755551994095,3.6582381141082165e-05,80.55498292764622,0.6205796005609636
1898380000.0,0.9504197205365592,0.0004203332598217818,-46.011134792772594,0.06739159527195031,0.005856906440964189,5.2798495526214955e-05,80.33426681962924,0.5549644483036344
1898382500.0,0.950711478902259,0.0003652182409479758,-45.94693488315811,0.08522496690460796,0.005870598939371273,5.089067536002419e-05,80.24047341372122,0.2891639350534459
1898385000.0,0.9493043999154549,0.0005326612626243756,-46.18309345384235,0.07365604535480744,0.005824100436557399,4.1193314721266765e-05,80.27861144617435,0.47721205835532227
1898387500.0,0.9513050981845848,0.000475580233400737,-46.1446403577742,0.06656338409975517,0.0058068468558275564,6.35968340764125e-05,80.30200982738795,0.6970658107931298
1898390000.0,0.9518707157858617,0.0004562484649479197,-46.07280054430487,0.059350727293071656,0.005848751232716385,2.979256060888092e-05,80.1230543206971,0.33498269137335435
1898392500.0,0.9502266390274322,0.0004893087062271881,-46.208964412971945,0.06785069264643091,0.0057965557521866985,2.4930411659238588e-05,80.24558774495641,0.4141088814837694
1898395000.0,0.953344607765032,0.00033725457753790736,-46.2805960681931,0.06221943007579258,0.005815535190616079,5.118725284834499e-05,80.23551588226306,0.30876568440645874
1898397500.0,0.9540849366405997,0.00047392154278422445,-46.36673135253531,0.053522083802922296,0.005796790675162073,5.089095521835127e-05,79.99874986017232,0.4666576582405113
1898400000.0,0.9531510032688016,0.0003739643859565922,-46.252655874816114,0.06140562104879274,0.00574279614288207,4.486503977986819e-05,79.97310419637488,0.41374798686009234
1898402500.0,0.9536732089523474,0.00053179034086808,-46.53141667100757,0.07348025549536019,0.005742064771724395,5.6377638541569696e-05,79.88530913953886,0.34479019358187385
1898405000.0,0.9494190935024097,0.0005031877461830494,-46.48954786772389,0.06898175484193908,0.005720541513490274,3.5268100184640445e-05,80.24731715660002,0.45547486355815725
1898407500.0,0.9516740584424928,0.00048781067689198884,-46.680987523096135,0.051863730642943404,0.0057257239061262,3.749379682513726e-05,79.88275739212574,0.5055882091710199
1898410000.0,0.9559527417057836,0.00028377121609139433,-46.55831320089908,0.06340332876612129,0.00571961913083748,6.41936493724689e-05,79.51624365559059,0.4500189237768079
1898412500.0,0.9525678246683411,0.0002586868579786359,-46.63294706969757,0.06880400170955411,0.005685863003584048,2.8201998917749204e-05,79.88499002736121,0.4469791514504869
1898415000.0,0.9543726724199095,0.0004537836174647897,-46.618899167930095,0.058757486200591534,0.005677592133744266,4.096280527091933e-05,79.65604443533144,0.5353682067420868
1898417500.0,0.9506780581756706,0.0003354072241159905,-46.7156144667242,0.052373365531226755,0.0056746278697559814,3.806610757847247e-05,79.94382149543121,0.24447825786212696
1898420000.0,0.9530706284707103,0.00044449937979476107,-46.87139053053796,0.07294239009873485,0.005656922893580881,5.393148838758143e-05,79.48159063970041,0.40052646331792024
1898422500.0,0.953462067243024,0.0004609305132786107,-46.71717860372776,0.04420515928894775,0.005634689362478069,4.4854156737497074e-05,79.69313567065524,0.334204721176082
1898425000.0,0.9546456112048918,0.00034082363811434736,-47.05376789968874,0.0625339510935146,0.005618985657833858,3.546876043196826e-05,79.59867209369247,0.46018006047205184
1898427500.0,0.955082479043994,0.0003164644084954256,-46.87846653966043,0.06784505788244143,0.005615414441556351,2.135213579323666e-05,79.62423039148891,0.4290028910112943
1898430000.0,0.9557290888163411,0.0004534563837697869,-47.125747088895025,0.06425648044871439,0.0056109920726721465,3.277458333448197e-05,79.49596553532055,0.5751158947055788
1898432500.0,0.9574214072763879,0.0005040071851140783,-46.99197959684831,0.0785962181305461,0.005611513189704258,3.961496520306083e-05,79.58663342555174,0.42024121026654415
1898435000.0,0.9537660030274007,0.00039411119577785654,-47.08901546447999,0.054576099004135334,0.005553517337389575,4.760604427278166e-05,79.37274350740486,0.4836033129488054
1898437500.0,0.9523028988305033,0.00036731571184799104,-47.144449807863985,0.07813071717274923,0.005550500854811026,4.176063707885034e-05,79.63132526886223,0.46539345035251034
1898440000.0,0.9579810305864379,0.0005139663407741772,-47.29073974231428,0.05018924712615599,0.005560111260985226,2.448277409984118e-05,79.04896802546999,0.388518293523592
1898442500.0,0.9522192030601058,0.00048601199992946985,-47.16503145059562,0.06344750372833917,0.005535024286246425,6.54979126188754e-05,79.7768893661616,0.4800594237834347
1898445000.0,0.956703866798222,0.0005254025636525553,-47.342387797706124,0.0655169191678663,0.0055303723209960305,5.100003632897676e-05,79.2378866975447,0.5284065057871541
1898447500.0,0.9553911670872276,0.0003940201511507815,-47.34591989188632,0.054144409597222755,0.005495610763496843,7.831346103494551e-05,79.19671408914215,0.4178203363276865
1898450000.0,0.9550261716397974,0.00034765349602582297,-47.416158097285916,0.04650480973369282,0.0054999953538436685,4.0877845576832344e-05,79.43803195593222,0.3420653408583857
1898452500.0,0.9564273040187844,0.00047932844330551307,-47.49020841330841,0.053638259594745115,0.005511036082430792,5.513621179332863e-05,79.20168444131596,0.4939441973057838
1898455000.0,0.9534482430564717,0.0004927547168454559,-47.4624382430082,0.03608790601017348,0.005463836671905807,4.015339855370966e-05,79.26479762094212,0.5729566438930833
1898457500.0,0.9585128230235628,0.00036139774717446315,-47.576634368848346,0.045699858787711725,0.005457400266994657,2.7193890137173526e-05,78.89292230270289,0.5631831810806727
1898460000.0,0.9576930764880662,0.00025240226794544316,-47.47952057808238,0.05655686690911051,0.005469624819257342,5.2960228668062155e-05,78.88481677235892,0.5016495796957291
1898462500.0,0.9552408643946783,0.00021620105760675607,-47.82706646625506,0.05753806213411282,0.005421373048325787,4.6972605405915216e-05,78.44730975916488,0.6319818829218399
1898465000.0,0.9574506681875798,0.00035176224648563793,-47.748625103868896,0.047042029428311406,0.005453335966618106,5.8948933631676587e-05,78.8483481157904,0.9198502550742815
1898467500.0,0.9591504412234642,0.0003677956464024329,-47.75184490490699,0.056172296503813175,0.005475511524782752,5.6769958755614814e-05,79.00112315151691,0.4473310174197879
1898470000.0,0.9542285908831207,0.0003279106231683652,-47.758813556798444,0.06098758652619899,0.005394248786576636,4.7945437863189394e-05,78.85342207815798,1.0568187629709709
1898472500.0,0.9589291791283568,0.0002843454295196998,-47.95595212987469,0.05824096776578099,0.005402154557675438,4.9830412270513256e-05,78.9931487609755,0.5152807295985986
1898475000.0,0.9585023370728146,0.00041431728204857073,-47.741508196446574,0.05139479898864291,0.005389782386658924,4.091222333963254e-05,78.9677987439363,0.37018812793736827
1898477500.0,0.9588658007496171,0.00030827833563032344,-47.856836937895665,0.046568706646032576,0.005365194949677385,4.094859311615937e-05,78.56318690415105,0.6855596430444924
1898480000.0,0.9595624942923795,0.0003523553400455517,-48.014631851667886,0.065264777580179,0.005356391378105522,3.100759518450049e-05,78.67501257977634,0.5504827833880023
1898482500.0,0.9596064228003017,0.00039064184085662977,-48.02292512289995,0.04823846040076225,0.005346653621096543,5.309832096997363e-05,78.94275890905249,0.5057181797876446
1898485000.0,0.9602839500546899,0.00033184428638378624,-48.251988998478694,0.05964294044555475,0.005335735060582647,4.271766267507187e-05,78.6050476183685,0.42368654641086234
1898487500.0,0.959377398370054,0.00041289533750088795,-48.11634645187219,0.05068081951274374,0.005303839316764209,4.18198176108715e-05,78.59509746229786,0.5916868143950297
1898490000.0,0.9583253444572084,0.0005207816191136988,-48.198404448866505,0.04722237725695078,0.005288231289550372,5.61166529794865e-05,78.66239812486045,0.24759591652372243
1898492500.0,0.9600986113329776,0.000203430601287447,-48.30444779416377,0.06100035662855544,0.005273267919330499,4.113842463524909e-05,78.57005677796963,0.44823065376181154
1898495000.0,0.9591567834165292,0.0002907116578080947,-48.20848705301421,0.044204779977821615,0.005298378013068886,3.7535645132179874e-05,78.4041135155326,0.5157038944320913
1898497500.0,0.9598932757605532,0.000442362278895964,-48.36911312334625,0.05589104542300773,0.005319518438488102,5.086228579448701e-05,78.29302540884842,0.5896343869446338
1898500000.0,0.9594373696385949,0.0004190746058700664,-48.399167366064354,0.03689512993535176,0.005283645369459654,5.648021425237352e-05,78.45467280068857,0.35725346595885016
1898502500.0,0.9582939308677644,0.00031103849340795135,-48.307848556989875,0.055996704946524145,0.005260377408247494,4.663006603309241e-05,78.40503792360117,0.3865964209947101
1898505000.0,0.9596424307949127,0.00033035318671552106,-48.63542729791606,0.042825041496519264,0.005262484706563028,4.873158897423297e-05,78.1547574731983,0.613391067994108
1898507500.0,0.9581605168514474,0.0003540431602165697,-48.54063300660338,0.060129570245390895,0.00523521747691322,5.3709227202229114e-05,78.47981065089614,0.4056802652783687
1898510000.0,0.9615012504629668,0.00028438945713967086,-48.592923188281134,0.0423845006400576,0.005220122725956459,5.674046023609476e-05,78.15334545819412,0.7106045708313062
1898512500.0,0.9591054323325445,0.00031202870986160597,-48.5216369237376,0.045132467181817064,0.005221245014064328,3.989682985933749e-05,78.48872567582632,0.520518627882183
1898515000.0,0.960449415740829,0.00031834474226983037,-48.78467215389075,0.03684614961865047,0.005172980424701338,3.495447703900558e-05,78.05533337716989,0.5123595865998724
1898517500.0,0.9606119640403677,0.0004284848149854899,-48.65756632239012,0.04347811540325786,0.005186829821908242,8.719033147173528e-05,78.05616595533645,0.7835345219195337
1898520000.0,0.9594964603941384,0.000418055118881865,-48.58506623157003,0.035513702640644296,0.005172985367054988,6.228701599505628e-05,78.25445353978202,0.45058524171995795
1898522500.0,0.9616313094184707,0.000388392272460216,-48.76549339180452,0.05625212113313303,0.005175588104716598,4.095635890957686e-05,77.8886107916219,0.5508021981775103
1898525000.0,0.9611439549539637,0.0004250027517766205,-48.7310265308824,0.04808541578250939,0.00515607267012331,4.5784604367132255e-05,78.36970492489252,0.5059725432444883
1898527500.0,0.9629999462577411,0.0004372507616383221,-48.735840656643774,0.04404588972829615,0.005149658010054165,4.521045637991425e-05,78.37539383102605,0.5520354895776253
1898530000.0,0.9595265598664928,0.0005674853098556867,-48.86408227970971,0.046062560025657596,0.005124214177765719,5.504652391663303e-05,78.01301605855832,0.4013253346929155
1898532500.0,0.9654940102806308,0.00031055608590032193,-48.94903570829031,0.04869840929813896,0.005139027065305896,5.470836105658365e-05,78.19370313504197,0.25749593334486354
1898535000.0,0.9637278467213055,0.0004757127933110765,-48.79355079496415,0.04299061223385183,0.005107651455824813,4.338708427390504e-05,78.00721876358065,0.3592017919547243
1898537500.0,0.9616740119481858,0.00042167551119467,-49.15783234415808,0.045431122295876626,0.005103010041736946,2.8098942572860747e-05,77.44789832534892,0.34256357629778966
1898540000.0,0.9615481255786278,0.00033861674886868004,-49.0529587701072,0.03846258078431709,0.0050974038459923226,3.455902721925265e-05,78.08909283331558,0.32481925263866107
1898542500.0,0.9607776039850315,0.0003638651384212321,-49.18216538976631,0.043355241624850646,0.005057658286074106,3.1105523778111406e-05,77.74195941708274,0.43149979373193437
1898545000.0,0.9635452555989926,0.00041485369824478347,-49.297098599606045,0.04375387916994996,0.005055891940619866,5.086817318949096e-05,77.44510114099481,0.5452032921516596
1898547500.0,0.9608910114894922,0.0003912590283746862,-49.08238699159123,0.045163727989661034,0.0050817118173206634,2.9775143473048463e-05,77.82483532529481,0.44529172711841286
1898550000.0,0.9640695458118137,0.0005740598900544594,-49.1945196991799,0.045172233955233315,0.005038724271913381,4.5227028794466004e-05,77.73232123931615,0.6865792869783636
1898552500.0,0.9637876927623495,0.00041816685184987626,-49.33494326567075,0.041289242076520974,0.005035192749319647,3.356151174383253e-05,77.71926827845236,0.36875670015102063
1898555000.0,0.962354994212354,0.00014491532855477726,-49.29495420192386,0.05459733747192266,0.005004796401530721,4.973116308592541e-05,78.09623045700576,0.3957669761583931
1898557500.0,0.9628776894896304,0.00018243202507997974,-49.39293098056726,0.058954564172276076,0.005009897527300864,5.1377101375175025e-05,77.45869287949566,0.4560160380197036
1898560000.0,0.9646725370337201,0.0003779092617216958,-49.36875634207229,0.04242340812065431,0.005017033331758311,4.7344174404459745e-05,77.81269178929892,0.6515607039205209
1898562500.0,0.9613243748715029,0.0005350667016500145,-49.48838183706092,0.041389944849705256,0.004982306610539402,2.945988649657351e-05,77.65501814537848,0.43585549674447915
1898565000.0,0.9639700671946242,0.0002620560163605816,-49.32928973302554,0.04447328788518044,0.004998129983106807,4.405964009581776e-05,77.52630479050582,0.7399365111863299
1898567500.0,0.9627814435288555,0.00032883348671191556,-49.56993278961736,0.044643385308173834,0.004977498922580759,4.596497534136694e-05,77.24898220982014,0.4730393169914646
1898570000.0,0.964114435749387,0.00048782372574363985,-49.67142267832696,0.042169222513291714,0.0049792935303419345,5.302637182392165e-05,77.5097370239306,0.6060177241036675
1898572500.0,0.9647458933239436,0.00036950954124970723,-49.603792154648005,0.05686482369539842,0.004963711295234526,4.5110271061238566e-05,77.5706030843977,0.5497522847808491
1898575000.0,0.9619725123070572,0.0003059417696338289,-49.449932974815944,0.04347313601680515,0.00493633643885295,2.5454889293238303e-05,77.65684000604213,0.7644100456162649
1898577500.0,0.9611021012956271,0.0002625383351120387,-49.6659345531256,0.04030979266491062,0.0049275273537398865,3.7859489979286634e-05,77.38855433066892,0.3876967150821537
1898580000.0,0.9645024697627611,0.0005041368984184263,-49.757498494991296,0.046111612897977265,0.004922614195417958,5.619153558628379e-05,77.32808202415985,0.4740070761310767
1898582500.0,0.9685375570361907,0.0003978808120126414,-49.578485429752824,0.03777350013371546,0.004927437275184562,5.467728676755139e-05,77.38327463029157,0.4523103629362927
1898585000.0,0.964447284178632,0.00025699322877076347,-49.77093765333833,0.049735951189842496,0.004911635458175774,7.94567759782041e-05,77.59197981583645,0.9002207490459206
1898587500.0,0.9681504185100093,0.0004704751166205509,-49.89525394216219,0.04861238340252458,0.004922297473003287,6.836120405078627e-05,76.84430445495698,0.5282078709279935
1898590000.0,0.9680882222230818,0.0003402060889874551,-49.69728518372635,0.050493048544656416,0.004919216816343215,4.595552790453651e-05,77.17870196527011,0.48989876970455787
1898592500.0,0.9671338014278164,0.0005332900082872025,-49.897619752240786,0.052985311395245475,0.004904024447084845,4.657836540314196e-05,77.05799702274872,0.5277746352310799
1898595000.0,0.9643249925831755,0.0004850335260394603,-50.08797696864354,0.04928244266273487,0.004836961305293592,5.752010248427016e-05,76.9795202662844,0.5256298677997353
1898597500.0,0.965324875446026,0.0003697633237027167,-49.916798813395715,0.05662088695657969,0.0048703862187003,5.623791319082066e-05,77.0873845508736,0.5078596095413302
1898600000.0,0.9658193980463947,0.00036863152387258264,-49.99716181928561,0.03936582163259645,0.004852352297052847,3.937461454603298e-05,77.0805968698441,0.34726047983359853
1898602500.0,0.9676392475991893,0.00038803496210536385,-50.04899385724129,0.05412777591158408,0.004859068718989837,7.420631021777568e-05,77.11465416264154,0.4701383164657746
1898605000.0,0.9666029910389824,0.00031736786783535245,-49.88282319262812,0.03956526651301556,0.00485565390194116,3.9409484994160645e-05,77.20716356894943,0.7468790216790594
1898607500.0,0.9670977782218978,0.00046338094455819273,-50.03606015237727,0.045544450962328294,0.00482557212553225,5.098651577914639e-05,76.9711385220927,0.2872970505449217
1898610000.0,0.9666345447057922,0.00037584801524567215,-50.211655689071996,0.04225696679269909,0.004808019306890663,3.1076631898070624e-05,77.07014407094746,0.8398551408846525
1898612500.0,0.9651627241171532,0.0004828048367306174,-50.25741884986911,0.053143371865140204,0.004794173160919752,4.6303950128290606e-05,76.74566661159044,0.5024873968102671
1898615000.0,0.967799660155999,0.0004142901853869713,-50.361463613509976,0.04352451444285557,0.004786697733972985,4.4494132430150286e-05,77.00638622846515,0.3881081457771545
1898617500.0,0.9673639847342772,0.00017459314114316623,-50.270213904644685,0.05495968987550041,0.004811070617576649,1.8260469879708816e-05,76.90235870848538,0.707949099744998
1898620000.0,0.9676126857285778,0.0003074082212808935,-50.20551683974324,0.041334561369231436,0.004805322001351437,5.013475558508965e-05,76.82006924300461,0.5456199901129493
1898622500.0,0.96913283994236,0.00018581157411890682,-50.51333609916815,0.040105716294447216,0.004769957249164822,7.862646210700067e-05,76.49097419717656,0.5759092457800168
1898625000.0,0.9674717227980719,0.0004999187252159447,-50.33823588999803,0.05551362501291717,0.004755423823789994,6.469440137283288e-05,76.62190619685725,0.4288406738729014
1898627500.0,0.9675975309887717,0.00039011295834516036,-50.40601018139669,0.039470159004224896,0.004766116864797824,4.7101196124331356e-05,76.89388712329018,0.4937335299413589
1898630000.0,0.96582427704419,0.00031956981700202356,-50.412530156007605,0.05141119250836276,0.00471295951435051,3.598175814804876e-05,76.87559238199405,0.38159266567122524
1898632500.0,0.9661469297881742,0.00034953409148350445,-50.68538472856887,0.05010429909387942,0.004726533011192646,3.80822009199454e-05,76.8743711136554,0.3472304033394987
1898635000.0,0.964266418456144,0.0004111651989931755,-50.691737020797056,0.06223384529531925,0.00468531417330526,4.204705144892313e-05,76.50484812649728,0.5267210758361328
1898637500.0,0.9677508590755208,0.00023254867415467537,-50.74890688493484,0.041725584402275355,0.004740195594309973,5.521029397866531e-05,76.43074848432981,0.4540844378234207
1898640000.0,0.9674342943656464,0.0004566752576488434,-50.5189849228943,0.04483231356937288,0.004699813737379406,5.5056198067234796e-05,76.48760496705117,0.668812785675615
1898642500.0,0.9693571436499355,0.00036681882530778304,-50.73935387964778,0.06193486991129539,0.00470140812077849,4.049545367193466e-05,76.44425799116355,0.4834281199835344
1898645000.0,0.9688736140726608,0.00040349828193309375,-50.58248098917948,0.052393125797439453,0.00468834725426936,6.348913906287097e-05,76.6843310551119,0.39672746258406755
1898647500.0,0.9706474844770522,0.0003776647183371793,-50.62721317607469,0.05561010558416453,0.004686305852449372,4.432864738972334e-05,76.52589539379393,0.43502648506156005
1898650000.0,0.9687226726726307,0.0003390572036478731,-50.713677208441894,0.06531594985018024,0.004649366879512634,3.803660231237183e-05,76.39804115752081,0.4924484052009235
1898652500.0,0.9665664064331807,0.00039741759617321616,-50.87003500971662,0.04337553410502203,0.00464037485146599,3.403595379573722e-05,76.57230172623618,0.3892438616260017
1898655000.0,0.9696901217894471,0.0004708305315910618,-50.823430932971014,0.05014503333282841,0.0046481831294371695,5.797441262105563e-05,76.52494887281463,0.264000602141066
1898657500.0,0.9691274616920296,0.0003588488829739076,-50.838853611152025,0.05203243294164595,0.004628014050569717,4.997438530695054e-05,76.52362534548124,0.5474418980782656
1898660000.0,0.9651848633067603,0.0002446697398372935,-50.84992301013928,0.042714467455236535,0.004635093606389374,2.9985067777002288e-05,76.62842339915747,0.4723179860047432
1898662500.0,0.96649117828101,0.00038713398939562696,-50.91672687051749,0.05251319570141609,0.004600420209107882,6.597239430113059e-05,76.44649219983287,0.5658475708099485
1898665000.0,0.9706066484760258,0.00031719801220790855,-50.882392894668406,0.049507284352860774,0.004620721761941707,5.380598386693715e-05,76.48616907551994,0.6237506097065201
1898667500.0,0.9701703337392192,0.00034562742252481536,-50.853238479317575,0.03779496120354649,0.0046177158330611145,4.466132121645022e-05,76.5110259938512,0.5813544744022372
1898670000.0,0.9695701604141743,0.0004438261259061087,-51.036184302371595,0.03619494507605293,0.004591974935488348,4.154475572028244e-05,76.40763837660272,0.4501338704844888
1898672500.0,0.9701554685443179,0.00038847317522473605,-51.06096301972531,0.04966303777830429,0.004577326867297145,5.20903612505046e-05,76.3435046111673,0.49603800857751584
1898675000.0,0.9676982868402341,0.00036554021918169447,-51.13970515141892,0.05778672651607404,0.004587235300632963,5.391620803041209e-05,75.90003304665863,0.4420823366651389
1898677500.0,0.9711313057498554,0.00041549673861145125,-51.225349109913374,0.033147982042029754,0.00460340353225803,4.220443741942261e-05,76.26285572227553,0.5957076236274396
1898680000.0,0.9693852737829587,0.00029828212052696447,-51.14599798400879,0.05652933327516834,0.0045508539659980755,3.8296528440110525e-05,76.36909218375801,0.6655067782963029
1898682500.0,0.9685358032684815,0.0004337731195288105,-51.246098248003925,0.05635695159651451,0.0045687733325240724,3.128760807554555e-05,76.24578804329197,0.547523237979456
1898685000.0,0.9664341841331068,0.000511459889856501,-51.227934612011836,0.049199715437294865,0.0045244516616304705,7.563190963532168e-05,76.19381987556862,0.6151104716291989
1898687500.0,0.9685365771855161,0.0002519484762457841,-51.275852398824014,0.05851691437821496,0.004561520924656937,3.608070192386856e-05,76.23801757021192,0.42932265560429267
1898690000.0,0.9696076779389613,0.00018886039879286855,-51.29190401675965,0.05194302314649395,0.0045206775327139475,6.654231079202799e-05,76.37047458711137,0.37186011315483825
1898692500.0,0.966253532621327,0.0005136353550907803,-51.3959545526616,0.04574924729717061,0.004513424741856038,3.740060176391578e-05,76.0531973522873,0.5712504460663886
1898695000.0,0.9701714781378998,0.0003138130549408381,-51.403726775796734,0.04005334315140694,0.004535486465757317,4.897028368491814e-05,76.15680016636387,0.37925379819594207
1898697500.0,0.9685347141538903,0.0004180443988558541,-51.34518816629639,0.039574480313851225,0.004489722593125683,4.481303713252033e-05,76.28140104784427,0.6771361502451619
1898700000.0,0.9702691545249366,0.0003111025794821456,-51.59396920588361,0.057680365578366324,0.00448836448707184,4.1539484282593204e-05,75.694790883314,0.6897258301878799
1898702500.0,0.9697900620839608,0.0003486152980056439,-51.50522564959132,0.0385540120603814,0.004474592158352473,3.933978176273815e-05,75.8389667063583,0.538176133418919
1898705000.0,0.9724121525318651,0.0002116376281206156,-51.48879896852789,0.04668670499506493,0.004502813611110998,7.053957846322282e-05,76.15225737658625,0.7151607259512806
1898707500.0,0.9721756498812368,0.0003252746091012199,-51.670322660853216,0.0573956998600336,0.004497592186149457,5.862009528417643e-05,75.79826733716006,0.5563468858980193
1898710000.0,0.9730269534415846,0.0002517710908969116,-51.55967297974425,0.062386673302235636,0.004459386761407215,4.729417613471071e-05,76.14362318892495,0.5779025894038988
1898712500.0,0.9705462470071832,0.00035611090388457903,-51.59285825416908,0.05679072969314519,0.004452663349603433,3.732134156220161e-05,76.1199937797941,0.5117203445357841
1898715000.0,0.9735395827777392,0.0003131707630196762,-51.680632420330795,0.044372128196962235,0.004445107691548339,3.736618346897587e-05,76.02677511262354,0.5054759847089958
1898717500.0,0.9692506135892276,0.00030791557780182616,-51.67391497959325,0.027017363591335247,0.0044473934694271655,3.634777769468604e-05,75.65895159641511,0.39986702617778674
1898720000.0,0.9686399577704816,0.00030630158681585907,-51.60892608838824,0.04021766713896121,0.0044231572931313235,4.6165793741429066e-05,75.84805853915975,0.6661072658846787
1898722500.0,0.9715410785483226,0.0003215818937387113,-51.75748839260054,0.0619995820834305,0.00442241021408095,5.5236464426091664e-05,75.58732759286565,0.5421473794912586
1898725000.0,0.9718910686130698,0.00027605398833640334,-51.67478566690484,0.05548928752786248,0.004401159580900123,3.865363050411775e-05,75.7161221868408,0.5798777549030444
1898727500.0,0.9733714936268634,0.00045758962518137753,-51.80977438731257,0.05105914239035054,0.004400880825054182,7.164044645923824e-05,75.80557707698676,0.6721377332512014
1898730000.0,0.9715599322624229,0.00028830291679517015,-51.841859017464714,0.03711836834687094,0.004386730922671829,4.303249806391903e-05,75.92673355042771,0.5629790996802273
1898732500.0,0.9735420824789442,0.00028607073632352416,-51.89772697272068,0.04699478114311835,0.004382963222441243,4.6331253653266726e-05,75.81478506008033,0.5061908653992814
1898735000.0,0.9691208391758432,0.0002755593446547498,-51.85420862701593,0.04817304199428481,0.0043543494559059905,7.092624490178229e-05,75.61790815558054,0.6357557143544523
1898737500.0,0.9737686736793559,0.0002638302235454446,-51.91831738774433,0.050819848132372045,0.0043787144795470155,4.1404948805206276e-05,75.71572169091128,0.9276041846969167
1898740000.0,0.9725098930376272,0.000520135646404441,-51.946726142349995,0.052438310313807156,0.004345977900711429,4.6691533644459125e-05,75.86925360824404,0.5922391628770396
1898742500.0,0.9705151795167715,0.00024841531505999967,-52.08483500412584,0.04983820572737025,0.004351958804629249,2.179143646778812e-05,75.4175886384514,0.8075310526726419
1898745000.0,0.9725196577585814,0.00033103011967517494,-52.118396624799125,0.041871029697973856,0.004353079505903808,6.650572843071913e-05,75.60722977215327,0.48373864640357206
1898747500.0,0.9740043130697633,0.0004235673193182883,-51.976146623078776,0.056964287931193146,0.004331968335621851,4.5055934115445085e-05,75.57850868864453,0.5781577581584448
1898750000.0,0.975814341847775,0.00037538428763368833,-51.997749093807286,0.051180387269421694,0.004340437739039217,5.45949118494752e-05,75.32850629696583,0.5414847218791686
1898752500.0,0.9733083066533488,0.00047007633842525526,-52.18620920464589,0.05799945835630553,0.004326066290343536,2.295581637793283e-05,75.57812513666236,0.7264727825076367
1898755000.0,0.9714369602891963,0.0002659210005480361,-52.1204439114124,0.055011388688763645,0.004321318012609167,4.144976300844159e-05,75.44118696694173,0.5836375078836958
1898757500.0,0.9694224543821182,0.00046590035469196714,-52.13476015356325,0.04481478125702416,0.004270401750607338,3.791572477930772e-05,75.52306336205602,0.44440825241463977
1898760000.0,0.9734290017464422,0.0004941005515672643,-52.33779941876614,0.05970169757706262,0.004275788370080154,3.4821795453284293e-05,75.11505854958556,0.46097836661776437
1898762500.0,0.9731233176536198,0.0003705942188216963,-52.12839031161734,0.0432151698852698,0.004277143060344742,4.8014607403568446e-05,75.35889935936864,0.45523328563707927
1898765000.0,0.9753055953643781,0.00029661878324455104,-52.21368037066076,0.039641778369992574,0.004298462966642521,5.666077935125325e-05,75.3338354537907,0.7806913701201544
1898767500.0,0.97102576359905,0.00037483180167014726,-52.40472291196482,0.05507474802611381,0.004280120735235042,3.718284482803332e-05,75.6012711960913,0.6946363113496175
1898770000.0,0.9748806690714735,0.0004967319557925696,-52.37138943967074,0.04381120892703193,0.004304341644669844,4.479497488903644e-05,75.43826243835102,0.5581169746957453
1898772500.0,0.9718938996433417,0.00026586813363754493,-52.408311361221756,0.05766194041759681,0.004252544330532126,3.502897100836237e-05,75.33985091233244,0.5487601754929229
1898775000.0,0.9735028486026209,0.0004307168163676248,-52.41502817041544,0.038711405442616746,0.004253787902455933,3.9175775346278246e-05,74.96877893554877,0.49278250460370826
1898777500.0,0.9733596246801813,0.00033642062973121453,-52.28441277005634,0.04707822831495512,0.00424904230222187,3.3569315369320194e-05,75.52534787881872,0.6470305647356662
1898780000.0,0.9729337904385449,0.000460805595091572,-52.358726047889284,0.04590707464909341,0.004212077593386941,3.3408497426594424e-05,75.47504819129287,0.5827735658095697
1898782500.0,0.9732996487000519,0.00032877714624274246,-52.399755857427664,0.06014798085276204,0.004221549596784641,2.979010722173956e-05,75.16635230527979,0.671921797550416
1898785000.0,0.9740039137846501,0.0003833890773097986,-52.4782201748225,0.04841327947534225,0.004261553789465712,6.147827355975561e-05,75.14503373807509,0.6723427223965517
1898787500.0,0.9739564635720379,0.00038371019183792537,-52.165336608422955,0.04167048390826468,0.004238933536559833,2.640161939777377e-05,75.30152475063447,0.560246291297577
1898790000.0,0.9762010557823009,0.00043413197218542,-52.6119531349042,0.050937734127199374,0.004202425914989019,4.4148353387648264e-05,74.97594998411647,0.6627436411750502
1898792500.0,0.9746961820274185,0.0003914860518031614,-52.61133071320416,0.051027272632340824,0.004217702805410642,6.651405096507405e-05,75.48900934263828,0.6497771643310166
1898795000.0,0.9745190779252015,0.0004847059442988292,-52.67723742494237,0.05722316153200308,0.004200776331366356,4.66479752419455e-05,75.12803982565045,0.5662509522188771
1898797500.0,0.975781578747195,0.0003901700894253895,-52.705673071171006,0.04796756605478304,0.004164460233270155,4.714385571161742e-05,74.959896511882,0.5330387395008923
1898800000.0,0.9729421881669202,0.00041407623134451227,-52.772849291958885,0.05709244372399523,0.004202194138632467,5.4154724185894456e-05,74.96456230242474,0.46856096068639147
1898802500.0,0.9755315016963492,0.0004803863650499287,-52.81857424739418,0.04437867397406658,0.004168659527009629,5.805325570225543e-05,74.99701996631057,0.7321665742492717
1898805000.0,0.9761193427692906,0.0005212601119078843,-52.86143533974206,0.051808328193146395,0.004142062457940521,3.9368705896153155e-05,74.69024456479063,0.6186389172537348
1898807500.0,0.9737164775064635,0.0002973426100766943,-52.78947785619296,0.059054948672267446,0.004148580532193367,5.7347849916686e-05,74.93255896140887,0.3798805749616701
1898810000.0,0.9758604927223026,0.00038463709132161787,-52.82615316746941,0.054147342637017815,0.004132939359488344,4.526274898519883e-05,74.94791603791461,0.7621522184865845
1898812500.0,0.9739673711739705,0.0004441314433796648,-52.62637591730211,0.05683915262136271,0.004159513519465369,5.247187093115751e-05,75.28572305009487,0.5924903442172119
1898815000.0,0.9741259956501503,0.0003778255294022465,-52.8147767684822,0.05504098631344832,0.004155874985478182,3.235996831388149e-05,75.01722535048478,0.8401949920207838
1898817500.0,0.9751009818953849,0.00048276149372283297,-52.92525135786972,0.04641044923650662,0.004149967267131445,4.549189914314172e-05,74.79687683784266,0.4551437937826179
1898820000.0,0.974649413482954,0.0004647239045094585,-52.843205351751905,0.05240760898766086,0.004125523345737892,4.2824405478079093e-05,74.75539696909327,0.4973218864593628
1898822500.0,0.9765354032388605,0.0002989980228197803,-53.0614222277425,0.043359775504418704,0.004130319818151251,4.297507276043906e-05,74.65501533696782,0.7862058014427953
1898825000.0,0.9764545579337022,0.00026367670264822597,-52.92109188696442,0.043603271425323914,0.004139255845668846,5.595919727187603e-05,74.63734590169533,0.5708733845180706
1898827500.0,0.9753864887154764,0.0003584386894038002,-52.96373866557024,0.049760690875550156,0.00410006230968959,2.9998860346766827e-05,75.02737582560279,0.622985260791459
1898830000.0,0.9757163474946134,0.0003222405027152977,-52.92577668275808,0.04957713033031232,0.004092543657698712,4.968311475470072e-05,75.02328952804847,0.6001117945415856
1898832500.0,0.9758143493940261,0.00041303590113423897,-52.89307750253057,0.04268115525943332,0.004091494186459573,6.223230329025497e-05,74.7567857820714,0.5998691698102278
1898835000.0,0.975526790902361,0.0002987598826577869,-53.09232758001408,0.051555259346753146,0.004106104216293762,4.223925813714222e-05,74.74483769689354,0.42981657445076027
1898837500.0,0.9754444805232737,0.0005002704325285219,-53.23799426209757,0.04751766729997725,0.0040516601052313864,2.1473650400531578e-05,74.30045219137956,0.744211358202188
1898840000.0,0.9762829617362537,0.00020399908281551194,-53.177906832780515,0.03847289557332681,0.004075466344783308,4.421762821022527e-05,75.11238453464216,0.7014349482341451
1898842500.0,0.9760121024269984,0.0003484449876976705,-53.18415632825018,0.056396653336611355,0.004064913178386611,3.8832603159603145e-05,74.67218011044308,0.7377025169031894
1898845000.0,0.9777258181236096,0.00042742907905485896,-53.05437650435577,0.04455352879328666,0.004056829349181231,2.4668954283190664e-05,74.45681521975484,0.6590070106423673
1898847500.0,0.9742907863686529,0.00048507060891370975,-53.21049170551067,0.04968971682800522,0.004024803822676323,4.2653964879047815e-05,74.6765453242062,0.9829034511160126
1898850000.0,0.9750709489301298,0.000416289518182601,-53.29162420003459,0.04894449191392894,0.004046338756118245,3.935702392051554e-05,74.80911941990487,0.6259085260898137
1898852500.0,0.9783389795488387,0.000333926756322018,-53.45358284853627,0.040921295310548986,0.004028814640943787,3.650775433575993e-05,74.50542297078366,0.6728517915924992
1898855000.0,0.9747684089786325,0.0003593051454485887,-53.33161107304529,0.048246151431716,0.004025000764731163,5.423885652451103e-05,74.413002306205,0.8127836531763551
1898857500.0,0.9764732099282232,0.0005942381106359335,-53.39969801963589,0.04955980387373414,0.004014522244585158,4.202994009256285e-05,74.56840171780388,0.5844511406155966
1898860000.0,0.9750480828911122,0.0003091087416025409,-53.40970448974158,0.04914975528784123,0.003992285514470982,3.5860841074838674e-05,74.41800181468261,0.5514778717345409
1898862500.0,0.9783667349419123,0.0003502783878037576,-53.406874608841086,0.031910683349712095,0.004006494000745822,5.380034196917287e-05,74.71833170141443,0.5713578094127748
1898865000.0,0.9753620539148032,0.00026287548539051726,-53.467706245323775,0.040512225216162795,0.004009602356586693,3.4167012966357046e-05,74.29661133654209,0.6344362887561139
1898867500.0,0.9771615483798309,0.0005216870849881787,-53.347478582763245,0.038375584391999486,0.00399217252808207,4.2272127254830545e-05,74.41406416868088,0.5722746702211456
1898870000.0,0.9760645236941536,0.00035157871089295243,-53.554696582426395,0.03600478163126575,0.003976900787655097,3.438705015149223e-05,74.81174051514407,0.6622445635689276
1898872500.0,0.9785837950785756,0.00040517460697727054,-53.40392545485833,0.04897233379542628,0.003979996844931383,4.345609810299793e-05,74.46999502600167,0.6107724100232168
1898875000.0,0.9767370389840004,0.0003741886660973298,-53.43554307014582,0.04718999875908101,0.003996734547267743,4.1030947777638136e-05,74.70678896343169,0.7395288753340137
1898877500.0,0.9770962814330376,0.00031884182782496027,-53.616172597989795,0.03832902316370605,0.0039701066728407754,2.9502853033210474e-05,74.40372751332693,0.6528431521877477
1898880000.0,0.9767132194119941,0.000462190546559028,-53.70000264583134,0.03903882472824591,0.003946302691666998,4.365681062453769e-05,74.51713837019977,0.6907335246246227
1898882500.0,0.9776524673941631,0.0004237901231818278,-53.57994300085655,0.04226034200164438,0.003986293208835707,4.3157194555712836e-05,74.4697172176473,0.7891078119909728
1898885000.0,0.9781466987168947,0.0004979449006513012,-53.69851681551564,0.024817744368752562,0.003961606158203839,4.694837430890894e-05,74.25725848693457,0.6150921353293223
1898887500.0,0.9770517761980457,0.0002667001045554812,-53.61239492081644,0.044284589884973954,0.00392476174842896,2.5714039891596823e-05,74.50056458109039,0.6640482904802683
1898890000.0,0.9763947036221596,0.00034524449680517467,-53.63527301598196,0.0463191220391617,0.003925106741986656,2.6775525006637103e-05,74.0897105653907,0.9878327808561548
1898892500.0,0.9805125738243079,0.00044328677397693407,-53.618532375502795,0.038631120957757344,0.003932576433576109,4.1582754196232176e-05,74.19319136570809,0.8538620135282663
1898895000.0,0.9765326322466831,0.0004702606326164735,-53.71346280576324,0.03259310912443973,0.003923320785749906,4.756335429060473e-05,74.28482227774896,0.7085521993891037
1898897500.0,0.9806529611037921,0.00035954653586319315,-53.64605840564682,0.045613583341486824,0.0039172690603623125,4.642954741029146e-05,74.34737145256554,0.8582048815944181
1898900000.0,0.9796156135661886,0.00026031422177977693,-53.627695190664745,0.04666162840670691,0.0039259931162989,5.682908286714652e-05,74.8314215486866,0.7883157569627679
1898902500.0,0.9781085536603417,0.00044899865152541786,-53.756389373527796,0.030587919296594015,0.0039291532035331134,4.095661569085098e-05,73.9502777782549,0.38711477715302667
1898905000.0,0.9784298603737612,0.00027717431440177397,-53.69723319194016,0.03878600901687255,0.003917239500125281,4.408279700803694e-05,74.20235822805844,0.7162089881868624
1898907500.0,0.9772463507629603,0.0003244954142130082,-53.91188151963994,0.0457039004766531,0.003874434192524246,5.015096611737318e-05,74.11303510869865,0.5236587324288142
1898910000.0,0.9772802001238527,0.000275215349588332,-53.87320421147064,0.03884302447820942,0.003884000884109448,6.335786703017027e-05,73.66995441654608,0.9348067178688666
1898912500.0,0.9809754359483555,0.0004626705893236717,-53.883913800910754,0.032974947666977325,0.0038612261059002436,3.833621990992516e-05,74.12832549682291,0.6716729271842395
1898915000.0,0.9781330948161755,0.00028751400278811235,-53.95062976757785,0.043383008427830105,0.003883250221882858,5.1499633932200424e-05,74.34906768182722,0.861321692610353
1898917500.0,0.9776980855197432,0.00027804319697158375,-53.86230739145362,0.04314293309685965,0.0038520331488652152,5.686459240984585e-05,73.66852630053631,0.8520593393235607
1898920000.0,0.9786658798828444,0.000322679068306044,-54.010991170234256,0.04007709679963728,0.003881563810493007,6.21828494320488e-05,74.31645070421688,0.6160815218147228
1898922500.0,0.9785313247497275,0.0003598553454213356,-53.927181372549995,0.0457086663013138,0.0038302489672626034,4.957048249109484e-05,74.18543416684048,0.4875418385308952
1898925000.0,0.9768217786769574,0.0005607913541126439,-53.96077301197362,0.029041871188649062,0.0038481991557158196,3.2236554579360293e-05,74.1713899605119,0.6555187534275435
1898927500.0,0.9810281668525923,0.0003330905593161591,-53.859440616645244,0.03969242605058687,0.0038226526771543636,2.49075876215498e-05,74.261072939762,0.7014823857390563
1898930000.0,0.9773392243015749,0.00026183966872054117,-54.12221688649563,0.028569784334174446,0.003822370204026822,5.694370475659367e-05,73.71757426001304,0.6509283724989259
1898932500.0,0.9767101369872058,0.0003146526040940972,-54.04073567296085,0.03829574682024181,0.003815176760341314,4.281265192144829e-05,73.99643796095745,0.682088231744831
1898935000.0,0.979019218843654,0.00024164148857494253,-54.04127936631732,0.045728176526559,0.003815228519021924,5.277925394792868e-05,74.4268731942834,0.5877852472977907
1898937500.0,0.9793340084082361,0.0003152920361266131,-54.0217872242815,0.0406306121997878,0.0038156510014907075,5.353381509413785e-05,74.0285914805081,0.7990320737075983
1898940000.0,0.9774104109280858,0.0002864696928289851,-54.01719123113001,0.051657416035759345,0.003817324124864501,4.8133177848449605e-05,74.34092523914524,0.5191562877348486
1898942500.0,0.9800164559720627,0.00028087077760430306,-54.22810574849237,0.04311044251177028,0.0037941467858945486,4.7512055919649846e-05,73.95897149292225,0.9581351685032413
1898945000.0,0.9789552633972752,0.0004948472495674172,-54.22670982513053,0.04833711649254723,0.0038244133531832774,5.20948825075753e-05,73.97745212916757,0.510161088753323
1898947500.0,0.9809026825925848,0.00021280828991807104,-54.42965351276804,0.0402509641431488,0.0038071321188828194,3.799322688437143e-05,73.66769868082112,0.4605461108015519
1898950000.0,0.9787289631720885,0.0004984732027113322,-54.16404719051102,0.0427410277368998,0.0038359622709935285,1.8212956482357738e-05,73.53707658616138,1.0419299691686703
1898952500.0,0.9838517226534927,0.0005421057859244019,-54.364787967922986,0.026950795268447826,0.0038261880542450923,5.083781819381611e-05,73.4683950645947,0.902286997226719
1898955000.0,0.9813619539422835,0.0004283690824034314,-54.31738160788865,0.03092229985673866,0.0037867828728876006,5.946395926596118e-05,73.53212968087335,0.5252522930863586
1898957500.0,0.9810844575807796,0.00047053506172514887,-54.423904926483,0.037127339463414503,0.0038098989760258543,3.212005294745515e-05,73.25268859631002,0.6620875845119095
1898960000.0,0.97977983697472,0.0003116576187868218,-54.39122775475157,0.04814059349226965,0.003755293915398474,5.89367671952418e-05,73.4732919569757,0.4617507538182076
1898962500.0,0.9827902453819328,0.0003131898771599902,-54.41254984500375,0.03597523110610795,0.00377959927156006,3.2925133576481474e-05,73.76219175429611,0.6566536611725354
1898965000.0,0.9816567724265456,0.000584431656412463,-54.31282964236078,0.03579636186150711,0.0037618103662741265,3.151776775302301e-05,73.86339436841381,0.5427645232768417
1898967500.0,0.9783019706626521,0.00028512013036392433,-54.459346414663926,0.03727712100574425,0.0037191086593105663,4.5335187193345676e-05,73.59377410768037,0.6823386817900754
1898970000.0,0.9804395991417285,0.0004896035077433979,-54.17230027735833,0.0314653198744345,0.003764571732220238,5.096221209666892e-05,73.90926530449454,0.9529223243477523
1898972500.0,0.9843428956774959,0.00038810524466335004,-54.47187431482731,0.03885180386741769,0.003740185723112884,4.1010390294710066e-05,73.31476886625241,0.915877077168041
1898975000.0,0.9824872352687393,0.0003511860492717062,-54.59677057289387,0.03894684013319388,0.003729491881518455,6.789771757113217e-05,73.79744219171381,0.6236242741807705
1898977500.0,0.9804553039634437,0.00036454776871231917,-54.55786788114756,0.03353901198396377,0.0037508910500013773,4.082060964978606e-05,73.55055735246404,0.9217861618521113
1898980000.0,0.9775723807304341,0.00028999250511461597,-54.42429210143008,0.038737710373789855,0.0037379369698447946,5.248390956616045e-05,73.91357441801645,1.1897344572407804
1898982500.0,0.9784549762711633,0.00048105601522022563,-54.48136985634785,0.03561750498888212,0.003718787925869476,5.002485740142979e-05,73.84178822105928,0.7542772817482983
1898985000.0,0.9796841337775788,0.00028872791348177055,-54.55271856015644,0.02939398895101164,0.0037069819388379412,4.836561358022134e-05,73.39729907902326,0.6025812945682381
1898987500.0,0.9826589376827091,0.000326932476882389,-54.70969964574692,0.04072520451242289,0.0037025909995333115,4.029539881696326e-05,73.7427812761711,0.7920803991319124
1898990000.0,0.9804107649755603,0.0004892815824652634,-54.61593335079755,0.036833397972559884,0.003699852920086115,5.954881641828013e-05,73.17549895708953,0.8866858058379344
1898992500.0,0.9823002556077581,0.0003621896794402269,-54.703983528844965,0.037786334939866745,0.003725053811066779,2.8257960267218952e-05,73.58111290529173,0.5068863156858349
1898995000.0,0.9778805846052356,0.000456277358327871,-54.70130263186523,0.03024447978434071,0.0036933924764598627,6.860567048881503e-05,73.49727131181909,0.44518783734271516
1898997500.0,0.9812405552527466,0.00036075915548880444,-54.734226212348204,0.039368265576415346,0.003694328477981119,6.129090375120738e-05,73.52544149733508,0.6011505417342469
1899000000.0,0.9822415889041547,0.0003335412476176694,-54.75548044743552,0.03953272891975637,0.0036783544106245144,2.663809166779527e-05,73.48477122105291,1.00664621842982
1899002500.0,0.9814666147451181,0.0003343629558426826,-54.804649032535025,0.043607733527034766,0.0036666154301011862,3.479074326200882e-05,73.19599114224842,0.7137120598829345
1899005000.0,0.9789977543310406,0.0003905920221031462,-54.78177521545991,0.03340239119150169,0.0036684721005198935,3.5021186040655783e-05,73.65396074294142,0.7650635077609308
1899007500.0,0.9794028992066018,0.0002932640385454273,-54.73193252927702,0.03557486705614141,0.0036305584981055337,6.094519005081797e-05,73.97663270934777,0.8872375271683336
1899010000.0,0.981002512155063,0.0003663070650399191,-54.856858636268825,0.04515100095698878,0.0036598080007645816,4.612390425444686e-05,73.30350936505481,0.6916074266934109
1899012500.0,0.9815601656259021,0.0003586961116521239,-54.730423051304996,0.04336133794918605,0.003664846917770105,4.7304649963460684e-05,73.42083631481349,0.6125929522903991
1899015000.0,0.982702242389078,0.00039675512818451036,-54.86066891883142,0.03458105955704647,0.00365509106329832,4.9012156440577626e-05,73.19252887919534,0.7842058528966007
1899017500.0,0.980218745883166,0.00040165822794948583,-54.85003764723165,0.031584991392333346,0.003633817961652981,5.2050632219509964e-05,73.68137307625796,0.5630013722753185
1899020000.0,0.9798989658065198,0.0004664960461655352,-54.94029999043251,0.04946857640331611,0.003642061415648862,3.881990269919413e-05,73.87432521553936,0.6348318275167458
1899022500.0,0.9831037612838247,0.0004928945470312382,-54.98006472245242,0.03199655825677344,0.0036083858515881927,4.6917550517869835e-05,73.10144954483336,0.5777350215360152
1899025000.0,0.9802387841785589,0.0003137277449136492,-54.83594129330975,0.038159455952844444,0.003613237331012643,3.085824427019925e-05,73.19764790811142,0.7349749992144164
1899027500.0,0.9819759404924607,0.00037343884859479906,-55.08698102921462,0.04883809512646137,0.003633960366641223,4.000109358346519e-05,73.13747987983943,0.6124137185351951
1899030000.0,0.9823372593593283,0.000341202416839963,-55.03584740355196,0.03255404962818479,0.0035746957237361345,4.083378200621559e-05,73.2906030571943,1.0872301425021198
1899032500.0,0.9797386393579276,0.0004438914706922116,-54.91035713592014,0.042306267072245954,0.0035818293474668807,6.277566779855229e-05,73.64212712656487,0.5425462806642459
1899035000.0,0.9828159320439186,0.00035891272402067655,-55.06709418338708,0.032091490419630046,0.003618688590489294,4.3997118591110475e-05,73.28450620660394,0.9749274306096841
1899037500.0,0.9808280218697577,0.0004928760587693028,-54.90525985768089,0.03802301310433769,0.0035922197618866968,3.404496016839845e-05,73.24640768212642,0.513356157145536
1899040000.0,0.9812562989563615,0.00036051968027671794,-54.89578404797791,0.03333767582540966,0.0036171359775857763,2.158814329776515e-05,73.48102675155182,0.605127921591406
1899042500.0,0.9825517215944785,0.0002575279565115347,-55.06264799370536,0.03333434193360191,0.003557059224640147,4.201852090374695e-05,73.16768282085275,0.6857318212326453
1899045000.0,0.9815925034739224,0.00024340669678728168,-55.066867201959,0.04291316674689844,0.003571893574210932,5.013157555158517e-05,73.18228397083931,0.7803946120916976
1899047500.0,0.9861452945690816,0.00022908833161616033,-55.02213319567892,0.035300583387217706,0.0035780146024206264,4.3237044070720475e-05,73.14004786773829,0.35342324014949933
1899050000.0,0.9835229503260884,0.0003063051238838918,-54.99242022966628,0.029473231044455362,0.0035695491762872634,5.093844171392969e-05,73.44716733939947,0.7585929503630564
1899052500.0,0.9828615809389694,0.00040379719325638546,-55.09400687118375,0.03555707627948962,0.0035925920373825046,4.1894762265264997e-05,73.19312161734732,0.6214093552156451
1899055000.0,0.9822053992999425,0.00040015740580839096,-55.10620653453728,0.02916647634872,0.0035539787637546673,4.8170977117815785e-05,73.46101696034644,0.8095494309589575
1899057500.0,0.9822733011105234,0.0004265557184547207,-55.023860944728185,0.05323735756246368,0.0035609710517912076,4.025105822489163e-05,73.22199228680233,0.5822135503110721
1899060000.0,0.9794064687336808,0.00018960587558548188,-55.18213670711918,0.036117142930976974,0.003538656440535672,4.40987745883283e-05,73.01391239017374,0.5537929279700629
1899062500.0,0.9832192087502702,0.0004907507725265203,-55.28083739252106,0.05057684592977427,0.003530880212713544,2.8627078265147488e-05,72.61653161492649,0.4683736394606054
1899065000.0,0.9834120828318191,0.00039355636396799597,-55.27027011722161,0.035355986786633466,0.0035627115768624724,5.117708016931276e-05,72.82890432922447,0.7134567912617958
1899067500.0,0.9816353662696079,0.0005436438470198497,-55.20617019069387,0.03971262224322261,0.0035186799429943083,4.896743748861027e-05,72.78208005144742,0.7638661945501278
1899070000.0,0.9833055791022101,0.0003955837425424031,-55.254684579044245,0.05237059916424377,0.003514495590369067,6.311619991147654e-05,72.86522852621465,0.4975713452179331
1899072500.0,0.9820383211351851,0.00037773808315055395,-55.337790116146905,0.0387210709995473,0.0035141383257737127,3.781773034292262e-05,72.9838793251603,0.7890490017048638
1899075000.0,0.9839488690866113,0.00038506107025869536,-55.4387467195986,0.04559949764874252,0.003540116929627015,5.342337375246472e-05,73.1528447927156,0.4277605684824738
1899077500.0,0.9862480323053346,0.00035379778434320306,-55.36578177801717,0.044684036771548544,0.003527405800502037,4.084598716428957e-05,72.63464530660964,0.8759607216867074
1899080000.0,0.983928453620807,0.00027967771359328986,-55.378592760136854,0.04299782812217902,0.0035021409628701802,5.194694635678607e-05,72.74140084495272,0.6628702058850474
1899082500.0,0.981685244862197,0.00041606683240106847,-55.36220626063893,0.043683461765014225,0.0034935259937712115,4.433666791438031e-05,73.23938468892761,0.9107903162390828
1899085000.0,0.9859667530824172,0.00038763446072400775,-55.42235679324773,0.049420447706979606,0.0035055557616087128,4.263958768959403e-05,72.57515146807191,0.9713354688533017
1899087500.0,0.9825014687776922,0.0004263557116180808,-55.584661765140254,0.05050471836103499,0.0034870130488311043,4.9654017922282754e-05,72.83203253065138,0.6562123468667364
1899090000.0,0.9839857410754804,0.0005702034124644508,-55.39063399691127,0.04864497427477141,0.0034799022081909796,4.930324293244627e-05,73.47368315438266,0.7914883109225032
1899092500.0,0.9807553652272871,0.00046340919046930333,-55.57086255082081,0.05727221367325747,0.003474674621417742,4.334677075924537e-05,73.18894688553665,0.6944983244158411
1899095000.0,0.982201306742856,0.0002889873552255352,-55.48843157833276,0.03744007275130039,0.003459729281063657,2.8375517169198168e-05,73.09781889351012,0.7201394714044386
1899097500.0,0.9843528362647401,0.00014896628778589383,-55.572536661007575,0.048728606193921796,0.0034603867046793186,3.001762808567396e-05,73.07322985813416,0.8060363163284028
1899100000.0,0.9826676465026272,0.0003116856697275573,-55.73110055026367,0.04405332354970428,0.0034242586139551405,4.615386397553376e-05,72.6120610365147,0.9421379772520925
1899102500.0,0.9823663074914476,0.0004222635155915868,-55.45479112197749,0.03866848345991195,0.0034265280116850356,5.731525085128982e-05,72.86649701233824,0.46498447308877344
1899105000.0,0.9843422828170291,0.00036093248950062466,-55.509341999498425,0.046502153458832206,0.003485132285929071,5.112596928479367e-05,73.34639584339567,0.5841099460546381
1899107500.0,0.980422568317766,0.0004113023877381032,-55.63402214218161,0.039116082113836166,0.0034395232248293954,4.4722205868529665e-05,73.15511601908351,0.8226247711813071
1899110000.0,0.9843729017686332,0.00032697414968417,-55.59719382743255,0.04198869191611377,0.0034583792770200403,4.044620965535579e-05,72.62548422902817,0.7950024451021611
1899112500.0,0.9813092504374187,0.0004811932553026703,-55.85007969800372,0.046311690714562134,0.0034105001581695047,5.6975922458978746e-05,72.54970348564196,0.6340339892645854
1899115000.0,0.984185144497934,0.0003471453645555846,-55.649940554625275,0.043215448235105626,0.0034276660356825704,5.642311202652175e-05,73.00107258173016,0.8149395883707072
1899117500.0,0.9856309296745907,0.0003357658119684115,-55.62206666387072,0.04876074448201798,0.0034467313633025553,6.5898921290087e-05,73.0314490662719,0.7132185129798903
1899120000.0,0.9829586055483213,0.00048295830387140034,-55.78272923353544,0.048980416163126685,0.0034246836425043206,5.34056222809277e-05,73.09177536759563,0.7136995464827937
1899122500.0,0.9844306773689347,0.0003419537396666064,-55.78294793588677,0.04027945480011289,0.0034271860453172743,3.449461849059652e-05,72.21347802538104,0.9749445399483344
1899125000.0,0.9868720623288555,0.00022594757130127107,-55.78089852028425,0.05680471585483358,0.0034294195621537666,5.0493439933305774e-05,72.52899194269568,0.44921799069830226
1899127500.0,0.9844745762434697,0.0004822453249961583,-55.70291159011162,0.03498964825034574,0.0034365686299384283,3.9576040576964655e-05,72.64545282901894,0.3735179411745767
1899130000.0,0.9846996970182171,0.0004017863725877924,-55.85955774521709,0.042478349444647664,0.003380572783714863,4.02226166363886e-05,72.38054786489752,0.4245947882429696
1899132500.0,0.9838797791669553,0.00039505756714748,-55.779729862395946,0.04159364519873101,0.0033785027547710306,4.2021235438606134e-05,72.59476111218247,0.7241706055844722
1899135000.0,0.9837126256398174,0.00025175410890405117,-55.87338828807886,0.04559354996399703,0.003408241182885938,4.3380919550092824e-05,72.6096398973795,0.5473530570060708
1899137500.0,0.9807967807576355,0.00035348964724662025,-55.92854906444893,0.04379894914602969,0.0033743188188934342,4.7559579612982335e-05,72.59736507859313,0.4354084822065751
1899140000.0,0.984163531217792,0.000237173611414791,-55.84015023508382,0.04633120593753054,0.0033583116992205106,5.184757217124229e-05,72.85310696346095,0.6699088669655385
1899142500.0,0.9828559431040897,0.0003232937924504218,-55.87157079885904,0.03359177634458752,0.0033644943353814544,5.5063506541102206e-05,72.82385222163606,1.1136321904140454
1899145000.0,0.982461772405233,0.0004368082565467025,-55.93969499079627,0.04240343793500737,0.003362019742644275,4.757797944219663e-05,72.54412783162644,0.6060181256228231
1899147500.0,0.9846694499379604,0.00022047896038748612,-55.973121092563545,0.057207934222193016,0.0033895565285363407,3.2094519434062645e-05,72.73879127026777,0.7105812306833209
1899150000.0,0.9828647111145403,0.0003085503691195491,-55.79336354341451,0.0393804568832513,0.0033760652892073258,4.133427749663751e-05,72.63713625225664,0.9278610374953221
1899152500.0,0.9867305394627319,0.0005120030484056303,-55.93770800500775,0.040150471143103536,0.0033640473675964583,1.7394078771291488e-05,72.65040042226637,0.650229857893963
1899155000.0,0.9828027618591775,0.0004295783851577638,-56.05426809745701,0.04450890558966593,0.0033820489284262056,4.3746518143494396e-05,72.75663102436576,0.6035547454787648
1899157500.0,0.9845381740492914,0.000331971412333538,-55.92851211941297,0.038135289050896116,0.0033636310919265763,4.899360705283684e-05,72.46056709196658,0.7957237411556958
1899160000.0,0.9828008670172261,0.000493689515795254,-56.04962117923671,0.0437369451677188,0.003335690415223397,5.033046671209991e-05,72.34725887687851,0.7312470662356576
1899162500.0,0.9846600140373747,0.0003033961395088905,-55.90553392816935,0.03426474087184899,0.0033384089731682454,5.294804069553948e-05,72.79486393121377,1.1004763510219333
1899165000.0,0.9835712573633192,0.0002229509185293463,-56.07213269810095,0.04591637703688584,0.00333640694721296,3.798698131015004e-05,72.62690134827147,0.7670116701055394
1899167500.0,0.9850972612726684,0.000362113121221559,-56.181842611444694,0.039689578384760865,0.003335736155209255,4.8909354377092804e-05,72.40361949651533,0.6589681088635473
1899170000.0,0.9861422514993841,0.0004498567015606455,-56.188229616972905,0.04735384074270539,0.003317638161172841,4.7398257237172585e-05,72.57583842598342,1.0634717471857702
1899172500.0,0.985908353136313,0.00037821060530238,-56.063594886842594,0.03864389957869124,0.0033060910225626394,5.001748395271263e-05,72.39003899349557,0.6991681199000429
1899175000.0,0.9863113489939654,0.00042254877864706926,-56.255196508820276,0.03927415539622588,0.0033229607896856756,2.873401729917296e-05,72.60711487290112,0.7676322070634156
1899177500.0,0.9833381373717434,0.0004295608743740825,-56.12330818657027,0.04101334601782589,0.0032877643581916173,3.05430302415347e-05,72.72100995621744,0.611526609329322
1899180000.0,0.9849275564207295,0.00042359769501378963,-56.20980541926454,0.04653850035666485,0.003323772758682703,4.1159594588359956e-05,72.12898152880248,0.8161622722028292
1899182500.0,0.9820832343132394,0.00037774632432016213,-56.15603681572097,0.02527750854829789,0.0032517420326007903,5.062743230735515e-05,72.62871073984667,0.7137929547766475
1899185000.0,0.9857109864827404,0.0003952649658019295,-56.137449227352796,0.03279129123373184,0.003301539053642424,5.162525397749483e-05,72.0232149584743,0.8124200855752719
1899187500.0,0.984653328911361,0.00027975068753507347,-56.05938840816117,0.03926226338706117,0.0032698250576726155,5.877646657995858e-05,72.68281115945501,1.1000351510252773
1899190000.0,0.9839124319396538,0.0004545718600622065,-56.130171267876946,0.050055411796643884,0.003283789048134928,3.337569777687944e-05,72.9078251553644,0.7371200448297259
1899192500.0,0.9847856286423307,0.0003145453619538824,-56.293961325883416,0.046848735982439854,0.00328008070371296,4.65887493439611e-05,72.90990015635215,0.8328274577202044
1899195000.0,0.98546010540872,0.00024290764468553618,-56.305338265832,0.04756281163465334,0.0032966392246048977,3.783421399088275e-05,72.07669927677004,0.6146549832067608
1899197500.0,0.9844528710255664,0.00030724280545369533,-56.436300768637416,0.03799035565243864,0.0032583233224498295,5.767873623914024e-05,72.44281224980494,0.708050382666419
1899200000.0,0.9871102695262846,0.00038895255186127936,-56.25736594924237,0.04237309447784062,0.0032852705262161686,4.483988247435622e-05,71.69121201527282,0.6317306920116196
1899202500.0,0.9824252301150566,0.0003633634763380972,-56.3044350566764,0.03417082958658152,0.003268618145309818,4.257521092305505e-05,71.7700539421687,0.581903042134054
1899205000.0,0.9827758256796745,0.0005526488372274762,-56.422619500256864,0.04167834895848308,0.0032693649608419592,2.4827352984097977e-05,72.29582884364058,0.7004397391677423
1899207500.0,0.9836900716994489,0.0003882038255569838,-56.3802969165285,0.03770853883623182,0.0032638834790724887,3.636345211019943e-05,72.05843202620733,0.8886769665245756
1899210000.0,0.9865126896094998,0.00028287755149390963,-56.40152436568884,0.0294765575984087,0.003255286538473015,5.5348358968126375e-05,72.31979008676721,0.9565093077082412
1899212500.0,0.9843043445720723,0.0004085180394532374,-56.2441253925954,0.02852170052345087,0.0032700393557086125,5.4300329139197564e-05,72.43584296835982,0.6376023693243941
1899215000.0,0.9871096627294358,0.00026203870647087385,-56.39821304453539,0.025715720299952227,0.0032391459134706924,3.965549816471953e-05,72.05125904829286,0.6385018266128784
1899217500.0,0.9862899340300815,0.00030524670283270876,-56.382516260827266,0.04590184392905794,0.003243754219287554,4.9417651919387754e-05,72.03724015470827,1.0694062969130242
1899220000.0,0.9879405143074088,0.0004301598115127181,-56.446790217736485,0.044918339372681484,0.0032291255816431115,4.9351840265294094e-05,72.51920575705384,0.8978167087732836
1899222500.0,0.9859270081329763,0.00022585145581261002,-56.61949585651575,0.044209897091697786,0.0032428698854609726,4.651388696279209e-05,72.1706274369592,1.0266234792052562
1899225000.0,0.9866189761116679,0.00043769784998571763,-56.5417593255589,0.03373073881477559,0.003201389652854391,4.182550198073213e-05,72.18586726954624,0.7158518991060852
1899227500.0,0.9830895060478322,0.0003027688376998371,-56.51562844395419,0.05149255135231398,0.0032045173933559243,6.689222501062929e-05,72.42659971877723,0.9352200665962286
1899230000.0,0.987526930145319,0.0003712329766101131,-56.524487821271386,0.03288068732149663,0.003213095159855667,4.853169682855124e-05,71.97018793310127,0.7838088724923185
1899232500.0,0.9856668483276132,0.0004353574384803005,-56.54883586592142,0.03315223149623425,0.003211308669276461,5.828397614949127e-05,71.88065130628236,0.8030310350283819
1899235000.0,0.9849693465020635,0.0003310835554782918,-56.60005072801155,0.04028997506348543,0.003223919696500049,4.127130644216279e-05,72.68027349565105,1.1480698932909215
1899237500.0,0.984004601354099,0.0003080314521054741,-56.56156959058594,0.03800112787044315,0.0031962406483828773,3.421350721028091e-05,71.64626265640094,0.8586555239011363
1899240000.0,0.9885013732541041,0.0003004336580275177,-56.53046268370804,0.04188990011158118,0.0031986775585314217,3.735521051903205e-05,72.55000711463643,0.7054028711755543
1899242500.0,0.9895253930719736,0.00034953005393062236,-56.78843698385741,0.031638799796863,0.003202019984885098,1.973389479107581e-05,71.86053598732859,0.6986438121715941
1899245000.0,0.9880713186006477,0.00032860023337530234,-56.516038161901044,0.05425025304468137,0.003209766522508285,6.12792051765004e-05,72.24624848035795,0.8399835398686122
1899247500.0,0.9858781373118084,0.00027103212070131644,-56.69065624590932,0.038156252000649406,0.003200271960810455,5.888957824542362e-05,72.31192783931452,0.9560457869448761
1899250000.0,0.9850338865603219,0.0002775437684123072,-56.68821885152425,0.04336376390097511,0.0031961520049265456,2.8438850357305412e-05,72.49015564945206,1.0775513242224863
1899252500.0,0.986120648121836,0.0003672825392582421,-56.72324276703663,0.042306005708593025,0.003198459272732546,6.497791597060953e-05,72.29539885460697,0.7812620274510701
1899255000.0,0.9855218513650753,0.00043124473866722613,-56.76787921351194,0.04374194229384373,0.0031658459544035736,3.0380670093941737e-05,71.8703219410962,1.1205502848776783
1899257500.0,0.9871408600251039,0.0005121702411067577,-56.70374126381202,0.054380986815586,0.003162409293693026,3.235604063448945e-05,71.66858152141887,1.0038570186132074
1899260000.0,0.98631044633186,0.00037728849346640417,-56.75801614296146,0.04164271154167913,0.0031798348954968866,3.3490841487166724e-05,72.03488412796568,1.3034032316023294
1899262500.0,0.9869666509364399,0.00038815677619818923,-56.72636338338981,0.04533401965570104,0.0031825896725428656,4.224898691383447e-05,71.92587504986622,0.9019889305193782
1899265000.0,0.9854785546020396,0.0003246632633259848,-56.80513664845181,0.040166946164690666,0.003146742308103431,4.357413235171764e-05,71.73831492583221,0.7315350256838039
1899267500.0,0.9892309500243129,0.0003578205318032421,-56.751342616517256,0.03965905210721835,0.0031652525333990037,4.6001246422427266e-05,71.34575315689602,0.8936689153183764
1899270000.0,0.9887919499621679,0.0004006209952379086,-56.90920957717709,0.03418977566302543,0.003180454389886606,4.612774331566318e-05,71.76314948402432,0.5722041760203628
1899272500.0,0.9887353017643614,0.00027928370845772425,-56.81502196028078,0.04127724142120186,0.0031638922595118254,3.805854303720404e-05,72.24065783911617,0.8830354817411444
1899275000.0,0.9857486331173297,0.0006158364641077695,-56.64971775451729,0.04090542074090202,0.0031348071348089486,5.626317819052661e-05,71.81696497865381,0.5903806622059521
1899277500.0,0.984848213482894,0.0004622158715464195,-56.94713366742925,0.029445465814110915,0.00311471366489558,3.5356558326951056e-05,72.02387273237224,0.70052539662435
1899280000.0,0.9865562109326201,0.00040007383693217995,-56.93587361312943,0.04384451119960378,0.0031461862621089045,5.306496440703154e-05,72.13871867418234,0.7456393931717487
1899282500.0,0.986441652869896,0.0005107491465190223,-57.040104535103566,0.0494750461654205,0.003133049179664378,4.448051190341148e-05,71.8549702683199,0.6720855288513055
1899285000.0,0.9856453132114181,0.0002849343875291028,-57.004954794141156,0.03917239319581279,0.003109859870593204,5.3109268934779505e-05,71.53768138164439,1.0048393632170916
1899287500.0,0.9856333054312372,0.0005117076553489649,-56.941771049141366,0.038708710309172126,0.003092634379286624,4.225783245809535e-05,71.94228970498786,0.5452450271114421
1899290000.0,0.9870061786392603,0.00027873926854408607,-56.87808792857059,0.03332618516179433,0.0031157695464521535,4.935103612530726e-05,71.89040975938262,0.8943933855637616
1899292500.0,0.9861556563933014,0.0003392365943939437,-56.895712872932016,0.05744856621789492,0.003111833302161694,6.660994911720384e-05,72.10758201357382,0.9304058806963086
1899295000.0,0.9845963894269998,0.00029276403905378813,-57.03907094782365,0.04124045396442468,0.0030910545008204734,5.7206227479380026e-05,71.90648586919164,0.5974859914242246
1899297500.0,0.9881329852860309,0.00034452170866064116,-57.04412712907335,0.037126849470584644,0.0031231652590497437,4.475911058391063e-05,71.62003511822002,0.7141419065287188
1899300000.0,0.98616072023345,0.0003342638025235396,-56.984460216519516,0.033604165043245295,0.003127969967078297,5.855282209813843e-05,71.51390841004843,0.7834469853332677
1899302500.0,0.9864388483411215,0.0003813494857182215,-57.028341517390245,0.03670290574120156,0.0030828895958784565,5.109188282142618e-05,71.91230847724917,0.874853075141776
1899305000.0,0.9863187185624516,0.00040146882425445184,-56.91480339361658,0.037853936234975634,0.003109105235217696,4.0130009914821355e-05,71.62811810769193,0.952910652968188
1899307500.0,0.9870462495336637,0.00039191434682005904,-57.03977150315552,0.04825744720947602,0.003110416791838445,5.11429628593921e-05,71.44231869442261,0.9482441359866677
1899310000.0,0.9867007425693299,0.0002725717323097397,-56.930307038414995,0.03589882592309754,0.0031022739772133146,4.233160117903801e-05,71.87098520970076,0.47063550590522973
1899312500.0,0.9859606423300321,0.00028670611789460436,-57.07114125238617,0.04083186343320025,0.0030687177850925096,4.4827467303424393e-05,71.74468018632119,1.1519658895132925
1899315000.0,0.9855060551945642,0.00038214544224541387,-57.205789525463864,0.03290813262986662,0.0030545889618797495,5.906478656282507e-05,71.35956454436098,0.5435834671067271
1899317500.0,0.9880822821596873,0.00046305281407343777,-57.07301595006454,0.022553132471582363,0.003069555758467278,4.7168121267625356e-05,71.54610068524968,0.8703104539794746
1899320000.0,0.9870674166450223,0.0003306186960063635,-56.96456904624402,0.027766174166063244,0.0030389444743225942,5.538620868521912e-05,71.70541036478278,0.7283715933120297
1899322500.0,0.9887092011313461,0.00043765024206465195,-57.1731049850459,0.029294719913040154,0.003057961146689582,4.062847115604549e-05,71.9844283845125,1.0228013582901991
1899325000.0,0.9849610622205293,0.0003171341134846885,-57.13592308738454,0.03981680752197542,0.003053516231442414,3.350054175918417e-05,71.59367746329569,1.2607214169423548
1899327500.0,0.9877678074351802,0.00041049773299337055,-57.24732600085872,0.03142557907229109,0.0030622589908353135,4.859751959345677e-05,70.92794189547632,0.5536706148543443
1899330000.0,0.9852711914815753,0.0003085030306413503,-57.142914943973025,0.036931263322388705,0.0030566281465248127,4.325537668546386e-05,71.64382551422598,0.8105305684635212
1899332500.0,0.9880486329210296,0.00038081869660680674,-57.208241237985675,0.03276858637831071,0.0030517541405331427,4.525585512257773e-05,71.78157085426577,0.5802107988622207
1899335000.0,0.9874731920497082,0.0003538363052844009,-57.30858609041361,0.044822866103123596,0.003003687511266888,4.085104163390616e-05,71.2922221506565,0.9278012137965996
1899337500.0,0.9881830160220305,0.0006125802394242032,-57.20677285276883,0.047114240717873915,0.0030497798155779887,5.801293739213788e-05,71.71106525886532,0.773531269275776
1899340000.0,0.9881239143891489,0.0004656478455533314,-57.28315741735652,0.03838328002668476,0.0030510576843881896,4.464018133047728e-05,71.32733577304577,0.8335217583928886
1899342500.0,0.9870873731549736,0.00029896453910929375,-57.27429572245844,0.04072279530735415,0.00304389950339181,5.759429662987518e-05,71.42187645998737,0.8241417409934747
1899345000.0,0.9886107621884714,0.00028456275453117206,-57.18696160520226,0.03020109784080195,0.0030520050835677907,5.019999158160185e-05,71.86064390853625,1.190377344595451
1899347500.0,0.9874025390332765,0.00020636724217830716,-57.31313519286744,0.04705519597698567,0.003038858346079772,3.7806240268389986e-05,71.50376644148399,0.6138982792123844
1899350000.0,0.9880643957541605,0.0001919105888461966,-57.19521193217755,0.035184494659353235,0.0030309858113625227,6.146563176058349e-05,71.42195629367237,0.5600925095119765
1899352500.0,0.9913777268531518,0.0004726684422069377,-57.30314810890036,0.037446797098863865,0.0030247542739151607,4.8479884042785084e-05,71.63392992187339,0.959292024734539
1899355000.0,0.9918055890321549,0.00048202809718126186,-57.45589533205184,0.031168530528402474,0.00303376240157709,4.474975129389442e-05,71.47210390612138,0.7113523320400533
1899357500.0,0.9862826764124755,0.0004077823468801328,-57.335855900644425,0.04456843910211506,0.002997244607335595,4.935248037419631e-05,71.21249586272188,1.3458643057917987
1899360000.0,0.9896050399179567,0.00032039798659559416,-57.51129654682533,0.04507062969641627,0.0030154449571828277,3.1537109365550585e-05,71.1500759456111,0.8134983207726525
1899362500.0,0.9877523869406952,0.00017237032749175692,-57.403476717317,0.03355590603815872,0.0029998412921110095,4.5924068821286265e-05,71.37982534685383,0.8287713529934525
1899365000.0,0.9889372329936962,0.00033273059639077736,-57.4862699144378,0.03590731498561075,0.0030147472169068665,5.8579081952350765e-05,71.62023107762089,0.6001353338865245
1899367500.0,0.9890541610955395,0.0004347023633451258,-57.331802905209265,0.02496187040989715,0.003011366895837371,3.584264751277672e-05,71.5896930510942,0.5149094434185114
1899370000.0,0.9890262413403748,0.00034240272872677733,-57.44981700660612,0.03719437872313974,0.0030021058737889133,5.713415558245371e-05,71.35114247882642,0.9356237029400976
1899372500.0,0.9895557700039871,0.00034919583270663114,-57.40606121406358,0.034751020975512255,0.0030070325483269227,4.3051869075804464e-05,71.14131966891475,0.8474306197680052
1899375000.0,0.9916641499388642,0.0004364409982984443,-57.4055530201619,0.04327013874502721,0.0030073115692767468,2.7316497899006787e-05,71.66382012645383,0.47513182350858285
1899377500.0,0.9858991867399254,0.0003238277701558433,-57.52085862690919,0.04425205088724563,0.00295842499998447,3.618661265783381e-05,71.76316550024401,0.6253296429002964
1899380000.0,0.9884478033573612,0.00018153241108253708,-57.665242511609975,0.04065343173735588,0.00299474416122078,5.6779642500008545e-05,71.72557345904902,1.1121918025046826
1899382500.0,0.9892297845004925,0.0002828108930006906,-57.611229262474566,0.04667496059769273,0.002968330020029513,5.4799592375742285e-05,70.97917580375106,0.6767416511248758
1899385000.0,0.9887676686767527,0.0003240628799926596,-57.55223622128355,0.04387873068477433,0.00298214583637169,5.39739567325757e-05,70.93808755832785,0.9133153471558202
1899387500.0,0.9918098137675517,0.0003154917377661899,-57.63155072658423,0.027897853856728237,0.0029713062160500537,4.7970571288588386e-05,71.10867154749474,0.8602443980926335
1899390000.0,0.9895187813440456,0.0002883434527487829,-57.57650622554956,0.0377569166994863,0.002978348139283386,6.522890725021531e-05,71.25521592137926,0.8891652752180043
1899392500.0,0.9873448912233918,0.0005827881649013782,-57.52896147808399,0.03547848493613702,0.002956070406315182,2.8556699474743086e-05,71.18053252486206,0.92145785779777
1899395000.0,0.9912874325844679,0.00026403017588703617,-57.404712922747585,0.03564432565072727,0.0029658064963573832,3.5939305538651755e-05,71.07104074067786,0.627247047166297
1899397500.0,0.9898003795670711,0.0003705880982889227,-57.45403958816027,0.04069874643476194,0.002966963193432646,4.5713402370725e-05,71.26764815813446,0.8887733967132825
1899400000.0,0.9878966757715044,0.00038224306917038117,-57.71105233924767,0.03433158755589837,0.0029487842006940615,5.06934316149987e-05,71.59381875059019,0.9023985992213724
