Frequency [Hz],S11_Amp_Mean,S11_Amp_Err,S11_Phase_Mean,S11_Phase_Err,S21_Amp_Mean,S21_Amp_Err,S21_Phase_Mean,S21_Phase_Err
2563900000.0,0.9457729401391031,0.0006140431480614973,159.45083421920256,0.08779699542235278,0.004113236087071446,7.833612563070704e-05,154.66006406549778,1.1963978252970993
2563902500.0,0.9446871946239626,0.00128294827924564,159.54798315539233,0.06233180655149542,0.004179443426737748,6.297167840969321e-05,155.19731377408203,1.2453880977190377
2563905000.0,0.946968843240887,0.000957405673240268,159.21120687238093,0.07241949073272343,0.004187792055192523,9.040418182078575e-05,154.8842392104397,1.2903730518794787
2563907500.0,0.9447723106091601,0.001119022713475034,159.38640502340738,0.06071129538749331,0.004177013248387596,8.175901964665387e-05,154.28714666153834,1.0955572390649129
2563910000.0,0.945394769883605,0.0007693081536835354,159.3218119012796,0.08595367968609897,0.004169594805941091,0.00010300724654457307,154.40415509453442,0.5184259311555663
2563912500.0,0.9483282059604953,0.0008888061434211636,159.58880651487863,0.0857172003846717,0.004212100598022566,7.143776353237563e-05,155.6420953506626,1.0816097011084296
2563915000.0,0.9474218560174459,0.0007036872966295714,159.07677604600894,0.06656600737031948,0.004223067388449443,7.637491749792818e-05,154.74575653605277,1.0786488704154464
2563917500.0,0.9449365692915723,0.000946212930432342,159.32614173719037,0.07548689223918667,0.004202219527116573,5.940332781757866e-05,154.4621543883868,0.9054167241918174
2563920000.0,0.9460060473773004,0.0009484150671959142,159.1651685687614,0.0919513489249625,0.00422250474839256,3.785832381539463e-05,154.6640750530301,0.9339185657306326
2563922500.0,0.9430287273077772,0.0006463121778505228,159.30060322815118,0.07662656781215876,0.004195817393589569,0.00010230396959414071,154.45889622723578,0.760256228211304
2563925000.0,0.9429539789797093,0.0005973800767389138,159.11383940283613,0.05830823679150089,0.004161683625411196,9.434797338822203e-05,154.64336291192643,1.1360949835252148
2563927500.0,0.9440330276646217,0.0008827093374907467,159.1949059279869,0.060199005189293255,0.004224384039692349,5.517417499178981e-05,154.45670005903412,1.0560330925054262
2563930000.0,0.9465875063236296,0.000695726853002648,159.01226121050368,0.07725793146024333,0.004201556488345261,8.790252960592719e-05,154.85278445217713,0.8212802637216684
2563932500.0,0.941857356135262,0.0005440118955155888,159.04370801365775,0.06456502649563521,0.004223069055920818,4.426864272554162e-05,154.87613845618654,0.7549387080094886
2563935000.0,0.9443390722949249,0.0008698285025347329,159.20671108250266,0.06701842828554849,0.004217586236828893,8.57079203735552e-05,154.8232623381591,0.8976021610039393
2563937500.0,0.9452560887850497,0.0008232492888964687,158.9300518654137,0.04861732711938279,0.004236394803111778,6.696346190629934e-05,154.59181980142444,1.4420942269936827
2563940000.0,0.9467889018389701,0.001137366212703811,158.84481242170227,0.049447991079486164,0.004233747993989747,5.9727714341381124e-05,153.67102045222572,0.5370078321037985
2563942500.0,0.9435271702639109,0.0006331566426641166,158.86308824903324,0.04579756629318598,0.004218297318121915,7.220324468171121e-05,154.1282338409898,1.0240313921935855
2563945000.0,0.9442427793655411,0.0007856100528540192,158.96349316742086,0.08571087454531444,0.004214918460119049,0.00011081303599920988,155.05809272325533,0.8228518608084907
2563947500.0,0.9447072307713232,0.0004947841218123069,158.95322459099756,0.06768604149315564,0.004271898404283615,6.232659860444429e-05,154.6998769237846,0.8025454939550845
2563950000.0,0.9451967815340558,0.0003974129415259476,158.98494898801897,0.060939296356622444,0.004283504683656375,8.387654616682163e-05,154.95773525686513,0.9778587488941374
2563952500.0,0.9485349018818201,0.0005771020192201746,158.86779029685036,0.059788436775767465,0.004271250240866697,7.017573916195602e-05,154.56904718413867,1.065025219531296
2563955000.0,0.9462524147192137,0.00095319363695538,158.89069693751537,0.10992547837528818,0.0042426501036736414,6.115817825022307e-05,154.327288515264,1.0226973332256524
2563957500.0,0.946890745957907,0.0007245133388669823,158.6909912380242,0.07308867435746312,0.0042396219936101315,4.662507334716576e-05,153.94556788272192,1.4863060525847278
2563960000.0,0.943841086604631,0.0009352762064785474,158.99331637907764,0.08602352741481878,0.0042651819549165216,5.957205764955959e-05,154.1754435465674,0.7936919898151302
2563962500.0,0.9444319483879006,0.0007763252021590387,158.85165482299888,0.08389480379771182,0.004269436294990239,8.991867839092921e-05,154.68562554275294,0.9099446663173049
2563965000.0,0.9451446621261084,0.0010575209341758558,158.77607617608908,0.0453074378330637,0.00427278470462009,7.19709788952103e-05,153.58474149534754,1.1552471844127288
2563967500.0,0.9452968271995837,0.0008489441271790532,158.80765014420305,0.054618487812425745,0.004269858852047798,6.554837439661327e-05,154.06285924331632,0.6624994341132602
2563970000.0,0.9431943444397495,0.0007960685514335514,158.763189122426,0.07981019683748117,0.0042147645363278035,6.548611018476709e-05,154.3368935615282,1.2294345847230317
2563972500.0,0.94694752534159,0.0009439645527487839,158.6480358694508,0.0752611170841216,0.004339144947759769,5.9049465968205884e-05,154.122434552963,0.9268165899908253
2563975000.0,0.9467933571989442,0.0005885665972158626,158.66943923594224,0.0805202614348994,0.004313148562305853,8.542830837403819e-05,153.71889886910378,0.8350252925792002
2563977500.0,0.9435948296490494,0.0010109197268905559,158.70109934159902,0.06151026925173693,0.004275117908388613,4.9604348517637453e-05,154.53504354161998,0.837126191056878
2563980000.0,0.946109772666628,0.001292507797822083,158.59335535971476,0.06994398119426207,0.0042767384801669596,9.016188366844475e-05,154.55876033318117,1.1008669936195195
2563982500.0,0.9450556167827973,0.0009888328560310519,158.52014869306376,0.07158375215515768,0.004261028435842808,8.042087798892896e-05,154.5236379171554,1.0509769718171693
2563985000.0,0.9448395622314704,0.0012329583349582269,158.51557604642505,0.06824537338394468,0.004324469785895688,6.438915445973257e-05,153.45824959473748,0.8458421688136708
2563987500.0,0.942535132692807,0.000962897500947204,158.342845234252,0.07026249227285412,0.00434269547860002,8.249139811191582e-05,154.30874694144342,1.1122231813906724
2563990000.0,0.9415669873037857,0.0007218618590621439,158.4773420501827,0.056135974910115224,0.004280176464039829,5.2495570526253836e-05,154.63507736604024,0.9960076575149551
2563992500.0,0.9453454095786431,0.0007305231078324412,158.33225140214543,0.07425638038921213,0.0043259607761995614,9.338724713800999e-05,154.53610997306848,1.110710669032809
2563995000.0,0.9455257873183175,0.0007792393815237194,158.207273263081,0.08624702330464491,0.004260838601492203,6.735332884780488e-05,153.72424958922596,0.9127959624798788
2563997500.0,0.9444680434010394,0.0005451628240347735,158.12522175059752,0.10014893843950816,0.004346298133465441,7.476219742507538e-05,154.03919243322994,1.0986340778162373
2564000000.0,0.9445498412190888,0.000995426213282989,158.34629940178823,0.10517025693513525,0.004351160869978239,9.768378427389117e-05,154.1257999061186,1.056673192382311
2564002500.0,0.9433976395130362,0.0005981302916684911,158.33268213214876,0.058103030484988355,0.0043088710058991906,8.483707058899575e-05,153.95610942668506,1.067237824426162
2564005000.0,0.9446670592400898,0.0006731726498782322,158.3149621184942,0.09473754380588385,0.004281583253467376,9.336769413246642e-05,154.48622978962405,0.8096243163292994
2564007500.0,0.9447013975945557,0.0007967417018808015,158.0439544046951,0.06925076280596704,0.00432155359231729,9.584053197228941e-05,154.1372366659216,0.9096418640180104
2564010000.0,0.9452820740901532,0.0010061104928608638,158.08655581654622,0.08213243640379309,0.0042801624642903645,7.213970775401583e-05,153.637360846367,1.0169822037059106
2564012500.0,0.9435383445971962,0.0007723799884636718,158.34070104253888,0.08483035565349066,0.004364329910292773,8.04731932692896e-05,153.8055975937221,0.7023317047973167
2564015000.0,0.9422798356898214,0.0011621239709224854,158.2489626764942,0.09887808335849342,0.004314302734962774,7.504373240070845e-05,154.23225762502187,0.6186044077674369
2564017500.0,0.9474394981456988,0.0010090694253767894,158.04834375113592,0.07318005336030564,0.004352109763944438,7.927273262437026e-05,153.51279665850723,1.0628479385088063
2564020000.0,0.9421772676140686,0.000634800891473558,158.24334415122115,0.07873503667204247,0.004357534079676788,7.536813920368914e-05,154.26214877505535,0.8000778427450094
2564022500.0,0.9449701986865867,0.0005486201733476788,158.03628264685304,0.04601657154528664,0.004337817195704656,7.207530741080158e-05,153.47588013437132,1.0987437256858517
2564025000.0,0.9433851066106004,0.0007027323643079381,157.9616732791458,0.08482641152968308,0.00433783590676483,8.601274315119845e-05,153.75284018029512,1.1400821434890016
2564027500.0,0.9439474893567089,0.0007369298085512061,157.98907149876038,0.07339010677278796,0.00436168151725909,7.456172773880262e-05,154.64655105084853,0.931622435413757
2564030000.0,0.9438608024528209,0.0008287016855188315,157.8813300226429,0.0779264410920267,0.004378815345056056,7.382090121218816e-05,153.7691269527159,0.9096850810881082
2564032500.0,0.9435705781040473,0.0006314158276548731,157.88393603644792,0.08441861018214647,0.004379607700560881,6.171349221867883e-05,153.45716988862506,1.2114001164929171
2564035000.0,0.943973351383104,0.0005277421243602923,157.8517742767052,0.08876421277429943,0.004325589358071216,7.30316497609781e-05,153.57822432641666,0.9413328287805802
2564037500.0,0.9423673912467576,0.0013003731135030662,157.89754211893722,0.07178353457707899,0.004407259775684545,6.914088619442545e-05,153.88262751799522,1.3072368319828622
2564040000.0,0.945912775259043,0.0004800853941085627,157.7714497665392,0.08081618127764532,0.00439614235491409,7.898745755869224e-05,153.497447492911,0.8985363128173095
2564042500.0,0.9415814571017529,0.0007052496842569034,157.77225241051588,0.07847562511215651,0.004352765972156764,9.722667633023094e-05,153.76480721714975,1.1092765299469882
2564045000.0,0.9476775070883315,0.0012849355313118483,157.629746840818,0.08085536396887068,0.004437658587971843,8.110966449870565e-05,153.46548346158886,1.111523341926823
2564047500.0,0.9462855820561885,0.0010559593664181983,157.7762482825577,0.10576523481682154,0.004363331887581576,6.304089345967923e-05,153.46838545707277,0.7318714091066009
2564050000.0,0.9437463950546467,0.0007620265191430925,157.85189924528527,0.09257803615227067,0.004367609852809696,7.522370735622146e-05,153.6812945863166,0.7630072940702631
2564052500.0,0.9425275521942921,0.0010482498165635891,157.73689176037672,0.08721819769135329,0.004356711871222588,0.00010210784787678543,153.5784072133121,1.131590382671625
2564055000.0,0.9446768465172048,0.0003102277737620374,157.5393945468658,0.10016094948790184,0.004375093856670102,7.4429830660422e-05,152.93184046142926,0.8491176505934259
2564057500.0,0.9432524268997509,0.0006506821220850433,157.54233670812582,0.069942964741237,0.004390906673062192,4.106086488400294e-05,153.78293105344426,0.5222826627994213
2564060000.0,0.9432790560769756,0.0007918311351718219,157.68740127237004,0.09364092063377338,0.004384600010483034,7.65080330046735e-05,154.1714997150702,0.4372684040127574
2564062500.0,0.9462386488157671,0.0008694798533512858,157.72005569095802,0.07817605866710509,0.004417754916510788,0.0001171811238569978,154.29811526176601,0.9132531457153058
2564065000.0,0.9426602632764806,0.0007307943263117606,157.41868363423993,0.11161665876100017,0.0043677082358661926,6.516990004276421e-05,153.25285691015227,0.7083130820852377
2564067500.0,0.9441105027940562,0.0006664836683101859,157.60339717235294,0.08073661327645605,0.004412853529082394,8.213826359684743e-05,154.01832333682688,0.8110715817414128
2564070000.0,0.9430228383778947,0.0008088266661726111,157.24996470905225,0.11803957777912584,0.004353898658074391,7.712574614185227e-05,153.1990160576549,0.8272361819512548
2564072500.0,0.9416157130050713,0.0008295673317499317,157.40281553909637,0.08577111139253936,0.0044134583305174765,7.035778118160271e-05,154.15674398275115,0.7343258266642096
2564075000.0,0.9425933453589797,0.0005670845972482057,157.41129773698327,0.09925397941030618,0.004411400237006887,9.99392698540938e-05,153.43363222674574,0.8106314130649515
2564077500.0,0.9417882507268583,0.0008684930056065603,157.24181936776006,0.07545015922269875,0.0043879086420354,6.093563970271476e-05,153.25589861035638,0.8325333274986497
2564080000.0,0.9419276975957956,0.0010378932272566786,157.27784117123875,0.0819173169778346,0.004409871110106001,5.245161960083063e-05,153.61908456544754,1.0376042737285358
2564082500.0,0.9439165612669461,0.0009548125783879658,157.1688375673729,0.073655633473748,0.004433376311281041,5.6571466408565575e-05,153.31843685101987,1.5678150262703847
2564085000.0,0.9430327464546788,0.0005177960264174465,157.21470001705495,0.08236048393570604,0.004466344938270626,5.378912186121016e-05,153.01895081014692,0.5604714016684461
2564087500.0,0.9436260280935513,0.0007101882335664683,157.30942473402138,0.08525303558600038,0.004385996974694204,8.676882417901066e-05,153.67759590794628,1.015601970179383
2564090000.0,0.9424178389901985,0.0005019807157471633,157.24827304032738,0.0766778174715536,0.004422679378109617,0.00011430841923638453,153.5786977547129,0.8985668578485387
2564092500.0,0.9433225981472467,0.000978094913443497,157.1309639699989,0.10893204886557283,0.004429900869262459,8.53321126944596e-05,153.00772613977878,1.3265453538556722
2564095000.0,0.9448965492460961,0.0008630607521748683,157.13406925554006,0.07992284306894905,0.004467802896792737,4.452891351174438e-05,153.269954368738,0.9044297578144587
2564097500.0,0.9422553854216137,0.0006058066974740843,156.92601263451752,0.08771281227290519,0.004474391939188703,5.100103220776071e-05,152.78708760071729,1.0022172718923812
2564100000.0,0.9436667295259752,0.001249257452560772,157.066290441065,0.09807162983241123,0.004441259071523502,4.244120181000462e-05,153.6751921186713,0.6929217843496245
2564102500.0,0.9413916096389173,0.0006975965548109906,156.86492333430033,0.08673770827139847,0.004466047257853417,5.4589784292833696e-05,153.35076715458706,0.8984611502816667
2564105000.0,0.9410534306285082,0.0006467883978903223,156.9225618361816,0.10097693125610362,0.004458255007934853,8.264895067459052e-05,153.7828795520436,1.1293498354261615
2564107500.0,0.9409216173851386,0.0006056942292942813,157.0053825622421,0.09146366289473415,0.004476931382722491,6.104229362878916e-05,153.39165139433516,0.6726973386073669
2564110000.0,0.9439180421463743,0.00042770315755989285,157.02135219208407,0.1053567875105944,0.0044084122564673695,8.525506049573418e-05,152.82706369006382,0.7841572366363414
2564112500.0,0.9423309744875563,0.0005457931821700132,156.81615870699216,0.10180899401323368,0.0044997596682898,6.817297702423125e-05,152.72691527788282,1.1711201002876748
2564115000.0,0.9430282130700876,0.0006025133822848025,157.00789491622083,0.07332488233011357,0.004510511020377704,6.145735320425312e-05,153.64947945523488,1.5307711806492117
2564117500.0,0.9413536418133898,0.0005678864990774069,156.7725259249552,0.08592405673069253,0.004471969272354499,6.711174150583132e-05,152.5087539817972,0.6530360090543913
2564120000.0,0.9441791590392049,0.0006662068398603887,156.82752063691038,0.08145292656024285,0.004466797882878588,3.555089858798705e-05,153.4434433849323,0.613982419468146
2564122500.0,0.9409116232371676,0.0008659327414684301,156.78418830311935,0.09399381278663667,0.004490174796625895,5.3512527878224326e-05,153.49033861553687,0.8938043439661811
2564125000.0,0.9451156451609983,0.0005300644435988626,156.74128816207866,0.06721459704003248,0.004466962901369819,6.0002732078099455e-05,152.8081065373316,1.2611633483244105
2564127500.0,0.943593527066442,0.0006617450320472617,156.76711274123008,0.13084994830130783,0.004451294116284129,8.122882571579058e-05,152.75318413451748,0.7629943946775277
2564130000.0,0.9429226347276911,0.0004949089953066316,156.75081442769059,0.10714764168631544,0.004457097673389557,3.6190364348245575e-05,153.19184055580007,1.280945308206398
2564132500.0,0.941548307903074,0.0008547794178351414,156.7493434465804,0.07518966441558741,0.004468841362192942,6.871694422374261e-05,152.9368749782868,1.0202713900983114
2564135000.0,0.9414747856245539,0.0006334597961549834,156.6799711826069,0.11591914184036246,0.004488916754809056,7.396668308059606e-05,153.53729634265326,0.8091723291805634
2564137500.0,0.9411386846704064,0.000669677716873065,156.67980906200793,0.0825793049906889,0.004514771528255024,9.237701588140567e-05,153.04514303600592,0.9342367352944225
2564140000.0,0.9395219756983054,0.0008515893072895868,156.57302764621676,0.09513032650188998,0.004480122278177271,4.937759878157398e-05,153.3367260238271,0.7491732641418423
2564142500.0,0.9420306613635293,0.0005142093816934912,156.47390047374162,0.08069700117254834,0.004490590000311611,6.554441400157516e-05,152.70387708736993,1.5293158800147324
2564145000.0,0.943554824230409,0.0011218202224605623,156.41014375036923,0.10156938420451755,0.004494446205299914,8.510038263497372e-05,153.79021887468426,1.1133631741510956
2564147500.0,0.9419346222884798,0.000793106887822514,156.5141024171102,0.08597493775018959,0.004550601042628284,5.4790500522475235e-05,153.19133077788774,0.8334594797922333
2564150000.0,0.940703536979685,0.00035060055152549824,156.5898050992203,0.10432518678238382,0.004548957972360225,7.909782068230437e-05,152.60331883531057,0.981926469430521
2564152500.0,0.9420659972991795,0.0012524125504152902,156.39058658758097,0.08831020246410475,0.004525484031332477,7.90163752616856e-05,152.82931737008704,0.7764003239699987
2564155000.0,0.9414569155738771,0.0010168895900920583,156.34861923770006,0.08851717279293496,0.004505424685404102,0.00010516031592718379,153.11521902803693,1.084926210369447
2564157500.0,0.9398441267891208,0.0006148441155425435,156.54906543882967,0.08396486799602972,0.004529125201812396,9.337745810756937e-05,153.05901463777752,0.5946155946944132
2564160000.0,0.9422586676430608,0.0005474619362826325,156.23039806513955,0.07548135337610284,0.004531835878806401,3.5695672870461426e-05,153.39119753730736,1.2030498703211856
2564162500.0,0.9388226191144032,0.0008788648579268518,156.30792600599807,0.10230278149439674,0.004524606708918942,6.759616529432512e-05,152.98664108520836,0.9320024542503944
2564165000.0,0.9419155569899963,0.000968734253670155,156.239825049438,0.07632558243672935,0.004550201919800891,0.00011224211242851486,152.76850273427607,1.104556361878341
2564167500.0,0.9432276058489417,0.0005892270478503303,156.0807528518566,0.0724573828618559,0.004578446521245917,8.056182218713808e-05,152.75393978791908,0.6794680625253584
2564170000.0,0.9388404873947351,0.0007537745305223058,156.19784996685232,0.0808759946911633,0.00449582505541391,9.340187191983959e-05,152.3813840241162,1.0235505231389894
2564172500.0,0.9463084571439285,0.001061531104563298,156.05657084480552,0.08186600912747496,0.004617807067431038,6.373938934670668e-05,152.67321220860453,0.5858542383340787
2564175000.0,0.9411280196175255,0.0004972421988635454,155.98730247754978,0.08977363371341288,0.004551577415847862,8.922812075265025e-05,152.89550862689137,1.2897423575610985
2564177500.0,0.9412563085258342,0.00024754297351980937,156.09313301568218,0.10117014516183165,0.004580469785009538,8.747104731957785e-05,152.85059857278068,1.0032129782480088
2564180000.0,0.9388798693941708,0.0005318772394630554,156.07605764002355,0.08473578298048214,0.004546615346934806,6.935204678166553e-05,152.8088565861559,1.129595104479196
2564182500.0,0.9413347810448356,0.0008668518436068023,155.8785179893162,0.05627400782764069,0.004587440431140184,6.0686257959242564e-05,153.09038377988333,0.7952932050569778
2564185000.0,0.9432753953028261,0.0006801801658880216,155.81057871100174,0.06668441425194167,0.004596927351022586,6.648571392651788e-05,152.58165804675977,0.777285982502602
2564187500.0,0.9417754127104504,0.0006288048812164577,155.88308283838,0.11912366234297424,0.0045994322755866955,0.00010038970788669237,152.36719631896585,1.238953338064538
2564190000.0,0.9384455621630828,0.0005903997194735502,155.8970666368758,0.05930415222219702,0.004555750381371584,7.963293178283074e-05,152.8143545766371,1.1816850644881542
2564192500.0,0.9409054109505856,0.0009142410142815226,155.71311945944717,0.06476925353573518,0.004586319946225583,0.00010657246756783536,152.89056543446435,0.8556802829708554
2564195000.0,0.9405091625287854,0.001139229275246792,155.79695347877467,0.07335445457738594,0.00452935080844672,5.529714025855891e-05,152.6262858072938,0.6746485486386729
2564197500.0,0.9424593541974534,0.0006125116045441548,155.7196343387955,0.05917190598981177,0.004616634970178075,5.502718660394178e-05,152.72784026381004,1.1222200444156518
2564200000.0,0.9407479235359661,0.000656246745640654,155.85823964279678,0.08461728613858678,0.004613497438967382,9.358949461515523e-05,152.80546560091153,1.0567505435954294
2564202500.0,0.9428432084891831,0.0006483794735736225,155.7377565500169,0.09503992385900481,0.004601754877683266,8.026761368651616e-05,152.76582320802768,1.1228604917896585
2564205000.0,0.9420593436091217,0.0006396574189349827,155.7589739804706,0.11276166773625962,0.004632628502603584,8.690613840463968e-05,152.58724322951682,1.3441049244151415
2564207500.0,0.9409753929647549,0.0012682598711941614,155.65275410761808,0.07906902802616651,0.004591661524171908,7.573026705565623e-05,152.44238577251696,0.8609194648848815
2564210000.0,0.9393763455525492,0.0006375697372113197,155.51642953219758,0.06831272199949276,0.0045804073264664,7.104564412641464e-05,152.90376246833927,1.1455673864446945
2564212500.0,0.9404432312985799,0.0007584140109182561,155.49192071380781,0.09115550774324503,0.0045962847425565796,6.458380385822974e-05,151.8955707147258,0.9257406242801544
2564215000.0,0.9410076178157702,0.0007941332407493173,155.74463396843166,0.08086494076680924,0.004603730279481814,7.127559500623924e-05,152.96162180577892,0.605135962074004
2564217500.0,0.9402045930944717,0.0005572636951518869,155.3693212223669,0.0796753665729295,0.004592739820199735,5.9694757011112177e-05,152.85882019258887,0.5210571422722373
2564220000.0,0.9391101090982001,0.0011168163958347728,155.5158255746041,0.08155770184249543,0.004631640706859593,7.108382569014004e-05,152.16487493043803,0.7540350175297909
2564222500.0,0.9412363240903913,0.0009697251367591618,155.398691915414,0.09629744593555313,0.004596313477787355,7.954487112373865e-05,152.30430719048735,0.8604125111753449
2564225000.0,0.9369477611023267,0.001225115049587076,155.41734930807644,0.06412292103026689,0.004652862055904594,8.075437917837122e-05,152.556576261903,0.829006245504651
2564227500.0,0.9386977146937971,0.0010622651986205978,155.25120188835115,0.0663619168318368,0.004600855693809121,7.388246160459782e-05,151.77161679386907,0.7035010155586822
2564230000.0,0.9404711618948792,0.0008174843847361072,155.42241043124545,0.07360289854470763,0.004619102761519237,6.02189493058667e-05,152.3626082989257,0.7047139343449269
2564232500.0,0.9378838165871403,0.0006394166696054016,155.30625401867053,0.09119950337022435,0.004615586035175506,6.982572900174801e-05,151.91805176344005,0.6472630232557873
2564235000.0,0.9410184856253285,0.0005834350030499105,155.39451453014703,0.07516249613698808,0.0046623482540526,5.3250543130433945e-05,152.16511518907538,1.0107346390815726
2564237500.0,0.9407060613411138,0.0006886707613760955,155.23559923845008,0.08952064264962163,0.004668155617248496,7.751407784914461e-05,151.93411783982864,1.04110958470982
2564240000.0,0.941037041050214,0.0006553763462278548,155.0695149752842,0.08213101914029722,0.004601997874893477,9.577272869433514e-05,152.0330000566988,0.9516574983141918
2564242500.0,0.9426752229567045,0.0006433472927608252,154.9890311914151,0.08162934408401337,0.004738640308669845,5.923444066256361e-05,151.8088129564524,0.9050807822231497
2564245000.0,0.9437462434586066,0.0007276924126738509,155.04409263872097,0.07482944873425115,0.004698554241225988,8.125328940686683e-05,151.8140300332078,0.6015041011287059
2564247500.0,0.9397770369903302,0.0007205406001794658,154.88014941524952,0.1209823777871897,0.004662458480412459,7.549829508573729e-05,151.6451539135219,0.9276697415193234
2564250000.0,0.9389044972262535,0.0006587501271643835,155.0296667933901,0.08385042531995045,0.004666242482007813,7.660868610834982e-05,152.41462451306987,0.5948176097252516
2564252500.0,0.9389234268549872,0.0007566244470074868,154.93802201073734,0.07596294543295189,0.004710099944914241,6.281928437771403e-05,152.22719194606972,0.8957864706431412
2564255000.0,0.939054824678641,0.0007232586165489603,154.95341339667564,0.0714682584255085,0.004688459329043093,5.1010522318108355e-05,152.07644679515437,0.9234380988256561
2564257500.0,0.9406209638498956,0.0007852405151252357,154.94351228219446,0.07894885125048633,0.004688128777646723,9.118457030496636e-05,151.84320894759193,0.5808719030095041
2564260000.0,0.9371615767461715,0.0006819335072627478,154.92764785473074,0.08090940027993426,0.0047099844762711575,6.951843365675728e-05,151.48491385369485,1.0596541233083345
2564262500.0,0.9404213440723,0.001047204878518739,154.79815640506354,0.09536303010872671,0.004678589699454081,5.806714224069377e-05,151.8663959456939,0.7670779259016113
2564265000.0,0.9385148972867563,0.0005509960790830448,154.79125257121146,0.0974931007341123,0.0047237295132762265,9.296088199854548e-05,152.20859223077505,0.7437623898153157
2564267500.0,0.9399943818611771,0.0008147052065051838,154.8466308098301,0.07695107834217427,0.004699476902680366,8.983054340891196e-05,152.3933682102788,0.9420164870249487
2564270000.0,0.9382605497425858,0.000737946481872919,154.74091243103135,0.10168035364966553,0.004719185937381865,7.372710627495938e-05,151.7288325884483,1.0975357197364985
2564272500.0,0.9370752793624728,0.000866377669306813,154.668995140135,0.0726334471241153,0.004691574524322658,2.946547714436926e-05,151.59024902289005,1.126096895475371
2564275000.0,0.9383906942869445,0.001106084554619115,154.74548710090605,0.10599187591582913,0.004695878272876957,6.332297765614022e-05,152.0704850617319,1.2264127837243428
2564277500.0,0.9391588547150125,0.0006033356103199495,154.62188011793214,0.07815189467433695,0.004733748616930313,7.232855986586961e-05,151.66913473400467,1.1574270465803647
2564280000.0,0.9367830322249262,0.0006616939435264229,154.68705567673751,0.06546780555694592,0.004715118590824132,6.081640873301549e-05,151.92426410233827,1.1538516220330322
2564282500.0,0.9371706973311772,0.0005969565402333063,154.45128052445475,0.10244946978694917,0.00472173228057313,7.79763112545816e-05,152.24801051689698,0.8650611092192554
2564285000.0,0.9396583932874161,0.0008570565180472377,154.42500613404005,0.07926441897541986,0.004716502363791437,7.251914362786607e-05,151.32005714563837,1.0851016911964704
2564287500.0,0.938769769489675,0.0006097388085040737,154.43872902891889,0.08355834553028232,0.004742843934005767,7.29243165695001e-05,151.84360763070572,1.1980776794216048
2564290000.0,0.9354638820933158,0.0008394727955320511,154.3010841657678,0.10368681015081502,0.004785343423154563,7.822703762250594e-05,151.86165897995406,0.6473322336752653
2564292500.0,0.9365877003290346,0.00041806958610948215,154.59674534250507,0.06438977078033431,0.004726516386564015,6.130225684786751e-05,152.27069335091335,1.1008019606759964
2564295000.0,0.9355640226824102,0.0006768028906761198,154.32729958569078,0.05380396768747737,0.004773000528894476,5.2599930989611184e-05,151.96787057978,0.8860683321844317
2564297500.0,0.938551107116468,0.0008634313272517275,154.4407813106444,0.07623893309955652,0.004752256370330541,9.327388483058327e-05,151.41940819876518,0.68385328475845
2564300000.0,0.9383246612934286,0.0010141121382398167,154.25304190360706,0.09203200758253154,0.004751303212483629,8.858585766227842e-05,151.95865551490408,0.9090706179511601
2564302500.0,0.939781832153632,0.001004174660490082,154.2328582139037,0.1106241976605283,0.004750230130299615,5.424625052470089e-05,151.27039525686143,0.9859253061063197
2564305000.0,0.9390830706024005,0.0008474143957499905,154.4076640866326,0.1083599349626623,0.004761225911583305,6.440123583924521e-05,151.78949903986225,0.796752057684038
2564307500.0,0.9396022831516819,0.0008789902063300525,154.26471546616065,0.1075979292544675,0.00475884407537442,8.47329518006385e-05,151.6746203620009,0.8137563793962738
2564310000.0,0.9372509782242543,0.0008070303871953432,154.15401472844965,0.06828738984047036,0.004722069654603777,8.302380131650276e-05,151.80065179329304,1.0881406971047896
2564312500.0,0.9377352709356163,0.00048159697746938374,154.05577578235346,0.07835781083178592,0.00477629142531419,8.060577231520676e-05,151.10836547982655,1.1155675787208026
2564315000.0,0.9375807691465262,0.0006810773876483604,154.18668735013367,0.10103180032660965,0.004726439504213776,6.340866788763149e-05,151.2910297489411,0.721334879991921
2564317500.0,0.9404701475666605,0.0007155527734664089,154.1140377077671,0.07642547685082203,0.004821018304964766,7.680098622684949e-05,151.52310254144348,1.1924732768402708
2564320000.0,0.9366892721979596,0.0005102062165477848,153.9536980207565,0.09060659884257818,0.004768701729514785,8.367486515594736e-05,151.6955160951622,0.731102217365305
2564322500.0,0.938241967902262,0.000493655401286494,153.9321862847035,0.09753306349797786,0.004794891530928073,8.406303707805758e-05,151.7124267019757,0.7445038283102574
2564325000.0,0.9399831105570102,0.0009484644573032739,153.96461787340547,0.07900598983284261,0.004819013212122292,9.615033722177198e-05,152.4321590550135,0.784406429303536
2564327500.0,0.9387038710176363,0.0010280977787523434,153.868053700849,0.10791464896451902,0.004847194328853301,8.479522975454178e-05,151.1412951646757,1.1310328075286207
2564330000.0,0.937005448141782,0.0007079803526904874,153.78295137859593,0.09088874452091242,0.004808011827072366,0.00011969999449933302,151.40594757638974,0.5848386687018153
2564332500.0,0.9396535240194888,0.0006340455926580742,153.80269068442334,0.08624558900085731,0.004837243739099469,8.078429316854314e-05,151.39386965827612,1.2837809973660854
2564335000.0,0.9324687291554434,0.0009314875582859221,153.77661352524532,0.07728375519313273,0.004812262897025839,6.606620416509482e-05,151.48795285702693,0.9601503775571821
2564337500.0,0.934561212417969,0.0009993320978987244,153.79436595867168,0.10061215618720591,0.004787228997507029,7.476562439449659e-05,151.2316807048693,0.7288494350100715
2564340000.0,0.9360452203268118,0.0004967976024696139,153.61213436803973,0.07382198330414518,0.004809308315805969,4.293550666261741e-05,151.97331123863452,0.5355970368943173
2564342500.0,0.9364987230580187,0.0007828143375245865,153.62095542021643,0.07682236030801005,0.004847879039889118,7.854182976368267e-05,151.1648820331449,0.7609450114493815
2564345000.0,0.9369271402784046,0.0005657098329585474,153.68121290575448,0.09018186902956518,0.00484586527130038,7.504852265848378e-05,151.50342429351767,0.9094416776659321
2564347500.0,0.9370590761834594,0.0006435913326433062,153.63386126590467,0.08468794100345077,0.0048868113076536894,6.649234304055316e-05,151.51992696981532,0.8401827525187384
2564350000.0,0.935811108335929,0.0009810294025402312,153.479400668352,0.09103357648773343,0.004871496243460007,0.00011283100160391305,150.99504719443607,0.747409610383469
2564352500.0,0.9350693792367339,0.000692884203222086,153.44278394690005,0.08375896826385898,0.004881023491008656,7.005996218348853e-05,150.93721519931603,0.6112695701199298
2564355000.0,0.9356206498965772,0.0009572949678519876,153.23606653421777,0.058681486257051246,0.0048508953133119415,5.750729858868932e-05,150.93210222152675,0.773654388606138
2564357500.0,0.9363056884887577,0.0010847081827954229,153.3405539280159,0.10624724241590335,0.004903050379092377,0.00010253103076820282,150.68398635083722,1.2883286147300537
2564360000.0,0.9351226389956018,0.0008995634259736791,153.37520361445735,0.10296055167963095,0.004878223497271471,5.117343930233386e-05,150.90084598188767,0.6928567495610951
2564362500.0,0.9369002924721748,0.0006062847576424411,153.24289345725572,0.05888746615494292,0.004906372687209531,4.385905270922634e-05,150.97701345330964,0.5940923719059513
2564365000.0,0.9354715583153995,0.0004512895006632935,153.45801121306826,0.05930337310908668,0.004862068352436598,7.054514774197331e-05,151.20549461799152,1.2979631704668502
2564367500.0,0.9345406387823953,0.0006793000566963419,153.47036804099997,0.0915051522882033,0.004831207183996196,6.904896621931602e-05,151.69749394371928,0.5831356804070366
2564370000.0,0.93691324394428,0.000637491459895849,153.42035385176405,0.10441575296348624,0.004862122705432754,7.222912431082248e-05,151.34378637040066,0.6664614373915395
2564372500.0,0.9337524279154004,0.0008158463997736648,153.25654440437364,0.07983707610005178,0.004858455919773787,0.00012131061106866095,151.0691929674861,0.5599785437740855
2564375000.0,0.9344868777449115,0.0006864628221667764,153.21487257868523,0.09054102402594853,0.004860124189462741,6.544397288964111e-05,151.2270601766437,0.7725859331765768
2564377500.0,0.9375985836454224,0.000400480012975591,153.1806763859926,0.10649328131678264,0.004900820000876661,8.079998151137265e-05,150.80803686475568,0.911593870516769
2564380000.0,0.9371633986093874,0.0006443520427616822,153.15668377685566,0.09107238762508199,0.0048674708342100895,8.576661613132411e-05,150.68542393558482,0.9859554465297419
2564382500.0,0.9355504602648892,0.001002102011748303,153.095057263827,0.08675775653039507,0.004901837470104963,8.463524792291906e-05,150.98779760721447,1.289826564755809
2564385000.0,0.9380244878645824,0.0013344231144292262,153.1798930144738,0.11984308650713497,0.004871602197142538,8.202592074162738e-05,151.1698014207135,0.5284748777677664
2564387500.0,0.9349154208109569,0.0005807201107985822,152.95451962734907,0.0873436405578954,0.004873741009264208,7.312918345484238e-05,151.11670047499726,0.6652698041658561
2564390000.0,0.9366532245599298,0.0009930531478323293,152.99843135736376,0.08583307514633937,0.004928338508656737,5.722315761082649e-05,150.95484661223813,0.53880924852374
2564392500.0,0.9360288860854008,0.0008496535612091809,152.6801426505471,0.08875048415465864,0.004870439398322574,7.554266198607508e-05,150.73201762391918,0.8780678575739949
2564395000.0,0.9351572205309687,0.0008561875432051766,153.00402900217307,0.09569700651009298,0.005011375289190468,5.704283551634058e-05,151.41937554289893,0.7199605519299852
2564397500.0,0.9341168294665751,0.001298457940030585,152.90861183922638,0.08619012857530658,0.004901826071926474,8.45426184051181e-05,150.83134039442467,0.7071042375774947
2564400000.0,0.934196430823034,0.0005572103115841768,152.81673818009855,0.0869291528968847,0.0049315609634612255,9.65519902931799e-05,150.90612292303123,0.8640109753309084
2564402500.0,0.9332460278688044,0.0006715981259751079,152.62978481313598,0.09743475684477915,0.004902235567109538,9.830601841724755e-05,150.8722383271847,1.1174848280504446
2564405000.0,0.935971849046083,0.0009596517161545465,152.73935936810233,0.10115442956596075,0.004971440530736082,0.00011323438588538748,150.97310976902233,0.9056774515053273
2564407500.0,0.9328798172281086,0.000653422468812782,152.585241713644,0.08112220033800839,0.004933771630724933,9.34656930409153e-05,150.8628484622251,0.6761809027876887
2564410000.0,0.934139944039707,0.0006087452122829094,152.5613473723478,0.09192271320479745,0.0049648205106993795,7.33624686624263e-05,151.07853928955822,1.0255058670916881
2564412500.0,0.9343803121099058,0.0009232742015624771,152.52945764986902,0.09173667630577649,0.0049319536394966685,7.735427199465678e-05,149.91354065159587,0.6716486082479498
2564415000.0,0.9310783484212637,0.0006917614380862728,152.75471256260013,0.08441624868576986,0.004957316385688937,5.81286355790014e-05,150.59678877341238,0.6940090307489432
2564417500.0,0.9333627213747147,0.0006752836473885551,152.43519591159097,0.08836258907055392,0.004946438697029411,9.356660024159101e-05,150.58767434047115,0.6743555873047071
2564420000.0,0.9335866486701926,0.000769225479936226,152.44030202989444,0.10948720203253998,0.004921312626905096,7.303215016201726e-05,150.39375515777093,1.2574308999047008
2564422500.0,0.9328657743370637,0.0007318778249542846,152.4588766252277,0.08793464029627207,0.004928509513226143,7.815810645901916e-05,150.56996611230866,0.8285900804459113
2564425000.0,0.9335764485055031,0.0008421399183598414,152.25306503134595,0.07331288048121126,0.004937918802157147,0.00010920309704553525,150.83863453475144,0.7023786554049841
2564427500.0,0.9352940815381888,0.00048371066147981996,152.46158381493143,0.1220668636594122,0.005000131264874691,6.776678165605195e-05,150.87854106715326,0.9713037748420615
2564430000.0,0.9364126480227976,0.0007484030175753545,152.4452356803412,0.07308144634917237,0.005048644746318762,7.058285714841432e-05,150.6699865656973,0.7129548453753951
2564432500.0,0.934169126715093,0.0005815563632327605,152.16480337898713,0.10205431381131429,0.005025014480909354,4.5262118783358774e-05,150.43218851384424,1.2135029456219382
2564435000.0,0.9336997615898225,0.0005082660471014804,152.34571998696237,0.08142180424178697,0.004967326194943237,7.487685738350712e-05,150.29429426578264,1.047703867936446
2564437500.0,0.9360225032413886,0.0009159425046614741,152.21142549562106,0.07542176170677216,0.005013170547191393,7.292727730373037e-05,150.4035974493154,0.8452458106314736
2564440000.0,0.9336736018139311,0.0006970630646332204,152.0658797018475,0.09456217600726759,0.005033281546968021,7.698271062744376e-05,150.83851993149938,1.3250313087270336
2564442500.0,0.9358723886589337,0.0005893422992921888,152.0695429223826,0.10005951937389107,0.005023611612894269,6.500075324536084e-05,150.8757365403233,0.6664264780060591
2564445000.0,0.9338805026225946,0.0006893924280855099,152.14925872092513,0.07790900400491388,0.004986994714368107,0.00011318793863320058,150.88222443824895,0.9411170841083518
2564447500.0,0.9360135096768276,0.0007634728616327142,151.94744482604878,0.09027430840411654,0.0049741807905722074,7.675196481329716e-05,150.44848071853414,0.7416478153315852
2564450000.0,0.9322064726191597,0.0010142507645991483,152.09533991782385,0.10513786609286134,0.005011398935717764,6.933744796964413e-05,150.20282584801035,0.6879008368005699
2564452500.0,0.933972324518909,0.0006996927851134655,151.89608296860024,0.08908783300141297,0.004989835387752562,7.717493617648653e-05,150.12774693009595,0.8931011387157081
2564455000.0,0.9331981946695725,0.0011337073025323534,151.95293436878063,0.08236605680506696,0.004974267432094889,6.053417098818289e-05,150.18788728460495,0.6991683799079645
2564457500.0,0.9365031636341318,0.0006260418824769092,151.79043607527075,0.1219521090154349,0.0050447793996047825,0.00011014525770988242,150.07926211249568,1.0217513939706775
2564460000.0,0.9339149278660429,0.0008262404551642528,151.84673954454215,0.10619595525888403,0.005009725312424381,0.0001321133170783608,150.02075518427492,0.6544148990307934
2564462500.0,0.9316713089459164,0.0007942893775046268,151.929883534285,0.09384432807897851,0.005026584517436251,6.536215200284547e-05,150.28709952243847,0.9233743463530367
2564465000.0,0.9303487041799255,0.001015849749985597,151.81538445839678,0.09447683536002195,0.005047180825618651,9.566645951358734e-05,150.24390619859184,0.5917769436143335
2564467500.0,0.933312131174925,0.0007802157361136951,151.7373596086437,0.11455253262086967,0.005068280075374761,8.747858185046836e-05,149.8313700114284,0.534372815021317
2564470000.0,0.9324928094061442,0.0010186594751247714,151.54845635739906,0.0887286255053636,0.005029583909146892,8.663400243197358e-05,150.06982381757777,0.8733792522288923
2564472500.0,0.9344627520040183,0.0008286917172836532,151.46010933501384,0.12387114853377483,0.00504878946723331,6.897365039292756e-05,149.3439834991967,0.49455120068148645
2564475000.0,0.936760981107395,0.0008537471528292389,151.5144677696238,0.1216197304021192,0.005115914671762429,7.297823982628877e-05,149.4803340897484,0.5428031127953498
2564477500.0,0.9316632847306833,0.0005313756825363855,151.54415428407148,0.094209248763119,0.005048472534792468,5.325671258837989e-05,150.04184915447024,1.0547954193041476
2564480000.0,0.9330860142774036,0.0009256312991497754,151.60390881326077,0.1287741534512394,0.00505658032530343,8.132682990836261e-05,150.6170294220273,0.6755798342904759
2564482500.0,0.9338338387131353,0.0004492533588819434,151.54713371074791,0.13291859702711142,0.005066454048597679,7.962072645271462e-05,149.9830662780684,0.8689542460267512
2564485000.0,0.9296229955371754,0.0007285362479879786,151.28005624108496,0.13567950842387286,0.005081844706327157,6.894253741511528e-05,149.37055289939002,0.6590851347100805
2564487500.0,0.9332888617093668,0.0009196342511972382,151.35364030022325,0.1070921516886003,0.00507667265564241,7.555756203714264e-05,149.51316997088432,0.8867794838824012
2564490000.0,0.9343907930731723,0.000856980091834882,151.20654110417837,0.12055182511737357,0.0051097598222065044,5.383014301792009e-05,150.1055578215461,0.5963659865199991
2564492500.0,0.9330423301309677,0.0009024652311171101,151.2510865618875,0.12625879296401799,0.00505676737793692,7.54044195493507e-05,149.86716053145557,0.6966892894047414
2564495000.0,0.9327112951819814,0.0008240887541680297,151.3385033294458,0.10477871246887839,0.0050786858019758055,4.6076059611867516e-05,150.0221496476545,0.9366268279992183
2564497500.0,0.9314134877354768,0.0009368443540566735,151.3199747400449,0.12131979138453278,0.005121942567210547,6.4517764190871e-05,149.7350180062717,1.0625209906017106
2564500000.0,0.93284908723231,0.0009332468196286755,151.09554409993262,0.14366578299616306,0.00514390038584264,7.051015795980851e-05,149.54685142063522,0.6364427243104093
2564502500.0,0.9325939583243904,0.000702670585749823,151.11777180698382,0.11537580845455005,0.005087811762801092,9.613222710905503e-05,149.9949934180693,1.1468378772624699
2564505000.0,0.9321825042620879,0.0005496831197745227,151.22095013601592,0.11528776443754031,0.005102352487127673,5.33986871109046e-05,149.8056214478393,0.7717048345777595
2564507500.0,0.9330835266031423,0.0005726086086106515,151.02411075509195,0.11870213197709613,0.005134940385168807,8.778142030802141e-05,149.9151140961282,0.839752889190652
2564510000.0,0.93285666417799,0.0007865732292613937,151.2243405653426,0.1256009035806675,0.0051403720892222865,7.705371043290603e-05,149.8500643431893,0.6605292827236378
2564512500.0,0.9328895238327984,0.0009288538231053998,151.0607905559562,0.1055046633290623,0.005125424863336614,0.00010029634135197093,149.6831998036835,0.8609910914494118
2564515000.0,0.9319474262186568,0.0008737819062055233,151.06784425005375,0.11763258895872178,0.005136390058970646,7.878143831104652e-05,149.75102968451023,0.9126029397798721
2564517500.0,0.9318977994718091,0.00046439580821241224,150.75214365777455,0.11868113505044268,0.005162523451233197,0.00012473967983118634,148.96617094158267,0.7850701742454698
2564520000.0,0.9306795963684097,0.0011618780309350114,150.94376843721295,0.1257311445758833,0.005146633752923622,6.107685750055216e-05,149.54723616072428,0.7878211437754341
2564522500.0,0.9304780057204757,0.0007102599889321921,151.0009208701677,0.08589762154541415,0.005136741308224881,7.185047167349144e-05,149.8219142946173,0.8398102231245124
2564525000.0,0.931965616038497,0.0005930488623074574,150.75248827412474,0.12903011889641886,0.005103678172518661,7.544441456040105e-05,149.84580348956808,0.952304328548854
2564527500.0,0.9294579139581065,0.0009993852787187473,150.69259669008065,0.13287202620137753,0.00516461617374917,4.572374967009225e-05,148.90848369348763,0.8428792244005489
2564530000.0,0.9315600359345722,0.0004411139413524312,150.65598740407827,0.13188892156021714,0.005114464395814059,6.243454871354547e-05,149.283217222181,1.0853233494113586
2564532500.0,0.9316891436400762,0.0005860149202055516,150.61861855864953,0.12695171688304657,0.005208581457601718,0.00010128966673288762,149.55917064276167,0.8465201007452421
2564535000.0,0.9335192136664998,0.0007422357145768692,150.66679936349115,0.10990439453916835,0.005181251101267246,7.521415360016426e-05,150.1628656977196,1.0214405666604278
2564537500.0,0.9297247111527909,0.0005718880167687636,150.6025532382032,0.09867163890896673,0.005159474462642128,7.37965480000918e-05,149.0115526711786,0.8484305376448316
2564540000.0,0.9319714847055878,0.0006726206877451671,150.6220794767458,0.12919626000184123,0.005210031921717841,4.787401714021764e-05,150.2504173936776,0.7098188607401555
2564542500.0,0.9302875787665676,0.0008748066054691368,150.5660300095853,0.12740841110532505,0.0051727193679268705,6.816569912984249e-05,149.17097976107456,0.952796096597947
2564545000.0,0.9317920594613763,0.0007350784500048925,150.37899878096985,0.11718198121425351,0.0052087282275076535,8.414844999914368e-05,149.25935551214278,0.910008210303936
2564547500.0,0.9313190688751585,0.0006664781269089692,150.32916404594803,0.13499495277288034,0.005240415964342898,6.171071289434366e-05,149.39732706973996,0.7931412862229786
2564550000.0,0.9299999473871271,0.0008873629546717021,150.23594279262988,0.14835970785108474,0.00525178586261007,6.495667673008445e-05,148.82674919208966,0.9476057637145777
2564552500.0,0.9335078100244316,0.0004051619621422962,150.26409121463772,0.1013474026217476,0.005207935025770225,7.038428814819895e-05,149.1562431102189,0.6213043299586625
2564555000.0,0.9295692189508561,0.0004277584257608837,150.28554918767378,0.11366887620701813,0.005155395927208163,7.729681007465553e-05,148.82659094573177,0.8509228727438969
2564557500.0,0.9322644493395036,0.0004354830799929894,150.16298861127677,0.09096231087207586,0.005228071137442029,7.172691780444549e-05,149.08983732485615,1.1705382181987798
2564560000.0,0.9304489740548029,0.000887332323077681,150.11681501055955,0.10755195217371709,0.005274296142775307,4.360147358632745e-05,149.34091680790755,0.9929719028422814
2564562500.0,0.9297759197285106,0.000701822288143812,149.90906989771625,0.11333620660189424,0.005245200915812253,8.483689115280388e-05,148.85851148576404,0.48804602936273633
2564565000.0,0.9301277917122901,0.0008720019294802879,150.0786033342273,0.10596955487523826,0.005220282616428378,0.00010472349269799553,149.4117174726892,0.9790524484040792
2564567500.0,0.9317501358494035,0.00041168758929858225,149.91461941063167,0.13315254790409944,0.005212365298190009,7.25640064158495e-05,149.0769095246638,1.2684746624365724
2564570000.0,0.932354681786269,0.0007062152609954626,150.0764885449746,0.1022537152653442,0.0052540401940874846,0.00012732664772015223,149.00478110523983,0.841290006586685
2564572500.0,0.92943929053651,0.0008909756431631524,149.8349613858284,0.11816513672427656,0.0052038107895863925,5.179086071121765e-05,149.0463218912597,0.6761257221074212
2564575000.0,0.9299130017570111,0.0008484969578957846,149.79464027199373,0.08933623095574564,0.00527485903502573,0.00010446626563531278,149.08740578084954,0.8568293845595958
2564577500.0,0.9298825945062674,0.0007503725578062573,149.86122853908574,0.11256279642003528,0.005294268804445324,8.058007048921489e-05,148.44671737023637,0.5843236917697754
2564580000.0,0.9295467544961726,0.0006421192359195884,149.86356532152428,0.08537468355198377,0.0052803793021069835,0.00010321668389940353,149.21450043279646,0.83812361729023
2564582500.0,0.9302011975612213,0.0007738597126334404,149.7101258234564,0.1115546987677997,0.0053068169911255165,5.183149822888278e-05,149.12061729953157,1.0230488089963623
2564585000.0,0.9303273236620573,0.0008085751145102408,149.68539665507484,0.1171061808296316,0.005260399162403933,7.770290890592539e-05,149.0979285793828,1.33999294122815
2564587500.0,0.9286596671356342,0.0008393818638158503,149.73414950427988,0.11194654920532825,0.005272159757433827,6.827691834190707e-05,148.64409032153253,0.5524554409737672
2564590000.0,0.9305704371503829,0.0009365752393634452,149.56566582588766,0.11497380057742106,0.005258932216036974,6.51269996640029e-05,148.66466816466385,0.7421168189545092
2564592500.0,0.9282790606307917,0.000710790285015618,149.57482038111323,0.11721248516611897,0.005242471878138347,6.119789557580608e-05,148.8416709409284,0.9395299088353603
2564595000.0,0.9315237728262731,0.0007817374700839431,149.51442442098602,0.10096571169460597,0.005294751051767254,0.00012022566260810117,148.9432628789029,0.6361204637041556
2564597500.0,0.9282427471309054,0.0005860781394302218,149.42321935803218,0.12064679877364264,0.005377168525332831,7.108433598053509e-05,148.9997551699922,0.44451101326185927
2564600000.0,0.9293785451132058,0.000928077514547019,149.46143046996104,0.09989133743308388,0.005284486285423019,5.469762373371295e-05,149.57814902657123,0.9330312615261495
2564602500.0,0.9299740040807875,0.0005967269187994775,149.41212253891203,0.09079322738475157,0.005311687279177904,5.885861291302749e-05,148.9090521789781,0.535913912384633
2564605000.0,0.9260840653322747,0.0009608276978370117,149.32940902817379,0.082170121785215,0.005347370004427336,9.066308201841492e-05,148.33335913835091,0.7568415417219394
2564607500.0,0.9295597125735988,0.0006364539669851734,149.2997848147742,0.0745573983890744,0.005296163578979508,6.323717224187456e-05,148.96501711317862,0.5217719271936013
2564610000.0,0.9297176267652861,0.0006385005293691326,149.12942055273746,0.10368521229909997,0.005285998520985138,8.515022321283214e-05,148.70157035044355,0.6103893418856854
2564612500.0,0.9298669689233731,0.0009924165164257581,149.2733714805471,0.09819478274636359,0.005371865744990586,0.00010761571296806251,148.76567495565064,0.8925695982035743
2564615000.0,0.9279560787097452,0.000794908043931214,149.16899120253845,0.11931060096775081,0.005311806743397865,6.63565306820662e-05,148.9021612148487,0.7081088771944394
2564617500.0,0.9291648337606936,0.0005909776074744671,149.0923904051005,0.10516716587214589,0.005316261078964498,5.857160022927089e-05,148.25214676248947,0.8578651995897059
2564620000.0,0.930360171765834,0.0005772868649582788,149.04485833748566,0.0889606027705327,0.005335075385653128,0.00010992671608863676,148.52447542916585,0.6807263863922718
2564622500.0,0.9268830812119916,0.0004841195232856346,149.01064382185425,0.09847124253252768,0.005350455596701492,6.930313215074561e-05,148.65678154372324,0.38495398625136457
2564625000.0,0.9297031408957467,0.0008256223500508362,149.0092890700786,0.09345640410814415,0.005391534553097397,8.950040510216047e-05,148.7054996577515,0.8909202492036827
2564627500.0,0.9279421643675663,0.0009266917486754491,149.08090542619044,0.0697151608426739,0.0053617119133967635,0.00010045386908177747,148.73797485889122,1.0127257144949247
2564630000.0,0.9262611150301966,0.0004968289359642059,148.8702032256858,0.10545761781890622,0.0053898574256831585,8.352468431754953e-05,147.77920301562077,0.7671742095501575
2564632500.0,0.9286299841474391,0.0010552957901762594,148.80395604983107,0.09072460613816884,0.005322305888450373,9.689423942706622e-05,148.08953939420755,0.9152337487032735
2564635000.0,0.9254725016420935,0.0005211470661898222,148.6869960693713,0.09557855020827566,0.005357362007530651,5.4552296180965674e-05,148.25102221519674,0.7522144048793324
2564637500.0,0.9289051880714281,0.0008646557749897075,148.75084766879718,0.11362438414240279,0.005355330542347956,8.998210443753632e-05,148.86352307507906,0.4766789484059206
2564640000.0,0.9269585741917399,0.00078997665701875,148.69912591427322,0.08346836762784078,0.005349957329385144,5.100517613361517e-05,148.4616488257603,0.5820928296145313
2564642500.0,0.9301242004554432,0.0006789312998352204,148.66885625567463,0.07230728739589325,0.005436933612026134,7.6792230081603e-05,149.10035315864636,0.834678110425687
2564645000.0,0.9263657946017355,0.0007981893718316205,148.7521602051019,0.0790308435342832,0.005409261463981762,8.15926962907375e-05,148.19434435521327,0.6963698967606368
2564647500.0,0.9275834359527155,0.0005016641935546821,148.57257532049084,0.07878301316271541,0.005421480685549237,8.24088530361788e-05,148.68323276773327,0.7068376214495107
2564650000.0,0.9274469953595224,0.0007125185150633193,148.57562613527847,0.09798082772818291,0.005397903287176536,8.087800456502335e-05,148.20409819840773,1.1515339617799105
2564652500.0,0.9271698864656772,0.0007440725118827108,148.3199037012564,0.10311706151887559,0.005421477771075741,8.68211186192501e-05,147.99678680168648,0.6067246856819883
2564655000.0,0.9279575941162074,0.0008058268528410053,148.32371345270394,0.11096606306928021,0.005488846062740323,8.544105410084247e-05,147.86777669245492,0.5708760937143653
2564657500.0,0.9273458469788873,0.000615357092840059,148.41112062376843,0.08901354786065498,0.005402966713244419,7.050927527556542e-05,147.52859585153604,1.1809193064027947
2564660000.0,0.9267937302674715,0.0003085761907157088,148.29512830898938,0.06414012270552036,0.0054014272110176524,0.00011486235659288386,147.61847434628544,1.1520916739985922
2564662500.0,0.9260360768436875,0.0008471234750485961,148.22116923937415,0.1058878048092846,0.005407295170108218,4.621731466496428e-05,148.52835196779512,0.848122751242051
2564665000.0,0.9296313363720606,0.0006789202804584029,148.0916608190592,0.0602725733996895,0.005470550763148073,8.066822078807696e-05,148.1237550077878,0.8507306353629899
2564667500.0,0.9249354360142631,0.0008020456752120039,148.25032531511195,0.09204058074649984,0.005431327286065888,6.150345501826345e-05,148.6614469909805,0.5410410683657394
2564670000.0,0.9250172480858488,0.0006713368480814328,148.12532621096548,0.05024404975640233,0.005471567312190763,7.562155621252763e-05,148.28920286006814,0.9295105929656979
2564672500.0,0.9254768504106151,0.0005226101661718884,148.2133529017401,0.07918738458774768,0.0054544191647419105,0.00011262836953075501,147.91569142212046,0.9532890332985356
2564675000.0,0.9255849395614404,0.0010647689221064643,148.03828929934514,0.09031959411945795,0.005499443282880181,7.820878513752347e-05,148.03621946907313,0.6009367665859449
2564677500.0,0.9249595552763972,0.0008610972451880517,148.12216335693273,0.08654179196424713,0.005450794101600679,6.942351525859735e-05,148.16595737486784,1.001674161098419
2564680000.0,0.9267078413930286,0.0005165127018731818,147.91572119094107,0.10031106392001833,0.0054644834586154555,0.00010226545058134994,147.97189176580383,0.803564415209062
2564682500.0,0.9251160129660789,0.00047603448002369426,147.90346990437072,0.10738587345577724,0.0054384141998104684,7.137240217215065e-05,148.30870570266862,0.7802919902142628
2564685000.0,0.9253435785448615,0.0007637922894720023,147.86395814786349,0.07465761325805419,0.005489666660155953,9.509932143795407e-05,147.83621350751713,0.7120224611584423
2564687500.0,0.9252600971703473,0.0006314766374403887,147.76154284321913,0.11477713558684155,0.005486589107752535,8.442841164031842e-05,147.94396600340963,0.7896062212253618
2564690000.0,0.9246745809982874,0.0005767980449339126,147.7995739442411,0.10068857555349249,0.005445655783023351,8.628921121132203e-05,147.8982600192704,1.0406013211559813
2564692500.0,0.9268438373681185,0.0010221980467021022,147.91241254057564,0.1260014570993487,0.005490540696243192,7.605136876964486e-05,148.66700745448554,0.6373320148240701
2564695000.0,0.9303113410590353,0.0006516658399985917,147.50595297613083,0.07609798538918458,0.005546290533999912,6.406412073826496e-05,147.191403776893,0.9688969765407849
2564697500.0,0.9224734081439218,0.0008584486766449454,147.81293124236154,0.08821033253341026,0.0054905851509894354,9.56218833217049e-05,147.70727930679146,0.9689838321290339
2564700000.0,0.9235081235560298,0.0008453280464670718,147.40257264249257,0.11774374697985664,0.005491091913039377,6.543995677142891e-05,147.32096275224083,0.7525084615975044
2564702500.0,0.9236051356775663,0.0012454242826776846,147.60166703057482,0.0841935294676365,0.005503739624846112,7.35490435758648e-05,148.0078579802606,0.7042784445677716
2564705000.0,0.9241057644540991,0.0005890333859526827,147.47038184833124,0.1365076024156213,0.005494972345814776,7.272015736594705e-05,147.51019899386893,0.5556862170445245
2564707500.0,0.9252519229466105,0.0006286668716868543,147.5190527689751,0.09492237139870899,0.005550646533383665,4.101717815636398e-05,147.65342389514862,0.7681426695713915
2564710000.0,0.92520304495874,0.0009439218102672101,147.38176788404965,0.12091014196932494,0.005577305028371147,6.657469945513067e-05,147.65698032575386,0.8097947743970694
2564712500.0,0.922843088097257,0.0005239436589657872,147.11101821218932,0.09275426288038482,0.005586740890044624,8.650251161074072e-05,147.17682072910577,0.6118668069982759
2564715000.0,0.9228625321156131,0.0006441377827199649,147.38022899090745,0.11589697591826233,0.00557203918562441,0.00010832680309826879,147.9828608286194,0.5722259389338813
2564717500.0,0.9214543325981194,0.0007286422052630958,147.01421354241893,0.11705108110526909,0.005534577068479305,6.236558977221764e-05,147.38903358182222,0.5918407020639815
2564720000.0,0.9260735180106503,0.0007986954983058689,147.34791295474676,0.125107405534966,0.0055206465793578765,9.167622374931379e-05,147.78108311001657,0.6786807144416364
2564722500.0,0.9231557504132474,0.0009035665261270292,147.07280779767967,0.1269096249607546,0.005504266610754755,6.572264442872793e-05,147.47323455920218,0.5174999981081949
2564725000.0,0.9255028166790686,0.0012217100688034878,147.01137462864236,0.08730655699967317,0.005642840795161499,7.695004559519082e-05,147.7319159445265,0.8161425722949085
2564727500.0,0.9248458646821314,0.0009550455481392823,147.02134320279384,0.1356146844348258,0.005612948218541145,7.01119711733187e-05,147.1953711513287,1.0522251280459947
2564730000.0,0.9249452735380623,0.0009251070895727847,146.8334025603985,0.09941434677689298,0.0055952053125815915,0.00010093281644709006,147.24961373507324,0.7239408103939681
2564732500.0,0.9248687104519928,0.0005406475211183842,146.69315090986922,0.10329173619954074,0.005641040968133637,8.382429585250745e-05,147.09829067663742,0.705267204830471
2564735000.0,0.9230665731704343,0.001182295998036523,146.99426002078962,0.13736603922424084,0.005610518403882693,6.286055473844662e-05,148.0840528252237,0.6392156815254435
2564737500.0,0.9230175356827486,0.0007279958153469516,146.7556238931474,0.1414219598100046,0.005574860954820125,9.141176357718984e-05,147.03776448237505,0.9661434871574004
2564740000.0,0.9236654480257258,0.0008059756193487255,146.78589939435676,0.1109514407837929,0.0056148690578511585,0.000107555652540456,146.97172006753192,1.0761958716518445
2564742500.0,0.9249046794426784,0.0005824508187333272,146.69213662475389,0.13403342307462238,0.005624691248059029,6.158153777063293e-05,147.34787128779715,0.7392163869743361
2564745000.0,0.921529482079612,0.0008744847487355477,146.71288710337518,0.1009119046137904,0.005636707604921557,6.151597035223514e-05,147.09364556205716,0.5263832526129386
2564747500.0,0.9245477446017776,0.0008466619456284199,146.60582662799266,0.12054056990736124,0.0056563694994694455,6.614147951778032e-05,147.29732295780752,0.6615509964512118
2564750000.0,0.9248605827702905,0.0008522088100394843,146.63560502791074,0.11625974443069577,0.005606976571792521,8.067975631908014e-05,147.0154104949293,0.6395679994093366
2564752500.0,0.9215404627297995,0.0007294351444523954,146.38776661466875,0.12542399958837616,0.0056431022555409206,6.917028781668977e-05,147.4879933211829,0.9052853510236984
2564755000.0,0.923289647234722,0.0011020867208510672,146.40732089260467,0.11169609177823302,0.005635614297293635,7.948478201763545e-05,146.94428005135325,0.7883681456194759
2564757500.0,0.9230351658289414,0.00046338466783757393,146.41071899968682,0.09271554834027212,0.005660515165395152,7.137467947503277e-05,147.05247146275218,0.8682517690387634
2564760000.0,0.9224027618322476,0.00040224765466263,146.3517420713752,0.1066312112300818,0.005661182188636872,9.105184498111087e-05,147.01703562974876,0.7619635825121333
2564762500.0,0.921173078746205,0.000771897603064463,146.34789974842528,0.10878684119615613,0.0056573448490236464,8.842432762170232e-05,147.26509253131093,0.7342904993086277
2564765000.0,0.9200879056094722,0.0008280664861483975,146.03919480491584,0.11562422660527197,0.005619382254691408,5.337295813403889e-05,146.59195626883093,0.8195760111859282
2564767500.0,0.9252439428459751,0.0005500111682815242,146.28454409178931,0.1311906671507922,0.005694582866144726,8.326849664852412e-05,147.38554037003377,0.8020226979243472
2564770000.0,0.9237638795503074,0.0006790700443561691,146.37827295475785,0.092711892485798,0.005640003057659403,9.030048529222089e-05,146.8394741445132,0.9759776181729642
2564772500.0,0.9216476807054029,0.0006995592084806288,146.0729766260243,0.08989126395225797,0.005622252210819001,6.0990793196803226e-05,146.5567643887742,0.7183191155189879
2564775000.0,0.9215648023871272,0.000997747556183908,146.35477060314702,0.11789282711463431,0.005702412072414887,4.9255454776897864e-05,146.357300342103,0.717355492134159
2564777500.0,0.921482162513537,0.0008192153392094279,146.03269727770288,0.09495654251872176,0.0057110591412732545,0.00012400023837265701,146.68237939507472,0.6204762794905309
2564780000.0,0.9216038894857418,0.0011878354742848683,145.91541492854915,0.09441676273642852,0.005726394756671488,0.00010673999925703482,147.0031191390852,0.6903651624021592
2564782500.0,0.9222142101579458,0.0011093987032573163,146.05648192467666,0.09434146713820826,0.005727914685752005,7.839926187348354e-05,146.65433308330603,0.6376069658027518
2564785000.0,0.9190155769189521,0.0008856380967233333,145.8638440956789,0.11716361941348032,0.005715553205486714,7.145611666837615e-05,146.35623568167978,0.804889612116741
2564787500.0,0.9207377642498599,0.0009371084990082408,145.8451565081792,0.12117686729158299,0.005717951202732143,6.895823722928687e-05,146.52890803923867,0.6739750896977924
2564790000.0,0.9207276269679932,0.0007720205504139806,145.7121690784167,0.08817634819324661,0.005690634033347202,9.215853167998276e-05,146.7070091308371,1.0437486753235334
2564792500.0,0.9206922285815872,0.0006512343818834805,145.75381609746768,0.09782526175465978,0.0056831900055986095,6.449699804965112e-05,146.85348014731488,0.5235215006502594
2564795000.0,0.9196906804000499,0.0007163757719273479,145.7395071464635,0.11775129681896987,0.0057281013850124796,6.115320465467724e-05,146.93575173780394,0.9607521399789255
2564797500.0,0.9225021948928954,0.0008893678768138534,145.73393426318563,0.0946797669368789,0.005746197745077162,6.405074832381022e-05,146.78259361551412,0.8104281427235964
2564800000.0,0.9193684646477114,0.001061227602420339,145.60356544111139,0.09741365922255223,0.00578615825277177,9.539804060486463e-05,146.89836344318994,0.7990995077289209
2564802500.0,0.9215737384056177,0.0007194874963386724,145.56782431693654,0.0992187929887991,0.0057344997408685285,5.494077869322902e-05,146.59636755485087,0.685123613926469
2564805000.0,0.9192434738794362,0.0005921753185261663,145.31034251070176,0.07995200566711863,0.005771463826611243,7.230174983395076e-05,145.77810653744754,0.5953699131704758
2564807500.0,0.9195238206368495,0.0007936587567750712,145.40505103419144,0.10296463112497727,0.0057625828031093165,5.753190107765885e-05,146.4271245611653,0.7710568562900253
2564810000.0,0.9228426730672655,0.0009130492771056567,145.21004105955953,0.09534131061968366,0.005785631297407548,6.629216014893625e-05,146.60300754293263,0.6935040540934345
2564812500.0,0.9207048989389464,0.0008919200043465262,145.44091887809003,0.10882125670163555,0.0057669363515454805,6.985163212255065e-05,146.5287415775421,0.850921806237242
2564815000.0,0.9212987024785114,0.000577882090866512,145.27795380147472,0.11972034305262601,0.005802739800339916,6.063568670484753e-05,146.61541616707257,0.5283177854523777
2564817500.0,0.9216204964301522,0.0008061879152060892,145.08512849937176,0.12198799409044786,0.005766280415545991,7.287957429724639e-05,146.0386580264319,0.788858700986849
2564820000.0,0.9193938097861244,0.0008814003761845841,145.1583531684856,0.11908440940092932,0.0057319144651362475,4.515002097582003e-05,146.21042273726192,0.5456243210191596
2564822500.0,0.9204823428063348,0.0009279734503086843,145.1924646626847,0.10738186798984908,0.005781497212533131,6.910934048782209e-05,146.2674257479757,0.6752842667213345
2564825000.0,0.9206569537621665,0.0007903731353194151,144.97100457406012,0.0722662170578359,0.00582438270425887,8.571748668636061e-05,146.39342096070922,0.6512183997796188
2564827500.0,0.9165865806709592,0.00077701915574235,144.87891922699453,0.09651040517316603,0.0057533372449338,9.434708523874855e-05,145.77638102137428,0.5497939937054901
2564830000.0,0.9230704089391829,0.0008380913032098985,144.88952304811747,0.11144707183540178,0.005790604933371064,7.384186708439497e-05,146.03783101603636,0.713584684206694
2564832500.0,0.9189369030297067,0.0008049308879226284,144.84683919888548,0.10853467147545648,0.005804993828285125,6.889340270007699e-05,145.57882119596331,0.7696885065283002
2564835000.0,0.9192320686373632,0.0009121942672718129,144.81453839705532,0.11092269288353102,0.005806288388141382,6.940366243247163e-05,146.12997121094693,1.1712306361028526
2564837500.0,0.9198696536992282,0.0006453474709189325,144.63784896928507,0.12788292915415309,0.00584207872264417,7.609514610389674e-05,146.12231545670372,1.281254047932815
2564840000.0,0.918469433988102,0.0009280146375766374,144.68012969267738,0.15865556224393867,0.005842187216878578,5.7823551865682864e-05,145.50366101943303,0.9918956551208556
2564842500.0,0.9209400135287438,0.0007039647334624674,144.51105567647778,0.15423770093075737,0.005854485561503976,6.191769748566938e-05,146.17001964751964,0.6589669246612332
2564845000.0,0.9187223233878132,0.0008796166739404578,144.54431358402553,0.12713995413136162,0.005894476436181703,7.986324947776844e-05,146.32927193341644,0.6594173401439067
2564847500.0,0.9191403931687154,0.0005722643680764242,144.65907963924218,0.11907929267306709,0.005798686219138292,6.1894177983842e-05,146.49114336955117,0.42706495736995764
2564850000.0,0.9195186610665125,0.0006531104832163279,144.4027558871692,0.1287415734544951,0.005879465542226555,6.562110209555067e-05,145.54536347992368,0.8569525457553742
2564852500.0,0.9190233105302317,0.0010598281283446173,144.38637101665927,0.10895042421236212,0.005879315970261789,9.13601317095592e-05,145.52935346145156,0.6906113541985981
2564855000.0,0.9181304340828434,0.0010388960590910342,144.48709091654112,0.13500494292616616,0.005838384913570604,6.28483190090589e-05,145.81758493534002,0.5588441001842106
2564857500.0,0.9181329000594622,0.0012555130289151253,144.2959260394064,0.13174111803012903,0.0058889579378557265,7.516252247170428e-05,146.1161081897202,0.4963163222945105
2564860000.0,0.9186087012435867,0.0009265172701352257,144.2979669830985,0.12431519028908741,0.00586868976213061,7.196987037875807e-05,145.54411917356344,1.0557653990624796
2564862500.0,0.9159138074457274,0.0007238055774349548,144.21698409259113,0.14688484325305418,0.005846084931720141,7.777240241505546e-05,145.7603871982747,0.4507212076576482
2564865000.0,0.9191975728755162,0.0013695259688158224,144.04727219147622,0.16033207011112768,0.005885655232844883,9.735927473955816e-05,145.85508051797504,0.6691238945235248
2564867500.0,0.9171679289423087,0.0006431745802300919,144.1566797289598,0.13815921563411854,0.005908544762939466,8.052670907827049e-05,145.529436492947,1.0351982122555072
2564870000.0,0.916886468882759,0.000815386470970022,144.22520293681816,0.14349791447808505,0.005853618783205361,6.301263986862102e-05,146.10240049187905,0.639776548280845
2564872500.0,0.9190354262638274,0.0008620817082938283,143.94298006475847,0.17009415854412396,0.005866460850035228,6.197126542620153e-05,145.69591871078833,0.6335384938328824
2564875000.0,0.9189849730676516,0.0010716046459044032,143.99034090469624,0.11487497951414535,0.005915100056570081,0.00011982898752714043,145.37636117380427,0.8005648713190703
2564877500.0,0.9167744402358853,0.0008978240217459508,143.72847509349816,0.13339489259746773,0.0059380705118060725,7.297986427552122e-05,145.0216864887953,0.1987653060622386
2564880000.0,0.9185422774813216,0.0006055872962528841,143.74333609158498,0.15469114494860922,0.005872737048651206,8.189180860933328e-05,145.2070891748389,0.4996980069266891
2564882500.0,0.9181042487353648,0.0005751862752821505,143.87175642186426,0.1319826040409037,0.0059249560039046165,5.8602476716501925e-05,145.8829991543227,0.8881955780476567
2564885000.0,0.9176740365109848,0.0010575791245928654,143.6872018143386,0.140149971510524,0.005979386575413918,7.367517020268135e-05,145.5261810444312,0.7597694658202715
2564887500.0,0.9149201915655416,0.0004581599186028636,143.6580098264452,0.14559579459429758,0.005967204909457601,7.091560838841728e-05,144.99412865875587,0.7622158252698322
2564890000.0,0.9144870186643238,0.00039692616197727846,143.77089225293383,0.1645528417389637,0.0059102942808898105,8.454801351217039e-05,145.6414171748977,0.5791802577037485
2564892500.0,0.9203694358876767,0.001043597076037584,143.49799469115743,0.1583292260776348,0.005971741222152093,9.254020589102269e-05,145.39527361129294,0.724471442261452
2564895000.0,0.9151985118144412,0.0007978079388337852,143.44997225618522,0.17839783771338263,0.0059608001867305135,5.339953566808864e-05,145.32013751071278,0.7982922681770189
2564897500.0,0.9176372453168805,0.0007209596226015956,143.5062158592111,0.14796465764786018,0.005955916681912698,7.034721537168717e-05,145.22981424254485,0.7655054602451532
2564900000.0,0.915002946030061,0.0006769212913543846,143.407040322452,0.12391428348914967,0.0059659865438453485,7.730720388006196e-05,145.55452336812488,1.1759755783203105
2564902500.0,0.9192755291185095,0.0007402063300713063,143.3454950674735,0.1260693205830931,0.006032644705619891,0.00010300173138654852,145.45793675129661,0.6939069323437921
2564905000.0,0.9157759567885009,0.000501278547468286,143.3376407247548,0.17394010072619517,0.00600196541052394,6.135895821882517e-05,145.26470489810342,0.7963062712297567
2564907500.0,0.9169651479562372,0.0005867501313504755,143.07622302369407,0.11949137023147269,0.0060121260212392304,5.591373972983802e-05,145.43342010804344,0.9563809947315185
2564910000.0,0.9135013649900775,0.0008485201043445989,143.31419178866057,0.15715227473155471,0.005999937390408619,7.068827728454453e-05,145.20171508389566,0.7790184019720903
2564912500.0,0.9153550760065561,0.0011107560216129602,143.10557269614654,0.14238670295353853,0.005998607726593199,7.395048690690795e-05,145.5781187429304,0.9570381197442612
2564915000.0,0.9178610303772043,0.0010949262724102402,143.03305598487788,0.1545831596428809,0.006028380837159893,7.122571906354706e-05,145.41023014678436,0.3754005511450625
2564917500.0,0.9170560803019435,0.0008773399230588277,142.99293403891934,0.1553446207630817,0.005994505965883419,8.358877605789643e-05,145.08657554301968,0.7696806041200308
2564920000.0,0.9144895058188487,0.001060609540690208,142.95089224045896,0.15149087846588244,0.005996762991511143,3.9920101412042064e-05,145.31158692601252,0.8253064551866477
2564922500.0,0.914710273969561,0.0004972135457322559,142.90663991042865,0.16267788304728745,0.006013985554393551,8.0407153504649e-05,145.08872317984296,0.9430430532623111
2564925000.0,0.9173388090078087,0.0006828793842245207,142.75824099051954,0.16600736362713958,0.006084271145595534,0.00010124097645259716,145.27740437227834,0.8989511791005417
2564927500.0,0.9146749971220257,0.0008181011840707272,142.80102292972657,0.15048934906557682,0.0060429351134481495,6.039710732599959e-05,145.06991216217608,0.84231202707946
2564930000.0,0.914063384618573,0.0011874120818709361,142.80160826270358,0.12126930550391951,0.006098012466257111,6.648769231240787e-05,144.4955659684391,0.542252298490494
2564932500.0,0.915398799294413,0.0009098346361652692,142.64923970945446,0.1574285704299528,0.006054540944218699,5.701305179478186e-05,144.95429788915143,0.7017429347027557
2564935000.0,0.9160155099780025,0.0010709446829812728,142.61318154366361,0.1421806680663918,0.006060624297190867,6.757831022299562e-05,144.98242573612995,0.6031463899141112
2564937500.0,0.9147556711032837,0.0007827076757323291,142.60363453692648,0.1722213868156365,0.006096972068536861,8.125824231352932e-05,144.41368607470523,0.9380923798475848
2564940000.0,0.9142139122485037,0.0009255298011424461,142.27426680084474,0.14151438163120683,0.006103894790399404,7.375189789719284e-05,144.60894907285623,0.603069933806
2564942500.0,0.916865168754171,0.0009631857139193571,142.43623943945528,0.14263327487679223,0.00609301363508046,6.20082804358406e-05,144.65465540076192,0.9363171990464303
2564945000.0,0.9155741779487636,0.0006096198585367103,142.30809431206202,0.1531611943899197,0.006070566471493206,8.840704990531432e-05,145.0113034372783,0.6155776155419803
2564947500.0,0.9129699698376916,0.0010764976676723775,142.1570973562679,0.16308002628778717,0.0061131153138209585,9.013585418669995e-05,144.78404014020373,0.9286169240688921
2564950000.0,0.913208642365742,0.0008201887218660052,142.2060500252677,0.17450475139154925,0.00611127815461747,5.67678764345956e-05,144.76219436940443,0.6276944105948369
2564952500.0,0.9129881385188152,0.0005307915144916204,142.17397401940306,0.18990900478995562,0.0060115198718032805,8.700894574026425e-05,144.44739412294234,0.7937818459690733
2564955000.0,0.9118494788760882,0.0003428130301316506,142.0596539167435,0.16664125890973425,0.006066409505966416,6.771116694940316e-05,144.44779895315565,0.5961256039463779
2564957500.0,0.9123979894536373,0.0010765869926503524,142.1314714359341,0.1360235083569012,0.006121623248629809,8.22357628491137e-05,144.47808066960812,0.7025404094377223
2564960000.0,0.9122865048470202,0.001214914811922848,142.07745825933003,0.1752200522246696,0.006175959562401463,8.314821886397821e-05,144.56734588644306,0.5527292808415536
2564962500.0,0.91378247410827,0.0005745138320491431,142.03171874970627,0.16233075337280703,0.006116367279572721,6.486809184083903e-05,144.98371656661234,0.6920275147866599
2564965000.0,0.9121579937499632,0.0010980616952043496,141.76347110256037,0.1566463798471164,0.006127177931190492,8.659712829501823e-05,144.4089148215559,0.528798809023977
2564967500.0,0.9116474227877573,0.0010386318821538204,141.81061390467076,0.1758859167210536,0.006185463016030784,7.53394731505018e-05,144.78235318387067,0.8999322806707827
2564970000.0,0.9120313231217901,0.0011106095353701914,141.78953410344408,0.13193600586245186,0.0061346912723124515,8.540385453487038e-05,144.39768702586758,0.6655288645214321
2564972500.0,0.9122835814250205,0.0005356524399487239,141.6337244847594,0.1577396398423304,0.006156153581156588,0.00011701312636726913,144.00220853549627,0.458240318191697
2564975000.0,0.9124361698743835,0.0007532152103146385,141.6538572968283,0.15100528196180615,0.006172760490065582,4.369762165239206e-05,144.34409839529656,0.818420738197112
2564977500.0,0.9120858972152417,0.0008824730852970561,141.4324833243846,0.15863345964452588,0.006180016153621742,8.688819572927212e-05,144.2866299472186,0.7127225394453622
2564980000.0,0.9106069543038643,0.0008109792319715077,141.54026574418103,0.16645714586624186,0.006125432066792953,5.015931223109381e-05,144.34195435950454,0.5249909748743562
2564982500.0,0.9117441570065916,0.0011509185532737741,141.67390314986156,0.15428405872073128,0.006169830250140432,4.946404018180949e-05,144.09615517010363,0.5077763706548996
2564985000.0,0.91424388131814,0.0008751090052167978,141.44420842119882,0.13686004108969058,0.0061989447022495255,5.0537087921765e-05,144.3984900192707,0.6125157293087464
2564987500.0,0.9107134535969978,0.0005988914016870014,141.44345471445115,0.152529850254046,0.006167081056720872,4.1834164687544485e-05,144.47859009459845,0.7777640708962501
2564990000.0,0.9101504523006065,0.0006694765679473413,141.17333115989652,0.16767680108126412,0.006194525229921971,9.073608325789303e-05,143.79319483756524,0.5253571456184153
2564992500.0,0.9101124372516787,0.0008573261785342592,141.51197012259175,0.14427638095114867,0.0061767279410457065,0.00012085698272011408,144.18289294892608,0.7169307865401544
2564995000.0,0.9111307839181649,0.0006806994384813042,141.14832748963448,0.1469672916452565,0.006227518561747842,8.829955478672284e-05,144.16487734874698,0.6320837151709853
2564997500.0,0.9095562336705102,0.0007191891060874156,141.33547464565476,0.11895811026262768,0.006189360657493446,5.8769475524141174e-05,143.91297804727628,0.9217953539595345
2565000000.0,0.9096851860598046,0.0005875648768463534,141.05199414761552,0.10035468018639326,0.006261519057547777,5.333889966695475e-05,144.0246336278196,0.4291666808142997
2565002500.0,0.9113569529684593,0.0006870048157311552,140.95712870422943,0.15244092951585073,0.006210780797412823,6.45314659527873e-05,143.66555172618618,0.39416287039743614
2565005000.0,0.9101552303126204,0.0007013168772134878,140.88946372722344,0.14929093977123437,0.006245925597154277,9.002880692012557e-05,143.67208980129234,0.7934240309253655
2565007500.0,0.9106287108356513,0.0006998831750944482,140.950064041384,0.1227315950413297,0.006270661080837631,8.121102329449787e-05,143.41977878107787,0.486451325315275
2565010000.0,0.9086802906716789,0.0008364885220373935,140.90184036079188,0.09908699339324224,0.00625968846462668,8.062205631249228e-05,143.85836668837356,0.5079374464529461
2565012500.0,0.9111893417805133,0.0008429001421287098,140.89714279947145,0.1030325081460216,0.00627578678990043,8.05131561544291e-05,144.08498976736115,0.9070416686160504
2565015000.0,0.9117132538733513,0.000592062253030778,140.4770724665446,0.11728266003477002,0.006360006397830844,6.500782811524433e-05,143.4944195596315,0.6835756842687052
2565017500.0,0.9089256362732838,0.0008023906266671826,140.48337007755822,0.10445730573801057,0.006288485868204695,8.994835936910399e-05,143.8311342176361,0.7119537026666258
2565020000.0,0.9093016489903802,0.0006783086647838742,140.3820506613855,0.08726296503935108,0.006317206670439056,5.5220125815363834e-05,143.34415821620354,0.7265940605188418
2565022500.0,0.9106412092799693,0.0008173733185418704,140.62527269029127,0.09458932941477888,0.006292588193846095,6.537980798312134e-05,143.73548810591296,0.6431360296541327
2565025000.0,0.9101669694074757,0.000634480055395291,140.42390035025008,0.10198649834234538,0.00632691258875725,5.0734472242176075e-05,143.6563875777866,0.6884110817552824
2565027500.0,0.9104863467538858,0.0006155445961518875,140.28455481011318,0.09108813158063435,0.006317000878820874,7.522002465186383e-05,143.72472294722363,0.9180300159002854
2565030000.0,0.9070248796501834,0.00091077345971611,140.3855212898419,0.08953930441042926,0.006249751488885104,7.061863288147976e-05,143.46178695377384,1.0120979169040547
2565032500.0,0.9086793557274078,0.0014565065101436808,140.29249204938503,0.11114382600734876,0.006291318925345747,4.7326725193599785e-05,143.31366282058875,0.9379193161490882
2565035000.0,0.9099468905768877,0.0009750656728177107,139.99522388845546,0.09911268926013683,0.006309638970809174,6.931033214030048e-05,143.4215179824969,0.6345294986408014
2565037500.0,0.9098064075493402,0.0009615250680023807,140.20731019812303,0.10732544341091105,0.006350786610460782,8.058342075308016e-05,143.8667336099732,0.7238727718498692
2565040000.0,0.9098159492880183,0.000833878929537839,140.068996282378,0.11359597589159895,0.006336698798856967,9.281089131111565e-05,143.46043317107456,0.6067165467904979
2565042500.0,0.9083726761277522,0.0008100957447052684,139.98322436239044,0.12532484004400213,0.0063140554514630395,4.412804365427516e-05,143.31591280240562,0.7662487456615417
2565045000.0,0.9068464413218192,0.0007463950034623369,139.99938820857895,0.09431051140602288,0.006367807145096804,6.204804028108068e-05,143.27521161810597,0.9027909961017121
2565047500.0,0.9070230323189636,0.0010532470592966687,139.83713365756975,0.1144904895581661,0.006321767053773626,6.617883393561444e-05,142.83673311002033,0.6130124186593778
2565050000.0,0.9051472735933287,0.0010386444560978772,139.76607010468086,0.10526453143879756,0.006307190228635231,8.737841470952405e-05,143.48868041744186,0.8151760678156531
2565052500.0,0.9068534423732438,0.000812190126754818,139.78851845734079,0.07882796846074808,0.006339661147509115,6.636358941728854e-05,143.32579255319177,0.6515906263344107
2565055000.0,0.9088158670621784,0.0006694388147590643,139.74428754251034,0.13018762626197972,0.0063517812079685,6.567376560269758e-05,143.36248830853114,0.9207939540744317
2565057500.0,0.9088491391457686,0.0008553958664910318,139.56488982384894,0.09059676816781953,0.006392960476355556,9.551565896485693e-05,142.53750648776236,0.7354946662950869
2565060000.0,0.9083097249390972,0.0009144673056865027,139.59679263188278,0.12108060649699255,0.006354267734229554,6.401184457186278e-05,143.3303317082682,0.8699390822719381
2565062500.0,0.9082729869864834,0.0011639963976356434,139.50710241120703,0.1089563517511953,0.006397236547460707,0.00010230503368982383,143.1502120593354,0.6663849354231866
2565065000.0,0.903407703361525,0.0004722242368719563,139.52681271446852,0.10782777074702513,0.006384485571772368,7.04204790136308e-05,143.5997835863895,0.3620149893734424
2565067500.0,0.9088737997721665,0.0007020766973016707,139.3205251529833,0.09630495013310404,0.006424359200549625,8.771163460832153e-05,142.8227728952835,0.6876765118479016
2565070000.0,0.9038726796781227,0.0007341169895285405,139.2423569755988,0.10740909028630446,0.006416614935155487,5.5863544610942535e-05,143.06399988786276,0.637125275005873
2565072500.0,0.9060574752677789,0.0009857843571802792,139.19853378262155,0.07646082572788411,0.006435194634965847,8.671620275386544e-05,143.00394806459332,0.8568919301533559
2565075000.0,0.9074213905190576,0.0005898634944824481,139.31241832466625,0.10505440210321235,0.006440109525191139,7.502164478248092e-05,142.91429303519865,0.6642331101488028
2565077500.0,0.9051914040228911,0.0008192117219693768,139.1014508228408,0.11222852673319557,0.0064543383085736705,9.671221457257445e-05,142.51431825903018,0.6388808189820144
2565080000.0,0.904438953729406,0.000800562584556911,138.9744993830589,0.10254641805872546,0.006446565195391798,9.65508458399209e-05,142.7631444905455,0.4260332072473146
2565082500.0,0.9073889203533106,0.0011023785505233697,138.85036704575705,0.11877175017770569,0.006404897408803439,7.20309551546854e-05,143.05156236259194,0.7183510675272204
2565085000.0,0.9046258867099263,0.001080659544179646,138.795684991763,0.09978611135309227,0.006471351127870044,0.00012254552666711628,142.95693184660627,0.6965132101687778
2565087500.0,0.9054036921434707,0.0009434214052761112,138.9070582026179,0.10316179034965253,0.006519273924933226,6.285215815885647e-05,142.68491967008995,0.6416474360011961
2565090000.0,0.9045336418170608,0.0006527010031589449,138.7564763118007,0.10436293497910087,0.006445029442580695,7.51582710430706e-05,142.4832760426486,0.789344818266177
2565092500.0,0.905644403874615,0.0006970963079475667,138.6185309196002,0.08586652643384235,0.006544180929226078,8.935706698096142e-05,142.81859996730037,0.7494094560169409
2565095000.0,0.9021891019523446,0.0008085201123247502,138.46577149611844,0.14419138454569583,0.006467695765907553,5.945785880002396e-05,142.6881116437772,0.676320620789223
2565097500.0,0.9026701888618801,0.0011479213065326266,138.47474317670998,0.1369243180269438,0.006526993137507502,5.663774183544174e-05,142.69024997967173,0.647256497873531
2565100000.0,0.9034428923426121,0.0007797655420933987,138.4704075805452,0.10882115070524405,0.006520823305509225,5.608851971534642e-05,142.49546165338785,0.9011871784605573
2565102500.0,0.9052428945573563,0.0008373249484011806,138.40411089636927,0.11501013805920393,0.006497333733779456,6.262594135699964e-05,142.41503704347323,0.6588102756550551
2565105000.0,0.9063676431548948,0.0008466831921596038,138.42441500019396,0.10219916725099482,0.006517239802584095,4.091443547706224e-05,142.43155122165308,0.49563747560932464
2565107500.0,0.9037905651473067,0.0007304681937718149,138.2755321376949,0.15481105627958164,0.006596709764259575,6.386418739666364e-05,142.1309056761709,0.806962182382937
2565110000.0,0.9040082594600378,0.0010452460521870256,138.21484409007638,0.14563837462344242,0.006529510808850444,6.219798984524264e-05,142.01386968063002,0.6457456326156271
2565112500.0,0.9054815691490737,0.0008584106119629984,138.048748469811,0.14699487477768777,0.006578829434657141,7.613942710873634e-05,142.4380321841065,0.6361839314441522
2565115000.0,0.9051859093765466,0.0006527476550754823,138.16479477865974,0.1359902404669618,0.006570152611616996,6.120641052318734e-05,142.8384118771905,0.5608357202792986
2565117500.0,0.9039413503544138,0.0012027996601590826,138.01996720675382,0.13020404580051811,0.006579295012319324,7.820722610665778e-05,142.16937413670837,1.124472560163874
2565120000.0,0.9035296737580157,0.00039055945018104035,137.9750072085601,0.12586962949196465,0.006565068019827551,4.7566040634187636e-05,142.16297163303605,0.5065517022568021
2565122500.0,0.9045489278632995,0.0006685457897267578,137.88343014565953,0.1619278652040379,0.006601124923086756,8.442404846618857e-05,142.27580716444123,0.8028069341276918
2565125000.0,0.9001129435381416,0.001208082911979143,137.76267712114858,0.13257230087887312,0.006560972489548553,4.670776229043934e-05,142.03614019594283,0.7221797307795897
2565127500.0,0.9027418703666801,0.0007349032686957721,137.82608455350686,0.14964910424824485,0.006616535009862297,8.0081403687356e-05,142.09479955885013,0.6631403683440485
2565130000.0,0.901900001759629,0.0008494912107786721,137.60919592198064,0.12029368408711553,0.006588769835294305,7.488096974023436e-05,142.10951525903664,0.5932111894441509
2565132500.0,0.9034402074951284,0.0008345666590952855,137.74602829427587,0.1357082554107972,0.006611487768999973,4.7586891161273974e-05,142.33852194414368,0.36790652234869003
2565135000.0,0.9022594197419661,0.0007553536407513747,137.6203476181404,0.15030726261702831,0.006675404535435178,5.5742438456442014e-05,142.33991225473966,0.7263943641499351
2565137500.0,0.9036090581579763,0.0011776190652962423,137.62199400169683,0.1568479449962662,0.006619275409118728,6.378475098700395e-05,142.18678056486334,0.6215403402200278
2565140000.0,0.9008102018710757,0.0006223134777892536,137.3754857968384,0.16094056147443214,0.006611099648932988,9.724005037004247e-05,141.6446530366598,0.4222544548175558
2565142500.0,0.9019514648958521,0.0010401378330624944,137.34092300734474,0.17353306053904513,0.0066305714510357504,8.27045821938392e-05,141.89907848355685,0.7101064884821212
2565145000.0,0.9021974858076895,0.0005926209295724949,137.38749042889387,0.1809922752490756,0.006687995416356241,8.989332130334735e-05,142.26046845158479,0.6058329624119563
2565147500.0,0.9039120852093653,0.0010948052432602372,137.24596254467667,0.16410020673511236,0.006652993916201199,6.973323198884323e-05,142.25470436596524,0.7868604411548074
2565150000.0,0.901522406468587,0.0010906795986375746,137.0312847174074,0.18396052539768232,0.006680897194628986,6.685776829667608e-05,141.49062220014636,0.3524144939987354
2565152500.0,0.9022965303864009,0.0010251715926114678,137.03119235138908,0.1368185258597644,0.006682050789554162,5.642383390050967e-05,140.98555224749478,0.37137613025626814
2565155000.0,0.9013568013668487,0.001051096313051533,136.93362085974167,0.15612066775688527,0.00664444481839962,6.363700081432136e-05,141.24000301277374,0.8145019360514172
2565157500.0,0.9024552001477094,0.000881913553325596,136.87068737015184,0.18030960569637608,0.006726369933785063,8.327923291138606e-05,141.6233101874529,0.31203013884232866
2565160000.0,0.9002370889697265,0.0010313438685137042,136.78259508817717,0.14164570042679783,0.006668498032019822,7.887077588230886e-05,141.73591064447857,0.6694104814127376
2565162500.0,0.9030227190619241,0.0006845948006545541,136.76160976782023,0.18668213326877353,0.006755349597082613,6.0247477591319276e-05,141.48299996356744,0.428552769369489
2565165000.0,0.9019175241991461,0.0008040818888959339,136.74763513209066,0.1637213546250067,0.006681942953685926,5.452175205656067e-05,141.67145412032804,0.5161946930004286
2565167500.0,0.8998917625530639,0.0012105142569011895,136.5021294482839,0.1731362875738941,0.006702146167467171,8.149423136363276e-05,141.72844109481628,0.5156452219539054
2565170000.0,0.8992668594647668,0.0010018609577551797,136.51979902999176,0.17109237731475022,0.006711755298932647,4.24791435904226e-05,141.40218284370502,0.909717267701802
2565172500.0,0.8990009899937546,0.0008886090813732217,136.5038564879126,0.17430497086710353,0.0067161693878893015,6.87741055190615e-05,141.6562962770643,0.7762875714586276
2565175000.0,0.8998459347917508,0.001070046362256606,136.31762524441385,0.16068874911920517,0.0067806063926935545,0.00010294656454412876,141.05191963324643,0.33573712979984555
2565177500.0,0.9007128162737899,0.0009933729734278977,136.26560679853955,0.16358966012670662,0.006767550173134863,6.215421708067069e-05,141.48542796504537,0.8261210393261031
2565180000.0,0.8986723475446825,0.0008399196810022234,136.27606728741043,0.14225487567382902,0.006738705461539068,9.55447637468554e-05,141.17646078593603,0.5102795182608346
2565182500.0,0.8992116174345981,0.0006405955657623451,136.19180180342025,0.15726485975034932,0.0067206456962947275,8.166990623477988e-05,141.29172191713593,0.7288649821898388
2565185000.0,0.8990577238835987,0.0013262178074455548,136.1910986281728,0.18359304116535505,0.0067603118556521374,9.028415535919412e-05,141.05587905358703,0.6548547740350698
2565187500.0,0.8975205469647808,0.0006320465385245113,136.0957827032598,0.16450946837651784,0.006745248212837415,4.515361057152197e-05,141.01068363758333,0.5653529261496814
2565190000.0,0.9021673219403775,0.0009836275413780638,135.96186738363838,0.1485013257545125,0.006784058060496909,8.005786492830436e-05,141.26053170066686,0.7113857433684383
2565192500.0,0.8983229840193375,0.0005507040614598557,135.92558237999984,0.15801804020977184,0.006736504583494653,0.00013634719293792688,141.25554666283307,0.7225892469116063
2565195000.0,0.9000758599189316,0.0006688144361365085,135.9229601711981,0.15641467260955205,0.006831792551729534,6.024589001154342e-05,140.7875894179407,0.5606799138622702
2565197500.0,0.9007721348584471,0.0009157462110995986,135.80032397534617,0.1583735998849868,0.006879510143547149,9.657040585003607e-05,141.1253960741278,0.4954896047486159
2565200000.0,0.8954985772229609,0.0005564552256364716,135.70616359491387,0.14014521990950352,0.0067354354855686995,5.821079091561743e-05,140.32669127872458,0.4947632484860565
2565202500.0,0.8997359959092107,0.0006916694550727615,135.53794905768467,0.16627277421025932,0.006854067015669578,8.316349927941823e-05,140.97229203095264,0.5605206813298597
2565205000.0,0.8976849975608207,0.0005494191346568297,135.58399379167622,0.17193814020310885,0.00686878221725321,9.658575571742155e-05,140.52607543582872,0.8998863444785096
2565207500.0,0.8972904199445804,0.001047260748604353,135.57516859625096,0.15780931996281689,0.006830000389951142,9.163211533003176e-05,141.04882517608183,0.5392548680083891
2565210000.0,0.8948518264386508,0.0008288014850103403,135.64623896386374,0.16318536312245366,0.0067937268238924126,7.772427704481842e-05,140.9155543617146,0.5945241782224367
2565212500.0,0.8969856545444961,0.0010297893145778505,135.40157606336268,0.16499071056030812,0.0068330394572072035,9.521787257537997e-05,141.1345891966742,0.7785762851762345
2565215000.0,0.8967261820057048,0.0008221845765275446,135.24866554402894,0.14033014715798184,0.0068404478369123636,8.200966018495738e-05,140.31645188862723,0.5857892527907971
2565217500.0,0.895828752665223,0.000974529028270041,135.01968106864962,0.18139951152312503,0.006832757817053053,7.760282523356401e-05,140.233143901886,0.6628165250152928
2565220000.0,0.8992878849156519,0.000860294654832054,135.16066983111412,0.17161835761007108,0.006850730816701776,6.64106153482729e-05,140.55944084505333,0.7258369184492895
2565222500.0,0.8955563329699374,0.0005054704867276604,135.0033222449066,0.15688949475576314,0.00690367826652029,6.804729251385559e-05,140.7516490760317,0.470118937642983
2565225000.0,0.8953899886786281,0.000828629979126187,135.2801106535291,0.15158758072189696,0.006822482549630611,5.729768425750005e-05,141.18188849972836,0.4479886908651228
2565227500.0,0.8960427386439621,0.000900025260548298,134.94064422539114,0.156851493002164,0.006907009076710955,4.981848186659735e-05,140.82421224044245,0.632833618063154
2565230000.0,0.8954563308789477,0.0007169126278442568,134.81222786685237,0.15453480295954689,0.006934125023502177,7.283878623930826e-05,140.73279956457168,0.39950075379877587
2565232500.0,0.8951035243260381,0.0010573254003239285,134.871692236647,0.1731580816977118,0.006892674237120798,6.816769951996902e-05,140.43601058343125,0.5154960804866416
2565235000.0,0.8979659555443955,0.0009464968810512049,134.77024574781842,0.18075281544173222,0.007008293552219368,8.336440018260294e-05,140.4587312609118,0.6011855401474957
2565237500.0,0.8944751440252794,0.0006957026273416403,134.38587815762193,0.17681605300282494,0.006916435637849031,9.66047754842392e-05,140.46119337254223,0.3515719157169192
2565240000.0,0.897262847891586,0.0009754685299829636,134.680192922105,0.17595839772829502,0.006971634025846319,7.228925011442559e-05,140.54125561773694,0.6394044244779823
2565242500.0,0.8953664658670184,0.0009358417448813164,134.44024008558702,0.1867483006896825,0.006924805794881368,0.00010828976260843042,140.1607816643416,0.35306319435549927
2565245000.0,0.8969348450832136,0.0008294206204063846,134.25009911229043,0.1788925855837754,0.007021651587387825,8.353532242112512e-05,140.29018904649178,0.5550526492901902
2565247500.0,0.8955456428569055,0.0013349029409131423,134.12353524527197,0.1846114870113377,0.006993729308984513,8.065323382695639e-05,140.03151135689058,0.6791912002612925
2565250000.0,0.8946473737888492,0.0010784408884233542,134.36501528339912,0.18564450000696023,0.006923322655818675,7.339162994579823e-05,140.30388678428307,0.6964446729047612
2565252500.0,0.8952788125573421,0.0008430464913705154,134.07694970448608,0.16084041515737887,0.007012646602105304,8.012213360258065e-05,139.96115778066496,0.6556812119538069
2565255000.0,0.8930183709558551,0.0007073982126081285,134.25196543622795,0.18268663422036047,0.00702470894406045,5.629867070113224e-05,139.93159192802355,0.78192362716727
2565257500.0,0.8923953380917777,0.0007708888744265288,133.8757380278712,0.18685671799846548,0.007013182582007392,4.941273562664085e-05,139.60468349436383,0.7429353456702181
2565260000.0,0.8916949261699748,0.0007513354426885332,134.03106455862326,0.17577976695153044,0.006969490292426311,8.374535901582207e-05,139.92693891578148,0.7221599051877778
2565262500.0,0.8929668369576732,0.0010380191168865075,133.84487489748892,0.15635225749431902,0.0070122100305054945,5.261637951960902e-05,139.93620379051,0.5479097799026924
2565265000.0,0.8922068519604922,0.0006453391956979155,133.69507311153748,0.19771119166030837,0.006993042028563758,0.00010485805348061294,139.73049474416752,0.7593573496496081
2565267500.0,0.8922115920554724,0.0009698811599604822,133.77490255398789,0.16588595608872725,0.007007317807588024,5.973429218095663e-05,139.96631407733915,0.6545345500535202
2565270000.0,0.8939427979822441,0.00087666598265562,133.592889837181,0.14701831842508462,0.007086554701064732,8.240524600270438e-05,139.7611957629228,0.688132115009239
2565272500.0,0.8921152001176661,0.0006817368518579857,133.6026542614872,0.17155241433136176,0.006975260027948881,6.236102662616984e-05,139.62571027002792,0.682913099800781
2565275000.0,0.892163404955851,0.0009503353621908941,133.56338931210433,0.18001465856040225,0.0070311699944662735,9.67149568173506e-05,139.44631374383835,0.41520314676380077
2565277500.0,0.8894163920088142,0.0008786947093780001,133.23635563629375,0.17917155907678495,0.007010563346636853,7.431405786652625e-05,139.6730723047722,0.5936269410757858
2565280000.0,0.8918398476841044,0.0012208182433837572,133.53792355005677,0.17620564811085038,0.007054365737286194,8.896945514208672e-05,139.71792049813646,0.344156869983448
2565282500.0,0.8928291673864072,0.0009140177516992437,133.20761403211174,0.21549506600055035,0.007048955492306876,6.954873347605869e-05,139.68704748804012,0.7633636844078557
2565285000.0,0.8929566611757733,0.0006878595309458463,133.1867638803218,0.2089753871717785,0.007127769873836957,6.454437600716498e-05,139.9266490137926,0.6725437053970703
2565287500.0,0.8900978145473648,0.0010542082980788668,133.13436657269506,0.21408589831184482,0.007066395527372419,4.475441742929436e-05,139.5813027895452,0.5828435700711901
2565290000.0,0.8925829640480284,0.001262463968606718,133.10341598951715,0.1898198056538023,0.007102547047216208,0.00011925688490481969,139.34159567684202,0.6599079473779988
2565292500.0,0.8930888138380798,0.0007077164166584177,133.11669792442083,0.2144885823682495,0.007087609680004624,6.67409207459746e-05,139.9828890698043,0.5980105143621032
2565295000.0,0.8904094304129084,0.0007466726181568513,133.00809824943164,0.24720798859653847,0.007100334947207049,8.603335551807331e-05,139.39361903527455,0.7946542557874041
2565297500.0,0.8914092690315105,0.0008758443213513237,132.915402229912,0.21339771008665787,0.007123862865261261,9.192784383440082e-05,139.15481593244144,0.6908202353734479
2565300000.0,0.889674764218315,0.0011854937873893377,132.83807189673414,0.21236170712147776,0.007151299856766787,6.982868577104756e-05,139.39015926799485,0.3358795764515994
2565302500.0,0.8904813930694911,0.0007951002314875527,132.75387746755035,0.24316000679191538,0.007158879328835707,5.916041867452937e-05,139.4357556905433,0.5722637142035557
2565305000.0,0.8931085512257607,0.0006203002639908818,132.4679901082522,0.25275105512506585,0.007185322860655827,8.537840562649945e-05,138.86833369466834,0.41748035307885495
2565307500.0,0.8885903559946207,0.0010035599117862424,132.55967132863336,0.23907928787412258,0.007096420347144173,7.784700186912482e-05,139.0069641209074,0.4285702753977634
2565310000.0,0.8896566351745046,0.0009363173395145121,132.44316239766758,0.2611939546790801,0.0072250403938041805,0.00012772751005635203,139.0751621887777,0.47179729041880347
2565312500.0,0.8874710304526179,0.0006986132570243625,132.36396747643613,0.2322231954288689,0.007149220526603369,7.633507286931424e-05,138.97832000664576,0.574391968872353
2565315000.0,0.8890845485244667,0.0005672837731235811,132.22393428159504,0.2455460379867367,0.007173764917318179,5.7461424121077814e-05,138.9691677530099,0.6142310605388145
2565317500.0,0.8883313244690988,0.0008509357014925616,132.16994274312665,0.2367633312524882,0.007132452829737118,4.9963135297353144e-05,139.2395938957165,0.46669995460004626
2565320000.0,0.8900220135326039,0.0008789262593965464,132.1599913113127,0.2479618633885552,0.007191797880309166,7.257692761155863e-05,138.70772958104754,0.9040517111652487
2565322500.0,0.8885981532657169,0.0010161174782599856,131.99043341961695,0.22461602412315732,0.007159722577245176,5.705670324487603e-05,138.5502011649475,0.5131267372852137
2565325000.0,0.8877128789208888,0.0006336316941836434,131.91145975846018,0.22488892961181045,0.007230317497130639,6.994325098016927e-05,138.80992430498375,0.6600483179321222
2565327500.0,0.8879160217653511,0.0009073867315898002,131.90083892180354,0.2419691665544006,0.007219691750191203,9.870792531534015e-05,138.73805919158258,0.38983954431511664
2565330000.0,0.888617682963412,0.0007926598337939887,131.75147038767162,0.21671297918463117,0.007196335221256098,6.986184042202994e-05,138.76644326894134,0.4360653510443246
2565332500.0,0.8861933681824806,0.0009709260342529271,131.7073501623876,0.2318752298160734,0.007199563811098855,5.3195203073612045e-05,139.19316102409684,0.48934551554585265
2565335000.0,0.8848941224623902,0.0011718296002060508,131.62329479531127,0.2523550281269153,0.007257986717807564,7.635772352582736e-05,138.38166347940628,0.8719662817241609
2565337500.0,0.8886762458912006,0.0006925745295714785,131.64098592459553,0.21999193619397017,0.007234346118953823,9.953112974305965e-05,138.67683783709163,0.4982749475065988
2565340000.0,0.8877994980877328,0.0007640530886462328,131.53729191260615,0.22642618248371724,0.007253783487793897,0.00010421781137142183,138.9121254598438,0.5700461890217612
2565342500.0,0.887015742183719,0.0007742309446497536,131.4633888106567,0.25178697224619934,0.00728368399297527,8.08854652289535e-05,138.7099631902775,0.726941822435835
2565345000.0,0.8865164104248665,0.0009172267951666244,131.28870756237833,0.20176470538294708,0.00727597015604582,5.98781917674452e-05,138.17608729618098,0.4801110688741968
2565347500.0,0.8858651109102428,0.0009928486341778755,131.24363218824894,0.2187079929286009,0.007314405834833922,9.456974957870089e-05,138.08302264658386,0.6567999185015975
2565350000.0,0.8855204039677935,0.0010522502942230116,131.24384354453412,0.2419753838597135,0.007322355983854587,5.709236122748845e-05,138.48923723292185,0.8216183083416627
2565352500.0,0.8848910182782387,0.0007743721037859633,131.09195065257407,0.20830700655411113,0.007291144839292321,7.624693127177938e-05,138.41764485144245,0.6420613912448573
2565355000.0,0.8846213439488545,0.0010596109178961245,130.7669637256193,0.23429641728899936,0.007296673835416082,7.22124822144904e-05,138.24965563283848,0.6078019792892375
2565357500.0,0.8866769901396916,0.0007333418458305005,130.84767316892808,0.2295634593155378,0.007282347886946645,8.29605415308271e-05,137.9547026672875,0.6204397084665696
2565360000.0,0.8869409074404624,0.001154335313762162,130.71168295585613,0.2231549143158925,0.007323508512132733,6.44488050241611e-05,138.16784452920655,0.5229350514664077
2565362500.0,0.883497027373861,0.0007149581291885092,130.7505351975126,0.21336140977077458,0.00730240847734609,0.00010606932140564344,138.2582285585971,0.7262725218818737
2565365000.0,0.8850744600549431,0.0012099447785400696,130.6914505529528,0.19796905986799637,0.0073426539673276,9.75760994199711e-05,138.38606338770913,0.6733128947602629
2565367500.0,0.8847718882343871,0.0008309068083692867,130.63284144136637,0.22064519567033022,0.007323585536165456,0.00012456024047580492,138.07108159748526,0.70249010469463
2565370000.0,0.8839484662132662,0.0009265036728707805,130.33491673173063,0.2143444851248996,0.007364777262186796,8.155086140224228e-05,137.87505700803865,0.44997241113203523
2565372500.0,0.8826055827841223,0.0008468228865269704,130.42145008143675,0.21962770961226338,0.0073551985495063955,9.661959682753735e-05,137.69148661104418,0.5869194126274628
2565375000.0,0.885662510091617,0.0008084886195448419,130.3101605068272,0.24467166563977671,0.007457789393636822,7.432255291758308e-05,138.26960369862914,0.4488915895695673
2565377500.0,0.8856696408319394,0.0007232992669801346,130.0539822812897,0.22074588049533453,0.007447192595208374,7.622807029587417e-05,137.99849056863619,0.8395190468818333
2565380000.0,0.882964436283054,0.0009533911202248559,130.03324388559014,0.2234282953619856,0.007409482310668149,7.804762479671733e-05,138.14461049734507,0.48169355234973926
2565382500.0,0.8842804935423326,0.0013010650687307463,129.9301628796518,0.18712297430031916,0.00735988018878504,6.773284643784486e-05,137.88706462411037,0.39708968875951645
2565385000.0,0.8816927080808002,0.0007759723265501809,129.98406113357683,0.21219498237114412,0.007425912970137825,8.501885137125711e-05,137.79441258203983,0.36730092511995416
2565387500.0,0.88271363595041,0.0009409862854467322,129.84294257840278,0.19489612993671365,0.007424628344028856,8.52947994155322e-05,137.7073431939081,0.8589775127386116
2565390000.0,0.8802709215011026,0.0012405094087368713,129.66465663072765,0.19432370484107442,0.0074101251633215464,4.305449070285764e-05,137.3051915846493,0.7790578102714363
2565392500.0,0.8833662521320585,0.0006602657554296189,129.6097897166942,0.21247637354472698,0.007466636773115924,0.00010669811448518162,137.90978113690588,0.5523528484230144
2565395000.0,0.8817075584170221,0.0007028306301577341,129.54486579803353,0.21471063451596423,0.007450019888272112,4.7357261949073544e-05,137.76029500736018,0.6723969347937337
2565397500.0,0.8852271272670474,0.000859718222033694,129.44404098658862,0.17373060055522344,0.007497357480448297,8.043779104300057e-05,137.69069134662908,0.36986804227367437
2565400000.0,0.8828637959888506,0.0014014658889110237,129.4180630717272,0.2013806827351727,0.007499416737047076,5.5688685916746124e-05,137.5106517443582,0.8808341779659957
2565402500.0,0.8826695195179619,0.0008686090790179091,129.32197747086238,0.18207363565716958,0.007496124984653446,7.187521443116003e-05,137.847706303044,0.5156425929983023
2565405000.0,0.8825137257501792,0.0008832152379846024,129.31970683323988,0.1620922855828878,0.007483828639706814,7.25533274159683e-05,137.34149407868955,0.6347911420863066
2565407500.0,0.8785715808256983,0.0007230353252338961,128.95892321586794,0.18120740374795083,0.0074863442020910494,7.987916177622814e-05,137.54089991836045,0.4906968644932767
2565410000.0,0.8777704534264852,0.0009332496389161458,129.03956209898064,0.1883931923951489,0.007484232591723351,9.600689681874867e-05,137.37030763318947,0.777051119486589
2565412500.0,0.8837408294895762,0.0008206163542871411,129.09824947216396,0.15325589622609992,0.007530945235455822,8.747454155950767e-05,137.6515624332465,0.3304397346565619
2565415000.0,0.8790877612796532,0.0006876865813257764,128.9755695318388,0.17108568701396107,0.007507909591166351,6.923976708375789e-05,137.40094639306483,0.43186165526092934
2565417500.0,0.8798084722060336,0.0007442312415899783,128.7766295997211,0.17304331077752988,0.007554910052884222,0.0001366126031185646,137.3491102923563,0.7228813373820768
2565420000.0,0.8813402370028985,0.00101444803415738,128.75256806462866,0.18190109685926145,0.007562569154939153,6.712976404398636e-05,137.2495959528154,0.5383745387566397
2565422500.0,0.8783333082044109,0.0007008756108893601,128.6955385470961,0.16504574822216692,0.007556210469893311,0.00010291520966012861,136.66263198816054,0.547632879029021
2565425000.0,0.8814110263474962,0.0006484325911886871,128.7012324763636,0.1236125883482926,0.007567854706225644,7.313786919995367e-05,137.44651593909506,0.45719646537063297
2565427500.0,0.8816420391094236,0.00032068931940503024,128.45484821635236,0.16942041929907986,0.007569206354403871,6.250834248690019e-05,136.83093797175627,0.4093777010825107
2565430000.0,0.8804862267619225,0.00104927639320262,128.3333969365914,0.14662996364725336,0.0075824609923132134,7.454534780837542e-05,137.14533915847932,0.7075958791049445
2565432500.0,0.8786423506797391,0.0007891182862891714,128.3602777350955,0.15569413411154723,0.0076042388411181475,5.201849639753144e-05,136.80494996977524,0.673154585970472
2565435000.0,0.8794133477546368,0.0009219036008604653,128.29787770760132,0.18810994390579905,0.0076071479443400114,0.0001171834280587377,137.09506340393045,0.3657818809108386
2565437500.0,0.878240481999695,0.0008028527256788048,128.18613755766137,0.1378851830183366,0.007616026181163553,6.434126501419664e-05,136.73264044787237,0.610839920408041
2565440000.0,0.8775756606357422,0.000731492321321727,127.89194974840642,0.13430352575851956,0.007653741686513124,7.260025926614468e-05,136.719160559019,0.7040675200988835
2565442500.0,0.87671182905744,0.0008314787260776555,127.91429236155764,0.13897905000523095,0.0076438468328489185,3.9131625345026286e-05,136.47804454662563,0.6015631589423024
2565445000.0,0.8797315084821993,0.0009392616860905572,127.84367862295798,0.16541979633949164,0.007646319411225381,7.21540442662583e-05,136.86341815179497,0.7229375997651462
2565447500.0,0.8755709731096369,0.0006622542267418531,127.55387686872137,0.14285316807693704,0.007614749332001453,6.437056212236819e-05,136.03657579971326,0.45377496987098914
2565450000.0,0.87549341483565,0.0007174683227834314,127.65319779710235,0.10846145104072306,0.007671238925717993,8.066938449849996e-05,136.31065993887103,0.2865488632518106
2565452500.0,0.8797891122229106,0.0006399635488559694,127.67066924823864,0.14469167649548886,0.007697190242841824,5.657099945137647e-05,136.8936696107539,0.5604948280323495
2565455000.0,0.8773043615790437,0.0007498054465925119,127.4697643692625,0.11597860057660876,0.007706641336579691,4.9890994958555024e-05,136.78790846801706,0.44067794513761516
2565457500.0,0.8775819513459683,0.0008577736920335655,127.36559107323042,0.11065374945483734,0.007673732431059966,5.6681443248577526e-05,136.5203207097464,0.4759178526648121
2565460000.0,0.8767877800623827,0.0008985250098838257,127.23177324668666,0.13218003915922522,0.007672672932020876,9.328625465934216e-05,136.09567403974532,0.4340326267289409
2565462500.0,0.8795616637151674,0.001092752308161449,127.07683945482448,0.11259644422680282,0.007723458237786126,6.133228966324803e-05,136.36754396656096,0.36379370925835564
2565465000.0,0.8759653248815175,0.000709583516959627,127.20587889839442,0.11000428058206638,0.007736915072475856,8.83588721491358e-05,136.29729732774192,0.26804556274260305
2565467500.0,0.8774915749124065,0.0006120012419425771,127.07873994602777,0.12184224575677155,0.007716973232982743,6.33679216197583e-05,136.27137903190953,0.5967817284097576
2565470000.0,0.8768425449020177,0.0007823150310379463,126.96099399617275,0.11979212924558987,0.007771047740492536,5.4535112753024926e-05,136.64586484752536,0.3845140333471542
2565472500.0,0.8752154218003945,0.0010235639429438308,126.63759899504586,0.11049130235438376,0.007723243666461147,7.367756376969437e-05,136.06993822364188,0.3961944579578877
2565475000.0,0.8732410664001163,0.0007323884635986656,126.64332445732242,0.11968690713611035,0.007714376353474721,8.57379463141002e-05,135.92322788556933,0.6979202306708622
2565477500.0,0.8736950357504107,0.0006990833293433691,126.64105057837845,0.10534773799619547,0.007819888926295274,9.434075641972068e-05,136.04074115977974,0.48823019623468056
2565480000.0,0.8737910375107278,0.0007290969768882699,126.4683295993878,0.124528853792161,0.007818671115506416,0.00010250234918387205,135.62751538943115,0.5649233767638352
2565482500.0,0.8750083496357336,0.0008521441464839329,126.39710508432098,0.12302561827297455,0.007786365116250002,7.116178713909852e-05,135.92310906220305,0.4981053119851671
2565485000.0,0.871812064467588,0.000763001342600243,126.25939247334972,0.13994871105147771,0.00781806207789029,6.221084311226634e-05,135.64369693963943,0.6093615102833189
2565487500.0,0.8738083706088241,0.0009003514396329235,126.20280407342953,0.12733800425285488,0.007838379395339058,6.113989908270477e-05,136.04629041390484,0.5332681002707432
2565490000.0,0.8720270644477515,0.0008224909956064518,126.18681672066519,0.12107057778093823,0.007796192089437397,5.606832346726693e-05,136.18712476244463,0.3935420049059763
2565492500.0,0.8748628240257437,0.0005814998364809329,125.96531081029917,0.08496793964997507,0.007833218310139353,8.639694733816775e-05,135.5691071804165,0.6216063565871995
2565495000.0,0.8731582256125983,0.00072507975996159,125.78209705527965,0.11241991909252938,0.007786761454778054,7.928591415254851e-05,135.6527588540911,0.5322017066153442
2565497500.0,0.8725893578601798,0.0007869224690970783,125.7932753789387,0.11232277826570693,0.00786429556924251,7.875882262505211e-05,135.81004962095702,0.5509859555234322
2565500000.0,0.8719354559228648,0.0008775425762532894,125.78845548423978,0.11589807965151243,0.007827014168733973,6.0363297046315e-05,135.3356643812665,0.5944647837437312
2565502500.0,0.8702370230377546,0.0009474381235558894,125.75707802137981,0.11178402406379755,0.007829627912884532,6.381397543458602e-05,135.4551029002413,0.5373545777760989
2565505000.0,0.8730209654272754,0.0013191832944388097,125.34367524861358,0.1604745258614688,0.007919944653688313,7.422369048984196e-05,135.30914781063598,0.44297451183566394
2565507500.0,0.8709782459985714,0.0008861868524472443,125.50919274356677,0.11198825630771825,0.007818324203290664,7.731955674508577e-05,135.29931436843395,0.5505281238493244
2565510000.0,0.8714912335454704,0.0005835336310559569,125.55802970585157,0.16906802196222614,0.007923477661528655,6.788964198705918e-05,135.53121795338788,0.3560724604127966
2565512500.0,0.8694523942567522,0.0006997247202821499,125.25273826752463,0.13380684108034854,0.007915862984835549,8.523112636098703e-05,135.26574342672137,0.3053057022882203
2565515000.0,0.8725154296127418,0.0008172201169356327,125.2072498057332,0.1579707015466673,0.007916967442466167,7.663228926777805e-05,135.43248041168388,0.5439462326728767
2565517500.0,0.8719719202757694,0.0005780391393886968,124.88713475856161,0.14144528044754254,0.00793201849568242,7.62835016588033e-05,135.32434645460557,0.521458785401514
2565520000.0,0.8673502225223138,0.000622335523523158,124.76839462583762,0.15927909901600035,0.007945699628998866,8.28222011614173e-05,134.78661023229762,0.5075455070936352
2565522500.0,0.8710000629072729,0.0006665289711810299,124.99548414483068,0.16515884232882524,0.00795530804084833,8.555691153195348e-05,135.27277104343958,0.6841920400189296
2565525000.0,0.8691569278998689,0.0012609532491421485,124.87918539072237,0.1441918459507664,0.007934243730873522,4.468266021511773e-05,135.1558498703937,0.44871335872877804
2565527500.0,0.8678773505720906,0.0005808641961983328,124.87366221884044,0.1481822775269033,0.007984204606609964,0.00010369645780141336,134.8918945701036,0.6468902872928926
2565530000.0,0.8693560529491875,0.00040548344644823113,124.40579662351828,0.1775296663785818,0.007957708052282787,6.622379922122028e-05,134.83336752935767,0.5220937979195045
2565532500.0,0.8655478126653872,0.0010593872198315468,124.4288283082149,0.16772278599634027,0.007971015421428545,7.578200465245827e-05,134.5486797676829,0.35393925857519404
2565535000.0,0.8676462497620263,0.0008411732577541828,124.37587689853885,0.14045518779183724,0.007976308473246936,9.340099365269663e-05,134.7098274083896,0.6154629297677386
2565537500.0,0.8690017153577899,0.0008143685030588268,124.22428312807277,0.19894780747682195,0.00799141716909601,4.8945459833392155e-05,134.20690952771562,0.5267968800101289
2565540000.0,0.8686421132773251,0.000804502222867705,124.29830196411474,0.18544643397334734,0.007975033750247879,7.510465139302228e-05,135.0364001937534,0.42527681876876117
2565542500.0,0.867221218828293,0.0007770876867647414,123.94053497758486,0.18914493242374222,0.00801129664798866,7.41245246103996e-05,134.37097702030812,0.7124685713977509
2565545000.0,0.8698537809752434,0.0008691647372390918,123.99237280908886,0.1951186391498891,0.00805053066395615,6.449014400124001e-05,134.38875953210365,0.543341825294575
2565547500.0,0.8686852245626396,0.001014168233607778,123.88189700676166,0.18797517935387814,0.008066181906779699,5.395592959451394e-05,134.4473290680698,0.4867379190204879
2565550000.0,0.8665124228158203,0.001028094474187286,123.62887898962913,0.19697856345926185,0.008035789228715786,6.282148085717974e-05,134.25490172451316,0.3622125311987075
2565552500.0,0.8666205579566595,0.0009299998661827896,123.5839627061361,0.18391400080679182,0.008033932149808846,6.670568672509215e-05,134.43214458410534,0.7910793065745411
2565555000.0,0.8668072857612682,0.000701945708490061,123.5381379427741,0.2212400334712119,0.008062644066084184,5.810638379094507e-05,134.4041360811641,0.3604606813948553
2565557500.0,0.8663022337682003,0.0008254691076894392,123.39705779312584,0.2193532909450998,0.008078725728044295,5.584120197953918e-05,134.14703638070387,0.4216692893427739
2565560000.0,0.8677344600450896,0.000865671957694967,123.34646073727002,0.21090081132178615,0.008128144196097432,6.316521548670164e-05,134.24150190508112,0.5123364095167529
2565562500.0,0.8636661492530988,0.001351142677263507,123.41029036434112,0.1963076829445545,0.008089434286725606,6.489282342043646e-05,133.97545375922758,0.5649120748742565
2565565000.0,0.8646619789376541,0.0012925624743866362,123.18246234699349,0.21764443695411875,0.008123540839899723,9.098878259080496e-05,133.79516877025986,0.5887815541252466
2565567500.0,0.8625249400763403,0.0011699132523232938,123.09354909641111,0.2012955521865899,0.008056867337438843,4.1750817781615034e-05,134.3740554272548,0.5180520724478771
2565570000.0,0.8623492376117987,0.0010713789011556026,122.92857195746255,0.2017194576870065,0.008118438608006526,6.859306258644643e-05,133.83005632084382,0.5417983798807495
2565572500.0,0.8644700914138903,0.0007038086116678627,122.81178494494395,0.20709710449523522,0.008128101675472265,7.529009578110454e-05,134.10229917502903,0.46689648632670494
2565575000.0,0.8627998234868014,0.0009258700687218497,122.90548520836249,0.24039738022602816,0.008135814132756821,7.503023178250223e-05,134.06492094718178,0.5601184138153571
2565577500.0,0.8637051801013715,0.0004663168626081558,122.59803535063064,0.18326689825157264,0.008115332971598069,4.505599347145295e-05,133.59960017510642,0.6222637990646189
2565580000.0,0.864292523121484,0.0008789007662183289,122.4887428784995,0.19959075996165115,0.008186642294323568,9.20799612038143e-05,133.85221997839415,0.6318710225634742
2565582500.0,0.863653300141596,0.0007170042276355686,122.448364699839,0.24667167603778195,0.008193503293877913,6.892917190702365e-05,133.57978394547226,0.683181084248964
2565585000.0,0.8630469156204408,0.0010127536592177753,122.47601815170009,0.23363136050411473,0.008184905686786013,7.656715333251453e-05,134.00575991516308,0.7305056972919393
2565587500.0,0.8616525189881534,0.0007493648246459677,122.36140455571584,0.24599776333603804,0.008184468539513358,8.515633663863421e-05,133.7742662676009,0.600107671633298
2565590000.0,0.8614864915183744,0.001243164140270967,122.21912328346336,0.2070531151142528,0.00816296826308826,4.642808866172992e-05,133.62657231269628,0.6943138675761497
2565592500.0,0.8642148138636006,0.0008412126205461773,122.20807070045606,0.19337057906164345,0.008253306439722304,3.886762707310578e-05,133.67581179222472,0.454354300591848
2565595000.0,0.8625366643849207,0.0010772511049529096,122.08727113907652,0.21111143401298293,0.008236317045683415,7.012720284614272e-05,133.81201238627597,0.6148438592240683
2565597500.0,0.8610167336494382,0.0010663773137735916,121.8866411730926,0.17771818653002844,0.008163354911937402,6.757532286023893e-05,133.1918399591425,0.808783278654117
2565600000.0,0.862339309542399,0.0011333797792630234,122.00796064866226,0.23642392962747563,0.00821912516196622,7.583131464360876e-05,133.55688216425494,0.5543221374436967
2565602500.0,0.8579604067527428,0.0009832423341459738,121.555496758206,0.22774847144271265,0.008230730245985942,6.096080945411579e-05,132.91875504863967,0.6026641866987267
2565605000.0,0.8594968142789245,0.0012690280387183993,121.50657482387138,0.22826900410483508,0.008249738531342839,4.625177541961065e-05,133.09051538620963,0.5407007373839586
2565607500.0,0.858374581216463,0.001338695647206613,121.35079952833001,0.2305850794927456,0.008299628513264441,6.53233836589072e-05,133.461655912753,0.38782540920688413
2565610000.0,0.8619217836549817,0.0008133766151496079,121.37218575687056,0.2212696376535489,0.008254298852198813,8.577494982606197e-05,132.94925105867443,0.35441842143667224
2565612500.0,0.8580194296582404,0.0009090915187078459,121.19701316038613,0.21159827233594797,0.00829386496139347,6.187844307328052e-05,133.22620853132838,0.4728246865863892
2565615000.0,0.8589684654105496,0.0014429950159701433,121.07253395518023,0.19795744268212564,0.008267717699779787,6.93008377616817e-05,132.8339750589582,0.5034531663158637
2565617500.0,0.8560211311179678,0.0009776520940136019,121.07966740423291,0.2448998141965865,0.008307939774653238,7.37334993223143e-05,133.04689863237354,0.6706625206600512
2565620000.0,0.8600606795919695,0.0009861664173788757,120.88956785653188,0.22021479763637228,0.008359023618806598,6.393230298390196e-05,132.90507006761433,0.39062954173370845
2565622500.0,0.8590731611786906,0.0007094348492190597,120.83009505302944,0.21863910387692892,0.008335878425841898,8.255414896831492e-05,133.19180998199937,0.6567039626564698
2565625000.0,0.8579695131460569,0.0009295710452360068,120.7574414600506,0.2260546728293933,0.008355636125862246,7.60583489916762e-05,132.89103136639517,0.4866837147841849
2565627500.0,0.8560074310093712,0.000957933831580615,120.70627309089775,0.22591810768372647,0.008312837778689698,9.578737973972385e-05,132.86904395481292,0.4264271430718722
2565630000.0,0.8567861563980419,0.0009955311842557112,120.37482893174968,0.23063393445099445,0.008395372770488333,8.9329797995744e-05,132.54056146526108,0.44122142344289916
2565632500.0,0.8549601801385652,0.0008808979356782284,120.32957883793088,0.25860561092667406,0.008375695939520929,9.346927897941354e-05,132.2183894283046,0.4327066464682648
2565635000.0,0.8559178520043031,0.0010085314615118385,120.23525093314514,0.22348227419919656,0.008393873698308033,7.152858524411905e-05,132.41319600061487,0.8376159012676574
2565637500.0,0.8574424767724035,0.0007663140047262522,120.20167340247954,0.22957451651627245,0.008411351954479132,8.587741156657558e-05,132.52762224446042,0.6864249218398546
2565640000.0,0.8577220988158447,0.0009541557766449966,119.95089225050401,0.24323234178973152,0.008443924405105175,9.21803962775537e-05,132.4659896958446,0.6640517958095884
2565642500.0,0.856767339796073,0.0009035980161164327,119.96759521526754,0.272937038957193,0.00842104871553417,8.130480745869789e-05,132.46087717332708,0.5289523834533303
2565645000.0,0.859769889013231,0.0008405398368147216,119.83729676163064,0.2664892861929322,0.008474928903539996,7.483602346707174e-05,132.56203387331715,0.480446461290678
2565647500.0,0.8577752522810271,0.001050552979333039,119.70535255300251,0.24504881703398806,0.008472809084755997,6.561568962419049e-05,132.26511369292007,0.5355850723401228
2565650000.0,0.8537666676314944,0.001253633777248756,119.54871614358461,0.28692291681002063,0.008471453415299375,5.706323206844659e-05,132.0173879038604,0.36508907530621426
2565652500.0,0.8552127554986225,0.0008981407248605635,119.39276557725121,0.2521355146879357,0.008480994101156145,7.912177773797553e-05,132.4835539761845,0.3692522778380106
2565655000.0,0.8547290986577107,0.0010676607549331637,119.36269633019663,0.27479784466914264,0.008433329331519787,6.966447594729005e-05,131.74072149681533,0.4866391999638117
2565657500.0,0.8539740662637483,0.0011734086817734436,119.26622741037714,0.28145645496775296,0.008446929529365833,8.069565871131333e-05,132.22750435166628,0.3630610737585749
2565660000.0,0.8549874432263951,0.0009286320408804458,119.23728791218696,0.22815180288607873,0.008536552757736012,7.899744703014122e-05,132.10626482000055,0.615661655482864
2565662500.0,0.8537085130865403,0.000882445452697277,118.93189328574391,0.256165433740286,0.008493959429645299,7.966637203884195e-05,131.91445427189439,0.6042667093125792
2565665000.0,0.8515079023347465,0.0009033684804126538,118.70746810097936,0.2806786876293571,0.008504004620037907,8.386391302622105e-05,131.6767763077315,0.6465608331104947
2565667500.0,0.8562600533155718,0.0009259196271933044,118.8259968821235,0.26877686810412593,0.008526270995607817,5.512510313459238e-05,131.97748375578223,0.36025525179344703
2565670000.0,0.8525155720851612,0.000592966757993918,118.79628604479947,0.2530778748565955,0.008549123257405707,4.594426673176163e-05,132.09764663231238,0.5501909590222146
2565672500.0,0.8550267349784285,0.0010783499095816575,118.50476326054843,0.30935437767873913,0.008613263318445667,0.00010796444509854416,131.68024492768345,0.6589982670247276
2565675000.0,0.855723680938357,0.0008546611748480341,118.48361030673853,0.2768203606608834,0.008598060041671752,8.203128300128374e-05,131.51004128020415,0.35103803098672043
2565677500.0,0.8531390140077919,0.0007755687345442286,118.19783490061026,0.25518761935717094,0.00859245964248654,6.965744437448399e-05,131.56061810549826,0.5157950395966162
2565680000.0,0.8517283915077565,0.0009955469981535797,118.46150732438132,0.29016494041826385,0.00853569661686193,9.378898516403588e-05,131.5273533038705,0.6206740833433712
2565682500.0,0.8530383664494534,0.0012599087084470236,118.00129186746746,0.2522236567714945,0.008579125132228292,0.00011424410265787372,131.4947988024842,0.6552190445198771
2565685000.0,0.852168007130123,0.0009104683937173563,118.02492658249295,0.2899046817210482,0.008649445955190084,0.00011032644815370264,131.3698933049223,0.4834677755218098
2565687500.0,0.8522490214813623,0.0007568901302873068,118.08155614226541,0.27827819392984,0.008555454249014263,6.695276792605691e-05,131.45609404943224,0.4533015065469638
2565690000.0,0.8506402883890957,0.0011167151664170352,117.73173987585491,0.30521257342138175,0.008630957766375725,0.00011488350279027491,131.0665229379236,0.33890171654358947
2565692500.0,0.8467353673803248,0.0016208370211977746,117.52448919955731,0.3324077793360232,0.008598220524498303,7.295230132462054e-05,130.84791232919605,0.35908693628473537
2565695000.0,0.8491029318932998,0.0010936286799069711,117.5275241812451,0.3106303616897606,0.008620357600362137,6.39558865625597e-05,131.28528775206829,0.6931721748658402
2565697500.0,0.8533263666976982,0.0012983953819717376,117.59345496147287,0.2714093857312023,0.008676266896456166,8.520805998707606e-05,130.93971391381484,0.6092257827424811
2565700000.0,0.8500783534104478,0.0011366205437975012,117.48654966180267,0.2944698466358192,0.008702760484595246,6.274418696056786e-05,130.94158253660316,0.34050754421163315
2565702500.0,0.852483302080036,0.0008282193957440162,117.12229128046431,0.29053692771874046,0.008650674255994294,7.539196301704691e-05,131.06254219288155,0.508187374800777
2565705000.0,0.8461621967032635,0.001113755432240785,117.03179669025091,0.298978435114211,0.008676692481802589,7.108715423649125e-05,130.91480442243054,0.5279836475510923
2565707500.0,0.847550174011432,0.0008747385535859093,116.95945443315107,0.31291142533274297,0.008667642216549594,9.835812096245251e-05,131.0700467986962,0.34772837189214884
2565710000.0,0.846568606892582,0.0010577203953557794,116.78284294839335,0.31419732513255366,0.008738245644041064,0.00010026259733838322,130.9876688944036,0.5647788960353146
2565712500.0,0.8495134078071851,0.0014483120728005308,116.53292199157622,0.28842461312099343,0.008734969819910992,0.00012020733886889617,130.52592545844215,0.5017392426000158
2565715000.0,0.8475371899953225,0.0013367671472328713,116.59306034787504,0.3125050098417293,0.008748796368935632,6.880790156442445e-05,130.36971757919923,0.5350877946716422
2565717500.0,0.8479518803754257,0.0008224498892138337,116.54843491396294,0.3459866521043047,0.008764357834782447,7.56484941506956e-05,130.49046956468882,0.5101676610244114
2565720000.0,0.8478018137775198,0.001421406112953751,116.51441472283469,0.3037497920664615,0.008748003464866374,6.756923259156068e-05,130.35505386076608,0.5284274032584947
2565722500.0,0.8482382580264558,0.001035322764573251,116.31191182557744,0.3152064938663665,0.008840527632879213,0.00010757305790983095,130.5504771216051,0.3512819364018611
2565725000.0,0.84783380695411,0.0014964559859430595,116.23672207984441,0.32981727411267014,0.008748043081803403,7.168610250430148e-05,130.87516137262926,0.5304364600597432
2565727500.0,0.8453388371927899,0.001155271089090422,116.20767541263687,0.34406679607406865,0.008729720788845938,5.7231232042425105e-05,130.30817240114757,0.22437009997793164
2565730000.0,0.8463524650958681,0.0011330116155934794,115.97611822077845,0.3729329297150702,0.008828404336368856,9.800389363871769e-05,130.259488449022,0.6052946684620847
2565732500.0,0.844349641347667,0.0012623066431512095,115.53392796655143,0.33887509064902077,0.008788094313943536,5.274650311963751e-05,129.9685126726174,0.572152960899661
2565735000.0,0.8434804784904535,0.0010977731347435928,115.45973031097476,0.3686552923815619,0.0088139049546347,8.658278192096665e-05,130.18417119933122,0.5609620997637195
2565737500.0,0.8466854159312844,0.0011800891088257907,115.38388045087909,0.34983351233941057,0.008814824114390557,7.713130713154187e-05,130.1114846338372,0.3904488546851261
2565740000.0,0.8439915072739914,0.0006411976383450957,115.3658686099254,0.33872637444010656,0.008852967517096907,3.305657268725186e-05,129.7932528744744,0.8397988571854734
2565742500.0,0.8456421850394941,0.0010048659263321954,115.39464202516308,0.350423636105762,0.008874494913477334,6.323420344746792e-05,130.21175118878563,0.597067730855731
2565745000.0,0.8427725208619318,0.0010091668244851856,115.09209671219406,0.36429022633370256,0.008817755529904828,5.079308006967281e-05,129.51790389157622,0.3396148780965122
2565747500.0,0.8430356798898356,0.0009413062453210487,114.95190684495522,0.3729113496502363,0.008903755496279505,6.414287476354122e-05,129.75608131119574,0.3790050623423376
2565750000.0,0.8431856835969804,0.000976111033872021,114.87716822824389,0.3563006022290564,0.008900533187441995,0.00011105155774164336,129.97546552449953,0.44300532407943727
2565752500.0,0.8408007055030221,0.0009911033179132076,114.78814104253455,0.3491737924168262,0.008901096607766794,7.690829894033096e-05,129.61898781875206,0.29638991251979085
2565755000.0,0.8414062797402421,0.0009813517118815672,114.73118740058736,0.3867363532567747,0.008886111005914422,6.288313433285428e-05,129.36576015908838,0.48869227165912255
2565757500.0,0.8406379629203109,0.0013361263519792413,114.43534373261551,0.33120169136469935,0.008948273473561199,8.322399091924672e-05,129.30320985801612,0.40774939022060536
2565760000.0,0.8444469941252865,0.0011939506719787336,114.4340212929608,0.3347707086577623,0.008961948312714175,5.574381897905093e-05,129.6556499158571,0.385063869257529
2565762500.0,0.8410889375019065,0.001021070623468511,114.27342678991624,0.33236371962027383,0.008914348555099132,9.069822633359416e-05,129.64178603722448,0.41600248233029785
2565765000.0,0.8392000576823949,0.0009598528831322021,114.18792946819504,0.35003664723951317,0.008966879236450384,8.805772331287453e-05,129.35639608191474,0.41304439614698374
2565767500.0,0.8382175858909058,0.0009317222833376078,114.02454103173531,0.3546740981500346,0.008916151453836898,5.5000381717629e-05,129.41358985119265,0.6330759171471947
2565770000.0,0.8394494127896482,0.0015505988319576072,113.83894396869417,0.3658548480170258,0.008979903470342011,3.530057657212565e-05,129.14896937088807,0.5176003443161129
2565772500.0,0.8380154521963472,0.0007919384903442775,114.00422078883062,0.3503969611509747,0.009015639017370496,0.00010417140519392601,129.3298423460127,0.3053095737612825
2565775000.0,0.840380359495534,0.0011034049199829172,113.81509999412437,0.3497021458874725,0.009011207019110477,6.404146913126779e-05,129.400104107189,0.34467446144327074
2565777500.0,0.8385998429567437,0.0007768204877434821,113.67495620888813,0.34286473338554435,0.009026981126113916,6.264357788494755e-05,129.10384433877002,0.4772922859215678
2565780000.0,0.837371805457879,0.0007691141525345871,113.51547662892845,0.35230880365046463,0.009031241602807535,9.552981758096636e-05,129.23860908087596,0.5382575400766126
2565782500.0,0.8378483081666201,0.0010757583767223382,113.43572803147742,0.3387764397956659,0.009047814793903045,7.089225037059809e-05,129.25388064262359,0.5512215821629242
2565785000.0,0.8381043105361137,0.0014306689312323616,113.09460138276077,0.35082898483114283,0.009056918262827285,5.25735442324642e-05,128.5601650887072,0.5418410763234721
2565787500.0,0.8388970715018044,0.0008765969568185741,113.03459726716682,0.33916023601852435,0.009053650230524138,0.0001006184624736211,128.73469088149253,0.5112006607142612
2565790000.0,0.8407398118463167,0.0008492880508446298,112.81170765262938,0.3438699955254611,0.009172123784533885,7.152914728835852e-05,128.83509640022987,0.47436102679703007
2565792500.0,0.8381138118427727,0.0008675343984240246,112.84344902925322,0.3426011359096162,0.009058268974289416,6.774019872408424e-05,129.09999915877634,0.5238009183257473
2565795000.0,0.8365487744167629,0.0010356690810810602,112.68595839999891,0.32301257451341014,0.009061574132267613,4.8682019996236084e-05,128.61950381624683,0.5565210168669578
2565797500.0,0.8374691025918316,0.0008568033186839966,112.6023754002085,0.35334127398955295,0.00907046085369462,0.00010561916201489456,128.18191942898807,0.41805705338568006
2565800000.0,0.8352909239780462,0.001064782526195572,112.28370010532855,0.32192453307767727,0.00911003918132799,6.56272901343527e-05,127.90737781316957,0.47662727402733424
2565802500.0,0.8360264432695339,0.0013105084888637318,112.2171853534925,0.3070387888624428,0.00909016792805793,9.556153206436929e-05,128.65117448275853,0.33493224860104326
2565805000.0,0.8352164619245834,0.0008065907757469169,111.99873482450913,0.3204558678919574,0.009191275587076712,6.589187524824772e-05,128.1559410593554,0.43972705102973864
2565807500.0,0.8338706876987367,0.0007200294999548558,112.02301786178775,0.28996283654261734,0.009181746464167568,8.453172856942017e-05,128.41855427043268,0.5243422353350858
2565810000.0,0.8333926575920038,0.0013175120474423184,111.82474756174642,0.2902522793987292,0.00914296014968191,7.756061901152846e-05,128.29794667313854,0.2623829066385236
2565812500.0,0.8357644311758979,0.000988768214729034,111.62140943714283,0.2940745246952781,0.009239488335745736,6.0328911526130125e-05,128.21098416777306,0.36522207829340453
2565815000.0,0.832609429219802,0.0010069558086646553,111.58242608123594,0.2888755438081896,0.00917261825540863,7.446780905603135e-05,127.92707158835722,0.6488522300198853
2565817500.0,0.8310613929224824,0.0013734411471190522,111.53949011366343,0.2914386651102014,0.009179014856277114,0.00010631431767241155,127.75751526498283,0.5487208596839012
2565820000.0,0.8339591778388822,0.000873789518770383,111.44724938680427,0.27740056829409376,0.009261594401888184,0.00011516617791755511,128.25857470327622,0.4914522499095993
2565822500.0,0.8314619008188286,0.0012864974106063614,111.19379277777716,0.2566360252305483,0.009222414869906652,7.456176304671774e-05,127.89910505902412,0.4961849131858916
2565825000.0,0.8315398264385259,0.0009714209134934997,111.06148126224394,0.27369262967360425,0.009203300461883317,0.00011386527247383156,127.82973676386958,0.4023775620647194
2565827500.0,0.8346075569192694,0.0009870904416872477,110.70698289938595,0.25171832170598285,0.009257404673478152,5.923460819464488e-05,127.53813892517329,0.5726375362098075
2565830000.0,0.8363829647192108,0.0010518370143155868,110.66516213632327,0.2621461622192462,0.009336227325344282,6.883693765272387e-05,127.6662611058612,0.3131256763615312
2565832500.0,0.831431264219762,0.0008156212667555501,110.80472220588035,0.21411803885906414,0.009307995070191564,5.1134339788471416e-05,127.69145064666061,0.5545962269904292
2565835000.0,0.8293534278060667,0.0007784962036616421,110.56522080090876,0.2648397801837804,0.009245012424910232,8.601464377059518e-05,127.58362625176783,0.5395709435272066
2565837500.0,0.8297167418623739,0.0009149349154704301,110.49768481134743,0.22813966505233657,0.009294628312298823,6.197679598242935e-05,127.25106842466174,0.3498570939542008
2565840000.0,0.8280442566266873,0.0009679496502991365,110.21381851533947,0.21779796329465695,0.009251282667456059,4.368339536818253e-05,127.20367960620864,0.6352709690938915
2565842500.0,0.8310992446675012,0.0009119556987983925,110.09698692410106,0.21138936347502257,0.009328286817475138,4.514477573817236e-05,127.23524195915874,0.42230010471464846
2565845000.0,0.8289906188668377,0.0012851263198642184,109.98146038080425,0.17901373383240088,0.00936399280259447,5.682139206661716e-05,127.08579371107913,0.5146636258652676
2565847500.0,0.8291348259576532,0.0008575613376712904,109.79323661915583,0.22345667034852265,0.009285349318849053,3.768020712464426e-05,127.0369407881662,0.300012032787984
2565850000.0,0.82666405509606,0.000887937137482718,109.6960232048578,0.17568845516806383,0.009330756766787228,9.728107444563133e-05,127.03148348295137,0.2945283922379723
2565852500.0,0.8277889321536237,0.001150807138490096,109.49573722956478,0.21246871588196548,0.009383366337375717,7.410832768759538e-05,126.83368743425703,0.5479338612625085
2565855000.0,0.8262307457205638,0.0011025121385229541,109.51534235859405,0.20806816580537077,0.009354998445267458,7.797958560012047e-05,126.64868613308909,0.40283362263461453
2565857500.0,0.828146738826432,0.0010280611726030345,109.27772997582603,0.18458349349715414,0.009409218161857025,5.148531884624214e-05,127.20305296070406,0.5354554157956947
2565860000.0,0.8253808633543266,0.0008854662513652617,109.12947431472087,0.19380016029947364,0.009421147066977486,5.7238930808261987e-05,126.80802847078161,0.33864014984499075
2565862500.0,0.8285710225190706,0.0010964214823952674,108.96654438545866,0.19936545544058903,0.00946547960069025,7.854407111779892e-05,126.46952122809743,0.42140676754915685
2565865000.0,0.8266867769481256,0.0008780452812204952,108.97786819309793,0.1915157020134375,0.00944535831032856,5.7582041181124596e-05,126.71353396477467,0.6681182033044245
2565867500.0,0.8247966428281628,0.0007575736022853079,108.52613924013323,0.20463926842920543,0.009462223511886194,0.00010628096609051055,126.54609663370852,0.5740685449811997
2565870000.0,0.8277592325637508,0.0007390940702956653,108.55354930513325,0.19750634486071966,0.00955118286234464,6.855014172190999e-05,126.5294819749349,0.5422984020201447
2565872500.0,0.8251276889906866,0.0008533306185618337,108.24389821448139,0.19789693852818116,0.009494190980954815,9.387849734705609e-05,126.6808301698835,0.5063682594994728
2565875000.0,0.826083168137392,0.0013396291351057746,108.48580287798349,0.20010763568624548,0.009522752613729523,9.160267892153476e-05,126.3510116196973,0.4779906314979414
2565877500.0,0.8254108366869773,0.0007059088019592899,108.11835576572261,0.1993834376419914,0.009517890363512901,7.357189874625292e-05,126.1978250243744,0.3957755813576131
2565880000.0,0.8228711805688982,0.0008976488988547323,107.919261804601,0.19766348681002238,0.00950302374804702,6.695448153388693e-05,125.9870864461807,0.4698264118731502
2565882500.0,0.8220308815662297,0.0007924119749682588,107.70781237598001,0.21118235671876406,0.009540868505706785,9.277072401742019e-05,125.81422629111724,0.43629964091579454
2565885000.0,0.8219993840605812,0.0008882763812744496,107.82507537085596,0.22325777625684634,0.009549255416493395,6.987281919980166e-05,126.25344811944026,0.28456704029119045
2565887500.0,0.8242828911949226,0.0007662733377706341,107.60644438663448,0.21733137365957295,0.009570120702353321,9.727126865533702e-05,125.97848212646097,0.2981615489130548
2565890000.0,0.8215225542055336,0.0007612897352361629,107.36079055446476,0.19331589653539902,0.009587382752763135,7.395343607301281e-05,125.88640165224874,0.3428466260113165
2565892500.0,0.8226704522883289,0.0008538898190852841,107.18651972065584,0.19549364586913584,0.009567950299893513,9.412297136116554e-05,125.89046618913387,0.21682021401349935
2565895000.0,0.8193442292845812,0.0010759222684547667,107.07028856375032,0.21681048042829085,0.009614251274065991,9.331396557003377e-05,125.81807498831627,0.29072928774115947
2565897500.0,0.8226197378248349,0.0008380775190367772,106.90368521979039,0.23955246319553583,0.009589530180100893,4.599948903387977e-05,125.64703502116151,0.29589551371190564
2565900000.0,0.8208393181323947,0.0007525967055448953,106.83857248019164,0.2064959068269702,0.009594419874867458,6.536436907027012e-05,125.70569933931722,0.28926339759487835
2565902500.0,0.8222650719969345,0.0007042837685804766,106.62732108761116,0.22922190390098032,0.009630450801806151,6.629094658182368e-05,125.57310363825191,0.43744983575825924
2565905000.0,0.8183172227943465,0.0010046662066301253,106.38370004079144,0.21946345102400705,0.009695741799720513,6.351689221621651e-05,125.79792756122605,0.47667714124879335
2565907500.0,0.8187751311793298,0.0011584775452867396,106.1368011108135,0.23587424842018312,0.00968410504530443,3.0026730322998224e-05,125.39449633135393,0.3499444904560177
2565910000.0,0.8166471501854066,0.0008367327176882661,106.26888675421188,0.19485015981192758,0.009641790556698377,8.046483271235666e-05,125.03514322141355,0.4311554461061328
2565912500.0,0.8160712375156457,0.0009752663739105986,105.96473993455942,0.24102670513857338,0.009632394125923493,5.946363776311482e-05,125.11505752912399,0.3646912636960579
2565915000.0,0.8208255966038083,0.0008783558478219111,105.76352983959609,0.20223512418534653,0.009736906206330784,9.805975238976918e-05,125.00458891252586,0.40098696525107574
2565917500.0,0.8185472178633593,0.0008318590126268308,105.88728927346236,0.16691578614152816,0.00973328791384102,9.038365667585366e-05,125.07811477218657,0.4079258483681025
2565920000.0,0.8192621852400327,0.0006801258722591339,105.6067845443003,0.2284650853312522,0.009715260153228194,4.805542140928987e-05,124.6757368970043,0.5297974463622344
2565922500.0,0.8156201885536519,0.000994649267412444,105.57702831919234,0.20381709477239981,0.009705102883032186,8.83561065290972e-05,125.25716922561287,0.5327037512524735
2565925000.0,0.8175097928990724,0.0011451065548548985,105.35171829681768,0.23098787002247217,0.009738963410590185,7.349827852026221e-05,124.91398801184359,0.5177736563882952
2565927500.0,0.816830458246353,0.0010116555439343092,105.21084668718063,0.20912967319082418,0.00973985069533672,6.36037079220678e-05,124.63371749284426,0.5682044316157878
2565930000.0,0.8168178856236392,0.0012102161298111775,104.89786183346047,0.2063565846238629,0.009745002399338148,7.67811370109892e-05,124.29564160346797,0.49255950991507524
2565932500.0,0.8153450845457364,0.0010736459933610473,104.8321399267054,0.21911860349460768,0.009751539056176569,4.210886716797233e-05,124.48083410414401,0.38502376977218045
2565935000.0,0.8152019850005632,0.001041309152191489,104.63523447638543,0.22800325973340468,0.009793235981887288,9.523651132113228e-05,124.41756214450706,0.5140149826124523
2565937500.0,0.8130345228923327,0.0009426558466484238,104.62001047889075,0.2243897656534707,0.009805474423714905,7.131502567091448e-05,124.75324544793392,0.41441101727605084
2565940000.0,0.81785943446432,0.000851704558398966,104.61564592802931,0.2200333639944824,0.009806212324744715,6.597511383331124e-05,124.57896244036178,0.7007018715296145
2565942500.0,0.8131547103622087,0.001265476037402871,104.24412667046826,0.24804367511220266,0.009792900024601056,5.189035980540625e-05,124.49270537892029,0.2999984262003358
2565945000.0,0.8116487516186857,0.0009034388537892464,104.1228610749448,0.2485603166793771,0.009789705079196274,7.655614558090737e-05,124.47708465243913,0.3335472061372172
2565947500.0,0.8169120822468504,0.0013434723866923935,103.96755841460984,0.22678298719438106,0.009820462178250116,4.4190444889177976e-05,124.18209078619091,0.42752430578449097
2565950000.0,0.8156654007209625,0.0011443946746498776,103.79880793451181,0.2540356211278808,0.00989376968729338,4.140798911258251e-05,124.27971098496289,0.33388617116804936
2565952500.0,0.8160374988901435,0.0011350494340955518,103.63511947833845,0.25904855723145126,0.009896035556998155,9.179823008895247e-05,123.96363802197233,0.4678161945631496
2565955000.0,0.8132556708317014,0.0007246965564530559,103.62572188864138,0.25608039818068024,0.009866085324258774,7.612959036704089e-05,124.04613615817922,0.37071232151092864
2565957500.0,0.8115227065779504,0.0013640157383073375,103.41921206282575,0.2813310954514533,0.009903222584060591,6.449975530329387e-05,123.94545803923688,0.6259681006843223
2565960000.0,0.8113563046320883,0.0008000892140384828,103.32520591456907,0.28241180190999393,0.009854828403358697,7.801051668141669e-05,123.62574353755954,0.3731919973687615
2565962500.0,0.8076785715880769,0.0012950563689149478,103.03930211645489,0.2571706339553526,0.009915589423906466,9.072903667456527e-05,123.48263741288669,0.3108967756303692
2565965000.0,0.8084332997246986,0.0007822272357355732,102.79631434822502,0.2872910279794653,0.009946627562711124,4.400954613671696e-05,123.48108055261001,0.35733905877713024
2565967500.0,0.8122259936193484,0.0008892347963665783,102.5048595779592,0.2912684731131617,0.009941387900352094,7.791252967192032e-05,123.7718931410361,0.5353676627024009
2565970000.0,0.8094361571998729,0.0011983635543870205,102.6106944068755,0.29623900816526966,0.010035318935278457,7.210010689183691e-05,123.2687745423051,0.7310453619176325
2565972500.0,0.8113807237934785,0.0006642587370714832,102.42919522541573,0.2860668690797032,0.00997137033924945,8.479670111806067e-05,123.24596637682812,0.47416519719742434
2565975000.0,0.8046550906819809,0.000602903105914323,102.3111814086093,0.30612225077018446,0.009955234783240919,0.0001222038049571175,123.50220312020508,0.4592699965570876
2565977500.0,0.8074771896535897,0.0009863434435483328,102.1583929491992,0.27511136081299425,0.009923194296238913,5.483276165408053e-05,123.15074397404999,0.42372982347707944
2565980000.0,0.8065398652976044,0.0011094435730943167,101.95003785471854,0.29586880936152865,0.009989195777346055,9.774273262511184e-05,123.23344801747318,0.37842452283576106
2565982500.0,0.8103547529029383,0.0008789064584926645,101.87258646302563,0.3064087361789688,0.010088911720022768,9.583997982783168e-05,123.02076181030154,0.40626719221080143
2565985000.0,0.8081895310769909,0.0007742279614451673,101.74463793898542,0.2867573864792817,0.010047518139646052,8.176587799792789e-05,123.24224504395754,0.3657929152665254
2565987500.0,0.8053206275493636,0.0009427901876486666,101.36971483885111,0.31119988082832534,0.010037172069909676,3.450052898475284e-05,122.75168816248926,0.548300480272085
2565990000.0,0.8052722783369964,0.0008593165675698703,101.3785102647239,0.31064362064923573,0.009991295807359211,0.00010127184432517495,122.67069232857439,0.501786494786028
2565992500.0,0.8058500072026045,0.0007784396953636423,101.21223135479424,0.2982305836882253,0.010026646197341933,8.417140432290299e-05,122.72428912488758,0.4899362649094416
2565995000.0,0.806518118034746,0.0011765885908985468,100.99177964159686,0.3327995300331255,0.010110826645892766,9.197461330922174e-05,122.37522420769665,0.34808804645074004
2565997500.0,0.8042105165684835,0.0009721288975781039,101.02243261864456,0.3308355751473723,0.010096275156046655,7.150783628699257e-05,122.656640885736,0.23881714553132294
2566000000.0,0.805073901242999,0.001260770343947484,100.52771673922294,0.3073658034555919,0.01006914110843752,7.913800250816922e-05,122.40241915938769,0.33366463909196314
2566002500.0,0.8020880673059925,0.0012037276453101039,100.55243817514867,0.34138868201419326,0.010097227225793187,9.78028337102876e-05,122.56303908348998,0.3688417570857842
2566005000.0,0.8043599622114787,0.0011446402641738737,100.43213367658913,0.3285305664168214,0.010088431539049338,7.213877558280689e-05,122.668878931972,0.44443537271210154
2566007500.0,0.801574669890068,0.0005068969779795214,100.28367942969366,0.3338422136954574,0.010135467565401738,5.910578157412946e-05,122.2975808700555,0.5543811225687582
2566010000.0,0.8021933053089989,0.0011642209029417306,100.14291543482645,0.3396804045648443,0.010169911106576944,9.297060108689254e-05,122.29185712249252,0.44027320815208615
2566012500.0,0.8029738893539935,0.0005842917319255939,99.93697769268465,0.3276609495976519,0.010189225725931532,6.775208345296158e-05,122.5028230441402,0.5057516629060378
2566015000.0,0.8045586215431485,0.0011612406037729926,99.66115540966848,0.3460896447000198,0.010157646917800476,0.00010560992902400903,122.52288293930698,0.395299553497433
2566017500.0,0.8010672483833265,0.0008659951767848717,99.52609655743122,0.34183844996808516,0.01022940362015468,6.782831171350217e-05,122.13902763055718,0.42531999847244506
2566020000.0,0.7999290793476809,0.001086584947287157,99.57201333665212,0.3537835238101252,0.010154267569783026,7.068239565240923e-05,122.04031963241043,0.4846080420159127
2566022500.0,0.80137931127941,0.0010100409875874966,99.46014043383177,0.3654443113454639,0.010296920861801558,7.806401728676659e-05,121.8930921315324,0.46219020552396867
2566025000.0,0.8014716262422583,0.0015110084681795657,99.1409056257754,0.3398537272186599,0.01022329997750822,5.4320841605324766e-05,121.69359157185792,0.24130113099016837
2566027500.0,0.7990874811363387,0.0008478031531543993,99.06487851315157,0.359037028174671,0.010246619233277627,0.00010237412061411419,121.67052249533883,0.23745707288744106
2566030000.0,0.8004292578091022,0.0012487597589919575,98.72262784576671,0.3506673240272088,0.010261454036158397,5.301697582455419e-05,121.5699893833557,0.5104203525847519
2566032500.0,0.7992288969471942,0.0012895725728007906,98.63863456335018,0.37578163978762474,0.010230352682060975,6.452053064705535e-05,121.07030362907398,0.5130719029338527
2566035000.0,0.7979751310357794,0.0013896853592961296,98.30834370583976,0.3686798468999542,0.010328692524960931,8.903378486630572e-05,121.69836057362905,0.26632617910454454
2566037500.0,0.7975902420046826,0.0011812707839639154,98.40977264420178,0.37006577964994775,0.010284193167215728,7.423272808705723e-05,121.28624607453924,0.3799672300888397
2566040000.0,0.7994902730621055,0.0013256373740093855,98.19951440533728,0.3677512810994458,0.010317051877594116,9.508517293723386e-05,121.36313043682559,0.5053523964295014
2566042500.0,0.7977640763514896,0.0012752796487325972,97.92659558452516,0.3731138284736025,0.010323408587421883,8.773474282864262e-05,121.16363523752493,0.3382900369360518
2566045000.0,0.7985810449367092,0.0013589223468204507,97.87503983184729,0.39895295891147853,0.010321023653982664,0.00010417912588356836,121.20607740149626,0.3873455342466983
2566047500.0,0.7937219684587742,0.0014141892914121316,97.81523091445553,0.374759154651336,0.010379830501851114,9.929208343700557e-05,121.19129363189121,0.636702108856263
2566050000.0,0.7979109136464406,0.0011040815988692281,97.28651508827859,0.3995095146217341,0.010367854934412998,7.246744593715886e-05,120.78285906895084,0.3515465778269474
2566052500.0,0.7952104557771095,0.0011537717108149306,97.16982638264082,0.38052201442682326,0.010435409927659983,7.010092786282707e-05,120.71868885325945,0.3190504368907498
2566055000.0,0.7933475336998569,0.0009994563035588178,96.95082164808225,0.3893108680125156,0.010342809618844085,0.00010632653437653111,120.34920802917952,0.5265250207541299
2566057500.0,0.7961181944962802,0.00128224757011818,96.82263108237905,0.38362387149551513,0.010457584773865195,8.93768805683416e-05,120.44352252920623,0.4057427947348117
2566060000.0,0.7944081155097473,0.0015350453263576916,96.77423789782218,0.4150179406405313,0.01035728784226156,5.4351028851294335e-05,120.18156348553866,0.2938451284185251
2566062500.0,0.7948203019827202,0.001270577495082568,96.5472955346665,0.41520638371686164,0.010408002379267282,8.652986438404227e-05,120.49262428305417,0.5217561639292122
2566065000.0,0.7948296375429116,0.0011706067704040605,96.69475821956318,0.41579509000727893,0.01046348231742741,7.853962104425061e-05,121.05585750769063,0.5618988145025837
2566067500.0,0.7924155691817208,0.0014031342504532054,96.41540572241732,0.3840995393551109,0.01045434740083294,0.00010282759263178286,120.33355174616142,0.23669679116401865
2566070000.0,0.7943610719066473,0.0014596042888842457,95.97989741045974,0.389331027698046,0.01049792319999837,7.451732060140749e-05,120.3430559455888,0.31570451215745954
2566072500.0,0.7930384622580298,0.0012679289878820652,95.92013300732218,0.417419732552471,0.010520092882229727,5.032899603123399e-05,120.11242161157712,0.36047229433970557
2566075000.0,0.7914713704572526,0.0012050444434265062,95.62982601969637,0.4037288766119972,0.01050267641426331,9.013595135188696e-05,120.1037636312739,0.44790244754083935
2566077500.0,0.792253250587746,0.0013623065179344297,95.50135296493559,0.4211467750020839,0.01051543935000998,5.443321907771882e-05,119.95659852123202,0.47048162868371896
2566080000.0,0.7915912346868168,0.0013730691108499713,95.34768969133438,0.4350203802177349,0.010531160032436744,8.214638848224844e-05,119.7683337724071,0.46351602520108504
2566082500.0,0.7904958024445246,0.0013626689439528489,95.29979529772719,0.4021421002192944,0.010493756478279968,9.413352515475608e-05,119.6833360989242,0.5039637287968475
2566085000.0,0.7892205304862183,0.0011425364960543825,95.17181025763067,0.43480938342155545,0.010535210687901976,7.607812355664316e-05,119.94563408827709,0.40217851172408786
2566087500.0,0.7883469782327285,0.001394736664239584,94.82872945700518,0.46242173304276996,0.010531711546681609,8.732987905322767e-05,119.42713591979594,0.6915531920536558
2566090000.0,0.7877008974317833,0.0009548699099848033,94.7569805844779,0.4062850088966303,0.010500654656621351,8.35019271821957e-05,119.24475598834383,0.48380470846381046
2566092500.0,0.7877186180906054,0.0011672665387909096,94.44491890967029,0.4046151965859945,0.01061092306118442,6.506567426392306e-05,119.42687668802077,0.5731911636578947
2566095000.0,0.7875780412079596,0.0009277376488486988,94.15794183022497,0.4619035373406286,0.010590597496611568,5.29436386154802e-05,119.17489961769932,0.5361040871236078
2566097500.0,0.7847625356064776,0.0011653971706775254,94.08157692937375,0.4592459262869085,0.010583868749241764,4.961776864465869e-05,119.30051904042418,0.33400450767631606
2566100000.0,0.7899506251061341,0.0011951150996134974,93.86981737599886,0.4423350340627851,0.010669554147352303,0.00010016684769712493,118.9251985924552,0.5218525317970769
2566102500.0,0.7874371028387932,0.0013664165064067822,93.91387206872787,0.4808872200435752,0.010708016934536142,6.77826904585081e-05,119.36504398428772,0.48973694679522134
2566105000.0,0.7869093276785954,0.001308644299285724,93.69976042707907,0.5203417424898702,0.010734844150856005,6.506605228579375e-05,118.97315019396697,0.42786657868467154
2566107500.0,0.7873198382873499,0.00125883189382514,93.60559148515047,0.4828924329394186,0.01065865023625229,8.065258764460955e-05,119.05845684041688,0.37275031617641996
2566110000.0,0.7858058729423182,0.0012365318425210975,93.31161152614224,0.4801189735355626,0.010722932752467284,7.60253364409167e-05,118.67054052449701,0.4504695439626092
2566112500.0,0.7849166835183999,0.0017094617483325084,93.05707249507556,0.48493345663705056,0.010696379063230305,8.91843992623602e-05,119.0556690298826,0.4121158725348739
2566115000.0,0.785123478874371,0.0011177602242031146,92.64339818469152,0.5197467159376803,0.010773592674850589,6.980142221637222e-05,118.56067339273659,0.4120500777510011
2566117500.0,0.781711723083234,0.001188293022000015,92.54620965748762,0.4869571471371781,0.01070062652688287,6.430195366237525e-05,118.6198423818522,0.4273412499060834
2566120000.0,0.7818863720978674,0.0014177101435178903,92.4448945692317,0.48893063557871275,0.010737190199646265,0.00011084002042804759,118.51347175195089,0.37113898524045813
2566122500.0,0.7815311514416117,0.0014437106681176443,92.42839217259504,0.4806350855043735,0.010702711197922442,8.041801997636303e-05,118.38315690933912,0.4955741998425495
2566125000.0,0.7840364176054692,0.0011766160465789461,92.22097048961307,0.49782285109981383,0.010768125405053784,8.566496111374515e-05,118.6449482005054,0.4660897688207072
2566127500.0,0.7831262630839034,0.0013633312942098097,92.035275211267,0.4816903921296369,0.010786926780073043,0.00010060814111230104,118.38955918627138,0.298135238296155
2566130000.0,0.7828803248513022,0.0007854042802561186,91.7320874009887,0.5083189555746127,0.01082164822244579,6.952747405131745e-05,118.03931993743396,0.42949465590325314
2566132500.0,0.779909064824789,0.0015563129269533136,91.55565893706206,0.48608642345715,0.010767585670689285,4.1505450100960284e-05,118.08825361715587,0.5522719574075818
2566135000.0,0.7815176483110425,0.0010023071087783715,91.58250426781846,0.5173538195397912,0.010864342024181857,8.386432540895438e-05,118.07882721197204,0.5398329067979437
2566137500.0,0.7797058066371734,0.0013065534988644762,91.39035761788196,0.5265288382542996,0.010757349748018459,6.729137385792024e-05,118.203292242072,0.30084014224394956
2566140000.0,0.7793439817296104,0.0013867696355905261,91.18581758477245,0.5138681553158854,0.010832430353004014,6.638342346408811e-05,117.71897979348934,0.40775088741621734
2566142500.0,0.7829823327475308,0.0013832692729355165,90.82641143309596,0.509021507444453,0.01089768967724822,0.0001054550277896423,117.85349565151759,0.47238468508884107
2566145000.0,0.7777735633926028,0.0016296710068697572,90.49802522714131,0.5025625734786627,0.010855438523065256,8.068918733810508e-05,117.62373054403392,0.4424132591992968
2566147500.0,0.7787043780061853,0.0013783027946468632,90.62998700754197,0.5086061666128026,0.010793393450601683,6.971789224411683e-05,117.86722942250677,0.5543078648189074
2566150000.0,0.7787966094621825,0.0014219012133700813,90.40826335803611,0.5043360619272896,0.010920251795407947,8.86151339965882e-05,118.04649940351202,0.3551709746434362
2566152500.0,0.7756876377662933,0.0019124048323854988,90.27687704525012,0.5442069373720345,0.010919849424017676,0.00011276570056283314,117.36842837673039,0.263242063564902
2566155000.0,0.7745479384965362,0.0011749677748434228,89.81872192787762,0.5408453319625296,0.010885459554936196,6.895812495856997e-05,117.24060421699501,0.4104582385323583
2566157500.0,0.7773172307520305,0.0015861402502771002,89.64583236315364,0.4879326440505044,0.010889393799188941,6.440428138985834e-05,117.16093977710602,0.5154204902005232
2566160000.0,0.7770387397630667,0.0014734264911295655,89.41697821809329,0.543446332181415,0.010972152952357444,7.285696853072504e-05,117.05117140045127,0.47171255913497817
2566162500.0,0.7730374007429238,0.0015276698261232652,89.30033415924068,0.533310856162213,0.0109641836505981,0.00012228770946159367,116.63822474958224,0.41477821694669526
2566165000.0,0.7727518734394827,0.0015547129008729123,89.34942409062728,0.5402060633299876,0.010959847681653572,8.727601137968574e-05,117.06562295759488,0.4098556447940122
2566167500.0,0.774845793872054,0.0012762660667534147,89.04841187364694,0.5042086136716248,0.01094251921518259,8.10294151908277e-05,116.527725159004,0.2822068327757951
2566170000.0,0.7743877826163783,0.0015018183007861332,88.69672807948339,0.5342824239421352,0.011057790668423346,0.00011503553913693856,116.59692279875637,0.34376054969830805
2566172500.0,0.774832090991605,0.0013508258216793122,88.626703453497,0.5353868451305581,0.011046731764535139,8.531120637397124e-05,116.62910568819545,0.2591372946131822
2566175000.0,0.7705162273758307,0.0014723668672533014,88.34697227134743,0.4957926948298247,0.010962529777134605,7.507447088368314e-05,116.67158293769063,0.32934814908540355
2566177500.0,0.7708054524641014,0.0011008049644360576,88.37231772547857,0.5107371526841151,0.0110221397310733,6.823137901328616e-05,116.55129990529532,0.5591727680759108
2566180000.0,0.7714979009614468,0.001508818808935655,88.01756212463471,0.5176114018233277,0.011019114922126911,6.479902243985808e-05,116.0287305971641,0.467851916028727
2566182500.0,0.7719478794435677,0.0013016675994956,88.0210503639959,0.5526592232788851,0.011072309000489715,6.01742777057932e-05,116.55163873779273,0.34798447723940745
2566185000.0,0.7711221972757364,0.0012981720737340842,87.55518552705976,0.5590735897591039,0.011121627623231127,5.7470841114227215e-05,116.16717050773235,0.639347829839809
2566187500.0,0.7719546553166394,0.0011557631110865095,87.63611203337743,0.562669762501598,0.011155953816772429,7.457594532203906e-05,116.22357015564921,0.33849179316885186
2566190000.0,0.7707441221034348,0.0016707910584768402,87.36815542411426,0.516300541237967,0.011094154736843954,9.594579445824067e-05,116.3806815094603,0.5088215129978829
2566192500.0,0.7687010245933048,0.001261850390014796,87.08828243774254,0.5491699224297891,0.011092078724588136,6.40559220143154e-05,115.92024951574905,0.44334297444311477
2566195000.0,0.7710511472697646,0.0014549841539674387,86.73599720714566,0.5139284633431185,0.01111350269678713,6.887403765472869e-05,115.83676813886187,0.45759459794453117
2566197500.0,0.7655180458931993,0.001309150204195334,86.46485775262337,0.5008668819327687,0.011079619698353615,7.077980962975605e-05,115.60289140559807,0.4928568568141712
2566200000.0,0.7700416008184837,0.0014729780088787153,86.49891085937946,0.5278614222799806,0.011176756812612529,9.658099839666481e-05,115.74339499294693,0.3240687718967521
2566202500.0,0.7694082252719151,0.0011551784378353825,86.08718507169215,0.5081788066074893,0.011194683567621905,6.884316929449883e-05,115.52916334259095,0.47752723338354025
2566205000.0,0.7682685417551756,0.001023294642163468,85.96552800246432,0.4918572361101042,0.011181676329062312,5.3552505181180415e-05,115.55115384395444,0.4473982683796056
2566207500.0,0.766514869391839,0.0012500930808301241,85.67478857176954,0.4772022469813812,0.011215006229332077,9.303023718027974e-05,115.11040399588116,0.40901055173209966
2566210000.0,0.7669005039840379,0.00144337431638238,85.59540791118808,0.49718262198733487,0.01118910988251235,8.719354562000689e-05,115.18060101621263,0.5413068954077211
2566212500.0,0.7660934344678889,0.001288047848222361,85.32718930476531,0.5376064349433404,0.011227138105050013,5.810366796435927e-05,115.00396703665967,0.6105285243734074
2566215000.0,0.7666335057816234,0.0009577659176055435,85.18489812889663,0.45715781715072523,0.011237626864987596,5.917347967567029e-05,115.07393332298713,0.409961966797284
2566217500.0,0.7645065405701117,0.0015023488402166683,84.79045112295242,0.5047985706788172,0.011264610446834748,8.171937194398831e-05,114.62968444865325,0.30772846686470046
2566220000.0,0.7669473891260321,0.001807348195491099,84.77791990833077,0.4278570412996128,0.011306456536987409,0.00010502151500750905,115.03891563374272,0.5329739429732901
2566222500.0,0.7622491839055021,0.0007659714856304946,84.59887148210504,0.46474295238733176,0.01128221234284104,8.025328045836459e-05,114.61249017134237,0.5094452288111219
2566225000.0,0.7630896399267112,0.00132769146194435,84.36496161163743,0.45008778170870467,0.011303781820634589,8.171709448185043e-05,114.51372915307088,0.46195250895915646
2566227500.0,0.7635710971969693,0.0016071812082445102,84.02012824203382,0.46813548011758493,0.011309195918049504,7.938824693339008e-05,114.41129968805949,0.39614815914945056
2566230000.0,0.7632660720948105,0.0010976708970689448,84.03244914245793,0.4090617855324882,0.011304829677009033,9.602052008811299e-05,114.40955173464232,0.4100853970552805
2566232500.0,0.7629098078968545,0.0013002939562150317,83.67924793285631,0.4831401003515667,0.01134670510373529,6.713840829089113e-05,114.43080619070628,0.5635428419867858
2566235000.0,0.7613004617672088,0.0012195206169329103,83.50374047838807,0.4432460405970203,0.011340425023535116,6.0314815492385445e-05,114.19425688543981,0.24379451217202505
2566237500.0,0.761126486004807,0.0013253813437377373,83.50566287726888,0.4120085885798444,0.011350878977755717,9.371991738862264e-05,114.15620440624603,0.1206077256350651
2566240000.0,0.7605427231157572,0.0014556381557970146,83.0010395358515,0.4125748371961978,0.011397259012266238,6.250342504080279e-05,114.18766976635987,0.45053849387293954
2566242500.0,0.7614803679269566,0.001312564978624443,82.8975424648914,0.43234644063197836,0.01136128361494747,8.225566800933961e-05,114.0213573316487,0.4003360638692165
2566245000.0,0.7602355405125312,0.0015595307423861692,82.59719584847271,0.4102271083984553,0.011388601588755006,7.996508598553243e-05,113.67784048005025,0.40948044004235506
2566247500.0,0.761412096343859,0.0010914133702719666,82.47199822504857,0.36216232404606163,0.011468228014653123,7.883088966955996e-05,113.69641624427057,0.49617569682062346
2566250000.0,0.7585548136004521,0.0013060461647758361,82.07727255129389,0.4215573957314137,0.011319009916966235,7.841416093594751e-05,113.5348473314715,0.44686865656580643
2566252500.0,0.7558319011695568,0.0009819171432362249,81.89273723469482,0.3937571175853895,0.011390604391433216,6.253616642270354e-05,113.48841266158658,0.43925399415557126
2566255000.0,0.7547489501298064,0.001268442097292528,81.61675390778886,0.33771174402371323,0.011398563724553664,8.213863594458212e-05,113.18476879947983,0.32635326783774155
2566257500.0,0.7593113227073784,0.0012734538355339807,81.60976732185351,0.35101040497179015,0.011465363546726682,6.394181573382893e-05,113.42260299133325,0.2482504537216294
2566260000.0,0.7565092480421743,0.0013861245093773366,81.27668338793818,0.36607246155863227,0.011513812936744038,4.776346017300444e-05,113.13200330462067,0.5161954742758512
2566262500.0,0.7553336959550191,0.0010587342696031091,80.96589822053585,0.3773578173964848,0.011471568198895376,8.68068110999377e-05,113.14718149887918,0.49725339584791667
2566265000.0,0.7556620172514206,0.0011384679849630638,80.84960042643709,0.3364643786302515,0.01152037707435173,7.087734375394228e-05,113.29912150615624,0.26273919279003827
2566267500.0,0.7553452194086488,0.0011437203276186132,80.90838361641858,0.37981568039793473,0.011491236377563186,6.657328226183261e-05,113.27869845626527,0.3702866863996292
2566270000.0,0.753854765819907,0.0006471475232227995,80.3543626594857,0.3576706437024763,0.01156040027104782,6.863528541854277e-05,112.79691466137685,0.5419636227602745
2566272500.0,0.7537795622919021,0.0013400064841139732,80.00035280167737,0.3453159686068226,0.011525895084578788,6.877531765530945e-05,112.83251838484074,0.473714820542893
2566275000.0,0.7555117274289693,0.0011956029713725965,79.71135762340029,0.3255172987989536,0.011538594069054059,4.0942395740163535e-05,112.63388982560075,0.4479433589020828
2566277500.0,0.7523869805508335,0.0012436063428367112,79.78057075296364,0.3009282090473107,0.011583421491763876,6.665050807777142e-05,112.53300620975732,0.3368584471771001
2566280000.0,0.7555207956141996,0.0008393587291663153,79.61120050269258,0.3492232643274635,0.011564992713287727,0.00010783637229259146,112.40012884300847,0.5509241685428928
2566282500.0,0.7501165273896102,0.0011065320269001324,79.40640273523594,0.348946030035402,0.011645771708050597,4.91594238465602e-05,112.58904252611943,0.35159363598196053
2566285000.0,0.7542154547741421,0.001123750836796694,79.15230663726364,0.3412696367674361,0.011653906793283247,9.987714514358749e-05,112.08880438851611,0.360291135991941
2566287500.0,0.7520829375120758,0.0008247788585490148,78.95143603014286,0.307923200031732,0.01163812859057084,7.788735993410433e-05,112.21445594403795,0.3898391423671652
2566290000.0,0.7524471512805316,0.0010108530774610449,78.7741036452673,0.3133942729835312,0.01161792296025779,0.00011854556879262331,112.40700722222567,0.42973481560530896
2566292500.0,0.7517243867793133,0.001375204452079116,78.26523480179623,0.31569105750037957,0.011629774765955659,4.219284404756908e-05,111.98604413061045,0.318170156537055
2566295000.0,0.7511509767044353,0.0014116067465912154,78.4743671308233,0.3658090950205094,0.01169382426424757,6.571995080796016e-05,111.89324310822654,0.5936732848803626
2566297500.0,0.7500604538641183,0.0012262831089349243,78.01349045324149,0.3729689338719855,0.011668819447783892,6.55301874598349e-05,111.56039942356526,0.5164122069734667
2566300000.0,0.7483632918335104,0.001119415963837275,78.0956806577377,0.36219323910672696,0.011678911303479471,9.16080270673147e-05,111.6529990639519,0.45734126775420836
2566302500.0,0.7491860534686753,0.0009386114186718471,77.5543339133387,0.3338130593998238,0.011708153170894757,9.833743220656542e-05,111.37500224408663,0.45606848317339305
2566305000.0,0.74813040399781,0.0008456066637940048,77.46946930688874,0.3491052433377223,0.011733951532594194,0.0001225418389308766,111.56104538938177,0.37468021328226137
2566307500.0,0.747349511567335,0.0010495677719427523,76.98845384348763,0.3710997331268684,0.011686408564096014,9.645800720947938e-05,111.25891601096754,0.3560709709273313
2566310000.0,0.7466991036649003,0.0015102919501443987,77.09303409495915,0.37943948019300383,0.011753727008080393,8.563632349387778e-05,111.3029656705102,0.39516414202722033
2566312500.0,0.7475640949555453,0.0012386201843716514,76.78322286466619,0.41332486739864654,0.011790977399853943,5.707548267620376e-05,111.13314637234917,0.36162677567052326
2566315000.0,0.7432180831718943,0.0012194124129579426,76.36245297659109,0.38286535539356625,0.01177713085626423,0.00010727426545078912,110.74394372355569,0.31562873929154256
2566317500.0,0.7475987721719453,0.0010218399628814728,76.10159547793873,0.3832104407635941,0.011881287271657593,7.099911938185588e-05,110.95095144813708,0.47586038235184064
2566320000.0,0.7447825453140583,0.0015121305313570632,75.96393267775862,0.3891053185321075,0.011732978564281932,7.75106503460143e-05,110.93895625797364,0.3772730021508241
2566322500.0,0.743804801923725,0.0011088572740792335,75.98995126065493,0.39027685288062003,0.011808986028402945,4.362720952532369e-05,110.55678601501617,0.505730632364079
2566325000.0,0.7447404823147763,0.001068608034746803,75.34077760257425,0.410281110001803,0.011779710903475049,7.753550176563986e-05,110.3018032923099,0.3117555237255018
2566327500.0,0.7442579878396015,0.0009301473344593904,75.1116020260567,0.41757175163482435,0.011883205796294538,7.698011647235862e-05,109.96585790168216,0.5237465927887446
2566330000.0,0.7447224528772115,0.0011386123162666296,74.78062540673761,0.3583481227474573,0.011835120886479008,0.00010167670285730488,110.47066107055736,0.3798365794096661
2566332500.0,0.7437052130720371,0.001133680243009179,74.77025130567776,0.39866862841046113,0.011889941194649018,7.367017240556924e-05,110.34724612755215,0.49958147374551976
2566335000.0,0.743004610616268,0.0010582714107123625,74.69391716620027,0.4269965331857441,0.01183499183674859,0.00012717990007225942,110.33078076587289,0.3706659632190602
2566337500.0,0.743797958214292,0.001161798556428864,74.53632792300714,0.3659414405561465,0.011937975143096566,5.988038732577514e-05,110.13028901988403,0.24858437226880464
2566340000.0,0.7413230010544787,0.0009924576106703305,74.10871688523397,0.3956560281822992,0.011873366266955683,7.721693599914962e-05,109.9592648118192,0.40076203908172664
2566342500.0,0.7409667233837578,0.001061258514990977,73.89676561225862,0.4168589741280678,0.011953416830517276,7.06051958228736e-05,110.07792525475143,0.35279541048279506
2566345000.0,0.7388072657010321,0.0011761120272776432,73.5849624868331,0.40093197762459704,0.011926754482731911,7.384976040436556e-05,109.56345226859001,0.4206098877399125
2566347500.0,0.7388648725012674,0.0012053788887077693,73.51290694622837,0.4335138764068546,0.01193811614810906,9.30610948816341e-05,109.55912390507194,0.2401084179885753
2566350000.0,0.7382717628711686,0.001279279607844056,73.30524675507863,0.41051133702453146,0.011898381932452374,7.29081859377185e-05,109.68353114171222,0.300083594763478
2566352500.0,0.7368311686914333,0.0009540357485178365,73.06812451510342,0.40016989429958705,0.011972766573329217,6.882090077598258e-05,109.38386209144697,0.3335076989616474
2566355000.0,0.7373918115068947,0.0013642758371989533,72.73833640690296,0.4377074733366389,0.01200182275689823,5.692246805854717e-05,109.31859044305659,0.2586610762711688
2566357500.0,0.7400864199260002,0.001282681010237542,72.4404239524397,0.44350131053536057,0.012012561418630715,9.382341600377144e-05,109.14988140925433,0.2487882136611875
2566360000.0,0.7376345420151363,0.0012175243729486336,72.5133431762492,0.44062161855686593,0.012018821069859067,9.609882727836887e-05,109.14817603493299,0.32458163195191403
2566362500.0,0.7370709659042384,0.0011933226417810857,71.80758045427095,0.4325423320373508,0.011997815322923818,5.911964622705724e-05,108.80940222976584,0.2855166926237864
2566365000.0,0.7362998316823406,0.0012985845449829622,71.8127725565709,0.4279263819994174,0.01198039365613501,8.047249691897506e-05,108.6678828847432,0.36607343832268724
2566367500.0,0.7367777175629563,0.0011050101721749338,71.52144882095904,0.4464792117593715,0.012043311471040851,7.162737396523996e-05,108.58159332418458,0.24489881768365462
2566370000.0,0.7354032946152967,0.0012747215426714951,71.44154703147248,0.45085542456887034,0.012038528548042856,8.198622513584256e-05,108.75972430334403,0.32971452921762046
2566372500.0,0.7319372921862002,0.0012041012768121565,70.92384949080031,0.43099950796194286,0.012055369782558362,9.119983274007043e-05,108.82134637103783,0.38879408609209976
2566375000.0,0.7349267052261108,0.001024100122680953,70.90224778646737,0.4387813380872892,0.012058082370105866,7.499271964062421e-05,108.59235044461533,0.34895223645959045
2566377500.0,0.7340140192526666,0.0012282216546449147,70.53974386070999,0.447206729755623,0.012113820288280903,4.783068025107955e-05,108.30094816442306,0.3752101539052094
2566380000.0,0.7351881933276128,0.0013387574796661884,70.28490747371177,0.44031106956272753,0.012088566219406498,6.719347774155334e-05,108.0944179333398,0.39960512899085027
2566382500.0,0.7341103623754076,0.0011189545487767395,70.08652200214205,0.431296339015021,0.012086463458993925,7.161293686329748e-05,108.0660683574655,0.36513643850929023
2566385000.0,0.7298586888083991,0.0014393413805985232,69.83825637442247,0.4469189941169583,0.012114752056960673,0.0001089083716102021,108.2003353153276,0.5066016482824436
2566387500.0,0.7335174424923576,0.0010470463016983573,69.39230208370782,0.4618459872615537,0.012118124194742128,9.233748917041112e-05,107.21543287114785,0.44796501969733055
2566390000.0,0.7322841942484988,0.000910425083654661,69.4227641875401,0.47142796269792253,0.012141223662103566,8.932149856827531e-05,107.61813081154895,0.3154111151473725
2566392500.0,0.732240213060757,0.00140014845169625,69.05867299832882,0.46513543973155386,0.012135426391453095,7.564058951288094e-05,107.57860877644376,0.3723672061925498
2566395000.0,0.7299149411910474,0.0015041523841951676,68.96448868119252,0.45936247113688705,0.01217661745059689,5.607747076221481e-05,107.84957310908135,0.33137033459704623
2566397500.0,0.7319278425135082,0.0013458513500508866,68.46301107183363,0.42582780468330234,0.012131798511462066,6.149623304059638e-05,107.73819935394226,0.2849081713756844
2566400000.0,0.7317019138400123,0.0011617913838293534,68.49375925169916,0.4608135316989586,0.01222334249296075,6.296995488982639e-05,107.44943496127598,0.385008538418339
2566402500.0,0.7304936593551823,0.0012584489923737876,68.13409885894538,0.4403297859484211,0.0121829041465998,9.024285569602327e-05,107.28625023046979,0.4611542343191125
2566405000.0,0.726681821519851,0.0013160203251830966,68.04767758947193,0.3875253761759048,0.012196411769994555,7.3664668430952e-05,107.5331367952202,0.394744717342166
2566407500.0,0.7284970698453777,0.0012866949950534792,67.49422956150617,0.4360819732705813,0.012321541563701388,6.169798664032217e-05,106.96799588588513,0.3334927393092192
2566410000.0,0.7312815898083936,0.0011727718587493884,67.30677273341162,0.47645304183044623,0.01224883481767572,6.18328769057676e-05,106.68551839897293,0.36906858167898027
2566412500.0,0.7280603261227078,0.0016987068969244114,67.13587789657184,0.40218824872002573,0.01228588927699294,9.418356253410685e-05,106.68318508137426,0.37761121391313923
2566415000.0,0.7283001423687008,0.0010595110334231921,66.85135392925086,0.4366024655278199,0.012328657473892161,0.00010822897909385499,106.53190740004224,0.48536291095385464
2566417500.0,0.7276913954776578,0.0011603757360697273,66.72769729552692,0.47044555339079347,0.012371102802709281,7.483632558463167e-05,106.55811971623527,0.2810931978331622
2566420000.0,0.7239579922788156,0.0012561927732599259,66.37651864169939,0.4240809428099958,0.012294583505085454,5.319024379017862e-05,106.61961178469792,0.3080549643545911
2566422500.0,0.7249535595085839,0.0014493843155056957,66.25120193138065,0.4295326429176081,0.012362651239237375,8.402202263982535e-05,106.40377526958659,0.48022171363129246
2566425000.0,0.7273915625597169,0.0016157099385525682,65.93942612163681,0.4652011633214231,0.012409040666585047,5.973028098888501e-05,106.34386739550025,0.40253946417092956
2566427500.0,0.7241795346508798,0.0012882406055916356,65.4129986863018,0.46926898617847274,0.012390076389243295,7.183457486077644e-05,106.06208017189132,0.36694478352935483
2566430000.0,0.7274161470188176,0.0011195208451254437,65.44263731613437,0.4621167730970741,0.012364244218770153,7.220337274404198e-05,105.97541625460538,0.39807343662113
2566432500.0,0.7243527199269083,0.0008174114734692085,65.13291001015328,0.47844880737565976,0.012381007861534784,7.020245810548828e-05,105.91671978360648,0.3087382108379294
2566435000.0,0.7238012491505164,0.0009001205728072806,64.81096607814037,0.4760238319021189,0.012352699236778012,6.899214944460935e-05,105.69912407206098,0.550799921269437
2566437500.0,0.724900131771243,0.0010366312502128787,64.48677136337675,0.4750271381081977,0.012389163151322496,6.854964267699121e-05,105.54657516486218,0.43974124669301273
2566440000.0,0.7253525074312056,0.0008445089057087119,64.35062168546078,0.5126257138460019,0.01240824583748877,0.00010316989348869395,105.55193088085137,0.2904979947515663
2566442500.0,0.720444547156905,0.0009867910715610155,64.11454838670375,0.5169350796293816,0.012429572931285597,7.135011146501648e-05,105.58012876348918,0.39163004941631707
2566445000.0,0.7215119726308642,0.0010559263603757273,63.90638129964831,0.5182257708136507,0.012508214933081366,6.880424087885693e-05,105.59928559632144,0.379479310034009
2566447500.0,0.7215724507391199,0.0011248851036231042,63.679825192210956,0.5036976970419813,0.012480312534769552,6.481725385122685e-05,105.3227805284042,0.3936729799114476
2566450000.0,0.7193286289592721,0.0013985996670433296,63.403961202002115,0.5452581621004987,0.012463124307608424,5.429220542093569e-05,105.18793154610741,0.38227053630376673
2566452500.0,0.7201792529471183,0.0007108447970390617,63.028573108170754,0.5623930562438396,0.012463654679348936,8.137318787921355e-05,105.18084620027865,0.3171957325631971
2566455000.0,0.7173725005849982,0.0010013300705382295,62.889705877766595,0.5377903584256345,0.012405039647251731,5.590710340467805e-05,105.08904172779657,0.4913806164487424
2566457500.0,0.7185124157284076,0.0009596017165657005,62.48384600280211,0.5369550133884704,0.012492211332882327,9.456152265788827e-05,104.70025418899259,0.35593167315141927
2566460000.0,0.7195854535051374,0.0010650064015846033,62.52659333905241,0.534484236118043,0.012537286114431325,9.26198475156781e-05,104.71601751567846,0.449667634033508
2566462500.0,0.7190267278420232,0.001021642979990042,62.043809662087135,0.5814329353169398,0.012440431491149082,0.00011453156571536316,104.32391003563241,0.47742342801825227
2566465000.0,0.7186225785506304,0.0009483774433615557,61.97992857316098,0.5753577798495467,0.012499929175048679,7.993932230095752e-05,104.42300841492658,0.4035516417771012
2566467500.0,0.7198695638456393,0.001159088363480857,61.65544983041968,0.5856612844302467,0.012528588678675361,7.764693361306372e-05,104.23845037095637,0.3756276300376389
2566470000.0,0.7184918793997466,0.0009360111010327673,61.31782483127172,0.5997513469361138,0.012592434150835238,5.5334966901777905e-05,104.43444824409731,0.36370539017652176
2566472500.0,0.7173434945353221,0.0012358381640070627,61.033959159845075,0.5996846144847202,0.012617586241188495,0.00010276276730336389,104.01685078335831,0.5341541571369813
2566475000.0,0.7185788856574269,0.0010778551484978355,60.749674278585715,0.55344328436219,0.012598758325924761,6.221431964474571e-05,104.17570342790621,0.4305028050816299
2566477500.0,0.7153638961669648,0.0011432985973884914,60.606734646558365,0.636938423706906,0.012569068739151135,4.038665540221867e-05,104.11237421787888,0.36580398078796944
2566480000.0,0.7165372904454889,0.0008842465337856526,60.420649789292774,0.5951238570436469,0.012677796339357198,7.694864180394046e-05,103.75149652045862,0.2832538517020134
2566482500.0,0.7139870901021859,0.001120155597732569,60.042286128015455,0.5928451024802004,0.01258075662330082,8.687334841243401e-05,103.57569393088465,0.5710800376034466
2566485000.0,0.7139481393558319,0.0015845135438034025,59.85000647270665,0.6085214616043096,0.012638651237607646,0.00011479129250794071,103.43693842467451,0.35478347969473406
2566487500.0,0.7155173805889923,0.0012452560218933837,59.76616549207544,0.6107937103574015,0.012690185591997846,4.975711271289451e-05,103.64182801431245,0.2882932399531223
2566490000.0,0.7156664055060088,0.001094952477137147,59.08390709101743,0.6298089959485572,0.01265546861890699,7.831464836942172e-05,103.50497623753121,0.36105000774871854
2566492500.0,0.7161579799562959,0.0010892658542574604,58.95950026301065,0.628177075725808,0.012658913082970772,8.269783983623687e-05,103.42127080818243,0.5051792061485806
2566495000.0,0.7119444044606191,0.0012385989990558945,58.75676818739404,0.6382946773936443,0.01266290400015923,6.107974886636523e-05,103.10802014560966,0.4438840879178096
2566497500.0,0.7114660899841704,0.0014524637199936116,58.40763863455787,0.6590588025886966,0.012716801334200728,5.54725897005445e-05,102.93429430218492,0.41608061965485776
2566500000.0,0.7104364713963407,0.0012718765885233758,58.16008328542158,0.6829163196194528,0.012681014706226687,3.465816311860663e-05,102.93530387481952,0.3293054576217619
2566502500.0,0.7146682648258056,0.001238872463341775,57.92479466728258,0.6502771497157364,0.012755607622388955,6.785152859185763e-05,102.66638049243141,0.4599109188962588
2566505000.0,0.7110907729271717,0.001199970732006005,57.553620560258594,0.6679795813005833,0.012751772167200463,9.281430089016095e-05,102.56547930554444,0.4646969908834658
2566507500.0,0.7079457650720469,0.0009359832870441105,57.27182606103244,0.6815267546369166,0.012732779496187854,6.533464940249651e-05,102.52674902169082,0.46306090519552967
2566510000.0,0.7087929599262843,0.001666142408452714,56.89692502172232,0.6917551163452624,0.012724309186990435,7.509272250823288e-05,102.62044924681625,0.5457379943675492
2566512500.0,0.7123067738615265,0.000901095877999523,56.69196986859181,0.6943006999205934,0.012781567218245336,7.061826701297271e-05,102.39521871693564,0.39072278114283954
2566515000.0,0.7091894379059942,0.0012832775498295185,56.53215485212771,0.7056451314100753,0.012731683049767574,7.110710591902363e-05,102.27938319329574,0.44301181728688716
2566517500.0,0.7097229788550307,0.0010733813794270779,56.303923545167756,0.6808419270569995,0.012734010012343304,8.061099962632031e-05,101.98462752723721,0.4284144468620684
2566520000.0,0.7097784653866634,0.0009213521573337325,55.81529682774331,0.6784404837628486,0.012823298376406425,8.762477124571361e-05,101.82302115828615,0.28521587847708274
2566522500.0,0.7069138430052336,0.0009819164589990733,55.48981762466538,0.7227647944567147,0.01276317373314962,9.012780599323034e-05,101.99040620219607,0.4734837676869811
2566525000.0,0.7098478530233375,0.0010188818007167903,55.34975593438874,0.7141463934454663,0.012805759801005682,5.8112489709261046e-05,101.52688188296416,0.4634047204962561
2566527500.0,0.7079833930934684,0.0008635305542332412,55.09454766629247,0.7276309333485543,0.012826825446391656,7.514280999100463e-05,101.51740936505215,0.36499799612200634
2566530000.0,0.7084790861002509,0.0005932769925258234,54.7698391537543,0.7347789628296999,0.01285705391477492,7.567588339463931e-05,101.62186153118066,0.5179681831913276
2566532500.0,0.7078184523091977,0.0010544965468695447,54.503546456399924,0.7260973079739815,0.012861475881285375,5.386008440474642e-05,101.3366828725913,0.5569096985616991
2566535000.0,0.7057728922315576,0.0014089198449703602,54.15875602110486,0.7586704713197249,0.012809819318573792,9.894780858405578e-05,101.01993296366021,0.6249860943804556
2566537500.0,0.707827812829069,0.0012913802107655332,53.94769228984464,0.7258441540771343,0.012825975636991635,8.159493442269814e-05,101.01299560363957,0.40826571313723004
2566540000.0,0.706345168687822,0.0013574656570119028,53.67714998044586,0.7200025057673884,0.012860732096180221,6.932432820773337e-05,100.85397631433645,0.403032706869811
2566542500.0,0.7053352815109428,0.0010677927510845896,53.54326821953188,0.782589754219586,0.012940781837152282,7.550442982178733e-05,100.75064447741555,0.33499058830356815
2566545000.0,0.7047979483771671,0.0009740724057341248,53.2710039063274,0.7529954646562417,0.01294324794107443,9.212950597133372e-05,100.41116639139688,0.35886183590495446
2566547500.0,0.7045439761034602,0.0012789562093853276,52.89317409356552,0.7274271949604584,0.012933090815278367,6.670344203682651e-05,100.60925222895014,0.303571443785087
2566550000.0,0.7046900599849945,0.0011658915149236411,52.60141876027723,0.7756211734852986,0.012884370225396844,7.255106883697238e-05,100.74202573659579,0.42489790444941844
2566552500.0,0.7035010355531266,0.0009036580515212366,52.36832208982773,0.7543387354820538,0.012861075617391006,6.538745060853406e-05,100.39901579751692,0.5059490043497082
2566555000.0,0.7037274984078865,0.0011109502255324908,52.20012400085005,0.7395828172231647,0.01291172975415567,6.086751291376574e-05,100.48188846506419,0.4176074138158006
2566557500.0,0.7039651171790041,0.0010350370872479627,51.916699557496784,0.7410805088487212,0.012940604237026407,0.00010138895845306775,100.39223237933591,0.3143534133624101
2566560000.0,0.7028841716020039,0.001199366674074701,51.454229356287485,0.7521505826731283,0.01295083517241902,8.378771843179838e-05,99.88543640880752,0.3286773420037527
2566562500.0,0.7034654608671667,0.0011271901140862263,51.35953802773439,0.7647173311581803,0.012992816112182622,7.312123496106262e-05,100.01482021614989,0.38787065776831314
2566565000.0,0.7016375260334822,0.0013259776333070599,50.82389030915877,0.75996021064502,0.012938111161945938,3.633711136511995e-05,99.95047510302719,0.398311814185011
2566567500.0,0.7014835488475223,0.0011753786722286082,50.78563104488023,0.7621206746871146,0.01304212072905579,5.836882299236836e-05,99.81769377438461,0.5255537638830454
2566570000.0,0.7002794385844915,0.0012208398452998937,50.32114369728437,0.6986520104602459,0.013010750765385442,0.00010165622146199093,99.37628001548806,0.46412232766029904
2566572500.0,0.7030037476881903,0.0012744693046870586,50.34868796857451,0.7422408370456539,0.01299132911067664,7.333474808995131e-05,99.52129930184934,0.3201356228765828
2566575000.0,0.7003578763925888,0.0011323913768837449,49.77427867013182,0.7478165196912027,0.013010666684733191,7.915259796191932e-05,99.15972989030656,0.42348019869638237
2566577500.0,0.7007328259418125,0.001389741151805782,49.608103356840225,0.7789412000363523,0.013070568966261516,7.858067254577304e-05,99.09609593298448,0.3920214354497512
2566580000.0,0.6986638052206142,0.0013635225160964302,49.31978061129363,0.7577971078111836,0.01306837779085648,6.749196489119613e-05,99.4855394758068,0.39856860513188314
2566582500.0,0.7015762894126684,0.0013901544980119281,49.15942918627215,0.7100092543720659,0.013067946576661243,6.32113874171411e-05,98.99088153776421,0.5240412012591195
2566585000.0,0.701417186770043,0.0011054325026669664,48.66966046131667,0.7522735470061374,0.01305946693733696,7.453310123479134e-05,98.91225415921582,0.41872406723728134
2566587500.0,0.7006553217401378,0.0014003967988248276,48.51691774408805,0.7638433448507967,0.013121601152024268,7.300724095347919e-05,98.88228420031658,0.46820706520753275
2566590000.0,0.6996695088076514,0.0009762074640579213,48.158947412551356,0.7510408429948874,0.013140038938444457,8.205904857914748e-05,98.79643362371388,0.49991989751443805
2566592500.0,0.6985560710349713,0.0010890937327964925,47.80589074645526,0.7110178624885977,0.013104736876582162,6.245623963751392e-05,98.8292007108006,0.3963233551050242
2566595000.0,0.696606003497209,0.0009486292476171881,47.62274488969885,0.7251456667353177,0.013133097847675988,8.086544633060516e-05,98.70239865955938,0.33283664919025263
2566597500.0,0.6991450889350749,0.0012904181824466244,47.198549530426845,0.7412991469101703,0.01306360477934753,7.478994605038338e-05,97.86122572223152,0.5782681216101795
2566600000.0,0.6973852277919196,0.0011673130340175439,46.91745368353286,0.7492334679488595,0.013104686646006374,6.250672245891957e-05,98.257133342629,0.3634837637362063
2566602500.0,0.6944952941467892,0.001142017477072345,46.59401382734704,0.7118053481651977,0.01309587897555844,6.791406058025128e-05,98.15054005420146,0.40808391640794694
2566605000.0,0.6977078093588834,0.0012377287284631403,46.38757861078781,0.7039009248195393,0.013137030558009785,7.932091617944075e-05,98.03739047683311,0.3938543047667744
2566607500.0,0.6978878589265575,0.0011310334827705061,45.997102898055054,0.6560323428653667,0.013242672033112267,8.279991145452856e-05,97.71201237773356,0.528925448437187
2566610000.0,0.6963832124904576,0.0014042435069849181,45.72203472562445,0.7058311008217028,0.013199667750042197,0.00011353399401834107,97.59849486146393,0.37378503564377824
2566612500.0,0.6975139542705616,0.0010048058000430107,45.587380272675475,0.6602573269775407,0.013167235539031123,0.00013240055769732793,97.42050462974328,0.4741180164866466
2566615000.0,0.6969820935286294,0.0008068864860638822,45.011540026906644,0.6941075047973698,0.013160461285054933,8.416977992265662e-05,97.30015052575831,0.4532570236178961
2566617500.0,0.6941330163026672,0.0009143159508516209,44.84610268400645,0.6811504004286895,0.01315647601160245,9.284067742063556e-05,97.27123183315551,0.6117364611629797
2566620000.0,0.6948272976216401,0.0011036946651195622,44.54373511788033,0.6822000895075837,0.013154065389754298,5.894756901434945e-05,97.11743828892538,0.39151786108288517
2566622500.0,0.6967086850345392,0.0010685341532232434,44.209804460299296,0.6694792068308141,0.013219748737166073,8.873015678073966e-05,96.7605169148017,0.284189984082301
2566625000.0,0.6955176601745041,0.00102525527250981,44.02957424308143,0.6414940474281933,0.013228990604368263,5.063437851974813e-05,96.77502439326443,0.42936453727630236
2566627500.0,0.6929121306131324,0.0008260883724513982,43.791479399215426,0.596920165640508,0.013232992439597873,8.165524991228507e-05,96.69780696724945,0.46014058502944305
2566630000.0,0.6945999998502833,0.000981502058319952,43.281024686113405,0.6207833768050327,0.013303926809493681,9.406165793816237e-05,96.4723523921111,0.4905418901974888
2566632500.0,0.692968776489289,0.0009318119864711537,43.016131710412964,0.6207953277877881,0.01323759500412255,9.382576957927143e-05,96.35896234047982,0.5689385055376928
2566635000.0,0.6942844353329198,0.0009130132484991236,42.87065165158176,0.582885352214823,0.013337097052072243,7.761859715174735e-05,96.41363158258928,0.3763426140728712
2566637500.0,0.6933042763227917,0.0011410934101098661,42.536606373565206,0.606647715330233,0.013227418927360884,6.0828503712008886e-05,96.00076101409559,0.35403210805485064
2566640000.0,0.6920270036446527,0.0005813958123326991,42.20527964391519,0.5951381746289686,0.013304860393843206,8.671900160164222e-05,96.1284341400133,0.47086035711345303
2566642500.0,0.6919670876544322,0.0009944934403477309,41.96100417834618,0.5731897172943807,0.013258507207436111,5.68431865248766e-05,95.92041292496337,0.3395783750783765
2566645000.0,0.6923705778074,0.001199061397750817,41.627425350036866,0.5455654793932284,0.013287461698195759,9.620235930936057e-05,95.89182939748684,0.5594343765618769
2566647500.0,0.6916891332790434,0.0008310212382047568,41.380865766362845,0.6073207969966501,0.013345338478677714,5.968815957112116e-05,95.51554782482748,0.3897797788039674
2566650000.0,0.6915338211778735,0.0008257542854073419,40.96889415923006,0.5501655975656687,0.01331567217038472,4.874686929740765e-05,95.75236621576423,0.3886360816421084
2566652500.0,0.6912796439198036,0.0011530221771410213,40.73934351532196,0.5686857678411471,0.013302049944705284,6.508910260634183e-05,95.4949283324705,0.4558114238693641
2566655000.0,0.6903118922656515,0.0007026299286714168,40.29328652011929,0.5180646280086074,0.013338919915194798,6.410293059854937e-05,95.2611884702593,0.5019894977067005
2566657500.0,0.6905946340068466,0.0010004068389225802,40.080189653955806,0.5448494272005174,0.01338849578731542,5.489866159688101e-05,95.19366256843261,0.32628653356341897
2566660000.0,0.6902002002668841,0.0007813786631123113,39.78233625511088,0.5421424336956849,0.013363225632316294,0.00010438636172352171,95.55388377761214,0.5666644796761422
2566662500.0,0.6914875348120624,0.0007883191011026427,39.388888396475906,0.5501666928039158,0.013359178375762665,7.51463827141433e-05,94.6239276750175,0.3730711392338689
2566665000.0,0.6891532240758849,0.0007210022056550267,39.33164033871064,0.5451414673384007,0.013383998505271513,6.73832880255562e-05,95.09273658065098,0.4386126478148175
2566667500.0,0.6892303769758686,0.0009455866927001312,38.8501735301907,0.5544072343886266,0.01343457342279302,6.500063826122823e-05,94.64566493458051,0.3047908380574275
2566670000.0,0.6885889226678475,0.00082554517441275,38.580158411790144,0.5496537448106256,0.013374113733854517,8.470726737676956e-05,94.63257561632669,0.461329606066042
2566672500.0,0.6880736754763348,0.0007289585588481752,38.18146479261617,0.54936223584637,0.01343429084787461,7.317231250953475e-05,94.46680980904185,0.34473403935257135
2566675000.0,0.6885714524305948,0.0010819751408755074,38.034114098763496,0.5371221447570783,0.013416595985237959,4.368396467500168e-05,94.16798359002135,0.40509377546172887
2566677500.0,0.6878677980788102,0.0008763353821474674,37.53608241599041,0.5480086981820754,0.013426507372348316,8.975646891119777e-05,94.22582175027914,0.34376851295659994
2566680000.0,0.6892651714410957,0.0014620860217767493,37.270606823846975,0.5526772101448449,0.013483354623340894,7.339018897660334e-05,93.94141049971371,0.4778149702220778
2566682500.0,0.6890365435284735,0.0008878249757040133,36.92405738451472,0.5483610017466307,0.013411746558404077,6.861678989617429e-05,93.82253414155298,0.4182323141185092
2566685000.0,0.6876582420806155,0.0005211551396280071,36.646054031827035,0.5595333218411321,0.013390498943523465,6.1017276888941505e-05,93.71246332054993,0.3431353756059525
2566687500.0,0.6848789900292975,0.0011219200084694888,36.32176457783632,0.5257059959139,0.013472424528259731,0.00010050101962541774,93.95593427717218,0.2751321794922061
2566690000.0,0.6878513469111567,0.0009223334362896935,36.210326311014406,0.5751842599357442,0.013521682642015913,6.845086994208024e-05,93.6052241088885,0.4425992532665992
2566692500.0,0.6885032172135567,0.0010439666798992262,35.803614067459364,0.5644093139912816,0.013437499895893202,5.930941746542633e-05,93.15697288118437,0.3976666460963882
2566695000.0,0.6874017253039506,0.0013046873703337078,35.305519397816475,0.5468741664096552,0.013460593705177553,5.577985077467053e-05,93.19006106017741,0.32210131062017594
2566697500.0,0.6880166668166982,0.0008054294489568874,35.13111891396077,0.5576215912141061,0.013553268811444487,7.621103734371363e-05,93.1403536815819,0.46299705486652637
2566700000.0,0.6867187555948568,0.0009040713303794908,34.77764296942027,0.49049766911741133,0.013519999864474847,6.196445124972494e-05,93.07021415269278,0.40213719340419163
2566702500.0,0.6852844771111711,0.0005467945795622454,34.602689462033894,0.5298013767652001,0.013559409973257216,6.488331480077054e-05,92.96589031339326,0.3046607763695847
2566705000.0,0.6873505093103629,0.0011383798178199662,34.12653591191841,0.5650433436749528,0.013414951666023231,7.047962085447516e-05,92.5511213752352,0.293280677827698
2566707500.0,0.6853159818767494,0.0009571648755072716,33.766552990592984,0.5860249515066707,0.013571590554861495,6.510162163730528e-05,92.72945129968785,0.36808077911529924
2566710000.0,0.6839611658620095,0.0009841382518036154,33.60516550536674,0.5168909458803905,0.013468110085525243,8.663531265014327e-05,92.63344423027335,0.45642544534901985
2566712500.0,0.6861507268934055,0.0011019872576683318,33.16265799426263,0.5698401816538026,0.013606577997901916,9.050795063051728e-05,92.23130535431446,0.35087819031565115
2566715000.0,0.6853451089057175,0.0013409132174748931,32.97580069264751,0.5817517419844498,0.013590792313464675,3.5421390912387426e-05,92.26817934824922,0.2610131776226015
2566717500.0,0.6857719954013665,0.001020918375885029,32.484412841064554,0.5905285216526087,0.013499379393330898,4.5416096376714484e-05,92.16543471037419,0.46618213877850767
2566720000.0,0.6852951137235191,0.0008994613186309623,32.299669078024216,0.5789789508510871,0.0135611355203473,7.560665731213718e-05,92.17186374831971,0.45241727916555713
2566722500.0,0.6847106717708641,0.0008564193804293799,32.108064811580476,0.5885976619090693,0.013580327008227333,7.990543366007854e-05,91.96217040393223,0.2991193202194159
2566725000.0,0.6827359479361697,0.0010796158710974833,31.65801353745378,0.5849115989943804,0.013544980583273889,9.417775458353718e-05,91.76011545564052,0.42468893188508305
2566727500.0,0.6849422912939643,0.0006995270436663747,31.245816386463783,0.593528234626879,0.01358213381418066,8.07335464849784e-05,91.26222816290603,0.23875617239854674
2566730000.0,0.6835332363099222,0.0009010177350486617,31.032069418383387,0.5968341228945857,0.013607981981238429,5.172524001647677e-05,91.54988542673657,0.41853286100520526
2566732500.0,0.6851082711413287,0.0008622850970793424,30.745535769697668,0.570464533085555,0.013598101453629679,3.5211681549376864e-05,91.32233036297629,0.21104891091230232
2566735000.0,0.6847730547584306,0.0009347654213420017,30.372761487105162,0.5949571656398475,0.013562751274239929,7.08836293152389e-05,91.17951083337181,0.33913896670651955
2566737500.0,0.6824829248070743,0.001197960680158562,30.128320407580095,0.6466751109953504,0.013592878375177156,5.847669320430008e-05,91.39959719981954,0.4024560233884392
2566740000.0,0.684289645602648,0.0006862719073129582,29.837374472678782,0.6146868446730612,0.01364179979822669,4.1256158705809954e-05,91.00672761682091,0.2868546331625757
2566742500.0,0.682027101682243,0.0008717893763624365,29.475306524882765,0.6046187794166648,0.013648059870700738,6.04491860031335e-05,91.03346725334131,0.48847211969533316
2566745000.0,0.682578073436282,0.0008857511646626214,29.112235743981664,0.6369140487054912,0.013661721761574463,6.229308874002677e-05,90.69283836602754,0.31208676349933284
2566747500.0,0.6842024173466568,0.0008749366258171768,28.786277851824146,0.6414657682195143,0.013646099952386121,5.8022685978056125e-05,90.674510248226,0.35538867386000184
2566750000.0,0.6823441683466156,0.001227924147812897,28.542651212078916,0.6203266180955189,0.013677615280867274,5.049975036809238e-05,90.75501382271044,0.3975518363440782
2566752500.0,0.6830668292589979,0.0008687005373774447,28.052887142469647,0.629890704838897,0.0137430147008331,6.166339483034126e-05,89.98290433020969,0.38102200433516886
2566755000.0,0.6813890192339466,0.0009361000193354132,27.837235600278305,0.6529497540532065,0.013627421856766863,5.4561460955728376e-05,90.25805603398132,0.4807456462153498
2566757500.0,0.6822981846943738,0.0005841306901651282,27.568433324213398,0.6383909021029687,0.013656206443693352,9.02432156628377e-05,89.76991020761196,0.48235077420304523
2566760000.0,0.681482142163482,0.0013060668478248794,27.38159653197208,0.6048938947963062,0.013742093249292174,6.775600405760098e-05,89.85265524330882,0.35402400847849225
2566762500.0,0.6823874890839883,0.0009226612362716554,26.851330547385302,0.6066692315234511,0.013757284447937756,5.6953893415081304e-05,89.89107868440877,0.397216935166656
2566765000.0,0.6816306198128609,0.0005247943666755097,26.59573153391285,0.613681845588876,0.013746065603733624,9.956330661426281e-05,89.24441428423756,0.4259505744021986
2566767500.0,0.68336359813292,0.00129453958855419,26.218343216278885,0.565346863857568,0.013721923258245528,0.00010130263454531245,89.47522733451892,0.45876593114360087
2566770000.0,0.6813974975207633,0.001064697288870902,26.004825980433022,0.604989501442544,0.013674657359350948,7.132610252640534e-05,89.44055644431322,0.300497865416425
2566772500.0,0.6816861752995752,0.0009988945852841037,25.499257827356203,0.5893339594138142,0.013748207698950599,6.090994413098472e-05,89.20257856316367,0.3280706753604426
2566775000.0,0.6818439727430479,0.0011503368030273662,25.342188191102185,0.5865222824570056,0.013755449641624394,6.299563470399245e-05,89.02713138704331,0.22551712656658132
2566777500.0,0.6809190211107738,0.0006737054058573658,25.00845123422474,0.5748181973106298,0.01374672431137085,5.790775908467019e-05,89.40819313405731,0.1703848917233043
2566780000.0,0.6831518087402798,0.0008829404687445083,24.52633570064507,0.5757019263879336,0.01373641770801683,5.145561530689126e-05,88.78711570018406,0.3816710907906104
2566782500.0,0.6829550440541724,0.0007346465044600812,24.365083917965592,0.5672158495294182,0.013773767056785353,6.320913811096467e-05,88.81596038384448,0.4818984147420073
2566785000.0,0.6797352056876085,0.0008366124583593998,24.11685301726486,0.5741042897226807,0.013657413396586512,8.561886391368859e-05,88.91802470609893,0.4521744794798324
2566787500.0,0.6806047664059599,0.0009768168863281714,23.62999090569708,0.573835298004891,0.013725360573947574,8.585382647509e-05,88.30915456630203,0.37755483569627574
2566790000.0,0.6827768856302303,0.0011931047759634883,23.338452781900713,0.5643814731716998,0.013877361338200632,5.4804635418705336e-05,88.49729537468379,0.5931579541927156
2566792500.0,0.681177015046825,0.0012969475645124443,23.033293218283568,0.5257822638976964,0.013740504359108022,5.6740487163098465e-05,88.0692496908646,0.31101268322568115
2566795000.0,0.6807716954086549,0.0007179739246532231,22.636798948993285,0.5903827869794902,0.013744033169792457,6.657598799319432e-05,88.02982499653399,0.4154466300573519
2566797500.0,0.6816234866765318,0.0007755858431713472,22.512599894750032,0.5806011139175578,0.013744700288181245,6.907367536646079e-05,87.85680315792912,0.44816977986942264
2566800000.0,0.6818879664762904,0.0008339150054319119,22.123333625203404,0.5723261666525354,0.01371316376302684,6.635274176974089e-05,87.70404023656171,0.30667496518288806
2566802500.0,0.6810263343724046,0.0008582857598150596,21.769998213348174,0.6003108177058388,0.013785344062419323,6.900493148682389e-05,87.67554575759681,0.30428122737430363
2566805000.0,0.6805390948193696,0.0013209785344676316,21.37112783207709,0.6039507196445831,0.013780185825763097,4.868647412292404e-05,87.54443569518918,0.44738476188515713
2566807500.0,0.6812185180103034,0.0009442834197540726,21.279049262384657,0.6101450909374435,0.013788229112871104,8.831764241773098e-05,87.33448306441517,0.5744999502189482
2566810000.0,0.6802682885971922,0.0010978413277564897,20.82126531252782,0.5832532430882553,0.013750803312968511,5.261330451640065e-05,87.0764952752201,0.25798344761188896
2566812500.0,0.6797392688716279,0.0010671440120618367,20.484798021812033,0.5867560499594008,0.01379554479498133,7.813491653766473e-05,87.08575026340482,0.3919821567540279
2566815000.0,0.6786424339606123,0.0010029960654627512,20.036858107946532,0.5932579192085251,0.013794855860399264,5.92147650640657e-05,86.9517535297952,0.3832613007123381
2566817500.0,0.6792154698809779,0.0006007622612387476,20.02900704706514,0.5853174493787027,0.013788866434748514,5.137460574720945e-05,86.88363361816444,0.41244865705887956
2566820000.0,0.6806651680504403,0.00048371312031286864,19.4260418891648,0.6213584862647832,0.013834625362871281,0.00012808183121589318,86.55629168146471,0.36438529689945764
2566822500.0,0.6810409404901373,0.0007711676894880856,19.256000494910946,0.5795074457321985,0.013786102277017506,5.968326760250793e-05,86.55297251546916,0.4220230123640094
2566825000.0,0.6795222796933943,0.0011124276995674593,18.861013150478698,0.6172591071952791,0.013880267235804147,6.551685963912791e-05,86.49678095138586,0.42461412435587303
2566827500.0,0.6801736423597081,0.0009846580021641521,18.566756876507913,0.6102799819772822,0.013785548963229722,7.295208990444407e-05,86.38555854747149,0.2472745602413967
2566830000.0,0.6801187701238675,0.001117191210396177,18.328552970164353,0.6611855371491462,0.013884902072691836,5.289071802616658e-05,86.4683040112287,0.45414184188242646
2566832500.0,0.6808477101807964,0.0009283222020109756,18.027760705099144,0.6027155660953945,0.01385801905378861,6.901982654003132e-05,86.13970168399285,0.3070885871506673
2566835000.0,0.681758580731062,0.0011020265069144628,17.674270142031038,0.5852727245190119,0.013885247197325425,8.206761573333926e-05,85.88816080933226,0.33609168472637174
2566837500.0,0.6804760998566607,0.0013227779829015696,17.364893781541483,0.610170921630482,0.013887890558913124,4.795079540955398e-05,85.83414367840719,0.36113901109658414
2566840000.0,0.6804804761545367,0.0007537649005968745,16.93824018308987,0.603313408995468,0.013849369490823191,6.619598579404481e-05,85.4039845730672,0.41234995718269146
2566842500.0,0.6794166008697138,0.000727999510046085,16.728699010636074,0.6154403363197036,0.01384106174110852,4.6718299205790036e-05,85.71051895299836,0.4552910594780882
2566845000.0,0.6799465102984953,0.0011021482963638578,16.384935281330844,0.5909564412710755,0.01396317936374477,7.381112195977778e-05,85.74424447908126,0.3771442546886202
2566847500.0,0.680899045600633,0.0006927190015470557,16.154051138344126,0.6125244728661584,0.01392647640597364,0.00010180566033996739,85.43964477201959,0.4911114226395205
2566850000.0,0.6801904150145639,0.0009736152992809754,15.762072795820957,0.6087134078440488,0.013856964457347899,7.146363811676002e-05,84.8726990657007,0.48145243378555985
2566852500.0,0.6801445079059392,0.0005314443439768734,15.364084705701696,0.6300219089975405,0.013913378405207372,6.889551193376832e-05,85.11185934994832,0.3818294390556193
2566855000.0,0.6811321093559626,0.0008414263221475483,15.063859571266377,0.6565528113745758,0.013906136315140264,7.110755511948301e-05,85.11053091176716,0.25628559936679596
2566857500.0,0.6803416859843644,0.0007478321432662561,14.725098390296743,0.659765538179531,0.013971198420056506,4.217124037705491e-05,84.76112603213055,0.4911386757309125
2566860000.0,0.6796335681148475,0.0011006304399979179,14.558723868170176,0.668867682850902,0.01393147954970633,8.664483789192966e-05,84.56752050270741,0.32388982760371704
2566862500.0,0.6796404931049244,0.000866028971615849,14.265011633364168,0.6506017179988994,0.013867239307098211,7.285733012450957e-05,84.41487868531728,0.4569596409494367
2566865000.0,0.6812957098303886,0.0006284105393094009,13.815259892460233,0.6391686643107302,0.013943648518452461,6.817276028889694e-05,84.2360564336165,0.3754705228230243
2566867500.0,0.6794699578457645,0.0008245759234359421,13.620923810221722,0.6367372372624028,0.013890346173516794,6.382699823553432e-05,84.1420410033256,0.507560441035529
2566870000.0,0.6817358860837937,0.0008084367432125037,13.224606085190514,0.6804711008038455,0.013904721323580635,8.151403718614878e-05,84.232230494391,0.33207699392729423
2566872500.0,0.6812544908022986,0.00043468847508228305,12.890025157769665,0.6889459275973179,0.013914947447310849,6.479806765966403e-05,84.04525817859627,0.46703616965672523
2566875000.0,0.6815258643825031,0.0008932196954916673,12.5326083800539,0.695413588649251,0.013936271695850185,8.120405403345239e-05,83.91543896625868,0.48677430170258046
2566877500.0,0.6812984914764472,0.0010198647631053798,12.395471136389608,0.7003052292406547,0.013934767386331199,5.274252009981212e-05,83.81000359328841,0.4689570180543282
2566880000.0,0.6796860906233957,0.0010445260178749652,12.15037650652545,0.6877720840583861,0.013955718270352833,8.252330996878318e-05,83.64059347230112,0.4448242873389383
2566882500.0,0.68118704697269,0.0007398825171197798,11.680660844037106,0.6703419467793009,0.01391966624278998,7.379770101649638e-05,83.58280866999948,0.46882385798471576
2566885000.0,0.6814670594739907,0.0010951507248120437,11.258668357606068,0.7076391082552533,0.013846764885527954,6.945573783917487e-05,83.50122152991115,0.37849190247865244
2566887500.0,0.6816333756006475,0.0008152998553097269,11.174448754121094,0.7319168436201602,0.014011744901161069,7.556544320196178e-05,83.21037588761746,0.3320712525204918
2566890000.0,0.6808691864039487,0.0006133128576196548,10.548246868110288,0.7255733416489303,0.013897216408411333,7.543909028896247e-05,82.93826499344885,0.42911741822822136
2566892500.0,0.6797324765376602,0.0011058283451978988,10.258148107146887,0.7365504239514408,0.014009622255541691,7.333242813110908e-05,82.96790290481964,0.41835977154969
2566895000.0,0.6798170447857855,0.001279351299893111,10.072099903942323,0.7122044526465582,0.01397683746911188,6.929845205299252e-05,82.87442197889771,0.3986342864918819
2566897500.0,0.681067355114517,0.001028985371085162,9.698207413115123,0.7184365495347182,0.01396937102109898,5.885521511182743e-05,82.85498630647717,0.529213585915235
2566900000.0,0.6816442240989148,0.001247414519798378,9.28714796294993,0.7001828490042856,0.013962258307514823,7.805797682142083e-05,82.64433060180255,0.36483641146859175
2566902500.0,0.6819491722759864,0.0009458760987636701,9.068121907471175,0.7098670743465382,0.013955493697675899,7.032714608052962e-05,82.57975855232232,0.4570831327117274
2566905000.0,0.6821110970038338,0.0009002944960601701,8.75371562144174,0.7283254459161358,0.01397041668647459,4.6228517273678344e-05,82.43119371465713,0.61432126530636
2566907500.0,0.6806533190379102,0.0008017158264742081,8.323260273415714,0.7478455447915948,0.013957265539909343,6.710441589816007e-05,82.0765700227249,0.3593551983911654
2566910000.0,0.6827550808389928,0.0012157722647235332,8.11022457035946,0.7227120055134302,0.013920514791768058,4.605088618613184e-05,81.89836294971806,0.3426569034615343
2566912500.0,0.681811729972978,0.0010424663925350487,7.790275345095031,0.7421931233780403,0.013919471422845603,8.023349656981641e-05,82.00225460337981,0.46144860624753664
2566915000.0,0.6818873315647074,0.0012661705556154122,7.669280781488316,0.7570393862816445,0.013974660614049311,5.6237536832803326e-05,81.76187806107782,0.3732330567337952
2566917500.0,0.6827002245654303,0.0011343586539713571,7.1771540144734205,0.7724654288736977,0.013959889787472734,0.00010766510971946006,81.85204177562491,0.5278943680823472
2566920000.0,0.6820608215435613,0.0010817426364140418,6.867030141225292,0.7724979497505059,0.013993794108643272,7.104922505982007e-05,81.62109270902805,0.36949602559870587
2566922500.0,0.6819449846215481,0.0011293390929693456,6.478846833337607,0.8306544199944768,0.013963443844311444,7.760811709525152e-05,81.22470905164991,0.48073836337556025
2566925000.0,0.682276235435223,0.0011084522601008562,6.292068230002908,0.791957490987161,0.013982705994403731,0.00011544391518710986,81.12745481798355,0.40717636029324034
2566927500.0,0.6819346999718905,0.0010814235991314163,5.879449713113182,0.7737163767570473,0.014035958297735917,5.230896955928371e-05,81.00533080476103,0.5329120391994666
2566930000.0,0.6830514877596953,0.001264755626799515,5.5530241746144275,0.8071063126003944,0.014032810305559426,6.423007746049817e-05,80.88914195845858,0.4727986059688677
2566932500.0,0.6835405121736204,0.0011933007093418533,5.217875173658083,0.7736366903596856,0.014047590220677706,9.23332884342572e-05,80.93744682188974,0.38565409177629995
2566935000.0,0.683384848429814,0.0006218901601457848,5.032828432398893,0.8131578851927032,0.013963024675527947,7.571147442737406e-05,80.60887731853718,0.4098507187739617
2566937500.0,0.6825505499414066,0.0011988823008893125,4.617568936185407,0.8299838999994592,0.013994992488473983,8.728200480890299e-05,80.50171866126624,0.47346112468731344
2566940000.0,0.6819305169890354,0.001099364934855884,4.350497374493581,0.7969553312172626,0.013944590829672162,7.098195156315008e-05,80.35607331682645,0.4263059024144783
2566942500.0,0.6846865921996211,0.0010424426032600576,3.931514621642073,0.811076705620733,0.01399132504088715,5.370060303558961e-05,80.21656184790045,0.5488391975673672
2566945000.0,0.6844464908968082,0.0011796751085748115,3.606878400432441,0.8397412431919513,0.013992859696730952,6.824685920396e-05,80.1995232479761,0.40631640598872554
2566947500.0,0.6847325308653027,0.0010261349147396243,3.3250544383069762,0.8236635126016,0.013944775562497869,5.3904998242980794e-05,80.23164270901385,0.3517304058971175
2566950000.0,0.6823220718576642,0.0010299045441010224,2.9341318410661525,0.8121529305400962,0.014006898503113745,6.706604757937673e-05,79.5690171128359,0.4817921946284411
2566952500.0,0.6852032209287353,0.001314284565218539,2.7534062500521226,0.8126308895779748,0.013996799479145002,8.048261215367494e-05,79.88441888426586,0.47794176484099493
2566955000.0,0.6854326999552953,0.0011991213471783694,2.3840155100747924,0.7776906087707562,0.01397552714475753,7.493099348399943e-05,79.77919574675543,0.32030710151464675
2566957500.0,0.6846794067267962,0.0009761624665663349,2.0658996358097648,0.7977358020330468,0.014045578686515568,7.833891880910175e-05,79.70870352883131,0.48640306438529973
2566960000.0,0.6839197977154354,0.0010935995593143154,1.6678178573558824,0.8291612964351348,0.014064221408422544,5.324485551322161e-05,79.52094451230975,0.30988707302171786
2566962500.0,0.6841874642683018,0.0011499747204759582,1.4075488284361328,0.7999321131420472,0.014039154086070597,9.926753943201506e-05,79.35400715987,0.465303529193017
2566965000.0,0.6852878317830434,0.0012680166788983157,1.1684533547520772,0.7582998194823265,0.013982491635333051,0.00010692902238491161,79.3534450940156,0.4340832110806811
2566967500.0,0.6850662866949057,0.0014115570387679488,0.8525207990961564,0.7640112205953741,0.013988882329177355,9.407308405931691e-05,79.09279825563785,0.5490950723304114
2566970000.0,0.6848892568230821,0.0011828503866999083,0.5148828030110635,0.7620360191374368,0.014147201112195924,8.755119640148426e-05,78.91362956282174,0.3757880218085045
2566972500.0,0.6873752744141127,0.0014254731407703691,0.24538330816297968,0.7755549145479339,0.014095021040584188,8.66240852733842e-05,78.81433911124896,0.34363988790096384
2566975000.0,0.6865117879507967,0.0010184263421968312,-0.19954307974449045,0.7380543949843473,0.013974938290701388,5.047615990619358e-05,78.73190374693479,0.2885961779528205
2566977500.0,0.6872589975434951,0.0013388778429879015,-0.5194386506292634,0.7531598083203955,0.014053664131946983,7.292405813701987e-05,78.56620422109567,0.35414052294866455
2566980000.0,0.6851275767913291,0.001213364891173796,-0.6893352860456347,0.7553980806983761,0.014027809145867536,6.49826956304728e-05,78.5582518554769,0.4172974453740327
2566982500.0,0.6876613244833569,0.0010338537960553657,-1.0689514712267982,0.7483272966974388,0.014070410144057665,5.249874713495704e-05,78.46003711974696,0.4317273964880861
2566985000.0,0.6877208706300165,0.001262577695870913,-1.3428410262444614,0.7478953223874881,0.014076070099301181,7.35565489390448e-05,78.08858408665239,0.2868165880138004
2566987500.0,0.6874810438547049,0.0011526867996638213,-1.6469587177555929,0.732201487737221,0.014040775350310187,3.703319666774163e-05,77.99406872002696,0.4172803848719638
2566990000.0,0.6871288635938021,0.0012224865731742245,-1.928656196050475,0.7519141564138179,0.013979903397226793,5.7764918327886267e-05,78.10552919325013,0.3387281919623489
2566992500.0,0.6858869164407424,0.0009774741771323289,-2.353800686926003,0.738522756119954,0.014004979055786538,0.00011215845433093441,77.88036703818358,0.4540370099662391
2566995000.0,0.6866687988956967,0.0008951970104704697,-2.698887422184597,0.7746785120184004,0.014080447300626376,6.90753725168279e-05,77.38741910927412,0.4063178002592164
2566997500.0,0.6875699413724367,0.000943641632669191,-3.0187296557713728,0.7859616326997194,0.014021537633425346,5.403879705655069e-05,77.3010031810626,0.4347157642310818
2567000000.0,0.6883907418693888,0.0010806422991895528,-3.349011567173082,0.7898587907718284,0.014039012467062807,3.4916016672088815e-05,77.26725512001371,0.33087431541047346
2567002500.0,0.6881136419586436,0.001287290608216859,-3.478075283055091,0.7662754819830325,0.014032941312046346,6.168288504062494e-05,77.37822773581568,0.3956857058709016
2567005000.0,0.6883514376789089,0.001122194808754007,-3.8767776977859385,0.7722850309783174,0.01400473376538739,8.709614751323239e-05,77.15253334859325,0.4649189271638805
2567007500.0,0.6900624067540339,0.0010297733337483398,-4.222442951558787,0.7409750946448442,0.01405942022949864,5.672924054215225e-05,77.16813531068135,0.39171451936577784
2567010000.0,0.6911835597900179,0.0011455233429411682,-4.601711519453231,0.7374061600799217,0.014066397232668603,6.437377604469414e-05,76.7672504462638,0.30811768509531523
2567012500.0,0.6891606271154053,0.0010175226613711476,-4.860577851735668,0.795381622346314,0.014041383705825122,5.705939939354641e-05,76.5018770575809,0.41687113544205534
2567015000.0,0.6901700395202355,0.0013930864688979044,-5.1889045694601235,0.7989114443450084,0.014003476721177544,5.9958201645567706e-05,76.61372744360654,0.273388834458211
2567017500.0,0.6887098212919085,0.0010885576941450413,-5.409184994023247,0.7511817023686049,0.013992292843172046,5.5991928622652325e-05,76.81261380450795,0.48791781637069265
2567020000.0,0.6894633050224325,0.0013350916712405768,-5.748488240175538,0.746094168209274,0.013964128642593407,7.794036570066446e-05,76.33272455443432,0.4331168065463837
2567022500.0,0.6903450784564089,0.0008387806680192654,-6.054797965225765,0.767980927990334,0.014041061843972724,6.54541949594058e-05,76.09216406726203,0.4684332068880006
2567025000.0,0.6900039110944608,0.0009372435803089305,-6.3043631473174235,0.7852073103065909,0.014046308458421732,7.024219089812602e-05,76.0333294137992,0.4397283805016531
2567027500.0,0.6894344235868239,0.001473451509661286,-6.777846132141227,0.7377492481986277,0.013973915645411327,8.394891233370605e-05,76.06753783241521,0.4487692697517182
2567030000.0,0.6902191220633251,0.0013213520561509364,-7.034644299666138,0.7448729002617981,0.013995847711414378,6.16370991080545e-05,75.781394560087,0.3769327847121081
2567032500.0,0.6921680248939267,0.000838367198623191,-7.167609178779206,0.7176829666085938,0.014066711900088066,8.444277270641341e-05,75.75586400394458,0.4564398327145034
2567035000.0,0.690928066528512,0.0013773228357959054,-7.5172664640930975,0.73277348711912,0.01405275511706568,3.77483541671512e-05,75.10106333151913,0.515392891178051
2567037500.0,0.690651838576042,0.001290234752153816,-7.904536047399267,0.7087236260362263,0.014026352674412613,7.449196418693077e-05,75.40006854248142,0.4879379923941745
2567040000.0,0.6919221273632816,0.000908410454948939,-8.312948455135615,0.7097858556928648,0.014031793835743687,4.95952015682208e-05,75.31575076883861,0.33506288039393267
2567042500.0,0.6931773711890155,0.0010165574201332955,-8.723334366986906,0.7244491182725518,0.01401229711251677,8.372891052214977e-05,74.954282122526,0.2810470116329691
2567045000.0,0.6923475589144911,0.001165210840477085,-9.128639802651474,0.6936576895999391,0.014148802928556565,4.840924496563692e-05,74.93046610396986,0.40030179933443266
2567047500.0,0.694171559823762,0.0011676279528431,-9.223839653447026,0.673630647765425,0.014047178135760105,4.2084865171867456e-05,74.93642295430281,0.4363465180638258
2567050000.0,0.6934998929289277,0.0011940242585232886,-9.614592617409636,0.6472365492471285,0.013989210010571376,8.646036220777127e-05,74.61730871389658,0.4684548731811097
2567052500.0,0.6956941673419398,0.0014160980138495079,-9.875358696703557,0.651952380069432,0.01398728323209069,7.351131828456406e-05,74.83530721222503,0.4210886373469493
2567055000.0,0.6955309849505615,0.0014658446511244547,-10.101483864838377,0.6388717541564047,0.013941320175104436,5.4098161664392854e-05,74.48506027541627,0.32049534608711683
2567057500.0,0.6936757645259706,0.0008148852917761824,-10.386152520795285,0.6627341529708427,0.013959788956060749,4.552761879836307e-05,74.36058885150511,0.2511357254587157
2567060000.0,0.695418270243386,0.001075580293771325,-10.726559781959564,0.6432012819216718,0.013999278254249474,6.836840124529774e-05,74.17764939971916,0.3698841398360541
2567062500.0,0.6951869102007996,0.0011489026534529528,-11.037087078852103,0.6040916928943343,0.014019813325552865,6.917357510619289e-05,74.14435694092444,0.3346795193171349
2567065000.0,0.6953753756224534,0.001290625351237288,-11.34787396239681,0.6283460962440306,0.01399252560590539,5.865796969702213e-05,73.93644538596782,0.3865439775127198
2567067500.0,0.6937078307859936,0.0006474722390194958,-11.995134007921754,0.5755442381820667,0.0140147389748742,5.4712397203255476e-05,74.03581123478665,0.5652255110593573
2567070000.0,0.694592465369553,0.0012774086645419513,-11.96082035912674,0.5650816066871471,0.013978935974315656,5.304399790074156e-05,73.75546348057222,0.26543828348527226
2567072500.0,0.6962416601540304,0.0011065879084881116,-12.267382747578583,0.5995801664572534,0.013978135559936712,3.4675544580816825e-05,73.78034894554544,0.3020963529345392
2567075000.0,0.6980193575991572,0.0010209629334982137,-12.735161221980459,0.5730765623898366,0.013938464723823023,6.316610035793302e-05,73.10599867907753,0.4441264682101179
2567077500.0,0.6958291029269126,0.0009142861076939727,-12.899666720506183,0.5747594280102714,0.014015081055790432,6.449000097367917e-05,73.2209721544651,0.3465395182426463
2567080000.0,0.6981327234241343,0.0008371979145059286,-13.266822991637486,0.5474598360404422,0.013962005220231215,5.0306099554820065e-05,73.1054802034139,0.3202571407108422
2567082500.0,0.6986121801377528,0.0018147220449440478,-13.580113798564495,0.562680334982052,0.013982413343852584,5.717002866330132e-05,73.0001528054447,0.33444595381406167
2567085000.0,0.6977702389575481,0.0009936481050397006,-13.854288528317966,0.5802373040139591,0.014019875522900495,6.444192302616794e-05,73.00579640916739,0.3208606360544939
2567087500.0,0.6994066345839722,0.0007335698790064356,-14.231010351217236,0.5794070475999671,0.014037361541258534,3.0267851431310713e-05,72.85464514900903,0.3938675695264668
2567090000.0,0.7017149970575451,0.001102216766946475,-14.635275310663586,0.5959079604392641,0.014049822934947102,9.726517074331124e-05,72.64538786138002,0.32758785664271306
2567092500.0,0.6996213788327775,0.001258188685598534,-14.851318773262193,0.5326350422393163,0.014001043548019624,6.721892701212904e-05,72.26440580239618,0.4497006424927996
2567095000.0,0.7010656674387312,0.0012058241490262845,-15.13098797852972,0.5405864821480172,0.014005353108336623,5.47737971701898e-05,72.16724614017559,0.4423697189711009
2567097500.0,0.701961497050359,0.001221138796038705,-15.554140350568806,0.5480837623082045,0.013976899086917544,6.337612126075839e-05,72.18708289967192,0.35973039991487143
2567100000.0,0.7004943400385512,0.001016534465141619,-15.749224152123048,0.4971268585327478,0.014033531927242483,3.3575489173321556e-05,72.38527559448208,0.29224031869290984
2567102500.0,0.7012281016077665,0.0011876134451936453,-15.886969575326493,0.5165744842813974,0.014017321088668384,5.287513554966239e-05,72.18388495126854,0.3399490574794282
2567105000.0,0.7018343734308244,0.0009277377699278241,-16.394551251232667,0.5165532229883874,0.014032387486602649,5.597370128567042e-05,71.90962513556504,0.3348292238333423
2567107500.0,0.7000946273044092,0.0011914835992291842,-16.653618358306115,0.48260376900074764,0.013908792861949869,5.929715140982382e-05,71.40761577177727,0.3269640929144478
2567110000.0,0.7022605338121278,0.0013627294907460846,-16.933798397551417,0.4971489647069219,0.013922961020885315,6.310267880201305e-05,71.72238159761181,0.3972095929246356
2567112500.0,0.702197807562744,0.0012009677599531656,-17.35736314417494,0.5147378567657007,0.013951085555288388,6.545742843397351e-05,71.62335425915491,0.3950869862880919
2567115000.0,0.7024264948371578,0.0010449075881393969,-17.66207965928386,0.5009818715108648,0.013940146320839633,5.987617736524969e-05,71.14841205629267,0.3277951584164335
2567117500.0,0.7034471646940271,0.0013356634706536248,-17.92824375581381,0.5258531927494179,0.014016131775142562,6.80891225166633e-05,71.09580198228727,0.23081925195058683
2567120000.0,0.7049331808999408,0.0010880418466581662,-18.29237016813711,0.5177249563412727,0.013945508697500646,4.619571267950392e-05,71.00361997178845,0.24080934449930733
2567122500.0,0.704208442867706,0.0009214939170758514,-18.419626785505155,0.5049410267963387,0.01388394922040687,7.206473839739356e-05,71.09512073545253,0.3808728626753299
2567125000.0,0.7055706139214951,0.001281077736479502,-18.733433386236594,0.5144560121407397,0.014022854604882659,5.304488296369245e-05,71.03087934641636,0.27161913177832564
2567127500.0,0.7044234257352648,0.0012637280774801217,-19.119785048625523,0.49647183289107544,0.013943200653913048,9.436935072957805e-05,70.5507632264428,0.4438401774273335
2567130000.0,0.7071865312795448,0.0013645379551760182,-19.459283110565973,0.5405647061183735,0.014024794670460826,6.394332559834884e-05,70.61651647615076,0.2950495133552313
2567132500.0,0.7052335811551337,0.0011959419204708402,-19.77224150669067,0.5448717505026981,0.013968788482427372,8.564660135577212e-05,70.28409138154524,0.255553375616446
2567135000.0,0.7048853887968073,0.0011153140056282432,-20.1035776613992,0.5331262907550953,0.013982853346908094,5.0723514574575694e-05,70.01205994145604,0.4574452312143369
2567137500.0,0.7085595848539206,0.0013340417519801886,-20.191741887718226,0.5473312697658106,0.013896127261605207,8.77390337499233e-05,70.36400906510181,0.37149641793465493
2567140000.0,0.7066416278340226,0.0012236100456565343,-20.837856810357007,0.5400072651889739,0.01402089349128072,8.800962608937655e-05,69.75313442960481,0.3486294944429284
2567142500.0,0.7086000918696574,0.001077091153793215,-21.116497553176014,0.5711076200711798,0.01402468596233461,6.332511212596859e-05,69.81814120982112,0.41337314033117467
2567145000.0,0.7087992285214706,0.0011139063544038173,-21.125785016100533,0.5522794894948334,0.013943343434994678,4.500356613018508e-05,69.76677698959665,0.31207028525943403
2567147500.0,0.7081795751261292,0.0013628461100066362,-21.606332021147185,0.5907678508268955,0.014018014288131457,8.113678821781806e-05,69.64226393825007,0.3071731909216633
2567150000.0,0.7078135032155479,0.0006827591492805543,-21.636550035836827,0.5702485371640285,0.013849870235904938,9.692440432054113e-05,69.60572344590746,0.34797059634946775
2567152500.0,0.7071265956867036,0.0010476373749089103,-22.02200759451013,0.6137188308301501,0.013910866408574044,5.2269522592870864e-05,69.41341877631729,0.3987139181158207
2567155000.0,0.7104584914944061,0.0012042970674765127,-22.488392873012614,0.5737793328591446,0.013910189074041089,8.588968892947158e-05,69.61040591422307,0.38576843824159324
2567157500.0,0.7099556992648675,0.0009674786244482707,-22.559596985956055,0.5468594909066647,0.013969157013660296,8.828440348650752e-05,69.03829974764032,0.2602793299841798
2567160000.0,0.7116522914829772,0.0008378711740364849,-22.758280058727827,0.5830832372175474,0.013928965432765774,9.716415672596778e-05,69.0811867395849,0.37566682067828777
2567162500.0,0.7111056491062853,0.0008731868254854896,-23.30446966767515,0.6031212561010262,0.013910385062463462,5.4795738944525286e-05,68.99674337169364,0.5189797435102768
2567165000.0,0.7116667782849418,0.0010732030087965796,-23.54687237815132,0.5773195224773939,0.013953494617022551,5.066499336915037e-05,68.64740021965021,0.5198222227454302
2567167500.0,0.712509306522677,0.001111470553307981,-23.887229211410222,0.5667069590066602,0.01390990142033735,7.064198555080236e-05,68.62513467798142,0.3748340170382242
2567170000.0,0.7124840097081557,0.00167505780648768,-23.999023920937674,0.5794244899270125,0.013836480764828497,5.1670955798825826e-05,68.61452963516929,0.25505737759414854
2567172500.0,0.7121877814203302,0.0010325541005870354,-24.39396779400725,0.6003958675769797,0.013854694848269575,7.665571024762003e-05,68.34825783209283,0.41807291218142895
2567175000.0,0.7179752267604423,0.001597627113373766,-24.6096555080761,0.5499564299779743,0.013914765075612474,6.991722503708357e-05,68.61873070794638,0.3154032007811944
2567177500.0,0.7126082369158027,0.0010181745165577895,-25.13089310910337,0.5427850919687555,0.0139304923768215,7.560726551401584e-05,68.21257832340497,0.3480842442646749
2567180000.0,0.7124847377601655,0.0008945738440841047,-25.269293521836644,0.5567040939293172,0.013814469730339675,7.677156564110375e-05,67.8797222669393,0.38467614424142216
2567182500.0,0.7160212403647136,0.0010529578610950416,-25.704532015345777,0.5673971296172777,0.013897026893702449,6.189584946990464e-05,67.90671378935949,0.3566681315295859
2567185000.0,0.7159158398404356,0.0009203139354151751,-26.165551390989954,0.534474898153011,0.01396432536181241,7.668217415604035e-05,67.67309603748576,0.5462015546683976
2567187500.0,0.7181200013822905,0.0012233105846881397,-26.204399277549403,0.5253243404674005,0.013895930978833213,8.353439232922866e-05,67.80564303775722,0.30946247430588847
2567190000.0,0.7180550785432288,0.0014194396228033046,-26.584710872562493,0.5343419473943133,0.0139518726406125,8.679154042881055e-05,67.5542603698532,0.36340648282144145
2567192500.0,0.7160212904760415,0.0008602765805366652,-26.88479410179641,0.5598279351203768,0.013841109180737993,5.878778133393717e-05,67.25080160269576,0.4897886290938617
2567195000.0,0.7159900535067623,0.0007669812276515569,-26.827636129075294,0.5308038266478029,0.013817456848068089,3.815147466999724e-05,67.50714594958508,0.40237550848655945
2567197500.0,0.7165003587972014,0.0008452411004138273,-27.500610235077495,0.5240196702174839,0.013927993977373715,9.003996400840501e-05,66.7782797193293,0.3220702142206555
2567200000.0,0.7170525044367192,0.0011580941619235019,-27.46561015248258,0.49389982202857874,0.013769755191548931,7.79455127741056e-05,66.75885406607732,0.44619055323094825
2567202500.0,0.7206668820320379,0.001286476131672841,-27.795885809199312,0.501970434078813,0.013796878769495334,6.946085352867066e-05,66.9645667739719,0.5380585718754005
2567205000.0,0.7154720260642485,0.0010374463265421755,-28.302859494385874,0.493270866418812,0.01379635557874002,0.00010838837815319741,66.70441602071698,0.3343223792483293
2567207500.0,0.7174023324090564,0.001099698139129787,-28.540557092663185,0.5144565895566281,0.013818275013986683,4.469862582265605e-05,66.55334003010307,0.28558284446212395
2567210000.0,0.7189399295869987,0.0013686935543200174,-28.74312804213091,0.46338554009037725,0.013755391439685872,3.724318451706034e-05,66.4718832884838,0.2600088900607268
2567212500.0,0.7212482719947074,0.0013776818509823254,-29.13755105111703,0.49556227147846554,0.013879195678931104,6.266327660858175e-05,66.48129741285317,0.5357505532358161
2567215000.0,0.7218442591557155,0.001406227250141168,-29.348722030134866,0.46030540897122385,0.013829746482601752,5.8226863157686854e-05,66.17127638123716,0.42533196192482625
2567217500.0,0.7210868927978334,0.0009280761693777375,-29.606765456017232,0.4568886838401898,0.013794373071036195,8.842954949826876e-05,66.14888888108064,0.3790343084653162
2567220000.0,0.7221536226841507,0.0011494555427191736,-29.713048240588908,0.4546302001637057,0.013777647805932608,8.305985496193605e-05,66.10392021297884,0.4689750400645915
2567222500.0,0.7194360000111096,0.0008400583452368646,-30.04871366467004,0.47629210063035515,0.013818217851800346,3.851821587532319e-05,66.05194434731243,0.30588620693822877
2567225000.0,0.7220709628743542,0.000977771347219076,-30.57312318737568,0.4778180766242376,0.01389820136268818,8.523197096596435e-05,65.27845685992321,0.45051682708384433
2567227500.0,0.723152698112429,0.0010460807253654687,-30.5845538320502,0.5108506018626693,0.01380877202627686,8.529710889491675e-05,65.8408417513812,0.3495069385031258
2567230000.0,0.7242401423902272,0.0008011710766878753,-30.804809582946643,0.45474022283531523,0.013802718483494791,8.0441587420946e-05,65.75883342595392,0.41285844293438284
2567232500.0,0.7214523562640643,0.0012173568947406624,-31.239931297927082,0.47249835813955715,0.0136906093740138,8.58209474018323e-05,65.35063914511825,0.272491119666829
2567235000.0,0.7232520650563503,0.0011739707839019955,-31.45667238718601,0.4566032273296042,0.013773873838711134,5.2959745800994115e-05,65.14740185330999,0.4352915634410431
2567237500.0,0.7219005407931304,0.0011123537923993364,-31.79114691866586,0.4654917048957513,0.013758533722375893,8.554656264786387e-05,65.10949096221262,0.20989353287526238
2567240000.0,0.7261896244208536,0.0010424894463201813,-31.88790903116567,0.4366828725259147,0.01378279542322865,9.894471679568069e-05,65.29326030292495,0.40444499560080927
2567242500.0,0.7275007915905831,0.0008184893805581218,-32.37057886294933,0.4443380475385291,0.01381865863298849,5.6780918929413115e-05,64.86692076280424,0.3607105442133476
2567245000.0,0.7262160496559681,0.0010245110903524272,-32.661771165922886,0.42612084018191365,0.013790413912089088,7.324648891649164e-05,64.68147246114887,0.3670275109177939
2567247500.0,0.7280956844656461,0.001081950311571131,-32.63510221554923,0.43056935976832766,0.013763175390452893,7.418139541701441e-05,65.11136594725822,0.504370292520173
2567250000.0,0.7264491222602848,0.0014489025506057476,-33.17826086645565,0.447138720173308,0.013791528592945235,7.957563538450411e-05,64.54832850278801,0.3745684504031402
2567252500.0,0.7279705456883823,0.0012846704300753771,-33.02860575347313,0.4418358342181555,0.0137137643189626,6.164315876444169e-05,64.47807688076391,0.46586391616739214
2567255000.0,0.7271258165536811,0.0015495089295483866,-33.49493040029715,0.4055943054127239,0.013800847584255867,6.302645816800507e-05,64.1092632390769,0.3836305293655054
2567257500.0,0.7252441220362882,0.0015831040398940318,-33.91093691675268,0.4509804183796381,0.013784569474264655,5.735983415316375e-05,64.033848029484,0.33319121342184244
2567260000.0,0.7275210557662538,0.0010890654303226462,-33.59409808115588,0.42091294419467984,0.013707754992516991,6.151820203595165e-05,64.35087992918922,0.33708429036920023
2567262500.0,0.7297084061464398,0.0007403659144411644,-34.30632095726526,0.4592738276360751,0.013761441866192388,5.5590035667257127e-05,64.11539031098475,0.2875373070585852
2567265000.0,0.7325666616874426,0.0012339182344533698,-34.54749132314818,0.45067283924927637,0.01373300152066655,6.852828895121334e-05,63.93336087962917,0.2712597496183926
2567267500.0,0.7324237874005527,0.000937873240685226,-34.65141884874762,0.459860383432103,0.013735127555460256,9.661949203206334e-05,63.82731003818741,0.3384979655759933
2567270000.0,0.7304385729297432,0.0007534075632780591,-34.89066263444054,0.4402929309514287,0.013667471425118542,6.017031686072277e-05,64.06775061619985,0.43197273384122803
2567272500.0,0.7321641694393276,0.001320072975077066,-35.33303176854707,0.41243558379458556,0.013729273668951748,9.170029382798934e-05,63.42840423355173,0.32432132151493565
2567275000.0,0.7332038343584084,0.0013458115355493268,-35.64250086005679,0.47073923421915914,0.013724527641919873,8.549965765106397e-05,63.57958817528274,0.3235534931773082
2567277500.0,0.7340059307951091,0.001536123669492216,-35.87003708040997,0.4723474527839439,0.013766269383053573,7.260576495294089e-05,63.44868222065491,0.5264880144509992
2567280000.0,0.7323495741196395,0.0012011195497340903,-36.20628036987859,0.44118906653254547,0.013730288687714424,5.589561381828178e-05,63.02512466814632,0.2819241652043395
2567282500.0,0.7358293138376023,0.0012403820102205399,-36.35776549966134,0.46101549709713024,0.013743365175281743,6.761178711693423e-05,63.358237106710575,0.310826560748717
2567285000.0,0.7384599903751308,0.001490103297335665,-36.80800055270164,0.4922174929063695,0.013791967024097126,8.087201510743236e-05,63.240711278317576,0.302665945072473
2567287500.0,0.7373390015912757,0.0010697414361371406,-36.69896841717145,0.49099343064764517,0.013631026863092128,8.435052551334842e-05,62.90057857244514,0.43264565462987026
2567290000.0,0.7337069620281401,0.0011097025025109933,-36.991143281162365,0.5108738657441987,0.013567373656010963,9.049968524244674e-05,62.61762118544628,0.4250433523210097
2567292500.0,0.7374916281771117,0.0014910123309524272,-37.279050541945544,0.5019047030358058,0.013668129873834943,7.496221792673261e-05,62.74163104754897,0.31340779283779996
2567295000.0,0.7355601900901447,0.0011784900023558667,-37.54035578887506,0.4778827083651202,0.013622204300602516,0.00011839568161927977,62.55105773179285,0.27085565347754176
2567297500.0,0.7342504960026189,0.001425238473963298,-37.75264314660142,0.5055231916263541,0.013616500891068264,5.349569503862648e-05,62.321273180237725,0.46715096153015245
2567300000.0,0.740586922769705,0.001519034796084059,-37.88332973014137,0.5110263857894841,0.01356861313897208,4.437150310076031e-05,62.44429643737435,0.4935034414616469
2567302500.0,0.738754041047694,0.0014258034858424355,-38.30705434685598,0.4973566647964394,0.013605503246051951,4.943269451050684e-05,62.40356687213001,0.3763833221437381
2567305000.0,0.7394897877924753,0.0014815429442687805,-38.902838004415386,0.5076353865316918,0.0135977975744328,4.4769055326177665e-05,61.81586429181375,0.3919730085706889
2567307500.0,0.7389738672044126,0.0017365926386740333,-39.297715144785585,0.5158573304736935,0.013628972034209225,4.448233078280271e-05,61.78597979272218,0.4191230272379343
2567310000.0,0.7407525740821822,0.0017512323971414095,-39.49419398154491,0.5366551780877047,0.013712234212257908,8.690860020098637e-05,61.617301665005996,0.36704507896295246
2567312500.0,0.7394964546552402,0.0014791810753675334,-39.332402737572885,0.4995747535919002,0.013608540845306494,8.321901594734177e-05,61.64908100051106,0.4402989390484934
2567315000.0,0.7379901289266152,0.0013680777206377572,-39.59454342815945,0.5637163356015601,0.013592648775536,7.982692203491774e-05,61.59562675210359,0.359909332285671
2567317500.0,0.7435702734644517,0.0014205802665923264,-39.84246562410268,0.5143051259598006,0.013625166492597748,5.5198849021720606e-05,61.55485248188446,0.32438750673549344
2567320000.0,0.74091443777297,0.001259561410129794,-40.39101646069021,0.5111112730505174,0.013608702230267701,5.916582109423737e-05,61.13477673502659,0.45989076233102605
2567322500.0,0.7411005191132083,0.001676833926879504,-40.64374151462767,0.5400918950487233,0.013534593040192864,6.23406452320557e-05,61.41251067061873,0.2806512624202187
2567325000.0,0.7415623736542449,0.001721515927108714,-40.881912344026176,0.5470921988701474,0.013573435352412936,7.397635885355646e-05,61.072332262452605,0.4360360280917732
2567327500.0,0.7420959605220884,0.0013940568546751246,-40.89373804397843,0.5032942401722672,0.013493126591870064,7.45238952072532e-05,61.261762290405805,0.44021705548562406
2567330000.0,0.7429713363676335,0.0015996525392107685,-41.280710500687036,0.5438112834027725,0.013480081291306928,9.839477808047445e-05,61.12059121328604,0.3749873900493579
2567332500.0,0.7380444823504747,0.001074698469945552,-41.61880767510405,0.5696045447966867,0.013575894796285227,6.793759435505668e-05,60.772815089266075,0.51370373072844
2567335000.0,0.7453342475528916,0.001340603839341689,-41.84993424049735,0.5772594132090286,0.013548939405423465,5.760837742935948e-05,60.76908822007487,0.3292150723757899
2567337500.0,0.7402477449798901,0.0014679878452914996,-42.10393799521799,0.5618654714537306,0.013521352039278942,7.040474415898006e-05,60.39998720039841,0.2222497852233934
2567340000.0,0.7472540232626416,0.0021654426708927533,-42.29941913165472,0.5410333584284858,0.013543701996060208,0.00010782080966076178,60.39198180309156,0.43904689755016246
2567342500.0,0.7448078498808436,0.0014581098765900117,-42.67191042727004,0.5709163355194129,0.013484796754790834,7.689210842747581e-05,59.982865110524415,0.5368634574036548
2567345000.0,0.742637492848913,0.0014210719186709922,-42.78242503773065,0.5518904867892438,0.013484047506631666,7.846085333604876e-05,60.197609396110934,0.30940765063813047
2567347500.0,0.7483264979559953,0.0017074943711489824,-42.87588999651918,0.5773122607001532,0.013491408761293998,7.422291649747009e-05,60.120678035178464,0.32008779931102166
2567350000.0,0.7467869162460123,0.0013628982188986802,-43.254847714641755,0.5601052241346689,0.013521790900607625,6.999972670591496e-05,60.124079015237925,0.32125989017603374
2567352500.0,0.7510687786657987,0.0016893595506218932,-43.42039466669818,0.5742701872629127,0.013535289000273693,6.474589816499926e-05,60.19010998259466,0.30875841084203726
2567355000.0,0.7463906791809697,0.001614595612060428,-43.52737136260839,0.5928739751989907,0.013425004624175875,7.114604317091218e-05,59.628747589610605,0.3743187570639526
2567357500.0,0.7479307874650158,0.0016173092344867507,-44.21785468174444,0.5975791108859491,0.0134640180948433,5.854532227376015e-05,59.503850995352806,0.4737348204643135
2567360000.0,0.7496631779938732,0.001410764128103918,-44.33153564161718,0.5987013908479921,0.013471515246017618,6.473522084147412e-05,59.34765395784504,0.4017828390159657
2567362500.0,0.753132109347044,0.0015344461641308234,-44.65567521641409,0.5887675989365846,0.013519807547550753,8.88169418299758e-05,59.685743572247766,0.4482651895665117
2567365000.0,0.7523762556462287,0.0016927203717650157,-44.71044390601757,0.5545568948550601,0.013453842844132913,5.748831437309123e-05,59.31929717647082,0.42407198494392523
2567367500.0,0.751364123177976,0.0016795899033633691,-44.82959947040747,0.5646797407046217,0.013516008424165938,8.751898242395954e-05,59.234357716516165,0.44382914980478344
2567370000.0,0.7512550626605157,0.0016818486605630904,-45.36584421041506,0.5651563487357159,0.013436403804007681,8.551696413349481e-05,59.30727658852558,0.4703665204229433
2567372500.0,0.7511374967411625,0.0020434733079198472,-45.53335033532363,0.5790676698401077,0.013383982112508313,8.012780559864053e-05,58.860947398705434,0.3687786167658371
2567375000.0,0.7522719822223809,0.0017302389082767366,-45.651500860136046,0.5300809998751078,0.013470368458780642,8.042599520548577e-05,58.75295739091827,0.36196453461510675
2567377500.0,0.7551534505873405,0.0016196407970021605,-45.854288849647624,0.5409619295054438,0.013389989750176308,6.190292356424974e-05,58.446690506121996,0.3823204714325151
2567380000.0,0.7530024081301065,0.0017565876202122902,-46.02799321444347,0.5651660707190759,0.01340244267533152,0.00011764283733212159,58.77971730807789,0.4597468064882525
2567382500.0,0.7516990881088365,0.0011432878531380578,-46.69317592912759,0.5812687052945414,0.013380879973461997,6.762716989644654e-05,58.27301266929542,0.44308319818076697
2567385000.0,0.7566511635044956,0.0015180762097281697,-46.493411915233246,0.5607667268622387,0.013429028960587652,3.7038864917880244e-05,58.71091117976281,0.507946082883207
2567387500.0,0.7575517932480778,0.0014968979684363058,-46.93577234761545,0.5583395354460354,0.013435008185069057,7.458765777474833e-05,58.586482220417565,0.3964298309595814
2567390000.0,0.7544406572691749,0.0019514345624061602,-47.22091698930538,0.5432260746012024,0.013396128180997236,8.145350952950121e-05,58.01120223803382,0.3603905991429413
2567392500.0,0.7546299149447471,0.001316159353112313,-47.40815410396824,0.5128731142257835,0.013368125455985489,7.140087600974188e-05,58.25000956462775,0.27040641800977866
2567395000.0,0.760425576659074,0.001642172451420555,-47.74946215475204,0.5237056384215796,0.013438605644958045,7.136706947353959e-05,58.074869440707324,0.5271295111829584
2567397500.0,0.7572025144948151,0.0018115478208604425,-48.017553855281406,0.5420145835525759,0.013311919510323103,8.499935945162629e-05,57.8834988821812,0.39402516610077504
2567400000.0,0.7563070227863172,0.0012839441750608915,-48.020443226437145,0.5197897732459615,0.013368060599946436,7.753462399637763e-05,57.78264465468806,0.4048005474961559
2567402500.0,0.7613869219592473,0.0012602020816882167,-48.183944910787176,0.5312076805594091,0.013375418364731214,8.389093303268007e-05,57.83747239646139,0.4799671569428454
2567405000.0,0.759613737272238,0.0016575797198968918,-48.19480241656932,0.5314836752968639,0.0132250502798966,7.058196973217442e-05,57.70068213770269,0.3584486940440359
2567407500.0,0.7603455583069931,0.001359186362615628,-48.906583217837074,0.5090878612200598,0.013238156218722819,5.430673454477085e-05,57.40474747752819,0.41431673951617154
2567410000.0,0.7582309813391196,0.0015292517775880462,-48.92634839465541,0.49220205110352866,0.013348719183768593,6.612249979302197e-05,57.490282469510234,0.5075001111054921
2567412500.0,0.7654654139110995,0.001356784379936614,-49.24631833078442,0.49993260411436724,0.013388719521303228,5.562437694570699e-05,57.52277422536989,0.3504942445704342
2567415000.0,0.7631916320465831,0.0015073318089391682,-49.39166160510371,0.5263074342156607,0.013298930480466056,4.978714428189955e-05,57.34725721426914,0.39912928166231976
2567417500.0,0.7626584061905801,0.002018395733739702,-49.827759719704005,0.5158009988969038,0.013288784478952879,4.809671466737312e-05,57.269180102961535,0.29345128562908646
2567420000.0,0.7665321660900457,0.001752975655918925,-50.25448276132464,0.536583147674389,0.013365189768572556,7.402084219024887e-05,56.61590771697585,0.29989486407140725
2567422500.0,0.7599138687719188,0.0015958751858213191,-50.21871932795226,0.49849189510965436,0.013230871666344481,0.00010332953032074644,56.56376689460238,0.3464607124931014
2567425000.0,0.7633782405728538,0.0014852952983189264,-50.59123694131172,0.48772166574253617,0.013231887787749887,8.995351405511317e-05,56.1481558911148,0.441754412056687
2567427500.0,0.7644709495431135,0.0016359644914894652,-50.819747717524805,0.48095250196682704,0.013310465487759576,9.242930106198635e-05,56.18614772406862,0.3543795031637095
2567430000.0,0.7652705132400642,0.001467703574115321,-51.074223713414895,0.4735402987825743,0.013280152130778348,7.052128447703784e-05,56.30002478763924,0.458082973076283
2567432500.0,0.7672696780511594,0.0014035598005996833,-51.19081287451674,0.4994078369264081,0.013277089040816028,8.705804094505139e-05,56.06623182955831,0.30383279878905545
2567435000.0,0.7639716663925831,0.0016836418262398836,-51.48418678473391,0.47971325750584237,0.013215352370931677,7.68008757736787e-05,56.214019638243016,0.5477971697004484
2567437500.0,0.7675062390265571,0.0016515909768240998,-51.60052129494835,0.4681204698717123,0.013191428797547677,8.67027276171279e-05,56.27500192606396,0.29049829310661085
2567440000.0,0.7657986206672152,0.001655421153957405,-51.745932930388875,0.46487073820032054,0.013193883573999813,8.960648148753852e-05,55.90121562621539,0.29233685816972416
2567442500.0,0.7689490296805288,0.0014730268457625478,-52.00433759739415,0.46275371072715776,0.013170207169058349,8.69645736280791e-05,55.6309891671469,0.48986763897688546
2567445000.0,0.7639091726556001,0.0014041676113403358,-52.15313455169263,0.46651475682379734,0.01317878297118468,6.619471019046074e-05,55.94065414918525,0.3687980386187844
2567447500.0,0.7654568975823186,0.001972623312464177,-52.43546007912257,0.39786359333953475,0.013228425846546953,9.855459028839819e-05,55.66848562212147,0.3665645945218903
2567450000.0,0.7641502073681444,0.0010793303840168984,-52.85831719647222,0.43603960008525583,0.013071911702543373,5.7816709735031505e-05,55.35588526727112,0.38067677207642087
2567452500.0,0.7666204203257078,0.0014950831055246692,-53.16721690284978,0.4127192709878341,0.013251434986449647,7.259867106800786e-05,55.200115073339646,0.43551494256792417
2567455000.0,0.771182666428025,0.001561628769468329,-53.46828168834448,0.40734889640101507,0.013180859776887278,6.166246714366764e-05,55.26333657894171,0.2108027165279081
2567457500.0,0.7730984603604074,0.001183031020278733,-53.334813509981764,0.4207856225048301,0.013170437414958441,5.976911716502196e-05,55.40864945218646,0.5312274661115108
2567460000.0,0.7747983645431689,0.0011143330744132884,-53.8671072327951,0.4338433867172275,0.013195086209546137,4.291921574795156e-05,54.98496682320013,0.5323301245487937
2567462500.0,0.7737801532209142,0.0012567892346996708,-53.81835042518901,0.4344197923570941,0.013214225619155584,6.239648849968656e-05,55.11023986833813,0.29540916846915716
2567465000.0,0.7731701428973506,0.0013522789744975143,-54.40941205977399,0.4131219987861733,0.013088231198790922,4.8671090423852015e-05,54.94230169070866,0.37039272162469267
2567467500.0,0.7776447717648987,0.0016357930786355882,-54.46406212995157,0.4380303942211496,0.013181455581430959,9.138892687841888e-05,54.59798846555598,0.3309436358389688
2567470000.0,0.7731246534030187,0.001060021357867212,-54.592445151218705,0.3740932982428278,0.013116337614157147,9.21442446850594e-05,54.70779602558577,0.3994880615872703
2567472500.0,0.7736196513418969,0.0014105581263328323,-54.6518508962392,0.4225413488129089,0.013121956084432188,4.619570968981592e-05,54.436468135198254,0.3113758494179819
2567475000.0,0.7708438301578653,0.001070977715091575,-55.085364094100015,0.4388456001222115,0.013067909377703753,7.297388894668726e-05,54.482252783665935,0.43617106928261756
2567477500.0,0.7721592398028401,0.00157664784786315,-54.8990069538888,0.3848291927461985,0.013013828800625871,4.59245557334995e-05,54.48049113763306,0.41199137195845215
2567480000.0,0.7741546682967068,0.0013113756276095024,-55.43871090557829,0.40548501870380965,0.013057346998120322,7.368544136419604e-05,54.2570800906756,0.38726599430613434
2567482500.0,0.7758895265659095,0.001161371469695646,-55.672416595825126,0.42252763533528237,0.013113934700570033,6.828486829804638e-05,54.370693507140665,0.315431070672033
2567485000.0,0.7717663550679497,0.0012350662225395174,-55.73273235723844,0.390162337155371,0.013030403958836416,7.319538785728068e-05,54.02413540752732,0.40563751543964904
2567487500.0,0.7744823225293678,0.001281306519939943,-56.45176904266353,0.4074682842604816,0.013099153790567234,4.6501943571650664e-05,53.89772431364606,0.42217660020127723
2567490000.0,0.7786949886523057,0.000688141205580867,-56.358481594205934,0.39084070550251304,0.013000643776798089,6.70420115318708e-05,53.77376859369315,0.21558542112706858
2567492500.0,0.7819809966959044,0.0010560410711288582,-56.39908682346758,0.3866816398509348,0.013098102126507125,6.528800263970073e-05,54.099334786133234,0.38889170520029454
2567495000.0,0.7817982211572101,0.0008098365099215318,-56.65453157092004,0.3927935424579405,0.013078491325086001,5.3306774987767036e-05,53.586128950160024,0.31101907594191086
2567497500.0,0.7820961409397478,0.0011333756686494262,-57.020733308742564,0.42176450562938006,0.013045215898508315,7.81016910084923e-05,53.80057388196388,0.5465252955276855
2567500000.0,0.7779783753589075,0.0013650463114703692,-57.21119893180491,0.37343741107280265,0.013010810855870499,8.194713671200015e-05,53.48173569005355,0.4190989589556526
2567502500.0,0.777578196084519,0.0013443936775195077,-57.73726507618642,0.39544211883915625,0.013000197588335916,9.980929907054398e-05,53.1365685696644,0.28209780767696285
2567505000.0,0.7833328038791135,0.001069420937958699,-57.435937055271125,0.4120064896076221,0.013058447842454659,6.021471503602983e-05,53.4038069812773,0.38510769243787585
2567507500.0,0.7823568797115006,0.001292127474833046,-57.79153764818796,0.41357942228510386,0.013030702455176877,8.108158894589506e-05,53.22055916064085,0.3144880003228789
2567510000.0,0.7841368429552438,0.0015630758443613264,-58.13799168929692,0.3908935147600834,0.012964641488778668,0.0001010390268222308,52.990211113681184,0.3986311275132824
2567512500.0,0.7881922758532874,0.0015825119017894454,-57.984696837197504,0.3941679343866932,0.013043874238798868,6.689706228802331e-05,53.414631546853315,0.3002413744622391
2567515000.0,0.78521635436865,0.001228383986718028,-58.62873199081268,0.39883220359061844,0.01302415400913273,5.229898875480723e-05,53.06809640722388,0.3973179461456527
2567517500.0,0.7854418467760046,0.0011978922932034466,-58.581515506498505,0.39076271969407894,0.012940945831962859,7.312087730830866e-05,52.6118691506802,0.3842913360978134
2567520000.0,0.7812123188323268,0.0008038458773460759,-58.595401846141854,0.3986975398468247,0.012923708140582139,7.943285277862019e-05,52.80635367117352,0.272329910000016
2567522500.0,0.7856430675376633,0.0010600786268580588,-58.88518805446952,0.3823093105929532,0.012894347889584068,6.389146540124952e-05,52.650334915332266,0.43286653839394806
2567525000.0,0.7884756158572338,0.0008644631684618692,-59.47124428541319,0.3779745564432665,0.01292000951673939,0.00011091687637326396,52.52381608114526,0.3541761050287342
2567527500.0,0.7910014814496454,0.0014650302887149972,-59.6972062417522,0.403371331102877,0.012990785194586716,7.926664507202483e-05,52.19208313407153,0.29684907360634877
2567530000.0,0.7871948427721915,0.0009015788833107408,-60.38852213714084,0.3458874738025318,0.012920864492020834,8.072106285281086e-05,51.849132532114844,0.3538092725786537
2567532500.0,0.7897594612499304,0.0007441483479250364,-59.98297957138718,0.3614634757526609,0.012926592683602344,5.899936908128967e-05,51.966383819003376,0.5169050425452519
2567535000.0,0.7867782118737746,0.0011376723614115688,-60.2508637288716,0.34579978652970617,0.01287638965374955,3.832055422428757e-05,52.03669858958133,0.2362382910699912
2567537500.0,0.787740544477745,0.0008272042902285482,-60.583881590371654,0.42749878695118865,0.012870238752170932,8.590924143243586e-05,51.874980122162135,0.3126968153378435
2567540000.0,0.7850818474043885,0.0014074350053334503,-60.92689741188209,0.38888513685127324,0.01287047980010854,7.561350102320602e-05,51.527489020487984,0.21967910896646517
2567542500.0,0.7905356430565278,0.0011685208998300873,-60.86592529870426,0.40853203128650273,0.012875623568380814,7.663282551243233e-05,51.51741847511235,0.3655841452343384
2567545000.0,0.791303860089337,0.0014437071372195246,-61.093266690277396,0.3727057698368263,0.012862376125716632,7.11243657206758e-05,51.4974563999355,0.40873136151317896
2567547500.0,0.7863689207311974,0.0015249391387875974,-61.53092791265015,0.37568255470474227,0.012840986906602549,6.303741215641341e-05,51.247632035172174,0.2991923090179595
2567550000.0,0.791494744973671,0.0013192543427512464,-61.2780199595368,0.3777724499589389,0.012855717023965785,6.539224702895591e-05,51.64682076539392,0.32450716995300455
2567552500.0,0.7888245241511471,0.0012962320117522836,-61.53645575485336,0.359458820379378,0.01279087631271698,7.355690269881752e-05,50.990351306321315,0.2760579437785258
2567555000.0,0.7921165705924296,0.001290209557374778,-61.83007318049558,0.3859113017509811,0.012809043178074436,4.576288215997964e-05,51.27063794279783,0.4905075825452194
2567557500.0,0.7894574467765024,0.0012955538146227881,-61.92166942646825,0.3342760252636095,0.012790077272845547,9.055856342668824e-05,51.10360482552267,0.3929584825396827
2567560000.0,0.7905856451513995,0.0009428977584722595,-62.34574917825014,0.38110386206928737,0.012792461984299692,4.50994112875109e-05,50.89767215709616,0.4010422076872392
2567562500.0,0.7979935194351326,0.0013432193898492949,-62.59068821134213,0.3735110073825862,0.012860518399240186,9.810108820585201e-05,50.84694652279443,0.4108222272464759
2567565000.0,0.7948188991938459,0.0011897113055500935,-62.82623018146812,0.3550426458557342,0.012828620376588256,0.00011865811796181776,50.712803910500135,0.44199975801411734
2567567500.0,0.7914819508202953,0.0013396694502870743,-62.6942552920371,0.3552630285132035,0.01273676549532751,7.565018785860855e-05,50.52794076683474,0.37406926901729043
2567570000.0,0.7936412154085494,0.0008299227425177098,-62.83135238503393,0.36208174076681576,0.0127349589458555,8.133292801003763e-05,50.78252868950856,0.4558198352825738
2567572500.0,0.7947535979884839,0.0009733923579822027,-63.510355038691614,0.3566482740559942,0.012737537785578474,7.62546146967823e-05,50.35832875905675,0.28825459664631076
2567575000.0,0.796074384296573,0.0009225157235432208,-63.532074246953385,0.39368297299074695,0.012768587270253942,8.085187004398818e-05,50.478754546913116,0.25443549323415854
2567577500.0,0.7981887714715168,0.0014973142213433425,-63.27629684668262,0.3610799243100252,0.012744653801502843,9.72003818586105e-05,50.44626267890528,0.46405376198773324
2567580000.0,0.7957626069082422,0.0013550022558746551,-63.93497078192455,0.3937360300415285,0.012713133048398419,9.616700498158145e-05,50.33917189815027,0.2625207480145909
2567582500.0,0.7983946216395065,0.00116101334556034,-64.19716155373673,0.35554252503914224,0.012721931906757236,7.300979094554912e-05,50.02081087817079,0.3049241659086761
2567585000.0,0.7963147586351692,0.0014326436214383716,-64.1588754107567,0.3477469685151234,0.012698848965988496,8.836666601213611e-05,50.14083781996508,0.23930126400424542
2567587500.0,0.7993462224002891,0.0011116155841393936,-64.34419535942617,0.3598910230438305,0.01269039573118137,4.8117875195150835e-05,49.89896522247006,0.3145915888388957
2567590000.0,0.798625463910649,0.0008073185049843302,-64.59499603074298,0.3576910410638125,0.012663896140424012,0.00010214893407715319,49.772819943674605,0.35168948434617786
2567592500.0,0.8001672006840176,0.0012625621214188767,-65.05463856723895,0.31920529463783237,0.012677256336041822,5.9760948940428566e-05,49.65144163904907,0.24414774405516237
2567595000.0,0.8017948588930234,0.0010643379328628133,-64.99448930141743,0.39236752219866433,0.012676217624489367,8.49758644909084e-05,49.96256443119497,0.5441829907240823
2567597500.0,0.7942828855997305,0.0011000932355703914,-65.56019662759178,0.34827823969500177,0.012666789744866106,4.9754167481901643e-05,49.10072574048475,0.44036159571994565
2567600000.0,0.7966497499261115,0.00101424887731367,-65.3673831623906,0.3200363695720059,0.012651370550362775,7.188825546975661e-05,49.47357232937178,0.3979224310982359
2567602500.0,0.800458319065519,0.0007330350283092227,-65.89819761813663,0.3428827849456831,0.012654567175669557,9.323125964117396e-05,49.14062003497572,0.30810709453566026
2567605000.0,0.7980411643292095,0.001320062421645843,-66.02588681243662,0.3468777947958015,0.012586426799363183,9.31864707178883e-05,49.17175426190235,0.28908882826186844
2567607500.0,0.8059514520371529,0.0013859643130348397,-66.14690364083737,0.34797226025612366,0.012664296874003817,0.00010000225509477647,48.91889784603829,0.33026911815444754
2567610000.0,0.8076157256847987,0.0014711069670583258,-66.64267419074089,0.33344368474784597,0.012661128506427652,8.116173079536814e-05,48.9024091865283,0.44096876651996597
2567612500.0,0.8036734513833466,0.000724898032574666,-66.55879957707212,0.32729032866794755,0.012659195324809573,7.146792872879486e-05,49.15328012953361,0.34412668942666763
2567615000.0,0.8043442945706513,0.0009589338755658432,-66.65433185651843,0.3260956937133893,0.012598674134891312,7.911977590480002e-05,48.843760625740174,0.39304221252940086
2567617500.0,0.8053316623902986,0.0011612108982595381,-66.98589107455493,0.3431840651175763,0.012637766530389198,7.12762216237997e-05,48.600076966282245,0.5188297803887835
2567620000.0,0.8050803933170563,0.0012666963584414498,-67.05707037584106,0.318672321082576,0.012622044963574105,6.53076822794563e-05,48.74782047922871,0.38146315441486184
2567622500.0,0.8063880329683861,0.0011157636659951235,-67.1729391519419,0.3464144955160173,0.012601574259276703,7.891600784800666e-05,48.52398810868935,0.2337963811265899
2567625000.0,0.8025314733680411,0.0013121491881505193,-67.25903171477061,0.31202455901294646,0.012500524506445915,6.114682269394254e-05,48.79271403060189,0.2923789645585726
2567627500.0,0.805172730549112,0.0011077109313384177,-67.25470771631471,0.3319971900885326,0.012553836859909209,8.465761219504685e-05,48.68188762769969,0.31359338551684407
2567630000.0,0.8088087459096824,0.0008705562250594448,-67.63819498724224,0.33820370203793465,0.012580133330454005,7.475271334219532e-05,48.37033558521682,0.4151749299962849
2567632500.0,0.8076945027850461,0.001318506612435299,-67.99293953201337,0.3222904703655741,0.012529402034019902,7.725044559953486e-05,48.03445851816072,0.37459647503163634
2567635000.0,0.8097781941007172,0.0012130070214381801,-68.506061577957,0.3000566928384678,0.012564063017036733,4.253396865030048e-05,48.05691171035958,0.30466527258262077
2567637500.0,0.8125604987863853,0.0010083749105050984,-68.41457991738218,0.33723149421702925,0.012509674569806695,5.382164422335558e-05,48.21544434481804,0.314111428031078
2567640000.0,0.8034666667115588,0.0008964395226785296,-68.13862308004646,0.28726869459484194,0.012402706427653513,9.855341808972829e-05,48.17748248350288,0.4278630869431407
2567642500.0,0.8047928842852414,0.0010386301469841519,-68.79511883519595,0.30947558812789183,0.012501898917185918,0.00010316777136116721,47.565966339588336,0.2725840495970346
2567645000.0,0.8097339816880482,0.0010038201782940196,-69.16927543343915,0.311093010594247,0.012506068617571352,7.246756332996617e-05,47.519804091766765,0.1814662996116995
2567647500.0,0.8119775929640675,0.0015212415280375102,-69.29479306858809,0.32545368643208145,0.012555061681193243,5.393696260756437e-05,47.83014558864657,0.45780291818651436
2567650000.0,0.8112128780533996,0.0006978564042645268,-69.47482810208786,0.2998316007693409,0.012442376311465228,7.119865075851177e-05,47.463311911304686,0.4981315407710722
2567652500.0,0.8140197191454934,0.0013250646921748861,-69.33329002701234,0.3069975433084527,0.01240399350845837,6.8086791193988e-05,47.36818127116241,0.3620927526970984
2567655000.0,0.8152422974959835,0.0009046262338667174,-69.76601653652614,0.2969349615641788,0.012543978331185882,5.6103203135867876e-05,47.570113519572715,0.32838479759232064
2567657500.0,0.8130340588894125,0.0012015872508355447,-69.35555455504468,0.29454091523776194,0.01240633771088221,5.597089692344219e-05,47.58603554561139,0.3793059718544933
2567660000.0,0.8105943779464277,0.0009706920831759785,-69.7523568963764,0.3237593666538226,0.012363010849979528,6.338465442675438e-05,47.0766441637935,0.5621776159547114
2567662500.0,0.8127839900059876,0.0011178223796870258,-70.10558154317266,0.31884700544231714,0.012480764070470394,8.705173495717687e-05,47.24327206693782,0.4848578614465489
2567665000.0,0.8180572540701972,0.0012684906409000587,-70.26347164868108,0.2731065708446638,0.012510546499467921,8.280125333157141e-05,46.672816261928176,0.2877368589276509
2567667500.0,0.8139023220250006,0.0007573452773258035,-70.55960143664916,0.3036074589318123,0.012424123722635317,3.716064864851426e-05,47.06390455880643,0.352951115742561
2567670000.0,0.8115472546718856,0.0013116344710556534,-70.8534809023928,0.2763055639023792,0.012432750067885325,4.63102307986125e-05,46.86928346753884,0.24686494976646975
2567672500.0,0.8130017850738678,0.0010653618401150712,-70.82054244871962,0.2675732277924863,0.012412868391837197,7.607156832018629e-05,46.840879419519986,0.27979351270876984
2567675000.0,0.8127541149395092,0.001162645281469339,-70.73223390232886,0.3055478149250705,0.012374670976136277,4.5570936763571694e-05,46.83971296940785,0.3149286064183805
2567677500.0,0.8134352780554501,0.0008509711451072191,-71.27508820228064,0.2801387389292237,0.012362529951415666,7.072713617650795e-05,46.53863952359647,0.32328141087956896
2567680000.0,0.8169377901303221,0.00102074570620949,-70.90145747660532,0.2670456811231963,0.012364433412690294,3.581583415500751e-05,46.95842716198555,0.226501640203786
2567682500.0,0.818176011766114,0.0011354869210748926,-71.61451008313638,0.3020101931030682,0.012406860526427052,6.886295839797725e-05,46.38124392693795,0.36718595397634335
2567685000.0,0.8138749598962867,0.001262042885684624,-71.78434140673632,0.2626198303317342,0.012304125630077278,4.817784801534168e-05,46.1504122446154,0.354105429600709
2567687500.0,0.8186892045404119,0.0013149122626674875,-72.19921769538922,0.2789410521994273,0.012404049101843303,0.00010517276399281971,45.98568032828251,0.3657029292544476
2567690000.0,0.8205207214223686,0.000786788591291584,-71.7994658162769,0.24795779688274472,0.012379230956360468,0.00011198174927953624,46.328258117836945,0.3271380241906938
2567692500.0,0.8215472976205888,0.0008896317101482086,-72.19184974113489,0.29142405993403453,0.012362062756030183,7.473911361672782e-05,45.9955636371945,0.3199977952941078
2567695000.0,0.818435578824588,0.001311759588309999,-72.09372312745543,0.3204172471010428,0.012286200990240845,0.00011203836437061216,46.20685276908242,0.20650111427192172
2567697500.0,0.8254370021294867,0.001208917100250059,-72.10134734350424,0.2982483769780278,0.012325140049137852,4.1144556952095084e-05,46.27081683079134,0.2662542725212848
2567700000.0,0.8199165068179185,0.0009938458867273297,-72.67656717485939,0.25676124924398824,0.012308573915229977,5.713959273529348e-05,46.10090836710481,0.37639533625016275
2567702500.0,0.8219496703524064,0.0012023899756274897,-72.8234072783942,0.3088009661643666,0.012320942589154156,5.625348522406665e-05,45.60044231770311,0.3206858557354754
2567705000.0,0.8154267471818756,0.0009697806963154373,-72.93826969751227,0.29121184741360867,0.012228701625366784,8.143108573563924e-05,45.88842280685378,0.5790608544615038
2567707500.0,0.8201795470697583,0.0016871736422322471,-73.21657839768635,0.324916310901665,0.012276815137543655,5.2347927885378184e-05,45.38585459534484,0.45043093401227735
2567710000.0,0.8234164761439089,0.0014346198063550746,-73.27261935235839,0.3197294384080477,0.012258141331626256,8.110926547376832e-05,45.826970055076394,0.5546447028851285
2567712500.0,0.8257697610353725,0.0011922401066870557,-73.25629085528448,0.3308441698798801,0.012259906830599616,4.474332780442732e-05,45.30958438958471,0.4298131959889798
2567715000.0,0.8220783758611553,0.0012174472602955798,-73.57845430513892,0.31763641795328906,0.012188834082479975,4.993135949059889e-05,45.32072998090567,0.2727561462310309
2567717500.0,0.8230807488162096,0.0012251036655431878,-73.32464431686466,0.33261101336364546,0.01226674243095373,5.044237466411987e-05,45.3456701026992,0.35072369894296185
2567720000.0,0.8190305252031533,0.0007586923821669436,-73.99835146765776,0.36312113410363567,0.012216278130643445,5.872839140339081e-05,45.053416269631015,0.37748776663436023
2567722500.0,0.829921126741489,0.0008142290263403332,-74.44953900586509,0.3430688124645635,0.012236423179165406,7.671774733212442e-05,45.089432542025186,0.3130125424779944
2567725000.0,0.8286408714390612,0.0010053749464123615,-74.0871600928215,0.33097084384817077,0.012201824216668315,7.141190365162691e-05,44.888033609117734,0.3931776753203971
2567727500.0,0.824347013122193,0.0010988618415763286,-74.50621076258942,0.3257150391952058,0.012152160817938495,3.8215979840834954e-05,44.602698075734246,0.4012880145058177
2567730000.0,0.8268349818848906,0.0011384328633855753,-74.66950197320716,0.34681167993042433,0.012247864790629222,8.692989076900472e-05,44.94155926195338,0.5496149425794398
2567732500.0,0.8276101934293287,0.0014481288830963475,-74.89770283047746,0.32090768446015355,0.012118939660543523,7.576442080310127e-05,44.63641766039828,0.34819720460603915
2567735000.0,0.8300269270620443,0.0014558381037656845,-74.90358483414307,0.3819177910205621,0.012196275193391764,6.157736187095137e-05,44.77160731979224,0.3332502556053811
2567737500.0,0.8306392839767317,0.0010310831256558203,-75.43325021725114,0.3405838626853335,0.012199878342850771,9.796447135220598e-05,44.43639770280913,0.4677362600105947
2567740000.0,0.8229588740695978,0.0012703540112038922,-75.39061222713111,0.36466616424568704,0.012059777895786184,6.291256117139005e-05,44.31544683661309,0.4628071089719031
2567742500.0,0.8282525388659043,0.0011235836747121183,-75.44710588570102,0.3507573658867441,0.01213224009762647,6.23223317444302e-05,44.44414893609141,0.3182902390483374
2567745000.0,0.8262186162784639,0.0010981202467104793,-75.50624973987257,0.37719807497116226,0.012123609834638789,7.004144429233411e-05,44.41368252580849,0.2667310103276037
2567747500.0,0.8318304055410893,0.0011346618714863077,-75.72211639686424,0.3598757235190435,0.01215058507193276,0.00011604381584833359,44.211203774584135,0.5521125290954548
2567750000.0,0.8266369617489865,0.001088030878027948,-75.99760880821772,0.3901278215615897,0.01209855014342549,7.227364173255307e-05,44.02296263015251,0.3331935725618172
2567752500.0,0.8296058157985247,0.0015932106367084094,-76.11545032188756,0.3656254065365216,0.012106415864227418,7.66714256010833e-05,44.13957556333828,0.427145633820576
2567755000.0,0.8251523477721823,0.0012205804673815622,-76.34518142305798,0.37460503917218363,0.011968514809517964,6.784038927816132e-05,43.90398006532831,0.3805532550265003
2567757500.0,0.8290017698559342,0.0013726058668021908,-76.31816901264436,0.35497189128819945,0.012003552335847179,7.45293279556686e-05,44.17536274661169,0.2523991627084689
2567760000.0,0.8321707742716511,0.0014839553701428774,-76.53587537215488,0.36368771767655667,0.012083390637719574,7.972398562375273e-05,43.73986949998165,0.2648649668289636
2567762500.0,0.829543477126354,0.0014536318451845234,-76.6678176207737,0.3829811933098722,0.012039709445138427,6.634828762755156e-05,43.80548950740416,0.5156540349013718
2567765000.0,0.8308077837801691,0.000768150396593288,-76.99810525653271,0.3920224674342847,0.011983395571730358,7.904056534291733e-05,43.38751724802009,0.28833604054723005
2567767500.0,0.84164799012111,0.001638209394252485,-77.04899034672381,0.3992023931144526,0.012164766123320505,7.985790874932436e-05,43.41673048437363,0.2723447842600989
2567770000.0,0.8359016954072465,0.0014615920849743189,-76.8208177447526,0.40575532775690715,0.01207772287548128,9.8632565058778e-05,43.73235812522467,0.3577370675156877
2567772500.0,0.8316590135051246,0.0011850920238996895,-77.30813224788879,0.4004603597655063,0.011983383761946976,6.020806102806888e-05,43.22498903237307,0.3675681020846912
2567775000.0,0.8379957615117811,0.0015818022447284764,-77.76151521264195,0.41385226779336415,0.012067057135637986,5.411813789862498e-05,43.39255742128675,0.3457012765663044
2567777500.0,0.8383390484466628,0.0017749336909034903,-77.42852044215141,0.4186039816914562,0.012040684288595395,6.435185458130258e-05,43.40529162727852,0.5184599907449893
2567780000.0,0.8388515291223853,0.0011760439261220914,-77.92529030364555,0.4037721060128621,0.012030693460558982,5.3947826283876136e-05,43.127977296385865,0.37767506108049564
2567782500.0,0.8397641828995656,0.0012326158410866286,-78.16956187996348,0.40337740830741714,0.012036313282851102,8.99981756810031e-05,43.00840079178742,0.4070382983033808
2567785000.0,0.8347143226520308,0.0010516290257352211,-78.36347165433513,0.3772678950112287,0.011976279628689876,6.604836479803321e-05,42.79817384580797,0.46543144944916204
2567787500.0,0.8366634224845901,0.0011120779238116048,-78.23932726514344,0.39657174714465765,0.011966857589158754,9.789530322350086e-05,43.00623921312553,0.3323993001698503
2567790000.0,0.8338464337374949,0.0016053385345609923,-78.34169766110045,0.38537318080168315,0.011965189795134248,8.958865278681757e-05,43.0226652200498,0.3554561903782356
2567792500.0,0.8389651323741395,0.0011854949866605508,-78.7944483019717,0.3760024113426472,0.012005475767886459,6.418514270042347e-05,42.649616813126876,0.3550047298100443
2567795000.0,0.8413050187353945,0.0012872944516233783,-79.16073491163634,0.38421581784676856,0.01196170448238015,6.964502151117401e-05,42.451496626002985,0.3083081939382592
2567797500.0,0.8361816027504779,0.0014030470204102559,-78.756137628809,0.3959305418089355,0.011937459758376038,7.749276517767769e-05,42.46947285872692,0.41273763649914463
2567800000.0,0.83879470290593,0.0014962066360300896,-78.65320831971565,0.3929332005101119,0.011915647096578542,6.912853190553434e-05,42.958485067883906,0.43037317027332156
2567802500.0,0.839423822672658,0.0013108853369942668,-79.70325582632104,0.3437767938308026,0.011975307473583436,5.7566886733557496e-05,41.903641581316705,0.4001809513827516
2567805000.0,0.8384156703099782,0.0013542763337796547,-79.22484911554062,0.37454689020322657,0.01192429571622611,6.522814373879061e-05,42.44928928550602,0.37089504139414753
2567807500.0,0.8350313888589872,0.0014699489341302024,-79.73203468304928,0.3743239017950623,0.011892756561311401,9.203151317535223e-05,42.13317973414495,0.3719843601209753
2567810000.0,0.8406502074108307,0.0016901800923961392,-79.44353378169839,0.3663116761478568,0.011859579691719887,3.886563410331975e-05,42.40322724611541,0.31029247585695374
2567812500.0,0.8405907152915859,0.0013370174706375166,-79.86418728390078,0.36455400854451436,0.011862708788529328,5.410268328660065e-05,41.91206856678478,0.4144100494126854
2567815000.0,0.8394679290792447,0.0011716085759312471,-80.1014825921771,0.3566862282434804,0.011867713258831606,7.642892024799385e-05,41.94914881908313,0.21455828388470746
2567817500.0,0.8437100882452412,0.0010376840792194074,-79.95561934113253,0.29961494240656616,0.011918957496366499,7.82937598824045e-05,41.959664638600614,0.5073390517674644
2567820000.0,0.8408359341245929,0.0013771275089431872,-80.01197945558651,0.32532378222149416,0.011813186339656782,8.60775827114794e-05,41.94230732817497,0.3660176980269827
2567822500.0,0.8418934929165646,0.0014251296144393998,-80.37368238297685,0.2980974466387593,0.011834182312998858,4.592865056181662e-05,41.660558675692535,0.4316256490439175
2567825000.0,0.8364380722379242,0.0012571596999239635,-80.87496762920834,0.2978628456508044,0.011776330701511574,9.070751844561109e-05,41.76148822482807,0.35043034050405036
2567827500.0,0.8448703564023293,0.0011813991886948552,-80.95062104146415,0.31250762329456405,0.011853831146681152,6.56767572413213e-05,41.691060997795766,0.2914436576236618
2567830000.0,0.8424949050172914,0.0010643836339895949,-81.07339742698392,0.3218708934224318,0.011761808244517905,7.33396699104464e-05,41.34425324794583,0.4180287731076676
2567832500.0,0.8448584873448126,0.0011877022987144376,-81.05890502358854,0.3237514028148571,0.011820134644957337,0.0001108221969353104,41.38691677655077,0.3594082092667474
2567835000.0,0.840746949028486,0.0011105689388119211,-80.92658144848198,0.32683548101421656,0.011736149985553293,0.00010002524984738011,41.829055536175375,0.4395906848696552
2567837500.0,0.8410662061517816,0.0013174090330878715,-81.5802165082826,0.327755874625634,0.011765007405720618,9.846998373475455e-05,41.065053005588425,0.43424496834200227
2567840000.0,0.8441459239795516,0.0011961948193996794,-81.6340366942187,0.33211093427951577,0.011762151590611407,4.2929057001173274e-05,41.310569233522514,0.5114988319056505
2567842500.0,0.8444887041129752,0.0012701731024567702,-81.59127611765831,0.3166407658916964,0.011757888203812468,7.777083547523389e-05,40.99059174073107,0.48981793685979874
2567845000.0,0.8417670459540739,0.0008112525842242739,-82.16013961276815,0.28526088894602886,0.011674097212378807,5.292315779563258e-05,40.88440975612503,0.35575137513781063
2567847500.0,0.8420242350056162,0.0008066708581055499,-82.19406305572961,0.30762816435575385,0.011714162709339367,6.850646762825814e-05,40.804471709758246,0.3225975929510024
2567850000.0,0.8449127836435912,0.0013776874212709975,-82.3866912103553,0.29081929263127637,0.011737388852373219,8.309593598538784e-05,40.61145736327333,0.3534287785338072
2567852500.0,0.8455516204035289,0.0012057496865377445,-82.95371990053367,0.3139336567458008,0.011727174689034843,6.656457309086396e-05,40.538979923808704,0.40442266522638787
2567855000.0,0.8463449561834321,0.0013613648163375046,-82.34406203160646,0.2766770706112421,0.011708125145124357,8.63955110695515e-05,40.65589983498432,0.3406579958430214
2567857500.0,0.8489519571149644,0.0010867528476280898,-82.58513794879235,0.2914378993089394,0.011682165532804954,3.1740025708002734e-05,40.38832503766078,0.31967127937937195
2567860000.0,0.8483139753846053,0.0013578559509644897,-82.83246977057837,0.3102018001659642,0.011661675112353906,5.081418395956743e-05,40.45409861893244,0.2803759753289564
2567862500.0,0.847903344004763,0.0015090050700216928,-82.72481474275645,0.269844601750226,0.01168472223876433,5.114585604906659e-05,40.73437877008551,0.4153103694774238
2567865000.0,0.8500888018786719,0.0010202949297377663,-83.57808045562052,0.2399746953465585,0.011637700039766444,5.444689095602439e-05,40.49650746518939,0.3279775108914655
2567867500.0,0.8411142253743207,0.001160263023992176,-83.39318358388651,0.2380449231833225,0.011595334313393628,3.528323983846725e-05,39.93986300099058,0.3838507906745497
2567870000.0,0.8504873949050558,0.0012580738784623417,-83.12851973893507,0.2773971535691861,0.011632852736481023,6.242642135055873e-05,40.65762686696958,0.40377040729724345
2567872500.0,0.8526568917558973,0.001084131734246579,-83.44808539212028,0.2855800413282797,0.011664234981742374,6.848382408382862e-05,40.24755903003853,0.33563135733583715
2567875000.0,0.8464099990951454,0.0012677001169608645,-83.39032212314682,0.27733007851288505,0.01159720807216337,0.00011176171390362273,40.134475209002844,0.3021504231271835
2567877500.0,0.8429286027151939,0.001299417353806665,-83.90548772517751,0.2969293192593915,0.011572394684987008,7.546362732762961e-05,39.9712930696911,0.3344004774408851
2567880000.0,0.851401571440234,0.0008432088533101504,-83.65179325063635,0.23085463380402954,0.011652090865837718,7.297607088547167e-05,40.227128081664155,0.49734288067217286
2567882500.0,0.8516620738137934,0.0009822028750930108,-84.12029336753639,0.256671888324209,0.01159542059735008,0.00010335060682111864,40.00182854173854,0.29927622462488107
2567885000.0,0.8516946619843399,0.0008607739462779544,-83.79187952287123,0.25366691034693895,0.011534337882146075,7.164552434681356e-05,40.07607291173625,0.3482315499623435
2567887500.0,0.8514169539799854,0.0012032450824053902,-84.30969077098219,0.24094718945832677,0.011540392710529052,7.79915853453339e-05,39.728521701679966,0.4566114029680738
2567890000.0,0.8525401668625858,0.0008751792007603837,-84.8138518134628,0.21767882390987145,0.011582214495352607,5.742843980127703e-05,39.27986898853736,0.509817411601784
2567892500.0,0.852082706444659,0.0010352607812417324,-84.79840331875559,0.2465750593778562,0.01155725831886409,7.706181581368897e-05,39.57008343911651,0.476949804506188
2567895000.0,0.8428386795155143,0.0009780385505814828,-84.7464886490156,0.2168245577618503,0.011491988010247816,4.865032421215185e-05,39.207729068693176,0.3220073339566282
2567897500.0,0.8531776360500961,0.00092424111701973,-84.87937090158374,0.21207792346101995,0.011561555504768836,7.318585273564474e-05,39.54509451756675,0.442427187368996
2567900000.0,0.8514856761057819,0.000932883033223711,-85.02672506730022,0.22388959589246818,0.011541040827771236,6.863582211465238e-05,39.51141076169947,0.5186275861650832
