Frequency [Hz],S11_Amp_Mean,S11_Amp_Err,S11_Phase_Mean,S11_Phase_Err,S21_Amp_Mean,S21_Amp_Err,S21_Phase_Mean,S21_Phase_Err
1870000000.0,0.9954034288959597,0.001057940411163447,-62.45215309177489,0.05153331171393145,0.0005425663049458578,0.0001299586499534318,-123.80702645239093,12.68059544884916
1870125000.0,0.99929989394399,0.0010101849490836206,-62.30660395172677,0.04960034971851719,0.0005711043898412914,0.00010505756432998234,-131.08228179541587,9.206512042119638
1870250000.0,1.0019631247229652,0.0011073708095237435,-62.153770711314095,0.05810721780884961,0.0005849023417725141,9.746926529225615e-05,-126.88796218015634,12.399465058460006
1870375000.0,0.9978785603810834,0.0007045147403265291,-62.21484154232069,0.07579046434151596,0.0006496624955385812,0.00013374205647573385,-125.52449836249964,8.303124496541274
1870500000.0,1.0015844053622194,0.0010593357612318304,-62.19251719722642,0.06266940444989275,0.0006498880137336806,0.00011033330980031407,-123.47494401542139,12.432240718086515
1870625000.0,1.0023825643453483,0.0012302720123044965,-62.060767191202096,0.06125914586580007,0.0006657645779624505,0.00017125237133452706,-127.71047562498778,13.063593977337893
1870750000.0,0.9997556424265045,0.001387574466680697,-62.25205563294682,0.06516271374575713,0.0006432922475852093,0.00014492658802241063,-118.99780081177956,9.485760304455349
1870875000.0,1.0003647915343332,0.0008256064191455913,-62.59247248706292,0.045517040679329684,0.0005486352156024734,0.00016592130310015318,-131.28143586986928,10.630455468373684
1871000000.0,0.9954377664173275,0.000866254320004426,-62.406866178134315,0.04020135927075385,0.0006853467154456985,0.00012369884306891993,-129.62953752395208,10.170545153795675
1871125000.0,1.0000975404441235,0.0013426674412896583,-62.4717584494057,0.06818427393852187,0.0006812642786113171,0.00013134366371562333,-127.46097069345328,11.643149588425091
1871250000.0,1.0038908039537584,0.0008086776065696651,-62.229387108433045,0.07396653993733852,0.0007147761728256797,9.572934783712383e-05,-127.28358075071696,10.284670997309018
1871375000.0,1.0019586898531851,0.0005968435435927098,-62.17482392453055,0.08374612312697091,0.0007121104578386846,0.00012740359709084308,-131.91484927084153,10.427858168021567
1871500000.0,1.00568489735865,0.000988308633350704,-62.502823790178255,0.0680855872272641,0.0006765487727944748,8.248053981204871e-05,-134.36602142186695,12.241436078441772
1871625000.0,0.998488189562867,0.0008337382915261302,-62.78036009921457,0.05308683617057916,0.0007360892992703715,0.00013100896142534922,-129.3660758095725,7.386911700175308
1871750000.0,0.9996522180211576,0.0009439117485922554,-62.70798250504953,0.04545353828345904,0.0007117110585744645,0.00010497323026054314,-130.99254434409636,10.970935127161473
1871875000.0,1.0000884670327514,0.0007426805074800405,-62.642390479781064,0.04812604552336547,0.0008406350834570925,0.00012239735071830057,-122.93083226288704,5.398491643446307
1872000000.0,1.0034520779037632,0.0010831703412304001,-62.60789756694336,0.0694074881351499,0.000844190066049581,8.941566010679561e-05,-125.52512340821184,6.049724943536112
1872125000.0,1.0090012350011652,0.0010988489607247093,-62.78576166155592,0.039339950405208414,0.000833663708786543,0.00010983979965237657,-124.97123250201383,10.4177718235613
1872250000.0,1.0011743269651245,0.0010367664854376796,-62.72589487783248,0.06291933923543754,0.0007718313218696468,0.00015944766308021563,-128.7040766572166,10.643956998622393
1872375000.0,1.0023785583986315,0.0011571046488860661,-62.77380905477752,0.034409010700309696,0.0007371709739869008,0.00013291861757816142,-125.01882290375528,12.767867738164709
1872500000.0,0.9960532257355397,0.0011044617750623187,-62.33928889615076,0.05092682158104569,0.0008433274097291945,0.00014240098803913103,-127.27741873570395,14.245850321016015
1872625000.0,0.9962391007411825,0.0014102595629055875,-62.951159556104884,0.04418000972496548,0.0006981629221531298,0.00011500628948254445,-125.41717897467105,11.019574092115999
1872750000.0,1.0013919564390297,0.0010148826893315024,-62.952382282969644,0.03978277906933853,0.0008270398288299887,0.00014234891730637367,-126.11403271631787,6.568033795278333
1872875000.0,1.0049081317274193,0.0010137177394471954,-62.68237741769627,0.07040895652109051,0.0007303435631636437,0.0001474579611297587,-122.2540825710962,6.682653798056455
1873000000.0,1.001825782063794,0.0013858734664811748,-62.68507761412844,0.05950056898497413,0.0008594873997942866,0.0001252803484606795,-125.83558182566071,8.590491882975494
1873125000.0,0.9984232986735584,0.0008931251562566842,-62.94590964163083,0.05664902221469341,0.0008048900326279352,0.00013051374196564644,-126.4203852353515,8.234747999752173
1873250000.0,1.0067529068087144,0.0006624323193381683,-63.07077588852242,0.03284013039692848,0.0008488530036854059,9.6204733841088e-05,-120.08974208589967,8.860386610050769
1873375000.0,0.9996100580894983,0.0012870433467633126,-62.96271014563071,0.08449178258752994,0.0008097424940713189,7.017565593512215e-05,-120.77853969821969,9.12958095159801
1873500000.0,1.0018980637432353,0.0013835521635282987,-62.980639265383836,0.06640163160588242,0.0008282682943735944,0.0001070048765666015,-121.35679214773938,4.897891836795067
1873625000.0,1.0032490640642098,0.0009250327698033726,-63.1366505188015,0.05153208545454264,0.000846897724564395,0.00012012579375732994,-120.05995947665072,8.137550862776557
1873750000.0,1.0030568685270864,0.0014907994049708027,-63.180899497191746,0.05708260258422942,0.0008956919804699535,0.00014134194099982536,-126.86374257378323,8.330230559603129
1873875000.0,1.0023507542760854,0.0010295118154585213,-63.030819997805864,0.05986035612347702,0.0008134183631337348,0.00013722388859002888,-119.4480999465762,9.901496729923013
1874000000.0,1.0048432262803026,0.0006757270624381076,-62.90456952044401,0.0634141619609856,0.0008499376189977503,0.00014270961183596257,-123.24681105166017,7.912264236047591
1874125000.0,1.0080621951661615,0.0015628929858503065,-63.25356040140849,0.03312819583678316,0.0009148051382463101,8.66044681133474e-05,-121.76803313353643,11.250453729026077
1874250000.0,1.00585539514242,0.0012222099356722644,-62.96177163305879,0.06183520003128528,0.0008548771598572371,9.827819937177233e-05,-121.86943227974054,8.311818647097919
1874375000.0,1.0005565860362051,0.0013051197909478176,-63.07980438046902,0.059223522794683015,0.0008790228357631063,0.00012034037056055687,-111.64952927454432,9.008298435413662
1874500000.0,1.0021400018061908,0.0008398573616684188,-63.202760235193445,0.08010612695483506,0.000951538308762628,0.00010457921410899147,-115.90565541365642,8.866998698679948
1874625000.0,1.0050185691719493,0.001278026076317827,-63.138799790052374,0.04464159727131427,0.000872784269744271,9.074968121789096e-05,-118.45264763168768,8.778469193171862
1874750000.0,1.003017080149379,0.0015502780437752293,-63.31579768800428,0.07096353086009186,0.0009218616373069175,0.0001040223626494582,-116.74127994249739,8.795024690461965
1874875000.0,1.0009017919350942,0.0011186587458279044,-63.36925901574999,0.06724922672499553,0.0008774044208942312,0.00011026625578068491,-118.56901801114533,9.825383711107065
1875000000.0,0.9951514391158536,0.0008363723650327562,-63.42259447545342,0.08401388352951739,0.0008518539591221587,0.00012891913954147645,-109.01814950491456,10.097771853475368
1875125000.0,1.0021275860781778,0.0009316257992457014,-63.26620093480017,0.05437203502480084,0.0008672635491459959,9.946445737960483e-05,-118.54350395700008,10.518380675717983
1875250000.0,1.005239943496019,0.001480250404519973,-63.261879676363954,0.04571475829373533,0.0008520861733512887,0.00012173972267103309,-111.25157079200883,8.442599374784322
1875375000.0,1.0016180203245706,0.0006396844994741084,-63.370614344317445,0.06031153633356427,0.000901561300491263,9.769307364165247e-05,-114.97241469139692,6.529236612823629
1875500000.0,0.996406816514438,0.0008645620134113066,-63.23125811050553,0.05547765922929768,0.0008294892367686484,0.00012607011600073372,-114.2525744676694,7.486117409614082
1875625000.0,0.999374185185107,0.0011214843070990797,-63.26683497643016,0.05398453761788694,0.0008840406035833801,0.000155859601823901,-115.17925404066445,8.989464502001175
1875750000.0,1.0007742627409186,0.0009022332684403448,-63.73983591372788,0.05950985932930849,0.0008572725149718096,0.0002061666634014416,-108.69394309358252,12.995342276369339
1875875000.0,0.9996887777533071,0.0011180093027106913,-63.368681744516714,0.06254754658496431,0.000890401437135621,0.00012856026033732695,-114.35734646485214,6.1608462427352775
1876000000.0,0.9944252286716142,0.000989746257264357,-63.630214697793306,0.04356064996999587,0.0008840376756822182,9.287286370596943e-05,-113.0155997015863,8.437703272536922
1876125000.0,1.0019253276079636,0.0006301327365335179,-63.60025223199535,0.07091681071766652,0.0009609267505353756,9.133530311647831e-05,-115.2541565462766,8.025481737330015
1876250000.0,0.9987156362454255,0.0010935120469572673,-63.50054835010251,0.06185414815637419,0.0008413628490862578,0.00015693479766969802,-104.23947098615763,8.037028282319207
1876375000.0,0.9994330476177811,0.0012952770816349278,-63.55310400914879,0.10312873888568382,0.0008464892182278896,0.00011665735065667005,-111.4597809209872,6.3437826475871475
1876500000.0,0.9979587590647951,0.0008712762745978205,-63.93599244472651,0.05255592999204716,0.0009295377385377799,0.00013955792667143818,-109.31932943002543,8.74377077247262
1876625000.0,1.0002618741036857,0.0008628808503133561,-63.84421173138736,0.08848325653088174,0.000877754500283572,0.0001493836526230723,-113.02040938264074,8.994880906859262
1876750000.0,1.0024813350134996,0.0011006742440851033,-63.883781715841835,0.0499397131058031,0.0008763498628713918,9.56022585720462e-05,-113.3291438869907,9.440366203327391
1876875000.0,1.0010618852576252,0.0008183871501644133,-63.77777946082515,0.09250315746191054,0.0009362805332626622,8.186076709091259e-05,-113.37949353047765,7.378418817515096
1877000000.0,1.003102521813048,0.0012056078517522133,-64.0026545015577,0.05655415102135696,0.0009390532791906816,0.00011939717033422227,-108.22790161107709,7.787437530088558
1877125000.0,1.005860461283317,0.0014754298650224407,-64.21690260272855,0.036467761516383514,0.0008727721733264529,0.00013101803378807412,-108.70944768998619,4.637440272212235
1877250000.0,0.9959843890596518,0.001276083778489949,-63.78096644363108,0.07012599671293018,0.0008615824820906712,0.00013815409292273502,-108.26532094600981,8.894242192954664
1877375000.0,1.0001932477353899,0.0011321897606216555,-63.974392852037454,0.08975231513015261,0.0008550533961490018,0.0001109176950365415,-111.53947089546958,3.7278035795644264
1877500000.0,1.001108800982111,0.0012063956660535423,-64.09442894413412,0.08591787612107546,0.00086235808980514,0.00015041764008753185,-112.0315013946642,8.948055636106103
1877625000.0,0.995327307345794,0.0010097701079954627,-64.16135615776149,0.04667930925615928,0.0008933642961933411,0.00017393043184736774,-108.850393311683,8.071536921053893
1877750000.0,0.9994846283831955,0.001188553108184814,-64.30403882889001,0.07800465431099476,0.000829563860494873,0.00012502210771897078,-108.57463896825128,8.669906124049286
1877875000.0,1.0001594840100971,0.0012964720750196722,-63.904810149993644,0.07522508152356774,0.0007813635472897482,0.00012694785774434487,-105.22361377441895,7.695382592999924
1878000000.0,0.998592723479501,0.001259377239372649,-64.25290483220965,0.06346527343785291,0.0009387391468547402,0.00010285698092600819,-111.95162859644711,10.267790395249666
1878125000.0,1.0000136361746068,0.0009424122775383692,-64.17264495234099,0.07060176598128573,0.0007993420463213958,0.00012622440082862626,-107.7653704565887,10.922894881366828
1878250000.0,1.0010334083624144,0.0011384506129168094,-64.63506919084666,0.06160736268765646,0.000846291694256168,7.085850293276315e-05,-104.66884345083146,8.415021240565006
1878375000.0,0.9975624595965716,0.0014307047431622029,-64.280218965926,0.06387049559089993,0.0007410200450214221,0.00010417937703851671,-109.07020375390822,8.99559827187613
1878500000.0,0.9985842418303102,0.0011135299798160827,-64.29841958293781,0.08664041826743053,0.0008908598093931254,0.00010087339773243303,-104.31591140957896,6.619191368177114
1878625000.0,1.000924771553933,0.0006564526046791637,-64.53942826814104,0.06507993110643809,0.0008133493326291479,0.00013406906680960291,-109.97534043367243,10.366972204197847
1878750000.0,0.9924030788171573,0.0011426635200256809,-64.54990207933648,0.06436586666165124,0.0007569415684250176,0.00010590491768774611,-107.93511965452544,9.495521319403208
1878875000.0,0.9968856969361382,0.0010778589800500209,-64.30938226482657,0.0697679274926641,0.0008575655445280514,0.00014670745870613584,-108.19711427616832,8.129149151952094
1879000000.0,0.9969260277666525,0.0008446174135692482,-64.69460230160924,0.08284704118008555,0.0008051610923914575,0.0001483570704031769,-106.9492130202255,11.009712790057442
1879125000.0,0.9984253413309335,0.001058556823080529,-64.65703381772103,0.062939346068372,0.0007563993573075615,0.00010655470675384235,-102.22953129034194,11.055177235119874
1879250000.0,0.9972057162244189,0.0009469696883659151,-64.78419884826702,0.05528591959831998,0.0007457335712911617,0.00010839424762990167,-108.44723776258446,9.454540647474705
1879375000.0,1.0020623718837538,0.0012768738627986279,-64.85429993758056,0.09383190860023324,0.000728534966930889,0.00013128355442437406,-108.04900631726917,9.458939986814906
1879500000.0,1.0015407647587629,0.0011539599319256464,-65.22441713159542,0.03312437116743822,0.0007447491048888585,0.00013935109554820172,-108.58861997748748,8.747837335866603
1879625000.0,1.0024047717121174,0.001003353128553425,-65.00262844299338,0.06605271773785078,0.0007362403924155914,0.00013340795974343375,-109.0620260294806,15.374680150512637
1879750000.0,0.998671426293051,0.0014699404900433398,-65.06321539863353,0.09466600210889525,0.0007708356283750684,0.0001285736371896682,-112.45063570994388,6.9603997838312095
1879875000.0,0.9979612107913387,0.0011728754892805708,-65.27810015316481,0.06050850965459559,0.0007310259568270743,0.00013475478954918504,-108.46661922264977,14.845806138036899
1880000000.0,1.00313287960641,0.0008651051571377732,-65.01116497974097,0.0963870693924275,0.0007802123288604996,0.00013081536438211658,-113.13335238709644,7.28389988818468
1880125000.0,1.0072101211757754,0.0012899258440292446,-65.2163132598695,0.08144845595733236,0.0007868733911781787,9.662529269201475e-05,-106.43033268484281,9.09944940325003
1880250000.0,0.9996825498486628,0.0009492107496846228,-65.12592803484067,0.055529203086640534,0.0007580762365581678,0.00016204348112972656,-111.88043553725731,9.981850347429312
1880375000.0,0.9989663607168867,0.0006367757849724903,-65.12142195883395,0.08392681943760903,0.0007579586740315264,8.072405385252454e-05,-103.03753881767567,7.641657418329638
1880500000.0,1.0045800958223114,0.001676029721344414,-65.19661301426947,0.05021674687905772,0.000722098647260066,0.00011471902318470677,-108.58689103145623,11.559722395455626
1880625000.0,1.0042451723107355,0.0013828344248556581,-65.0003021534571,0.057393272545921456,0.0007609757486799629,0.00015414893074755005,-104.29500753740686,6.404974163625903
1880750000.0,1.007188852173267,0.0012622718901804636,-65.11364871381521,0.05299134318633054,0.0006807306565266832,0.00016592504458423746,-105.95097625822156,9.714582206951654
1880875000.0,1.0016763562896815,0.0010388716944298023,-65.3036576547199,0.06446091089227245,0.0007395554682494074,0.00019520748388690096,-106.84940317663983,12.904134321374292
1881000000.0,1.0063466859485597,0.001359572243389428,-65.20525248343893,0.043211048011531146,0.0007201323000416743,0.0001756323755039707,-104.88342839065896,13.313133148472577
1881125000.0,1.0044374005016226,0.0012053772316626458,-65.34768800648817,0.05540780798893444,0.0007985425463855917,0.00012929278319309223,-112.81530334567533,9.550136317921408
1881250000.0,1.0041570375917086,0.000807094133335387,-65.4011805914109,0.031124605359451128,0.000697289404620807,0.0001337934325959478,-106.7217673833269,11.401723998820472
1881375000.0,1.00347373766096,0.001316650374810465,-65.13942256658238,0.041105099555878384,0.0007450555915324685,0.0001325138979688078,-109.09464088444014,14.285224501467706
1881500000.0,1.0130823196125875,0.0013527986811485617,-65.33589446972671,0.052558506982159345,0.0007381791590930099,0.00011147660091915752,-107.74376221482828,9.258375870877352
1881625000.0,1.0043409796810185,0.0010026841457593482,-65.39354190295128,0.07201655811559743,0.0006523722063669365,9.247434428950624e-05,-112.21549601986102,9.435635413998268
1881750000.0,1.0060592942346793,0.0007102675899074257,-65.54509565831731,0.1063098335857884,0.0006796944615543451,0.00012402289763674827,-104.61389378193218,18.538067722404943
1881875000.0,1.002309662290829,0.0010726186734193214,-65.29645834333242,0.1006983474352632,0.0007555930135972345,0.00016775491000315968,-112.1585791115992,7.612326414635354
1882000000.0,1.0083100326328718,0.0013006640986120011,-65.32867246338377,0.07953190884674716,0.0007738316860038844,0.000110833317566339,-107.11681086111724,12.770199612949805
1882125000.0,1.00891887832697,0.0007420900570995055,-65.45469809269369,0.04822819923503359,0.0007293054436157579,0.00015176287084903012,-101.81422526523698,12.495674834958528
1882250000.0,1.0077472686214293,0.0006729514312333607,-65.64272218571602,0.06669975844993356,0.0006209223365442015,0.00010824120431127333,-105.54063377935545,13.969929051881506
1882375000.0,1.0071440264514195,0.0010360523030741482,-65.48624401687128,0.06645263148377809,0.0007179479251393612,0.00014011813424578853,-112.6618754457688,14.787206083325831
1882500000.0,1.006868023833769,0.0011401408707557327,-65.57765766050478,0.07461456476935473,0.0007882525327977249,0.00010180522076557064,-111.01497084132393,11.529303808724249
1882625000.0,1.012435042384383,0.0011628035643347862,-65.67955705660208,0.055133990485212114,0.0007105044851064106,0.00017173086550048718,-109.60306521078117,16.243350261664542
1882750000.0,1.0078834616191672,0.001069374838628412,-65.4402699674798,0.06489368449655471,0.0007336385593580853,0.0002504953042859411,-105.4204757795117,14.262755314336928
1882875000.0,1.0121936843773587,0.0007468492655048885,-65.67204329048212,0.08557730476361274,0.0007903592664642308,0.00015739326106723874,-109.32799361444532,7.034280278629095
1883000000.0,1.0099446753876145,0.0007007912481374899,-65.99976333487709,0.05343783887148256,0.0007575954460840071,0.00012127353789934798,-107.27394117847925,5.494792939135573
1883125000.0,1.0056366108708514,0.0007545905453737254,-65.61948158927889,0.07144601177625359,0.0006347556754915794,9.326581855662914e-05,-108.04381634472293,8.89610560179305
1883250000.0,1.0081989533158904,0.0008522059063554186,-66.07324934960245,0.05946960828208832,0.0006504112893764152,0.0001287966401238144,-113.84398459658696,12.29156271907987
1883375000.0,1.009207688202303,0.0007782132250801943,-65.81183843768575,0.08593427820256173,0.0006872568619587558,0.0002019247837173649,-107.74783756729418,13.816200691353865
1883500000.0,1.0080932061534225,0.0015427733882065918,-66.28605433158178,0.06277715000931139,0.0006331007191446509,0.0002020210354216007,-86.40068199213293,89.8685956741439
1883625000.0,1.0056740020552803,0.0007564615125625768,-65.90683190168129,0.07109490278445509,0.0007271539865756328,0.00015400009946650142,-107.00395068152983,11.34602087314496
1883750000.0,1.0112878960913207,0.0008174622906512425,-65.79560539992991,0.04843439823755144,0.000740820289548862,0.00010143787717803352,-105.87122027196281,11.237949372930373
1883875000.0,1.0142208287938725,0.0009653480809305025,-65.70160166880602,0.050629756345030315,0.0006702088807519001,0.00014034824662674547,-108.81953727005379,14.030929929169378
1884000000.0,1.008916663197337,0.0009759115178085082,-65.75321157737272,0.05692719868026971,0.0006523549948132388,7.205490689931037e-05,-106.43898794212186,8.653999189524354
1884125000.0,1.0070149570735751,0.0015450366339281214,-65.80772267359876,0.06795994809014141,0.0007123353577322634,0.00018429106967530936,-107.5546196007738,9.905920698171618
1884250000.0,1.0105432774847534,0.001343556437522397,-66.0289232116532,0.0497154187848791,0.000590271593362282,9.567888885951925e-05,-107.8612546252469,14.103515822142816
1884375000.0,1.005203382943227,0.0009670504570275354,-65.87043692142757,0.076700457400691,0.0006517489463732244,0.00016971571711292912,-104.87743355589227,14.377023274696013
1884500000.0,1.0148263401328903,0.0015102308247630274,-65.79890967701114,0.0832021946401988,0.0007062892254971004,0.00011143268277141964,-105.01069425141289,17.020309696733435
1884625000.0,1.010085425304331,0.0009878559764864036,-66.21929518242182,0.05192194728444964,0.0006899183319486128,0.00015455792563031674,-109.60038033009256,14.553234164582195
1884750000.0,1.0110736732114844,0.0013295734172082334,-66.0270707166418,0.057284092332714184,0.0006570640750462211,0.00011423972274260627,-100.48848033095123,12.873073911071925
1884875000.0,1.0074908515008283,0.0012384399901457805,-66.28695071655696,0.05101758330549792,0.0006308166544151364,0.0001298286478190947,-111.45119596116432,16.35662670809642
1885000000.0,1.0108009126747621,0.0010693711050423155,-65.78818087001589,0.08349855352558967,0.0006054297507771108,0.0001276910925841897,-113.31974393358091,10.215705564230694
1885125000.0,1.0076084705410613,0.0008945990142555251,-66.18499637099426,0.05501039758796258,0.0006622423606357826,0.00011610268611667822,-104.29446904071959,11.7115839936807
1885250000.0,1.0056197345812947,0.0009279958807224968,-65.59317726141039,0.0699781643315004,0.0007037002102839525,0.00018551677813368524,-102.22191739992947,11.248475029193694
1885375000.0,1.0065062682181996,0.0010896960093771085,-66.2175697909795,0.0652710143918241,0.000657330216729731,0.00012115919212529863,-104.50901900438294,15.104463750903914
1885500000.0,1.006661484658295,0.0017124724329321739,-66.09851667432801,0.06597254347558194,0.0006879787615902815,8.844058851974781e-05,-108.4618556094478,6.522911115584602
1885625000.0,1.0102518996149077,0.0012134704728127294,-66.22133745285372,0.07937737551414135,0.0005817126692088311,8.493342822812826e-05,-106.48405795692369,14.548800670316433
1885750000.0,1.0046576075744258,0.0011662008609767543,-66.1677086152156,0.06609242723618737,0.0006004436230885836,9.195042570993296e-05,-105.35850927757124,10.742489344316198
1885875000.0,1.0088695516689452,0.001305970364987496,-66.66452540819033,0.04733266226552271,0.000648826689386829,0.0001787366650087079,-113.84282825992601,9.108359486150507
1886000000.0,1.0015757400448113,0.0008918419069773694,-66.4430063742668,0.033074997347368365,0.0006219528249533045,0.00012604023085084116,-118.25236824679695,11.779215936519302
1886125000.0,1.0054755027753286,0.001136887410662816,-66.17716792842134,0.04981381711107972,0.0006735565119109259,0.00011112057955678614,-106.90080108552482,8.14359930647985
1886250000.0,1.007806641421573,0.0008430626461159556,-66.15577060856391,0.05975022548988499,0.0006143369695596485,0.0001940778317465186,-109.46007542934697,11.251481878711445
1886375000.0,1.004247579956075,0.0011006268025892368,-66.4365419172998,0.051557385938883246,0.0005019561085402941,0.00012490220111065838,-101.57364842905054,13.87159370281583
1886500000.0,1.0070153267569293,0.0012422022755773086,-66.49907740964935,0.04851269583246063,0.0005958465246322601,0.00012583804116843687,-105.87666831503198,11.719639135708219
1886625000.0,1.0095837103548142,0.0011278728200753995,-66.48729497588637,0.07162236205955677,0.0005893256745876819,0.00010009251562224633,-107.94473157602815,19.981521992741566
1886750000.0,1.0066821239601234,0.0014861719775807478,-66.39500560010084,0.049518512987327505,0.0006031282844470903,0.00015549108666550721,-100.8868213068356,15.212097054920196
1886875000.0,1.007021851103371,0.0013087119470105559,-66.89230701386252,0.037672208246578104,0.0005672124506850463,8.738792372844102e-05,-107.6571134157556,12.954699551203893
1887000000.0,1.0004056803999655,0.0008518856111005017,-66.70178607975772,0.032336785600966846,0.0005114155082032726,7.699765415468488e-05,-111.60486450768182,14.601656780646632
1887125000.0,1.0002896734674753,0.0008151879023989954,-66.6798490906223,0.06347075889271064,0.0005504046910178526,7.271337419599502e-05,-109.34729080009521,20.383069899756958
1887250000.0,1.007617131467443,0.0011771617743050388,-66.75416804535438,0.06994506241112221,0.0004907428165760885,0.00011142080671026033,-111.38040298354018,16.723279154250502
1887375000.0,1.0067220766571654,0.0010953485768420567,-66.82184201815879,0.045100909588548295,0.0005540827427903208,9.66068096486813e-05,-109.32542118948699,14.526696367151683
1887500000.0,1.001088079467069,0.00133927832640308,-66.79233864039004,0.069355150124697,0.0006372506454900949,0.00010351942331548635,-110.82599466114242,13.598856083698205
1887625000.0,1.0020929646413779,0.0006920531521216616,-66.50156763691736,0.0784581232240819,0.0005764629848159158,0.00011737676604767244,-110.61684237979611,15.679897997528666
1887750000.0,1.0032716007170344,0.0009650861002124963,-66.75074378961816,0.05118942236930344,0.0005893671305154513,0.00011444557844956842,-110.41240237455621,17.8122819316557
1887875000.0,1.0029538857550655,0.0009293846481607184,-66.70419540261977,0.04833337660019857,0.0005534870778137957,0.00015909730721297858,-102.48474399827415,13.95869372144546
1888000000.0,1.0023591423648237,0.0008581551966160452,-66.80808389600521,0.05964458198989719,0.0005974398641819177,9.425814461560582e-05,-107.0103532353743,15.520261857483726
1888125000.0,0.9991797654341273,0.001118519285865589,-66.93709997380226,0.05491121331958737,0.00055570254413606,0.0001434955813098732,-104.48234837036036,12.765775536671548
1888250000.0,1.0013809779785041,0.0012567589239951289,-66.96229141844182,0.07193890569466267,0.000565104521677965,0.00010103844966383452,-106.01525854357067,9.502769040237242
1888375000.0,0.9997890157170217,0.0006035004819381704,-67.01178424353493,0.0756670781432878,0.0005550208734227299,9.502838375058555e-05,-107.6933621275812,15.496002597166079
1888500000.0,0.9967952179163773,0.0010510858156193763,-67.54458713363383,0.07707879124801684,0.0005597673473715464,0.00013817419021292475,-110.3290631758851,10.020877772501622
1888625000.0,0.9967552127874958,0.0007627972130025604,-66.92357477230134,0.06315474398952624,0.0005079209648846605,9.586872067660907e-05,-101.56703653237236,18.17320168018949
1888750000.0,1.004136287040369,0.0006204760962317892,-67.41560751924474,0.057138726187257106,0.0005505970772232088,8.256168336984573e-05,-106.96030541543878,12.167044011781973
1888875000.0,0.9971199447770508,0.0008310470190099922,-67.23831163492001,0.0494555999270387,0.0005465987138659243,0.00011946233826690387,-108.91297575797591,12.87828568756068
1889000000.0,0.9998348123961593,0.0013014471316793428,-67.58217671789842,0.07246845567964925,0.00052037377529597,8.73981958279552e-05,-114.93592872701502,9.903344294521805
1889125000.0,0.9979562334122972,0.0014450478413835077,-67.70258235220389,0.04822506834112604,0.0005380886174062512,0.0001150949809520479,-107.27998660948654,20.309457943747898
1889250000.0,0.9994567502336351,0.0009789211713421393,-67.8168344951446,0.07012233858023553,0.000491884255062877,7.35055072581209e-05,-117.9402610279268,12.917129187674156
1889375000.0,0.9995335253009862,0.0013386884489864463,-67.44382807797511,0.056043863694342964,0.0005585267853837451,0.0001267886904706189,-113.67119525190527,10.865689333643408
1889500000.0,0.9972136241452451,0.001262636018441279,-67.52328990048237,0.07495394796219391,0.0005234219599580999,0.00013937410860803768,-104.37047464941425,23.871431854566623
1889625000.0,0.9959095374500915,0.0008849943098611926,-67.48815062155123,0.06605170674768915,0.0005060211374034128,9.666257393727012e-05,-105.62361305636072,12.665151235062297
1889750000.0,1.000432568815836,0.0007996161048246889,-67.46450930315687,0.05515640982540558,0.0004542570791436118,0.00011556576753364414,-106.2305358784548,16.710659854648725
1889875000.0,0.9984593460591851,0.0010575907746045768,-67.80743612286545,0.07153984500304882,0.0005735943151537701,0.00015069475081399178,-119.68098090728594,13.216216401570797
1890000000.0,0.9993133741179502,0.0013129621529265449,-67.70834491243308,0.05969630190329445,0.000493719756259087,9.607919783253722e-05,-112.66422240604942,14.320575025492076
1890125000.0,0.9954594399655687,0.0013527497247539638,-67.93726119677139,0.054637575699383066,0.00048088394262414945,0.0001393867736804876,-111.2015133524944,18.642480408796605
1890250000.0,0.9972501157024775,0.0008557046510460405,-68.01119220691079,0.05941175768907944,0.0005242911794096297,0.00010249093453746306,-111.80813209732361,18.97502880838469
1890375000.0,0.9997549233374263,0.0008778148587013921,-67.98350711608593,0.06682661803029673,0.0004707566302411183,6.099346629950605e-05,-116.25037342510352,15.307778155644456
1890500000.0,0.9914781546690743,0.0009492180614133081,-68.17905834163481,0.0634193366273936,0.0005088691519201155,5.6062468586990214e-05,-107.79018188666734,18.732550344443652
1890625000.0,0.9935431262488564,0.0009790466248467146,-68.39981177054437,0.10915118270725516,0.0004719061193060319,0.00014994104782995146,-108.32576652658592,11.779159674390858
1890750000.0,0.9906180409741845,0.0010111673701837332,-68.34666173884474,0.07236603946968738,0.0004806043412198659,0.00012498972426417076,-118.26736478496599,13.864549172069303
1890875000.0,0.9922466237560236,0.0008944546531077201,-68.28536818047158,0.087551328321878,0.0005313629651682457,0.00012453318128450002,-114.58740911339645,17.85507632620941
1891000000.0,0.9933113965984548,0.0010626023617012743,-68.1418300250969,0.061986084720457225,0.0004752338339956188,0.0001453290423417009,-117.19783145711617,18.634490430047126
1891125000.0,0.9949855313320559,0.000709819050226546,-68.39097541239921,0.056044291524626186,0.0004729869209426861,0.00010923304152705732,-115.58587695703119,15.342926312296056
1891250000.0,0.9968775531292021,0.0008245033067260526,-68.59326116174432,0.06070750356657446,0.00045563164147634054,0.0001245557188698687,-114.59032471403215,23.07902307426628
1891375000.0,0.9984592913419453,0.001074542016336126,-68.71052573470702,0.05905295456453198,0.0005180553838479851,0.00013393646047121986,-117.40129608416812,13.77417054074923
1891500000.0,0.996474074007698,0.0010628620980515098,-68.61382573871263,0.05564778592967199,0.0005310102687403892,0.00018463377556040953,-112.20297458511034,10.596688944483802
1891625000.0,0.9939244594243126,0.0007027164646125013,-68.9106260304834,0.059828144327914785,0.0005079560609651849,7.600248840772324e-05,-112.64318270010911,16.243767909201768
1891750000.0,0.990587230758335,0.0014983300489065665,-69.45215437484745,0.05836614114231584,0.0004409078051310752,0.00017290639447417206,-109.2268127324987,20.3124925241761
1891875000.0,0.9966550420212754,0.0006380883521111956,-68.98983093205902,0.03809104653228584,0.0005720130096703043,0.00011977631005592794,-111.99390321059882,15.820065100072735
1892000000.0,0.9930970279790021,0.0007892867515574087,-69.08548685593661,0.07452072034950431,0.00048411035492612316,0.00012675544508110247,-109.47113416570478,17.751468853881807
1892125000.0,0.9922296631818699,0.001059310865735613,-69.2869714859491,0.04195554101627363,0.0005175213778588996,0.00012290086814978536,-111.8577874694786,11.839394869751512
1892250000.0,0.9974327958043281,0.0009072715702984204,-68.77058891159886,0.04801371392084176,0.00044118662820565816,0.0001254865104743029,-108.87899435018763,20.20741557877738
1892375000.0,0.9937853840841234,0.001262372973417299,-69.44576903740509,0.06305852554897602,0.0004921813515210925,0.00015466888503254929,-120.73766598771476,12.70403533419665
1892500000.0,0.9988976064131798,0.0012844735862479672,-69.47175079856217,0.060318783801114405,0.0005246538621246548,0.00014855100593628954,-113.47385549280233,13.781320830023779
1892625000.0,0.9963522828055069,0.0007100618531810754,-69.37991760233164,0.05117790838525,0.0004302274185976387,0.0001854605858701996,-110.55309419094336,14.986006055968424
1892750000.0,0.9950161341428377,0.001208720565927359,-69.88975459027712,0.06140145749983257,0.0004618323956022821,0.00013427742101706553,-120.2442013284925,6.6700664968951076
1892875000.0,0.9927559031047144,0.0015542235910894866,-69.45937393874239,0.05906699765746941,0.0004129216681708804,0.00016342707142463254,-116.06201727809791,28.220289193918244
1893000000.0,0.9955869988993121,0.0008710301258149411,-69.86101888121226,0.0913347863617125,0.00044511764153621974,9.932443646513885e-05,-108.87256391189752,15.157058259091857
1893125000.0,0.9998102725235138,0.0012914938031943584,-70.02783651734988,0.06496236189383203,0.0004499251291565025,0.00012760062961914823,-104.33112179650996,16.65063728036526
1893250000.0,0.9956775316832149,0.0013659404950698948,-69.89693703936481,0.03349046898335155,0.0004353462700295036,0.0001758669728783799,-114.94867307048662,19.2522017918852
1893375000.0,0.9989388699461134,0.0008144454339221316,-69.79760548571454,0.054213062385649234,0.00044445063778406996,7.217200622857672e-05,-114.67116573495245,16.971194700593397
1893500000.0,0.9974149251113589,0.0017517386096451146,-70.02632848788086,0.04321884370451435,0.0004164525363250778,0.00016104630038256998,-112.98228067340192,18.368316263787392
1893625000.0,0.991015209950795,0.0010865089344168836,-70.15247891262551,0.059434514013916265,0.0005144370122569962,8.283807753243958e-05,-116.1848076433012,16.62124724805327
1893750000.0,0.9969910914710929,0.0011010618774627504,-70.06565402881468,0.06343151007179992,0.00046804496112112445,0.00013796755342789004,-120.60280745024832,25.04028253363425
1893875000.0,0.9965425916254406,0.0009887330921636074,-70.14598699333179,0.054434300118181025,0.0005168359229117885,0.00015331849906442146,-113.46512767105577,16.533537159343567
1894000000.0,0.9930691606433915,0.000883704677765994,-70.36669586939166,0.06620036816346439,0.0005076404431149982,0.00013381290337210718,-102.50059362064468,17.86213141160955
1894125000.0,0.9955754943844898,0.0010651586825360124,-70.40891705325504,0.056422154075929654,0.00039726157214079686,0.0001507468958663089,-109.1448378190113,15.636317632336647
1894250000.0,0.997338491065525,0.0009281907111409985,-70.82306056883806,0.0779086928206521,0.0004852728252272465,0.0001333812201089962,-107.91534277372386,16.102634919124068
1894375000.0,0.9997690874303515,0.001497026561595143,-70.49401445830645,0.06727165296923783,0.0004806060341426935,9.557569006614547e-05,-108.97506859044124,20.393438397676157
1894500000.0,0.9953269428803966,0.0011640716351587553,-70.47787891635105,0.048789260078005485,0.0004399659076054114,0.0001236205347319965,-112.14117212870622,16.702717372667532
1894625000.0,0.9947927514958858,0.0011448262116737975,-70.81476796695769,0.04814196586461571,0.00044672998163909405,0.0001170287984314211,-109.69665580217406,16.380777992090888
1894750000.0,1.0008022230780722,0.0014702064602917571,-70.8307530818702,0.04798082976833501,0.0004465573042071496,0.00013911254438278423,-116.74440788812608,15.223686530211843
1894875000.0,0.9995159379731318,0.001224422010270031,-70.65049467187315,0.06396108184988368,0.000399869579623907,0.00013782312423968297,-115.22246910256051,23.234813499870608
1895000000.0,0.9934429474690086,0.0007482515278104987,-71.20958915760609,0.08110733032132571,0.00027070858840598625,0.0001334942037754155,-113.29032515128989,28.75283114806412
1895125000.0,0.9964969368576851,0.0012091990456201645,-70.98262359505611,0.06372231449784942,0.00036630314152741057,7.58169595913802e-05,-112.98808226135978,30.754561828081595
1895250000.0,0.9993234515595424,0.0013132235191658293,-71.21081679309128,0.06338879693445881,0.00036326658516485944,0.00013976600722825032,-109.28609558298307,32.72825989407302
1895375000.0,0.9977943013335842,0.0009717898892133547,-71.18588275130767,0.04976183924915084,0.0003807073207694175,0.00013101823562533513,-105.13497904067611,22.08514870404706
1895500000.0,1.0004740429013288,0.0011212649699635909,-71.33565183288007,0.03990456801581812,0.000382298388101613,0.00016060249066727298,-108.05281486094964,17.12484995392
1895625000.0,0.9946521681034205,0.0009296070476161474,-71.37302706434706,0.0800244289213243,0.0004087088203923772,9.039351909329068e-05,-117.88323097211381,27.68997764389274
1895750000.0,1.0016990079065142,0.0008794700254332311,-71.67573148429369,0.05258209284886097,0.00037589015539496044,0.00010013866737746356,-113.51970510614596,12.177303568231103
1895875000.0,0.9975248775744192,0.0007159510345961766,-71.56532994814471,0.06169326281614626,0.00039379315849702933,0.00010005910625812084,-106.89276511653452,29.663303907762014
1896000000.0,0.9964879967585751,0.0013901384388474093,-71.59490484449334,0.07972831309635366,0.00037341844918800936,0.0001343524453139858,-101.40397388340256,31.78543771730276
1896125000.0,0.9965882834886106,0.0015247288848893473,-71.60496297987623,0.04915620978909745,0.00035242816061497597,0.00015192111051705263,-96.72463099310559,21.928773751711436
1896250000.0,1.0014797945752199,0.0010241626184820402,-71.96237232532212,0.061769576294691465,0.0004491398433140944,0.00013945152078595303,-99.34486443436347,30.91399513033213
1896375000.0,0.9971550913663939,0.001489473224211256,-71.91812970227164,0.05717615814466471,0.000405005422862603,0.00010296196033882277,-109.39908774261848,20.935008841289694
1896500000.0,0.999641222647195,0.001276795311399034,-72.23058104299614,0.06946605408923139,0.0003187818734890362,0.00017071501919985614,-109.17223431971097,18.846440593906255
1896625000.0,1.0009292685863442,0.0013905398486185679,-72.13254876504439,0.07325809462679833,0.00035197933359841255,0.00013869152984694684,-101.91278778547792,19.12194626754827
1896750000.0,1.000801078209304,0.0014552406458509918,-71.91394947304647,0.06482727081317476,0.00032593635906814396,0.00012891128375859418,-92.74761259266833,26.015619320350766
1896875000.0,0.9956242900488927,0.0010606803467701927,-72.3662749688275,0.04972111664675841,0.00033411505559236264,0.00018819482565922044,-93.79890139885792,39.89379802436942
1897000000.0,1.003080970141481,0.0009823729168718048,-72.43608930649522,0.05743520392306708,0.0003142871404968689,0.00013734280506736088,-108.74392928960238,22.582808452043913
1897125000.0,1.0003443386290143,0.001148566521228933,-72.52481882742423,0.07088738615792667,0.00025298403483476413,8.750300949068536e-05,-104.19777908816283,29.54808811211159
1897250000.0,1.006814776691981,0.0006288421226353999,-72.53210172094539,0.07805158839556296,0.00027822823388502506,0.00010278190653576996,-105.49855268507775,35.768138358128446
1897375000.0,1.003843864240713,0.0009866839294243308,-72.73270528253725,0.04743400796960415,0.0003200337864751693,0.00012265155935428152,-100.58049502609653,20.177766122710402
1897500000.0,1.003671913307892,0.0007773498896509288,-72.64550030860823,0.03781145536484652,0.0002381421680333135,0.0001175480923779248,-80.42849314830165,45.97206823267051
1897625000.0,0.999634118056262,0.0005624921859804488,-72.96245284763373,0.06579763460784938,0.00022849008043901128,9.17082028580909e-05,-61.7090986518784,77.11039787918222
1897750000.0,1.0088787791996283,0.00133553371821416,-73.07765244289817,0.06938753152535615,0.00028649846928695375,8.331964934182623e-05,-56.52955647462364,104.64116686934264
1897875000.0,1.0030013209923538,0.0012227404297912323,-72.72793300104676,0.048464490546749533,0.0002115062388796072,0.00010905575973140479,-73.84724632370043,77.9544655048659
1898000000.0,1.0006132585318652,0.001238974232240515,-73.17882063003651,0.07283863505245555,0.00022842917764780108,0.00012209443912452708,-95.07865448240294,30.788018694806713
1898125000.0,1.003623272507165,0.0011606070029391436,-73.03275159359822,0.043084299910778966,0.00020019813396061027,0.00011435026604166033,-67.85711916249635,48.8107629789381
1898250000.0,1.007764562551244,0.0005930638290061968,-73.27401719520068,0.09665276846008455,0.00027846306037269714,0.00010553086205893722,-82.23405138758159,93.83928578934977
1898375000.0,1.0012401713262493,0.0006019156161430584,-73.39601310111507,0.07468929709330915,0.00031423663429461354,0.00010916267067179167,-83.58248436555736,52.889099951038716
1898500000.0,1.0026845890426714,0.0010456351129858735,-73.52223466920609,0.0421788168301236,0.000248991903875657,0.00014978165916671316,-66.79808516223015,76.49516428574879
1898625000.0,1.0078900596184421,0.0008995227240126952,-73.80904382684052,0.08289902096846492,0.0002742473329957903,0.0001035364053388083,-71.68928082119702,105.28645600617288
1898750000.0,1.0013211337070378,0.0013327750495011662,-73.62229302580944,0.06423375764493573,0.0002055995335839031,0.00012016838113925943,-64.7086159146117,62.398017084519076
1898875000.0,1.0051808606181307,0.0014404570658444465,-73.79611371774347,0.08122836380635931,0.0002455439411004182,0.00014993755847578387,-64.36595411070009,52.818127821873624
1899000000.0,1.001196982097504,0.0008241574589398294,-74.10058838917318,0.0517104367588379,0.00019569456060494273,8.978706917430543e-05,-33.98531666232753,98.0346472469683
1899125000.0,1.0073054462314766,0.0007220090137283275,-74.03242978601124,0.05257915706551612,0.00024778903557613,9.835464080105214e-05,-67.69619538186716,88.88877934597657
1899250000.0,1.0061969204523722,0.0012420898681747086,-74.08536672905169,0.05824260943102103,0.00021027360169308427,0.00012792540490335678,-82.9796634659828,80.81706042684581
1899375000.0,0.9977371164028055,0.0013493862675319466,-73.92860307145472,0.048727898239834914,0.00015993360320359318,9.763166105748139e-05,-59.1736226015294,93.8436296145803
1899500000.0,1.0116979840603932,0.0009592639679670902,-74.40817879517716,0.07111161249327617,0.00018262963357517097,0.00011137501625264067,-60.49125419712795,66.29868934395168
1899625000.0,1.0030687748897282,0.001153822620087459,-74.20752086179046,0.04194536089779185,0.00021951312112366384,0.0001081778070116399,-94.23041791995107,42.016409107353496
1899750000.0,1.0032249400397886,0.0008167564492871013,-74.51663514754664,0.05288438138421663,0.00017922626947465854,5.862118820579252e-05,-76.75709175254953,46.88327792309137
1899875000.0,1.005741875902718,0.0009408862520449962,-74.55276172929348,0.05628520426482056,0.000194177190358728,0.00010005764562920767,-91.38129308937107,69.18868717393654
1900000000.0,1.006456384334006,0.0010899633934237322,-74.58282840557207,0.05502725615320088,0.00017213231422307315,6.158941334506255e-05,-61.66524651961999,110.53110997520406
1900125000.0,1.011822227129664,0.0009718424789627223,-74.85920018883338,0.051735385840664165,0.00016909333692727635,6.40999995111464e-05,-46.4359028125913,116.31914087120593
1900250000.0,1.0067001813070051,0.001016758825103357,-74.52417760231621,0.07823193344969835,0.00014670744253784563,0.0001108278583482512,10.437228305628413,100.67197312045256
1900375000.0,1.007887586225503,0.0016365726374729026,-75.24018924647369,0.06372269892152602,0.00018277371583584628,9.150309010674113e-05,-54.280712472639216,89.82087500669245
1900500000.0,1.0041735190805636,0.0009540582025542046,-74.97842390911681,0.04959427785184444,0.00021017965666032131,0.00011745841052673689,-58.59910524376242,63.621562494868215
1900625000.0,1.0057879491435564,0.0009095355924688629,-75.19487977609651,0.08879840323647288,0.00019198546749360818,0.00010362882582407678,1.1174767831863868,94.46721706995368
1900750000.0,1.0049631840863624,0.0008141117489618939,-75.15222034907036,0.06596195904735067,0.00016043422200906512,8.873801722863214e-05,-27.16494818501193,86.40891869697015
1900875000.0,1.0044743397757188,0.0012200490467181254,-75.35333659664168,0.0511665277132383,0.00013529455165858234,0.00010877915982656263,-13.099178246346435,96.61127572849733
1901000000.0,1.0050944368975157,0.0013791236675333126,-75.635607129356,0.08164467186532191,0.00016968867961779865,6.33024523140096e-05,-1.9677136093906473,90.83349968883877
1901125000.0,1.0068909301125726,0.0010754433376375732,-75.60255151407334,0.04805925946780068,0.00019384320187861012,5.941473804427486e-05,-7.824767864318076,92.96440423398744
1901250000.0,1.0112563644762138,0.001152469281226592,-75.78518057921244,0.04882766802142346,0.00017601792207948302,7.781997516532877e-05,12.805169430553645,83.05024030042466
1901375000.0,1.0049079661430942,0.0010410605859816227,-75.96689636603996,0.04257638404658291,0.0002097787513750017,5.39574943368353e-05,27.112686138354828,73.29659552029524
1901500000.0,1.0043840062262408,0.0009289259885771979,-76.27722849863584,0.07103329705061363,0.000172920995560856,9.42046578921615e-05,2.022003802163069,94.7286406784101
1901625000.0,0.9977408828221458,0.0010089117003079585,-75.96136302395158,0.0762512334173196,0.00020147779302602702,0.00010037550159136255,-13.88737222610674,95.11578857448563
1901750000.0,1.0058875064816524,0.0013038390058087458,-76.42250443976454,0.06654683412662925,0.00015634361725147124,7.070742664863699e-05,63.83569544860867,93.07826093076505
1901875000.0,1.0056517381277692,0.000866715212681203,-76.52160781221092,0.05651859433168569,0.00026565840261453004,8.633300990891119e-05,39.16833411318269,86.335199018623
1902000000.0,0.9977460343895959,0.0016109971998554808,-76.6447694448553,0.06735866135113107,0.00016861504130845717,0.00011869051408851331,26.08131163870054,84.68698752949777
1902125000.0,1.0022028223005417,0.0013041036239792988,-77.0346664347136,0.06509426854347299,0.0002621987543976709,0.00011062302159844681,-3.896686774277895,60.48400794567369
1902250000.0,1.0066975534417957,0.001503545989872067,-76.76514809362189,0.055632103951743,0.00010942328403910348,6.0598722386161345e-05,66.94264045418633,56.96886087569599
1902375000.0,0.9992729136681484,0.000725186833520866,-77.22180334046476,0.06216512543742054,0.00020090946291813276,0.00010498984529848418,59.61859582807192,78.23104174421644
1902500000.0,0.9996136183246809,0.001472336015584532,-77.30869856602988,0.06467276624969494,0.00025200575707074813,0.000104064071663546,39.578028149978984,79.77386620890927
1902625000.0,0.9960126882512835,0.0010554290815570262,-77.2300412625102,0.07914875290783377,0.00016937707252453416,0.00010606931628265152,40.197222391867896,77.55881524131388
1902750000.0,1.0032584530932627,0.00098616827514475,-77.91598169054579,0.05197279021569838,0.0002073346983745105,0.0001317132095284318,28.808464136589407,87.77261565963067
1902875000.0,1.0055284708323868,0.0011088335819291258,-78.18945740781331,0.06255255847403195,0.0002514590808701284,0.00013693013047755,49.646630863874215,66.35148432562724
1903000000.0,0.9969377199092863,0.0006282762515168716,-78.39451318154097,0.03975551292908956,0.00022827828155115072,8.070454092898032e-05,33.98044042295264,38.20490243212597
1903125000.0,1.0010707115393018,0.0011735027665787645,-78.14239758334608,0.09021982146571901,0.000283007314683102,0.00011687978837231067,55.66818936452345,62.36324889147994
1903250000.0,0.9952591243646717,0.0014754425805843668,-78.3024542052056,0.07562536770882893,0.0003086345168113589,0.0001298265856813593,41.01509642898035,36.69681491458378
1903375000.0,0.9994609810828016,0.0011321188857510481,-78.6835478928356,0.0814520284163701,0.0003051741375522688,0.00016723824368155188,48.915068425771686,34.720578990163595
1903500000.0,0.9973011548912479,0.0015091232969950987,-78.85864663991745,0.07241636536325691,0.00021051222644981156,8.227890719554206e-05,55.655866758561416,40.647915931511605
1903625000.0,0.9947483711601534,0.0012884727877669668,-79.11348092814441,0.04585505758019904,0.00025604666502314973,0.00010593651709159256,34.10518325756813,31.590550653988277
1903750000.0,1.001266071705576,0.0007063005898811783,-79.50097155652416,0.05731429141279949,0.0003717144635992443,0.00012465996642950763,48.26547394930312,29.032921668516913
1903875000.0,0.9947348376516971,0.0010418449308524317,-79.7908443712607,0.030805010151369987,0.0003400985253861186,0.00011157193248404886,42.24317008101241,45.85008870400586
1904000000.0,0.9894064702857768,0.0006283565803523452,-79.68460747079783,0.0518883970650808,0.0003264231410520203,0.00016341456482244835,44.83581029466891,28.26451389031205
1904125000.0,0.9899275495263766,0.000955283015962377,-80.29257285244039,0.09773272422768464,0.00034722205926574607,0.00012362497337692626,49.266875617449486,19.716478320253692
1904250000.0,0.9896193755635565,0.0012437845768165396,-80.61240402592496,0.08368477528531572,0.00041073056343163923,0.0001642787256404974,57.3870169682141,13.62764490277453
1904375000.0,0.9970347937353067,0.0009776082607528545,-80.87426812467146,0.07461160423496864,0.0003851397153926951,0.00011480037353278937,65.03233379787778,15.46495338011871
1904500000.0,0.9898336174317919,0.00110676767064727,-80.9317283908392,0.0604751123745243,0.0004273871444360035,7.952184323809346e-05,42.8317199000626,18.99988040374298
1904625000.0,0.9917503120981144,0.000707881856170128,-81.34023931866344,0.05774601252523841,0.00048125343441503927,0.00011507119757783718,34.06398576241061,18.36227899561454
1904750000.0,0.9901578639484985,0.0012240750924605714,-81.43139997209964,0.0651657648841649,0.0003955817314327997,0.0001558899943402628,36.445649831947904,34.230392868278706
1904875000.0,0.9917246355121606,0.0008804195646503807,-81.92093975716368,0.06468001973236417,0.0005539604368646105,0.00011058969776131845,41.97278304888947,10.797524502083629
1905000000.0,0.9875094961494655,0.00100454842801526,-82.09374341847645,0.04220791832912517,0.0004963808927595828,0.00012707899525961783,58.14655681449341,22.931169956486983
1905125000.0,0.9932437252522183,0.0009255385854695849,-82.90925150275609,0.031720405802101795,0.0004882947425758189,0.00012856109520486061,42.011435832333774,25.846527337789276
1905250000.0,0.9867654006315996,0.0016482641204154129,-83.02611878820811,0.0421785312234234,0.0005087085845171655,7.738928488755627e-05,47.864792204417675,11.895021388487278
1905375000.0,0.9852714738720335,0.0010322084330530014,-83.59312142027389,0.05842370344498978,0.0005915006927719992,0.00010886182319428228,38.566715232370846,14.622922227157149
1905500000.0,0.9887313277808154,0.0012866098881632552,-83.80454612372722,0.07809268118785878,0.0005369357338616285,0.00010330778038627865,41.61468567273304,11.223263126328257
1905625000.0,0.984827749670946,0.001176054128419923,-84.27202389089405,0.07925970276940472,0.0006494356543150928,0.00010875507944716298,44.222230357502774,8.73629781609493
1905750000.0,0.9829678696585115,0.00103240787329637,-84.52501520221644,0.08388869632819053,0.0005786123049863873,0.0001368618611730534,48.27007242127688,13.380516885694437
1905875000.0,0.9815481045068941,0.0013186142297626747,-84.9729460255383,0.07330477436745639,0.0006913555664447621,0.00013955689088084782,43.97066423388569,8.050328678165593
1906000000.0,0.9809345081045854,0.0007756705337172798,-85.51437952692315,0.08092519587400039,0.0007428370601945683,0.00012714601149012178,44.94947769584444,16.109970268111265
1906125000.0,0.984016166631454,0.0008612548304059669,-86.07291243974792,0.08291258455841208,0.0006942101631930309,0.000170913411676636,45.310666313021734,15.573110711871445
1906250000.0,0.9818459400586503,0.0014311058714690632,-86.57784075064654,0.07650190143667415,0.0007808655063695302,0.00013711833718888525,48.17651126028057,14.774457059700756
1906375000.0,0.9818720664207571,0.0009394781963602387,-86.8952225293876,0.049426738055985436,0.0007984162834322748,0.00013532072747812058,46.152794789029656,5.723456501560527
1906500000.0,0.9859667972470547,0.0008698694513450397,-87.93858165594813,0.06878023575025016,0.0008968943467091499,0.00016290846373997353,45.9510149584673,11.577567173075144
1906625000.0,0.9823828983604782,0.001105256580793109,-88.49305388931758,0.03308009295837607,0.0008433441627456977,0.0002169191244521801,46.874258693856525,10.150750053003676
1906750000.0,0.9813680411737283,0.0008667980265535713,-88.78841052422018,0.0699896087256055,0.0008792407366899699,0.00017292306847055733,44.299541000710775,9.208317126672165
1906875000.0,0.9815030787260287,0.0010563651877806986,-89.39822455703559,0.0523328174768617,0.0008787361417885727,0.00015388064309560743,47.91115715856198,8.059944403214711
1907000000.0,0.9836046868192719,0.00083037372402903,-89.85127217619292,0.06303310411531465,0.0009071610402810766,9.525280178745512e-05,51.87190803998175,6.639982376710084
1907125000.0,0.9843292372432364,0.0010740642311337534,-90.51448200252516,0.09708174618457123,0.0010347013144072264,0.00012167416695067055,45.326304074222335,3.4629533918967037
1907250000.0,0.9823010586677554,0.0008517274526410035,-91.0091532498092,0.04912882556038177,0.0009851305877040541,0.00013433704375633623,49.19942133053172,4.763774364412541
1907375000.0,0.9820886003450985,0.0010350836937471214,-91.73931274675193,0.11187334126495563,0.0011010058950778508,0.00012553344748115707,47.88767421317804,6.388740873855538
1907500000.0,0.9885275434715812,0.0009184514153634496,-92.60361207337004,0.06452549733164799,0.0012050734360373454,0.00021531842906693266,50.41448995800814,4.145560524805152
1907625000.0,0.9848516554174862,0.001092136263368368,-93.45862361101483,0.05642995549287114,0.001160233899757024,0.00018192241482898225,47.258041528366334,5.71484319378665
1907750000.0,0.9858005697270085,0.0011787888032719941,-94.3247658282499,0.09068612689428152,0.00119982853989786,8.732838217923464e-05,49.09397046765304,7.738860381639409
1907875000.0,0.9837522888863576,0.0014245412211218906,-95.1561980891557,0.09650908737890117,0.0012655224655077693,6.955471293426581e-05,44.93389719960966,7.627442868403942
1908000000.0,0.9836953179558079,0.0012132350709309586,-95.97310868387365,0.05919362686209925,0.0012888708710671972,0.00018331549311219813,44.9537718768584,5.1259921305499185
1908125000.0,0.9801071096757572,0.000978175144633544,-96.85685810568742,0.09974623381305986,0.0013481749122762553,0.00012646382201542277,43.10577349604165,5.638731311909588
1908250000.0,0.9812836359306596,0.0013944584569578152,-98.00755611134903,0.08780974644770405,0.0014797321080789881,0.00012740103517505321,41.92246039766723,5.567183915189607
1908375000.0,0.9801002684645632,0.0008936397494796027,-99.12395992132876,0.07456225396919543,0.0014756357391746363,0.00016452413421287832,46.093758889511385,5.723725129650375
1908500000.0,0.9803888553105828,0.0014339142966619328,-100.11267104870979,0.0743903156748729,0.0015882585113094253,7.221662659083644e-05,45.884732029509046,6.770507490614354
1908625000.0,0.9805200754096349,0.0009621847874735052,-101.22684779145108,0.11920391345108589,0.0016162322292303576,0.00014682875590206484,49.16924039962461,3.416561708191502
1908750000.0,0.9799282890851894,0.0006780672706086768,-102.63461989668825,0.08085989713233346,0.0017310324833588607,8.90419114998687e-05,44.44664275467128,7.360353624337405
1908875000.0,0.9770568231830212,0.001031676413927425,-103.67791414824205,0.058756236985920925,0.0017975682458619686,0.000161885388726005,46.86301116037479,4.8941387739390745
1909000000.0,0.975317119497242,0.000729218330635201,-105.02474102638595,0.08326588450583418,0.001817554890673651,0.0001417168758882185,44.3876222985661,3.6062742341603125
1909125000.0,0.9726225799035734,0.0012139765439635947,-106.40332175945059,0.09774532407240889,0.0019396658834262095,0.00013657473495261042,43.994977467914495,2.5893086551598152
1909250000.0,0.9758823892077579,0.0012620986365147822,-108.0125616649549,0.058315380018910276,0.0020619378053556895,0.00010272054959552612,44.11088677948984,3.3685507066694433
1909375000.0,0.972795931428112,0.0008500921898748165,-109.9537674011791,0.09464646522339065,0.0021611117410595382,0.00014492464215669901,47.03409627481006,4.159184560655085
1909500000.0,0.9716242808871668,0.0011958789350311803,-111.69430429107292,0.04096322037931211,0.0022359303130782184,0.00017238519563093972,41.7388237920488,3.7392156051035004
1909625000.0,0.9686009429196608,0.001385210976434025,-113.61906398881709,0.10994063091845285,0.002425435669438836,9.334606220829235e-05,40.65021200290847,2.462517046880879
1909750000.0,0.9647233441709229,0.001829905035535893,-116.03253960210101,0.11462007552044028,0.002378303532453585,0.00011674336321657322,38.99591717289901,3.571932454099572
1909875000.0,0.9616395895785319,0.0013536333671443866,-118.41502181639741,0.09406241168211714,0.002541162120620898,0.00016645652298460275,37.29612950407196,2.9635451913259403
1910000000.0,0.9589912130563581,0.0008850956553814825,-121.20697668671903,0.13355878507955657,0.002685489859519664,0.00012996502665851947,35.499974703296125,2.030674386493728
1910125000.0,0.9524120394656036,0.0012587025254232448,-124.06023767564498,0.07471799295316896,0.002895647679085254,0.00012916529851535131,34.77225836463021,2.2756261605961066
1910250000.0,0.9513356321104627,0.0009626662145707671,-127.35392793694224,0.0805272909540264,0.002904251580719504,0.0001036426375829878,32.5631643517011,3.4447903134008593
1910375000.0,0.9401551184430762,0.0012171535978601463,-130.69644845167332,0.1483942998655001,0.0031641367088446493,9.889756925651406e-05,30.814133704956657,2.9222819221612797
1910500000.0,0.9337334104840976,0.001050683132580491,-134.56766149829667,0.14847623230096824,0.003329680635677771,0.0001711144548684177,28.47179103361161,2.081279422899217
1910625000.0,0.9225058886720067,0.0010840412462414226,-138.97004876591848,0.13122057153033181,0.0034585757635018925,0.00019200240825850232,25.116744924721306,3.0643413930700607
1910750000.0,0.9148977599796929,0.001106636783809546,-143.85219303179784,0.16051173798964646,0.0036969354546348664,9.52985701351656e-05,24.659784344228203,1.9330740928393262
1910875000.0,0.9051452422771749,0.0014921567019560474,-149.4794615318936,0.12220987038847053,0.0040584793633472735,0.0001151587676978402,22.14916152868444,2.722175266497813
1911000000.0,0.8888329409897879,0.0014172822437065443,-155.6212418461084,0.15219914892589825,0.004099137239133664,0.00016799241706536407,17.620702301921394,1.4320367572179635
1911125000.0,0.8764192438423795,0.0010703919467860415,-162.76632002260644,0.16898854872822147,0.004496651161789668,0.0001633126374821509,13.235315187164453,2.2427290274552423
1911250000.0,0.8614397684774902,0.001377977848726747,-170.11610975419092,0.24013737644978445,0.0046462202870691935,0.00018351787706383078,9.71010832816397,1.93617825951084
1911375000.0,0.8419670369207851,0.0014324056961791721,-179.21407408753845,0.19598385755446707,0.004846159294639817,9.381870571091866e-05,5.226297095251859,2.1812713569082005
1911500000.0,0.8204196038999285,0.0013091779181001492,171.07919217811542,0.26730960935993753,0.00504498819526347,9.365155858470125e-05,0.25361539551005874,1.7621312646688818
1911625000.0,0.8019405725571253,0.001209786357185062,160.15696827793013,0.2790293565757866,0.005276117837422432,0.0001129168036558236,-5.032894829819687,1.7269934960446738
1911750000.0,0.7856520680925096,0.001971445943958362,147.89879102276024,0.3123641422491093,0.005477854042755666,0.00012031912213946232,-11.458403543911354,1.5881731502561376
1911875000.0,0.7753514690831823,0.0013726863647767114,135.0133660411679,0.32910597270597586,0.005635258211410139,0.00017317909733816626,-16.688018262198003,1.345278721888048
1912000000.0,0.762948004525797,0.0013073576203331038,121.20909488585023,0.3361992105741466,0.005634307985625984,0.00011896339423308852,-22.104074475929004,1.3808212807522064
1912125000.0,0.7609715574679319,0.001347456694399523,107.09481712694708,0.2920793651545162,0.005634160082317501,0.00013689513977553693,-29.98902541240374,1.2115007303416592
1912250000.0,0.7643647744172584,0.0012514129276946172,93.49191867509938,0.3364096008908516,0.005523218147357615,0.00011292910015592765,-35.63108835158118,1.4726331267374306
1912375000.0,0.7737560811101875,0.0012449301582833873,80.18042910385529,0.2907176283290013,0.005464900015588638,0.00014298338285078556,-40.24934260664738,1.130029052584267
1912500000.0,0.7876297357579543,0.0011121348029267365,67.70186098829448,0.2953461463718723,0.005316748248601229,0.00011954346249170423,-46.823878499624946,1.4153841167088457
1912625000.0,0.8067328095417635,0.001548895485707118,56.10353939869893,0.22605915327296017,0.005143314415221159,0.00011751825511616292,-53.2203662901781,1.4529016752089636
1912750000.0,0.8230030836099537,0.0009777445534238714,46.20299873152895,0.20722381324130645,0.004867588955956359,0.00013275351334582513,-57.74921987156504,2.1589972413535303
1912875000.0,0.8386080468253689,0.0013618972629627947,37.0910564253984,0.1818933979648252,0.004577355606733889,0.00018518299073646738,-63.06840297153659,1.803878680831446
1913000000.0,0.852018602248722,0.0010280684332193977,28.690391826823113,0.16971605398930886,0.004251177938264807,0.00012063197442685393,-66.91573858679025,2.5069542366859063
1913125000.0,0.8746179465619979,0.0010362201237680401,21.484093838652527,0.1351536556214723,0.003979018486085432,9.425273869630956e-05,-71.5661578045694,1.3995703615143957
1913250000.0,0.8846640597097271,0.0018396227819034152,15.255950877865601,0.11800905097050314,0.0038770297693727193,0.0001399563800310321,-72.46598606161024,2.1047998940649
1913375000.0,0.9027262504746075,0.0012605512996461845,9.547780539694944,0.16333134107800684,0.003548829031282516,0.00012928235888390525,-75.42828340665173,2.165350976697976
1913500000.0,0.919168461169058,0.0009312827118188265,4.3663294789337765,0.1581535219685794,0.003335374865913248,0.00017583715341003793,-79.84092328638553,2.7021234362973536
1913625000.0,0.9248640344345018,0.0006123756508497843,0.0227244319565496,0.10086050003728256,0.002986572273569883,0.00012973340443631269,-81.78705122571807,2.9552662326954917
1913750000.0,0.9320763970256695,0.001175786935422946,-4.547956411693534,0.11208382486628576,0.0027480582312102222,0.00012895145743109022,-85.7533830783309,3.1067090803728235
1913875000.0,0.9418318915788758,0.0012401367038952543,-7.774469462259655,0.1076367051945786,0.0025388268720237077,0.00015284310052355397,-86.99059687256127,3.376771985905809
1914000000.0,0.9447976650964545,0.0006971330152618821,-11.234605279961269,0.08730633336675193,0.002348499106333254,0.00013482428793893834,-88.32977194309612,4.694217680572097
1914125000.0,0.953532372450163,0.0010406271761069083,-14.092174383078046,0.08797984721682568,0.0019286330798602028,0.00022090076819256455,-88.5732315290367,4.8291014381758135
1914250000.0,0.950564754399603,0.001251167209756139,-17.114619866182384,0.07186859660418052,0.0016642432881062903,0.00017500692628773408,-90.99404092015183,5.384016444410704
1914375000.0,0.9631251100399545,0.0011895870473735168,-19.73284666399759,0.0630914218280757,0.0013415024012575357,0.00012602798641377395,-93.68471383461883,5.330757565028196
1914500000.0,0.9679553864325955,0.0013956221102840185,-21.77315179138833,0.07772334330500506,0.0009840368096585832,0.0001523141318232345,-84.08859903948175,9.286572622335918
1914625000.0,0.9694970079516042,0.0009566295155357459,-24.510394895812695,0.05112728894890644,0.0005115748127460395,0.00015016211138918985,-76.34198370290572,20.792439235785967
1914750000.0,0.9622664640269671,0.000938332066596256,-26.72049517013708,0.05376861017999707,0.0003413831581151019,0.00011821273238510556,-17.03820802637431,31.541932445136347
1914875000.0,0.9619413537110552,0.0009416164987616411,-29.022441226595884,0.06771358902782268,0.00095547260842021,0.00019341140744192687,42.49319903572214,5.759859936271788
1915000000.0,0.9606922770596271,0.001049300903383957,-31.24290994041427,0.06532185012001197,0.0018530838155320902,0.00010853818000922405,54.39062770648543,3.2985954188952165
1915125000.0,0.9618326448085223,0.0012528502760950834,-33.257956143361255,0.07906588637072692,0.003437034927306883,0.00016125772570075398,52.9086426329881,2.3936558313083314
1915250000.0,0.9329470132251431,0.0013042167149512262,-36.84464327727762,0.10259153977331815,0.006241686044331559,0.00013185100617472116,45.307382252672774,1.1355345735349744
1915375000.0,0.8645907538681834,0.002572098356437948,-40.91779192118572,0.10126967717027054,0.011780959072803555,0.0001633121833857987,27.879102085765965,0.631279229405921
1915500000.0,0.7151390031443424,0.0027212479725725837,-35.34934767182718,0.3369824764449082,0.019150461746197743,0.00019515763797523544,-12.597291351485593,0.8891203489177499
1915625000.0,0.8297619900005768,0.0019129354594339325,-24.59284263089446,0.13979814425094775,0.016854762297343198,7.815804205494711e-05,-57.58252914099069,0.5937551632802874
1915750000.0,0.9173253456916589,0.0009523355609324943,-27.96918327338747,0.07119622733433804,0.011913047522721053,0.00015159453128885702,-77.18194218283344,0.5704212067375934
1915875000.0,0.9496058593205412,0.0011003117672899185,-29.836343564031253,0.08113668680263876,0.00936052459094412,0.0001413787342859516,-86.32353760795999,0.8657508085036386
1916000000.0,0.9721194431533641,0.001337004494909908,-32.55558189492472,0.07040990724088418,0.007796538446008094,0.00011951806878194074,-91.63973431968951,0.7523545411035483
1916125000.0,0.9723163487121821,0.0010103326467968694,-34.84303727444661,0.09901981584562641,0.0067390543258794905,0.00019535105212324254,-94.60241304723498,1.113234921302666
1916250000.0,0.9792332887903351,0.0007784874654970475,-35.74124685735146,0.08933918061435157,0.0061113572607698185,0.00011390954825700846,-96.88918801947776,1.9045202165029076
1916375000.0,0.9761653065989622,0.0014303295211315515,-37.03098314434174,0.08006815017010266,0.005573612104876158,7.646765718435239e-05,-98.12025054863486,1.8158370309997116
1916500000.0,0.9868906560310391,0.0014618136780100884,-38.064763804496806,0.06194360292887064,0.005141111448916765,0.0001568620875668385,-100.22328312468863,1.290302962021924
1916625000.0,0.9838015227583081,0.0013549004559335102,-39.04446853963579,0.04665936062504617,0.004872505304321391,0.00010530980567067201,-100.33192753486293,1.6769648824883987
1916750000.0,0.9755880950330994,0.0010256061752294385,-40.099283560861046,0.07374754247402134,0.004542402474543825,0.00012786683708022864,-101.15204560847378,1.305579610458196
1916875000.0,0.9779526395917918,0.0011121636102009386,-40.70350449034634,0.07662565399924942,0.004286215604177071,0.0001548462708411126,-101.7189388229476,1.3267791535433628
1917000000.0,0.981231851872098,0.0008079582173737563,-41.53308860847854,0.06027289663659279,0.0041549876599781006,6.408541022732099e-05,-103.06980668098373,2.2958085107558617
1917125000.0,0.9867068731731554,0.0013293722192009385,-42.3131825237379,0.07216278430511289,0.003914616568483805,0.00010763355142130413,-101.80238533372132,2.1719777958923214
1917250000.0,0.9801063135374668,0.001379304049506891,-43.09817470173,0.07728262868608833,0.0038524749465633705,0.0001490134575313301,-103.42064844508427,1.647733152804187
1917375000.0,0.9805777537385469,0.0010291954581114003,-43.073540101571986,0.06073454221880128,0.003679284409338084,8.399165732694124e-05,-103.43726823394607,1.7480667063380462
1917500000.0,0.9788481914307366,0.000794991190568474,-44.05262627667439,0.0924920943665327,0.003597120958255217,0.0001808664923266645,-103.8269037776939,2.9995357937989433
1917625000.0,0.9885044936733186,0.0010718594870397149,-44.750529174564576,0.06283093079147234,0.0034879684436844084,0.00012280476165676976,-104.02277298815905,2.2547240566405415
1917750000.0,0.9821815459014079,0.0016919793507659112,-45.113892164680536,0.05806601780673025,0.003412190512614965,0.00012349057024107888,-103.5231379393701,2.116613098690806
1917875000.0,0.983208168126806,0.0007152184903759096,-45.74779643320191,0.04557944493973459,0.00329886172540785,0.00014979025897457867,-104.30653140945792,1.5554158568973255
1918000000.0,0.9895507314758125,0.0012326426789602903,-46.40543790629519,0.08581330927619447,0.0031707793507253727,0.00017977474444159846,-103.7010212588339,2.5395833932082383
1918125000.0,0.9914529521257037,0.0009752505693288632,-46.5903291957495,0.06798676085371212,0.0031580024663777307,0.00014955211025728007,-104.55413819392389,2.5498770911000865
1918250000.0,0.9875199055231492,0.0010333551930866243,-47.21890693998548,0.0748854916907045,0.003002524328584134,0.00011868908467606899,-104.77557188517466,3.1081697295244877
1918375000.0,0.9799032115737224,0.0011533956410330177,-47.74212982796299,0.0841226200219848,0.002906734054458628,0.00012215624173579997,-106.02489360598906,3.1058899614272084
1918500000.0,0.9819754427015732,0.0006996167883396953,-48.37121848351058,0.07252754827995249,0.0028475707886293964,0.00010166791107555746,-105.893280712043,1.9669030887727637
1918625000.0,0.9826054460251902,0.0014673365275298528,-48.529648735941315,0.07412374233826156,0.0027717779863898648,7.800652265988142e-05,-104.28657951884468,3.7823226770405958
1918750000.0,0.9859791305757554,0.0007890525632287465,-49.098711459928175,0.05949575225183206,0.0027479165964041457,8.586080760796917e-05,-105.11039693016373,3.303667490082348
1918875000.0,0.9885907323478758,0.0008068346535680167,-49.377186912568405,0.10500460630784855,0.002710064598815506,7.454388238750782e-05,-104.72150508385178,2.7089503191186095
1919000000.0,0.9864174069714376,0.0009949796524876928,-49.52798595281453,0.04565065553402411,0.0026296382436985515,0.00016789531800238388,-105.6413028829777,2.977735434421428
1919125000.0,0.9760962684876389,0.0008510202054345153,-50.2993089657113,0.0567570856995011,0.0025338137842677868,0.00012508549871673307,-105.02096414425166,3.515543323396453
1919250000.0,0.9861156005028143,0.001318785537466781,-50.623129050583046,0.054554697550096856,0.0025423376835849412,0.00015625966514924415,-104.70977020778481,1.5852883125590271
1919375000.0,0.9870413500744427,0.0013225345490495283,-50.920643892687046,0.07655402353206667,0.0024588734905551016,8.753785501130447e-05,-106.76178845093756,2.553431819299219
1919500000.0,0.9917564611768787,0.0008978974192550248,-51.00025383956809,0.06561221747575843,0.002562735328674442,0.00012383049613573892,-105.1282614076455,3.4476977741871426
1919625000.0,0.9871490788455725,0.0008466135733912956,-51.61747646964298,0.06995822242032959,0.002381364152039965,0.00010263814493421265,-105.34299101873228,2.4933248181169754
1919750000.0,0.9862533490534114,0.0010874781257418117,-51.94989866767543,0.02573023417441717,0.0023536914165557146,0.00011650922431051159,-105.7245562717546,2.517264565491791
1919875000.0,0.9884722994283492,0.0008085785513537347,-52.35991557486135,0.049148281136504005,0.0022384195597001757,0.00013077444985792216,-104.16994718153751,3.836313937433667
1920000000.0,0.9868569159293017,0.0010400026665538333,-52.86380258122079,0.04940308792267701,0.002204279055715264,0.00012392106384140046,-103.8895871273989,2.727047310381269
1920125000.0,0.9897124770638537,0.0012504726480107825,-52.894137010444595,0.07456534068299431,0.0021796201071068925,0.00018332412627111418,-104.742519584087,2.538251247543624
1920250000.0,0.9875330431919277,0.0005953542082559885,-53.07015677224221,0.06929675520525563,0.002198077685603466,7.962424190658229e-05,-107.18741158838912,2.345449397386143
1920375000.0,0.9898819275136806,0.0012610141139658825,-53.33596990848183,0.06524011113661184,0.0021387958935506087,0.00013675429273190398,-105.79066084195286,3.2014089696032886
1920500000.0,0.9941896371951998,0.0011925198953562336,-53.66071783999952,0.06327812061099451,0.00218534506281534,0.00014750988982551483,-104.93095864547168,2.6891790802929325
1920625000.0,0.9960906725938501,0.0009990142708433388,-54.10138766248883,0.07042696379290932,0.0020660975191945092,0.0001126124720328271,-108.35092259063069,2.588742496434022
1920750000.0,0.991654301145858,0.0009093794507464799,-54.14236159548541,0.0686988414416403,0.0020280903457678408,0.00012140256663726631,-107.87409872878466,4.524246831460212
1920875000.0,0.9953945505847589,0.0013069028464124896,-54.35997275673557,0.05346124964813738,0.001969688814158841,0.0002410460026672669,-108.86329115822386,3.6777058780728127
1921000000.0,0.9910761962931243,0.001038389205757896,-54.51267023994663,0.06761614173059903,0.0019035374207980013,0.00011179844381820842,-107.69832287834427,4.708903110315644
1921125000.0,1.0006882447516983,0.0009904415162339695,-54.90400221587546,0.07879456497665882,0.0019565388754226544,0.00013971244185524755,-107.58803862843327,4.15823887153862
1921250000.0,0.9931037423058107,0.0007401418691578151,-55.19454358663813,0.07155182276824336,0.0018356109111629952,0.00010961475418922177,-108.05672808243521,3.1199557141288503
1921375000.0,0.9963336916242769,0.0011664528650466937,-54.916903602913116,0.05320775294581203,0.0019055739809572547,9.918639651857226e-05,-106.07546467583225,4.292184816397535
1921500000.0,0.9958673583197813,0.0011698549910177695,-55.382294496308305,0.05196727221594051,0.0018284423339140416,0.00016373616186367548,-107.5815986234705,4.3308920806842215
1921625000.0,0.99867401230072,0.000952769510852089,-55.21650922899634,0.07774466058854979,0.0018530762017381316,0.00010770266507213279,-108.71261671835944,3.4214954464950877
1921750000.0,0.999593109344382,0.0012181731754314403,-55.65000983437139,0.05228262848048599,0.0018479166942897143,0.00012221808879607233,-110.79744385903444,4.419526705817852
1921875000.0,0.9965905197822454,0.0007309221451631613,-55.89364293202038,0.08103739140577117,0.0018367954050502334,0.00019076462068463767,-108.47876386238372,6.096484528757012
1922000000.0,0.9946986898411767,0.0010942635288910783,-56.04455598154566,0.07579144472447186,0.0017046047288627494,9.189599877536593e-05,-110.14296865067388,4.6993320183117575
1922125000.0,0.9932292515171864,0.0007692670415650448,-56.53492737777699,0.05311764132188862,0.0017055002723597975,0.00012209959165194214,-109.88555033289511,2.693330670553386
1922250000.0,1.0025652415138078,0.000884028943254853,-56.56247540677441,0.03729813351527718,0.0016833547362313963,0.00014666363054747692,-111.53582248152057,3.9693618864759213
1922375000.0,1.0006284794312665,0.0012873577127428177,-56.645769055672346,0.08160753700402262,0.001660204282487024,8.624835333718817e-05,-110.72946035989715,6.0554778068578
1922500000.0,0.9988178539093854,0.0009575615772800301,-56.62509796553124,0.05000491691469975,0.0016777224979417453,9.86754901334306e-05,-110.67171799694324,3.1396156055854623
1922625000.0,1.0041504402928985,0.0007000971488076162,-56.44428717707912,0.05388899249495031,0.001691806367050855,9.107892436362474e-05,-112.2695106815891,4.6111464682481795
1922750000.0,1.0038182735681733,0.0012650387360080165,-56.711642438989486,0.06977101720103339,0.0016854478271153242,0.00012574822951135254,-113.00606415627007,7.166855885164139
1922875000.0,1.0041430467455037,0.0012092457929772996,-57.04807062333881,0.06803557263849609,0.0015976134995382197,0.00015528854282098755,-113.22294738713744,6.01083893135313
1923000000.0,1.0056799646107668,0.001049763699164623,-56.83650780614345,0.060200014912043354,0.0016642892054484332,0.00013981341394328636,-114.37191180860398,5.984663507560476
1923125000.0,1.00073176959555,0.0007502970056672828,-57.343316084461804,0.058028714767876785,0.0016536293719259657,0.00012435114688033003,-113.99383365520325,3.9062370146759298
1923250000.0,1.0067511476198707,0.0011320834341049747,-57.447344406689496,0.07912774448765808,0.001626545461171672,0.00010820058492407168,-115.86419666132888,4.892723002497062
1923375000.0,1.0020725093167913,0.0015084682554790652,-57.438847258501475,0.07502153213284893,0.001610323418284833,0.00013840041868663728,-114.65055429749373,4.621392724368565
1923500000.0,1.0081438622257568,0.0011047160558872021,-57.66269351821411,0.11169398195405911,0.0015870783673909618,0.00012388276510295147,-116.8110126595426,5.594802891551813
1923625000.0,1.007669194851529,0.0012895053733960494,-57.69185111997032,0.0784515145964229,0.0016169840566681594,0.00012514496338048947,-114.12595569134996,3.227959580628417
1923750000.0,0.9994494119209337,0.0009366596623691135,-58.08461014832654,0.05871149320201008,0.0015567663737141354,0.00012510607597596778,-117.86458830395941,4.2851466605000255
1923875000.0,1.000419811407775,0.0007953751425659046,-57.846584029484546,0.06683242725020945,0.0015921650250195693,0.0001481487119385362,-116.70092683647985,5.888722967576847
1924000000.0,0.9998667753956544,0.0008609370786243424,-58.22090927603827,0.06392034490079018,0.0015787737324473186,0.00013068270101110736,-118.79720299856208,3.9767339854270154
1924125000.0,1.0081423624958867,0.000929588761708918,-58.02771599081255,0.055249581153643354,0.0015805838714543685,0.00019900713166223167,-117.90012613893178,3.5954131103718177
1924250000.0,1.0034529829349292,0.0008963134436850101,-58.4783098903929,0.07825844654654708,0.001570880571576133,0.00012690193208546438,-117.50732264828157,3.8162047220322948
1924375000.0,1.003788626449702,0.000908549774092549,-58.440953743998335,0.07621726563673,0.0017144725856736759,0.00012850205331684753,-117.9389202614748,6.052989662213903
1924500000.0,1.0073717683208476,0.0010045820941303044,-58.469869808209,0.06014509627083265,0.0015494033876362054,0.00010207407172409477,-116.61720799032226,5.812137476559264
1924625000.0,1.001572964242214,0.0011254342323271337,-58.08073731979523,0.07330570468791407,0.0015778325377405224,0.00013568726341936895,-119.10548668370329,9.076192223727281
1924750000.0,1.0021263556055486,0.000852358509724957,-58.42120575310316,0.05763830693584844,0.0016143037177008077,9.237383732135595e-05,-121.8904488301134,4.694268493111137
1924875000.0,1.0051656912319022,0.0013425749854783873,-58.885232023637855,0.047090705518708684,0.001598473351881207,0.0001287389214997227,-117.98896362916673,7.519782161757164
1925000000.0,0.9992303221089431,0.0010116503945443499,-58.669756416442155,0.06306241857201278,0.001619916223760321,0.00015073297602046531,-118.74696311142361,5.536185142161646
1925125000.0,0.9966666881203865,0.0009124718330066956,-58.68154837059389,0.037166808260089154,0.0016193446214670798,9.683268388248795e-05,-122.57510708248233,5.4127087766726785
1925250000.0,1.002398959358753,0.001547828362168925,-58.97202016657327,0.07552918736494264,0.0015877298158390443,0.00017014784666357483,-119.37395024765028,5.023914893280118
1925375000.0,0.999027082276756,0.0014451047024554749,-59.35141991575127,0.06799381440944238,0.0015629873282836568,0.00018834879937902298,-120.07859165463198,2.7050087483839227
1925500000.0,0.997866668879668,0.0010855208369610638,-59.01077620081172,0.06957163572741196,0.0016729255860603218,0.00013484171701204025,-122.86378874792462,5.579686956630846
1925625000.0,1.0043835944236774,0.0007193771011895033,-59.518037347795264,0.07663998328844246,0.0016101186251322713,0.00010093671089317066,-121.81549853054462,5.249187993480038
1925750000.0,1.002579942606774,0.001435834890763493,-59.17569995137346,0.04248210134651834,0.0015844337768554963,0.00011504121039427293,-120.74320025301967,3.737375089487438
1925875000.0,1.0018428225419398,0.0010974107879799919,-59.67024812453343,0.034307270628831224,0.0015170145704469398,0.00015172360766199403,-120.82757294173231,5.1727212505972044
1926000000.0,1.003966424721879,0.0006846322556530325,-59.59996943093586,0.05223193030897581,0.0015905472794873754,0.00013429642629387677,-123.8122707599442,5.017606725017995
1926125000.0,0.9987152816735735,0.0013558336961654212,-59.65578820653717,0.06169787503063777,0.001596963873711453,8.05960068526716e-05,-121.71681892207035,2.8531454580229982
1926250000.0,0.9962092812297721,0.00046092393629131663,-59.85999480941791,0.06529493858657263,0.0014669837984702077,0.00011832752753940189,-119.88124011286055,3.347402047703584
1926375000.0,0.9974246890623858,0.0011530838895148492,-59.34275558192408,0.07539816368874502,0.0015317189594430236,0.00015120349112122158,-120.22292154707542,5.8048739617524925
1926500000.0,0.9992895372073964,0.0016969113353637682,-59.83047083664463,0.05388679940957534,0.0016079711918605365,0.00018287481344759202,-124.09357723959585,3.3553251892836067
1926625000.0,1.0019134331423425,0.0005918607960635565,-59.88931826046404,0.04880904953830684,0.0015954429067524304,0.00014775115442758837,-124.01450257232557,5.0889659325925605
1926750000.0,0.9972715576785322,0.0012226396773757026,-59.74548211814036,0.04988966659849349,0.0016056342598305257,0.00017738507995187122,-121.27886746115284,4.063680454740667
1926875000.0,0.9979870769988229,0.0015020878667190102,-60.37755572412169,0.031393909375652784,0.0016373873498684297,6.498190630140463e-05,-120.99275227901079,6.032854014334545
1927000000.0,0.9927389235492925,0.000993642128433107,-59.97614097814028,0.06547015634488111,0.0015729544965199889,0.00018061368709169649,-120.72779353190629,5.133742074963873
1927125000.0,0.9963324933571857,0.0009969230740236345,-60.19483783574424,0.07318023189933173,0.0015904117260871862,0.00013140249149737942,-116.33757472739279,3.3878297599066127
1927250000.0,0.9984767957325578,0.0008537751354249377,-60.28573712489493,0.08950800604376827,0.0016432101169598903,0.00011260345252607346,-122.60204279146977,5.980457026751864
1927375000.0,0.9922326498966378,0.0012369498944050403,-60.57934352430486,0.03882007392367111,0.0015906038477171997,9.584524958998028e-05,-121.39581268406455,4.6785579733042075
1927500000.0,0.9962753472809643,0.0011427689598487022,-60.52393194614504,0.08211704674311829,0.001668709150537276,0.00014332417081874073,-122.7769422279709,3.7667353700327175
1927625000.0,0.9917784741223492,0.0018443203519643817,-60.83417542632617,0.06510618780077933,0.0016102955097336965,0.00017958475418891246,-119.42389144097316,3.3142517252017516
1927750000.0,0.9906573409997145,0.0013958765681331164,-60.884375690188946,0.05616690581612555,0.0015650881027057812,0.0001367257180541181,-118.4505869726546,5.253111097959567
1927875000.0,0.9929931565528225,0.0012603965440327624,-61.12414201957661,0.048502554183618055,0.0015619255326118054,0.00015835665809201327,-119.42679074106458,4.549346641858876
1928000000.0,0.996879362561169,0.0012849681913867568,-60.998236804700866,0.06269702643370748,0.0015620875658178789,0.0001634392526622654,-120.34089176265192,3.5616121526847513
1928125000.0,0.9925827810500193,0.0011868342082857813,-61.34802377695535,0.07064549097160165,0.001597032966007524,0.00014799307205185557,-119.62931577569181,4.161853260356785
1928250000.0,0.9938597852970382,0.0009577917939457414,-61.52411128274218,0.0855725477581478,0.0015832335782174321,0.00013907781986061967,-117.77662383849862,4.009718792585481
1928375000.0,0.992154896122332,0.0006205647026600416,-61.55791683278056,0.04773439681035932,0.0016126309950994355,0.00017276762906623668,-118.7056945335052,6.182711800650208
1928500000.0,0.9885767994105614,0.0011875775238359622,-61.72043593576471,0.06332798609178131,0.001604926376282084,0.00019246514957709163,-115.53213055039016,5.339149011456265
1928625000.0,0.9901711697698523,0.0010342650754925316,-61.93205130076803,0.06945740019302701,0.0015842464854726207,0.00010037575107719855,-117.61242236555685,4.173720382647212
1928750000.0,0.9967353132018671,0.0012289578307360144,-61.84276653957611,0.061053283861582916,0.0015939505025848763,0.00010086852691029739,-116.7423219315801,4.742102907699632
1928875000.0,0.9871711648193423,0.0012605477439042005,-62.224739829933846,0.07770225369696532,0.0015704406347175305,0.00016909720574900632,-117.63553429598676,6.53208983839983
1929000000.0,0.991802917488324,0.0011525019088278496,-62.05459065629079,0.054906089531159684,0.0015624330733877232,0.00014727762369962322,-115.0355810610464,3.4325536783877126
1929125000.0,0.993074172929829,0.0013009681488127358,-62.30470148088393,0.05437012229865546,0.0015821598961015839,8.560661839017456e-05,-116.71264893764005,4.874828368939064
1929250000.0,0.9921376973747484,0.0012883243430997953,-62.091256481543944,0.07023455591172405,0.0015044551662217259,0.00014014100870815942,-117.4357971261516,5.847552105368595
1929375000.0,0.9896953094392793,0.0009103786114739937,-62.58822303700242,0.06172669998851015,0.0015818303308259775,0.00019504607479062082,-117.86781621811343,4.15306854445377
1929500000.0,0.9913790163930992,0.0010535025712976184,-62.50063352166437,0.055510097481973546,0.0014740764619054403,0.00014558643153791254,-117.16928121875324,6.361474734391376
1929625000.0,0.996946341497045,0.00075788304159416,-62.67952086089723,0.08658043194333824,0.0015794147975160405,0.0002326882522213369,-117.26617601101862,6.445284346402301
1929750000.0,0.9934614032007749,0.0009067065824646129,-62.29416169268119,0.05691538271793199,0.0014800832006656222,0.00013295737988015945,-119.42737516250433,5.126087290281706
1929875000.0,0.9937171175874385,0.001489305995470651,-62.60962656595786,0.09432385483429075,0.001493506292313363,9.45419755977813e-05,-116.13370398351312,6.351639640966107
1930000000.0,0.9932628879291646,0.0012841855274066337,-62.956967655908585,0.09103068995247372,0.0014976958018513144,0.00010119474720076623,-119.22425983676993,4.613386744303774
1930125000.0,0.9916079685528992,0.0006313678996088936,-63.08655367275232,0.08131622293950586,0.0015409583570382736,0.00012730050567119858,-115.71988623661265,5.893736673406123
1930250000.0,0.997025110782261,0.0008515354057377257,-63.473390510893125,0.07229456597294898,0.0015079456898294632,0.0001334316953189868,-119.98228882650987,6.3917782080346575
1930375000.0,0.9973823402575163,0.0012034138322153062,-63.22962606512577,0.07634489269641534,0.001462573086908533,0.00015133601643829697,-117.0712273995531,5.30101201580285
1930500000.0,0.9927384918596843,0.0013926879604034743,-63.45441767953654,0.053415566172313286,0.001498580910926232,0.00019067029094319043,-113.8728276544573,3.9176163941675597
1930625000.0,0.9961414361608943,0.0013167991501837801,-63.14970324553126,0.04937166697989174,0.0014389151511743034,0.00017984460584817907,-119.2897648329178,5.514691623527848
1930750000.0,0.9954238865739362,0.0010056725683012073,-63.49794783944216,0.10078880179390597,0.0014010288682299106,0.00012012594743931458,-114.45356315087035,5.056977087100314
1930875000.0,0.9979976447947243,0.0010526572139454788,-63.311019560726116,0.05239853121359507,0.0014720896733681759,0.00015137386644780757,-116.76874936379879,3.9566492224134695
1931000000.0,0.9981313525135033,0.0011012057767292498,-63.87260778805909,0.0625108828280035,0.001488900245190791,0.00019379659340823473,-115.26289122694276,4.961293152993711
1931125000.0,0.9971701024118184,0.0013921856690883745,-63.31542513062449,0.07373826025325932,0.0014353086988420014,0.00015735411004272557,-115.84524831583602,4.505841616232218
1931250000.0,0.9955782104153839,0.0014043359670531355,-63.653471573020866,0.06762129479211526,0.001390923846445219,9.394254655399461e-05,-118.2053807307131,4.0249801882122735
1931375000.0,0.994266861056248,0.0013030319509725848,-63.459750485546934,0.06433669858812417,0.0014041364523413493,0.00011090309330898356,-112.92423167328775,7.4046978436820705
1931500000.0,0.9966382543238912,0.0006854634879073245,-63.78770253964833,0.08737578653369976,0.0013763238091879246,9.512502578265376e-05,-116.917767091408,3.414363838660573
1931625000.0,0.9971024325026313,0.0011867579469856332,-63.73529967964658,0.0636811489540944,0.0013628866225328736,9.882804409026571e-05,-114.7838391838492,7.866193311611739
1931750000.0,1.0033661585560345,0.001483985386384562,-63.84849637550652,0.06640704938517485,0.0013484749755640843,0.00013091052792691717,-116.65531562818772,6.850741103271997
1931875000.0,0.9983358557741457,0.000939197908055377,-63.96611935746946,0.06311426552929236,0.0013381954723090351,0.00017391996529575457,-113.77838245563194,6.494717477071041
1932000000.0,0.9957844661464813,0.0010862154311608984,-64.04287473870872,0.08480168232191092,0.0014053083412247653,0.0002619595283347175,-113.28552793011247,4.937249842927399
1932125000.0,1.0020399120923396,0.0010793796994719037,-64.48032282676903,0.08640855728564541,0.0013005892300111315,0.00017128546267817518,-115.37947193796741,6.396755813902605
1932250000.0,0.999016199749022,0.0014833544726071649,-64.53846721953717,0.05715419305944832,0.0013814401200544092,0.00018078667027155614,-116.61821252608677,6.937195891174115
1932375000.0,0.9984026703344256,0.0011709309918987055,-64.20310698797559,0.07445917584586509,0.0013034715980110006,0.0001789489568279068,-113.64664262920789,7.588391065222094
1932500000.0,1.003767326484839,0.0011766855658812653,-63.937319615578204,0.05601505370871337,0.0012841751517751743,0.00016491281212752817,-114.54266815230581,7.423126584084811
1932625000.0,0.9981608393588635,0.0011363018852046808,-64.54420576649105,0.04626809572798252,0.00129256194317296,0.00010380308951081229,-114.26188939566707,4.629082822204908
1932750000.0,1.0055934065913994,0.0012245620548968605,-64.61415658107084,0.04633361360443842,0.0012694661393776023,7.682201634318342e-05,-118.7023433612349,5.416010858110471
1932875000.0,0.9976406929098649,0.001440420370340387,-64.19028493968759,0.07616391091356077,0.001344039818282335,0.0001281866839048763,-116.88708000538828,7.14778280742186
1933000000.0,0.9982188127144859,0.0013019002489312356,-64.40739802239817,0.07240881580925296,0.001276616130373921,0.0001649983124152694,-116.43984115265424,5.647181754118658
1933125000.0,0.991526302353562,0.0012449315681467884,-64.41997208390761,0.0742173075657433,0.0012541486234680026,0.00012922481232113047,-112.93906626801798,6.326142451403374
1933250000.0,0.9998186079362823,0.001206869866778024,-64.55214119598656,0.08006867608628508,0.0012192416196191921,0.00010927359444129288,-117.45496653986037,5.673954676104622
1933375000.0,1.0028107353775813,0.0012206070019502248,-64.45429148630541,0.05883195435846952,0.0012360665955569352,0.00013365037622823582,-117.25994204185223,6.9957019407908705
1933500000.0,0.9976447878318749,0.0008604643094355534,-64.89983803606843,0.07374218735302628,0.0013397227571298248,0.00014823521290015593,-117.35026476421145,5.214928987119748
1933625000.0,1.0030421623602077,0.0010980155985530957,-64.89750441974402,0.05895942382519168,0.0012667320871787963,0.00010885774293656359,-119.32314590162923,4.802505013980448
1933750000.0,1.0055838297335642,0.00151991346664948,-64.68837873861874,0.0856163786274559,0.0012435426176703706,0.00011551634782377935,-118.33666886079462,6.573704881279408
1933875000.0,1.010969773569664,0.0009049849099601031,-64.78578756820562,0.07899780583860382,0.001223912639462982,0.00018484390465830946,-114.02089261547243,5.9229112108760615
1934000000.0,0.9983321608522192,0.0011852559440494754,-64.90188448352373,0.049588209769390365,0.0012075647309554354,0.0001622281229170321,-120.12035536436477,8.356551141488588
1934125000.0,0.9956224759282426,0.0011166673999762453,-64.8415013990577,0.09202087588340967,0.001137105850872596,0.00013139038992809944,-120.41740629002841,6.062499623520052
1934250000.0,1.0037410476441189,0.0007238502149124521,-64.67971667455095,0.06662679832731262,0.0011712335209110743,0.0001133847815586757,-118.7193252076461,4.819359643434719
1934375000.0,1.0016048642431357,0.00130694983763293,-64.9966699876541,0.07155600340664574,0.001180254093776551,0.00013416166418553675,-121.97485446204438,4.052506917558722
1934500000.0,1.0023518537977507,0.0011778414755594356,-65.01872345318168,0.08081787905654565,0.0011655660263053006,7.650403914798749e-05,-119.801458520346,7.0942385359968
1934625000.0,1.0062874385891853,0.0013719032591268413,-65.08380072891812,0.06954527056135514,0.001198391208579347,0.00011393311502230571,-120.48923389220057,7.380759906306073
1934750000.0,1.0037385450080127,0.0009977099284126049,-65.14806622044995,0.045298195346083855,0.0012368647896027793,0.0001271258469165518,-122.63967842203556,3.783713391367324
1934875000.0,1.0037114059112697,0.001479195454415474,-65.25945222519702,0.055001519399966156,0.0011824770422967947,0.00013218979197388424,-118.4793949081263,6.027846514518584
1935000000.0,1.0098246873559606,0.0011211939537971844,-65.19855481211417,0.07079493662802507,0.0011928228853517802,0.0001292340827507997,-124.15512229089924,8.332777002093533
1935125000.0,1.0008925520350995,0.0011038652622105032,-65.01191604415027,0.09328147719147493,0.00126507794604534,9.757811032194847e-05,-122.33482593806455,4.375919414854407
1935250000.0,1.0059998096929568,0.0011311496816771033,-65.01101434064296,0.07834012938589544,0.0012500011559016218,0.00016412209118980977,-120.46652589635748,6.7323504423307625
1935375000.0,1.00265376074107,0.0009832663285786608,-65.14830390775658,0.038055057122402605,0.0011785399194328967,0.000107907494046751,-121.85024996333811,7.29316063767822
1935500000.0,1.0035676078136004,0.0009511999119009753,-65.19636038197014,0.026762606582550964,0.0012807474528430947,9.939352113148885e-05,-123.96242032789394,8.981457974765737
1935625000.0,1.006095239590817,0.0009754115827702501,-64.96179590140719,0.10347366893405041,0.0012822673128456876,0.00013890344234883053,-123.97895936921152,7.650627314324644
1935750000.0,1.0032024749751187,0.000799288273536564,-65.39115694940793,0.08912680734987805,0.0012909225799034914,0.00011518189983185911,-125.56349138923855,5.381329080058773
1935875000.0,1.0009119934431436,0.001112332320599979,-65.35178199062972,0.06569417716558572,0.0012575640343506793,0.0001512553680461875,-126.64616261554376,8.853428315484937
1936000000.0,0.9997425307246259,0.0017485130271171338,-65.38590072770727,0.061645663524832445,0.0012831661508867355,9.94834555795527e-05,-122.91350200238318,5.766986876285407
1936125000.0,1.0036493633960757,0.001544031707171191,-65.59594129223397,0.08968500411010595,0.0012927231165490694,0.00012782585247684384,-123.02810216903498,7.091754462296917
1936250000.0,1.003148402424848,0.0014263085943901205,-65.56310451937998,0.07846398403787147,0.001316078400462275,0.00010794261062096651,-123.03076318293066,2.593813324303749
1936375000.0,1.0000148471218664,0.0008498707696362937,-65.7754033285828,0.07711902408659353,0.001337529330176367,9.287407033895473e-05,-124.89370771828844,5.715938612559808
1936500000.0,0.9975367557208041,0.0008774717054333399,-65.711561293171,0.051077190466491264,0.0013631399648186913,0.0001484467755622763,-125.69477171987388,5.503995652510124
1936625000.0,1.0030187475422314,0.0007770663987292862,-65.68994525859539,0.07973740534685232,0.0013548934456171148,0.00012913559408032953,-123.63338283985081,5.3458126306183695
1936750000.0,0.9982284437891231,0.0006062338683486284,-65.49685036426787,0.0500319045677932,0.0013235159037250403,9.067814793214871e-05,-126.26198692058747,5.785120006428276
1936875000.0,0.9976011282051604,0.0013404122121667185,-65.46667505779835,0.0569893383419172,0.0012826866545280087,0.0001595834907329019,-122.58292242537024,3.314051608735867
1937000000.0,1.0004359143032946,0.0012693031845692683,-65.62526348604652,0.06934990923485691,0.0013879929218470937,0.00016387227215783158,-128.15579893215633,5.19396519481912
1937125000.0,0.9987471935452563,0.0015041348899764884,-66.28946349414224,0.04677362362782652,0.0013635315093921566,0.00013393944051965083,-122.94697404208242,6.391512331682688
1937250000.0,1.001277562895894,0.0007403208653393934,-65.93262611452273,0.08831232015605832,0.0013581295765608225,9.302190483959815e-05,-122.70024981256009,6.471705908561426
1937375000.0,0.9986879450411583,0.0006399694173050858,-65.80137761357967,0.061522715884249735,0.001322753861817817,0.0001735323338907495,-125.96242068345464,6.382406741208648
1937500000.0,1.001486539470663,0.0007885475762183869,-65.84089667736417,0.05787931682833057,0.001354227974806314,0.0001517339430684018,-125.7483727668538,4.443498447005019
1937625000.0,0.9952744134105813,0.001393749056273718,-65.95529940237873,0.054237841640409755,0.0013519354568698242,0.00012999924861885548,-122.86624184587235,5.536935390554114
1937750000.0,0.9985751063100055,0.0011046893831866934,-65.82888677500081,0.07145086223855124,0.001414707467423643,0.00013738298664671755,-124.56938516759665,4.323368556363831
1937875000.0,0.9951681133743048,0.0007981963990719788,-66.35789790159845,0.08598176489151088,0.0014102633450915503,0.00011298195703195208,-126.29713520622498,6.263304185715179
1938000000.0,0.9960024841265946,0.0007722116196899022,-66.19246795424293,0.07466552732417267,0.0014362606007315858,6.13582859924459e-05,-122.3626208701591,5.428215717905327
1938125000.0,1.003295592784676,0.001562400884765193,-66.09125705871017,0.08032694052454864,0.0014274311004345995,9.537043511088218e-05,-124.5085050592121,5.768710847192511
1938250000.0,1.0011787762296296,0.0012330873228197712,-66.17161323065343,0.07380551198341959,0.0014402072748577353,0.0001929715848584766,-121.82318355863053,5.845737857656831
1938375000.0,0.9951275013456802,0.0011512881757066121,-66.67419554460929,0.10448663971585115,0.0013477827839581899,9.290598111280637e-05,-121.39660759064475,6.79930382492392
1938500000.0,0.9959860593557897,0.0005613517596838102,-66.596332686887,0.046637717198523373,0.0013896850494446455,0.00014037781408485976,-121.02825523658814,4.050001059637497
1938625000.0,0.994009910502798,0.000757031155811899,-66.80356327685865,0.053388794354063636,0.0015044035699121403,8.379033044866273e-05,-122.80098362286064,5.951186816495358
1938750000.0,0.9970481167065333,0.0007293730845807893,-66.80978323931106,0.06070539133399521,0.001375282418793457,0.00015067899680432345,-123.38849406432294,4.632361551811252
1938875000.0,1.0018581031111815,0.0008211497165457501,-66.81218315056266,0.061153402519449,0.0014829162212941119,0.00016674580269572273,-119.60516387227871,4.619800680728854
1939000000.0,1.0025150054865786,0.0007039353188072059,-67.06632552758087,0.09328074111858918,0.0015243809386538483,0.00017903962025699307,-120.82608484342995,5.729259172723763
1939125000.0,0.9989934090683175,0.0011278533412298214,-67.36551827064062,0.059251661348332596,0.001458434099178188,0.00012632013828783677,-118.38137776275738,5.116679815232925
1939250000.0,0.9963953308310376,0.0007668958722191495,-66.88937618845827,0.07053030560734222,0.0014000874305302815,0.00015910990262138475,-122.8161841542787,5.000141655910362
1939375000.0,1.0011360942785288,0.000969965089469943,-66.8746049338016,0.05735962525950215,0.0015576989957501385,0.00011993809483874042,-119.55978042835206,3.8687550528259584
1939500000.0,1.0038447069958913,0.0015249415943263931,-67.1664391566351,0.07571155135731455,0.0015368584291055396,9.148006702897497e-05,-119.84886182397977,3.862927646733425
1939625000.0,0.9983895285129191,0.0009806123243589048,-66.78162431690129,0.08752822256429485,0.0015554898143404592,0.00015929539442683386,-120.48704329128527,3.548527707290397
1939750000.0,0.9967510857816503,0.0011857649284102625,-67.22176592715019,0.08255700578113351,0.001515328482691147,0.00010801631028063731,-118.28082609928921,6.790731747372855
1939875000.0,0.9995795888780042,0.001393474670732411,-67.71322905130809,0.06906329900064406,0.0014999474242883015,7.440869753248114e-05,-117.89638254509174,4.776002022677478
1940000000.0,1.007698666228875,0.00115036884238975,-67.49819663535824,0.05721840402431235,0.0014684503036654145,0.0001379688022987509,-120.2754705551093,7.468275696963866
1940125000.0,0.9981841073492133,0.0006255534481010235,-67.24511837386207,0.07704387438793896,0.001503376898815268,0.00012052528481488415,-120.29322172478645,2.595108280782494
1940250000.0,1.0001423744663718,0.0010231590546595473,-66.83257877824526,0.05179573395116496,0.0015112502485831389,0.00012949505986643617,-116.67628557476284,4.810568959475633
1940375000.0,0.9971723904955732,0.0013933586745368007,-67.29638121955213,0.06829212318957432,0.001474922983497962,0.00011583706838258797,-121.80716719109024,8.514366503016793
1940500000.0,1.0035558547130168,0.00073928013292286,-67.75960807510388,0.05980155076334809,0.0014560265091549131,0.00014820409252850434,-118.70867349071754,4.361626570297456
1940625000.0,1.0055741117757289,0.0010381717534802052,-67.60454588641343,0.06285678030884051,0.0014618019610203176,0.00019189190371128432,-116.81009032075646,5.246844749547793
1940750000.0,1.0005197099160255,0.0011716521184077786,-67.81511056765925,0.06799469351466454,0.0015387730748018997,0.00015267522788074234,-116.5949246495231,4.964699983430492
1940875000.0,0.9988319745794796,0.0010568550697159786,-67.75838574626393,0.040234183541319836,0.0015078327614511642,0.00010334007046752874,-119.49772812462602,4.3706249299282875
1941000000.0,1.0049631348740038,0.0014028141959882162,-67.82340092238084,0.06940027757063678,0.0015096719693768715,0.00011741908789809643,-117.18861482690508,4.099048119009774
1941125000.0,1.000995123846574,0.00123554479480514,-67.8902815060735,0.0469514331144698,0.0015588768542514645,0.000152515211177046,-118.75850456864262,7.282465073611545
1941250000.0,1.003388804838302,0.0010535389934005267,-67.90910510282245,0.04819659729192384,0.0014970975388045777,9.127750572239101e-05,-116.50091099257902,2.724898952703093
1941375000.0,1.004331953353424,0.0009688561295891727,-67.69254882555825,0.09613815299193545,0.001492676777478958,0.00013064626460529354,-116.19059064280944,5.0539361376088685
1941500000.0,1.0065382329195574,0.0018473246421768625,-68.30652883101573,0.053512396074319825,0.0015236327213692627,0.00013714955642101076,-116.51568651181995,5.032515334091794
1941625000.0,1.0084844063979108,0.0008701495271053303,-67.91572120292736,0.08130570384229123,0.0015699464143677803,0.00010881887521964714,-119.56555197665098,4.853412159915904
1941750000.0,1.0094675372493416,0.00117979113258491,-67.65166840678276,0.048478325445105754,0.0015056833520019888,9.850216673631227e-05,-117.76855746158839,4.830463497617999
1941875000.0,1.0079029102878354,0.0008749537289582365,-67.83042492599661,0.09011092308736152,0.0015457245767979745,0.00019874721633650233,-119.35853949953294,5.147801597396131
1942000000.0,1.006394421648752,0.000888504329668832,-67.820467625216,0.06600604142998688,0.0015161762071711118,0.00013638436799938474,-116.02749456786535,7.73830093963493
1942125000.0,1.0066634110721648,0.000685902547400414,-67.80400917891792,0.0702867328089781,0.0015646622896818454,0.0001703077265634266,-115.45291042467534,5.917000305195868
1942250000.0,1.0058637690054002,0.001051701749963431,-67.71393082514794,0.10708326164648188,0.0015220957816117848,0.00015639715656085368,-114.5364563222269,6.56269362338273
1942375000.0,1.0080159279602114,0.0014690286997669371,-68.15164120093146,0.061012548592081044,0.001496868937043179,0.00015732863041980513,-117.07136799846927,4.750503165994643
1942500000.0,1.0056220353906458,0.0012421650707376303,-68.46177406971454,0.07611211668184101,0.001554764869849583,0.00015699773960960493,-117.43055678769869,5.808086854997274
1942625000.0,1.0019499241132173,0.001687130190350756,-67.99832928218888,0.03192813290094051,0.0015726752709046379,0.0001781280818748167,-115.88921534556064,5.310318631935523
1942750000.0,1.0080476230897677,0.0011538690307131337,-67.81266685765091,0.059591777889600454,0.0015155555294156988,7.195758313382645e-05,-113.47691430796442,9.13901352783088
1942875000.0,1.0117733059980007,0.0012795705286301714,-68.0998112440233,0.0683263156375095,0.0014795298657031054,0.00014263770032029978,-117.57680650827284,4.557932728460948
1943000000.0,1.011318122405319,0.0008845664864789079,-68.03500646604655,0.0597728199749092,0.001463394099106656,0.00016973367235999356,-120.35137977489407,3.207543461396559
1943125000.0,1.0060695944226525,0.0009635133370953553,-68.20414294222401,0.03954664135972155,0.0015479930146209708,0.00011385791089820885,-115.84432377435012,3.820184902470047
1943250000.0,1.0059221659465898,0.0012449050541833004,-68.46977912473442,0.06623682778566822,0.0016019946702014742,9.867457637964927e-05,-115.5430721458877,4.9225402325428425
1943375000.0,1.0035553309481948,0.000760506853599741,-67.99444230691518,0.07367614727058037,0.0015643392158328885,0.00013562392089917232,-121.14705237997933,6.165454056223346
1943500000.0,1.0056355265480352,0.0006152301785960493,-68.39389098740743,0.08027696080028701,0.001563654117699945,0.00016245020138167484,-117.787562910115,5.4279500636038955
1943625000.0,1.0132099659099003,0.0009866849776822382,-68.39790030367763,0.044366331953718564,0.001498805873594278,0.00016593192799618044,-117.77201497590644,5.07423014011127
1943750000.0,1.0098892922991174,0.0012568477435595223,-68.14675555005581,0.08384420543875372,0.0015818791559086395,0.00014528719438723975,-116.08435410778304,6.449293305459864
1943875000.0,1.0057693761766746,0.0015428028171030987,-68.46711317379606,0.06255435641209453,0.0015488264926245502,0.00014410789700609815,-117.00744047995501,5.3205307889611
1944000000.0,1.004950186716505,0.0015783858075917147,-68.3932231539348,0.04192754657480964,0.0015499803569763466,0.00011165314356194278,-119.78829556813372,5.2264745234021515
1944125000.0,1.0113167299546457,0.0007709029079371442,-68.08912183406377,0.05156291579246549,0.0016265830828756857,0.00018132613558669323,-119.33918894761304,5.866200584976317
1944250000.0,1.0144396741226378,0.0012539743271390914,-68.36904436219692,0.0636510950004531,0.0016552026907345621,0.00016723668530158384,-115.8216858659225,6.462229316064886
1944375000.0,1.0085290334202068,0.0011024919171479467,-68.32603544812915,0.06947253484114868,0.0016176654102524968,0.00016982116143260983,-119.45020146631342,5.580835384177331
1944500000.0,1.0019832195587568,0.0008764901080418949,-68.26399928833433,0.07585229098741349,0.0016232264400493988,0.00011024573457733604,-120.51097682643055,5.376993327685993
1944625000.0,1.007551592771132,0.001226876592013336,-68.41328062830422,0.06980349826010045,0.0016940358314400743,0.0001726502138378659,-121.06381608014443,4.177955895009471
1944750000.0,1.0109033397416038,0.0015771840863693792,-68.53287691344973,0.046431331709071114,0.0016761266215600437,0.00013152729406463594,-121.87754481554677,5.025704485239782
1944875000.0,1.0075932246621955,0.0011922821995957022,-68.54867583011205,0.08390307193637876,0.0016489645574061132,0.00011178187716689948,-115.857532822404,2.8617727746237898
1945000000.0,1.0100951872498583,0.0010175629537715076,-68.3346427867019,0.07670200127390456,0.0016985185076843266,0.00014830666201429485,-120.5103634926352,4.352061944370362
1945125000.0,1.0030179595146156,0.0012291923065771962,-68.37646579226119,0.08918949522412249,0.0017177167706258422,0.00014338279771896982,-119.43267665439672,4.082979175408456
1945250000.0,1.0105011681399816,0.0019903155548808486,-68.4830616238079,0.07393045393125341,0.001717655784763971,0.00011257209601543258,-120.29273255803344,6.136577460510747
1945375000.0,1.0145230371388874,0.0013247809235431341,-68.30034112170343,0.08682625950630159,0.0017341015159769452,0.00011560287341556352,-119.80819670146413,4.9045086671836815
1945500000.0,1.0090517915970578,0.002004494254015904,-68.59450340613795,0.08032186938270282,0.0018465617437751671,8.1843460166236e-05,-121.50732260422099,3.3438642248192565
1945625000.0,1.0053193511646916,0.0009102378511471923,-68.61060416841288,0.07010871539353956,0.0017683069185866057,0.00011507632449362565,-125.05935039836494,4.05241453718687
1945750000.0,0.9990338837704856,0.0012576078088090182,-68.64912255820465,0.05434814723009913,0.0018142204437508673,0.00016168880102657176,-121.54709252487098,4.234041149377096
1945875000.0,1.0051036265473396,0.0013913092556658887,-68.60491417223737,0.061958850321696415,0.0019107424735790213,0.00017720482767676827,-124.2978062681431,3.4587936359095734
1946000000.0,1.0042665232271684,0.000882798599767129,-68.30538385353245,0.05792432473567692,0.0019584254065438396,0.00013859742760170948,-124.53750171692184,6.224484493309889
1946125000.0,1.0070768510873596,0.0008842349698439554,-68.76450158061975,0.07586786653073531,0.001913439814404343,0.0001477165929021785,-125.45926063493908,4.042500083981064
1946250000.0,1.0007148858219184,0.0012352523563255214,-68.80582207632997,0.08701640070604844,0.0020288678909729263,0.00010484548567966533,-123.06115198646523,3.4775764850576603
1946375000.0,1.0050196112041818,0.0011343526441395051,-68.93461028714172,0.03645684102478375,0.002129873760277922,0.00017138959694116236,-126.21165570613654,3.752089738419785
1946500000.0,1.0030934714643578,0.0012448835549038022,-68.8684367939682,0.050752170092806234,0.0022216425408293082,0.0001043689979395211,-124.12293661609206,3.8825118645304886
1946625000.0,1.0038448565283893,0.0009967212751844257,-69.03231969971571,0.03617094118176075,0.0023089309404324843,0.000153791179431288,-125.0909691407665,3.4492385121615414
1946750000.0,0.9986490925520818,0.0013907907868622384,-69.12787053595163,0.04737220145153878,0.0023044513334351275,0.00014121557188691823,-125.78104194849915,2.4707082770621445
1946875000.0,1.000403564352152,0.0013581492392439713,-68.62015084679925,0.04083962066442506,0.002452703404707808,9.144864143058953e-05,-122.794221388054,3.0394755626613215
1947000000.0,0.998038111446999,0.0010491592450093538,-69.45660481078853,0.04387637837762494,0.002562404997517677,5.9394063709151935e-05,-124.9528171814401,2.005936163741976
1947125000.0,1.0012626397859083,0.0006527285454941416,-69.61667949261158,0.07832010323066609,0.00266250863961288,0.00011264226269151823,-126.08067014047,2.4486483146885205
1947250000.0,1.0059373938576468,0.0010171580061678256,-69.51978350975763,0.057258326572935885,0.0027994735152743195,0.0001387022570060146,-125.93703644915007,2.273383748568466
1947375000.0,0.9942215466209672,0.0012373340363526736,-69.61555675873184,0.0642745453684154,0.002900824109725449,0.00013324571925248807,-125.03499884463889,2.655946866248213
1947500000.0,0.9974736037960167,0.0012376521445524747,-69.46498253685617,0.06994912433493056,0.0031377171298695426,6.547977390498251e-05,-125.23932427095761,1.8808284111447546
1947625000.0,0.99749398939015,0.0010148901235499449,-69.76473015072668,0.08289066840428043,0.0033857346032901705,0.00010953144489116024,-126.94807081456125,2.294936810843794
1947750000.0,0.9972047953218478,0.0008652400885677215,-70.00141329421432,0.05037442263158313,0.0035931816167752077,0.00019039473437190393,-126.23237321217307,1.931187412242399
1947875000.0,0.9951828788204968,0.0013874146124322065,-70.73244520095955,0.07555721053749719,0.003920178945484482,0.00013813783801339244,-127.47758033593699,2.5561710372521333
1948000000.0,0.9952074283625971,0.0012023637715508323,-70.24984402623801,0.06472597764694052,0.004396041168117718,0.00017394192141993684,-127.76255402508161,1.1788551801903435
1948125000.0,0.9943289125697542,0.0007667683858296102,-70.89360646936402,0.07040854025630597,0.00493890342645865,0.00014881035736168452,-127.45821248221145,2.283000356272669
1948250000.0,0.9912758864570632,0.0014672532663917443,-71.1947974369201,0.06478114916213196,0.005793384052354558,0.00018397989978075982,-128.29089542657536,1.4891455371769644
1948375000.0,0.9838433648742182,0.0015250715537230553,-71.84489812804046,0.09680960504075305,0.006986525440773893,7.932292438182702e-05,-130.81727879372067,0.7257800813605199
1948500000.0,0.9846330427211266,0.001355099909813839,-72.82559672832328,0.06048981008413963,0.009126304571064368,0.0001737035022453797,-133.46806802461847,1.0786659881431078
1948625000.0,0.95885934047952,0.000988132890927445,-75.22144435222847,0.0698674189124392,0.013616573316597491,0.00011380078390597639,-139.7414209037502,0.6721677121058347
1948750000.0,0.8506310347084034,0.002998448070716021,-79.10786455703078,0.09681133912325808,0.025358649078933877,0.00019308366723399807,-165.54421007068578,0.5444252879027948
1948875000.0,0.7679681818858093,0.004588625645471528,-60.14900169609417,0.26118229952090005,0.03057942719987252,0.0004940005083708692,124.29320327425275,1.4159555826216943
1949000000.0,0.9556958063396583,0.0024538773401884388,-63.26724826812869,0.17609387324753287,0.012613959676717749,0.00029252246584833243,85.58835668751856,0.6602471800520111
1949125000.0,0.9740649174791433,0.0008108872383109547,-65.6147101319541,0.10998289620105492,0.007764201436565407,0.00013095003034619833,78.65994900278196,0.747371691219947
1949250000.0,0.988443636905048,0.0016454647111228216,-66.20845897151057,0.037889539094031484,0.005186517356059804,0.0001606492180660424,74.32788257111032,1.5201832319825324
1949375000.0,0.9918461840565282,0.0007730342584059897,-67.13322327613834,0.08880124756669613,0.003678843316919771,0.00017543995930541337,73.41797793287607,1.928097497101544
1949500000.0,0.9926906618483434,0.0009988407044167348,-67.4073946238583,0.06959272130953567,0.0027784508163966634,9.930847855023296e-05,72.73140902251092,2.039593843741151
1949625000.0,0.9932974793021794,0.0012578748052734633,-67.76585464242288,0.08554638225118309,0.002139753384178831,0.00010667149203207425,71.57699134314282,3.7387940286989902
1949750000.0,0.9921676581970741,0.000941062601950719,-68.1560637614902,0.06514178346024183,0.0015889806588115008,0.0001558238456954204,72.76452020434324,5.765131789170602
1949875000.0,0.990436160284476,0.0015119520101442372,-68.28562229935439,0.06469407200860167,0.0012231090271968368,0.00012321837039937426,76.44857212633929,6.606495580589782
1950000000.0,0.9903900166140615,0.0016140439288267407,-68.6311449655463,0.07000061491047695,0.0010284493223797185,0.0001886641833422182,71.60011092758941,7.088822277967861
1950125000.0,0.9990056512787403,0.001428483629933233,-68.68460135788061,0.07824044039836546,0.0007012965030159315,0.0001443852912784244,78.35324790661295,11.78970237184739
1950250000.0,0.9959204577534396,0.0010566251567217732,-68.82707369031947,0.09700578394825342,0.0005578483661404007,0.0001459672082069095,82.68880375324498,9.095786483609313
1950375000.0,0.9988674473990139,0.0010809528531662354,-69.1712219531211,0.06747936661367433,0.0004121010152052316,0.00014342430661256952,75.96322912174092,19.199810882082158
1950500000.0,0.9931996977366135,0.0009746903336846242,-69.36057109748914,0.0897512750350273,0.0003151122729346245,0.0001021992082382555,92.13478785015046,38.93339350866896
1950625000.0,0.9901606563427753,0.0014926141483942142,-69.06361342881384,0.06959694096308124,0.0002665371406681646,0.00011430182081730147,101.8624366714118,39.3791763117626
1950750000.0,0.9967306567495229,0.0008805610216120751,-69.4305666186228,0.07220301004937879,0.00017806007390913604,6.596062862270741e-05,14.920811779301854,133.12189100280472
1950875000.0,0.9979110916858442,0.0011273518843761445,-69.67812205717426,0.06327961323589512,0.00029621008176468713,0.000164633511610508,-59.71875298149805,129.52212929185038
1951000000.0,0.9947297335255122,0.001066389277827994,-69.76055238966397,0.05966322883115749,0.00028598481144339954,9.252498596928842e-05,-60.24334441398483,111.20971444458891
1951125000.0,0.9939436291199392,0.000806843832970964,-69.84551150712761,0.08814469746038818,0.00032514847432190633,0.00015077554780940048,-66.39755818655723,115.59837237801874
1951250000.0,0.9945719812136513,0.0009397125359361479,-69.75926842708358,0.04925646320353366,0.0002696263841761797,0.00010522443512289715,-103.16025873049486,28.26545154074714
1951375000.0,1.004371587108167,0.0009146859988504129,-69.81113447007625,0.07970039013323148,0.000394949403161763,0.0001624619009362365,-95.20968987168388,91.89362902611998
1951500000.0,0.9941082559570413,0.0014094463094977722,-69.99534086509756,0.0588474763867773,0.0004860369366018981,0.0001258071812071696,-111.11123288952335,14.557934650287766
1951625000.0,0.9980180037016664,0.0011095363921153473,-69.4348591274176,0.06625481193349167,0.0004014321957680166,0.00011903932471945584,-117.19025570451664,18.14830002296352
1951750000.0,0.9951020207275597,0.0012577408984306582,-70.10236413880092,0.09165000224195344,0.000509177024951629,0.00015608236110938189,-118.13500435558355,24.084013953767457
1951875000.0,0.9964086650683431,0.0010675360117257515,-70.30900202705139,0.06543621442343826,0.0005314842514252072,0.00016318629330755037,-118.50786279253983,18.500389198727383
1952000000.0,0.9997992611361294,0.0012781696503012775,-70.17187313389857,0.07798804273765984,0.0006117071961367261,0.00012570655672124412,-98.8699702333495,16.23245346694536
1952125000.0,1.0023908183619026,0.0006805858311494455,-70.45840889373224,0.07174425000801253,0.0006284297004411989,0.00019633038826086436,-107.81869424210576,16.99062143993149
1952250000.0,0.9994722588411271,0.0009181011536317477,-69.90496142398459,0.07211501716233171,0.0006370183867575344,0.00013125131928810472,-98.8907541722567,14.767734519317283
1952375000.0,1.0019526330221862,0.0007945130667107093,-70.29670607814482,0.08868209230418674,0.0006842991166939996,0.00013472739911861214,-106.62212959117021,11.224596315328023
1952500000.0,1.0025132718671794,0.0011919914303239769,-70.34203895654157,0.0638345761096866,0.0007099367019410185,0.00016293601141601944,-98.52624484992265,15.795754211821842
1952625000.0,1.004112447036097,0.0009407576631864759,-70.49511917912527,0.0821895275409277,0.0007275422226360335,0.00015883694208277427,-101.04033294313612,9.559355716551778
1952750000.0,0.9979440224905167,0.001397946903302576,-70.59409425901731,0.052349500492227634,0.0007511840305926676,0.00011727493858941676,-104.13754312708585,10.297265760674117
1952875000.0,1.0018508767326384,0.0011388102971404404,-70.76914510515783,0.07370759321228289,0.0006732272139972716,0.00016341288588610952,-105.21690854326695,12.369173358126583
1953000000.0,1.005144293964935,0.0016784746176289182,-70.41749154012335,0.08403059456179772,0.0007791215201445729,0.0001515845771112594,-100.07876651433867,12.969982805881008
1953125000.0,0.999977728181028,0.00089726213140678,-70.77731822938662,0.0788464580447415,0.0007745551971992522,0.00011817731678646296,-95.6475019947901,13.606092352213237
1953250000.0,1.0018998088317739,0.001236694399401649,-70.379480448758,0.055655205998400945,0.0008990578759728566,0.00013472386994738315,-94.93626735913142,9.65316282342837
1953375000.0,1.0075229619706316,0.0014592806982364425,-70.49557744110221,0.06407776054010539,0.0008267322293707108,9.763033468435495e-05,-95.0624168294558,7.8065043037879525
1953500000.0,1.0016183893930015,0.0016854763942206724,-70.86868328478221,0.07403054869176708,0.0008096682271345369,0.00013109386544068975,-95.72466777003949,12.463021826827188
1953625000.0,0.9991506700851854,0.0011381657596992475,-71.06003954045418,0.05820606826007061,0.0007795598707695505,0.0001318369820276714,-93.08632499011345,10.001776004002988
1953750000.0,1.0030321821729529,0.0008130172510405589,-70.65573356843319,0.03437747818768415,0.0007072512702345903,0.00016047039151534463,-90.38865720534116,10.473700888272411
1953875000.0,1.003698088026214,0.0012687902865303512,-70.80544033870905,0.06791213585347931,0.0008444904252571824,0.00013166937456185107,-89.75095424451679,12.50174050702463
1954000000.0,1.0036154723253892,0.001174920683084796,-70.676808580452,0.04183687785681955,0.000833173166413463,5.7796108964063765e-05,-89.98961006881952,7.9798023904960615
1954125000.0,0.9957477981187034,0.001749690255952045,-70.91759025465718,0.09592853158928591,0.0007740302989175144,0.00014409865590799228,-91.92587151767243,11.195582855179152
1954250000.0,1.004171835917773,0.0011511293108707823,-71.30236421729171,0.09228450582571696,0.0008573132195280086,0.00017980445401517896,-87.95852899094311,13.095070917022682
1954375000.0,1.0043896977355233,0.001531488637297096,-71.00823203724103,0.08477169737953118,0.000842644248072025,0.00013792154451472841,-87.63771427953958,6.780270261943054
1954500000.0,1.0080432931921408,0.001075791745491225,-70.96219730650498,0.07909334283124961,0.0008108111961454874,0.00014242349081823252,-80.51028963680149,12.527589431999433
1954625000.0,1.006421948433787,0.0008807891793211519,-71.10462210380273,0.09204646883128997,0.0008432999483839891,0.00016905073587433674,-84.81112327657223,5.355946596303841
1954750000.0,0.9999336191364588,0.0011455611366889616,-71.24509222926326,0.05814208133406809,0.0007976842169557266,0.00016722640114450737,-81.65874143435093,9.182004176717253
1954875000.0,1.0006575111972427,0.0012554394763269186,-71.11191010529497,0.08645079758928165,0.0008019042542833379,0.0001346369428600021,-79.05823043775283,10.339559273771338
1955000000.0,1.0009074732646377,0.0011030609121673869,-71.26913227711546,0.07577917512335967,0.0008016170050956477,0.0001680801356574646,-77.12969074830237,9.152496582623376
1955125000.0,1.0032101651271597,0.0008214689077015949,-70.90339804117494,0.07050943141900486,0.0008162475186460585,8.31327390281564e-05,-71.87902078282387,16.129893535553997
1955250000.0,0.9990748383260218,0.0011174267261355461,-71.0672615855308,0.07172879107548992,0.0008127057682063382,9.404480521802359e-05,-74.67046732197619,6.871888264737024
1955375000.0,1.000614019744681,0.001649029700319678,-71.15934845006025,0.08298283390639676,0.0007421306476032292,0.00014602623336016667,-77.7925174050657,5.923106636253298
1955500000.0,1.0058771128279713,0.0014874970156790474,-71.49134826392395,0.06568890448678644,0.0007895800152906055,5.5708738607238016e-05,-69.90469547678036,8.66513874119058
1955625000.0,1.0034965364786566,0.0013824090095483712,-70.99219807044828,0.07512420197289592,0.0007425922198760013,0.00015643815397604457,-69.53990984023243,12.694523665011296
1955750000.0,1.0028953870084303,0.0006545410877569249,-71.41355113711003,0.07084820865801608,0.0007029096396205656,0.00014460148290761763,-64.9956446710866,15.945966516642716
1955875000.0,1.0031361322624437,0.0012879566675306894,-71.3151231448844,0.06674117683356612,0.0007121862180280527,0.00011633897883591484,-67.88543247318876,16.39140732412325
1956000000.0,1.0035064535501752,0.0011264810006012997,-71.5903177269515,0.05229936815097609,0.000733429085705192,8.827508623391182e-05,-69.29509698554179,10.973389358463367
1956125000.0,1.0017860284123414,0.0013514488558840857,-71.17504832567101,0.04365047307541973,0.0007060481815027737,0.0001281515487753589,-64.98919841147654,12.800706857303782
1956250000.0,1.0022112287784968,0.0013865071852004014,-71.15817963842967,0.07420898927323451,0.0006734256873721211,0.00010928421575853104,-56.56125821120506,8.868539781105062
1956375000.0,0.9961882765601975,0.0007252760313058632,-71.37791750054237,0.048739336105512794,0.0006926469946256747,0.00016670127057832553,-67.88331807201708,12.847300979056907
1956500000.0,1.007087957684684,0.0009598980457010391,-71.08290437485134,0.0721008887688616,0.0005378580429244261,0.0001166251430040102,-65.04053555679724,19.273985888953526
1956625000.0,1.0016645893160365,0.0011464804112440124,-71.42612036850039,0.07167539010380415,0.0006720561102629455,0.00019872547730264917,-61.684762389477115,21.756454612580377
1956750000.0,0.9991590910617808,0.0004993581503696608,-71.83739901635286,0.07833579452436819,0.000641599160859393,0.00018041302699596212,-55.16467581420558,12.139995450958965
1956875000.0,1.001488042266294,0.0014362879350422889,-71.19545504522775,0.05600225832311707,0.0007329408809627102,0.00017712413028722604,-56.174426293531845,7.567333570793179
1957000000.0,1.000772032568677,0.0015061169128765888,-71.16710288714387,0.10346617398366267,0.0006978589618316349,8.21787738028594e-05,-56.916324205490056,14.534670174154105
1957125000.0,0.9994342251926591,0.0015698750352617222,-71.29960782972563,0.0681359500847556,0.0006053492688278539,0.000132322912906644,-54.9910736914739,11.015868695642885
1957250000.0,0.9999766543436667,0.0010960059700489935,-71.41931108168164,0.0717202324994503,0.0006547642898951573,0.00017395714632169389,-48.65751339477988,12.986022521957105
1957375000.0,1.007946227916994,0.0008426743400570814,-71.55367684381469,0.06853362077527426,0.0006617091438189225,0.0001331116090603039,-57.20588418678684,16.36337644733839
1957500000.0,0.9983859860024552,0.0011066928166820241,-71.62804816600867,0.07299286125159796,0.000475945859731872,0.00014572378865321088,-47.64412650366933,20.603834651965308
1957625000.0,0.9994381629581807,0.0010714257517976972,-71.28205226794438,0.06437870625034485,0.000591772158358997,9.429304202649195e-05,-48.03218633301911,15.32860223058298
1957750000.0,1.0061755742415266,0.0011448086358244944,-71.61916068356166,0.07151870105948112,0.0004950926728689078,0.00013155581910041323,-52.84730458643747,7.698642968873242
1957875000.0,0.99360181244715,0.0008867746244269987,-71.4881269793978,0.06522316775009636,0.000568699610601022,0.00016514124113401604,-45.20162057600256,17.84568772583292
1958000000.0,0.993453043646521,0.001134600839878702,-71.71559151110824,0.05099088299750915,0.0005202649711318916,0.00014028236117142578,-44.47160629411832,16.19059120907303
1958125000.0,0.9985901310843044,0.000994542212757319,-71.57306977360292,0.06692263067093211,0.0004923983135749305,0.00016285429813243135,-42.45973385226779,19.59372293852166
1958250000.0,0.9997701944486198,0.0014606592304837044,-71.8492829981089,0.07245753617436884,0.0004751936680244253,0.00018867486223536847,-35.71604920290249,22.487090697043158
1958375000.0,0.9980762162530141,0.0009661745386361452,-72.00540491409122,0.060956452607202796,0.0004170955099920184,0.0001417427843153122,-37.4355148046737,19.104108874025524
1958500000.0,1.0002182271410986,0.0007530534151438993,-72.18096701433586,0.0664524846203812,0.00046807241031996733,0.0001136386135718164,-38.06831141104951,20.18533445687116
1958625000.0,0.9959261151324403,0.0010525495691165194,-72.21521588285874,0.06915636265010465,0.0004999672080996385,0.0001206503262987293,-39.858320405409586,18.1269257474658
1958750000.0,0.9943966515734249,0.0006335101378370834,-71.74535407289268,0.05338741596261124,0.0003754861955289216,0.00015468272511909748,-28.29200332251956,34.79701489006872
1958875000.0,1.0037480424394174,0.001242362454766709,-71.90272082273702,0.073373343227346,0.0004471915629314774,0.0001517809074399181,-46.241479897531846,16.895648042174773
1959000000.0,1.005520205360042,0.0008151416847330152,-72.68145030972015,0.07815286362229033,0.00038688210098589484,0.00022502790475486967,-39.45875311579558,18.69512149705202
1959125000.0,1.0046078433946048,0.0013990213706321923,-71.82601257738273,0.06740329388212898,0.0003336145033733856,9.452946645438466e-05,-32.838321076140275,13.476884448445423
1959250000.0,0.9964147177031369,0.000869162872058441,-72.3018397574491,0.08444363325759167,0.00033062358109201066,0.0001546327805946765,-45.43858818596288,30.29903456166422
1959375000.0,0.9988746434659858,0.0007829961709174049,-72.11777228221791,0.05056585455062557,0.0003413925357431122,0.00015784906463786692,-33.40026110240636,47.11332463228084
1959500000.0,0.994908992608472,0.0013127653145548898,-72.08688535357508,0.06320248543030973,0.0003295427019605638,0.00013408107132625882,-27.85418235840665,62.559753392836605
1959625000.0,0.9976521163847268,0.0010531416029607348,-72.42143109948232,0.060832840597379,0.00034678913467401355,0.00012459257812686247,-23.109996385409055,36.38018755309305
1959750000.0,1.0029867282066782,0.0012524504868628866,-71.8379587842362,0.07497280604121354,0.0002514217294173879,0.0001493818132105589,-20.904789495782243,49.03386316845626
1959875000.0,1.002485602018358,0.001001998776176331,-72.26869143511227,0.06465367135210148,0.00021421894502369947,0.00010488633638215944,-40.41955999874902,51.957685729297985
1960000000.0,1.0044996003792068,0.0012680893440650356,-72.29261876149567,0.09107058325482288,0.0002169239336320662,0.00012231261741012546,-18.439818172269508,68.09497772737885
1960125000.0,0.9975412543391475,0.0010183490002845113,-72.26769620301103,0.07749661977530634,0.00024403062376085848,0.0001481913322593931,-30.851206213831503,32.78509715412743
1960250000.0,0.994747008908567,0.0012551481720967923,-72.19952417019222,0.05096030313483286,0.0003007941461439987,0.00011361189211384395,-39.74714098408448,33.902641816218214
1960375000.0,1.0018854589236745,0.0013464911646745622,-72.31101192376101,0.07058751182286525,0.00027244733454138395,7.373282432122928e-05,-0.12166108768709388,44.31832706531087
1960500000.0,0.9996688010010404,0.0014614256347704985,-72.12669979311902,0.07105590396959059,0.0002569028004788211,0.00015009033062614153,-11.644393839683831,50.61443808790826
1960625000.0,1.0032920291204648,0.001076295814908101,-72.4075340691137,0.04676207765240583,0.00018528880352641758,0.00011337156812562006,-1.62265081268262,80.06954312666834
1960750000.0,0.9994019010702493,0.0012500257885008626,-72.52057564779014,0.07527784026116062,0.0001814787856507298,0.00010433474580530667,-17.07838144411013,113.15015606674187
1960875000.0,0.9942289124809768,0.000771730393641468,-72.6147701467304,0.0560371538190732,0.0001707787711947867,7.981096704931627e-05,9.07625002745827,97.27994703350419
1961000000.0,0.9956425848283927,0.0011288877365047897,-72.78939706355294,0.051163153543271465,0.0002115109932445465,0.00011183956143644054,-34.133656968076274,52.749443716331434
1961125000.0,0.9977163666240898,0.0014755131464615988,-72.55844362915293,0.08777305989757604,0.00014167613278737767,8.028699007874769e-05,46.91975463593545,63.221344628720615
1961250000.0,1.0011488912693958,0.0017412676188408786,-72.53970721667551,0.03594145376300774,0.00024288579085201205,0.00013121614130238434,2.59163196804488,111.36169594932956
1961375000.0,0.9984664598499322,0.001039846791621574,-72.99408101278541,0.06384065285339222,0.00015440671595332424,0.00011160529496321023,11.017950234745054,134.11150376216935
1961500000.0,0.9976415616772838,0.001591211490026436,-72.9189407347034,0.05751909109431993,0.0001962836436557559,0.00010923196189160308,-18.825879797741315,108.24379405687966
1961625000.0,0.9971256057486596,0.0012718131891405473,-73.00209194663343,0.061517856075083914,0.00015628516802711315,5.275055411069404e-05,-10.623291332394016,110.61735533605092
1961750000.0,0.9965878142216416,0.0015717674218321562,-72.75385397947257,0.07683562518343727,0.00020637800778375902,9.074464403448373e-05,-6.664655190631842,148.65660543915317
1961875000.0,0.9986101177750784,0.0010287976179475388,-72.7770012345359,0.06879428681529193,0.0001863237831935989,7.757083205492433e-05,-30.43508092021472,137.72146349314917
1962000000.0,1.0014750629527631,0.0010344952957641134,-72.86411544851403,0.04345734071968144,0.00022673834901245992,0.00012157437862365107,-54.15045635552131,140.0296439516777
1962125000.0,1.001627104142576,0.0009165437896035936,-72.89323240764323,0.06908046959527367,0.000294238642494524,0.00014532740131818032,104.32231313764368,101.33705770946159
1962250000.0,0.9974540166795793,0.0012550292714203076,-72.86621455150106,0.06988453751108772,0.0003130504298384167,0.00010900526458347533,15.012525714851373,143.4973236885396
1962375000.0,1.0042632200282444,0.00143019815425126,-72.4888151258486,0.04786878205767242,0.00025411952977813106,0.00012189237620838101,17.10948779731836,152.01577641706407
1962500000.0,1.0010240753224002,0.0019089208124757299,-73.08818622218023,0.10875713112756293,0.00030459250452974585,0.00011084062162118002,-48.395078849583065,151.79351184716242
1962625000.0,1.0020804946914952,0.0011308853979871527,-73.51025844256792,0.06982934088257377,0.00031422081740991724,0.00011274698985380788,-25.578457431426475,154.72533231260712
1962750000.0,0.9992941539143424,0.0014921570774279983,-73.12184212597828,0.07244721639180333,0.0003357379129856289,0.00013825296684201569,-57.73788789744285,159.0070978631132
1962875000.0,1.0018517257682662,0.0009941106298504395,-73.00528443611724,0.07510025160900183,0.0003037709554479716,0.0001168717506993214,1.2061681572031688,171.60190965010796
1963000000.0,0.9988082954443075,0.001297946252653119,-73.0611761900941,0.10793764640026506,0.0004553147754255256,0.0001716936889853021,-33.90357984424295,172.29664055647288
1963125000.0,1.00198063071996,0.0010673774112787704,-73.24742802101785,0.07095859654104261,0.0004370223818088553,0.00012645963025266832,-54.346085911346115,152.5860708732385
1963250000.0,1.0051044327366334,0.001745639946226219,-73.2312872295184,0.08873395177172919,0.00041149476058844334,0.00017473749735703265,-152.0240648685634,26.99244259300163
1963375000.0,0.998715786151343,0.001210522972650568,-73.34868312999993,0.05630648413393533,0.0003607016211530233,0.0001586960169784895,-134.90878066174196,98.5514875863476
1963500000.0,1.0055263275260258,0.00161125010792144,-73.17928709358465,0.07734856654661013,0.00031225436494666364,0.00011002426052593663,-97.54855058080203,132.28807401438743
1963625000.0,1.0009885201369975,0.0015140599207712816,-73.6275913745019,0.057907846295663576,0.00046823545447714445,0.00016446043314593105,-90.35305045840579,141.1420154607539
1963750000.0,0.9999970583000587,0.001020008772790589,-73.61648434568677,0.04019827456993773,0.0004676316273670482,0.00020256948625321385,-29.444453216453105,167.9369376007026
1963875000.0,0.9960117035516116,0.0008034556808062233,-73.22516467301654,0.12078392785319464,0.000424263296756612,7.685341099723496e-05,-125.19668421293262,106.17265127054041
1964000000.0,0.994863679940643,0.0008119778772952906,-73.23689347275459,0.06543475577729135,0.00044268876544393724,0.00016019737652375298,-89.42224763933723,136.4884824542847
1964125000.0,0.9966415791987913,0.0012986817339828924,-73.68184263171236,0.060556949843412984,0.0005262333343627802,0.00018314802596210305,-127.95683003987628,108.20649813761065
1964250000.0,1.0041825895239378,0.0009190368776230197,-73.67535482869066,0.046453249116323085,0.0004710784615229503,0.0001556487668306163,-91.65073023294386,137.58228381207002
1964375000.0,1.0012846842831207,0.0008726894235834741,-73.23433153815101,0.06646092305499095,0.0005521795010870888,0.00015073455114808512,-158.2962464918222,13.782798866008726
1964500000.0,1.0009914949955137,0.0010934070352605742,-73.47454144654773,0.07607477544540503,0.00042062649418447845,0.00012730873847573265,-29.386529400990728,164.6629943850379
1964625000.0,1.0044038192327336,0.0011597646496293954,-73.80881341386835,0.08159486370241027,0.0005841544568649082,0.00016849034925185309,-120.82447009731167,101.86282624345445
1964750000.0,0.9954501052963813,0.0009682375124774388,-73.31548131969429,0.07511105574057265,0.00044684893686644045,0.00011342456768150535,-152.56666849719633,19.298462579552968
1964875000.0,0.9966644335976211,0.0014436872266968281,-73.5873859232036,0.05151342316640826,0.000503961696533615,0.00014642372193420615,-117.81913219305825,98.86246434570617
1965000000.0,1.0006622518233452,0.0012794275916902834,-73.6352717382606,0.09264541347237083,0.0006070122847115072,0.0001166531977670084,-156.47911919221127,16.458597179054372
1965125000.0,0.9989131460709776,0.0018423813847506503,-73.75441927690072,0.05031280317888146,0.0006156792819465368,0.00012132026656186412,-148.64472798205787,10.584980599505096
1965250000.0,0.9970843146905437,0.001568665666879757,-73.84533534014169,0.07365785251059806,0.0005391753669410769,0.00011122788745372434,-153.67604088158822,9.483049169706085
1965375000.0,0.9972792043898693,0.001159631821058586,-73.57034417889894,0.061313213070243705,0.0006073340242511591,0.00011234229677196582,-148.24844271848474,11.688850815525642
1965500000.0,0.9986108599314579,0.0011796618085493267,-74.23585306732488,0.06672482649699207,0.0005149357027523772,0.00013073853349429448,-147.563586529762,14.832530188074905
1965625000.0,0.9928281822062253,0.0013077178949532523,-74.23286153501044,0.0646633253908925,0.0006629215935040324,0.0001215550411106454,-138.54055794848227,8.933566828616545
1965750000.0,1.0015743782647206,0.0009494263812601936,-74.16809724657442,0.10660084290283181,0.0006492119282026239,0.0001436490274693962,-149.4927160525144,13.324742094068995
1965875000.0,1.0028608932342649,0.0009732437965557482,-74.10090300248059,0.07700209449533445,0.0005671810698656319,0.0001550902289866601,-154.81718284910812,10.303875296487725
1966000000.0,1.0035494462260177,0.001283727813835906,-73.93686823938603,0.06479642539733954,0.0005163553193885103,0.00013581764442083667,-154.7927994508104,12.877491357375591
1966125000.0,1.0004872111003444,0.0014008194902397442,-73.96624754103986,0.07675715719029942,0.0005685808092590616,0.00012246140035339882,-148.3753391941082,14.993471325501645
1966250000.0,1.0028833171572924,0.0008210945067514081,-74.1025621767819,0.04270790966276096,0.000671210151556359,0.00015864407593281133,-149.63439018741278,8.683828319752816
1966375000.0,1.002676528862362,0.0012215784722419127,-74.5366571705055,0.07279477156463109,0.0006143003535739836,7.242103310698187e-05,-112.03428533648604,100.43797859564695
1966500000.0,1.001890181625719,0.002044975965283225,-74.54864167301889,0.07703708517247833,0.0007548321829209038,0.00017547769125018784,-146.86695170961093,6.754373499710093
1966625000.0,1.0004376741572891,0.001016736272619482,-74.30730530169097,0.04896733787672655,0.0005930044101235338,0.0001371079482077603,-147.28015846589602,9.732753834345557
1966750000.0,1.0006148941678181,0.0007633439840109495,-74.18759971684503,0.06825657094191226,0.0006050803645659281,0.00015911592669315002,-141.79027310296942,20.404801374674243
1966875000.0,1.0012738035139137,0.001356923380996089,-74.38020266449863,0.05644418191566797,0.0005889557893303382,5.923597532441318e-05,-141.566225189578,15.365495023095068
1967000000.0,1.0025242055000727,0.0013961325861486214,-74.38591626019225,0.07848286090244405,0.0006457237012538508,0.00010803095509354224,-137.45731035582423,9.153353852425017
1967125000.0,1.001766500267195,0.0008734678000888641,-74.17881231663192,0.05649271253636817,0.0007331861868242264,0.00012170317411991208,-140.8734119566666,13.714655423540744
1967250000.0,1.0017189003515226,0.001074576616897465,-74.55874882107523,0.0910422829240402,0.0007025451191857171,8.269884301208176e-05,-146.95146705234262,12.42777579218528
1967375000.0,1.0068108072942956,0.0016818915899320989,-74.37416220381174,0.09199815145556516,0.0007254662728418507,0.0001423740887540469,-142.4356631615136,10.863261178921828
1967500000.0,0.9960331510690374,0.0012511332286854282,-74.42554180257468,0.05746529286024199,0.0006711156418065467,0.00016223970459355565,-135.61153276257394,11.657518611204452
1967625000.0,0.9947532532946645,0.0009036998404016255,-74.53426525365659,0.04616990211910686,0.0006491456389416893,7.779116066303893e-05,-143.1047878133516,7.8688075090786205
1967750000.0,1.0013841229866607,0.0008994733602157773,-74.45212439869466,0.07605060701534536,0.0006796241600105617,0.00013482355355401356,-141.00764360698136,11.410615614689103
1967875000.0,1.0026441732771991,0.0009468550366874366,-74.52788431262184,0.05001970851337753,0.0006717957223883675,0.00011009602899332307,-138.76076521603127,13.486276915096985
1968000000.0,0.9972668054169465,0.0015097455436449082,-74.97151297117708,0.04331628119452439,0.0007102860595556249,0.0001430471762953937,-131.39239108457687,7.043869327973123
1968125000.0,0.9991452262225718,0.0008313048828066591,-74.75461483718759,0.03210192729029202,0.0007163333034841308,0.00018337910986574035,-133.5864440668181,11.348353911671525
1968250000.0,1.005685423018372,0.0009865546656706353,-74.63987632645939,0.09217083248575414,0.0006702911743060705,0.00013407613921660722,-133.26872538476957,10.519138422170226
1968375000.0,1.004104886440453,0.0012831915591443594,-74.79360018841041,0.09369652187917796,0.0007021564426321097,0.00019947867905996896,-137.20706759642204,9.469027552841473
1968500000.0,0.9957415911212933,0.0014804583641717746,-74.68508820181749,0.0648516442722822,0.0007106485563599409,0.0001651314752548253,-129.50935316582127,8.51581320514844
1968625000.0,1.0034101798947235,0.0011428304715434276,-74.87224962792705,0.052782649579793436,0.0006069418085552831,0.00011057124883235492,-128.98227005890402,11.04283897598641
1968750000.0,1.001626136543898,0.0007376062746477371,-75.23855922666849,0.057282510734735996,0.000663429850741294,0.00010831204336404069,-138.29901524951848,7.401492007467373
1968875000.0,1.0048979235536122,0.001568388662578821,-74.84645398502957,0.0643510140134393,0.0006949166700015011,0.00020004585094898626,-130.4399619593168,11.330028175820178
1969000000.0,1.0022156335159136,0.0010920759987340656,-74.79526757916815,0.06824629473273024,0.0006154058630727464,7.680301723845375e-05,-125.81130500379179,9.670542712351144
1969125000.0,1.0011633886262528,0.0015902006929099358,-75.06737680352356,0.08358996832343533,0.0007043757703420617,0.00013620337541350445,-130.74402237125673,10.906615368103312
1969250000.0,0.9972484285658015,0.0014961804980117405,-75.23293460641554,0.04198494769088626,0.000692875450416757,0.00011687011596064901,-126.13572300128368,11.168619832745215
1969375000.0,1.0012303913778757,0.0013116477288526581,-75.52544026399511,0.08179618752061608,0.0006872165806941546,6.617772782141174e-05,-125.73217281095609,13.571057215319518
1969500000.0,0.9987244470370386,0.0016607673619719926,-75.22780815111278,0.059286210944125145,0.0006681853063375202,0.00010926041765696004,-128.38410118092747,8.415389278390236
1969625000.0,0.9993325173189105,0.00071142878777099,-75.49229811092528,0.06499679906329796,0.0006140541202476385,0.00012912504765305333,-123.10397550779948,15.599579812681416
1969750000.0,1.0037852401994778,0.0013233676978381909,-75.148983514894,0.07028634236138713,0.0006849729657940119,0.00015113574677900023,-123.32068372611926,10.520706872635905
1969875000.0,1.0016053020932116,0.0012330509740751485,-75.48052252531339,0.0740475216748611,0.0005552051524967919,0.0001063640486360113,-122.87510262467325,14.714298909346251
1970000000.0,1.0003865291563807,0.0013094499801025161,-75.61080972965762,0.0750950945878092,0.0006591621814108639,0.00016096012284545408,-116.91582132598971,16.632548878792775
