Measurement_Mode,Frequency [Hz],S11_Amp_Mean,S11_Amp_Err,S11_Phase_Mean,S11_Phase_Err,S21_Amp_Mean,S21_Amp_Err,S21_Phase_Mean,S21_Phase_Err
110_Wide,1870000000.0,1.0233119916845799,0.0012929682252746197,-52.02600084050414,0.07304720440983305,0.0011899409893160813,0.00020237487589215263,-99.20670326876616,12.087666919369552
110_Wide,1870125000.0,1.0161384742178952,0.0015319942346755356,-51.55143896215533,0.0928520224104717,0.0010862168935500491,0.00020439164861183595,-101.52293880343134,5.580067806995798
110_Wide,1870250000.0,1.0094166310285593,0.0009415923057254322,-52.345447401678264,0.06849401541623075,0.0011289617624634638,0.0001700882201650355,-102.55285132160805,5.999786189946249
110_Wide,1870375000.0,1.0070283326293392,0.0018047589689554578,-52.47180007782211,0.07410782356505707,0.0012078045108591421,0.00015111709283315475,-97.82558185432411,7.176034373200322
110_Wide,1870500000.0,1.0168320528605959,0.001094119722115175,-52.55906241796367,0.07499628859674352,0.0011046414075029055,0.00014093107062021222,-100.90353632617494,8.07726751642024
110_Wide,1870625000.0,1.0210362643497979,0.0015422823581453962,-51.97145163238487,0.10280728490351594,0.0011490582179827186,0.00014381559881649974,-96.6644766249332,7.018681849671377
110_Wide,1870750000.0,1.022335765584123,0.0010114666181686015,-52.16283741651635,0.07443672581631257,0.0011998010993988888,0.0001924484303441555,-94.63594863792106,10.259063425284438
110_Wide,1870875000.0,1.015087911519664,0.0013677799707270339,-51.97988433341961,0.08158290742829535,0.0011009664611952767,0.0001482201541966819,-93.59741657492738,8.567721826330933
110_Wide,1871000000.0,1.0270745980015457,0.001967536066616368,-52.44196861704803,0.10903784225936292,0.0011680902310050795,0.00019551103619930619,-95.51949086876354,8.946133607287297
110_Wide,1871125000.0,1.0239368412216296,0.0014165386766444932,-52.99826339037946,0.06879310517195296,0.0010882649668086087,0.0001312045272333269,-97.51191856347545,7.327736616184796
110_Wide,1871250000.0,1.0288494711839047,0.0013041072405227184,-53.37365467707342,0.06384979320290536,0.0012419733554888766,0.00019511419403442888,-98.13657272691148,7.716365564823406
110_Wide,1871375000.0,1.026666569861777,0.001333401392949602,-53.01944664060431,0.08416094410337564,0.0011218255692405383,0.00016714112742540846,-96.09187822345012,9.083129347400735
110_Wide,1871500000.0,1.0365027202559844,0.002148118812829944,-52.38881394979016,0.05871637392716085,0.0012055725503969117,0.00014415505073987325,-99.73280740132496,7.242146201813546
110_Wide,1871625000.0,1.0328956671193148,0.0018123453880585629,-53.13418248343787,0.08468535955572074,0.001189959468636998,0.00016410284780812655,-95.4476754818558,6.91547451342095
110_Wide,1871750000.0,1.0423890343277122,0.002300523431090743,-52.743716170212394,0.0804927164243952,0.0011400860669114588,0.00018452863641212506,-94.47403139500813,7.130054498193439
110_Wide,1871875000.0,1.0405845790321413,0.0018773572017355116,-52.88857045487372,0.08710221553423875,0.0010714287835472795,0.00018340139151433243,-94.4844752902078,5.495464207368019
110_Wide,1872000000.0,1.0378086206382142,0.0015384553647870153,-52.62031145201975,0.12301019308927899,0.0010645068842161675,0.00011732836952164466,-98.71732416062208,10.567799455487593
110_Wide,1872125000.0,1.0422050834153533,0.0022681578497533057,-52.506035459605165,0.07792390247078085,0.0010456071322769486,0.00018471984986696184,-90.68265483691474,7.233231452089926
110_Wide,1872250000.0,1.0405842713763107,0.0012052968428192033,-53.25103634666901,0.1049681497473325,0.0010813398972925015,9.624719973746898e-05,-98.11078976110565,11.031892191119582
110_Wide,1872375000.0,1.0363007138978202,0.0025999923554623963,-52.89610163328652,0.06292327714032847,0.0010922021189129852,0.00011324508953022131,-90.33501124863875,9.720830762920304
110_Wide,1872500000.0,1.0466097423383134,0.0019119219280031633,-52.732483609912684,0.08171969277696446,0.0010536235152346356,0.00020355502432567723,-92.49605519629469,10.064816443027732
110_Wide,1872625000.0,1.039649803694041,0.0023107706371246657,-52.75390985396364,0.104693946952311,0.0010923082907957206,0.0001675027860004196,-96.71132155000821,9.48384585953949
110_Wide,1872750000.0,1.0543880857430876,0.001077532920962619,-53.07532574822948,0.09630212171230462,0.0010934396021026686,0.0002372903130552642,-93.34519828423541,7.853205946849087
110_Wide,1872875000.0,1.0484818857317044,0.001633646486607952,-52.65994266193735,0.10116217554318961,0.0010913277454849073,5.936461854471934e-05,-89.75069426771644,8.44019677835184
110_Wide,1873000000.0,1.0516178342665352,0.0022551725061896936,-52.45883179375922,0.08518443763264584,0.0010955518633465938,0.0001161999331517749,-90.34050228965837,7.741971340602021
110_Wide,1873125000.0,1.0414808649703866,0.002232086995037318,-52.41713125233347,0.0518268895148426,0.0010327619798159468,0.0002070300779243892,-92.04788623318292,7.826549246896072
110_Wide,1873250000.0,1.04240378482876,0.0018803880501965004,-52.53806926587025,0.08290628613278916,0.0010709878365000771,0.00018839130192260876,-94.70058976547591,9.589732037898646
110_Wide,1873375000.0,1.0585353871978334,0.001725616670161464,-52.47531678588444,0.08425842675948426,0.0010527207995324412,0.00021761896402358222,-95.17368482736288,7.065652298326764
110_Wide,1873500000.0,1.0553760652398407,0.0016967389353269862,-52.241603917940964,0.08630980406370092,0.0011372521769147863,0.00019589901037041883,-92.14956869611896,8.119332097916327
110_Wide,1873625000.0,1.0517007081787475,0.0015452655120567057,-52.27000010009833,0.08149730491150169,0.001151377931947578,0.0001460952137422751,-92.68870273530776,7.56791195995104
110_Wide,1873750000.0,1.0538048354970868,0.0016079984511451154,-52.04241256209806,0.09573299670423581,0.0010432964382301717,0.00021182886877725725,-87.27226113077984,8.76203469118998
110_Wide,1873875000.0,1.052959201212124,0.002113241724641922,-52.26202458622322,0.07635976035508087,0.0010880574022346806,0.00018024770666002062,-93.63072261202205,9.10216964710464
110_Wide,1874000000.0,1.055125792168634,0.0014123234888716346,-51.59161334038052,0.07463980403464437,0.0009281212281496485,0.00016021837829051833,-92.59624435167758,10.935689641897
110_Wide,1874125000.0,1.0585826661819868,0.0018787567686301765,-52.68781135464523,0.07698023201747657,0.0010565295644598587,0.00018085375143073,-90.76459046991644,9.325680508088062
110_Wide,1874250000.0,1.0504073112698882,0.00136151560474769,-52.329113200435366,0.04845443667606839,0.0010289578630971723,0.00017249059303124975,-87.47812811770095,9.221665030890914
110_Wide,1874375000.0,1.061117565602665,0.0018439437987884894,-51.77780563413813,0.12078761549013144,0.0009482376071026504,0.00023025455758400812,-89.6923237882042,13.345211202462954
110_Wide,1874500000.0,1.051728374372995,0.0014999546198471829,-51.94400990389831,0.09676992312487702,0.000957324097017992,0.00015789805945333522,-86.83660564402614,10.71266758977723
110_Wide,1874625000.0,1.0524589606696426,0.001333174588977044,-51.9939780140295,0.09581961694293277,0.0008313615295109076,0.00016639717374967598,-96.17751559332035,14.791106611390415
110_Wide,1874750000.0,1.0499371269156466,0.002494485770656525,-51.27534522888409,0.0898587814787948,0.0010051690447274331,0.00017467254278543266,-93.01330799953797,8.766006253567966
110_Wide,1874875000.0,1.0407355324156498,0.0013227574153719893,-51.23190030352258,0.06399280108547552,0.0009301950724094932,0.0002232005946478517,-85.11443442181901,12.769241284423474
110_Wide,1875000000.0,1.0513769613090758,0.0017983514006625477,-51.59205710909704,0.09527162521385385,0.0010182729609628735,0.00012629914473578623,-88.72816752787381,10.901844702887942
110_Wide,1875125000.0,1.0436361374205576,0.0013008351986219773,-51.56503531886045,0.08393353990997246,0.0009009541646702404,0.00014612002251225683,-91.73341723338955,5.815941154398795
110_Wide,1875250000.0,1.0465732207479763,0.001745467868251545,-51.81479845281447,0.11050622643240955,0.0009934824304393217,0.00018470360640776204,-87.51640569696406,10.129229059175723
110_Wide,1875375000.0,1.0373074103905546,0.0011164094156691099,-51.51356440819218,0.10910454635995313,0.001013483346119299,8.93819554978876e-05,-85.07455722261264,11.86201932272764
110_Wide,1875500000.0,1.0441759986437098,0.0016982490187664192,-51.40200600698509,0.11724188975676189,0.0009283501871776861,0.0001805754505071364,-93.00508111242753,6.2748390466932955
110_Wide,1875625000.0,1.0427252091845338,0.0015813952676372908,-51.885173486437964,0.08339613984480827,0.0009840144686758196,0.00023179411457365645,-88.80308280943648,8.878366960589643
110_Wide,1875750000.0,1.0499548001115413,0.0016749404871742547,-51.09198995329851,0.1165310558943043,0.0008711516146639258,0.00010639342144620108,-84.73445927245702,9.913826086903649
110_Wide,1875875000.0,1.0353013539351306,0.0015364591606089532,-51.36715089189229,0.07113689028587797,0.0009336052702266164,0.00011476219196510914,-83.10557428929886,8.260419004982507
110_Wide,1876000000.0,1.0376540218346721,0.0019710158797455754,-51.05653960945994,0.11255953095880142,0.0008671138953060616,0.0001740739236563945,-84.9068648661275,12.28111366060832
110_Wide,1876125000.0,1.0279189576323216,0.0012928852282459873,-51.581449284306046,0.10195395987067729,0.0009602677441477856,0.0001026501708188501,-85.25993312479513,8.895801317763835
110_Wide,1876250000.0,1.0205699226976823,0.0013317527869903339,-51.68284032983497,0.06960306534707879,0.0008515460675435217,0.00020779046510596173,-87.06330006313443,8.301858859434672
110_Wide,1876375000.0,1.027286630866531,0.0014533855297647082,-51.55275817714139,0.06595818046306477,0.000916240779409179,0.00013567231943360932,-87.23404604456084,9.087285935532801
110_Wide,1876500000.0,1.0329674755485552,0.0017859050715271648,-51.39675677404386,0.13225022428415695,0.0008544664948482745,0.00018008746542071328,-91.59926264912367,10.137077423843767
110_Wide,1876625000.0,1.0260772568220293,0.0016432773435386852,-51.40257283423962,0.09437528556882813,0.0008371291565762646,0.0001289409791234682,-86.44193109943897,13.290765013384346
110_Wide,1876750000.0,1.0319662265604275,0.0013334201148273855,-51.447209549349886,0.12010845097867745,0.000910357667705314,0.0002055475156986987,-86.907140324774,12.246909989376954
110_Wide,1876875000.0,1.0236490952357944,0.0017500859994451284,-51.584519372768476,0.09711478247695612,0.0007936862394073636,0.00018324944703248006,-85.3486980733358,10.864112482212672
110_Wide,1877000000.0,1.021120264906972,0.0018125608613026865,-51.73231689764858,0.11089323140556061,0.0009027109010197363,0.0001718837407232904,-91.83589687252991,12.283325386332155
110_Wide,1877125000.0,1.0206689933671331,0.0011418907982984035,-51.91318821717287,0.07330637728073419,0.0007333439459757617,0.00023099116392884042,-84.27121706564265,15.457774910257962
110_Wide,1877250000.0,1.015061133722969,0.001569745083666112,-51.550328178484286,0.0901115031118047,0.0008493122718172213,0.0001724251417132703,-89.36001917432425,9.981792390884282
110_Wide,1877375000.0,1.0185418770952677,0.001303302578039732,-52.532495963591565,0.06818720827707578,0.0008096176027090132,0.00021706138312424468,-83.02276982787222,14.457940003612107
110_Wide,1877500000.0,1.0168846211935691,0.0016501824154080556,-51.92579315317165,0.08512389219971618,0.000812830526673583,0.00023420327844915132,-95.32039822106996,8.547613741006435
110_Wide,1877625000.0,1.0138801581735093,0.0016199529253384786,-52.16333384950102,0.13384143476447083,0.0006767929137288339,0.00017128553684799366,-84.51497735831032,9.979413693581302
110_Wide,1877750000.0,1.0310160318612853,0.0015719491096051522,-52.23098223469073,0.0592028806774083,0.0007526842707150349,0.0002249885168645555,-88.40305670025674,13.897020503438094
110_Wide,1877875000.0,1.010914959998215,0.0018717357530340748,-52.92525830439371,0.11108301834763513,0.0006899862214529853,0.00014476646098802515,-88.44124743408335,14.412184858400966
110_Wide,1878000000.0,1.0097235754266982,0.0010169988888954766,-52.33919451086123,0.10821193038553795,0.0007966721530548808,0.00015713108771428025,-86.82832454424167,9.701892396644276
110_Wide,1878125000.0,1.0129358778107704,0.002038308248451949,-52.66554705849381,0.10901759200728768,0.0008228338003149344,0.00019111902170925932,-88.04294410287815,12.453550783334212
110_Wide,1878250000.0,1.0075717864267433,0.0016428184598026732,-52.967319552253834,0.0988733378847196,0.0008145020277982908,0.00011014777966321554,-89.12106770569129,10.99518454528873
110_Wide,1878375000.0,1.0085309498784036,0.000914983827037608,-53.16657933729854,0.07703886688683086,0.000641682147335931,0.00016829199066287808,-87.2460420573715,16.731259767506476
110_Wide,1878500000.0,1.01456312099762,0.0011257215219653185,-53.04370769438046,0.07572443579598709,0.0007335701870268957,0.00011109006866351764,-87.92518626039522,12.199396843753732
110_Wide,1878625000.0,1.0136028529444638,0.002021121406379937,-53.002882411196715,0.086562373733299,0.0008080308297264035,0.00018415894814656242,-86.25012908635259,8.684304984591689
110_Wide,1878750000.0,1.0069225899038279,0.0016790395016413227,-53.52102323464076,0.08506964433652599,0.0007756017281577493,0.00011561059662784911,-90.25756498411975,17.771977581735104
110_Wide,1878875000.0,1.0038026201479553,0.0014311661397943148,-53.53176610985192,0.11367937498849699,0.0008006071026930117,0.00023906086157642875,-99.43858644647386,10.946000477578993
110_Wide,1879000000.0,1.0219411429738685,0.0018786714264169403,-53.929521927593896,0.09958332742174665,0.0006677204170241802,0.0001537142064894821,-96.48968164475941,20.16416876547356
110_Wide,1879125000.0,1.0186277045578804,0.0015231877412017977,-53.248654429924855,0.07252343402152672,0.0008199248439710817,0.0002035200029376047,-88.18121163788257,12.870783574309431
110_Wide,1879250000.0,1.0140733005589795,0.0015736803223400917,-53.64680447415638,0.08412201000926876,0.0007277345412529013,0.00015072762749994192,-83.22750411302977,13.765623133459485
110_Wide,1879375000.0,1.0156495538979233,0.002007650571668253,-54.0610293362714,0.0488214036037733,0.0006830231072824245,0.0002772855214800674,-94.67718852337002,12.882642400423192
110_Wide,1879500000.0,1.0133166972994014,0.0019395049883470957,-53.97242492487196,0.11782044855756368,0.0006576016193154031,0.00018942991060578074,-85.4671231645455,20.235335535878164
110_Wide,1879625000.0,1.0072430814983204,0.0013779458063892696,-54.18639873677695,0.09112867257511692,0.0006686680540436682,0.00015307400420699164,-97.95301757467871,16.80216271892498
110_Wide,1879750000.0,1.0220805968065725,0.0022604390031223114,-54.214270654351395,0.11691790970379459,0.0007109243044778893,0.0001607138035044463,-96.22069662027809,11.443610415446065
110_Wide,1879875000.0,1.0197133769581526,0.0019471706161188788,-54.17391076081343,0.07888338602622906,0.0007209680229007081,0.00013763282124976158,-93.22010290781267,13.712271947729684
110_Wide,1880000000.0,1.0167233607315325,0.0014404206405938037,-54.1809671019463,0.0877578573622326,0.0007377787714845742,0.00019579124449457984,-97.86958877382165,12.329010367703695
110_Wide,1880125000.0,1.0174255635078888,0.0014744158745091866,-54.228686644438326,0.1116996942453333,0.0006449927097346748,0.0001353669772144964,-90.45705876750027,12.774674719437623
110_Wide,1880250000.0,1.028979966867623,0.0016986396649833824,-54.568537622015,0.11048913582343708,0.0007176195111401371,0.0001651800707275828,-100.65426707034267,32.01672298661064
110_Wide,1880375000.0,1.0234405896648269,0.0017171453383182335,-54.399159591283485,0.07181290205453297,0.0005822558863094277,0.00017075419137913423,-97.04615231546852,14.543615787968665
110_Wide,1880500000.0,1.0246416341357931,0.0012230999960939804,-55.38024766510213,0.12278256806239382,0.0007192108626835729,0.00020472150523077957,-100.6597219570226,13.85818910848374
110_Wide,1880625000.0,1.0210594354472704,0.0016080378638870954,-54.72494842511041,0.07220900302471103,0.0006614663632515155,0.00011186278766053378,-100.74392940259048,12.794019565554473
110_Wide,1880750000.0,1.0282900230044194,0.001519385445443753,-54.08462476465537,0.14086678103967126,0.0007159581097846916,0.0001329506753433508,-90.75591662939898,20.855960646437538
110_Wide,1880875000.0,1.0298820070613366,0.0015614511263566714,-54.94174332523267,0.06516000729868947,0.0007024761781110555,0.0001886021400576545,-100.75727642508024,22.42971193316758
110_Wide,1881000000.0,1.0349757003166509,0.0017402818059291828,-55.176202213270145,0.07971070763866972,0.0006592968031629462,0.0002070228223080476,-97.12514734926103,19.600544308354817
110_Wide,1881125000.0,1.0216399824964764,0.0016964842676356596,-54.7511020966605,0.12550658671382992,0.00072508457254933,0.00011057085483851891,-97.62977211464136,15.908643075281702
110_Wide,1881250000.0,1.034005430826796,0.001519198299558367,-55.34696127081215,0.07581735357735764,0.0006299127786421046,8.738382565428932e-05,-101.09594277652897,16.190189841861635
110_Wide,1881375000.0,1.035784492078392,0.0016643419901484094,-55.17872667981469,0.0959883892980387,0.0006662523706463665,0.00016824678102969444,-110.2743643481976,19.035089524791985
110_Wide,1881500000.0,1.0447874088087972,0.0020161623999809626,-55.3845162822493,0.05373296446530657,0.0007215783119332701,0.00018669873364224673,-106.65346561591478,16.164606359969614
110_Wide,1881625000.0,1.0377207973837812,0.001214727826388318,-55.11316816428841,0.10258621430913649,0.0006323024447054764,0.00024576074750367607,-119.19760536752965,25.535148381156823
110_Wide,1881750000.0,1.033039355909335,0.0013717582739270332,-55.445190111047886,0.13435903675574165,0.0006845059396991433,0.00015598749857494135,-101.33667041354245,14.310492785371375
110_Wide,1881875000.0,1.0484769490832913,0.0020746642019495373,-54.689549612786344,0.10474914224623119,0.000709777468338298,0.0001760985360349937,-100.49161799248215,18.446397442925498
110_Wide,1882000000.0,1.0365694461753308,0.0013438103432941162,-55.469862395282675,0.08940988258227264,0.0006415857328154588,0.00012976646649100163,-105.50409882662493,15.516362748097574
110_Wide,1882125000.0,1.0334183466450027,0.0010212931499574915,-54.934248633907195,0.12185545161960795,0.0006772185960007992,0.00017664197012967595,-103.8848128242303,17.04088033390814
110_Wide,1882250000.0,1.0418338610132267,0.0016594507522497727,-54.931683398695185,0.09587789830149547,0.0006580583389357876,0.00012138726437492799,-100.78514561564936,18.461871549695232
110_Wide,1882375000.0,1.0428872858774505,0.0015722764106079245,-55.01595134143872,0.09231167759663196,0.0006940417144221177,0.0001609746823034198,-99.67176394400286,18.050408499381156
110_Wide,1882500000.0,1.0409922781842513,0.0012603006176193333,-55.021711604388514,0.09018121545105953,0.0007692508378330907,0.0002299442278963026,-102.6748812680355,11.993887135028674
110_Wide,1882625000.0,1.0365011696934636,0.002059613537045698,-55.324349422026465,0.12995126349171635,0.0007719546562232365,0.0001588767353320539,-103.13470559629192,14.943590502868185
110_Wide,1882750000.0,1.042438322090545,0.0017695399316595372,-54.96369105607304,0.11447961529131061,0.0007405231152722514,0.00018110732819704123,-112.3240931590772,14.013035572344783
110_Wide,1882875000.0,1.0392569339143636,0.00136042738090818,-55.53187073076246,0.11417459860774684,0.0007601456020307214,0.00022083008087312646,-109.07912098691305,20.762174750426766
110_Wide,1883000000.0,1.0285586822775419,0.0007071099867739115,-54.63916325993575,0.11664527518158209,0.0007982571482927638,0.00022955520494940092,-109.53142458559961,14.336701169884202
110_Wide,1883125000.0,1.0335540626405528,0.0015998189823919452,-55.15359723889257,0.10803406806384676,0.000729607598908949,0.00012185791346540005,-104.848504173331,19.781812577432937
110_Wide,1883250000.0,1.0496478137931555,0.00197225544795275,-54.9910686813638,0.1044104825529709,0.0006820451011384022,0.00025612532880755503,-111.97022988346936,12.519987769613302
110_Wide,1883375000.0,1.0381633470799472,0.002160754353153122,-55.21598108299216,0.08056403232234281,0.0007963446064270087,0.0001564748909450244,-107.03535049774065,12.028264539452955
110_Wide,1883500000.0,1.032756023613209,0.0019379609539241958,-55.32485533981056,0.0997188040795032,0.0006733595447704799,0.0002448637208913522,-111.17664658569277,16.67499922279798
110_Wide,1883625000.0,1.0494571649744202,0.0012450106913532734,-55.303509372702436,0.07827990252017776,0.0008174151377894624,0.00012891213083536656,-110.10622156703805,11.24355514535636
110_Wide,1883750000.0,1.0346916282251544,0.0014725175389910842,-55.10266530954387,0.11699956839753961,0.0007955378004857619,0.00011009061419069118,-110.12023711590226,11.477385607484667
110_Wide,1883875000.0,1.0461923972186749,0.0018059183446244918,-55.42376147819649,0.10522838074675989,0.0007990184040911108,0.00014389623579750147,-111.33206917284991,10.38786564698708
110_Wide,1884000000.0,1.031679981477485,0.0009698110834309881,-54.67717479816211,0.120000195253146,0.0008573535807371042,0.00017894443335766917,-109.49571090680993,12.880676556733267
110_Wide,1884125000.0,1.0394483137709036,0.0011501484232565853,-55.32571496599703,0.061133733503234096,0.0007898482355653033,0.00017833174218961207,-107.03695199519183,12.790712888982078
110_Wide,1884250000.0,1.0268061169730822,0.0015542702817741192,-55.408497463389445,0.10062937610726058,0.0008463787784839722,0.00012494630004699126,-102.74080669658638,6.78815731159186
110_Wide,1884375000.0,1.0325854436175104,0.0013621107382809133,-55.31409660663085,0.05531604270692508,0.0008421897035089094,0.00021747994322708763,-111.90409934694284,14.799056422787846
110_Wide,1884500000.0,1.029876453881248,0.001568595152383742,-55.59215173927962,0.08166297071407744,0.0008956868950603555,0.00015426066305720894,-103.95852735384021,10.544200167742193
110_Wide,1884625000.0,1.0270663682878403,0.0015686838063456942,-55.75479150000883,0.12145078839087049,0.0008383841919787371,0.00016590692297987198,-108.12860372439762,10.946263176580894
110_Wide,1884750000.0,1.0404919973450135,0.0023754339101159675,-55.71627689737334,0.1207352687528998,0.0009921155258489198,0.00014511860170042642,-110.09049977944126,8.36697503046601
110_Wide,1884875000.0,1.036029498643287,0.0015518017028832505,-55.86976253864052,0.10384407667371047,0.0007930026891938363,0.000186862520718662,-104.51811700251771,11.368343361980424
110_Wide,1885000000.0,1.038112366305475,0.0015169330587894794,-56.04432559336201,0.06879186854766478,0.0009428376309655316,0.00014885696268100097,-107.28782085395888,13.38653387061747
110_Wide,1885125000.0,1.0298182769465343,0.0014871345701296427,-56.45946934389949,0.10880069561045896,0.0010027512608450537,0.00014077706133980238,-114.9928289235699,7.353703812050217
110_Wide,1885250000.0,1.0366474123298088,0.0014088352544529533,-56.1979792261359,0.1049577309805116,0.0008973777187244519,0.00023155470043125816,-108.32634931686023,6.201706481683589
110_Wide,1885375000.0,1.042132496181464,0.0016198917618508492,-55.24490992839282,0.09063680763291464,0.000900607713915438,0.00012740874270342008,-104.89079645519887,11.76583573715339
110_Wide,1885500000.0,1.0300275915400232,0.0010161553999494463,-56.03397927982715,0.11502266853943277,0.0009286500778988079,0.00013608749456061153,-108.56584199357715,11.725937570292679
110_Wide,1885625000.0,1.0282490062643246,0.0014819636170244504,-56.63042672731089,0.0965217296858031,0.0009202407231686849,0.00025136897822446,-105.7472107802243,11.333862974696661
110_Wide,1885750000.0,1.02464215890817,0.0021823656205651664,-56.63186830481515,0.05880344200888642,0.000940431600659327,0.00014590468677938667,-108.82703633270464,14.853346834123615
110_Wide,1885875000.0,1.0402582931387323,0.0024884999811056064,-56.604578253995776,0.0981585451526154,0.0009582157128539341,0.0001780556269196943,-107.4275934455853,11.286962141406079
110_Wide,1886000000.0,1.030936515864347,0.002058357793581139,-56.783706386803445,0.06714523779874965,0.0009200760578842696,0.00012283519743671814,-105.62562433495972,6.949234115840964
110_Wide,1886125000.0,1.0335343072422165,0.0012643911627548956,-57.00782409545012,0.0930662485628125,0.0010350397876725253,0.00011082630678369603,-105.70141532113682,7.9343275796983574
110_Wide,1886250000.0,1.028226784726417,0.0013054376325566893,-56.59069285455335,0.08837456571541083,0.0009514526162308192,0.000146361951161918,-105.44155371714841,8.529297043547997
110_Wide,1886375000.0,1.0318094295779725,0.0019169970066212573,-57.07130002794341,0.04420548640053013,0.0009313391841801376,0.0002010653757756036,-102.62157575660234,4.899277696831794
110_Wide,1886500000.0,1.0374294047204478,0.000985638698065067,-57.12682650072969,0.0835477892620744,0.0010914630731011221,8.532914732681597e-05,-104.85037329519571,9.111029324262416
110_Wide,1886625000.0,1.0331337844473918,0.0019811583232361082,-57.04372754994429,0.06834345402310199,0.0011061110214581188,0.00013734837334828697,-109.0258237144503,7.797163991001583
110_Wide,1886750000.0,1.0341382270889876,0.0014723506639000045,-57.16260597397273,0.09240913062205082,0.001039755324075203,0.00019215154561384018,-103.65086978464917,9.18019127703659
110_Wide,1886875000.0,1.0428366203627515,0.0008998970251170985,-56.79597011702653,0.12407111622661954,0.0010815574300235109,7.68763804030816e-05,-102.388634401684,6.685557970180029
110_Wide,1887000000.0,1.038917889027743,0.00197643629925858,-57.56127938284405,0.07221414054508155,0.0010061477025195267,0.0001618204430082334,-110.76035660409194,7.617640385699307
110_Wide,1887125000.0,1.050754380136216,0.0021239438323760952,-57.18922060378388,0.1268043347229771,0.0010185473397394096,0.00013123821312255226,-106.0054978403875,10.379967654680428
110_Wide,1887250000.0,1.0419286285506775,0.0018462013967063403,-57.88827739134605,0.094599835887117,0.000953459671655534,0.00022021709781389683,-104.02217996116555,9.763139347572954
110_Wide,1887375000.0,1.038659180953642,0.0020258830782155794,-57.61239323593362,0.08360498259330464,0.0010480912247821169,0.0001112269119394365,-107.83297664719291,9.333471602246162
110_Wide,1887500000.0,1.0472663253051944,0.0019426276524153133,-57.76503107892038,0.13980389177675612,0.001073559927735055,0.0001915225673129287,-104.99488776595908,8.527721067774507
110_Wide,1887625000.0,1.0435737144630952,0.0005792603037665536,-57.97014201358391,0.0827289979982993,0.0011762405292779566,0.00016791579991568055,-105.66006387480543,6.602616369118597
110_Wide,1887750000.0,1.0466921167221241,0.0014261713583588757,-57.89268067515993,0.13328689621677067,0.0011294672019659749,0.00016413693942077956,-103.20201765993602,12.947437756508736
110_Wide,1887875000.0,1.0528112172133448,0.0012190221300679295,-59.13670956495897,0.1200085410232888,0.0011722746397907398,0.00014557520667855933,-106.67864440143245,4.83766806785253
110_Wide,1888000000.0,1.0577257739032087,0.0015322393301706945,-58.39045196559584,0.0810738696376873,0.0011334798062852685,0.00014611401112842612,-98.62134636984237,8.373333461170482
110_Wide,1888125000.0,1.0475157516274607,0.0014467358993182065,-58.9324553092002,0.10664697145837458,0.001097911933004964,0.0002480522009310325,-103.38204770530851,5.309014411465368
110_Wide,1888250000.0,1.0581258048594377,0.001991062715815379,-58.394900263880736,0.08083535967086519,0.0012299398704763386,9.163307844553134e-05,-100.28501333620977,8.417940724654079
110_Wide,1888375000.0,1.0594334000075203,0.00123984615696316,-58.91190854883083,0.07971661438344868,0.0011851275898970826,0.0001367188804693783,-96.58892291065543,6.348035505128409
110_Wide,1888500000.0,1.0578703146032087,0.002372549457094841,-58.638094921226674,0.10270715598400207,0.0011797150162907485,0.00020402412221149168,-104.92386203500851,6.606996661870487
110_Wide,1888625000.0,1.0528063480948369,0.0017738709803240351,-58.74552963017109,0.09684955451892345,0.0011620987071420165,0.00015818610456339537,-100.1574286267144,6.831101342070241
110_Wide,1888750000.0,1.055779175337261,0.0019701263923472653,-58.42221973367178,0.11329578002628536,0.0011727355309734061,0.0001245110233197304,-100.8968221976162,8.872539072918034
110_Wide,1888875000.0,1.0574664056519016,0.0012675710031430515,-58.864085959680764,0.0744510064872296,0.0012342728518500072,0.00016000332596008548,-102.29194425926156,5.054538114379881
110_Wide,1889000000.0,1.0690356689648497,0.0017609166942759253,-58.6573294757727,0.048356116130325096,0.0011757636040607856,0.00020054676020769143,-96.70566260543681,8.250012446362119
110_Wide,1889125000.0,1.0516290382331985,0.0017012642726251268,-59.09214232309435,0.08088218395662933,0.00124086872188664,0.00010610375701898187,-101.55388070027858,6.701728216243862
110_Wide,1889250000.0,1.06707450927153,0.001677309884954501,-58.90002561282712,0.07083426608961864,0.0013311958278590824,0.0001975926669028525,-105.36785038751232,8.739447795859093
110_Wide,1889375000.0,1.058144508813963,0.002129660278371027,-59.049169060432995,0.10962064000849567,0.001351506141069674,0.00016811318868445883,-102.47221314901195,6.8333303471233044
110_Wide,1889500000.0,1.0629909962401762,0.001953488878072368,-59.222655447718374,0.11158521140526656,0.0013544199692233968,0.00012502596810410992,-98.61278960979271,6.900782367887758
110_Wide,1889625000.0,1.063164894675071,0.0016497162974691067,-59.03896633275506,0.04742244282234457,0.0012749587524579992,0.0001795969440825629,-99.50531815912134,7.4987917005677085
110_Wide,1889750000.0,1.0695091878565295,0.002737374229404531,-58.87330486617491,0.12295791817025423,0.0013088545235597389,0.00011477684704234096,-104.23768184472685,7.973670369481888
110_Wide,1889875000.0,1.0595582649010802,0.002179914682912302,-59.000782574648426,0.1026760702378692,0.0012734189887347162,0.00021446981791398823,-101.30126502487133,7.049814902732249
110_Wide,1890000000.0,1.0651387898313427,0.0013389911794638588,-58.484907540700874,0.10911328444359757,0.001421377635190874,0.0001643744650228875,-100.05293421569739,4.590466412070352
110_Wide,1890125000.0,1.0692362116164207,0.0020309998643999543,-58.57056694818999,0.13855857635661983,0.0013210434584545346,0.00013852069126222286,-104.68183477238793,10.181030953386657
110_Wide,1890250000.0,1.0703353634439843,0.001290711283338795,-58.43316233862838,0.08730455793394583,0.001408539311483475,0.0002077779878661804,-104.04683770700312,8.76760795326358
110_Wide,1890375000.0,1.0611753740556424,0.001596376642151056,-59.01429126419218,0.05503529935364909,0.0013654573653280315,0.00015282227740121595,-102.59265763369558,5.917805180471079
110_Wide,1890500000.0,1.0614457988744348,0.001371747091228565,-59.30806045769683,0.09007667823595118,0.0013172051859349511,0.00021155615255527747,-100.57784993822338,8.32150263645038
110_Wide,1890625000.0,1.0610283281236008,0.0024938386060094826,-59.22648321384713,0.09637075748467433,0.0014158571817422547,0.00015871265853819496,-103.3455055880041,8.760012402551293
110_Wide,1890750000.0,1.0700207401558062,0.0024865981466092426,-58.93527118698132,0.1275900671596742,0.0015173979601648018,0.00013196812709495893,-101.67757353433666,4.890649584321462
110_Wide,1890875000.0,1.0635563042132916,0.0017878584222390543,-58.69051413968991,0.1364570418457889,0.001411671239542976,0.00013344190619048583,-102.65286671004796,5.266836318513881
110_Wide,1891000000.0,1.0602352745545889,0.002080800644616973,-59.41610354000081,0.13659277306053705,0.001428456239660147,0.0001124339483342474,-100.18172208099628,6.397912795353291
110_Wide,1891125000.0,1.061065808577852,0.0017546379426679494,-59.76490539839401,0.10076265577568225,0.001483990610009488,0.0001729371438150188,-100.98591539405662,7.347866256887128
110_Wide,1891250000.0,1.0655975812454137,0.000936663195403533,-58.77250856135523,0.103874823707853,0.0014903459162863544,0.00016607231095835446,-105.85968643082468,4.744651289602213
110_Wide,1891375000.0,1.058875045613437,0.00175288141057101,-60.153492322042744,0.10648784879042517,0.0015829903543469713,0.0001640560506265973,-104.32935894279295,8.420813580559301
110_Wide,1891500000.0,1.0636696213994947,0.00166390390759271,-60.36819200594293,0.07142959252718324,0.0015619485606201112,0.0001506815964658989,-103.30672921238416,5.825829204456828
110_Wide,1891625000.0,1.0645737680234404,0.00144894901213515,-59.80887083850417,0.1050654823786413,0.0015634540478582219,0.00016134812309901935,-109.69774345406871,5.8054353451651135
110_Wide,1891750000.0,1.055298181574944,0.002564761959999676,-59.885016529221176,0.08902403030804683,0.0016479557928199854,0.00011195644793258821,-106.34159135410107,7.139202602221858
110_Wide,1891875000.0,1.0497938408466363,0.00098202527453627,-59.71950590612218,0.07473159397611888,0.0016715725709646437,0.0001129302540483309,-103.5710496147251,6.896152636395537
110_Wide,1892000000.0,1.0564526217129615,0.0017287123470477064,-60.28276226631359,0.06646686819931322,0.0017272957231138193,0.00010164403444219563,-108.19469907154928,3.8564578720862333
110_Wide,1892125000.0,1.049791580929877,0.0012342460826728495,-60.400090066525166,0.07679929259740524,0.0016237074356063332,0.0002162815714651267,-105.126293647641,4.6334468254308945
110_Wide,1892250000.0,1.0582029861297033,0.0011931488030300639,-60.481962705064916,0.07205476193575894,0.0016479796460665145,0.00023782557688980307,-107.45701366968711,4.895720848705508
110_Wide,1892375000.0,1.0450428830854634,0.001965891837999705,-61.082961500367304,0.1096236789520481,0.00183550587622256,0.00020190479394298534,-107.22941971372153,6.622710299061914
110_Wide,1892500000.0,1.0384184859935492,0.0014029937334537666,-61.08002253824955,0.12387724940856543,0.0017704488985757162,0.00010511658388328383,-111.432181529408,5.529754339255805
110_Wide,1892625000.0,1.0372011666062921,0.0018001382990799452,-61.89855535292124,0.13220950605809687,0.0019665794739112423,0.00011792232461774103,-110.91083350652607,9.444744038773683
110_Wide,1892750000.0,1.034604761594044,0.001162842878977495,-61.92178787440289,0.10395703414691243,0.0019107840383617773,0.0001309112379077937,-108.53617756830069,5.342605122087361
110_Wide,1892875000.0,1.0365578185894468,0.0008573472323622128,-62.02365076450527,0.07584442732458091,0.0020426582005170653,0.0002104991458001083,-110.92339487104758,6.04307064054137
110_Wide,1893000000.0,1.0378147798651964,0.0023018026969975204,-62.54116983834119,0.1269347337977753,0.0021392821391128594,0.00017077756588568347,-111.30357990111979,2.271760443181739
110_Wide,1893125000.0,1.035013295535147,0.002028602560860265,-63.02941512392126,0.0848777006843075,0.0021758301800200463,0.0001558456149043739,-113.0269996373395,7.200108646947625
110_Wide,1893250000.0,1.0192369469052949,0.001984229419973985,-63.3647459531809,0.09234190061258299,0.0022807885344708215,0.00020569529589127542,-112.98660851001196,4.036821510874472
110_Wide,1893375000.0,1.0173817507701273,0.001410666371003505,-64.42768088451102,0.08986693803671321,0.002346728840105733,0.00017306510737453935,-113.8979175591704,2.65832545531376
110_Wide,1893500000.0,1.017996415139259,0.0012036791643938996,-64.90172876759532,0.09876847236544571,0.0024753088568035698,0.00022187130023939954,-113.09866307436697,4.125691331184436
110_Wide,1893625000.0,1.0111622138567082,0.0025012530165747534,-65.43543601352127,0.08309824056903395,0.00263230909862057,0.0001816977627435203,-115.92106413686261,4.113496788564023
110_Wide,1893750000.0,1.0155130315620282,0.001431373889503474,-66.32091593189824,0.046079653802993614,0.0027203794517697694,0.00016908113703797913,-118.14171106407149,2.9203494122666216
110_Wide,1893875000.0,1.004749350713038,0.0017553218104115185,-67.09284589792811,0.0723171696462504,0.0029466217348420327,0.00013135336962457372,-118.10961439245273,3.2382217025968263
110_Wide,1894000000.0,0.9985345000345986,0.001342787835027165,-68.33770579993194,0.10545380160953065,0.003034210513629992,0.0001667475390707826,-120.77598615871945,4.893839270546483
110_Wide,1894125000.0,0.9833334692964407,0.0018313406230483595,-69.08966649189506,0.10335875850516864,0.0032268551208939488,0.00017315463627631765,-124.57017834823532,2.783596369468411
110_Wide,1894250000.0,0.9843762287604109,0.0014909046516990829,-70.54190516872875,0.07290461335335209,0.003462948914567072,0.00017788882538280278,-123.93373926596279,2.859905168050358
110_Wide,1894375000.0,0.9873576438197332,0.0020681992074613365,-72.284949097239,0.05313482654845304,0.0037145238663740475,0.00014000492953346032,-127.51080643419883,1.5429972976908253
110_Wide,1894500000.0,0.9705744928849765,0.0007517167160195846,-73.8203394159782,0.14834405828811514,0.00401092131445916,0.00011662657433820727,-127.74553616309177,2.2947352972545367
110_Wide,1894625000.0,0.95970070167471,0.0024067691069101635,-75.84238108383593,0.14493405239904308,0.004488535002609432,0.00031112033843539534,-130.9745754641106,2.0449831272934906
110_Wide,1894750000.0,0.9344399404884337,0.0018918912996493888,-78.50130501816308,0.0905716278552518,0.004944089447854757,0.00023176821253224588,-132.71514193771657,2.097977163428544
110_Wide,1894875000.0,0.9085327140300538,0.001676443322014082,-80.93939790523159,0.14316988138775108,0.005613148891739595,0.0002790509196454373,-136.556072221124,1.4757213350048
110_Wide,1895000000.0,0.8764697157596542,0.0016495663713741897,-84.92003996318573,0.10811831347705747,0.006185187773072004,0.00023386675653486018,-141.90802461475243,0.8927580317468288
110_Wide,1895125000.0,0.8206542783793718,0.0018703017540838984,-89.5504378078483,0.11862829730236465,0.00717305029008324,0.00019160363327372395,-147.1103681372885,1.4053505341644354
110_Wide,1895250000.0,0.7430145628921285,0.0019420979822285759,-95.14447934006144,0.19282885841983352,0.008193276971027608,0.0001837453569637303,-155.83084461476474,1.8013401056664904
110_Wide,1895375000.0,0.614676752995628,0.004146884953469653,-102.59382663344554,0.2691424305293078,0.009354614882729605,0.0001430248096487362,-165.91671275936417,1.2753660211811022
110_Wide,1895500000.0,0.43483618465890106,0.004963185142715924,-108.84478841528123,0.224937710112433,0.010644992615867259,9.615290270154007e-05,-178.1537056043586,0.8672197470739419
110_Wide,1895625000.0,0.20677323743146792,0.003940475373410205,-99.45497178634086,0.676812188025228,0.011509689244750513,0.0001672310124079014,165.83251381947173,0.543969945831017
110_Wide,1895750000.0,0.19043392920364,0.004611813404102207,-23.667170260751536,0.9999868874245657,0.011318060786481876,0.0002225001475660498,149.20863295488434,0.751396719484804
110_Wide,1895875000.0,0.4073676399690439,0.0029498543917915896,-10.24523246015616,0.3365429980914106,0.010361358069337506,0.00013916982001557936,134.53697385398627,0.8205625807165001
110_Wide,1896000000.0,0.5830005513844627,0.004081586340743246,-16.328869311496465,0.2206047448822045,0.009303388652243184,0.00019228805679192805,121.57160938008899,0.9658558177740284
110_Wide,1896125000.0,0.7111352064244266,0.0015517782338255433,-21.75936551742049,0.17644222768824352,0.007896546961891435,0.00021078990968062395,113.27008872250747,1.0305034610593902
110_Wide,1896250000.0,0.7950151726523499,0.0021816835369997665,-27.17390826422372,0.21181804303648377,0.007103129802931673,0.00018906657243513905,104.77446884082795,1.1427538283315501
110_Wide,1896375000.0,0.8583069738449938,0.002725448504588234,-31.333580325296857,0.078541612161475,0.006105378794426645,0.0002133547949912965,100.89866286541556,1.54166766158996
110_Wide,1896500000.0,0.8946899758325771,0.0026571892833724387,-35.51307720228748,0.16034502896367925,0.005456484330034678,0.00014748765715989935,96.21551504626734,0.9526197009069255
110_Wide,1896625000.0,0.9134120961387951,0.002315765854108285,-38.61788016492225,0.13765620405681542,0.004796311775922529,0.00014158608919901257,92.1351595479533,2.285385428897424
110_Wide,1896750000.0,0.9351536341980679,0.00264260546493661,-40.15362165275989,0.12350961343511255,0.0043591455413486534,0.00015107225735510726,90.89488759855642,2.8945624568773334
110_Wide,1896875000.0,0.9651312679928441,0.0010149060586651445,-42.749609600421316,0.07365282793573233,0.003990482668031232,0.00017631670369902335,89.19337546603336,2.8678689541206457
110_Wide,1897000000.0,0.9678753451518262,0.001946985614830736,-44.56209069327414,0.11048229772214888,0.003602558331580269,0.0001360165093222336,84.81120536882577,2.7267901684706266
110_Wide,1897125000.0,0.9768645683601854,0.0012285501119399236,-45.53862284926107,0.12849978598823508,0.003474288341120404,0.0001679914032329738,83.54863710955455,2.6606245549993153
110_Wide,1897250000.0,0.9863367563812558,0.0015590069390407134,-46.908057563618016,0.1070349354082918,0.003157900189797903,0.00017754095955023073,84.34687753622113,2.6795932932133923
110_Wide,1897375000.0,0.993812568648829,0.001415347027317876,-47.82254832304557,0.06975676291084211,0.0029810072215636094,0.00022056554756079392,83.73779460243584,3.536036226610402
110_Wide,1897500000.0,1.003137233769354,0.0006810941673139819,-48.84835927414394,0.05763642090214603,0.0027938281519853093,0.00019125644217885644,79.87513840257427,3.438570791610861
110_Wide,1897625000.0,1.0178493868295673,0.001114194467740782,-49.39428276436347,0.08723862766852268,0.0026586542180346206,0.00017954998305335672,79.77549456531833,3.5344811018211266
110_Wide,1897750000.0,1.0128426696225183,0.0011534191127180729,-50.598343055925525,0.09126033405959433,0.0023733883581286627,0.0001813754502588597,77.75889892190973,2.8060411287057687
110_Wide,1897875000.0,1.0199575904766467,0.0017092099353638607,-51.19268142475136,0.12178048241723578,0.0023820303312037474,0.00016919695944428328,81.19377299498764,3.15225942859869
110_Wide,1898000000.0,1.0205243188052657,0.001756007896207919,-51.74663427692573,0.11009003921417994,0.002274248522225794,0.0001612891922868612,78.78478245196571,5.193967925417061
110_Wide,1898125000.0,1.017653976426689,0.001606703493458923,-52.5148231089899,0.1496332734535463,0.0020914873502724672,0.00013570840691739898,77.92008962675213,3.730338638587156
110_Wide,1898250000.0,1.0344658017670518,0.0015201038634791641,-52.49883610590111,0.08148129367335749,0.0020390751391368613,0.00018845250039573077,77.68470142177117,3.0301324903921043
110_Wide,1898375000.0,1.0271431404265994,0.0025272688260277163,-53.12302449692841,0.11477476584836555,0.001983813751809589,0.00010742534243690054,77.53751533621936,5.359116591523521
110_Wide,1898500000.0,1.0371459502263327,0.0013684528623147262,-53.55364231398113,0.08296921292287,0.0019371851519206717,0.00012058331921337666,76.96087670088589,5.062471842786508
110_Wide,1898625000.0,1.034919442073028,0.001583380243742436,-53.80357661631439,0.05838989988490746,0.001822973634460292,0.00012422247991705873,77.22991826595727,2.4846985619124893
110_Wide,1898750000.0,1.0389885355959232,0.0019061650933716774,-54.510750280007464,0.07362041271849645,0.0017496551921174987,0.00011684219670882322,74.19142446271361,6.46198114313631
110_Wide,1898875000.0,1.0454638692705658,0.0025352760584453756,-54.64031213467321,0.06416177766369793,0.0017401165460035986,0.00016734651148147452,80.86620997691318,6.3037282606602805
110_Wide,1899000000.0,1.040476482165233,0.0018189151533114108,-55.38883017768485,0.08032710716391037,0.0015624621285994953,0.00014822813867836223,75.3063334095932,6.186180555086799
110_Wide,1899125000.0,1.0406578047693467,0.0013728655770707497,-54.91519491014169,0.12172945552717304,0.001666736072540815,0.00013549896500325358,76.8904292249565,8.417501035354388
110_Wide,1899250000.0,1.0402768710489696,0.001262286931349557,-55.06634752823864,0.06703475480760131,0.0015915197409647214,0.00011768212685454327,76.95163185286762,5.982296175248
110_Wide,1899375000.0,1.051637986018084,0.001745458520838727,-55.69677741574649,0.07553234113321246,0.0015151782701349993,0.0002447264268380847,75.64949320378788,5.4375265635281025
110_Wide,1899500000.0,1.0586520026006025,0.0018915631358769026,-55.40339974199512,0.11918079915962809,0.001392671808542539,0.00015995615101709634,74.28257301305906,7.415820000358587
110_Wide,1899625000.0,1.054476186688294,0.0020958720103856554,-55.96867372174566,0.10439222082784427,0.0014459175466087165,0.00015617479323589987,75.40108491146552,3.9801598589451923
110_Wide,1899750000.0,1.0499628612246958,0.0017761814970372943,-56.21923366417912,0.07054286006391511,0.0014052255019435514,0.00022508829361015807,77.02145327834349,8.614210071852591
110_Wide,1899875000.0,1.0558089766292937,0.001440741684928958,-56.304538402008234,0.07686282854835008,0.0014100682051197363,0.00012766407819989167,74.42537213741382,6.362514058156364
110_Wide,1900000000.0,1.0507815270081589,0.0016456965428178637,-56.15542125889715,0.05912217533108888,0.0013889375618419096,0.00015902616029809047,79.1289257603185,7.052672119134589
110_Wide,1900125000.0,1.0633250044398768,0.0018559005919861064,-56.72878551643667,0.10913685438343282,0.0014764016364700802,0.00018955229626228497,75.26013327993942,7.476134744755433
110_Wide,1900250000.0,1.0635779727556431,0.0013547169035425766,-57.15993919993706,0.1261781813291421,0.0012886053053438188,0.00016309761233725015,78.0924030134314,6.704875304938022
110_Wide,1900375000.0,1.0547818880535538,0.0015001408709579586,-57.10555671800956,0.10623940671286199,0.001405253101652476,0.00016344079473921727,76.2299847999358,10.186527028128308
110_Wide,1900500000.0,1.0592579052123854,0.0011099339268649407,-57.24821080304161,0.09336050759449448,0.0012254909910363425,0.00012033328289292737,72.72690635649947,9.533241709888992
110_Wide,1900625000.0,1.0517744250272067,0.0011764331920592016,-57.84918124449031,0.09015789013719518,0.0012639308076763255,7.599571358166944e-05,76.37014897427069,11.407860015754931
110_Wide,1900750000.0,1.058899089774898,0.0015986529991392296,-57.45047500567862,0.11285646321638686,0.0012080420278073195,0.00019274179660286903,72.10696767316357,5.4759345502692
110_Wide,1900875000.0,1.0540353152495072,0.002115416711785953,-57.360572963545295,0.07939626221494527,0.0012834508293172752,0.00015845069206106666,73.1925330907096,8.215924398980716
110_Wide,1901000000.0,1.055872705339151,0.0012396174893467343,-57.75639074777965,0.07784485088861559,0.001217858054404171,0.0001750517390967725,74.9389864609896,7.445971204123559
110_Wide,1901125000.0,1.0565776207480007,0.001291095023202985,-57.48636808562204,0.14198421638946543,0.0012080915942247734,0.00021017227242294312,71.53866426583015,6.449835721167797
110_Wide,1901250000.0,1.0495540101667309,0.0021804218691511036,-58.227533204760746,0.09825813322243505,0.0012375999372092415,0.00016307600997103402,72.86865359815373,11.518055101886317
110_Wide,1901375000.0,1.0521820508681916,0.000941459228464149,-58.062070912632294,0.13276774415456782,0.0011357709760772183,0.00013207418767953926,72.35780615038193,7.776751180120841
110_Wide,1901500000.0,1.0412518980889465,0.002033480702610827,-58.58172894078734,0.09860900327874757,0.0011640513754130344,0.00014646632222327415,71.76269140781517,10.007353829696534
110_Wide,1901625000.0,1.042033723567572,0.0019179652320863475,-58.274066880243915,0.08222242616801767,0.0011698133257689234,0.00013477714025542486,75.13486948961602,8.422453466220475
110_Wide,1901750000.0,1.0450111388176122,0.0014449212493030605,-58.8347629498327,0.05641743785138709,0.0011603804627948054,0.0001792716394024162,76.15403711839127,11.34781622927811
110_Wide,1901875000.0,1.0482697459982304,0.0020995474947675527,-58.71369133207297,0.08810140299754325,0.0012242411655334167,0.00011879276746444263,75.70064460181428,7.655345353558482
110_Wide,1902000000.0,1.044372414118945,0.0014169355206038986,-58.53394852193037,0.05809468324108245,0.0010927132280667774,0.0002152351497070122,78.34355533945593,9.308271845669555
110_Wide,1902125000.0,1.04457450591267,0.0020669473863019244,-59.17792764727878,0.10964844353975318,0.001234850335960968,0.00021158243926264179,74.6544058335632,5.240855310108932
110_Wide,1902250000.0,1.0376343330327642,0.0029181429584869147,-59.37937535596819,0.12234868880103443,0.0011358717249597174,0.00017843717375005854,70.60743552232884,7.128401070404963
110_Wide,1902375000.0,1.0464302317654495,0.0009601328032049714,-59.73973228980742,0.06445599231169293,0.0011777987330550256,0.00021728648388971724,66.15691385069732,7.58365116545004
110_Wide,1902500000.0,1.034718895856927,0.0013855993578039238,-59.48193657346584,0.09579169764528389,0.0010965307425550102,0.00019060230928222288,74.3590051923403,8.46141392800968
110_Wide,1902625000.0,1.0358248475369969,0.0012881035531040186,-60.218141353221164,0.06911499931505095,0.001180783696240992,0.00014957962285967876,72.23688599299709,5.879132795949494
110_Wide,1902750000.0,1.0337413905408641,0.0017239309693278999,-60.052489795401506,0.07441190167667337,0.001158167209443594,0.00013042619988320537,71.82101523880249,7.810147444523436
110_Wide,1902875000.0,1.0324584327604391,0.0014177752574714593,-60.534056352345814,0.11094301916443698,0.0011593511169432254,0.0001100873223732684,73.41427506846996,8.272130077007816
110_Wide,1903000000.0,1.0343421921014566,0.0011042368120018596,-61.12943864997742,0.08506942915318706,0.0009438345199426347,0.0001646975926267571,67.88470595064011,5.964559025803158
110_Wide,1903125000.0,1.0329459060275301,0.0021606343052618096,-60.645310237631975,0.08277732282022782,0.001095199241857368,0.00022466041781984085,71.12491005661151,9.522575819312914
110_Wide,1903250000.0,1.022804435800961,0.0012714603541992562,-61.185214064613696,0.0802698959224723,0.0011676105075153808,0.000192063466584282,72.17685902579983,6.7909497400750425
110_Wide,1903375000.0,1.0388294918217145,0.0013182943579935788,-61.22231979997097,0.11474572018232652,0.001188058577695244,0.00014747116121286758,70.43411110061743,8.075528920567123
110_Wide,1903500000.0,1.0236616569840704,0.0017987421869017485,-62.080980097297214,0.10308127816604333,0.0010797321497577582,0.00019073999476131075,64.96442337339491,12.101094421153316
110_Wide,1903625000.0,1.0239466380012072,0.0021894257648797147,-62.51932446817366,0.09898449463245002,0.0012029463206964326,0.0001237260453925843,73.72963673606979,8.15384559951338
110_Wide,1903750000.0,1.0239763003274398,0.0021384813471535253,-62.41119521914485,0.1098826307306004,0.0012254756036735402,0.00024334685780709676,66.3379184739058,12.011141535912873
110_Wide,1903875000.0,1.0253308281865459,0.0013409148943089879,-62.36237574368875,0.11934069175224729,0.001172101929388918,0.00021091925396401413,68.47981609161717,8.028881505006952
110_Wide,1904000000.0,1.030498204571161,0.0012816095479839553,-62.720815106639165,0.07971583975992455,0.0012032412828816516,0.00016206815621366938,67.45903554934267,6.750617756580355
110_Wide,1904125000.0,1.0266101709438924,0.0014795395901286332,-63.350685712618166,0.10769530091796115,0.001210094919838885,0.00016463890527764518,68.66419579399768,9.084248233925766
110_Wide,1904250000.0,1.021867246033033,0.001880991920591508,-63.606066506455534,0.09170262519012459,0.001105709998594188,0.00019656904893327291,67.59745908152064,11.926120506167859
110_Wide,1904375000.0,1.017620314184466,0.0010506639538780567,-63.726279417718516,0.13343488313508794,0.0012606759344322691,0.0001875776400527024,64.68727314211922,4.302305380199588
110_Wide,1904500000.0,1.0236208108202645,0.0019548588593289013,-64.28804298427058,0.09176794334193004,0.0012614907399736632,0.0001535570598596743,62.641514989348906,9.302276643919477
110_Wide,1904625000.0,1.0247238602529456,0.0018167847393826763,-64.4246496810405,0.10306635322570486,0.001278110343796072,0.00023039236798714892,56.09605829584207,6.637305565004
110_Wide,1904750000.0,1.019425472584391,0.0013117641041178374,-65.20003382991642,0.09658055243688295,0.0012907262581176178,0.00024723773730106615,67.74489780431963,6.257596637035137
110_Wide,1904875000.0,1.020074461303803,0.0016669300057527941,-65.36811727840964,0.046490347184524404,0.001263951429673964,0.00012656852165029558,60.88253206811109,5.512459196724673
110_Wide,1905000000.0,1.0140937681426683,0.0016305981949099372,-65.83645731238289,0.09007168711175544,0.0013244470291249215,0.00018840299283257183,65.0377445081341,6.814642027853286
110_Wide,1905125000.0,1.0339549305649807,0.0013199032747781528,-66.02306990369402,0.13366089725090052,0.0013253880415598168,0.0002229085285545406,57.41211675127096,6.332409553543681
110_Wide,1905250000.0,1.0159222188543453,0.0022759005583214103,-66.20227478859017,0.13687443479763328,0.0013133506413565438,0.00018467479107919812,60.193758182025114,9.145400022495139
110_Wide,1905375000.0,1.0089072463635929,0.0019310331003865,-66.60022532753379,0.08500913531294689,0.0013379486617622585,0.0001614902424437151,62.60821155748156,9.238757152830805
110_Wide,1905500000.0,1.024049541310445,0.0014352762366762128,-66.92718756315395,0.08465535187338499,0.0014773496879562072,0.00015345053458703628,58.52417404681264,8.116968613316358
110_Wide,1905625000.0,1.0164592318901282,0.0020554036630182713,-67.45381348463668,0.052930676608642487,0.0014224828628048164,0.00018897153806215716,59.74144151952729,8.271167007769897
110_Wide,1905750000.0,1.009083927088846,0.001512437169058115,-68.72265227951843,0.14232242115509625,0.0015469922665746164,0.000145754374884099,58.354282484706935,5.2627836394037075
110_Wide,1905875000.0,1.0124620832256586,0.0016925060053620898,-68.44081206380243,0.11313777000006936,0.0014300227069413488,9.550734565699935e-05,57.59528226393765,10.937393168355788
110_Wide,1906000000.0,1.0087051942880365,0.0014569216776170733,-68.79320879427618,0.09333345309735107,0.0015523654934382412,0.00013166637074498304,53.53254408706069,8.038806614792653
110_Wide,1906125000.0,1.0160629071604563,0.001062156058495955,-69.42394740675022,0.09957107120853473,0.001633617730333496,0.00019679252146851797,53.485701357979686,7.876139206712407
110_Wide,1906250000.0,1.0124752197718143,0.0015933230389385147,-69.78545038535859,0.08523562398751565,0.0016290499833107562,0.00015095032295826341,51.902635201930416,6.6569403645522165
110_Wide,1906375000.0,1.019197361535218,0.0009852350244647125,-70.88798070805684,0.06754855078941696,0.0017705666754345738,0.00014039618283106112,52.38003461110693,6.042047554390128
110_Wide,1906500000.0,1.0123281777352315,0.0009845610879305885,-70.81627804586618,0.10114154695561092,0.0017491482068858531,0.0001398977327045252,55.48075300859716,4.133131662197174
110_Wide,1906625000.0,1.0097053507377467,0.0015894319229324083,-71.19964789847467,0.07167857167949737,0.0017450730156859876,0.00010839246402557765,52.66212205275724,6.746952923132552
110_Wide,1906750000.0,1.008987575072169,0.0018612170227624801,-71.45014883669349,0.11465909110673426,0.0018697834542202888,0.00011683469615197869,53.35503159192256,3.445391251998755
110_Wide,1906875000.0,1.01041031245555,0.001090632304180386,-71.95840850773999,0.0870803558900969,0.0018256027956162157,0.00022726824525329747,50.584221727546684,4.377935601467956
110_Wide,1907000000.0,1.006384470941986,0.002274452391160649,-72.735843460191,0.10075147310661006,0.001897492479381886,0.00016280640123232312,52.704373698221474,4.690688812660795
110_Wide,1907125000.0,1.011274745996508,0.0013805971333725638,-72.94548971306114,0.07624226550083125,0.0019903047435654254,0.00012023761348463471,54.05608134736028,5.340262323997108
110_Wide,1907250000.0,1.0122578620648688,0.0012918128090198381,-74.60484159919551,0.07029897061607102,0.0020362429561186393,0.00019119572227921887,48.77079131729952,6.562776105418533
110_Wide,1907375000.0,1.0085727059566414,0.0011288412605488926,-74.8475843701723,0.1351584488860273,0.002121543317455184,0.00011898868312449133,50.0990988981689,4.160480693345203
110_Wide,1907500000.0,1.0016500640722992,0.0015693919565370335,-75.3175707628547,0.12800263935926606,0.00218308071720854,0.00011524562792104675,51.57647559551631,4.110241126251401
110_Wide,1907625000.0,1.0053836986222342,0.0012928668282517351,-75.53795984912281,0.05836197713858691,0.002284329776285748,0.0001808714055854945,51.43327962266694,2.8127260347379823
110_Wide,1907750000.0,1.0033928365488982,0.0010752871279830635,-76.77542605743365,0.051544529309769146,0.002383079436888551,0.00013899308180463865,49.427525616849735,2.543276739941467
110_Wide,1907875000.0,1.0102027298081082,0.0015876317619914892,-77.54928058294489,0.09734074422386577,0.002549852160482059,0.00012237105824485905,49.054454501387205,3.14120589227982
110_Wide,1908000000.0,1.0085633702041445,0.0011093320483125874,-77.97194248228652,0.12645648513014995,0.0024453749139049037,0.0001134829103668568,50.88265815609214,4.3413386199290604
110_Wide,1908125000.0,1.0052976200930026,0.0017239155098756889,-78.9893054378764,0.10573774165730519,0.0026220947851476445,0.00010663944614259884,49.351265686737236,3.147705543681572
110_Wide,1908250000.0,1.0007871289836894,0.0016435515627670418,-80.25564506286071,0.12973014225082133,0.002734995776563394,0.0001111530522939345,47.44075502851095,2.134312751203364
110_Wide,1908375000.0,0.9985459226468655,0.0019360663659147828,-80.5190211777802,0.06924201827836055,0.002851588439336189,0.00021700047305776965,47.85090788164618,2.5355546244327045
110_Wide,1908500000.0,1.00379857460885,0.0020948858137717127,-81.7769292502153,0.07255908714649294,0.0030110558115381022,0.00014274045406414027,47.443332262960226,2.9383655510723248
110_Wide,1908625000.0,0.9988824795749429,0.0010414193311148597,-82.53467748177157,0.11396164939434172,0.0031050390049937133,0.00023754861509796,44.55800304544552,3.493632051900577
110_Wide,1908750000.0,0.9976335844810458,0.0007345107630685122,-83.77308400853498,0.12474197450787294,0.0032499117628028073,0.00017912277450741232,46.51646670572433,2.879510048053425
110_Wide,1908875000.0,1.005188216658948,0.001767200985999348,-84.81442925348199,0.11644926417750923,0.003460538887502427,0.00011456851137012874,45.66186545043272,3.155693540738285
110_Wide,1909000000.0,0.9881455530451607,0.0012723644222776326,-86.04835406005422,0.08380628983554655,0.0035023404342068684,0.00016337728809213427,43.92115883103464,2.6083706750715168
110_Wide,1909125000.0,0.9917552983491723,0.0021492277795653572,-87.25625281232728,0.0695564414480348,0.0036119706861899485,0.00011068141533467092,44.58014677130004,2.7743338536979683
110_Wide,1909250000.0,0.9814072411141712,0.0010196998465713068,-88.74599377530166,0.07696360043522955,0.0038506958762421907,0.0002119611756193714,43.16812693440207,2.4497613282699793
110_Wide,1909375000.0,0.980352123297105,0.0014356346913067647,-89.97072459013769,0.1056324835930402,0.004059362046810757,0.0002335620054616319,42.321259304976756,2.475002580459085
110_Wide,1909500000.0,0.9755146823730522,0.0013054252450871045,-92.17790559698523,0.06080176415479688,0.004224273509339524,0.00022128008619053496,40.56576643811582,1.919682849423096
110_Wide,1909625000.0,0.9721166458921985,0.0014824419901911146,-93.25863058143375,0.09337468766505332,0.004443676015977074,0.0001688388886207676,41.07866892499244,2.4902512854382226
110_Wide,1909750000.0,0.9653739827978094,0.0010893336787767887,-95.46415459685075,0.10388131384004146,0.00464564325377432,0.00013375794638064315,39.130551375003854,2.327970248872419
110_Wide,1909875000.0,0.956568273335539,0.0012508919273370794,-97.47661589762288,0.07094475532989483,0.004893595026181555,0.00011832157119183937,38.627797144379,2.480143633947724
110_Wide,1910000000.0,0.95291440653772,0.001769309765210043,-99.67997595689177,0.12472883936365621,0.005247545759432025,0.00018107852641707642,36.74443782393365,1.9417280721665107
110_Wide,1910125000.0,0.9365965150163709,0.0012367893331507965,-102.13030960465998,0.14761471149295513,0.005389312542825039,0.00012249687668875367,36.324774704614285,2.9510974683143982
110_Wide,1910250000.0,0.9278509105511616,0.0015711890978368666,-105.04825258274468,0.15089436574422943,0.005792266798680791,9.202116975174712e-05,34.55352468387906,1.6592450136193837
110_Wide,1910375000.0,0.9109119360042356,0.001179294567016921,-107.9062615876335,0.15572875116168639,0.0061174111819786185,0.00015685427349595838,34.0378253672392,1.840487358445336
110_Wide,1910500000.0,0.8986416907032829,0.0018611273902052904,-111.6523727122781,0.14613280737339807,0.006337309487184082,0.0001585425528690558,30.42302521780733,1.7712535664742828
110_Wide,1910625000.0,0.879629503894204,0.0018558612962257554,-115.35276996472541,0.12693993415168403,0.006806847109601996,0.00015504689208738925,28.466954952874,1.522224690817627
110_Wide,1910750000.0,0.8626686621775697,0.0014817350667603812,-119.61081094661681,0.16791674138990556,0.007217755140400684,0.00020603722037138431,25.9839754354765,0.7148092481521975
110_Wide,1910875000.0,0.8345906965520606,0.0019382048661294856,-124.5792145397282,0.22579925169484444,0.007657901914313902,0.00015738939707253793,24.168720301659643,1.1069885373569675
110_Wide,1911000000.0,0.8055877965261876,0.0018256671298666754,-129.81734179777865,0.22935735733506504,0.008189785315436765,0.0001592043460597167,21.065819628605247,1.6377268919079575
110_Wide,1911125000.0,0.7657588298372108,0.0014062258468417654,-136.73361096374413,0.25307413678397117,0.00857739384717303,0.0001624262432102948,16.93853711918382,0.9903753292458052
110_Wide,1911250000.0,0.7328135304827303,0.0018672260694076181,-143.91944849747162,0.3156628964996788,0.009131028533799055,0.00018134965592461912,13.926591657654377,1.3610875570014158
110_Wide,1911375000.0,0.6900137243246525,0.003269049272596576,-152.27515278655864,0.290543523379521,0.009561271831512242,9.974668113273442e-05,9.313230106760392,1.0773272188757073
110_Wide,1911500000.0,0.645361598623114,0.0012426626422377758,-162.48851590859445,0.4395026983063721,0.010166426096129114,0.000199834564304641,5.480115328186057,1.0817726203607425
110_Wide,1911625000.0,0.5966959597278345,0.0024513983448937963,-174.93288240839303,0.4902749640716541,0.010630123897904258,0.0001591975361438368,0.31085856951970764,0.9175388064247162
110_Wide,1911750000.0,0.5453103057020003,0.002363887317433893,170.82758592082394,0.6237220796695284,0.010982620922918011,0.0001370061603885108,-5.883534572553668,0.6858975894694322
110_Wide,1911875000.0,0.5129564193168328,0.0021124603932512497,154.77984701640483,0.4337962522492764,0.011156024995390881,0.00022460215603180812,-10.685611591062061,1.1320603112736987
110_Wide,1912000000.0,0.48264012496763553,0.0014436657952071243,135.6137289864851,0.6187999199805866,0.01136599995417245,0.0001297146457339425,-16.64562014312168,0.991598605266408
110_Wide,1912125000.0,0.4789493406398193,0.0017611462335874576,116.19691771648131,0.6794527043794335,0.011357480934148784,0.00012493063623873388,-23.378672395266243,1.1272343443188624
110_Wide,1912250000.0,0.49442234281402214,0.0022280456626849023,97.10294125676776,0.4886332133638297,0.011224401557926663,0.00017823955727387972,-28.36887819858251,1.1326973969987608
110_Wide,1912375000.0,0.527425743845999,0.0015187163171465424,79.49724948428047,0.503424337159833,0.010945670234103153,0.0001238051943752031,-34.416735701087156,0.8743901935561776
110_Wide,1912500000.0,0.574100614928506,0.0023385794452766865,64.55863755057824,0.4854894574242632,0.010696572412822803,0.00019198265380878374,-39.722374623597126,0.8981365547197959
110_Wide,1912625000.0,0.6184659229066823,0.002024296142026368,51.780875999290274,0.38026450849916926,0.010463982714627371,0.00020496794019597112,-44.68722480752226,1.22595844644687
110_Wide,1912750000.0,0.6678389758196847,0.0027653518203323998,41.683756929872665,0.25588453670761074,0.00992110861044279,0.000241053083227109,-48.88259965423334,1.5801438577806035
110_Wide,1912875000.0,0.7099106336253188,0.0032011120785260944,32.371979031422654,0.2450524860335831,0.009383908282373905,0.00010263153570511638,-53.13468886806939,0.6853356709265045
110_Wide,1913000000.0,0.750504517658591,0.002144926686738271,24.759399892450563,0.21797803250713013,0.00900603777527876,0.00014507994791812135,-57.09412229010958,1.1776063109298982
110_Wide,1913125000.0,0.7918168079238365,0.0022925587752031158,17.95872974989521,0.17304530431633286,0.008651240760709588,0.00024009291535627064,-60.090749156912416,0.6675734290574745
110_Wide,1913250000.0,0.8149749749441315,0.0019619334967829623,12.652382431159953,0.2196729315661369,0.007999729582561607,0.000185654191596508,-63.672906570296604,0.9010885074258674
110_Wide,1913375000.0,0.8529501845215995,0.001491822854693921,7.009610797428174,0.16704299585975188,0.0076586469020538585,0.00022193951669489208,-65.97378742131642,1.4591631631915416
110_Wide,1913500000.0,0.867504519778141,0.0016015171733847389,3.541182617233961,0.1404150770132113,0.007211659486800518,0.00019074398542925997,-68.77664436265154,1.5984948110789905
110_Wide,1913625000.0,0.8906797002012894,0.0020665593115510327,-1.0123933779652248,0.12157944923030206,0.006860509940936601,0.00020483598375508634,-71.45136343175594,1.3047094519468208
110_Wide,1913750000.0,0.9107160594955735,0.0021582704192899997,-3.4361803210191657,0.12141516494480932,0.006405930167332164,0.0002029070211823191,-72.79833517834678,0.9803655569435001
110_Wide,1913875000.0,0.9214524656995597,0.0016708214854967338,-6.791941383879949,0.14222324831917668,0.00611138150694111,0.0002448382622458224,-74.82267276484595,2.5186622492127086
110_Wide,1914000000.0,0.9389520775656333,0.0014962834491174337,-9.998856523434092,0.11817061789659832,0.005942632617213457,0.00019375416687529435,-76.11210170853272,1.3165820000040986
110_Wide,1914125000.0,0.9562556406493664,0.0013472194548070208,-11.747696456718055,0.13620732647558922,0.005625044614723914,0.00022949838557776974,-77.33208275593192,1.3452808566014076
110_Wide,1914250000.0,0.9706538039635032,0.002192389865347014,-13.87700439994952,0.12382285445654997,0.005309458720208106,8.476809575258415e-05,-79.66707793844736,1.6574324260321551
110_Wide,1914375000.0,0.9723701655781076,0.001401424157829519,-15.814737688942131,0.15598256353630305,0.00521519287212867,0.00019171351251549197,-79.9181319714164,2.3071102720622814
110_Wide,1914500000.0,0.9754988956625612,0.001668983377103548,-17.402390378201986,0.10744741790564129,0.0049321265348173954,0.00016208781076825177,-81.08188525907984,1.5497538497428374
110_Wide,1914625000.0,0.993842727506688,0.0021265651675436916,-19.25508319037708,0.11982564802111034,0.004707417615362056,0.00014583382987610316,-82.7605072647414,1.4675875831703713
110_Wide,1914750000.0,1.0043504392030653,0.0021583946179634245,-20.344865705429893,0.08884112152202123,0.004527007411529432,0.00019360904347189023,-84.06674279894528,2.3962706511312653
110_Wide,1914875000.0,0.9986399749845593,0.001343129612540438,-22.125320663381267,0.12921528916600208,0.00433270659703587,0.00017201367227496334,-84.73627117965701,2.8971103050519913
110_Wide,1915000000.0,1.0114644306401916,0.0010827193116004759,-23.347107837309746,0.08540695339745058,0.004072161148627552,0.00018189723370753573,-83.8112368587664,2.9098439989524376
110_Wide,1915125000.0,1.0058814335661288,0.0014674909813878973,-24.92473975366206,0.0868726088530644,0.004044025162067192,0.00011179951302461822,-86.28528245310893,2.606841855362514
110_Wide,1915250000.0,0.9927041807686336,0.0019777546167649993,-25.20339806020307,0.11571280592004692,0.0037900631526300447,0.00011762847885424138,-88.09271314378823,2.2614868199467932
110_Wide,1915375000.0,1.016660531574443,0.0015086396305401487,-26.843481358657716,0.08299457980387125,0.0037730821633215235,8.707298490603349e-05,-87.68214840362617,2.3974425494495657
110_Wide,1915500000.0,1.012993103005431,0.0017996191517504663,-27.056993540514704,0.08753503311291552,0.003499339227705242,0.00018347850313651132,-89.4609312227392,3.268552574390895
110_Wide,1915625000.0,1.0048175655145015,0.0014635469629441158,-28.269043286723445,0.07168219267139239,0.0034781757777202983,0.00015567508944061038,-89.35428236667731,2.893614762994511
110_Wide,1915750000.0,1.010639529337338,0.0017530436826041812,-29.232473972105034,0.15601315992784534,0.0033047473419321543,0.0002294508703623174,-90.59267492632036,1.665365666668374
110_Wide,1915875000.0,1.0164213106154425,0.001355855101778084,-29.85765271771919,0.11628053024716818,0.003246117724855145,0.00012411061081600195,-92.19962812986812,3.2800828185052655
110_Wide,1916000000.0,1.0235360604859838,0.001670205406096242,-30.254067799401522,0.1158760703486949,0.003231492039175012,0.00022311117500056033,-91.47681023384378,2.288776285878832
110_Wide,1916125000.0,1.0109366115834035,0.001505631299956675,-31.677033518545333,0.10557015478681114,0.003109946613426803,0.00015044063659634785,-91.48752136035657,3.449540206256711
110_Wide,1916250000.0,1.0153689715037473,0.0013386083694328205,-31.95490230719492,0.09707660895872998,0.0029240197684715077,0.00015538700996386984,-92.54811722864761,3.2825722455571116
110_Wide,1916375000.0,1.009953740139893,0.0017675957942136424,-32.168975195788136,0.09569542546442235,0.0028572214670707064,0.00017807629308362082,-93.48861260854088,2.9444622061475028
110_Wide,1916500000.0,1.0069857230745178,0.0019308483388919986,-33.29192961790318,0.12054657963915878,0.0026807368024673937,0.00017995949374613937,-94.60025094672658,2.697787024972397
110_Wide,1916625000.0,1.0159752364647874,0.001426304772880663,-33.22212302265967,0.10547316534382707,0.002762970265405787,0.00015972789793694176,-94.63252495035547,3.6513109794840832
110_Wide,1916750000.0,1.0271664765991904,0.0017118866677535713,-34.40512723074738,0.08542702173265783,0.002666296059573286,0.00016889899393054942,-97.05305796045828,4.391640413845662
110_Wide,1916875000.0,1.0089427472851238,0.0017712334461727024,-34.785540826210024,0.06218779611179197,0.0026166636224211792,0.0001865473626064549,-95.62198811417197,3.8316763534122926
110_Wide,1917000000.0,1.0252939706338096,0.0013635892018986607,-35.08535062753094,0.031438366781064896,0.0024677844843266974,0.0002060829060910536,-98.14659508209725,3.955347791588849
110_Wide,1917125000.0,1.0132723777283077,0.0010560855832626027,-35.47772584592036,0.08651357312191575,0.002571199233421959,0.0001832388933272003,-98.84078719807202,5.4733670631511915
110_Wide,1917250000.0,1.0177788022128527,0.0016256454572037542,-36.01302604646207,0.10721269993967975,0.0022822809869189825,0.00010214970689139122,-101.11681176640391,3.795454584201562
110_Wide,1917375000.0,1.0116926089164795,0.0009645210748375064,-36.65110808292452,0.08409141401613705,0.0022799573467766946,0.00018761155410463256,-100.80250813758967,4.229428685775733
110_Wide,1917500000.0,1.0144860323828762,0.0009429167254603434,-37.78725454147296,0.09087146246828685,0.0023316548366373877,0.00020117828831139206,-99.58935775275145,3.7177010293953923
110_Wide,1917625000.0,1.0073185370409465,0.001877982213840017,-37.59963497611844,0.088108384075267,0.0022877312651719828,0.00015995224955007352,-100.4770614765486,4.358355551617574
110_Wide,1917750000.0,1.0084426151165828,0.0016809148906159607,-37.76149523976285,0.0898057942828143,0.0021088389167744285,9.900778894720806e-05,-99.18755698886011,3.8770916732549785
110_Wide,1917875000.0,1.0023114193066127,0.0016870007838785945,-38.678396656949495,0.08872296214898674,0.002068656056665443,0.0001432061493052729,-100.68795186299891,3.4730373615772474
110_Wide,1918000000.0,1.0065434581616113,0.0018199792458215994,-39.45153136213041,0.12404117109153291,0.002055035414423085,0.00020415935404724536,-102.83531806878122,6.902939395157329
110_Wide,1918125000.0,1.0031597786434578,0.001937525771026036,-39.80758068321224,0.0895711727031149,0.0020389333709827356,0.00020772581172537723,-102.79354339071955,6.209047191113657
110_Wide,1918250000.0,1.0057397105139982,0.0011687578795914703,-40.85460845053318,0.090745183094709,0.0020581593873407133,0.00015535304764224155,-105.15865824586528,6.233889034719564
110_Wide,1918375000.0,1.0068165809438578,0.0015674476331844673,-40.234014349569456,0.08382327312127313,0.001968627447594653,8.591726922275565e-05,-103.94152331194005,3.05559645690813
110_Wide,1918500000.0,1.010391514502187,0.0012859272471715197,-40.486452023082876,0.13001324873290976,0.0019843530545124973,0.0001301261641382831,-103.8467876262639,2.845520885546029
110_Wide,1918625000.0,0.9964935266477427,0.0013433122463821002,-41.12990086169164,0.07934493155152737,0.0019271077687514218,0.00014994745145327577,-105.75562630944714,4.709057019969876
110_Wide,1918750000.0,1.0100586011324402,0.001500728316165567,-40.4167013113181,0.08498934474996196,0.001959343263182919,0.00015379631069721867,-105.99824447465244,4.668204712429879
110_Wide,1918875000.0,0.9980492111523541,0.0012528023673914444,-41.96917700713539,0.06341473876937707,0.0019322886888731832,0.00025912310871915243,-107.67027057889882,4.884675182758688
110_Wide,1919000000.0,1.0012313882627952,0.0020219908929850192,-43.036095723858466,0.1161624263545519,0.0019244023536358268,0.00012610432155101198,-109.04720223270425,5.949262240321918
110_Wide,1919125000.0,1.013293342002262,0.0022269468141350715,-42.5741728491627,0.06882962581730012,0.0017741768988362512,0.0001884788258724248,-106.36061530909778,6.979143683304457
110_Wide,1919250000.0,0.9912485333939106,0.0017412966916860054,-43.13559377016102,0.11322498036837118,0.0018617695130147855,0.00013093516515849915,-108.54560473270689,4.730921999063067
110_Wide,1919375000.0,1.0001257392904932,0.001539796902504079,-42.86941317853186,0.06978272634348627,0.0018093467271068637,0.00010533243021260548,-107.09186538280495,3.1222318516219327
110_Wide,1919500000.0,0.9947939808885866,0.002293952593547244,-43.651855345709855,0.11221849761491175,0.001907348248905541,0.000219932624105671,-107.06212331191946,6.763581053430744
110_Wide,1919625000.0,0.9954721955814522,0.0013637449643999532,-43.5695610858955,0.080914610899541,0.0018730301629030614,0.00012971126434948245,-113.51761986694619,3.2669634971141113
110_Wide,1919750000.0,1.0081382918809458,0.0012545415828167333,-44.14960532325264,0.06679070475623486,0.0017166323526060046,0.00015997998753951095,-109.46029045053199,4.076094457437887
110_Wide,1919875000.0,0.9969235337682324,0.0013660624496810816,-44.738961087921666,0.10556511819320707,0.0017639205118771064,0.00019343079697141385,-112.18675787300198,3.804489741738692
110_Wide,1920000000.0,0.9963040883652529,0.0019419301303992315,-44.623316281451906,0.13053643053944472,0.0016356931906831014,0.00019099692629135848,-111.0809795965019,6.738065436209739
110_Wide,1920125000.0,0.9975873525688355,0.0014270615078028702,-44.85448787809416,0.13597587292530142,0.0017602277825376923,0.00018309076949571244,-115.94185734009567,4.70984459561684
110_Wide,1920250000.0,1.005273810351069,0.0013378882085986743,-45.349704307984446,0.11874646605960767,0.0017625430265770685,0.00023306464195103232,-111.51365071345042,4.593774291072791
110_Wide,1920375000.0,1.002331394478321,0.0017922454717881084,-45.37293935203399,0.07174552875925266,0.0016801252870669214,0.00019577897843130513,-112.00807534488527,3.663625800140333
110_Wide,1920500000.0,0.994039341631296,0.001580830297007865,-46.3752589377701,0.07698048628001623,0.0017248715649422824,0.00019931351366433883,-112.81610090680098,6.119081598538317
110_Wide,1920625000.0,0.9995312324641618,0.0015493870760411568,-46.367678002618256,0.08357329080947057,0.0016944723817362173,0.0001808500088413323,-114.8121502362796,5.60782374270045
110_Wide,1920750000.0,1.0056038215982714,0.0014016755554762774,-46.94041859200253,0.09753419593819086,0.0017472106317352382,0.00017286162366504342,-114.25683821111289,4.159582549927112
110_Wide,1920875000.0,1.0092218757302838,0.0015627269280100243,-47.00933603821652,0.10623697374706334,0.0017462542942543434,0.0001861522078758558,-114.47782013144678,3.497461000101682
110_Wide,1921000000.0,1.0102827465300661,0.0017026452163708588,-47.04912720758975,0.10550632924409832,0.0017635194745913995,0.00019503779226422098,-118.42467368811748,6.9548521541315775
110_Wide,1921125000.0,1.0148975285240536,0.0012167803550132072,-47.7888465603346,0.10780599062911178,0.001705856875239263,0.00015641141059476982,-116.90276176031686,6.18273622076668
110_Wide,1921250000.0,1.0132370437856562,0.0009100741459248041,-48.04956125723345,0.085501472517525,0.0017353325690603254,0.0001932756029545808,-114.9785234395539,6.681390117000042
110_Wide,1921375000.0,1.0075283557162427,0.0020054981810703983,-47.70602510221602,0.09718445571947329,0.0017699444994399214,0.00017624612847958238,-112.57787507874714,2.7253507991148695
110_Wide,1921500000.0,1.023143311440244,0.0011976417487794557,-47.96760025643962,0.1052944864008664,0.0016963931945109983,0.0001750542076730047,-117.54580227242145,3.781592917112524
110_Wide,1921625000.0,1.0166604025195358,0.001331626506823893,-48.47211466220463,0.0660268706920701,0.0016336503656014364,0.00010973907630154971,-117.54498686016606,6.887462237592158
110_Wide,1921750000.0,1.0194241356177183,0.0015341376030411598,-48.50187100650233,0.06829116793178643,0.0017011396679256952,0.0001178283366839645,-117.93937304903834,5.746841852239127
110_Wide,1921875000.0,1.0197333187436013,0.0014950340928270853,-48.42777668988907,0.07149623199623878,0.0017045611652115526,0.0001788298127252754,-119.03537870117316,3.5206045838006608
110_Wide,1922000000.0,1.0297215774380237,0.001269134885468308,-48.989628349453625,0.10391694987012975,0.0017729439032890203,0.00018401256582249546,-118.97154180070623,5.694786598988424
110_Wide,1922125000.0,1.030433259330967,0.0018660053837169454,-49.15080452311136,0.0842673241226954,0.0016538369161777722,0.00016519552090206034,-119.4151703114701,6.38943332507385
110_Wide,1922250000.0,1.0348580384996822,0.0017515013063854605,-48.792630444256716,0.09557463035463795,0.0017816102542351085,0.00023097080685897223,-116.55593942690602,4.487202780452963
110_Wide,1922375000.0,1.028512369002007,0.0010542005894947823,-49.131452698815494,0.0940957003788591,0.0016732125486147013,0.000186160990513269,-120.1454195275439,7.860350712129765
110_Wide,1922500000.0,1.0375866667242009,0.0016776484415490394,-49.406308121131296,0.0817293951157735,0.0017478425903977995,0.00012614482527730875,-117.86246630312968,8.33421101482345
110_Wide,1922625000.0,1.022292259369827,0.0015572851471071737,-49.79168290905859,0.04813701057807034,0.0017703933285453906,0.00021584613871420007,-119.96678809783279,5.755667817256454
110_Wide,1922750000.0,1.0298376518651906,0.0019742181409549463,-49.48491538791185,0.08655897992964325,0.0017882316328608505,0.00015332039310532542,-119.81566204668995,6.292525823257184
110_Wide,1922875000.0,1.039299966805152,0.0013200734299399313,-50.445746420514865,0.09968670827490209,0.001779679323607047,0.00021384020171267908,-119.83980434975851,8.168437359089241
110_Wide,1923000000.0,1.0415791480732297,0.0014596782714153171,-50.22490442727897,0.08257915067691689,0.0017368360951575484,0.0001496032192524806,-119.287451629781,5.573523468271373
110_Wide,1923125000.0,1.0363574644838824,0.0022951089147224667,-50.102225524735424,0.08218438632921751,0.001830212272907075,0.00015679098793980055,-119.83830653291508,3.884606073786656
110_Wide,1923250000.0,1.036674983439726,0.0015440718970883963,-49.84304315425899,0.07578613014833639,0.0018442226776972076,0.00017503584557350586,-118.14997786129842,6.223349599688368
110_Wide,1923375000.0,1.0345370818206079,0.001953918469741645,-49.99910832179741,0.062087034761700736,0.0017555771263960231,0.00014010114468076615,-117.75927548018824,6.248583622473834
110_Wide,1923500000.0,1.04257589965833,0.0014099526289890365,-50.48437868265461,0.04971875821920195,0.0017920178065591286,0.00016198175897602253,-119.85963941090422,6.440405845059551
110_Wide,1923625000.0,1.0373783477238379,0.0017175672786911126,-50.04623009494244,0.073182362245976,0.001738724296539429,0.00024933494638205327,-118.80596982928154,8.11434650292985
110_Wide,1923750000.0,1.046581661646094,0.0010742795288293328,-50.121157787805835,0.08659177777560506,0.0017128971736282608,0.00015364230744421037,-119.00910441160903,3.6267606636675356
110_Wide,1923875000.0,1.040615458310089,0.0016837540321631055,-49.8721821439191,0.08005754480003222,0.001844571667198648,0.00013420445733179978,-116.5315322083031,4.388751991481739
110_Wide,1924000000.0,1.044020906475419,0.0012774535719374384,-50.306291106722426,0.10528306101264953,0.0018871314485765964,0.0002379487326338218,-118.55621970474023,6.177340037491502
110_Wide,1924125000.0,1.052525288295559,0.001737073210648332,-49.895549858946254,0.06916522593366455,0.0017841401134955609,0.0001620243621150095,-120.61233637041114,6.498775645603984
110_Wide,1924250000.0,1.0548701744901112,0.0013639818033257497,-49.54472643948263,0.08404395020529588,0.0018502704445499888,0.0001868907352173536,-118.10612140304617,4.584640376954489
110_Wide,1924375000.0,1.0528415482905769,0.002135071695715932,-50.12114781149515,0.05879572298215093,0.001826422146833124,0.00013801984968418528,-118.56595595081347,4.279868128124865
110_Wide,1924500000.0,1.042583922055046,0.0013758985386346549,-50.22990225920577,0.08021597287136122,0.0018496856010457067,0.0001546774688297655,-119.56909836975646,4.662178352259123
110_Wide,1924625000.0,1.0440783470833332,0.0020501740602301686,-50.48252604335017,0.09180477992851473,0.0018620460109564363,0.00017143678901088694,-121.61834207161829,5.996911291271825
110_Wide,1924750000.0,1.0405928458551164,0.001503608696844514,-49.93672842640145,0.08508111086809121,0.0017760606610359795,0.0001983352644653043,-117.31533257815599,6.409987290488391
110_Wide,1924875000.0,1.0456069343780905,0.0015393478106969555,-50.26184625491174,0.08260360505719072,0.001847248679956595,0.00019152362646926533,-120.853320723353,4.543213836528869
110_Wide,1925000000.0,1.0445760440528038,0.0008634651696619,-50.06519526910799,0.11074102522354179,0.0018442144038177519,0.0001091723640401665,-116.90361335589276,3.9220861922729613
110_Wide,1925125000.0,1.0423692512467106,0.0015280993897753374,-49.93217639531475,0.08890157014545019,0.0019620485215464645,0.00011050271799662648,-117.26575627317249,4.89589698556258
110_Wide,1925250000.0,1.0455076807092292,0.001062001155371155,-50.74518434972243,0.0629008691200313,0.0018585972713853047,0.00015640530304849055,-117.9619342610781,2.8570968093394895
110_Wide,1925375000.0,1.0571640856968771,0.002011906415183413,-50.0470017694775,0.09279430463500987,0.0019027875970525675,0.00011119921137533849,-117.27053563864514,5.829431038430215
110_Wide,1925500000.0,1.051049690580159,0.0013472213278671796,-50.444188416406135,0.09429764071664207,0.0018490091637212462,0.00020609456133827028,-118.57124209797804,6.844770165946862
110_Wide,1925625000.0,1.0399039360533748,0.0018196590941839197,-50.312072302319734,0.06905600761743426,0.0020075174255878825,0.00013258462471936263,-118.84897831659353,6.254088749404533
110_Wide,1925750000.0,1.0404472653364623,0.0018131430568949526,-50.28572973912612,0.09570608270011619,0.001875821682097664,0.00010769293570023309,-115.22434427456895,3.6373605565325255
110_Wide,1925875000.0,1.0446411154546287,0.0017180975191838142,-49.40784550076679,0.09360699875432693,0.0018839432608050617,0.00020953357099847553,-115.56037635153469,7.077698495169522
110_Wide,1926000000.0,1.043305334067694,0.001470279216213927,-50.95613607708668,0.08466943137451746,0.0019680266963553947,0.00016965489620792454,-118.14841947416659,3.6487507865255844
110_Wide,1926125000.0,1.033577625292616,0.0016937489442470223,-50.51907903471953,0.0794552557049748,0.0020987563601783067,0.00011499758332322127,-116.94969658123021,4.107589686048239
110_Wide,1926250000.0,1.0403997522797004,0.0017264779832527322,-50.57247243665261,0.05410224426532982,0.001971536808945469,0.00013994307964614752,-115.92861604218598,5.816810382925939
110_Wide,1926375000.0,1.0308545938077447,0.0017914054805511924,-50.172388954212025,0.06612498663367013,0.0018665395319057618,0.00022380516466296817,-113.6202060790444,5.003180782621201
110_Wide,1926500000.0,1.0459142684047766,0.0028656954621146848,-50.09706338623036,0.06963713799570706,0.001875934394410097,0.0001274046470113044,-117.09601938541678,4.8487574690893975
110_Wide,1926625000.0,1.0449969968396917,0.0016214262304614234,-50.07883476126615,0.09603565747153303,0.0019987951959608073,0.00014421067428400938,-114.23267686869715,2.8733914204782702
110_Wide,1926750000.0,1.0336628159090147,0.0015384252777463625,-51.18982380691,0.07027128192067855,0.001852612143040329,0.0001423523910001054,-117.0029566985562,6.833667026684911
110_Wide,1926875000.0,1.0402896276198097,0.001921233514850909,-50.81099597461563,0.06283203941115408,0.0020206311566134155,0.00011581443604066922,-118.14274265516319,5.348647280673019
110_Wide,1927000000.0,1.0348939279088718,0.0010110099825251194,-50.889622621034235,0.082199291943117,0.0020199593052056463,0.00018637938623040137,-111.19262336123731,4.657788497865931
110_Wide,1927125000.0,1.0409395452664127,0.0012666896015874876,-49.91497949437703,0.07064187703982053,0.0018806505289020612,0.00018414286926366288,-115.27599431277655,2.946907030439819
110_Wide,1927250000.0,1.0339151866084575,0.0017020784071895521,-50.69880803441731,0.10611067840262164,0.002010810604535014,0.00011649383367206668,-116.4224724022285,5.747608428515493
110_Wide,1927375000.0,1.033332281870244,0.0012260957249325079,-50.69037384930835,0.11552296983636602,0.0018912287788597037,0.00017769856622569356,-114.23186516407716,6.324607253225805
110_Wide,1927500000.0,1.025917045972914,0.0018570206949179305,-50.76272986571351,0.11675953974735465,0.0019472672779438374,0.0001569664545343142,-114.93783401620522,5.914287237698973
110_Wide,1927625000.0,1.0342668836246758,0.0015451932854542787,-50.702652034904794,0.10416075013381132,0.0018843065965902174,0.00020227702766008784,-111.69588773579207,3.5671137390440784
110_Wide,1927750000.0,1.0387179299789528,0.0011018003830799295,-51.55438352638225,0.1083201441704724,0.001953193109155295,0.00016994911322551042,-116.06141930089844,4.696944804772227
110_Wide,1927875000.0,1.036564583862193,0.001668328132716874,-50.87479538509268,0.1179033178032383,0.001890892706929936,0.00016832332193223224,-113.32648741670968,6.043146619648657
110_Wide,1928000000.0,1.025947432911261,0.0014875517480077913,-50.65793990547545,0.08590112546035766,0.00184292537173522,0.000129055215319514,-115.89248769555655,4.63764243493634
110_Wide,1928125000.0,1.0239689069541917,0.0013720621296386818,-51.4361474417617,0.10453170373036773,0.0019624525201386925,0.00012758165643303272,-112.552747085734,4.931952799377041
110_Wide,1928250000.0,1.0313779012756898,0.0014174012255677804,-50.642316951302234,0.11912714929389251,0.002022958419271656,0.0001073421960922851,-111.92257357104174,4.716749222091778
110_Wide,1928375000.0,1.0185265832913206,0.0015969517746583773,-50.97670979079229,0.08084886537615739,0.0019092892661154257,0.00015377112596098657,-113.35573468770828,5.279106626370012
110_Wide,1928500000.0,1.0298251111850383,0.0013796983814894147,-51.22101270862307,0.12520078560543504,0.001817087229423296,0.00015229997293764733,-113.56409444665215,4.5929938451653545
110_Wide,1928625000.0,1.02494315929657,0.001649603492133606,-50.88247818190558,0.058975224087001656,0.0019414372222917422,0.00016306294458286893,-113.95423691143489,3.3565923188299287
110_Wide,1928750000.0,1.032066804635464,0.0013346414525431322,-51.58881310914987,0.05608103988050643,0.0019537171249687773,0.00014483558711250348,-113.789202330966,2.5416620809106987
110_Wide,1928875000.0,1.0239698478496029,0.0019570044245113462,-52.86858926427251,0.1141557411116329,0.0018988558258138297,0.00012566963197722974,-110.49039176385702,2.8344883566065233
110_Wide,1929000000.0,1.0196749806804872,0.0012133803108758695,-51.37002573658287,0.09183221757611618,0.0019622812074111162,0.00014927787229661367,-111.8268956782351,5.603715519524018
110_Wide,1929125000.0,1.0280516998729263,0.0014370735811181667,-52.3804039555198,0.10660175050635956,0.0018881752813834068,0.00019188647041962678,-113.3881843383809,6.703708188201378
110_Wide,1929250000.0,1.0163739688685647,0.0015365382961520272,-51.72199509836489,0.08173873540247069,0.0019862545680887564,0.00022154913117719175,-112.31485576933568,5.803678007961635
110_Wide,1929375000.0,1.0234612473280875,0.001568001258054172,-52.354292312725256,0.07754292045825933,0.0019711873073074387,0.00021184247623442064,-114.27664924415303,7.875441168049966
110_Wide,1929500000.0,1.0250698275022332,0.0013115723605138555,-52.442174651766756,0.0963886731915466,0.001867677222378726,0.0001689581654042397,-114.79406407270044,5.816755535124061
110_Wide,1929625000.0,1.0216489036941676,0.0015444290257998405,-51.86984929368023,0.08602316431842302,0.0018507411342962529,0.00013504380363999066,-113.14822386232129,7.510276828688111
110_Wide,1929750000.0,1.011005146958514,0.0018331964659324097,-52.583356686396584,0.07927636737456445,0.0019000417638462188,0.00014418650640165496,-112.30700425997169,4.071322728173548
110_Wide,1929875000.0,1.0375891476559143,0.002178400645586975,-52.67655525781839,0.12221377414956049,0.0017733351654736767,0.0002329711891837327,-112.88720476813707,5.62107870120637
110_Wide,1930000000.0,1.0328667552788107,0.002072056576425267,-52.00336763480306,0.10307557990687004,0.0018765606152121774,0.00013323045841933607,-115.56372984584837,4.141269572011154
110_Wide,1930125000.0,1.0119163126081059,0.001072469554858441,-52.136834645434725,0.10425031550331806,0.0018536927469211884,0.00022930209326671328,-111.12207880923226,6.465104196457409
110_Wide,1930250000.0,1.0184017881302005,0.0010580186914511437,-53.04158173111191,0.10627785960862009,0.0017061512340831799,0.00017361445914671272,-110.71746064564077,5.935439586194593
110_Wide,1930375000.0,1.0231414317663767,0.0017154713729314172,-52.46897965506903,0.09258725275597694,0.0019372943582629011,0.00015828875720193326,-112.41849636626463,5.705834217733538
110_Wide,1930500000.0,1.0268039506812894,0.0019443868112988766,-52.24955059215016,0.09429831385821685,0.0018574156843374733,0.00014054536549817128,-114.33164670099225,5.039902198827675
110_Wide,1930625000.0,1.0201841875325546,0.0014312789292437837,-53.217222534752985,0.06441978262305838,0.0016749520524623517,0.00015900821898111306,-112.20011798166875,4.3776734254727145
110_Wide,1930750000.0,1.0146702961230203,0.0016349565596775323,-52.95846996349427,0.0663635536800758,0.0017403616069507587,0.00015383942914962763,-113.00745446155621,3.581914529050933
110_Wide,1930875000.0,1.0276189909335736,0.001508383493352002,-53.30735814819956,0.08268178484772262,0.0017239279572061716,0.00012489081555998855,-112.20566323758885,5.8675895374567455
110_Wide,1931000000.0,1.0323822307187749,0.0023453273593670816,-53.4390220270015,0.10253947298420325,0.0017531750421935278,0.00010982954249777908,-115.17017147407688,7.476505223946041
110_Wide,1931125000.0,1.0176805760854863,0.0013557258584754475,-52.931061636667465,0.09235994836955036,0.0017982337857502372,0.00019242569579226536,-113.49591047025713,5.500528480851231
110_Wide,1931250000.0,1.0186281519868328,0.0013214757747823773,-53.45044080317158,0.1497017362176865,0.0017319972472708007,0.00017356799698165003,-109.02139460148439,4.460482544580251
110_Wide,1931375000.0,1.018776038856822,0.001480197698052866,-53.49084309394799,0.1241834806762485,0.0015196474092639429,0.00015302162363530386,-111.78894524835842,6.24097004996282
110_Wide,1931500000.0,1.0125360817429754,0.0018602955535249478,-53.58421305816752,0.055376862924613836,0.001672860341147715,0.00018730569086079175,-109.94190024251219,7.215419496554038
110_Wide,1931625000.0,1.0211339820667136,0.002107654233563778,-53.52813484496081,0.11833269450759622,0.0015674179456806503,0.00017726658330203542,-114.3253675505426,7.347260011111173
110_Wide,1931750000.0,1.0213180278234621,0.0015587271724150223,-54.0112120409823,0.1168659425953844,0.0015501545387939788,0.00019177372465627963,-116.07742526590512,4.639921873353902
110_Wide,1931875000.0,1.0249520738603726,0.0014137702173871538,-53.61602883622658,0.06957462275749192,0.0015887333164408734,0.00016942359313944585,-115.8842818190288,9.05121429884601
110_Wide,1932000000.0,1.016644299091548,0.0011057779304609475,-53.340955963574906,0.07681768838521291,0.0015837719091396018,0.0001291367444933105,-112.92003710558551,7.2933930459761696
110_Wide,1932125000.0,1.030363005266259,0.0015867551339843692,-54.01567550102985,0.11682112570957276,0.0016045408323885483,0.00016053464192509003,-115.85725968248269,7.714038490543839
110_Wide,1932250000.0,1.0186701151228805,0.001811816812756559,-53.08067327821415,0.11890806404731301,0.0016070317885689322,0.0001846923396922924,-112.31995181408428,5.3603615893293375
110_Wide,1932375000.0,1.021806557813697,0.0012613031668966223,-53.75768915038129,0.09777289871648032,0.0015446515811192042,0.0001741830846172634,-111.66304162995434,7.8861189824540565
110_Wide,1932500000.0,1.0299426794287403,0.0014317069547178018,-53.76010371182036,0.08893680948013023,0.0015304863273181359,9.031691952332781e-05,-112.63730480014813,8.580065574662841
110_Wide,1932625000.0,1.024118330645437,0.0013110295025673126,-53.70462774426912,0.08523231100263619,0.0015490518030687552,0.0002183699080727415,-114.67628135572788,12.075589239605723
110_Wide,1932750000.0,1.0201091817764958,0.0018872013405346428,-52.952972128364934,0.105581471395495,0.0013908221981070578,0.00019724866814843322,-113.05346978372827,5.167145839217224
110_Wide,1932875000.0,1.0406725398006529,0.0012868390753446267,-54.00393833509796,0.11680999553130936,0.0016203400385753546,0.0001124427637388918,-114.81218466836607,6.778812769711721
110_Wide,1933000000.0,1.0194495281149374,0.0019710681338500494,-53.99368111923918,0.08764816487300106,0.0015477554936558452,0.00018796735190340394,-115.17195949290037,8.167251567062472
110_Wide,1933125000.0,1.0319110267813691,0.001664053865065207,-54.137650277830474,0.09347724314425417,0.0013469681606468333,0.00013413227356330056,-117.9472969175113,8.437380079422951
110_Wide,1933250000.0,1.0215899727831697,0.0015862292354380334,-53.79560364327093,0.07717127270424105,0.0013982119364452238,0.0002072601802270143,-111.35825999999092,8.053843051675454
110_Wide,1933375000.0,1.0347127410650274,0.001771988111528525,-53.62022946209007,0.11978705330355867,0.0015024823938139449,9.761089132834012e-05,-114.53346371397596,6.5213380535729035
110_Wide,1933500000.0,1.0290424597974972,0.0021496723810374985,-54.19020235363962,0.09678764369447557,0.0013296639467217457,0.00023217593862590944,-113.06377742211244,8.782773610104458
110_Wide,1933625000.0,1.0228623210047614,0.002630790717441491,-54.11304320197065,0.1030529758048302,0.0012953019271866046,0.00014965364633055169,-119.08977032006949,4.468003342986564
110_Wide,1933750000.0,1.0252282926177587,0.0023096810085026934,-54.132083155982656,0.12000259365825722,0.001377472193262902,0.00017469571830917215,-116.35730064726697,9.056327423252444
110_Wide,1933875000.0,1.0315151895242651,0.0015042347689956709,-54.3798828272548,0.0868291372661011,0.00132296647422853,0.00011456181827588786,-115.57819828972023,7.532260240041864
110_Wide,1934000000.0,1.031323990120652,0.0013856683148176746,-54.1498884958345,0.089176161542924,0.0013792369537013924,0.00020826717426477618,-116.1887069257869,9.169489623966964
110_Wide,1934125000.0,1.0218302006864937,0.0016169031736803672,-54.13651147172132,0.09512073633956995,0.0013697093939941671,0.0002173576980581046,-115.79217595785407,9.589414868260041
110_Wide,1934250000.0,1.0308236297189644,0.0012100384393311165,-54.87196885448505,0.09783185856695659,0.0013613932220620736,0.0001940110570967054,-121.56658879337132,9.937612467277201
110_Wide,1934375000.0,1.0317428097697627,0.0018565035697524707,-54.292017309145166,0.10049556120818351,0.00123790449629208,0.00014436164268683875,-114.76522391772923,8.662321163149558
110_Wide,1934500000.0,1.02949495805037,0.0014866902021474712,-54.10967132835678,0.09260422419798413,0.0011997517696610397,0.000212893866139892,-118.15906012435634,6.129180456100761
110_Wide,1934625000.0,1.043531317410186,0.0019184293499997572,-54.85625749609316,0.0564924590137859,0.0012743573041325736,9.372234662586176e-05,-120.39908693625985,7.775857874548082
110_Wide,1934750000.0,1.0289630497748838,0.0017521248840442966,-54.0619485213758,0.11380309279745764,0.0012132845552901275,0.00022328253639254645,-119.49525414249672,8.368672580492643
110_Wide,1934875000.0,1.021068016581804,0.001457656965854352,-54.50992040472908,0.1347540669095957,0.001259728625350852,0.00010196161161581311,-122.6624124854587,9.904608589299938
110_Wide,1935000000.0,1.0189969799410894,0.000653385964248365,-54.76161326846942,0.11884743446579568,0.0011860010727475306,0.00020539697926254307,-117.4451470893358,10.250264644938976
110_Wide,1935125000.0,1.028600321309919,0.0015863857502301177,-54.39322792988967,0.08021506974409008,0.0011803013539482877,0.0002158242287923079,-122.19179169572188,9.035505261486833
110_Wide,1935250000.0,1.0225096789426327,0.0013072550704695469,-54.64880594406313,0.08034424305956189,0.0012986481459491873,0.00010709369104855775,-122.90571026774388,9.018942203579913
110_Wide,1935375000.0,1.0421089179759404,0.0017201912180071896,-54.761067982998135,0.1361722682984417,0.00110466010290585,0.00021247257168473453,-123.37847283275862,9.034820568267088
110_Wide,1935500000.0,1.0267716526859152,0.0012069356285181955,-55.24657389392388,0.08755989521926989,0.0010928693302339038,0.0001806450961688225,-130.1607872198881,10.155905475796848
110_Wide,1935625000.0,1.0299887180223737,0.0020010296970741893,-54.681153289393414,0.0796535875928416,0.0011659587713982956,0.00024352411738466433,-121.70987044598921,11.291537160200706
110_Wide,1935750000.0,1.0353877009278631,0.0013441358144872153,-54.58064944340714,0.09923589892130523,0.0010863819178909863,0.0001953057696855901,-122.43421033723217,8.247260946177974
110_Wide,1935875000.0,1.0334677660456013,0.0014456207442362645,-55.16618839773445,0.07861418914033462,0.0010104629349370485,0.00014683424577620794,-124.20423334443208,6.621085957360087
110_Wide,1936000000.0,1.0428599254656525,0.0013849546970496763,-54.95149112383576,0.08605528604355185,0.0010537703436626366,0.00014990155817507346,-127.08925627842298,9.416389110329018
110_Wide,1936125000.0,1.0251595766028947,0.0010971616252526944,-55.51469092624738,0.08987766346602681,0.0012722662925214465,0.00015768844479233882,-123.76010030598816,6.460564805429227
110_Wide,1936250000.0,1.0149051001164175,0.0016372427204001763,-55.07706842107311,0.09818732080517557,0.0010842065317686635,0.00015386474732364817,-128.1271262302728,6.533530640988683
110_Wide,1936375000.0,1.0441566931854034,0.0014988447376950743,-55.10904698128992,0.06492540115567659,0.0011202796779770045,0.0002193693855027584,-128.98282602321677,10.6537076208561
110_Wide,1936500000.0,1.0348211368193632,0.0016281291290408102,-55.12401488488018,0.11065229462822758,0.0010778264407014912,0.00014074036732930606,-124.13379097771825,8.007397905413036
110_Wide,1936625000.0,1.0391161266911813,0.0025729788703142296,-55.394202666023766,0.17506709227969317,0.0010711738665952768,0.0001808518900551141,-132.57673200651686,18.205612226252526
110_Wide,1936750000.0,1.0347489573152553,0.001912901545786848,-55.445863717043224,0.10927682038176728,0.001054281873854796,0.00010271020621520332,-135.01424528013143,11.613584707522428
110_Wide,1936875000.0,1.0427091193674825,0.0018290205997002259,-55.51689558861554,0.08102433212698111,0.0011681575238936166,0.00013084041989856038,-131.1570003216853,9.450297173630847
110_Wide,1937000000.0,1.0336670770579446,0.0014734945441101407,-55.2277056334387,0.10833538369466701,0.0010253904163829517,0.00025813222248415095,-125.4617454193875,8.49441056714185
110_Wide,1937125000.0,1.034757956503924,0.0011768071500129543,-55.09589893606289,0.061159574360203646,0.0011891735926751305,0.0001112369400448645,-130.9261161347831,9.970049594381923
110_Wide,1937250000.0,1.042669547867869,0.002183597830704277,-55.25057908765915,0.1223462033956102,0.0010669919291569979,0.0001591647362222678,-130.90828176869087,7.3269040971027755
110_Wide,1937375000.0,1.0429641752937866,0.001957550211915715,-55.44013833150839,0.06083002826171311,0.001090012815208718,0.0002787416590455897,-133.85990933200205,7.342310999971787
110_Wide,1937500000.0,1.0493340225379655,0.001898005721151963,-55.0553079310381,0.12723226948289762,0.0010769973507433808,0.00015053699048634227,-136.64121521405923,10.352678990998918
110_Wide,1937625000.0,1.0356319357893031,0.0019949427592679566,-55.17838261802525,0.1702375891100372,0.0010898580199489825,0.0001328107138871829,-137.52593463619726,6.1436528838385716
110_Wide,1937750000.0,1.0488589179371826,0.001239329791662968,-55.574637812535805,0.09989211977921016,0.0011542573710150023,0.00015714417620061937,-136.57858471174055,8.285664774753386
110_Wide,1937875000.0,1.03336955311089,0.0014117171302335495,-55.38826813675833,0.09541368187313674,0.0011918565761602777,9.394003514161013e-05,-133.15295573825946,6.630980128904214
110_Wide,1938000000.0,1.056629786119018,0.0028851222223291524,-55.17064776111404,0.13135112070306174,0.0011281388215844273,0.00019336789325478544,-135.1548127189921,10.116864808678507
110_Wide,1938125000.0,1.049759560905429,0.0014449270027762507,-55.47941766566789,0.07819468193056775,0.001085834035279938,0.00016515428561812001,-135.26919247810042,7.1469172419705735
110_Wide,1938250000.0,1.0450171890445878,0.0019340453451680707,-55.821932632281715,0.0659483055021734,0.0010514970047993154,0.00028674870884913247,-132.06978396211878,4.82299771636908
110_Wide,1938375000.0,1.045164288482624,0.002009132019507087,-55.610683030254954,0.07891547390560759,0.0011277981309961783,0.000210839882371513,-138.35808587319946,10.410938314331238
110_Wide,1938500000.0,1.0461461559200078,0.001527412156662333,-54.9192085944836,0.131080283399664,0.001142093960083836,0.00020705291699530846,-136.93133604527415,12.448210094022278
110_Wide,1938625000.0,1.0552756283342863,0.001229480316987438,-54.68810763429966,0.07486437119223412,0.0011887847028853142,0.00020198215442459268,-137.0467287984077,9.40526214609178
110_Wide,1938750000.0,1.0520829765238675,0.0018184542789760278,-55.62821620883908,0.10160862191790904,0.0011026953689137696,0.00022716244402360634,-146.87685666562817,9.969305024443388
110_Wide,1938875000.0,1.0546306166366974,0.0012368850095200751,-55.18784731298382,0.1010426332174515,0.0013055514458538747,0.00011837440611184785,-139.813395213082,10.193235320032924
110_Wide,1939000000.0,1.0546388859244125,0.001931184954049976,-54.995841693992446,0.08696508835920362,0.0011824597710230857,0.00015178238411150708,-140.07418062024766,6.938692530423647
110_Wide,1939125000.0,1.0541782426612636,0.0020038161706171843,-54.69410057246001,0.07018112940849724,0.0012032977925024583,0.00019122641755641296,-145.98173455856093,5.578698293014385
110_Wide,1939250000.0,1.0398742709651465,0.0021815668207558806,-55.13328144509911,0.11724502203472228,0.0012179141482567045,0.0001898495138421752,-132.5399803499189,10.011572714850002
110_Wide,1939375000.0,1.053016121606469,0.0015176627715329273,-54.83160280011012,0.09007835280438577,0.001126938152837795,0.00016945901786892884,-135.43057131936794,6.548139663083483
110_Wide,1939500000.0,1.0513846900962118,0.002407838373210495,-55.02090227563982,0.1175521401471427,0.0012478080213084634,0.00014520569458825207,-137.46464276760426,8.705276111447127
110_Wide,1939625000.0,1.0513973482302348,0.0014065913083919069,-55.85417514053322,0.132772775346375,0.0013360897265940143,0.00017583120828537264,-142.05037598709907,7.497944432379964
110_Wide,1939750000.0,1.0564852398061109,0.0016165232035785702,-55.368578567920004,0.12389041103772114,0.0013095404845916195,0.0002298920464746352,-136.10629221439729,11.59691375969112
110_Wide,1939875000.0,1.0573811061041758,0.001322631300369427,-55.53985274502123,0.1307284349136132,0.001231682331189304,0.00018387344019066954,-137.85616626009528,6.590167303712029
110_Wide,1940000000.0,1.0460651804628296,0.0022886338114629394,-54.90780216560285,0.1044704068560284,0.0012881633937660308,0.00013041535665422242,-136.14864353768067,9.760169344168263
110_Wide,1940125000.0,1.0543738603005712,0.0022400945186901795,-55.24129766923321,0.09205006591534975,0.0013606511968399556,0.00027679784585218903,-140.1319404032569,8.475800957995753
110_Wide,1940250000.0,1.0434704129821568,0.002437381774033011,-55.25371001541592,0.07115710077517894,0.0013509982902701406,0.00010533037757317753,-138.23013373134168,6.600822364631269
110_Wide,1940375000.0,1.0486000328176572,0.0024747577381647717,-55.15651689166568,0.057355162951954655,0.0013123089438899745,0.0002521635479389094,-141.1679238663808,6.117799625354386
110_Wide,1940500000.0,1.0498761702217831,0.0013517827953399666,-54.86242586234313,0.12657275485911046,0.0013530142587552057,0.00018610184514515288,-140.77255939140548,7.87945876704972
110_Wide,1940625000.0,1.0368648174713073,0.001220806556593931,-54.84559940880296,0.10168887030243279,0.001382545017139871,0.00023181159984509022,-137.40582661917767,7.729411697613538
110_Wide,1940750000.0,1.0451251689103822,0.0010335952038782572,-54.79615902765478,0.10863943872723386,0.0013915948206099085,0.0002957892687185928,-135.77752188602304,11.22722633882307
110_Wide,1940875000.0,1.0503612123665724,0.0014109471679547422,-55.2358454920294,0.06092158152201863,0.0014102202931205487,0.00022728260511006092,-135.63695040142355,8.088382446958358
110_Wide,1941000000.0,1.033745734534527,0.001565570160399216,-54.55956427215341,0.06123422611139661,0.001296811203461864,0.00020433874960025,-136.20528072825905,7.842598402066438
110_Wide,1941125000.0,1.0522228532677689,0.0018146232240144465,-54.890328906872114,0.08242109527231381,0.0014415811188265228,0.00021029372127669103,-135.77156847870202,7.012385450476388
110_Wide,1941250000.0,1.0254182890638086,0.0011517731695483986,-54.377618664946354,0.07219920889152302,0.0014274676803699717,0.000184409250547029,-134.66537691549433,3.488617003592703
110_Wide,1941375000.0,1.033100175520672,0.0018770336330119204,-55.39760668206216,0.06957246695363138,0.0015892033417198004,0.00012245805674169894,-135.1204911134634,7.496377921405505
110_Wide,1941500000.0,1.0479542290075987,0.002408392438828503,-55.264227888566225,0.151244904081678,0.0016544177410351686,0.00019866579477395327,-134.42286201699022,6.686521604075471
110_Wide,1941625000.0,1.0352440901553055,0.0015873239208623745,-54.646463865677255,0.08163560485849569,0.0015528978511676758,0.00019789037827241978,-131.24945866830976,6.927222073799632
110_Wide,1941750000.0,1.033432495574817,0.0018344688707719568,-55.32485554068981,0.12604177746934156,0.001614553550688289,0.0003023959192704992,-137.51619065929438,6.6716751070601585
110_Wide,1941875000.0,1.0426387534283879,0.0017378660229888665,-54.63359041069209,0.11274208978014584,0.0016309466557286464,0.00016778436797450837,-135.5875788232317,7.406426022460014
110_Wide,1942000000.0,1.040824575420379,0.002034866964183529,-55.19224615963078,0.07896051473692951,0.001708122512508005,0.00021559637460348915,-129.14047497890184,7.169552330249243
110_Wide,1942125000.0,1.0331891641214133,0.0015823328276048044,-55.3212072936316,0.1119384166713715,0.00180665360378918,0.00021519843243671238,-131.98169233666505,4.901938047500048
110_Wide,1942250000.0,1.0360082565154183,0.001626117536790379,-55.10016720348055,0.10787836120192447,0.001739247940686315,0.0001494381140715484,-127.71651300053374,7.392468505901265
110_Wide,1942375000.0,1.0253567126619454,0.00210738880254141,-55.33887198476336,0.12713231034538572,0.001763970974180922,0.00023753286368810556,-130.16306904654584,3.899569888864493
110_Wide,1942500000.0,1.0324517788985472,0.001159241694681038,-55.24467795828254,0.11903453654856963,0.002025712003422291,0.00022045166638523126,-127.47019803208336,7.213902271156885
110_Wide,1942625000.0,1.0203745433418947,0.0019934247831069436,-55.90224389106677,0.06684059406311828,0.0018502415934646926,0.00015887853033695945,-131.82357046149824,5.120768172302052
110_Wide,1942750000.0,1.028494732666328,0.0019188226461243523,-55.67011934595057,0.11908765068801122,0.002112898099956269,0.00013292785995838407,-130.7188838953161,4.681406196156884
110_Wide,1942875000.0,1.0334973524327091,0.0020278541737768405,-55.45919967859577,0.08496895057864925,0.00211344847619404,0.00015359779075826554,-128.30289889120223,6.103854600919395
110_Wide,1943000000.0,1.0405940655600072,0.0012915058772306517,-55.77350850655417,0.10568848905405948,0.002215349094930375,0.00014896095976356136,-129.48730414718534,4.471337583639438
110_Wide,1943125000.0,1.0186962415146286,0.000908318302036263,-55.7172535517107,0.09556959117115883,0.0021596083771390495,0.00014344292853424358,-125.88603617071642,5.179753733075678
110_Wide,1943250000.0,1.022640893027131,0.0012355454284633906,-56.27162612485289,0.0935389876872308,0.0023265923918428183,0.0001559885894434468,-128.8574457567138,4.0614132492613715
110_Wide,1943375000.0,1.0262835082577653,0.0012020991551725888,-56.94924953730553,0.09891963609728914,0.0023857119209387944,0.00025676453658825575,-129.3780209582227,5.492554948944742
110_Wide,1943500000.0,1.028593480647053,0.0022383213749852405,-55.97475808229595,0.15322478332243883,0.0025388362812444323,0.00016455097046855284,-127.97636155005347,3.7106671103088598
110_Wide,1943625000.0,1.031374885155459,0.001535820379467854,-56.33098588900024,0.08976044581897488,0.002787252687328157,0.0002126640748777461,-125.73415152069084,5.878235159475121
110_Wide,1943750000.0,1.023487282438235,0.0020159389678998186,-56.16692866908926,0.07462929793029176,0.002954040213416088,0.0002081056936883815,-126.36796523129692,3.8279609805624495
110_Wide,1943875000.0,1.0214538158179804,0.0023934326323272214,-57.23866496251989,0.08081065960670189,0.003103437632290404,0.00015211968085547195,-128.08196172519536,3.4260556493275787
110_Wide,1944000000.0,1.0210767431374754,0.0017705006476913736,-57.11179588510098,0.10477737732129343,0.003314333591092545,0.00014191245781587972,-127.6719204541351,2.837941787264507
110_Wide,1944125000.0,1.029832555634489,0.0018648841368684203,-57.313343761248234,0.08913876819294617,0.003697660258275053,0.00021679719031621853,-128.40601971021098,3.779879995320687
110_Wide,1944250000.0,1.0250012266081756,0.0021892978582319913,-57.496355846934975,0.10306567883418694,0.003945771533430413,0.00012131743763177929,-129.70383100865197,2.746123490190183
110_Wide,1944375000.0,1.0133657222011196,0.0019624407133015083,-57.413896074595385,0.07828243937084699,0.004420417150427673,0.00015825354095280853,-130.05590045114857,1.1502832309043198
110_Wide,1944500000.0,1.0051346150279041,0.0017733911906514341,-58.30908575819346,0.13705545111005873,0.005197840517553349,0.00016552060884126094,-132.49997595632405,2.5996392811521507
110_Wide,1944625000.0,1.008181947041204,0.0026868457781435724,-58.38083534307774,0.08521653722315498,0.005989663222569347,0.0002835080855070776,-135.77711678419388,1.8823619684399528
110_Wide,1944750000.0,0.994562868818716,0.0011812716005695308,-59.615380473135865,0.13215559840712005,0.007159328342397385,0.00016090403971696942,-140.74372544570065,1.6400208455521443
110_Wide,1944875000.0,0.9717610758938356,0.001955894120115092,-59.197401453847654,0.1212483227694247,0.009016845342794622,0.00017115997823031245,-150.28386616567238,1.4479118452035817
110_Wide,1945000000.0,0.9450597694352805,0.0016753402391911803,-58.83484441144333,0.1162608994584149,0.011299672552918699,0.00020685837489663793,-167.29929688523524,0.9566835078468888
110_Wide,1945125000.0,0.9237079898137249,0.0029224473911703065,-56.906546672774354,0.13333709919588532,0.012785417811288514,0.00013795895641875627,165.97770536387858,0.761507242157817
110_Wide,1945250000.0,0.9539539329129613,0.002608203766140919,-53.81721131234902,0.12778772977666442,0.010823939419011313,0.00013518104721726954,137.76822606261362,0.9179871744704132
110_Wide,1945375000.0,0.9843573285406485,0.0018205153063941522,-53.90982528097439,0.1053979734912877,0.008071915421319006,0.0001612583083528559,119.56032087060197,1.8035845524578984
110_Wide,1945500000.0,1.0074242751371933,0.001681093001982365,-54.03714899310332,0.07436696708885127,0.005985978547692078,0.00013410602166539145,109.73098355517021,1.7070821626747124
110_Wide,1945625000.0,1.014463672760667,0.0020603665131415493,-54.22973348046091,0.09003559899763745,0.004459064671876046,0.00018048549732912905,102.60757805800915,2.2643825595066343
110_Wide,1945750000.0,1.0313430585895103,0.0019443121591256123,-55.15934553809869,0.0771481214808182,0.0035312846794380345,0.00018912497811940837,99.3574617637517,2.8857035988659745
110_Wide,1945875000.0,1.0296306448881527,0.0018270690776364304,-55.353311431664224,0.12917665194065572,0.002890677711798405,0.00017827129676828424,96.80279930494979,4.2647878066782905
110_Wide,1946000000.0,1.033440360008775,0.0020807981635420623,-56.37849029965292,0.06642791816884756,0.0024384856684203397,0.00011727862376876044,99.13457967901624,4.31250700480359
110_Wide,1946125000.0,1.0338880597401707,0.002603541637939161,-55.599371411829445,0.0728090150874108,0.0018944927792090337,0.00014237826939767482,95.1959524419664,3.87159397587874
110_Wide,1946250000.0,1.0389393249669734,0.0014936366687554681,-56.21570380060025,0.08968018039482527,0.0017677567451363527,0.00014850720386925148,97.15853955675293,6.673232460823358
110_Wide,1946375000.0,1.0252039948228338,0.0027029738750117987,-56.42905612234027,0.09143160740767241,0.001409423076414037,0.00022356960466730655,101.31412421771961,6.391695653702992
110_Wide,1946500000.0,1.0380076412674573,0.0019995246179500027,-57.304316229112345,0.0964630323949108,0.001207870946416333,0.00013753140776136033,103.2814962412305,11.040805225400474
110_Wide,1946625000.0,1.04370063584169,0.0019559339040206404,-56.08488971309492,0.07621070234393679,0.0009552271994397082,0.00028123907348209267,96.76416178175604,16.174414408241248
110_Wide,1946750000.0,1.0486077500730533,0.0017518282415368372,-56.031021007361495,0.14639858181837667,0.0009745090707377337,0.00014784694084869868,106.19528589998176,8.099915925001458
110_Wide,1946875000.0,1.0495503181146786,0.0019114862785217887,-56.837315156914926,0.12093501767879018,0.000706887244881976,0.00021414475423204662,110.28846050246756,16.530416719334493
110_Wide,1947000000.0,1.0496008798589493,0.002545741559814209,-56.39704266052178,0.11282675381325757,0.0005932348965324568,0.00021515868074478846,112.0561077372069,22.33310420938967
110_Wide,1947125000.0,1.0485658514698668,0.0023294582250702727,-56.82592843324879,0.11506903845946267,0.0006239842443769494,0.0001602279826571133,108.80687596719783,13.827951152345685
110_Wide,1947250000.0,1.0529742226400283,0.002043435250124974,-57.013225149055025,0.13442679159308887,0.0005142759168597988,0.00023980760612681048,66.5381597297007,117.0609484456558
110_Wide,1947375000.0,1.0516065446731184,0.0019733568105767575,-57.16246003038765,0.11772642995302433,0.0004518873263428451,0.00016323413704591303,140.42323252874607,23.594252628928434
110_Wide,1947500000.0,1.0560707496665396,0.0023040157713764314,-57.18598698418225,0.16424710011489985,0.0003905592090791471,0.00012167851467190653,85.27773687001093,94.8959369508733
110_Wide,1947625000.0,1.0575583287497758,0.0009201525880397747,-56.96760757316278,0.10443272025173447,0.00028783695260067523,0.00015956966890046052,54.666052367076134,125.94052126375136
110_Wide,1947750000.0,1.0610550754274648,0.0018845420724035655,-57.37985971056755,0.08732964274616017,0.00035040484923586806,0.00017482404965483116,27.959484425261966,144.96874543771906
110_Wide,1947875000.0,1.060885319920453,0.0023052321541891315,-57.27645090410571,0.12121242781608325,0.00033869843658150366,0.0001116302632290785,-57.359564796890005,133.5554255720963
110_Wide,1948000000.0,1.0547001353052048,0.0027808984489297774,-56.98527922364811,0.15625168221126684,0.00031293969036931557,0.00015102694980953355,49.02952177416088,140.57432927732694
110_Wide,1948125000.0,1.0583172351167376,0.001359955361201617,-56.944232878246964,0.11769029577431601,0.0002707728385988753,0.00018891853391421668,2.3023193869390655,136.6585211728929
110_Wide,1948250000.0,1.06059455805186,0.001968374957669574,-56.78892792206379,0.13208730631190604,0.00032572258296414253,0.00015576023009212112,-79.04420238465953,129.19429069593613
110_Wide,1948375000.0,1.0732787798287977,0.001443130806807473,-56.93567393693104,0.10059397533431268,0.00046300493324731123,0.00019562475116933318,-114.61773070621356,77.44574701866145
110_Wide,1948500000.0,1.0610407967171869,0.0010452498726514264,-56.93980066017839,0.11566342950942714,0.00035373086522939113,0.00010778328339732048,-83.45928312170724,129.42007096455433
110_Wide,1948625000.0,1.0593199875962631,0.0012275439091806147,-56.4183123869166,0.10462116700472911,0.0004050604355439469,0.00010892989504626367,-102.51223657756256,99.45243058726139
110_Wide,1948750000.0,1.0553246248494936,0.001972549908294367,-56.94513177982162,0.10554117265849239,0.00033154747501468683,0.0001677925780006995,-59.912012971610714,113.95301372865318
110_Wide,1948875000.0,1.0619652226656395,0.0015875232415306557,-57.05965315076444,0.08078081553246018,0.00040704160350668947,0.00020111292795756976,-73.33154340647278,122.81725828553627
110_Wide,1949000000.0,1.0620615285361743,0.002440121593768549,-56.634408235028914,0.09703968404445212,0.0004651710450066416,0.00016021638587510766,-133.33645387656512,23.271663480349254
110_Wide,1949125000.0,1.0585573943067805,0.0011821961171603777,-56.48105814293228,0.06239080072444485,0.00042102853302130314,0.00021944707097090686,-116.3506451167385,34.340359805579034
110_Wide,1949250000.0,1.0651922595803565,0.002126620152001104,-56.46203242842795,0.09687980907448093,0.00043681421825843395,0.00017421675396662127,-115.34551512536214,34.42424053409393
110_Wide,1949375000.0,1.0602550164185276,0.002235210978972646,-56.21833203544815,0.05095365722926197,0.0004433079190505964,0.00011209419991843658,-120.96837436647623,33.99905246861467
110_Wide,1949500000.0,1.0584142104460892,0.003028247093812232,-56.56671082653113,0.1007037146242243,0.0005545631205965638,0.00018360776842703963,-119.60588943348826,16.98404406040559
110_Wide,1949625000.0,1.0630118353865914,0.0019328698412654263,-56.801078437122996,0.1209056572641872,0.0004744818115256525,0.00012642905719361462,-114.3017999985418,22.59674202943814
110_Wide,1949750000.0,1.0594395576184097,0.0017463367523877981,-56.35701487683449,0.12075447887282771,0.0005393081510923156,0.00017091778203196566,-126.2637324194354,20.672856224188333
110_Wide,1949875000.0,1.0499141358452435,0.0011882004881668647,-56.654941385526584,0.08770089177071566,0.0004903689443868412,0.0002332253285190586,-85.68608758402944,91.74939624301412
110_Wide,1950000000.0,1.0438713194067812,0.0012839679695636123,-56.22113143961612,0.10539509518396666,0.0005134471967124288,0.00019843782972925791,-111.26082085275108,17.192365103447237
110_Wide,1950125000.0,1.0460067978927894,0.001905014557433673,-56.7814531604496,0.08124877554041254,0.0004860462247492133,0.00028929014290385595,-63.40383873493502,86.09608733824184
110_Wide,1950250000.0,1.0570453525296586,0.0011472369616824963,-56.536581545064756,0.07474911955353553,0.0006366449455994004,0.00018394278360761755,-115.90833736427429,21.798465349697953
110_Wide,1950375000.0,1.0597810073712428,0.002175673313087001,-55.98113001357863,0.09363330732983942,0.000570317301679872,0.0002051304451486011,-105.64360658215017,20.511677868159396
110_Wide,1950500000.0,1.0632658092766956,0.001538930900480881,-55.81006519300685,0.12898835726362215,0.0005833824534590815,0.00014016274818483472,-105.03491858138736,21.503211711589298
110_Wide,1950625000.0,1.065898518153389,0.001314037912595263,-56.08179569087468,0.07947014951914466,0.0006399091671065764,0.00018243911109832708,-105.63179566746258,28.06975006566934
110_Wide,1950750000.0,1.0413180024750115,0.0020899689930999063,-55.80455036910203,0.08208209201693886,0.0005843871981563578,0.00023824379269395913,-101.01609060051898,26.08630646816039
110_Wide,1950875000.0,1.05609425703611,0.001361566076264214,-56.24890020130292,0.09785126003322986,0.0006656846546613662,0.00010966194831473161,-108.5548163182476,16.154487039658736
110_Wide,1951000000.0,1.0589393168056414,0.002025977167098127,-56.67829623347375,0.11216262554320232,0.0006358237355275223,0.00020373952757761732,-112.54928515871896,10.981319547805693
110_Wide,1951125000.0,1.040380391638883,0.0025628225491342474,-56.06482705787445,0.09521418765774328,0.0005735375635425173,0.00013954910730678373,-107.8173024221075,25.796802378754656
110_Wide,1951250000.0,1.0466572541494166,0.0026518194234947897,-56.177163309551,0.1253282095108523,0.0005880305206949101,7.262109120515752e-05,-96.5158285440938,17.02662006937147
110_Wide,1951375000.0,1.0412028611575401,0.0018368517707071427,-57.12957789239727,0.07995702772831391,0.0006312831877429397,0.0002576994251242798,-102.9393860057605,16.394759398028604
110_Wide,1951500000.0,1.043293091462538,0.0016286370774667798,-56.571762744110806,0.12065592624162613,0.0006093244110834379,0.0002105145486053463,-83.82453658558339,26.994476768634975
110_Wide,1951625000.0,1.0450831775266218,0.0012759264873449469,-56.68586264169606,0.10091373821878732,0.0005691361047384482,0.00021875079185581126,-92.11743999843179,23.098871119739915
110_Wide,1951750000.0,1.0479645176216472,0.001456968506131256,-56.48571611674055,0.10516570596065569,0.0006818165631468652,0.0001560651166254843,-97.49977485905096,16.106166312095137
110_Wide,1951875000.0,1.0286332010056356,0.0019472364612110823,-56.71268427179067,0.08353494684600395,0.0006138163982183357,0.00020443873957932124,-101.93259086947128,10.32244877867214
110_Wide,1952000000.0,1.045871799144116,0.002043110205359995,-56.57427181332809,0.15088517949186267,0.0006646824064637756,0.00026568842272472814,-94.72221520386046,26.533589647814605
110_Wide,1952125000.0,1.0395621534834387,0.0016178783809857782,-56.407122749599665,0.13873479154349316,0.0006925676977483133,0.00023179932839425396,-102.26848118944002,15.642335953373221
110_Wide,1952250000.0,1.0267849729925311,0.0023170047065343893,-56.676028870187764,0.1160781247299933,0.0005577860457403861,0.00014843910750788787,-102.2418774963935,21.56441657153761
110_Wide,1952375000.0,1.0371235703727724,0.0020092945415023863,-57.14251730484588,0.06554205912560741,0.0006688484906120731,0.00022634902356271359,-97.69061012069245,15.003606398937867
110_Wide,1952500000.0,1.0316415017522649,0.0018036633145820217,-56.706011126126555,0.1348880455486537,0.0005579351750845252,0.00012757967986044274,-87.86488594481352,20.370317050460738
110_Wide,1952625000.0,1.0257150914734308,0.0019555245239671866,-57.01189070965273,0.07632290484319913,0.000619717845878834,0.00022890538369668172,-110.8757605168541,16.29096241026997
110_Wide,1952750000.0,1.024527151329769,0.0012286954509333858,-57.04839227590905,0.06670946019060718,0.0005725996398627825,0.00027296124500419966,-88.1852113730865,19.464359249529153
110_Wide,1952875000.0,1.030911896241646,0.0013744742524787292,-56.905002151567174,0.14340398227981932,0.0005573333852471709,0.0002610889072281078,-86.78247420076401,23.804108797961682
110_Wide,1953000000.0,1.0302563639063531,0.0025848644671234715,-57.398375854336344,0.12579827293078769,0.0005823061817020398,0.000169271210051649,-86.92004924567493,18.571222873979313
110_Wide,1953125000.0,1.0380371969949336,0.0022754456831719583,-57.07707083815522,0.12136102631532092,0.0006950667280052417,0.0001589110567232273,-103.41224120138264,21.47160131013416
110_Wide,1953250000.0,1.0366207676252066,0.0018127847314494939,-57.17646501098777,0.09405353258162945,0.0007635950229331739,0.00017014354424525258,-95.37269550061825,20.609714726082377
110_Wide,1953375000.0,1.036769338232976,0.0009719090137150522,-58.449787741544945,0.0819071466473596,0.0007391881761776845,0.00015052211638526573,-85.23048825815576,18.543665266666196
110_Wide,1953500000.0,1.030891276795329,0.0025115850808713745,-57.93121382744956,0.14023331044474296,0.0006670235171401972,0.00014647784790003415,-87.24481578031019,18.04586602524532
110_Wide,1953625000.0,1.0321531202230223,0.0026221073965159852,-58.713712983760914,0.09774142849763481,0.0005087073193275139,0.00022590443209223368,-92.37517177196136,35.37825602793132
110_Wide,1953750000.0,1.034781921553004,0.002405481150018927,-58.75604175234085,0.10440030161624408,0.0006070114841824482,0.00019830058069580207,-92.36408722354643,15.37424233069936
110_Wide,1953875000.0,1.0243528587427086,0.0016912676948337931,-58.17160286347197,0.11232740520570608,0.0006160574365029577,0.00023221286182356247,-96.41682701082433,19.061283416697453
110_Wide,1954000000.0,1.0333440248673305,0.002841689858334208,-58.85108804466778,0.09818294527978665,0.0005918705832949465,7.856286421248642e-05,-87.96723771256777,7.658314607193878
110_Wide,1954125000.0,1.0369274759574738,0.0019626916984563096,-58.18105191769453,0.10595281093376649,0.0006098464746267471,0.000202759133532494,-95.95725645852457,19.3891529048946
110_Wide,1954250000.0,1.028918324691641,0.001909025167760904,-58.5312398061696,0.10407054089705117,0.0005110133158425631,0.0001406745621382676,-87.65891850089078,33.8175621195042
110_Wide,1954375000.0,1.0274797863710607,0.0015638931839829786,-59.49033882466922,0.10428864859412486,0.0005076491120097215,0.0001656523096890505,-94.66964105094401,23.21797201479911
110_Wide,1954500000.0,1.032667302539994,0.0022942012587455866,-59.28228834538449,0.09037286054130053,0.0005880305185499066,0.00017036954764256283,-97.39715814651709,19.729063597727343
110_Wide,1954625000.0,1.043983034276175,0.001765394922088867,-59.60953756653914,0.0914952822374675,0.000643547996618612,0.00017200118391110447,-94.4705557152437,11.060761426393652
110_Wide,1954750000.0,1.0295872341361676,0.001327309408964649,-59.45973554685943,0.08872309147931004,0.000471561194454262,0.0001764095643273222,-89.27310795974329,14.571894205225519
110_Wide,1954875000.0,1.0359338696996006,0.002238071072456743,-59.309603506882866,0.1408082047015697,0.0005800538623342732,8.76405448403174e-05,-97.62732143412936,18.894675620710615
110_Wide,1955000000.0,1.0397691749955327,0.0017060883974348766,-58.971139617363505,0.13205935016693532,0.00044044981118954304,0.00021175550993437868,-96.49939395982409,24.037925386819836
110_Wide,1955125000.0,1.0496299281534236,0.0013518372692549584,-58.754250620068916,0.10294019044770224,0.0005672986455783163,0.00015796515382324365,-81.41615183299756,22.813797673782606
110_Wide,1955250000.0,1.0319585040502643,0.001681548449096439,-59.54708905801229,0.14458866757577132,0.0004491427416394517,0.00016112521822496007,-100.5914400263767,20.03507152683917
110_Wide,1955375000.0,1.0577557373032982,0.0021093387084039615,-59.78208818790552,0.10899068553265504,0.0004790765475828341,0.00010320049154429043,-86.990061310218,24.68733534996896
110_Wide,1955500000.0,1.0472698348377225,0.0017831201258305196,-59.550077217338725,0.11651666494858433,0.00046601899160570446,0.0001567448209201773,-89.50944774889318,50.443067542634
110_Wide,1955625000.0,1.045051810541327,0.0024605972018965695,-59.86772669774366,0.0757224921366831,0.0005585653035353074,0.00011558373634849307,-86.17766490759912,22.728157040868837
110_Wide,1955750000.0,1.0500913305254178,0.002073937958295261,-59.757194549350835,0.08518305618835978,0.0005397034908077713,0.00027221309414973184,-90.45573871951116,22.902894547145564
110_Wide,1955875000.0,1.0497699796752606,0.0011961615942525966,-59.11454485974463,0.08877958180759535,0.0005038575376424681,0.0001634563876504759,-91.45945720424587,25.80695082363119
110_Wide,1956000000.0,1.0482538526775218,0.0018722612336734533,-58.940230541477774,0.07434890855244747,0.0005232867959545139,0.00017904779054604068,-79.74881927149173,31.489362499225063
110_Wide,1956125000.0,1.0520627449743492,0.0031024661675367396,-59.65734368347488,0.10968042566394395,0.0004910141435167405,0.0001398463305834952,-104.38346919219916,17.42580802288615
110_Wide,1956250000.0,1.0537539230172865,0.0018922063151970803,-60.35652666982746,0.13422306143707477,0.0005076583116155045,0.00017597852051517458,-85.01200096020284,18.5359251184985
110_Wide,1956375000.0,1.0515193240993812,0.001501045408484537,-59.42398937286889,0.13722961078451973,0.0004922814766203401,0.00014264821092470562,-99.9053638639093,23.319381452318883
110_Wide,1956500000.0,1.0704082425539407,0.0020113009676932638,-59.72359177351996,0.14202936188553628,0.0004815964133061231,0.0001761207472854603,-79.02820122095999,36.285339494555416
110_Wide,1956625000.0,1.0574042774470553,0.0018920641544720109,-59.806537625955876,0.07615515477145621,0.0005109111771123594,0.00020730403204028327,-89.431991674808,24.60522867772394
110_Wide,1956750000.0,1.061142849530286,0.0014317954312637634,-59.82707524648014,0.09385020859680598,0.0005659036796526263,0.00014100682640021386,-90.192894039008,27.590889955923597
110_Wide,1956875000.0,1.0678957436350995,0.002467355161544567,-59.60252785146977,0.1398849877142442,0.0005239033450638563,0.00015073725691601745,-96.91035741393503,27.92272100051379
110_Wide,1957000000.0,1.0780575008688602,0.002172774686776548,-59.60279191528,0.14136786867284815,0.0004518988116559135,0.00013573040882010874,-82.59838595550416,34.30205240753095
110_Wide,1957125000.0,1.068485840226485,0.0024511002068630396,-60.03878665823785,0.11163655807661038,0.00048056057833444456,0.00018444346427399998,-89.26402142889638,26.73499823007997
110_Wide,1957250000.0,1.0615072939318968,0.0018118267457085011,-59.84622866165128,0.08584412593016136,0.00036102582483140403,0.00015216981695269322,-95.05994175427335,24.662819720429603
110_Wide,1957375000.0,1.0733337722559262,0.0021205618495271994,-59.33194983697059,0.08186856025301707,0.0004839922804958717,0.0001656889882155139,-83.31401398838267,35.957755775702964
110_Wide,1957500000.0,1.0623789104433214,0.0022058177397619875,-59.21912321668185,0.14341630016269946,0.00042088719487610684,0.00017513770914778646,-88.94501500475037,38.367821542270384
110_Wide,1957625000.0,1.0692144664219356,0.001430535999920334,-59.23979681653563,0.12167319305767654,0.00047770508663586963,0.00013740384976035353,-84.15378519018768,20.650801106689098
110_Wide,1957750000.0,1.0683047751966412,0.0021746122278924478,-59.4833601731968,0.12387581448670723,0.0004867931804642957,0.0002238991831140807,-96.52881266689884,33.05520019860337
110_Wide,1957875000.0,1.0625436837215396,0.0018687393004289247,-59.33962698415946,0.13765451407717977,0.0004544223293177862,0.00023401874205729485,-96.6626049454973,28.962396201189357
110_Wide,1958000000.0,1.0755555915890056,0.001393726583785508,-59.13776875972029,0.09225793585358438,0.0005754761005151327,0.0001300690841150584,-107.42796406141176,19.83865594056582
110_Wide,1958125000.0,1.071315733473879,0.0016820378779634148,-58.69882593949155,0.1155879668982598,0.00043431956462255527,0.00018474620517532287,-120.00478383400217,28.650337254430244
110_Wide,1958250000.0,1.0699374339314982,0.0022402699400518836,-58.88145257510962,0.12945760521517258,0.00042516754503137247,0.00016775870475159454,-106.75462738985206,21.274956251682607
110_Wide,1958375000.0,1.0635739368427988,0.0013489284804934503,-59.02810487518282,0.09424590642118698,0.00047875707572478355,0.0001305712176276911,-97.99310736351309,28.57902303286835
110_Wide,1958500000.0,1.0764403440812833,0.0014111358178585237,-58.63783742405372,0.08720726680358398,0.0004572269379557779,0.00022173514828968866,-98.1465272336031,24.471782309669425
110_Wide,1958625000.0,1.0728016434235146,0.0018879707104148653,-59.11033932110522,0.12876636820323106,0.0004709883025425705,0.00017440682317899507,-104.91931795500128,21.187219001719193
110_Wide,1958750000.0,1.0768743674017665,0.001639065215792584,-58.78430938343888,0.08883665183587555,0.0004262853659506051,0.0001906284304353749,-120.62853459948565,32.93397002855525
110_Wide,1958875000.0,1.0688732951040787,0.0020277755316803025,-59.2011508937149,0.14079697245905504,0.0005216302958178303,0.0002015021289228103,-111.24540151921288,30.379786442756878
110_Wide,1959000000.0,1.0715953626833516,0.0017804097757281852,-58.23646155753788,0.06216964484888075,0.00044764460020609573,0.0001210839818219824,-97.73396174353073,31.83576003326356
110_Wide,1959125000.0,1.0631380031217235,0.0007569759794536499,-58.38064706338577,0.1180932552714617,0.0004286902183731341,0.00015570409286716345,-89.64173856083364,19.916883550343183
110_Wide,1959250000.0,1.0774473675013276,0.0019618858555980126,-58.53725326255182,0.0692045508433398,0.0004650506687797197,0.0001974901124948812,-99.85548297643894,15.18323593207521
110_Wide,1959375000.0,1.0613367803231741,0.0017613655913435598,-58.156976442186995,0.1168549888600644,0.0004129376135102172,0.0001245862323601415,-92.46627303865982,18.51538462991774
110_Wide,1959500000.0,1.0638351759148663,0.002520673115922232,-58.34909492250744,0.09388863327910618,0.00044512375301536037,0.0001282164299035105,-106.19773593412282,24.31466227617055
110_Wide,1959625000.0,1.068221066629089,0.0029909912198736043,-58.73446682220982,0.10051877237320828,0.00047463687758890103,0.00015028155396046205,-125.28702731402143,24.277604421212438
110_Wide,1959750000.0,1.053639874162044,0.0009424806510985309,-58.859175109893656,0.11988341150489588,0.00043550261712384627,0.00022846246489247342,-103.00305990043312,21.25305194533489
110_Wide,1959875000.0,1.0631731988668363,0.002314943050150038,-58.94456934284919,0.0948394997536368,0.00046047366794025425,0.0002144276769800404,-114.152614547825,31.18630752987933
110_Wide,1960000000.0,1.0593841549878684,0.0012359956180392991,-58.365009562847355,0.085718119073739,0.0005326764504452088,0.00018556806079212862,-109.43960894297989,21.205388651350138
110_Wide,1960125000.0,1.0482995135581366,0.0017715586829451014,-58.75557856225797,0.07799340984765261,0.00038827850242250707,0.00016285158899879854,-104.51456507484608,20.80722064299346
110_Wide,1960250000.0,1.0524056786611218,0.0017282803640318136,-58.43008748752861,0.15143776556572056,0.0004860597790675249,0.0001598088599448164,-104.34552466503573,32.923075457376655
110_Wide,1960375000.0,1.0594680629315563,0.001514737596901131,-58.43755542497194,0.11855600987880456,0.00044231681611607603,0.0003075024819747346,-96.74557782864913,45.85289684031298
110_Wide,1960500000.0,1.0514162903176563,0.0022038060898329622,-58.60861350341192,0.0791697105101387,0.000538599045978755,0.0001943042551864645,-103.12536940117859,12.734188922274647
110_Wide,1960625000.0,1.0449024850756243,0.0012990664356627042,-58.43417507717745,0.10848129361617698,0.0004979311605068678,0.00012202047470502168,-75.33524365572939,90.39685275345872
110_Wide,1960750000.0,1.0317024144584317,0.0015769084075585127,-58.501488325761,0.07135935620608949,0.00044819651662760196,0.0002521215538158577,-85.20790094582401,89.84808105202706
110_Wide,1960875000.0,1.0420991876176686,0.0014146822975994794,-58.97015058767927,0.11861906864937785,0.00047445473667546615,0.00014803163408599884,-100.91364901463649,23.1151081724567
110_Wide,1961000000.0,1.0370223098022282,0.0016175009716951371,-58.240467151440484,0.09227921106698529,0.0004863815654327256,0.00011744006941726522,-113.70675284443516,39.866373590222054
110_Wide,1961125000.0,1.0513118232251886,0.00195473893348689,-59.0291403420616,0.11667790929039064,0.0005067763371947113,0.00013350035858820082,-116.1580008028598,26.808931325124128
110_Wide,1961250000.0,1.0361905892096714,0.0019367570009488147,-59.50858405069829,0.09671327530309638,0.0003882452099373045,0.00014197927037150137,-109.32109674308086,20.959646778775358
110_Wide,1961375000.0,1.0380486051121467,0.0017087189449156077,-59.339022892447986,0.09630684665993303,0.0004238774440153124,0.00018366018288999743,-103.65496436685994,25.569216985077517
110_Wide,1961500000.0,1.0270446838134484,0.0021182166304654485,-58.49936028263729,0.11280654324886585,0.00042319365462988327,0.00020925859635636954,-108.66581481793875,18.376226557875885
110_Wide,1961625000.0,1.0405593752029512,0.0019236473289575432,-59.5021700165923,0.09001623172563705,0.0005183567648280502,0.00016748403123873894,-110.09473352178256,24.590181864429496
110_Wide,1961750000.0,1.0243987889044586,0.0019338782301832583,-59.239666636402696,0.16084856182710267,0.00048825650635414634,0.0001500862971932524,-113.5470003903001,13.879458794953784
110_Wide,1961875000.0,1.0397860633621134,0.002072051679008822,-59.55763205534175,0.09369223933663441,0.00047637354741655055,0.0002286159332196633,-84.60653543298278,78.18898325152793
110_Wide,1962000000.0,1.027324809870509,0.0016823419911996143,-59.452683019831476,0.10992866790289081,0.0004557357555317097,0.00010155694653759638,-101.73072477779803,24.744797879544922
110_Wide,1962125000.0,1.0294665868483954,0.0024343894606477403,-59.52044549785522,0.12905894104132765,0.0004685168429678467,0.00023404105186531553,-91.8342415954947,38.3311742664834
110_Wide,1962250000.0,1.0315972450927586,0.002149956716437952,-60.0794281229684,0.07893200628830392,0.0005089154707221795,0.00017205814920733702,-108.21850034091409,26.29302187802835
110_Wide,1962375000.0,1.0323173070786156,0.001893716451199791,-59.519769167901224,0.10654420651308572,0.00045330397810424566,0.00017024586182256757,-109.3353891642408,30.1036140011262
110_Wide,1962500000.0,1.0328703110844526,0.0014895398652794043,-60.093303837893686,0.0647658338101575,0.000528545407861985,0.0001118258635969488,-103.94302601993213,26.759872142538747
110_Wide,1962625000.0,1.025353269047045,0.0015684376829367868,-59.9736451268335,0.08645623620687701,0.0004505621849200352,0.00014803415324048078,-103.00277799767709,25.81781538334833
110_Wide,1962750000.0,1.0351731845115524,0.002092052532445852,-60.91030568946621,0.10835908305527057,0.0004037859568493734,0.00019109849412451754,-110.06396083636342,21.333377615102343
110_Wide,1962875000.0,1.0185601332522696,0.001926956534774711,-61.09589560606427,0.0849227671692204,0.0005575189752483264,0.00018434350585888452,-116.3874429076014,13.450644188389115
110_Wide,1963000000.0,1.0244488917005679,0.0008701026709185743,-59.94406148998793,0.12877646384245414,0.0004579123163637159,0.00017738631922483623,-100.96340911867748,22.679869444044034
110_Wide,1963125000.0,1.0238390573580827,0.0020693495135770124,-60.83840437287257,0.08968147489449309,0.00041916099741489456,0.00021835844974858965,-95.78044901469302,48.36896703279845
110_Wide,1963250000.0,1.0296920587088068,0.001679557702554287,-60.54392815768915,0.11697309314572275,0.0005423258706882622,0.00018378712606430324,-103.86183954967132,20.790380566618
110_Wide,1963375000.0,1.0228702341258533,0.0016856909399935542,-60.382971959938615,0.0970591927601858,0.0005251825563330524,0.00020900621318179294,-86.43055487059372,19.03248060785366
110_Wide,1963500000.0,1.0356173091007708,0.002906264934629738,-60.36257758212151,0.15304333138602538,0.0004535600373129469,0.00017321155550587472,-106.48434307982143,16.046890286184617
110_Wide,1963625000.0,1.0200534031738324,0.002115183670166613,-61.36035652280931,0.06257643753402972,0.0004876078546161136,0.00024014033567664483,-83.16337481485581,89.49089023602619
110_Wide,1963750000.0,1.0322134458150956,0.0018623701186118373,-61.10358805780234,0.10783579058624654,0.00047882389681283235,0.0001758730239869465,-87.95820967044509,94.12706066269033
110_Wide,1963875000.0,1.0281377888196908,0.0018851942522845931,-61.20140775204493,0.10141961315791499,0.00041139345352429887,0.0001489152742930371,-100.17111404071892,40.94713361872062
110_Wide,1964000000.0,1.0259903604142706,0.0023669132763195124,-61.54920810720482,0.13136999437619554,0.0005625893302262418,0.00021397789400139246,-123.02180082154467,18.517515079790336
110_Wide,1964125000.0,1.0441854843811362,0.0029471228425405082,-60.98543451096147,0.09951251519237933,0.0003950427845411104,0.00018803245017724274,-78.60819680926761,81.1800062720966
110_Wide,1964250000.0,1.0275167007506327,0.0019390796289160811,-61.627720565998516,0.14796955207431503,0.0005553885063009467,0.00019875981705732315,-81.82927568440573,88.0490251533706
110_Wide,1964375000.0,1.0262513088660534,0.0019568435007166563,-61.28172956791694,0.11143235187940603,0.00043462452553991415,0.00014630471801827606,-96.57424372274382,35.95643605803633
110_Wide,1964500000.0,1.0324621118751856,0.0012326083641813908,-61.631995139743296,0.11948042503251174,0.0004617449848455266,0.00015845772653331501,-102.3309961569155,27.875717900249043
110_Wide,1964625000.0,1.0380766859623374,0.0019405050962135865,-62.40304468193685,0.12757967226418906,0.00046595682047849104,0.0001430560330725788,-95.31440490839803,19.14044102874908
110_Wide,1964750000.0,1.0377109151411945,0.002137353498085015,-61.53572940187266,0.060741479188787834,0.0005392811768530027,0.00010046701831542242,-89.69728397350302,26.625686073325266
110_Wide,1964875000.0,1.0341120512122697,0.0014894356419055165,-60.85764533592007,0.10269336338940876,0.0004019758456097931,0.00017727111930782136,-99.4585967849759,24.40811384668926
110_Wide,1965000000.0,1.0391337019880713,0.0018419298470957939,-61.37673670717254,0.06869009120987767,0.00044858394841835574,0.00013975007013707156,-92.84468914781726,14.576698871579033
110_Wide,1965125000.0,1.0317899895016747,0.001312743119431851,-62.25512688015266,0.07242931869103991,0.0004973298977478198,0.00010962678019121236,-108.75652751750945,33.183706787667894
110_Wide,1965250000.0,1.0361542247073303,0.002154298985326698,-61.973463662223466,0.1305858323408219,0.0004249372697649211,0.00017446223903344921,-116.84164861060046,20.354002892603543
110_Wide,1965375000.0,1.0443261702132605,0.002143798037877998,-62.20089580460769,0.06764784622915344,0.00045246632381147904,0.0001604768896704594,-101.01552936991818,28.400663331087962
110_Wide,1965500000.0,1.0453415184548565,0.002730909537288791,-62.42862402584396,0.10135061717680141,0.0003991854435097335,0.00016896287173029956,-105.90366405149072,27.4393268829932
110_Wide,1965625000.0,1.0392006949883947,0.0025003739527421887,-62.079828551985976,0.09999118889471764,0.0004866980590726837,0.00021707946251375666,-71.37501645093552,89.74361154117798
110_Wide,1965750000.0,1.0412631615729506,0.0021326725258171515,-62.11652959471283,0.1523477151906167,0.0004657961130399313,0.0001474506231494273,-95.4010976611656,27.469538953767177
110_Wide,1965875000.0,1.035490193084036,0.0020422556644425355,-61.658760950712974,0.1074021366914437,0.000472821454944276,0.0001876216933852504,-100.38775290732161,17.043453516729688
110_Wide,1966000000.0,1.042506974951391,0.001978157641800179,-61.91211568170793,0.08320574730529476,0.00036689461632798744,0.00018501451362336235,-74.70552334261222,85.1397717987218
110_Wide,1966125000.0,1.0384150560262622,0.001450434281148471,-62.713595669302194,0.11577289471519231,0.00045837329673735906,0.00017037519630817296,-115.9485644915291,34.12800194977159
110_Wide,1966250000.0,1.033375186982421,0.0015059270970069678,-61.83246521171123,0.08331150541645936,0.0004726318578629864,0.00023795760116793053,-110.11927744582326,40.33239896965377
110_Wide,1966375000.0,1.0390479342292225,0.0017089837918849902,-62.64163328994628,0.08422521992417603,0.0004750761491822149,0.0002300903503303997,-112.11794438020553,24.034824113825515
110_Wide,1966500000.0,1.0516875447382512,0.0014655646403720518,-61.69323722907665,0.12322613068630073,0.00040517009225292936,0.0002102993614451222,-79.57406093908116,73.78495364592914
110_Wide,1966625000.0,1.040861308358205,0.0012972845905973533,-62.943450021404914,0.08369888029259595,0.0003561361253441846,0.00017894007007302038,-116.08237173137833,32.22456413867488
110_Wide,1966750000.0,1.0422336898723066,0.000831298751643464,-62.425194232427096,0.10261078352938427,0.0004562597467221537,0.00019101128057358936,-59.52889834323304,103.089576723719
110_Wide,1966875000.0,1.0508742758737202,0.0016982659622261967,-62.09830164885164,0.10374279688703097,0.00047828044922120085,0.00017933108177633356,-103.00797059156739,27.29810630436474
110_Wide,1967000000.0,1.051930138785522,0.0023831759603930463,-62.59527553465783,0.10930425969356262,0.00044333801552053347,0.00026029910666740594,-104.4566503855084,38.06287815013383
110_Wide,1967125000.0,1.038514812938747,0.0020604295515441197,-62.33380463347971,0.08785689369198861,0.00044149548696776627,0.0001728665543637929,-91.71845800762401,24.910228162598603
110_Wide,1967250000.0,1.0529675083171017,0.0019261092096873411,-63.23806759667274,0.12511026405346076,0.0004158658336947322,0.00019087824966517347,-112.30902583430745,18.560007749653558
110_Wide,1967375000.0,1.048878506973705,0.0018679304720157707,-63.29896851934578,0.11912240570660702,0.00035533922883424553,0.00013089985051525834,-104.6198512110487,27.818945894750705
110_Wide,1967500000.0,1.0418116175770986,0.0018136373820386153,-62.12353340413522,0.08557464529281983,0.0004287566100584795,0.00014435822566884947,-117.09736108522014,29.303539917012657
110_Wide,1967625000.0,1.0355543413225932,0.0012600347734834875,-62.80837437774412,0.04295455557034548,0.0004022654564452942,0.00010821420571086141,-111.56074063006817,30.59520008073463
110_Wide,1967750000.0,1.0396634538817169,0.0023720375090680148,-62.583199245294466,0.05576310623263282,0.0003932221383901017,0.00019667184598054068,-101.73976068850007,36.68434298738203
110_Wide,1967875000.0,1.0368467292435815,0.0020344445659922937,-63.04342692843508,0.10832370271502262,0.0004137422162717324,0.0001787823793113892,-117.44613711285409,13.294842933401084
110_Wide,1968000000.0,1.0544689724915854,0.0011994420912637546,-61.9424619287231,0.09705638078475523,0.00032596089030236566,9.064666842081676e-05,-122.25322752594518,34.12388956022569
110_Wide,1968125000.0,1.0447654478247983,0.002314185241015863,-62.425333851663936,0.09912875469146293,0.00040827591225379403,0.0001744335871325442,-111.72259683220392,17.926833039481252
110_Wide,1968250000.0,1.0416766298519389,0.0015529261716670233,-63.27046549889183,0.09873569825388867,0.0002787851317909717,0.00016836527932403213,-77.14178244411745,92.13525977240273
110_Wide,1968375000.0,1.0387341875481382,0.0013023120636326574,-63.163763292169115,0.07488862672318927,0.00036878711690401124,0.00018893886984386538,-86.97998784335881,87.10534086862683
110_Wide,1968500000.0,1.0462069857627487,0.0021266558644628068,-62.72516743039456,0.08442467575625581,0.00033175905597695126,0.0001405506791847716,-107.1214643510777,46.35028739850183
110_Wide,1968625000.0,1.03572229851132,0.0015869417169607786,-62.53840286810557,0.09609084631050745,0.0003612173509787784,0.000173515437519835,-71.17541165588024,91.40283415558712
110_Wide,1968750000.0,1.026148011876337,0.001932266817931198,-62.85999220964353,0.08846006478406199,0.00044442784606687396,0.0001638504189556357,-86.16159208749131,34.9417962549222
110_Wide,1968875000.0,1.053033411091479,0.002568157475566737,-62.85686897237996,0.1023272157636279,0.0003667715706499617,0.0001959621398310606,-97.37357645176617,20.353092607584642
110_Wide,1969000000.0,1.0413668794278998,0.002128929664496261,-62.836578437847756,0.10921036373582026,0.00033239482098741777,0.0001390707500655031,-95.16645410851613,104.49916568955992
110_Wide,1969125000.0,1.0444670725507128,0.0013497218021816819,-63.23950028649471,0.07043568962038244,0.0003386446638873442,0.00013446591648238747,-34.40762021762963,113.30135745828211
110_Wide,1969250000.0,1.0464206498551265,0.0016054561538824444,-62.670509947739184,0.09214214584418637,0.00043807271820834795,0.00014940192894555447,-86.37044473827306,39.608506470826654
110_Wide,1969375000.0,1.0444000586043112,0.0017547089548630062,-62.81794279295301,0.06748079521276597,0.000395361291599541,0.0002130127433650908,-77.19574648050148,88.2354980705035
110_Wide,1969500000.0,1.041878230772286,0.00207281984787688,-63.01341186180709,0.08683912239844468,0.00032146859147870764,0.00015040546272171071,-92.76824580438571,59.64090186445459
110_Wide,1969625000.0,1.0347507919681262,0.0017892885254721625,-63.22368898516676,0.14825420126775363,0.0003311031497457451,0.00019987469711880333,-114.8449139890033,50.380510136505634
110_Wide,1969750000.0,1.0336832325692153,0.0016116307819824917,-63.52542088157847,0.10336297305506818,0.00041805347595904235,0.00018149736585383773,-60.46088212856922,115.75842173612786
110_Wide,1969875000.0,1.038606708373004,0.0013047982860919655,-63.566926422511415,0.10973824557820402,0.00038633302213735314,0.000155075481665276,-72.53096254859862,89.03786797416856
110_Wide,1970000000.0,1.0469400796091768,0.002010027226926516,-63.47610261808732,0.0829483591791755,0.00034314955344193866,0.00013121737358083132,-107.61381821085413,37.15216195196261
110_Narrow,1895400000.0,0.5857696039582493,0.003432752687006824,-103.40449056508692,0.15132948233817622,0.009745628428470989,8.327535949888478e-05,-167.10777294226887,0.4788299523616013
110_Narrow,1895402500.0,0.5822536817619655,0.0030359450348945364,-103.4768582212712,0.12706952930014997,0.009806879586323841,5.3657382478689675e-05,-167.05909392590075,0.22131684177536143
110_Narrow,1895405000.0,0.5803862153891031,0.0032436773758100575,-103.61405519422188,0.1608065364023068,0.00986619739609922,8.07063712982535e-05,-167.46390631450885,0.5324557494516029
110_Narrow,1895407500.0,0.5760558700610455,0.0033393555016294667,-103.797496206641,0.1729621232811079,0.009931498577674353,8.166617752926009e-05,-167.76388793883174,0.3202602040634545
110_Narrow,1895410000.0,0.5719603624251837,0.002979536240738241,-103.83571349742648,0.142919475930867,0.009941632570856436,4.5325593058447367e-05,-168.212398401202,0.3934427650377417
110_Narrow,1895412500.0,0.5696502055480911,0.0031275937490356453,-104.12182136144578,0.11945623039322134,0.009950337809989008,3.67335321402149e-05,-167.88536251614323,0.48929522508029905
110_Narrow,1895415000.0,0.5661942960012774,0.003430199561051962,-104.25174247392329,0.11835092603191921,0.009932278751509096,5.7143566623915944e-05,-168.58130644219364,0.38269818480779866
110_Narrow,1895417500.0,0.5645429815281273,0.0033573346268492713,-104.23265154781996,0.13216163569779607,0.010011225250020937,6.819931531257554e-05,-168.97743832061224,0.4463768898519657
110_Narrow,1895420000.0,0.5592527468483355,0.0031297257244647905,-104.4784664994317,0.1494457399684463,0.009975058766832029,4.381136963539541e-05,-168.71003728589437,0.3508309664588896
110_Narrow,1895422500.0,0.5559092951261313,0.0032006685767328783,-104.61536458562526,0.14711223927711933,0.009986018714681947,6.311618544543303e-05,-169.1179867935354,0.2504880007203901
110_Narrow,1895425000.0,0.5522645937633016,0.003229226589267009,-104.73312726496712,0.11695051853915957,0.010069622060597447,5.8286569818335106e-05,-169.4478644796425,0.2754749393168277
110_Narrow,1895427500.0,0.5484150069887609,0.0031862603046903526,-104.977409440154,0.169151471054601,0.010101439147110007,2.7838478701601088e-05,-169.74078451359676,0.4835585579973514
110_Narrow,1895430000.0,0.5451927017822544,0.0033273342700577257,-104.95351577555343,0.11598067385568558,0.010075649882997589,6.47238642869523e-05,-169.87256021763145,0.2461260318784972
110_Narrow,1895432500.0,0.5415037491438138,0.0035855206822088194,-105.19888900776525,0.11872547635511534,0.01015685877067587,7.478205990097971e-05,-169.99406734999445,0.40916373679416074
110_Narrow,1895435000.0,0.5385728601679918,0.003984107726902404,-105.24579893957632,0.12324346535102158,0.010150984623717224,7.812472227989412e-05,-170.72736164749003,0.49539446559693423
110_Narrow,1895437500.0,0.5341163967999893,0.003665697604007163,-105.49756851686188,0.11113245547209588,0.010170771567997665,6.250458498801706e-05,-170.7774009411599,0.2768736317984651
110_Narrow,1895440000.0,0.5297084730902174,0.0037727957259057103,-105.71115898117958,0.15655906254827223,0.010200065648069065,8.18081992051667e-05,-170.85908827696213,0.3342244915049638
110_Narrow,1895442500.0,0.5251510160284234,0.0040305514435026646,-105.58307894819627,0.11681900980636406,0.010209248532448591,5.592792537236193e-05,-171.22410734585358,0.34434753364663767
110_Narrow,1895445000.0,0.5221046206892702,0.003998789287374249,-105.88893848141282,0.1700855180466648,0.010241846328282133,6.590930021757505e-05,-171.58863621935208,0.47551638481010206
110_Narrow,1895447500.0,0.5200558669426109,0.003755939795242316,-106.00770929551419,0.15907864157286158,0.010315719983564167,5.894313800273027e-05,-171.81726031241146,0.4022051691342662
110_Narrow,1895450000.0,0.5163737605634376,0.003968114280478828,-105.98247248520147,0.15164468368012463,0.010324796257456036,7.684248347246064e-05,-172.24533446151332,0.3833636007143919
110_Narrow,1895452500.0,0.5124501928353731,0.00411439998549634,-106.26370062561115,0.1147940606421957,0.010320517002542036,6.335757333956769e-05,-172.1399842821242,0.5064930447256122
110_Narrow,1895455000.0,0.5085251473884139,0.004237359278689933,-106.39515865209472,0.0710293526508768,0.010400653829027306,5.0498976044363235e-05,-172.57467153514202,0.4059685914760056
110_Narrow,1895457500.0,0.5047543738465107,0.004032446131809596,-106.46011721845402,0.11736358081853665,0.010398486866342649,6.591182864395941e-05,-172.67307146678354,0.44309652400789384
110_Narrow,1895460000.0,0.5012613552333304,0.0038083267545579,-106.5971668894475,0.1648158112478246,0.010418323450791545,7.936469948731394e-05,-173.03826320853292,0.44865042860671267
110_Narrow,1895462500.0,0.4973405703721342,0.0045501600548663096,-106.81242687230566,0.15309793574814615,0.010409614513205087,6.1619136450085e-05,-173.40219368079883,0.48663739033624576
110_Narrow,1895465000.0,0.4927093483983002,0.003979777133090456,-106.92157645916147,0.0922200315481003,0.01049529653364855,3.950633732540513e-05,-173.7144235635753,0.48176516811960846
110_Narrow,1895467500.0,0.48917743407667375,0.004422342767842012,-106.92790390076978,0.12467043619325195,0.01042507468793094,3.96825279694053e-05,-173.9513403327546,0.4909509519894069
110_Narrow,1895470000.0,0.48464359048961925,0.004064810397435225,-106.96296791974359,0.10905284089930643,0.010470405309112665,5.161828843673611e-05,-174.30011029814665,0.45173986503476765
110_Narrow,1895472500.0,0.48095376233356,0.004100525070952057,-107.15448935321226,0.10682195353129026,0.0105418929267666,5.946167635462707e-05,-174.71325217670946,0.35193866057876527
110_Narrow,1895475000.0,0.4771205648751779,0.003952612671047424,-107.34607294599624,0.11246873829102642,0.010569982254791173,5.003852802389781e-05,-174.63727406772102,0.41705510109005683
110_Narrow,1895477500.0,0.4728752839452477,0.004176088220931384,-107.42851656010795,0.10084089718726284,0.010587123221775905,4.8715955209436644e-05,-175.14240186031807,0.5171641505067528
110_Narrow,1895480000.0,0.46926859611088345,0.004499572955883534,-107.59564165320711,0.08811431059013432,0.010615902201958037,6.49857702175237e-05,-175.27239928385188,0.2810356412394457
110_Narrow,1895482500.0,0.46303550994371245,0.004505728380493855,-107.58737579601683,0.06895897702492561,0.01057584734474455,4.310143397646832e-05,-175.48086253655757,0.47737235398423256
110_Narrow,1895485000.0,0.46141901514918693,0.004616796314711845,-107.64116044610059,0.11051454327681741,0.010614670968760186,5.9921842676003254e-05,-175.58216714928298,0.3561362685557999
110_Narrow,1895487500.0,0.4564280719945362,0.003973457220213474,-107.86147732425655,0.1272169780405049,0.010671382794907598,5.191996272474922e-05,-176.23301674277351,0.3468924875967667
110_Narrow,1895490000.0,0.4516527097834334,0.004210791040780171,-108.07643616912466,0.12186185848147499,0.010654770939497724,7.258995826728869e-05,-176.6641472722176,0.4416504465636827
110_Narrow,1895492500.0,0.44667866421401514,0.0041762922167350456,-107.94334500741904,0.16759812635319896,0.010705930824723327,7.227753611623268e-05,-176.68569288867718,0.46770145371620464
110_Narrow,1895495000.0,0.44402498335158364,0.003817163202046592,-107.97768868806011,0.1313056751218455,0.010707848696249342,7.985383608601669e-05,-176.81746465366265,0.33705120624557006
110_Narrow,1895497500.0,0.43915667073467435,0.003914496420069365,-108.08623973114383,0.11211912475139899,0.010756695434324517,4.8967375756235535e-05,-177.36467304187823,0.37819888789488043
110_Narrow,1895500000.0,0.4343370022801755,0.004027888567292097,-108.32618511242528,0.09590562334274293,0.010705115406038909,4.684061582812438e-05,-177.5966794704119,0.45199656905433777
110_Narrow,1895502500.0,0.43202436918590587,0.003985788596541347,-108.28624000992242,0.09106569855224873,0.010779427998379073,6.3302655984702e-05,-177.76174978942555,0.3819726247875328
110_Narrow,1895505000.0,0.4278634527963744,0.0036617255298690738,-108.2707956305016,0.11234619304713968,0.010822262322341887,6.09291753605633e-05,-178.14372288477392,0.2780563584688097
110_Narrow,1895507500.0,0.42294057288190245,0.004026525739307239,-108.27174043326342,0.07218014830974025,0.010845398589509279,4.187226084801207e-05,-178.30119388492284,0.31833941895196954
110_Narrow,1895510000.0,0.41791911400404974,0.003333367248240062,-108.59254095341664,0.09802329048781631,0.010864483230462237,5.4260822972339906e-05,-178.8090062778542,0.3325475324204537
110_Narrow,1895512500.0,0.4137095776295295,0.003518354363863916,-108.57795651348466,0.0739209071372273,0.010864248214422133,6.019063957572257e-05,-178.9726516780881,0.38518330292022246
110_Narrow,1895515000.0,0.4096226835802516,0.0036462474457331986,-108.63387743344221,0.0739853440905997,0.010917503514432055,4.246370759168148e-05,-179.47772819001693,0.24435462470566732
110_Narrow,1895517500.0,0.4055362761817374,0.003719402049632314,-108.68994999108843,0.07734205289806136,0.010912763080259319,6.227468860573727e-05,-179.4389925245047,0.30683542068563846
110_Narrow,1895520000.0,0.4014285538539547,0.0035549432794759425,-108.93157852680858,0.0912525846045135,0.010912970086060977,7.685737583903749e-05,-143.66233954403805,113.58611090723744
110_Narrow,1895522500.0,0.39574123273074535,0.003398979305679021,-108.99797950645166,0.08990304563846692,0.010938902932916545,3.4512543476146374e-05,35.99325673760147,185.7136921738857
110_Narrow,1895525000.0,0.39265836253449427,0.0036458589662396925,-108.70870434783149,0.07909558851320611,0.010949511616487221,4.281362832977742e-05,107.4567771395785,151.40487103277775
110_Narrow,1895527500.0,0.3878568400498671,0.0037340356534912317,-108.62467628817703,0.10685396589841631,0.011016032474881785,9.274188883280006e-05,179.18526563088358,0.22373349834172956
110_Narrow,1895530000.0,0.3820386880353832,0.0033665029015449103,-108.85150319886652,0.0931104773951112,0.01100824576903015,9.374492713812338e-05,178.73253081505032,0.3755588808049503
110_Narrow,1895532500.0,0.37797655926496715,0.0034048923238808263,-109.11737552326849,0.11722265643307254,0.011051418332334485,6.621712060981049e-05,178.65236671599618,0.26716226767929047
110_Narrow,1895535000.0,0.37432928821972733,0.0036347860497870916,-108.79077049642257,0.09463169337935615,0.011008523847146444,7.80310750463751e-05,178.2741978420309,0.4563325927044985
110_Narrow,1895537500.0,0.3705261153133585,0.003503203255572331,-108.83642531027226,0.11607138454990984,0.011074518093549554,5.51144366161089e-05,178.08798371684824,0.302100299414481
110_Narrow,1895540000.0,0.3647236145987564,0.003448911650229544,-108.76911431072973,0.12844505014274576,0.011046457326228663,3.463183588438695e-05,177.84239336201202,0.26012081661697317
110_Narrow,1895542500.0,0.3597502654360796,0.0031839044233405657,-108.65483118314665,0.14926254557147628,0.011105122672140897,6.584304923303372e-05,177.61218422913524,0.307727764258986
110_Narrow,1895545000.0,0.3556607698857413,0.0032675792573538813,-108.77050607696098,0.10601528782355023,0.01113148383729683,7.10177339234896e-05,177.027340828973,0.3500667788603411
110_Narrow,1895547500.0,0.35138999401777393,0.0030886388173481548,-108.78965744009137,0.09258465965397693,0.011097303285415095,5.85639307056133e-05,176.85251910328947,0.3561688901172477
110_Narrow,1895550000.0,0.3462579676943234,0.003204950233111261,-108.7945197670463,0.14213069909506904,0.01114014167710021,7.05342264044237e-05,176.5134328333215,0.27632788870540176
110_Narrow,1895552500.0,0.3421509246985987,0.003297426484060316,-108.73551630248932,0.11534710953852653,0.011142803067823384,5.5311282529063214e-05,176.09259026510136,0.3304063738490436
110_Narrow,1895555000.0,0.3377983350955065,0.003214898397852615,-108.50691505060497,0.058253887571227424,0.011159786968132619,5.545429793555184e-05,176.05139020805083,0.28210468797894406
110_Narrow,1895557500.0,0.33242052999180904,0.003182503886766064,-108.45999424158525,0.1405409431934841,0.01121236913787615,5.479136226019681e-05,175.5721094971218,0.33204957810314767
110_Narrow,1895560000.0,0.32669050774468356,0.0034325216096505865,-108.43484908333647,0.1446722396431857,0.011220765540130505,4.654120145666281e-05,175.2481616005955,0.4054850986823295
110_Narrow,1895562500.0,0.3230562476651696,0.003198610100852621,-108.38245796814113,0.17502027117740074,0.011286215615062815,5.714966843812616e-05,175.04506238443497,0.4981447455195338
110_Narrow,1895565000.0,0.3183377651246273,0.003171617656866652,-108.03492751128096,0.17382585557415894,0.011256878466935835,6.0860301075190356e-05,174.682466732761,0.3129079309897314
110_Narrow,1895567500.0,0.31365016159813236,0.0033104318736088614,-108.17407776567495,0.18247190027836863,0.011305077049835719,8.07371638267942e-05,174.31267788076224,0.3271032336892524
110_Narrow,1895570000.0,0.3089827038981062,0.0033198104358699303,-108.11964109956932,0.1278515140722025,0.011231210903523779,4.235556576163956e-05,174.0066862059187,0.3000568067300768
110_Narrow,1895572500.0,0.30465338381845564,0.0033945729525760885,-107.66459665053495,0.16653142347298247,0.011324701500779464,4.61526662198467e-05,173.6003632248349,0.46994545981471597
110_Narrow,1895575000.0,0.2983452841810914,0.0036456171571656597,-107.60189701421035,0.20091180639638173,0.011270632679129405,5.264733001801028e-05,173.30512920037,0.37554085803223597
110_Narrow,1895577500.0,0.2952461207854612,0.003564238753117928,-107.41772040002151,0.25355641321859596,0.011327610377219986,5.687597267629534e-05,173.0971050134696,0.31592572106398387
110_Narrow,1895580000.0,0.28906812981609137,0.003309184803735224,-107.2448810668767,0.29173978580625903,0.011318360539861237,5.821253886945462e-05,172.869533047104,0.4156715927035751
110_Narrow,1895582500.0,0.2844404306588331,0.0036714498271728994,-107.10880223384055,0.23624094089305256,0.011353318210732264,5.907086978200961e-05,172.53586254748183,0.33971194952969064
110_Narrow,1895585000.0,0.2799930713793785,0.0039699669710424185,-106.89981975222388,0.25164273737056253,0.011355616895143977,4.0039804215949654e-05,171.93805590453485,0.3204971188747506
110_Narrow,1895587500.0,0.275536439188511,0.003782413015952285,-106.78216494264774,0.27007233784187606,0.011386604712235352,5.467209484843859e-05,171.7081802185644,0.5033861297358573
110_Narrow,1895590000.0,0.2707022080850465,0.004117709180365373,-106.33720793022371,0.29545643220617523,0.011424978555516486,5.67887313777181e-05,171.52950255180048,0.34687952527952265
110_Narrow,1895592500.0,0.2650894524279621,0.003496079166845393,-105.76546553916408,0.3637482132729372,0.011401574306780165,7.343630499343869e-05,171.0920586442271,0.40665243346560537
110_Narrow,1895595000.0,0.2626294365392073,0.003976195382486905,-105.49033486582668,0.2588980118046766,0.011414557533489664,5.6983900449139385e-05,170.81513070029519,0.4345029366060292
110_Narrow,1895597500.0,0.2577009412795743,0.003873562231814913,-105.36378488525914,0.3719172033529937,0.01138063086464784,3.4416929240090735e-05,170.45791908024026,0.650850994613144
110_Narrow,1895600000.0,0.25184045877581585,0.003984217365933949,-105.0957202591724,0.3341804456203918,0.011460481292358665,6.317871018321844e-05,170.26052975462565,0.40412627729425127
110_Narrow,1895602500.0,0.24764629079946487,0.0038362121093921788,-104.61070411844885,0.488018229946138,0.011442072386490035,3.935647079591618e-05,169.82168459074308,0.40608307714992387
110_Narrow,1895605000.0,0.24326380544802995,0.0037816092220194835,-104.31528499327187,0.40005304789738466,0.011507825893231174,3.2041595169951755e-05,169.30024250387507,0.3744514334761944
110_Narrow,1895607500.0,0.2395397394455605,0.003650328763118092,-103.57511584778764,0.39861550387092504,0.011493572890341572,7.325168028289156e-05,169.33250742346866,0.45780381276320337
110_Narrow,1895610000.0,0.23449581928638238,0.003750011397844158,-103.28104918733449,0.5115053219236305,0.011477993604473135,4.45227071784776e-05,168.8798950823688,0.4558804251732735
110_Narrow,1895612500.0,0.2291363148802641,0.0037758380249738226,-102.82243255977994,0.5663753378950808,0.011492605428134661,6.693631939030017e-05,168.7230226568792,0.26170923033729293
110_Narrow,1895615000.0,0.22536724413610582,0.003859418481826784,-101.66572213134576,0.520224309821423,0.011477314972603826,7.743778155027401e-05,168.1433275102762,0.4038005446888558
110_Narrow,1895617500.0,0.22103804999911086,0.0031701072166077865,-101.65793713831887,0.5438403168172435,0.011493218782777882,6.550733796443417e-05,167.64545686589685,0.4072522078246077
110_Narrow,1895620000.0,0.21609591904918146,0.0035920502112830625,-100.8062053484316,0.6294524048250273,0.011565025976377255,7.512113510825554e-05,167.16104871926746,0.3409987516869541
110_Narrow,1895622500.0,0.21131870279395581,0.0033190759858600575,-100.29407041603685,0.6430453618775727,0.011543171435384528,4.65056562719424e-05,167.18483963381857,0.3873305893338366
110_Narrow,1895625000.0,0.20769986967046472,0.0034875846049003964,-99.53366397352495,0.5973388888454672,0.011548319784020699,5.843249614614504e-05,166.80811437280755,0.28592894542514286
110_Narrow,1895627500.0,0.2026633010702274,0.003624985193453709,-98.75164205953125,0.6832348749565726,0.011518770825738154,5.6500929988094696e-05,166.3088117906678,0.40354708175994103
110_Narrow,1895630000.0,0.20087863250092508,0.0033005019408874634,-98.06710116878781,0.7583841015175746,0.011561744338299753,4.753175831327282e-05,166.0560343127247,0.4101176666202164
110_Narrow,1895632500.0,0.1965685570463366,0.0029342866204670895,-97.22943617940787,0.6559269867613245,0.011582285048919411,6.160683709164178e-05,165.92793159020675,0.37539770760678876
110_Narrow,1895635000.0,0.19100335069595747,0.0031518134590035303,-96.41883971541009,0.7426100181429217,0.011572116311113956,3.508133233234396e-05,165.43140807885572,0.5073874373319185
110_Narrow,1895637500.0,0.19026009669369953,0.003198774822189172,-95.64511946816353,0.7994607366189415,0.011593364586935512,7.75079801966508e-05,165.09773081921986,0.4836947899875067
110_Narrow,1895640000.0,0.18377356772993464,0.0029806459026120455,-94.33782246076335,0.9411783462174317,0.011582176808575283,4.353714915211672e-05,165.10115828518607,0.27576166668277713
110_Narrow,1895642500.0,0.1807478168518723,0.002931297561987675,-93.03401683934705,0.9374914952353703,0.011598708983532005,4.386743962233172e-05,164.38917029147575,0.42891612056560885
110_Narrow,1895645000.0,0.17621111590350125,0.00334692767686656,-92.61348053703703,0.9644987482190646,0.011551404256173792,9.024512707953406e-05,164.3185160655984,0.3935423930883157
110_Narrow,1895647500.0,0.1733747070498186,0.0025990278488248583,-91.12149130342662,1.0372556921060416,0.011567904098945637,3.815477002679034e-05,163.93158416486853,0.41045503253820803
110_Narrow,1895650000.0,0.17071445001950322,0.002657189971789187,-89.68594447966368,1.1078009655604628,0.011594422570730964,6.882047177086735e-05,163.6649463371568,0.463741734973304
110_Narrow,1895652500.0,0.16615320283271745,0.0025027774754830916,-88.1150215444227,1.241521506590407,0.011651861811570137,3.772214989445152e-05,163.24573412416706,0.33430748136149935
110_Narrow,1895655000.0,0.16352858037466567,0.002511365255140555,-86.8613740722261,1.2337581623147331,0.01162582855182159,5.748554372199267e-05,162.9296135560318,0.4001702976415274
110_Narrow,1895657500.0,0.16085758446891768,0.0028452061555583183,-85.83582396125348,1.3597839644054386,0.01159692642523188,3.5701761546568125e-05,162.4676864157741,0.3404161560880546
110_Narrow,1895660000.0,0.15846998649380564,0.002588899714735083,-84.58465963167214,1.485222138947276,0.011634679359588415,5.838259616572202e-05,162.15352311884973,0.37264268421656593
110_Narrow,1895662500.0,0.15545578725544365,0.002315966466700742,-82.8091618149989,1.4884731932439914,0.011660116400043139,6.33573615040806e-05,161.97819142722494,0.33999492183960456
110_Narrow,1895665000.0,0.15355161676651108,0.0019844572919188964,-80.09480743374291,1.6920993342647188,0.011575295266314031,6.140089491686873e-05,161.42531937900014,0.23580445261455754
110_Narrow,1895667500.0,0.15061748991028706,0.002321001840605757,-79.39735265156789,1.719688727339484,0.01165405625604637,4.86236641083857e-05,161.1625453329858,0.5227465037335938
110_Narrow,1895670000.0,0.14830039288779484,0.0022168044641425098,-77.45583979846307,1.6583874821756277,0.011627503306502016,7.544112238570942e-05,160.81650433720662,0.2646003451915624
110_Narrow,1895672500.0,0.14664168856858664,0.002085045935207452,-75.56208540381057,1.6322974155027454,0.011631787880780994,6.33376642672403e-05,160.42442619937174,0.49129689500697005
110_Narrow,1895675000.0,0.14473702853544035,0.0016758169952943089,-73.30516635838649,1.8567651822621605,0.011631587986408289,5.150083442102892e-05,160.19429164638026,0.2990856132788604
110_Narrow,1895677500.0,0.14210874585264655,0.0017628954016761884,-71.95808274095955,1.9094437225937193,0.011630663103933429,6.801856738393415e-05,160.02784098810577,0.39065006681581455
110_Narrow,1895680000.0,0.14154351124251163,0.0014219364010152238,-69.96099002670863,2.084457082185625,0.011599857445418969,3.351476188039232e-05,159.52825154328897,0.53210210376264
110_Narrow,1895682500.0,0.1417633158783049,0.0008341482381240222,-68.1995053870801,1.8871698146858071,0.011646986922247547,6.931895793990562e-05,159.08478555977794,0.5115341842044088
110_Narrow,1895685000.0,0.141683194400587,0.0008938930196453833,-66.51262268480077,2.0609030826669534,0.011619513188714323,4.387949622462478e-05,158.66246650037667,0.4304476665633049
110_Narrow,1895687500.0,0.13916364634226844,0.000938384195028612,-63.520866155443485,1.9915898758613613,0.011631420047319959,5.1276955865442315e-05,158.52985247809343,0.49867466084580375
110_Narrow,1895690000.0,0.14057628900134442,0.0006905457117191038,-62.00596351436243,2.028481745577481,0.011630973033921101,3.60825409922988e-05,158.1134343048245,0.28865544141952354
110_Narrow,1895692500.0,0.13903021830707846,0.0003078471971090362,-58.932774981509276,1.9754804147227423,0.011632871325631206,4.50980360639078e-05,157.99094312238373,0.6384507559231569
110_Narrow,1895695000.0,0.13813552965979045,0.000772799252714883,-57.635954363247606,2.0669419142871646,0.011628543224105415,5.866603102920215e-05,157.50839854248846,0.44947233833765243
110_Narrow,1895697500.0,0.1383804464990984,0.0005847618996436589,-55.406668175547935,1.9614835443769751,0.011599190247960512,6.882183982393049e-05,157.25955514214604,0.4874509190494528
110_Narrow,1895700000.0,0.13953259552361946,0.0010885634154941628,-52.69634800214494,2.0544049706888328,0.011642282130384637,5.894568641580738e-05,156.81486621923767,0.40853563648915925
110_Narrow,1895702500.0,0.14141197979619616,0.0008381951830785631,-51.91131946399476,2.02925427450192,0.011604513789405352,4.2822772707469574e-05,156.35251963452208,0.4465085331114789
110_Narrow,1895705000.0,0.14153431393207472,0.0010533961533708306,-49.484649519592374,1.899898993424216,0.011619656226773117,7.453087215547327e-05,156.21604589796164,0.2597211963629947
110_Narrow,1895707500.0,0.14397960120008127,0.001623187304938948,-47.3986618732728,1.73901575849922,0.011575604155820502,8.626830270173325e-05,155.84871546146377,0.3120640136760353
110_Narrow,1895710000.0,0.14483882471546414,0.001720048274546489,-45.32183988862971,1.8769980868794789,0.011614456301798965,3.749410231900954e-05,155.564990840303,0.4716663329428802
110_Narrow,1895712500.0,0.14763686268544746,0.0020682017132853483,-43.847428907142195,1.720382332195114,0.011625680116251685,7.06778301883528e-05,155.07021648559368,0.6949033493014942
110_Narrow,1895715000.0,0.14970056725261469,0.0022155896818994753,-42.26132258075407,1.7931457207370882,0.011568811592566643,5.730852455112197e-05,154.90301318481156,0.3948508197174037
110_Narrow,1895717500.0,0.1507427929967698,0.002462865480140639,-39.60181099440855,1.6590979792811713,0.011567947015140459,3.977400542495084e-05,154.7099763574511,0.18461318380738287
110_Narrow,1895720000.0,0.1531190653270936,0.0025970908172051337,-38.50911714874217,1.6450883408292132,0.011607258625609929,7.574236601084703e-05,154.28796425697234,0.4269872153761887
110_Narrow,1895722500.0,0.15612906176407884,0.0029456580563933603,-37.09767553309129,1.6277306347058107,0.01158944486999681,5.473999292757021e-05,153.861166108667,0.3966248171101735
110_Narrow,1895725000.0,0.15917706516618824,0.0027532312666021675,-35.22524326421728,1.5459977004637178,0.01155147405782418,4.683808405856461e-05,153.4049806800007,0.43104398602366056
110_Narrow,1895727500.0,0.1596754942088863,0.0026647421494095332,-33.808746992683496,1.497858421387437,0.011574776313269378,5.588040187606231e-05,153.33537578915244,0.4879749951372865
110_Narrow,1895730000.0,0.1619285648542971,0.0030737474102315093,-32.69518899657576,1.502472957368918,0.011523551382670897,3.819215460643069e-05,152.9942355949534,0.43034567325998946
110_Narrow,1895732500.0,0.16666334237512934,0.0034909245827650175,-30.318437495463797,1.2298461984005238,0.01154345311459095,3.51733840582904e-05,152.56058737611173,0.4028826809054527
110_Narrow,1895735000.0,0.1720046049898021,0.003568278463459621,-29.264152370401227,1.1968503624910836,0.011527824206482193,6.493993707604111e-05,152.16813178459782,0.41235475511287334
110_Narrow,1895737500.0,0.17332452165385828,0.00346052616580303,-27.99791061624868,1.1175433076081813,0.011488736839652314,8.011057885243155e-05,151.7233086134824,0.5697396448338172
110_Narrow,1895740000.0,0.1774879046094614,0.0034564048339934144,-26.97563736101435,1.140231623088081,0.011537649190998898,8.380775948682829e-05,151.65904734150703,0.5851276329976627
110_Narrow,1895742500.0,0.17968048074576023,0.0035946890753215752,-26.314933467879598,1.1037170306255009,0.011444938038297554,6.965024527324202e-05,151.1618721343768,0.4997677668313473
110_Narrow,1895745000.0,0.18598507542306641,0.0036870446024701237,-25.155014922429654,1.0595145232285923,0.011485850246567158,8.11679151269757e-05,150.84307020745447,0.46069138516303987
110_Narrow,1895747500.0,0.18860994679266796,0.003595323729434644,-23.87002670309206,0.805903207136667,0.011517265222566794,8.356620288156725e-05,150.7494191225604,0.5544403840282838
110_Narrow,1895750000.0,0.1919028668082035,0.0037385343547699495,-22.8510028378547,0.8651369151632013,0.011512258782208327,3.748690700613256e-05,150.13438767080027,0.33902930729449665
110_Narrow,1895752500.0,0.1948306647302445,0.004039544973358541,-22.213366994208734,0.8116738656153442,0.011477719422736113,5.953901160050601e-05,149.72733444270594,0.36993829539601625
110_Narrow,1895755000.0,0.19969140585813794,0.0034641670551599905,-21.166892131837855,0.7630384452483178,0.011466925341183657,5.8120294200338644e-05,149.61121673579652,0.6055647238906443
110_Narrow,1895757500.0,0.20263389988213545,0.003959299013398671,-20.92842682770033,0.8567318451806627,0.01142965750205656,3.867822173158334e-05,149.0973043408784,0.3405632637688168
110_Narrow,1895760000.0,0.20792498550997907,0.0037380986195248555,-19.795000586667754,0.7081474498233717,0.011420598481786186,4.835326690656479e-05,148.7835214091812,0.5339342312237235
110_Narrow,1895762500.0,0.21427087260973782,0.003658616022171507,-19.38391307410134,0.5004923058214459,0.011436689606173356,5.0427892662345514e-05,148.4179216883298,0.3818451582062815
110_Narrow,1895765000.0,0.2160201438237078,0.004114500222718836,-18.483600021813988,0.5601810794833906,0.01138917960919523,4.4587289751128044e-05,148.03096537316173,0.38514046953266434
110_Narrow,1895767500.0,0.2214388025513391,0.003741328701202266,-18.17830046513017,0.5199477537280102,0.011378635085852878,6.186803893547083e-05,147.85949078056152,0.3576249700470192
110_Narrow,1895770000.0,0.22516441213100144,0.0034716359853459,-17.412701938871127,0.4808503583858614,0.011368120873972614,4.0355599000048736e-05,147.58723526591453,0.459431732085397
110_Narrow,1895772500.0,0.2311481814841017,0.0037570028290845226,-17.03839253354235,0.5076010499055544,0.011342932525686522,4.887549001646878e-05,147.45619293123661,0.3243284902253128
110_Narrow,1895775000.0,0.23379900749484428,0.0034121504493013484,-16.192674792564596,0.3951351647505226,0.011370742003943283,8.469176630732684e-05,147.02700235114457,0.35650463613595756
110_Narrow,1895777500.0,0.23698342831325386,0.003736624398895322,-15.877751986206345,0.2582938585005094,0.011334144894510269,5.304543110663317e-05,146.7252360651998,0.3776339480937698
110_Narrow,1895780000.0,0.24118784652653655,0.0033577654351574157,-15.423144695784647,0.34109649600214115,0.011329893130560561,6.472141173099692e-05,146.3471572259385,0.4539181859425167
110_Narrow,1895782500.0,0.24822351663421577,0.003494448661524617,-14.771565642227158,0.37619869667581285,0.011304448505700096,6.256833231297129e-05,145.92123370540796,0.3827068157833823
110_Narrow,1895785000.0,0.250471196466955,0.003216703140850394,-14.593302545022173,0.38164350628667976,0.01126833729809491,5.383287002317496e-05,145.89932705399121,0.36118495124563854
110_Narrow,1895787500.0,0.2552898619275225,0.0037855741352517494,-14.383554371113014,0.2522937795104589,0.011292905561765392,6.784560140745576e-05,145.33001419505018,0.3261921038666693
110_Narrow,1895790000.0,0.2585854320705448,0.003338981822394764,-13.913731966406855,0.24780810042672596,0.01125591238867728,5.991672951418574e-05,145.1789475362184,0.38121086729226883
110_Narrow,1895792500.0,0.26384452853058243,0.0032261838052669387,-13.47918767544865,0.25258490036090986,0.011263582689943652,4.288762565428339e-05,144.67043035853047,0.49855144674433294
110_Narrow,1895795000.0,0.2683707640338024,0.0033085250769705815,-12.770002394283603,0.2984881482474078,0.011220824899465373,4.9475246256256384e-05,144.3541875712937,0.4427488017770812
110_Narrow,1895797500.0,0.27310512551223937,0.0032066295302012517,-12.334611832425505,0.21937470318879865,0.011247006838209452,6.882363462201431e-05,144.1916730714384,0.48724533406511494
110_Narrow,1895800000.0,0.27661919134685103,0.0034257827222386066,-12.390584964364235,0.29429472507855503,0.011233394522506056,7.408675406227391e-05,143.8106966352932,0.3542247689823748
110_Narrow,1895802500.0,0.2818270588253796,0.0034954587802465496,-12.299037263921184,0.20988420273840583,0.011197121146315395,7.00009463511661e-05,143.54337769120536,0.23575944034049487
110_Narrow,1895805000.0,0.28687711791026393,0.0032291966769518866,-11.793129054692683,0.23061724478266876,0.01118647695615281,8.345673746624171e-05,143.1915333870003,0.4306245673864382
110_Narrow,1895807500.0,0.2891294986993927,0.003348408796735748,-11.888161829379513,0.2331305873239751,0.011127913642137088,5.929951059462199e-05,143.0842872028889,0.5787303794223962
110_Narrow,1895810000.0,0.29471892972437147,0.0036123069164858803,-11.832885942356437,0.17240653936183167,0.011112076504735,7.879815722449822e-05,142.58767614654252,0.3764535471282709
110_Narrow,1895812500.0,0.30033154260417283,0.0035459264995566166,-11.582427421519473,0.15222639648477004,0.011120800066369833,5.894012563667251e-05,142.4599212739505,0.5346295777525369
110_Narrow,1895815000.0,0.30602685764804477,0.0034154196575098585,-11.616179362498675,0.17339687044584792,0.01108652526721814,3.846620877533237e-05,142.03279227426017,0.31258946135957405
110_Narrow,1895817500.0,0.30847829709276314,0.0039617828407803235,-11.14394978650884,0.2118298291787968,0.011108994602731334,5.7947689931782684e-05,141.64666793267259,0.2999825515321909
110_Narrow,1895820000.0,0.3117040091089029,0.0031115414246755684,-11.132852820976009,0.11610634443266112,0.01106416095344684,3.9431901825476007e-05,141.440217739975,0.33946118939907777
110_Narrow,1895822500.0,0.31814784598601953,0.003412096733356383,-11.184294951053332,0.1574836335734037,0.011076058623340362,6.851900332245827e-05,141.16529295900534,0.3834374362375719
110_Narrow,1895825000.0,0.3226449959389584,0.00370350445187948,-10.84756338250645,0.14440340396415435,0.011049537637772281,8.207235554716767e-05,140.8023919592104,0.3600811425100552
110_Narrow,1895827500.0,0.32682133188187895,0.0035595151930622048,-10.99094070498647,0.14908452824521054,0.011014870136649615,5.161369069723079e-05,140.5120598352616,0.3484861008553761
110_Narrow,1895830000.0,0.33432715349251335,0.003932175612915926,-10.841541235729554,0.1329979525732761,0.011001666830826998,5.2558029876888677e-05,139.9586708299905,0.2750039415999542
110_Narrow,1895832500.0,0.3339951089029113,0.0037506823035127297,-10.628008768973274,0.13833425771307822,0.010962122836050121,5.8824432373859756e-05,139.86423365887478,0.32741619413768996
110_Narrow,1895835000.0,0.34252759060356586,0.0034889316417944095,-11.144884134368976,0.12274408567242648,0.010971007218448953,5.4209816076891646e-05,139.54667359048048,0.3802289655643867
110_Narrow,1895837500.0,0.3454526092286467,0.004024465876655274,-10.323794183736112,0.11095427313685605,0.01091130301877613,8.472008572679097e-05,139.1681939573222,0.4878978532318209
110_Narrow,1895840000.0,0.346240229406173,0.0035431681579872524,-10.902312587772277,0.11429314695675749,0.010836254886068172,2.992026447158455e-05,138.82030264635208,0.269206986435166
110_Narrow,1895842500.0,0.3537429596791843,0.0037219081410569403,-10.338680348530175,0.0859723849238369,0.010853956871291242,5.396396347643516e-05,138.75988268156613,0.4855612919418037
110_Narrow,1895845000.0,0.35685131400182596,0.0038209786758351184,-10.264146169433339,0.1003048533463546,0.010853805460769552,0.00010185227054025444,138.4713398061247,0.31086200916703116
110_Narrow,1895847500.0,0.3625248570782057,0.0034535297763984367,-10.07201942334555,0.10180378837847776,0.01086348649403634,4.98501431859518e-05,138.17628223776165,0.38409682704104836
110_Narrow,1895850000.0,0.3682719771854408,0.003798305818073457,-10.274282218145915,0.10070394977878873,0.010850776535727767,4.877983938680043e-05,137.90579672761154,0.30354388468596344
110_Narrow,1895852500.0,0.3729649918655072,0.004340782824862629,-10.170976541897032,0.07710689519541238,0.010832077497776342,3.535468397227449e-05,137.51641138145234,0.4011219745028568
110_Narrow,1895855000.0,0.3749143248331019,0.003938270952643693,-10.619578566583892,0.07480791740383372,0.01074311937356569,3.597247872483303e-05,137.5954620324188,0.4822263894109021
110_Narrow,1895857500.0,0.38059157967191454,0.00383903303456155,-10.383459870287536,0.07944793059933161,0.010768309788900626,3.100841216172066e-05,137.23108092021783,0.31520725005858374
110_Narrow,1895860000.0,0.3846534364942715,0.0037534025496577255,-10.279040735051492,0.1170290661051884,0.010731734589455044,4.7354113142549814e-05,136.82001922357722,0.340640067860674
110_Narrow,1895862500.0,0.38911109964487484,0.0039055035956415554,-10.460055417637395,0.1005895811293244,0.010733985672616037,7.243538909905532e-05,136.35763253433356,0.4807728490236413
110_Narrow,1895865000.0,0.39361387870693654,0.004006268064052167,-10.377038467267752,0.07991608072162087,0.010690626686708591,5.677390294988622e-05,136.4856012922565,0.3503354899541159
110_Narrow,1895867500.0,0.3983874208549653,0.003983313235231634,-10.371785951528038,0.1030258734578652,0.010719759655690518,8.060621250693456e-05,136.18880473205564,0.35058013437912844
110_Narrow,1895870000.0,0.4001639392566551,0.003813449650316943,-10.221630824048152,0.07108479045039795,0.010645583603678557,5.073663370419817e-05,135.57654906468318,0.3577299639007177
110_Narrow,1895872500.0,0.40569514850238886,0.0040254332828378505,-10.417128677332194,0.09999260986118032,0.010647391250843618,6.445260097124153e-05,135.155636737718,0.6251175232231702
110_Narrow,1895875000.0,0.4106881449967849,0.004218673984167287,-10.662669579895159,0.09877860849553369,0.01059458499338097,5.502293925610869e-05,135.25963179310466,0.44120279828419623
110_Narrow,1895877500.0,0.41580813471144834,0.004209414406005199,-10.405232066492113,0.09115352483097092,0.010599072584134676,4.873080550077686e-05,134.76355259696285,0.3555545769426174
110_Narrow,1895880000.0,0.41637939751225084,0.004265356688520707,-10.794565519533664,0.09901350096291403,0.010593703445597938,6.400612410692585e-05,134.59498937580162,0.4188207602645147
110_Narrow,1895882500.0,0.42291609317259066,0.004077244496797017,-10.525944278942971,0.08127409553223384,0.010527660160944802,5.76301423337504e-05,134.4826373937911,0.4395417448468915
110_Narrow,1895885000.0,0.42745622268108596,0.004386695697077897,-10.455590291020338,0.13483912671790493,0.010539004833517149,5.67414143711656e-05,134.0865707998746,0.37583911299465017
110_Narrow,1895887500.0,0.43251023085916146,0.004382785732409464,-10.874168767180706,0.10068067703927122,0.010513428735482623,4.3466561282621665e-05,133.80347408763663,0.28127821282299087
110_Narrow,1895890000.0,0.4344905203576837,0.004334826908873419,-10.99413274563715,0.12284860179535939,0.010412103500559176,5.0829317954483526e-05,133.30156552309788,0.3743436965381552
110_Narrow,1895892500.0,0.43937898296403377,0.004318091075124698,-10.99555802608491,0.13631980075812095,0.010432372265316821,7.007650042684804e-05,133.22149544793584,0.4204177891624213
110_Narrow,1895895000.0,0.4435081255460508,0.004274127405383705,-11.04847022606845,0.1198270574427731,0.010389814207689474,6.053210314256803e-05,132.95247001059218,0.3874261092523168
110_Narrow,1895897500.0,0.44590339920289546,0.004112982414272397,-11.41633715414265,0.12167563369960958,0.010411939311958995,6.897288783073454e-05,132.59225403268096,0.3322706330654281
110_Narrow,1895900000.0,0.449418758456098,0.004262582727760907,-11.358973775219308,0.1293368158702388,0.010338838972707322,5.7556031579301995e-05,132.1912972225841,0.5669890347203481
110_Narrow,1895902500.0,0.45179630337560706,0.004622811447123614,-11.409000723003652,0.08250121303764106,0.010333633919520017,7.02085975105662e-05,132.0930819315691,0.38909149721444386
110_Narrow,1895905000.0,0.4593263772598697,0.00465702761564019,-11.49798538091975,0.1599114785504286,0.010307015237219433,9.075600438426339e-05,131.6255967746936,0.39937864935784195
110_Narrow,1895907500.0,0.4613620145731071,0.0042201702565310036,-11.678723484977175,0.1350510683722022,0.010281230813437677,8.487315207401218e-05,131.52196930041873,0.3071228899963886
110_Narrow,1895910000.0,0.46666853136127706,0.00442573598820301,-11.860396684797243,0.09189217007652828,0.010312495795881114,6.082255532280665e-05,131.21662365080368,0.4011085662237653
110_Narrow,1895912500.0,0.4691370440587678,0.004676025836373133,-11.693326097651646,0.13019022455551088,0.01028753626835585,3.342254099208547e-05,131.11633640377872,0.45362239237865765
110_Narrow,1895915000.0,0.4734136677450594,0.004503969130378357,-11.944009572334323,0.14130837036856567,0.010177971361405157,8.775492454862337e-05,130.70423488043517,0.43237521790714945
110_Narrow,1895917500.0,0.47722153400092787,0.00449129886939498,-12.088035468414743,0.17184151451053511,0.01020099406128945,7.603262140068282e-05,130.41449699726465,0.374833011140214
110_Narrow,1895920000.0,0.48172272360261986,0.0041950480636406134,-12.442744075113369,0.1533992942678607,0.010186543101366342,7.813150250089327e-05,130.1121214962473,0.40172867592728456
110_Narrow,1895922500.0,0.4870488993554644,0.003888221972892687,-11.840091147253375,0.14332888688915704,0.01017764622059712,4.879859201510002e-05,129.91877109549907,0.427640702813622
110_Narrow,1895925000.0,0.49035292365971217,0.004403246174216207,-12.324762863761094,0.18974724920363797,0.0101282002212533,6.344433105717252e-05,129.58160277754985,0.5970706462229399
110_Narrow,1895927500.0,0.49189129412243116,0.004482826053049873,-12.38903181404045,0.18273424088091567,0.010106144211156175,7.06744372713654e-05,129.2648582676366,0.2831556786330887
110_Narrow,1895930000.0,0.49622225321817864,0.004178468232464126,-12.44812761114239,0.12254168395056868,0.010104869616111645,5.801005233273226e-05,129.13940389795047,0.5153896537666189
110_Narrow,1895932500.0,0.4984738192741004,0.00409350326799096,-12.651649605795898,0.16270135209792502,0.010043518405435915,6.758965145224807e-05,129.2365996413059,0.37510894179219106
110_Narrow,1895935000.0,0.5040299779506783,0.0043862153074443,-12.446227356918117,0.138526919768772,0.009992979040157448,5.605190232969937e-05,128.65015647712175,0.43083331359160937
110_Narrow,1895937500.0,0.5063396682998612,0.004181730445305216,-12.667855149761849,0.15606469506636644,0.010008434454159535,4.824089994001147e-05,128.7284116755603,0.4055225677802807
110_Narrow,1895940000.0,0.511380528577417,0.003985083975393861,-12.946488974924236,0.15197741472851356,0.009979499284475729,6.040480990912284e-05,128.10095271782603,0.4283036355939566
110_Narrow,1895942500.0,0.515055731779197,0.0038694339821455344,-13.10002318753617,0.16813449189250637,0.009982868662739428,9.187992470822665e-05,128.06488487069447,0.5201017181087083
110_Narrow,1895945000.0,0.5174852620591766,0.004343088251205945,-13.25556263994216,0.15445397010140444,0.009945142784434133,7.027293625770875e-05,127.3811538508208,0.46194654003920416
110_Narrow,1895947500.0,0.5230979416280485,0.0037808985169202275,-13.375344580158826,0.1693546169344526,0.009932266507029391,7.114300110979343e-05,127.46436280930764,0.3589854637637747
110_Narrow,1895950000.0,0.5273610288883459,0.00415828959653772,-13.153632301997671,0.15162779022936143,0.00990052787559867,5.48066966814742e-05,127.18148507720669,0.4355799443489496
110_Narrow,1895952500.0,0.528348815964228,0.0036269653371785596,-13.476614394155238,0.12993237619574843,0.009887592083204983,4.555029287294074e-05,126.96456632976239,0.4309272761920308
110_Narrow,1895955000.0,0.5332776473215591,0.00430071698767453,-13.41850545777585,0.15569233307217148,0.009851077235234866,6.957387494111422e-05,126.97573340735468,0.4811917193935993
110_Narrow,1895957500.0,0.5334631757421354,0.004030421025341202,-13.515277715590374,0.17163852972252439,0.00979380411131605,7.876852923383711e-05,126.51931036965397,0.6374134361205032
110_Narrow,1895960000.0,0.5364956041983072,0.00408483357199753,-13.478483239629902,0.1384365256082503,0.009785889921439347,5.365850611996857e-05,126.58130686333939,0.40335944059898476
110_Narrow,1895962500.0,0.5399192598573385,0.0037502847746412158,-13.977384150531423,0.17217322141191257,0.009788701105036131,7.95326929695352e-05,126.12716216896162,0.566141956218498
110_Narrow,1895965000.0,0.5463644233242421,0.0036397755382766815,-14.058443261921148,0.18235613164839934,0.00974171518087127,7.006054509624985e-05,125.87363821919878,0.4204943466007439
110_Narrow,1895967500.0,0.5466818546221646,0.0036218236930151203,-14.276039014560093,0.16090522103482885,0.009682471151787433,7.852527755693978e-05,125.52779879071406,0.34403952332351967
110_Narrow,1895970000.0,0.5531069298575336,0.0038505188928275934,-14.328136629133828,0.16499552302480308,0.009701322205056739,4.13467468733434e-05,125.44532014278674,0.4315135959318318
110_Narrow,1895972500.0,0.5529267140542653,0.0037603002423128406,-14.161376789665267,0.15288244210129667,0.00962906675669826,5.5752489892474214e-05,125.48267338387387,0.3824436419920026
110_Narrow,1895975000.0,0.558834101097764,0.003902014362702,-14.566981860320771,0.12785116360482254,0.00963486067759125,5.3828449958934424e-05,125.02206786886819,0.5040985739866803
110_Narrow,1895977500.0,0.5641625785294363,0.003861273259100329,-14.980294130367213,0.1674507323562699,0.009623882981265116,8.165011586011842e-05,124.80202652492147,0.3758889085717423
110_Narrow,1895980000.0,0.5665884918497613,0.0034935825074301993,-14.65105599070818,0.1991633390306149,0.009590338261932854,6.786919427677236e-05,124.58400317947661,0.4619163843912416
110_Narrow,1895982500.0,0.5682934461771828,0.003417521291317243,-14.932683482838273,0.16485468986990995,0.009545747104603547,5.0305134490729846e-05,124.2022736317807,0.38197862267654603
110_Narrow,1895985000.0,0.5687215908116099,0.003295117938179135,-15.00132196988872,0.14043141814074928,0.009487707792394185,5.174651455084927e-05,124.20142913465389,0.2655448992451589
110_Narrow,1895987500.0,0.577165713171781,0.003475729109138598,-15.210318206374504,0.17235357548179073,0.009507017976450975,6.029185400825996e-05,123.75844315605036,0.38525134383325166
110_Narrow,1895990000.0,0.581120173354242,0.0033759976593354907,-15.086969335682145,0.09946869123209622,0.009488354494034734,4.941990076269601e-05,123.62381122892147,0.38227112747919745
110_Narrow,1895992500.0,0.5784230445802949,0.0031076310738032027,-15.20820699389192,0.1565936024624071,0.009463342129825138,5.043794204378637e-05,123.46260896030584,0.34404136699223437
110_Narrow,1895995000.0,0.5842532638904657,0.0032644682773298106,-15.46646252760884,0.12727697872082086,0.009410049624704729,5.132212682587504e-05,123.18618008002369,0.44784352078895523
110_Narrow,1895997500.0,0.5867085775859293,0.003279177338254562,-15.746071635642135,0.14399068540916005,0.00941247715726195,5.2817425686647206e-05,123.05604326718932,0.544208924457439
110_Narrow,1896000000.0,0.5871315963309908,0.0028587279984434214,-15.885942637547076,0.15904944657215045,0.009354570221802779,7.035551134249236e-05,122.78119483835647,0.39803258591390833
110_Narrow,1896002500.0,0.5944111597919924,0.0033083895131746604,-15.987662491451669,0.1539371183033763,0.009358605958078171,4.825850178392681e-05,122.50843539282262,0.26668857569246207
110_Narrow,1896005000.0,0.5946077535584237,0.002858060527605809,-16.315579458941325,0.12806485576062265,0.009290249672224376,4.7056761692413974e-05,122.09343352795487,0.4446060891005411
110_Narrow,1896007500.0,0.5996269551584986,0.002610601860227475,-16.326673131987853,0.13781337215177258,0.009300755303452212,5.9057920106496176e-05,122.05799086243576,0.3897474505703213
110_Narrow,1896010000.0,0.6023220613459175,0.0028431635066539294,-16.270507756644783,0.1638129087227687,0.009276457487174934,3.531551283569847e-05,122.08438264254808,0.4143369349571216
110_Narrow,1896012500.0,0.6064886672675606,0.0028763268289243335,-16.531890968783937,0.12542556118426254,0.009220715537752984,4.597811069177889e-05,121.4453126590218,0.3582243150142354
110_Narrow,1896015000.0,0.6067865889684984,0.0024806690538075288,-16.630071558399322,0.14514303775414777,0.00923869267204458,7.82122699883847e-05,121.41102400905359,0.23962126085036284
110_Narrow,1896017500.0,0.6125606159231823,0.002541835174313489,-16.89399632292529,0.11335883395029132,0.009213737226634893,3.2581276529114066e-05,121.14870309848082,0.40123556276686045
110_Narrow,1896020000.0,0.6136897356965796,0.002629237027177485,-17.02596946037492,0.15028359072524375,0.00916446475845095,5.649172415400112e-05,120.88649572085572,0.45256107543820506
110_Narrow,1896022500.0,0.6158392408483857,0.0026482984074674932,-17.125769177695737,0.15222314080749802,0.009142540731558397,5.8935625001066727e-05,120.63868137712691,0.5156242594836222
110_Narrow,1896025000.0,0.6195282175907626,0.0022411151766324033,-17.42809979054975,0.1595277849750571,0.009095783442111972,6.1027006296983026e-05,120.51700231784638,0.4350364947432796
110_Narrow,1896027500.0,0.6193729782302698,0.002537964472429723,-17.433519516351357,0.08667216787635193,0.00909170998963367,4.550922077231761e-05,120.43199646540023,0.4333041924562917
110_Narrow,1896030000.0,0.62221370868398,0.002791652309848293,-17.23601869061453,0.13296080063037166,0.009048357886656411,4.949868733811423e-05,120.29375599163414,0.4958630821185146
110_Narrow,1896032500.0,0.6273485746514497,0.0026593841597338094,-17.46524164828008,0.12275118841602861,0.00903625549517362,6.691857582059712e-05,119.95363136547535,0.23482292058564444
110_Narrow,1896035000.0,0.6309033980120534,0.0023177494101578296,-17.448227405026234,0.11693091477619182,0.009010278259704498,3.6470785242647694e-05,119.96008946205284,0.3172722641598482
110_Narrow,1896037500.0,0.6325903449193493,0.0026825372380721467,-17.60732667547095,0.12827301235558664,0.00897801456693543,5.516072146943111e-05,119.58398931296233,0.3892396770078281
110_Narrow,1896040000.0,0.6356956947109845,0.002129900906741307,-17.909186893612272,0.10326086646479318,0.008975025530133492,7.239879821945574e-05,119.463704888279,0.1623379762031489
110_Narrow,1896042500.0,0.6401950544522894,0.0020700371485825432,-18.35686319112023,0.1310573815095366,0.00894779407828779,5.577298158489265e-05,118.95229885626871,0.43434207770812605
110_Narrow,1896045000.0,0.6415163173891086,0.0023910408441881526,-17.96033221385809,0.11581802739684757,0.008918459739802764,5.897367792428856e-05,119.2597707155348,0.23890343657518226
110_Narrow,1896047500.0,0.6421307207588192,0.002094140726999908,-18.328403420940006,0.10302393703204987,0.00887710713900451,7.118782131378161e-05,118.85206787432935,0.32151785990738435
110_Narrow,1896050000.0,0.6455371469774731,0.0019387424179748355,-18.5904990253257,0.13521426863759653,0.00884907646628419,4.387283540535071e-05,118.2901692709144,0.434776306875512
110_Narrow,1896052500.0,0.6478177629677431,0.002145212802436844,-18.471515884508495,0.10482397471214379,0.008819356971174544,7.044411972129357e-05,118.44912063084446,0.24820761692901744
110_Narrow,1896055000.0,0.6506494309733601,0.0021303148512878947,-18.587741099231405,0.1223108270797442,0.008794997278436417,4.928303013517104e-05,118.31892802765202,0.312925248358915
110_Narrow,1896057500.0,0.6546325996376039,0.0015046718100541194,-18.87748888319739,0.11467004746647708,0.008818095470744074,5.5123703321051634e-05,117.71548686746814,0.5812800215944288
110_Narrow,1896060000.0,0.6570593509029096,0.001916141389616633,-19.265851735968422,0.11248572050277428,0.00881146901974634,5.103088953986157e-05,117.73179332167204,0.33844673424641514
110_Narrow,1896062500.0,0.6571406815636495,0.0016801682053285308,-19.252666352447108,0.08951730851036675,0.008751234048343506,7.47146244442454e-05,117.45781499859183,0.42250929098862
110_Narrow,1896065000.0,0.6626723181776395,0.002172305686363883,-19.12655692881261,0.10620036001424528,0.008754620733055876,6.397757095142403e-05,117.26178775410841,0.37369113009150623
110_Narrow,1896067500.0,0.6632517539455471,0.0020582682644997544,-18.996951526856094,0.1005089282353591,0.008682490855418282,4.9185236986687386e-05,117.20226397464799,0.3144603628595712
110_Narrow,1896070000.0,0.6675513495612979,0.0017934522531934483,-19.919944075552294,0.0976362541211417,0.008649115096531981,5.4069647304654044e-05,116.65205083452832,0.39691581935453063
110_Narrow,1896072500.0,0.6694377175527584,0.0015553326058550835,-19.40682109323529,0.10607037566527874,0.008621987281189816,5.5765438933810596e-05,116.72224845703286,0.5215286050213146
110_Narrow,1896075000.0,0.6697922646734001,0.001769867866727318,-19.652600222600693,0.1392655278589292,0.008609384136033375,7.423035793285027e-05,116.6258758005365,0.33244904857977214
110_Narrow,1896077500.0,0.6720235687345981,0.0015158796153293226,-19.930667276484805,0.10985699587010092,0.008591822271454524,5.034644569126802e-05,116.1675909646274,0.27446044893008215
110_Narrow,1896080000.0,0.6787017544465771,0.0016397833430808223,-19.984756153515157,0.0939290260016779,0.008584280000509014,5.643365928976547e-05,116.25354573354119,0.3616522654681657
110_Narrow,1896082500.0,0.6758425625989061,0.0019810722609985253,-20.386605447584998,0.09391304045763632,0.008518715275908566,6.439935018322202e-05,116.08773078935263,0.4179243019651866
110_Narrow,1896085000.0,0.6802185589927523,0.0017082515326508321,-20.05673056593977,0.09590639475605327,0.00850626100149244,5.007370464782326e-05,116.23682046213858,0.4036214306998453
110_Narrow,1896087500.0,0.6810018166019063,0.001637505590658429,-20.290016882828887,0.08129017120173823,0.008473756600492916,6.758921536600822e-05,115.85718221486508,0.3730006054061685
110_Narrow,1896090000.0,0.6856731634677391,0.0018430507154462508,-20.485009866159206,0.0908623920745039,0.008470887440919351,7.157404644703787e-05,115.42820799773823,0.3553551293295007
110_Narrow,1896092500.0,0.6870299609324195,0.0016325118906541476,-20.610846608295994,0.10650735943320358,0.008446166631335319,6.097048429182885e-05,115.34927145918171,0.4919122521936358
110_Narrow,1896095000.0,0.6876961999612422,0.001727100868988436,-20.553712066478706,0.12541494494971114,0.008407014523397262,5.263825351470882e-05,115.08408387593889,0.45633058019771217
110_Narrow,1896097500.0,0.6914257332254302,0.0018190112904417888,-20.94313603246077,0.10195613877504155,0.008393258836757803,7.316035561483994e-05,114.96368694088888,0.3995408050047947
110_Narrow,1896100000.0,0.6907378176520396,0.0017887112639918162,-20.878416649565217,0.09693135789476816,0.00834435085059671,5.4765806911958226e-05,114.8975700015306,0.42541081438316064
110_Narrow,1896102500.0,0.69402385384646,0.0018293191154937212,-21.263462081103178,0.1056451814282227,0.008331171705227949,5.35149300799937e-05,114.47234484940361,0.4381606452659198
110_Narrow,1896105000.0,0.6993084419793292,0.001558446828569862,-21.142055965805284,0.12239397194504217,0.00833373336881021,2.6116540046889158e-05,114.48405593712003,0.2877097489749004
110_Narrow,1896107500.0,0.6999284966330022,0.001367748156887118,-21.217603518775967,0.11485807871886702,0.008332335570644474,4.6026657198189846e-05,114.54705414815285,0.45666872606622844
110_Narrow,1896110000.0,0.6999346937503806,0.0015069910967644296,-21.53900211590636,0.15152913334462328,0.008264389087640522,4.204964065950176e-05,113.94700316747551,0.4051860172375568
110_Narrow,1896112500.0,0.704223400659393,0.0018067048462912909,-21.666424868247667,0.09643609347815614,0.008276940075003186,7.796577485530792e-05,114.12847633561913,0.4829473593560629
110_Narrow,1896115000.0,0.7063973146956466,0.001702217546156164,-21.707967995305467,0.10963443272919281,0.008224107764777682,5.422600213456886e-05,113.7285171496053,0.48277465368292366
110_Narrow,1896117500.0,0.7119790958354072,0.0016332582819805412,-21.753179589319423,0.08433625095316939,0.008238956719728447,6.227920121184522e-05,113.6173376866044,0.3471690171109024
110_Narrow,1896120000.0,0.7127313717174159,0.001989057745609844,-22.073933658396097,0.09495193381409976,0.008141876326862914,4.7904707208876544e-05,113.38712488829655,0.4871256558547262
110_Narrow,1896122500.0,0.7116038203433817,0.001964268126234785,-21.995630100056065,0.10729247377316574,0.008159537608144392,5.050477679680213e-05,113.30072593916881,0.34162672654928977
110_Narrow,1896125000.0,0.7137690546412723,0.0022040586013438498,-22.029765819354964,0.11016993969794985,0.008151518418848114,7.074917429505342e-05,113.30216354362922,0.27357459151711994
110_Narrow,1896127500.0,0.7191657851094166,0.0019033756846187622,-22.112431309967214,0.10367344193947313,0.008106995900429934,7.034027646539128e-05,113.07807823431114,0.3963452778940703
110_Narrow,1896130000.0,0.7164141496963725,0.001725039759936558,-22.241817522505123,0.10066891047659585,0.008090976060368562,4.374670740662497e-05,113.02638575713029,0.4548300208469379
110_Narrow,1896132500.0,0.7211177038951989,0.0016561243892807736,-22.60712749435801,0.08535685601838257,0.008070472687229442,5.955205665238531e-05,112.63777551669449,0.5400037322741913
110_Narrow,1896135000.0,0.7246624155565615,0.0017460379373756385,-23.173994531518563,0.11775577574635594,0.008049650230611672,6.0996517336680124e-05,112.26152166753575,0.3720446436992038
110_Narrow,1896137500.0,0.725531157205974,0.0015950175625755875,-22.809383828478747,0.0975946066396203,0.008002507594990943,8.190225743989909e-05,112.52541604067851,0.48169938742875595
110_Narrow,1896140000.0,0.7262589469294125,0.0015660687463558596,-22.880836214093243,0.11319909152699802,0.008038659820944864,4.518748564533274e-05,112.24774421953775,0.4810484836118788
110_Narrow,1896142500.0,0.7292122414355077,0.0016547319115732856,-22.987157383999065,0.10497184261388243,0.007985063758662819,5.089415972564977e-05,112.00000894801545,0.5556839327224911
110_Narrow,1896145000.0,0.7315129274398602,0.001606057670387243,-23.244983086360616,0.13511490632332687,0.007909379403731459,7.251814568214236e-05,111.65204627609457,0.5148885009281368
110_Narrow,1896147500.0,0.7303717777381357,0.0019680336484747245,-23.208927531872018,0.1631018481717164,0.007941358803376326,4.843271125600305e-05,111.76464274086563,0.3383433563559703
110_Narrow,1896150000.0,0.7337610857013916,0.001888532826935347,-23.357063214722977,0.12615331668745816,0.007879933738433586,5.4907336909056014e-05,111.80584691026112,0.44857946692497547
110_Narrow,1896152500.0,0.7382733961387554,0.0020655472494334063,-23.130148469961732,0.12538296399233984,0.0078598234555603,5.802777466135847e-05,111.45320217423966,0.24365115338754706
110_Narrow,1896155000.0,0.7379906898432589,0.0021689876969601253,-23.516022811427547,0.12928440697138893,0.007864951040513733,8.486456071884086e-05,111.21601746992488,0.47396522812633257
110_Narrow,1896157500.0,0.739669496381563,0.0019009558940347763,-23.511239567993506,0.14937882319743442,0.007820849617455017,7.677422079850782e-05,110.87640137160015,0.4092694560754822
110_Narrow,1896160000.0,0.7403949061907676,0.0020986140177619967,-23.788212510222962,0.12298542371311687,0.007805480880962377,5.7836951602350893e-05,111.18185913396464,0.35115946574266155
110_Narrow,1896162500.0,0.7424684357970097,0.001702553180055369,-23.853557308963474,0.12523856166612596,0.007795455525209452,7.11572972482432e-05,110.75915662201477,0.42382268996317346
110_Narrow,1896165000.0,0.7451630817772212,0.0015761907346659178,-24.19275141342514,0.14265601611614626,0.007778361976520161,6.031814735902112e-05,110.73291700651772,0.469063389518585
110_Narrow,1896167500.0,0.7471578925003309,0.002008049387468813,-24.24385471692275,0.14453431901645591,0.007768043693590294,6.315674258247021e-05,110.38615231569156,0.6165948582302281
110_Narrow,1896170000.0,0.751605111129404,0.0020776756301645128,-24.162812248598684,0.16824837279285804,0.007751385121573903,4.490235136048114e-05,110.2541532721921,0.40298568030978865
110_Narrow,1896172500.0,0.7477410818526937,0.002071525507213492,-24.308759867880575,0.13000438549897586,0.007678152763124401,3.5510414357215745e-05,110.1604984002597,0.194457607531453
110_Narrow,1896175000.0,0.7529421856029369,0.002021185878459943,-24.39243358129673,0.14568938744236296,0.007685690549910772,7.987007740898773e-05,110.20652604141738,0.6207809792076229
110_Narrow,1896177500.0,0.7546277026807283,0.002409291264862656,-24.693459773554643,0.1527615538825707,0.007673286898030561,5.448001260807081e-05,109.86359095853598,0.4502038810251506
110_Narrow,1896180000.0,0.7538322759493262,0.0019970572723240695,-24.730464539761652,0.16437399525811633,0.007606011526814727,8.752243022390994e-05,109.81764828962994,0.4252366736316509
110_Narrow,1896182500.0,0.7582567790413024,0.0019017688227363938,-24.759255827040207,0.14972903366222362,0.007666602964868978,6.317844211234327e-05,109.46610553219722,0.5304758414814533
110_Narrow,1896185000.0,0.7592537207373163,0.001380460246230747,-24.9223924877685,0.1536282314865364,0.007616647322383858,4.373602644609549e-05,109.57229073529511,0.3681016938067264
110_Narrow,1896187500.0,0.7615876818111937,0.002049236643562776,-24.946926139378338,0.1340324775173309,0.007550156537260356,3.572721242850137e-05,109.60123385372,0.5544518458352818
110_Narrow,1896190000.0,0.7629806227089239,0.0019627026177329644,-24.937498906662878,0.1442820252766936,0.007545097003703663,4.9651427501609304e-05,109.47080726733644,0.5106067295263594
110_Narrow,1896192500.0,0.7636462082772939,0.0020825391654778745,-25.097226271873147,0.1344265955008639,0.007526104291372195,5.250153574669225e-05,109.05140771175044,0.39648484615903656
110_Narrow,1896195000.0,0.7628057598126111,0.002105949238626986,-25.36826774822294,0.1733594884660379,0.007493982680736217,6.812891947865173e-05,109.03019578369592,0.43846056594113986
110_Narrow,1896197500.0,0.7664356025567394,0.001981206998420651,-25.50828328849963,0.1442130718883845,0.007493093834913146,5.640352451615369e-05,108.52146407469786,0.49659112161392216
110_Narrow,1896200000.0,0.7676026966512327,0.0016404798517952568,-25.352428182821924,0.15227632963597554,0.007455669070656728,7.098976667327953e-05,108.64262148335166,0.6080166872271761
110_Narrow,1896202500.0,0.7652778535408321,0.0018996623484745494,-25.977155029605772,0.13238749591596669,0.007425667326576402,8.000062530390255e-05,108.47851517254892,0.29097425822837575
110_Narrow,1896205000.0,0.7712702940219032,0.002156925849687343,-25.913622920732728,0.14260023700591887,0.00743657105946523,5.629463475508284e-05,108.0776403337546,0.4218080841727081
110_Narrow,1896207500.0,0.7732661319915827,0.0019292542892420362,-25.728499088002504,0.12496857735280527,0.007406651706269611,7.476726314953693e-05,108.04187429366115,0.631190178145888
110_Narrow,1896210000.0,0.7709634495900132,0.0014186609891416804,-26.084345275676664,0.12441020449752457,0.007359298198619772,2.9692325279789286e-05,108.07539102276525,0.38638592193064564
110_Narrow,1896212500.0,0.7756593270142706,0.0016609861031471585,-25.995147606320245,0.15290921746002484,0.007365624403110671,5.616297521382781e-05,108.27372664769015,0.6343569073504582
110_Narrow,1896215000.0,0.7772651192515972,0.0014451573083124301,-25.932707264344124,0.1557889182381284,0.0073538582888672144,6.540027914824669e-05,107.81993391064229,0.44364190042496576
110_Narrow,1896217500.0,0.7810194974522962,0.0023303808472364103,-26.170007277071598,0.13022211646134638,0.007368209304250082,2.927304371040565e-05,107.841615063052,0.456161486425234
110_Narrow,1896220000.0,0.7773846708257082,0.0017876976552072394,-26.20688558834136,0.1134212435776811,0.0073172869859799905,6.014414126481335e-05,107.67237455728514,0.8925344865388641
110_Narrow,1896222500.0,0.7818425952610467,0.0016465532573605077,-26.43906274533348,0.12092267059900366,0.007307773841462717,6.791193232981275e-05,107.27677907085726,0.529992259890428
110_Narrow,1896225000.0,0.7831171594351826,0.0018028465575321193,-26.76782682802152,0.11803739184065845,0.0072306073251112365,4.769714440707263e-05,107.26291234456228,0.3343557045804313
110_Narrow,1896227500.0,0.7877016126194634,0.0019155161019894342,-26.765667740873266,0.1186780722251761,0.007270546033534593,6.83554728466014e-05,106.7219103844955,0.6008350747706112
110_Narrow,1896230000.0,0.7889299710927205,0.0018932399611369627,-26.867254698376378,0.10428938053345699,0.0072250696758993285,8.79295090282194e-05,106.96968907763953,0.6122976771275433
110_Narrow,1896232500.0,0.7877761791198785,0.0013563906776905507,-26.967633120661628,0.12771194412283363,0.007206094200325812,8.202429326163924e-05,106.51645658419385,0.49062540020521717
110_Narrow,1896235000.0,0.7899301076777522,0.0017469850860439454,-26.959853818193785,0.10882658826088902,0.007162323394181872,6.879139117457941e-05,106.58698048384547,0.46856818019228236
110_Narrow,1896237500.0,0.788570057008426,0.0013691867606974981,-27.073757836853954,0.12580331129988492,0.007125709551138966,6.251790283593596e-05,106.92421307282316,0.45161118050147003
110_Narrow,1896240000.0,0.7957679008558209,0.0015025869869878749,-27.26485533981681,0.10399157804884769,0.007184451444768541,4.923550810721555e-05,106.2176313210302,0.35784409242024123
110_Narrow,1896242500.0,0.7940015238790487,0.0014319191107124804,-27.626165516538396,0.11298615421697002,0.007124494453823333,7.104196457614015e-05,106.27966983480766,0.5198784917398303
110_Narrow,1896245000.0,0.7975699211369601,0.0014236901897493846,-27.395047669362643,0.09554913617539765,0.0071404013576243,2.9330586321582047e-05,106.12575493317478,0.39949468430665136
110_Narrow,1896247500.0,0.794816223036411,0.0011021842155834454,-27.2227837468167,0.09089723650568259,0.007078633417276405,6.19571679486761e-05,106.49715806940812,0.43897347800118575
110_Narrow,1896250000.0,0.798091945595524,0.001823750612567685,-27.80251226301082,0.116535374711984,0.007027344112188466,6.204073369577058e-05,105.5453058096797,0.20993788654018533
110_Narrow,1896252500.0,0.800420547707799,0.0014098658631191618,-28.07119956699214,0.10323697306851302,0.0070328062277881485,4.575007471097245e-05,105.33047747834263,0.4354888002595669
110_Narrow,1896255000.0,0.8018968860512484,0.0014532878637858525,-27.794950669849573,0.07381070973216385,0.007000413402335769,4.9181483879820376e-05,105.48973699634698,0.6327465541542299
110_Narrow,1896257500.0,0.802659152000684,0.0012319525429282142,-27.94396817359683,0.12005254920436073,0.007035748515273388,5.261310322295799e-05,105.73279436062589,0.3899871820237367
110_Narrow,1896260000.0,0.8028355854617698,0.0015746378349454572,-27.858086408517106,0.12362360898404172,0.006989665882279343,5.494805205287806e-05,105.56179069031404,0.4957894032689569
110_Narrow,1896262500.0,0.8014442270892052,0.0014081079362464317,-27.82207710599015,0.09615351242055846,0.006992840421217434,7.110716884068741e-05,105.67384838964911,0.30094321719171546
110_Narrow,1896265000.0,0.8068681484052711,0.001467260615281974,-28.361958094004265,0.12086687229818738,0.006972219382732105,7.06477756287549e-05,104.73681288825485,0.6095862437944858
110_Narrow,1896267500.0,0.8077171411914704,0.0014326404692094998,-28.440843706325072,0.11225176666170851,0.006934108613395303,5.7121914350083695e-05,104.98362651180784,0.5382298667880895
110_Narrow,1896270000.0,0.81012572573511,0.0011003155845111029,-28.246702052126327,0.09296459340682153,0.006930582820584601,9.918342133100721e-05,105.29366425478031,0.4225147054466797
110_Narrow,1896272500.0,0.8106223356040425,0.0014189111091475184,-28.578227238868788,0.11169411903241928,0.006865819066725581,3.187594394217856e-05,105.03113001457888,0.45285835664083657
110_Narrow,1896275000.0,0.8106913535223376,0.0014598378470502083,-28.631188888271485,0.10943165272823702,0.0069036429448315695,6.049870739013113e-05,104.69667050236471,0.5438999607976491
110_Narrow,1896277500.0,0.8122613247205,0.0015915670674763632,-28.4778626077392,0.08272496913228673,0.0068617707983126995,6.667170272930061e-05,104.9340668535365,0.6229629898937049
110_Narrow,1896280000.0,0.8154484795691355,0.0009816808555779138,-28.685745947500624,0.0912334989843298,0.006847887823294341,4.1427607559248545e-05,104.48196048923235,0.563674813532405
110_Narrow,1896282500.0,0.8147279143834751,0.0014222576542178738,-28.775464885411747,0.12254705474150264,0.006810399313606965,5.560235106381492e-05,104.42540022369481,0.45423544961723017
110_Narrow,1896285000.0,0.8140382446234959,0.0011440527503635439,-29.01113642082381,0.12114560421883888,0.006766894141431809,3.375736984005424e-05,104.33035586768106,0.4156302242008594
110_Narrow,1896287500.0,0.8095530071597028,0.0010319885561110387,-29.038847059655897,0.11961037260488395,0.006731554571003657,5.6805884712930495e-05,104.37833821058092,0.48328527936718313
110_Narrow,1896290000.0,0.814379100480929,0.0014452987101856427,-28.95975841107845,0.08405384359870607,0.006742574856424231,6.407515034655474e-05,104.13725888998985,0.3572327902869458
110_Narrow,1896292500.0,0.8180375142698689,0.0010018025176942655,-29.186265428192232,0.0826309891059547,0.006764947690548262,7.925640552465391e-05,104.09030357596934,0.5349027713048156
110_Narrow,1896295000.0,0.8186609189924678,0.0012249653698128602,-29.44764891742641,0.0852155463481784,0.006715012980158258,5.531729839133961e-05,104.02878929651108,0.4728170676713789
110_Narrow,1896297500.0,0.8241420990270644,0.0012889526029999055,-29.232738665691638,0.07901579333201733,0.00676853589959226,6.718459778189755e-05,103.6090971039793,0.3925001128881164
110_Narrow,1896300000.0,0.8236511399696691,0.0012711238177022714,-29.557690018361,0.08143597398723881,0.006709980876168749,5.184962663265032e-05,103.58067592063837,0.45469700922440986
110_Narrow,1896302500.0,0.8229035779366575,0.001094727997087214,-29.47156947727651,0.10681607612335384,0.00666759478051004,5.7866106762815464e-05,103.81024329970903,0.4286713813512238
110_Narrow,1896305000.0,0.8238092325038197,0.0012884977553587786,-29.38636481806588,0.10647905492392915,0.006654581798340093,6.569873831345514e-05,103.45921356213604,0.4914507781785762
110_Narrow,1896307500.0,0.8253870212645579,0.0010116383677849722,-29.586863195357584,0.11519953050663197,0.006678554562285251,5.164880094451875e-05,103.30146366148408,0.42771133046872833
110_Narrow,1896310000.0,0.8266185787888386,0.0011510178054372508,-29.94700874778516,0.09086469987869376,0.006611611252414856,4.9821715008114635e-05,103.04103375586746,0.5630957001634573
110_Narrow,1896312500.0,0.8246968770004568,0.0011045140484193313,-29.985430045901122,0.06986179065738754,0.006623026727621896,5.916196971642052e-05,103.21302708053882,0.5722349018223454
110_Narrow,1896315000.0,0.8307370271403715,0.0010676462967013293,-29.76573602285227,0.06241902741742166,0.006620731450165824,4.336433830778192e-05,103.15724121547544,0.5000450211346203
110_Narrow,1896317500.0,0.8324126767495822,0.001442128514923396,-30.09728676963603,0.09039771145174345,0.006570854576325071,5.651077086210632e-05,102.78692103957471,0.4720969625457128
110_Narrow,1896320000.0,0.829153502517452,0.0008701813258417994,-30.142046466238227,0.06893127087665075,0.006552934736235856,7.095475100377135e-05,102.72882010114087,0.5204242583072419
110_Narrow,1896322500.0,0.8317989077259301,0.0010827982287256429,-29.967334790191185,0.0790810724120275,0.006572313393005462,4.4305132852197434e-05,102.64156988152098,0.4851730581996371
110_Narrow,1896325000.0,0.8327117307993139,0.0011814218981630138,-30.397534138531004,0.10132560912516295,0.006545919460578562,5.564622149009675e-05,102.16529717045862,0.5417836151178494
110_Narrow,1896327500.0,0.8341855907613965,0.0010320772009280719,-30.000095908676574,0.07591754480528554,0.006488878863419801,7.43616570774809e-05,102.77957083448769,0.5179835334908091
110_Narrow,1896330000.0,0.8351060537681237,0.0010748919431721588,-30.392182475060338,0.06672441626584845,0.006520870135715464,3.236481968447738e-05,102.05217816864379,0.4337284891925249
110_Narrow,1896332500.0,0.8370105582609203,0.0007648772602850376,-30.452491984247285,0.07158195480138375,0.006475458512481212,6.25761269893197e-05,102.39422582118848,0.5634189380179169
110_Narrow,1896335000.0,0.8369803170495048,0.0010479268457247119,-30.56836031541837,0.0756846315033632,0.006430196364552347,4.69694098669818e-05,102.43987575863395,0.49382311030592435
110_Narrow,1896337500.0,0.8337816314104445,0.0013873715180627016,-30.870187905127338,0.09860548627271568,0.006436356210381439,6.981194227540964e-05,102.15324727608237,0.3451271986850502
110_Narrow,1896340000.0,0.8405192013219135,0.0009461703101005448,-30.74590725991352,0.06478068494164098,0.006415342783074963,6.632204364889008e-05,102.25872987707021,0.48142192463159195
110_Narrow,1896342500.0,0.8395881773820051,0.0014916240857720106,-30.93620045253413,0.09670993444534852,0.006414546501154509,5.2136290818513026e-05,101.75838674588476,0.45829334862241594
110_Narrow,1896345000.0,0.8413722702801082,0.0009661987103408266,-30.936416579311853,0.11070961331986919,0.00642558594035759,7.118829503288716e-05,101.82031393656473,0.38668291870782034
110_Narrow,1896347500.0,0.8432829921857745,0.0009721968548162805,-31.21616711949158,0.06745004749793977,0.00639867429179345,6.983983299467578e-05,101.6815665026745,0.45672428184568076
110_Narrow,1896350000.0,0.8457106004216711,0.0010675451198617226,-31.280491389709518,0.09478947610255448,0.0063617243754891615,2.964705949536331e-05,101.53171642696289,0.6988818968549216
110_Narrow,1896352500.0,0.8454192033254898,0.0010546663182286193,-31.12286437207881,0.07845176923651823,0.006339184775764395,8.478168911898086e-05,101.48647924658614,0.39143820561502285
110_Narrow,1896355000.0,0.8459355655708666,0.0011307778821848526,-31.07756147777707,0.07147341804836596,0.006330725788901721,7.818229131535731e-05,101.63864092592792,0.23176647309322476
110_Narrow,1896357500.0,0.8445797380885071,0.0009832107408049217,-31.54287075412362,0.10045293756400551,0.006304627990473257,3.2508770472591524e-05,101.19401138083813,0.5363373194518857
110_Narrow,1896360000.0,0.8468977978043081,0.0011163241408838182,-31.422218822761927,0.08876510357670836,0.006276307025091755,4.806653499822118e-05,101.08610840890971,0.40906040929815324
110_Narrow,1896362500.0,0.8479771490876271,0.0010243313837709422,-31.658281857521754,0.08664965186021566,0.006273103113431648,5.8462924681637626e-05,100.98693058192573,0.4066143633810999
110_Narrow,1896365000.0,0.846748961776278,0.0013430234373664116,-31.683694667358807,0.10002286208094836,0.006287254479788146,7.17536195924183e-05,101.46625459783621,0.46282733348388677
110_Narrow,1896367500.0,0.8505678990815042,0.0010678144532797343,-31.8358199983158,0.0922001519741882,0.006279110033752429,4.124805765870609e-05,100.44799438186546,0.4878920072015239
110_Narrow,1896370000.0,0.8488510314347009,0.0012421525632757267,-31.685306025244454,0.0831541303134978,0.006202314852388964,7.97125131923382e-05,100.77513210280794,0.4102769323964829
110_Narrow,1896372500.0,0.8550649112092905,0.001394548946785825,-31.62683036775398,0.080909272374824,0.006246788644037111,3.861112401260824e-05,100.6284792928306,0.6349372023573855
110_Narrow,1896375000.0,0.8493443932266679,0.0010198236210094303,-31.978595610516503,0.10005587088083866,0.006193246386119243,4.190865549733097e-05,100.67575725616669,0.5370864672059246
110_Narrow,1896377500.0,0.8516768421105885,0.000981071044026939,-31.961356138541596,0.10451287685624926,0.006174219423838003,4.798661573752079e-05,100.4825115316769,0.7578926781405966
110_Narrow,1896380000.0,0.8555505192605879,0.0011354082369192146,-31.994443435753574,0.08867235078337281,0.006163062959313841,4.260815254103898e-05,100.54477312149673,0.477196732758878
110_Narrow,1896382500.0,0.8535878302179085,0.0010780440508379398,-32.28964771075371,0.08090877144560091,0.006165021760642478,4.745564685389821e-05,100.30550382739857,0.3207769853304169
110_Narrow,1896385000.0,0.8573689688272346,0.0012369736712655815,-32.252673498946415,0.0932325554656521,0.006131287067264756,5.9440171947089515e-05,100.0817191363853,0.4495750709102996
110_Narrow,1896387500.0,0.8546464649146173,0.0012573968559075406,-32.407536551764125,0.09608913527887208,0.0061219251910481,5.795655332314106e-05,100.02484913475558,0.4976878004409353
110_Narrow,1896390000.0,0.8576777153799168,0.000817817964292411,-32.54328006737381,0.08926490060157449,0.00607559823160994,6.745635204086365e-05,100.10869358767528,0.5812953364510071
110_Narrow,1896392500.0,0.855162359788318,0.001292359233055779,-32.496455491464246,0.09744202438186474,0.006071295706921188,5.3765486546024266e-05,100.05515877656049,0.5794474628297563
110_Narrow,1896395000.0,0.860319421671779,0.0008909513048823193,-32.54109078459449,0.09695143738134442,0.00610064959101059,5.987810451983686e-05,100.19199421789037,0.3665665542715983
110_Narrow,1896397500.0,0.8618306245101075,0.0013534684666888146,-32.790074271997824,0.09521169732887821,0.0061021903104636335,4.511785838624255e-05,99.74049055381123,0.5485141948483301
110_Narrow,1896400000.0,0.8596421453935803,0.0010857647653406634,-32.829151569093455,0.08862157036439443,0.006029193967983649,6.092735345919908e-05,99.23137697070158,0.5032786529561716
110_Narrow,1896402500.0,0.8632237357627833,0.0010349923033065953,-32.373202970654404,0.0980676163310977,0.006078146946645343,3.57120780913313e-05,100.10156515685105,0.5116557469549571
110_Narrow,1896405000.0,0.8610924239360447,0.0012083174206071893,-32.95509868620252,0.10464715231561944,0.005984408838712021,9.341353940329094e-05,99.68118376435024,0.22046141058467025
110_Narrow,1896407500.0,0.8680773268013017,0.001477003575699054,-32.81121593309573,0.10872780661498091,0.006043734618303012,5.659286473995021e-05,99.5627518183046,0.45942051030262465
110_Narrow,1896410000.0,0.8674514237671724,0.0012522347795396792,-33.047243014724984,0.11867999698632792,0.005974851973663921,3.698312944558984e-05,99.39191658169098,0.4922108563976979
110_Narrow,1896412500.0,0.861859286402933,0.0014474813597759953,-33.156604321241886,0.08551740937950955,0.005967933705963685,4.177590560315211e-05,99.08340092955956,0.44428700789600817
110_Narrow,1896415000.0,0.8661777535717273,0.0008512787316474836,-33.24020082870746,0.08119913546753922,0.005968264328612699,7.29401762865331e-05,98.83100050441021,0.5421871966074926
110_Narrow,1896417500.0,0.8647708926212374,0.0013211413031713449,-33.19797406598406,0.10159936529492315,0.00594268758648228,6.632401177019774e-05,98.74238227085058,0.5380869882952667
110_Narrow,1896420000.0,0.8672053016954686,0.001015741602030078,-33.224600058400405,0.0874562499509691,0.005937892703417004,4.314100585659492e-05,99.1039336605416,0.6288783147761428
110_Narrow,1896422500.0,0.8683224886478039,0.001357261268086021,-33.51740197711484,0.11234129028677588,0.005933785014107844,4.676693052464513e-05,98.90674674410863,0.4594869874019001
110_Narrow,1896425000.0,0.8660222887005361,0.0011849693256305624,-33.42898645519295,0.06851322036359776,0.005920207331968008,5.623818760353288e-05,99.04909837008526,0.4214635610394717
110_Narrow,1896427500.0,0.8698656187119808,0.001231400616894024,-33.27235723695241,0.11614202735120939,0.005870962718631344,4.41788648546208e-05,98.4749228028057,0.1586661135237379
110_Narrow,1896430000.0,0.8710112677321455,0.0010402718009377898,-33.290576564561675,0.07158660848708169,0.005847246709841374,5.339196400271839e-05,98.55734713628549,0.7002677658548083
110_Narrow,1896432500.0,0.8728270145137763,0.001061391540632474,-33.871602428869714,0.12318305546685834,0.005869974606569694,5.635109942888918e-05,98.68390703565663,0.7863978202866186
110_Narrow,1896435000.0,0.872814923881215,0.0013013294419927871,-33.60178164564051,0.09411281687908393,0.005832830746446132,4.521521869626869e-05,98.40426064193353,0.5484009317213475
110_Narrow,1896437500.0,0.8752246406726769,0.0009117305952342946,-33.30228442769378,0.08413416318844982,0.0058379596847928416,4.435686520430529e-05,98.70277281512503,0.5394029022184759
110_Narrow,1896440000.0,0.8743369650297529,0.001088956455677653,-34.07702783642629,0.09851708753251234,0.005820711373723236,6.492039759759192e-05,98.18812911133189,0.5798087550909593
110_Narrow,1896442500.0,0.8728791970949428,0.0008803527565726368,-33.70930693539356,0.10323106341946567,0.005802916526355912,3.8308905896676236e-05,98.24670452781623,0.48125266942502926
110_Narrow,1896445000.0,0.878635578458306,0.0015337084447816253,-34.03687369818566,0.07314241512161149,0.005787121761441421,4.3398810581286764e-05,97.85713993305936,0.6381730390253626
110_Narrow,1896447500.0,0.8774215156319616,0.0010390508576602602,-34.04088172928144,0.12287876563535584,0.005773994438760271,7.482704287392317e-05,97.87154343002558,0.3346982041387727
110_Narrow,1896450000.0,0.8736573645119177,0.0015651164790063492,-34.345459095472734,0.08986759869507771,0.005749204029866091,7.89249115357465e-05,98.20881616124363,0.8510710773539208
110_Narrow,1896452500.0,0.8777203583518823,0.0011824605262999361,-34.05567884544932,0.09190544010361393,0.00576429903164012,2.360721642794352e-05,97.92354037236066,0.645780085176754
110_Narrow,1896455000.0,0.8812189154162856,0.0009726062013533492,-34.16079945264498,0.0975930900594711,0.005752686500476196,4.1343698893324846e-05,97.6416835870076,0.5999257515272579
110_Narrow,1896457500.0,0.8760266131436176,0.0011669157709699551,-34.366023205010244,0.05852329880549167,0.005689528396197919,5.630573422133704e-05,97.65790951647541,0.5365916251217994
110_Narrow,1896460000.0,0.8802211733631058,0.0011408020174285825,-34.40501624204396,0.09409711268820124,0.005722017198279192,8.559358151835972e-05,97.57027361444379,0.6238949818527748
110_Narrow,1896462500.0,0.8807690779822082,0.0010332398990588766,-34.417736384475354,0.07611339517357323,0.005678970989005394,6.431902009499756e-05,97.90018949661956,0.506126985973883
110_Narrow,1896465000.0,0.8807504742166343,0.000990179857925906,-34.43602955071561,0.08434493765574373,0.005691883820913615,4.292875220135199e-05,97.7527377584462,0.642329897160263
110_Narrow,1896467500.0,0.8803750931820272,0.0010632831333832443,-34.43862221053038,0.08225116485215181,0.005659929777322198,5.416772974866285e-05,97.18834800393567,0.7088412694578564
110_Narrow,1896470000.0,0.884617447329353,0.0008970019700596314,-34.25013713422323,0.07905092764160895,0.005686334608832877,3.7468770843605e-05,97.54278828014044,0.54897228826166
110_Narrow,1896472500.0,0.8861122836053441,0.0009435592271162959,-34.506734600123316,0.09125259562711453,0.005643002430131233,4.740720606010036e-05,96.95945706516315,0.38280964064032347
110_Narrow,1896475000.0,0.884841786724209,0.000818270694053676,-34.86171914588851,0.08709225399843973,0.0056777618232857815,6.0912091250978205e-05,96.96277984609492,0.7119920418228972
110_Narrow,1896477500.0,0.8893165409739282,0.0009025045294906717,-35.25784169338294,0.07789284851549101,0.005647801738880777,4.533556835935239e-05,96.85259325717567,0.6112117316199013
110_Narrow,1896480000.0,0.88611952989608,0.0008154699194610475,-34.990647828406026,0.10936617825510676,0.005592761436230786,8.259230342750218e-05,96.7565293470266,0.6710821211273617
110_Narrow,1896482500.0,0.886015844272316,0.0011206548019472686,-34.88459937963563,0.076935644346033,0.0055955778510335535,4.071862986674423e-05,96.84788196725374,0.7098994335910256
110_Narrow,1896485000.0,0.8846583214153205,0.0008688316024332879,-34.91250904647596,0.09770464110844981,0.005581652271168366,6.719653478303784e-05,97.11821078338463,0.4821219836910505
110_Narrow,1896487500.0,0.8881567129962884,0.0011078804930481937,-34.972948018668795,0.09852198391267951,0.005565442037373821,6.0633670026303585e-05,96.94950094477613,0.820816841391815
110_Narrow,1896490000.0,0.887319716919782,0.0009286653465882676,-35.278367755420334,0.1226868220122244,0.005549573943826543,6.975735000045332e-05,96.78990379921396,0.5186018666488759
110_Narrow,1896492500.0,0.8899309536064552,0.0006698694549474667,-35.12873370989789,0.06778529848212496,0.005578561941179199,5.841801506498249e-05,96.73617444804717,0.7795720288779462
110_Narrow,1896495000.0,0.8919322669821047,0.0007842596313461064,-35.256667321300974,0.0736153462791156,0.005496113520587228,6.307509684693409e-05,96.61060883491842,0.37982018931304845
110_Narrow,1896497500.0,0.8885510540323518,0.000756995808962241,-35.24879859941925,0.0741332655713457,0.005540167510861609,6.457457715336406e-05,96.23531834541288,0.45967940420540765
110_Narrow,1896500000.0,0.8935194652638414,0.0006098492690578855,-35.14262995690023,0.06220087218487875,0.005490272546026072,6.763196484854038e-05,96.4990073812974,0.5928485475380724
110_Narrow,1896502500.0,0.8926328038290914,0.0008439282605991,-35.61988303796678,0.08577033421642505,0.005466633296728575,7.4509374557358e-05,96.07084154421646,0.8308541976495919
110_Narrow,1896505000.0,0.8925039360876521,0.0005343364504270145,-35.5186170535861,0.05847153372339166,0.005477579070121695,6.100550629337601e-05,95.95532229708694,0.5944929863588099
110_Narrow,1896507500.0,0.8934972400916985,0.0007812412035376871,-35.50107796224229,0.050511955921025614,0.005484099725119093,6.021470376013277e-05,96.33392952112865,0.44030229975933577
110_Narrow,1896510000.0,0.8919459969876731,0.001000992411726451,-35.64658737032923,0.0908433163242712,0.005434511268238393,6.904556133333622e-05,96.23365485080211,0.4029886628083343
110_Narrow,1896512500.0,0.8969755774942322,0.0007384098470218796,-35.63586112198325,0.06478208834584408,0.005441655383968693,4.001278019097581e-05,95.94201732951902,0.6651247027883677
110_Narrow,1896515000.0,0.8963806965853588,0.0005565717372624394,-35.73218790874972,0.07308810700336986,0.0054143868161613,5.4945076591379916e-05,95.78292574796488,0.37721077451586205
110_Narrow,1896517500.0,0.8917543714226834,0.000908434711437863,-35.75679182996567,0.0786630573132004,0.0053673524452549715,4.836297268732958e-05,95.82930859147774,0.5168083962244141
110_Narrow,1896520000.0,0.8946081580577716,0.0009675369261849715,-35.895616226505055,0.07013283788964854,0.005389396888462482,6.478123577669111e-05,95.93598821978951,0.5184365067483093
110_Narrow,1896522500.0,0.896515473813579,0.0009973611937452755,-35.86841985949041,0.058506823488050815,0.0053627889268865435,4.7267536408770687e-05,96.0669453945446,0.4151772559859065
110_Narrow,1896525000.0,0.9009420396004091,0.0007431472914716555,-36.016203445666086,0.08859029417169813,0.005374040301173167,9.320483985704143e-05,95.55393189137197,0.7636771900185526
110_Narrow,1896527500.0,0.9004406729394147,0.0007441224126791775,-36.08914547175857,0.06691458175238098,0.005368345055455884,7.443604445024546e-05,95.84618292738666,0.46741604900178485
110_Narrow,1896530000.0,0.8989356482155288,0.0008807680094123438,-36.08468629241421,0.05820203777285196,0.005351694059871269,6.077719021046854e-05,95.06257969294052,0.6342947755825603
110_Narrow,1896532500.0,0.8991601384543412,0.0006208773779556096,-36.19622587768598,0.0742319258960256,0.005339635744653242,5.0355261068273196e-05,95.40438787026429,0.5326695065317789
110_Narrow,1896535000.0,0.8976922640914047,0.0007829966265352593,-36.08343940723035,0.053129605000257096,0.005315576942040408,4.9532910863645305e-05,95.25665072268396,0.8302230078635235
110_Narrow,1896537500.0,0.8973600413948417,0.0011483034503807154,-36.20322854836629,0.0376902156267744,0.005311151305582279,8.005742864004542e-05,95.13274151081515,0.4226291256487342
110_Narrow,1896540000.0,0.9022117005724017,0.0005815465604033073,-36.508177649663075,0.07788071523809319,0.005301266948006775,7.395752002672989e-05,95.09752672795864,0.5201741278763504
110_Narrow,1896542500.0,0.8990751033306126,0.0008622189335500974,-36.34840250007492,0.046886949141073275,0.00527400419247121,5.467481916040273e-05,95.12766056359062,0.697674527151353
110_Narrow,1896545000.0,0.8990409256704319,0.0006807926846865475,-36.385971355283786,0.07329292526202255,0.005254090990318107,6.156208131314311e-05,95.53915459820422,0.6576524371275542
110_Narrow,1896547500.0,0.9016474651506026,0.0008211198216787115,-36.3989256923369,0.06030951286113234,0.005270592552289015,4.593454118040091e-05,94.91131053944727,0.6053487900414564
110_Narrow,1896550000.0,0.9024367388308838,0.0006093701407680462,-36.392042290792205,0.0715309358728201,0.005277661326537531,4.4182665788814866e-05,95.15557140580202,0.49363886863859874
110_Narrow,1896552500.0,0.9002923700390686,0.0007920087319912919,-36.483499871623536,0.04959622942043165,0.005217781672356332,4.848024665378234e-05,95.06586855926562,0.7942457113723338
110_Narrow,1896555000.0,0.9059029293701322,0.0009854034185526077,-36.62716898783567,0.06815211988697316,0.005223528167370396,7.173040811636139e-05,94.96201519423614,0.707040757915577
110_Narrow,1896557500.0,0.9046146181423255,0.0009130310514460219,-36.55131262258673,0.05086516435710854,0.00524285812884922,6.645400083625428e-05,94.80391690298661,0.49385121991262987
110_Narrow,1896560000.0,0.9060742030144409,0.0009892579180161543,-36.95337130622274,0.06494755288039719,0.005195113149412977,5.796216068286599e-05,94.51969606776544,0.6761562469329118
110_Narrow,1896562500.0,0.9082450312831142,0.0006052008410651887,-36.670244488373754,0.0352304923053543,0.005202468569339803,6.479907241478755e-05,94.9787932160698,0.6644165085186183
110_Narrow,1896565000.0,0.910555298248996,0.0006972529867745073,-36.74254274882886,0.04913833322701774,0.005187122780116607,7.397021846969787e-05,94.79866924975472,0.730643320283777
110_Narrow,1896567500.0,0.9026411193619004,0.0006504661508918581,-36.941454969234805,0.05378966287670127,0.005174641459538471,5.816799468546673e-05,94.30432475174167,0.5578700493427764
110_Narrow,1896570000.0,0.9099084353786443,0.0008537780723020953,-36.94205553664289,0.06731172308544965,0.005143416084678387,6.0650434281347514e-05,94.63450050439477,0.639694345070095
110_Narrow,1896572500.0,0.9095919162069308,0.0010838698559301576,-37.08107345021757,0.042132683449455074,0.00514073403127667,5.803067890405527e-05,94.37016725342829,1.2398983224531341
110_Narrow,1896575000.0,0.9065657586328364,0.0007025876608709402,-36.923770566873465,0.05422918276448252,0.005087146487068364,6.829925717892298e-05,94.41308930092484,0.4336084827914627
110_Narrow,1896577500.0,0.910816452964228,0.0007803844299076991,-37.29456873201905,0.06567545555936388,0.005109452759582653,5.697889932175373e-05,94.27725250306041,0.5343606403102629
110_Narrow,1896580000.0,0.9067634969046802,0.0007380272807722548,-37.50792885259856,0.052465895590058195,0.005089264517045771,6.217757194061687e-05,93.90953080825119,0.6203700906586525
110_Narrow,1896582500.0,0.9092169690291811,0.0008365352090674802,-37.18111103386026,0.058072140873508885,0.005102698805553649,5.200004553186999e-05,94.0383748029846,0.38363157842381246
110_Narrow,1896585000.0,0.9161283148382213,0.0007332732992572361,-37.468222218691146,0.045102685767355655,0.0050882936972894525,4.5970214223577424e-05,93.89875930982002,0.6597812411197903
110_Narrow,1896587500.0,0.9097507472188437,0.0007321558551059581,-37.64495939526659,0.05263319732246867,0.005049697218790131,5.26387968078529e-05,93.88128903506919,0.37675534943486066
110_Narrow,1896590000.0,0.9092286991172583,0.0006331784788954773,-37.21508917061004,0.03812326358266269,0.005071466304176754,5.994142108209094e-05,94.74231591130354,0.6096159010233424
110_Narrow,1896592500.0,0.9106399593559658,0.00048038951972881664,-37.637645412019936,0.05460447419203174,0.005024251281592647,6.255174190897604e-05,93.79215189443553,0.6283973286319487
110_Narrow,1896595000.0,0.9142518539481476,0.0005871081180884757,-37.765907345801146,0.049557586488404866,0.005048103365792394,9.074353944361538e-05,93.29675535216622,0.6782730141648353
110_Narrow,1896597500.0,0.9132308500176316,0.0006089991231056455,-37.63756096057516,0.07593097433943286,0.005021144125410663,7.202848266385402e-05,93.68564519208921,0.8488325023172074
110_Narrow,1896600000.0,0.9110774177257069,0.0008450684509577614,-37.67830264548114,0.05269722137569217,0.004964275083142901,6.117181362228363e-05,93.92942167888481,0.8194740587909629
110_Narrow,1896602500.0,0.9077670896407938,0.0009766749679907033,-37.9632823727869,0.062487116900975845,0.004996247767349536,5.229330483949953e-05,93.66238696914628,0.4489522229649094
110_Narrow,1896605000.0,0.9116421165439987,0.0009992577324377428,-37.798295831660006,0.04405394309643711,0.0050246950947227,4.60183193510038e-05,93.60539198355823,0.603204995962875
110_Narrow,1896607500.0,0.9145431872195512,0.0008869699214665369,-37.93520581088575,0.06918456188943767,0.004999706883490439,2.858518113811477e-05,93.68857550448004,0.8505555174799331
110_Narrow,1896610000.0,0.9176087352152816,0.0006840676107791126,-37.91195794739057,0.062290667686333685,0.004969344664682766,8.616342697452484e-05,93.15355707392776,0.645669052357485
110_Narrow,1896612500.0,0.917854068976231,0.0009100370343510545,-37.85358789351948,0.06554953960858308,0.004979826861169566,6.423731402696704e-05,93.46852740954448,0.6235621551672161
110_Narrow,1896615000.0,0.9226366629042206,0.001024326927766654,-38.101461250681034,0.06729081696502422,0.0049770175699859935,3.67806379216329e-05,93.10849201895434,0.6474913824373713
110_Narrow,1896617500.0,0.922654096440622,0.0008793798420831911,-38.155032407937824,0.06694380743893817,0.004950771815934169,3.444829133905401e-05,93.34507155414207,0.7913925349966735
110_Narrow,1896620000.0,0.9184954779588527,0.0005806553636935979,-38.268451107067875,0.05665064954939018,0.0049173002891868675,6.770896160272066e-05,92.90454252807521,0.5716140186436344
110_Narrow,1896622500.0,0.9171603333347131,0.0005914318408633619,-38.31593145914637,0.05489608400794344,0.004896827939426097,4.142054865030689e-05,92.53782822970112,0.7188764292734509
110_Narrow,1896625000.0,0.9171381434126822,0.0008254133707365478,-38.09808573312447,0.07508748814175017,0.004904835800327341,6.99321824940669e-05,92.68394521661057,0.9081970525207509
110_Narrow,1896627500.0,0.915811649006735,0.0006388428110722455,-38.4427201244973,0.06446055774105734,0.004930382653312666,3.5778024715579594e-05,92.79674387589503,0.8577612301446278
110_Narrow,1896630000.0,0.9181338317538165,0.0007245868770843906,-38.17037315535214,0.08186564099280448,0.004896712509180399,5.0731499758539727e-05,93.29054796078945,0.8926149067472842
110_Narrow,1896632500.0,0.9177958563776178,0.0003742137400245705,-38.1978701019481,0.0887687382667663,0.004871326364873032,5.756389712145067e-05,93.04306037701873,0.7708405573718365
110_Narrow,1896635000.0,0.9233587041034406,0.0007590241548769312,-38.41558614680445,0.0889628133408964,0.004859245438259935,7.513263964791043e-05,92.74342797125038,0.6019872912940116
110_Narrow,1896637500.0,0.9192825051184133,0.0007151054585301104,-38.46166732237122,0.06269871221501962,0.004872302712534872,3.5110978022877163e-05,92.83588208322108,0.6935160607757318
110_Narrow,1896640000.0,0.919654345432948,0.000752425937572421,-38.77545864309262,0.0263593104607761,0.004829130936943681,6.160152372561363e-05,92.18846512028622,0.6054028450973419
110_Narrow,1896642500.0,0.9244944456037884,0.0005965984427064243,-38.34196942364654,0.05697462869385453,0.004865972240145062,3.20601821356458e-05,92.72057299764718,0.48550639440755655
110_Narrow,1896645000.0,0.920377826248497,0.0008594392279438223,-38.78952599913268,0.05941831134081331,0.0048329221017790695,5.70236144779104e-05,92.50857192836627,0.8701456932312149
110_Narrow,1896647500.0,0.9210662759870559,0.0009412823370371327,-38.83956437076019,0.0594641298131096,0.004833835236326429,6.267213395892334e-05,92.46171983422693,0.4799018972527984
110_Narrow,1896650000.0,0.9222063964792984,0.0007784628647186358,-38.56149132991268,0.0496576121669312,0.004817189989611009,5.5405318197261416e-05,92.59904992205323,0.7001893640159728
110_Narrow,1896652500.0,0.9225874598330718,0.000571895116392852,-39.00377577481177,0.09382272457304038,0.004767713540129325,6.538292545443894e-05,92.2026387282575,0.6744543394358707
110_Narrow,1896655000.0,0.9262835933834608,0.0008069757786609738,-38.849364927560046,0.07392940376695907,0.0047927423962955094,3.245344239698644e-05,91.9288220335329,0.7367754532565218
110_Narrow,1896657500.0,0.9255537528565773,0.0008910507958644698,-38.66996848097386,0.06098720736350586,0.004805201406919167,2.983481085674501e-05,92.37103910629197,0.8870412465924142
110_Narrow,1896660000.0,0.9236247333900344,0.0007783116608244758,-38.73111207253137,0.06998470329890322,0.0047440177712822565,9.738541925355415e-05,92.09223610382242,0.6531461103557059
110_Narrow,1896662500.0,0.9274427463868181,0.0005993901205193816,-38.99936302729853,0.05503871352063502,0.0047321860634611185,5.193769726071103e-05,92.0944761513881,0.4975258569966838
110_Narrow,1896665000.0,0.9235929967643894,0.0008659493672420253,-39.178816236889766,0.07839161798460988,0.004769371953288849,6.140911875101745e-05,91.99042314647836,0.9338454185014713
110_Narrow,1896667500.0,0.9241118746650923,0.0007499471235191044,-38.96346207552273,0.05581154646271514,0.00469671783178673,4.287771399188263e-05,92.47043643922738,0.4082175778020917
110_Narrow,1896670000.0,0.9297680540534974,0.0005519461087711401,-39.17027989690417,0.06803312881065655,0.0047215277940767355,4.821052035146527e-05,91.8760795038295,0.784181661163878
110_Narrow,1896672500.0,0.9268530259948823,0.0008183617219753359,-38.943700676722585,0.08016486043170092,0.004733046810741279,7.218798862707821e-05,92.32770499371895,0.44092706972264395
110_Narrow,1896675000.0,0.925649144085072,0.0006457378569120741,-39.21121131456686,0.0631289179414356,0.004709206976225154,4.490142869138896e-05,92.2043713369671,0.7207930335883077
110_Narrow,1896677500.0,0.928447618601405,0.0008492097372742078,-39.22332580216269,0.07802356725675895,0.00469947673716641,5.581504721002235e-05,91.21538522478744,0.6562291251415815
110_Narrow,1896680000.0,0.9233379203464013,0.0005816802361463723,-39.28392625175651,0.05382221555283333,0.00467071771458382,5.311695051332849e-05,91.65533886358548,0.62143194702747
110_Narrow,1896682500.0,0.9280905190676592,0.0007202882292669301,-39.23391800468497,0.06549964929114392,0.004676335247214776,3.394274974661876e-05,91.74220207769139,0.7259168708710927
110_Narrow,1896685000.0,0.9276841734743236,0.0008475778127382222,-39.60114080551467,0.0798998009512984,0.004704064847490113,4.135448617818802e-05,91.23404923047798,0.6554008195195355
110_Narrow,1896687500.0,0.931801150553561,0.0006799821950144939,-39.236656314242495,0.07039512051400235,0.004657269105448598,7.358034589058136e-05,91.5659622876218,0.9758425663292656
110_Narrow,1896690000.0,0.9283929941368189,0.0010198506352460629,-39.63168035112071,0.07655038481305781,0.004645650507452181,6.998422796987243e-05,91.49087192252853,0.45853583702985934
110_Narrow,1896692500.0,0.9310894656933217,0.0009355058766141412,-39.16697478569103,0.08514867040909235,0.0046435733482221115,6.175347674774874e-05,92.0128972535852,1.122814386865012
110_Narrow,1896695000.0,0.9300356135325301,0.0011750829691065307,-39.73837941690604,0.10365362321071579,0.004645428293753135,5.1266617731279086e-05,91.23963085130121,0.8921392658583147
110_Narrow,1896697500.0,0.9328355080404824,0.0008374520302103537,-39.22429924110964,0.06647291561608888,0.004650239009824821,7.714269856327994e-05,91.53077244294974,0.818254662841933
110_Narrow,1896700000.0,0.933945234551024,0.0005423964468905978,-39.504615717747555,0.07000761924990143,0.004602749401489566,5.7027817443467186e-05,91.44232150164554,0.8760039134937866
110_Narrow,1896702500.0,0.9310767016060542,0.0005470484678245636,-39.87742987409231,0.07609504118556575,0.004633235141627891,7.004240319031682e-05,91.42995776003575,0.41479529222515593
110_Narrow,1896705000.0,0.9330608293323354,0.0008635721498778028,-39.6270365770748,0.05999406951046055,0.004577833881793171,4.7636408144014844e-05,91.36158540121635,0.3732376678399434
110_Narrow,1896707500.0,0.9384111075641981,0.0007224478287839843,-39.664960767495934,0.0675931536836141,0.004579523426884185,8.78105759112727e-05,91.23321041431886,0.659330717756974
110_Narrow,1896710000.0,0.9316182644414303,0.0005776505025511691,-39.82292422454789,0.0447842905637209,0.004557543456289251,4.636654578038439e-05,91.11208690427917,0.5049919227468789
110_Narrow,1896712500.0,0.9376151171212542,0.0006628640834136922,-39.80693358499938,0.05187803553086765,0.0045872328468708114,6.978639310992318e-05,90.88142060037111,0.8134543057928587
110_Narrow,1896715000.0,0.9370093433025535,0.0008636239039325898,-39.88359157525968,0.06226616029053901,0.004589192515612972,5.371490958994024e-05,90.73924998162899,0.5806815469239103
110_Narrow,1896717500.0,0.9317283018037312,0.0008407026965849776,-40.129483453434915,0.08026922130772196,0.004540804719582679,3.694524881072874e-05,91.23914017778368,0.5128650224471887
110_Narrow,1896720000.0,0.9362099454873122,0.00046890808396954673,-39.9829068620238,0.05036878336735157,0.004545603957696463,4.978344829844708e-05,90.5676352568114,0.7785819888525015
110_Narrow,1896722500.0,0.9349232126214302,0.0002982474959776452,-40.1505548714737,0.06919323773275912,0.004513039502443088,8.928706131842569e-05,91.00418960051522,0.832912483022833
110_Narrow,1896725000.0,0.9362186576371835,0.0006736220810980979,-40.02918852082789,0.03486916576383154,0.004543225650721485,4.9400641079390624e-05,90.7787993228078,0.5451915754015747
110_Narrow,1896727500.0,0.9384873403675902,0.00061821915513934,-40.17546819830518,0.06315584998076142,0.004529295542107686,6.0939660032410895e-05,90.84484868255531,0.7224716786782586
110_Narrow,1896730000.0,0.9357450470493182,0.0005740691671748312,-40.354402959438815,0.0481960157850246,0.004479649326019874,4.2829463948361485e-05,90.60262496777658,0.8423977371509818
110_Narrow,1896732500.0,0.9353908568224308,0.0008647607939355574,-40.342055073636494,0.054552396009157136,0.004495887963915425,7.845336680746333e-05,90.77625238735796,0.6278569858126745
110_Narrow,1896735000.0,0.9338347657761334,0.0009545714350720745,-40.16794710233332,0.053544190349617035,0.004472290051439642,5.7957935046876116e-05,90.38010092778873,0.7003003527736026
110_Narrow,1896737500.0,0.9380112805903617,0.0006212420190705668,-40.25429473025852,0.06674498060976404,0.004446049918179145,6.141725009079139e-05,90.39364934835375,0.9201268492801261
110_Narrow,1896740000.0,0.9397916296086405,0.0007500972204242738,-40.44492839260473,0.04746575176373627,0.004502908131871111,5.44840180706434e-05,90.37699830920866,1.0021856803691305
110_Narrow,1896742500.0,0.9411679714801489,0.0006353700682134158,-40.25925628645089,0.07205929400081035,0.0044801580600696824,5.166604068369705e-05,90.77604233369195,0.9497960333092111
110_Narrow,1896745000.0,0.9380823311290234,0.0007325650774204492,-40.39016689482076,0.06114816583995838,0.004458550523002919,6.203450085499039e-05,90.3057657034457,0.25639247036729446
110_Narrow,1896747500.0,0.9386261748565708,0.0009154342882774642,-40.57167743643437,0.05787683733824148,0.0044095187698075375,5.229018424163282e-05,90.09459280361862,0.900741476667354
110_Narrow,1896750000.0,0.9366446130968211,0.0007972661330168247,-40.465536046730634,0.03453854099292444,0.004469240568337457,6.792378919998169e-05,90.48462425487685,0.8502705832199842
110_Narrow,1896752500.0,0.9423003246640206,0.0006932070465712303,-40.428472853676084,0.05926580136263204,0.0044295688283772176,6.619774025652275e-05,90.42633370553224,1.0546282290442837
110_Narrow,1896755000.0,0.9405083269445343,0.0006351549941531011,-40.608813624773,0.043432728960300634,0.004441176895043605,5.0345464258388135e-05,90.23506945411147,0.7144867364172782
110_Narrow,1896757500.0,0.9371765821180709,0.0007209274612058011,-40.71720850475203,0.032351734832146525,0.004431763510201036,6.368445871228309e-05,90.21710284094439,0.48471865596794816
110_Narrow,1896760000.0,0.9372808079413206,0.000977272062647817,-40.74940591320337,0.04562604899975249,0.004399872957556879,5.673311328030198e-05,90.25045346414107,0.834049514737137
110_Narrow,1896762500.0,0.9422699388160124,0.0008218280799476503,-40.853687904073766,0.06020525399433288,0.004399090470595548,7.953703709089875e-05,89.93968159911743,0.5127816876277578
110_Narrow,1896765000.0,0.9395149833562081,0.0007477821061558767,-40.754783073916364,0.052626649173351976,0.00438191896716775,5.1508133077133984e-05,89.78050004519436,0.5660334962782972
110_Narrow,1896767500.0,0.9447852231782288,0.0007821576922463539,-40.5995026592905,0.05701676107238198,0.004375034769872203,5.045433037606326e-05,90.08440280024035,1.1264453275316635
110_Narrow,1896770000.0,0.9351782946167021,0.0005356615093252478,-40.54615663603214,0.05650455031368852,0.004355663324605152,4.247251180932078e-05,90.30993692474104,0.707238905422658
110_Narrow,1896772500.0,0.9428132880063603,0.0006310948577706208,-40.61709938120444,0.05967581660159705,0.004348219544156202,5.36509829479761e-05,89.98400789880175,0.7950245549738307
110_Narrow,1896775000.0,0.9459692881158093,0.000918798045254105,-41.20466853089542,0.061897812476656246,0.00432229920833015,6.394588789617292e-05,89.66773467453751,0.796391544363412
110_Narrow,1896777500.0,0.9406968427718259,0.0004059310992689241,-40.70206562832041,0.062138500768634634,0.004323356549242184,4.861996407915913e-05,89.80534470767839,0.8462406427822904
110_Narrow,1896780000.0,0.9448833732605709,0.000618031774554623,-41.32555313884717,0.03345120496965968,0.004324978524896215,7.491942037432013e-05,89.40865323816536,0.776677715516041
110_Narrow,1896782500.0,0.9406633051975846,0.0006495022899516427,-40.6594638314008,0.056612126842767396,0.0043021333265660655,4.697181408191971e-05,89.84080928477134,0.712954389943581
110_Narrow,1896785000.0,0.9446677400500914,0.0006696437312050864,-40.969444161742594,0.050392980783266636,0.004339555291834817,5.145056421239528e-05,90.00550337399308,0.8096836858648053
110_Narrow,1896787500.0,0.9488409641017942,0.0004611012161505041,-41.18293069689357,0.056614148564765966,0.004326280287115298,4.974219448736418e-05,89.86723000810753,0.4434162305297318
110_Narrow,1896790000.0,0.9500766101894794,0.0007650347853403914,-41.14962747368929,0.0436185938911619,0.004311692431459855,6.476954213622545e-05,89.892919506134,0.7433479089423539
110_Narrow,1896792500.0,0.9490807812819956,0.0007956472777719227,-41.52920570809731,0.04143130042145776,0.004288432760294148,3.7866473315294015e-05,89.86486654262221,0.6768343660457175
110_Narrow,1896795000.0,0.9435697031702096,0.0006695169793135717,-41.451612572441235,0.05655675980919022,0.0042507665118433095,4.763991033972423e-05,89.4373119294084,0.6898692427772313
110_Narrow,1896797500.0,0.9468640918197975,0.0006583537352168516,-41.43393921432217,0.07290279522842029,0.004280473761019998,5.0870038290504474e-05,89.75251843073895,0.7980938732798719
110_Narrow,1896800000.0,0.9450207169732067,0.0004896667640321063,-41.37307208622212,0.0398961316589194,0.004271547926876416,6.55618872777582e-05,89.39846548230264,0.9327259950360497
110_Narrow,1896802500.0,0.9439863294652049,0.0006313069085428684,-41.76790999344716,0.05012688279511269,0.004229254242236909,2.520847348619334e-05,88.74908818481717,0.760836185102192
110_Narrow,1896805000.0,0.9436472498292213,0.00032332315884327543,-41.520299510617754,0.03243884459868353,0.004227084386924606,3.184959656037155e-05,88.94048829592393,0.8220420439035395
110_Narrow,1896807500.0,0.944686888706093,0.0005402141477163035,-41.63177601843993,0.06073996142230328,0.0042180818621221,7.17443372843472e-05,89.24556370803305,0.8651270399528973
110_Narrow,1896810000.0,0.9497897424797693,0.0007693369067795099,-41.65944687388422,0.04002246199896274,0.004220392983424655,5.126569927535326e-05,88.83317412311017,0.8958980016929534
110_Narrow,1896812500.0,0.9440733654319833,0.0006665287098457402,-41.47801506406348,0.05300045650389329,0.004218578690346672,4.970109888258663e-05,89.06054114530068,0.84883815823427
110_Narrow,1896815000.0,0.9446582793515877,0.0007525067929296585,-41.51014295791351,0.05746339667749461,0.004186090797112003,4.4830404931176754e-05,89.3027295832428,0.609728550737135
110_Narrow,1896817500.0,0.9462974427965952,0.0007170519264178001,-41.787025469352194,0.06125083841124177,0.004205991371811813,4.2093519357809124e-05,89.20739876173592,0.6102305466718311
110_Narrow,1896820000.0,0.9506078626091539,0.0008329450187789711,-41.96731867256187,0.04419649322722691,0.004210790393886823,8.277871688073811e-05,88.6154943606552,0.9458660454879948
110_Narrow,1896822500.0,0.9466895682896777,0.0007035641422380107,-41.70539149172361,0.050421062731562966,0.004223277293666957,3.134385099854799e-05,89.6832022037303,1.1143868928355936
110_Narrow,1896825000.0,0.9488779461129574,0.0008415714238225068,-41.64179014513509,0.06299793827153967,0.004180282031148097,5.88163953292102e-05,88.78907619860163,0.9171961393550979
110_Narrow,1896827500.0,0.9505124404525809,0.0006262945171023926,-41.604367732489784,0.055503686210222794,0.004201543695164372,4.539445561644023e-05,89.35895963727067,1.0816678261932005
110_Narrow,1896830000.0,0.9498100203931187,0.0005782996786761495,-41.427713107087534,0.05501122409717608,0.004159175302986734,5.597517576425101e-05,89.18782474059046,0.5711284538874732
110_Narrow,1896832500.0,0.9515745179770284,0.0006996682707928298,-42.04757803388892,0.04584044105080418,0.004154604439414307,6.878208714835734e-05,88.56109260925581,0.8486014866836082
110_Narrow,1896835000.0,0.9523548910491894,0.0006588748391288309,-42.083188988211475,0.05859235559913578,0.004185947714895737,8.636526041525447e-05,88.4991362395067,0.9037402113661831
110_Narrow,1896837500.0,0.9522555576911209,0.0007708702975555838,-41.972010120665864,0.05138638445729899,0.004160349173972693,6.160270831605728e-05,88.41052967296031,0.867503762163106
110_Narrow,1896840000.0,0.9484814640354791,0.0005287213957800175,-41.91055281161968,0.05788120635538064,0.00413851634165413,4.6801340581545925e-05,89.2445904209396,0.5469566693811256
110_Narrow,1896842500.0,0.9544832375198216,0.0006366546293736755,-41.831273921779896,0.05587717335332724,0.004173366304221938,4.580622851991968e-05,89.1777346455129,0.9272265808651189
110_Narrow,1896845000.0,0.9506663752162646,0.0005511418876197686,-41.95624413254584,0.049904836084623906,0.004129957567643799,6.437187209000856e-05,88.53240808605383,0.7839394569027047
110_Narrow,1896847500.0,0.9514886802400084,0.0006709962404026865,-42.00852967527966,0.0546956287875363,0.0041124583554797475,4.96282323882932e-05,88.9685830210816,1.049134900278227
110_Narrow,1896850000.0,0.9462616078770908,0.0009161458732780377,-42.08074787850991,0.06441356244295315,0.004088280154289063,4.271792458464872e-05,88.5153281822205,0.548262536213516
110_Narrow,1896852500.0,0.9532656318371372,0.0006044999392026683,-42.15849313969319,0.06292520805310668,0.0041130623759503175,5.62368131244199e-05,87.9670424294865,0.5112302325546695
110_Narrow,1896855000.0,0.9549351358044783,0.001022995675325781,-42.264652409253124,0.04796259648601688,0.00413658419357334,6.0335580871767926e-05,88.26667456290762,0.4188861106630486
110_Narrow,1896857500.0,0.950715533662869,0.000765614927915512,-42.23612671173761,0.05543560861107642,0.004074335286827857,5.423857381355044e-05,88.64017204951256,0.5645987961097555
110_Narrow,1896860000.0,0.9498491686922954,0.0005040091178629756,-42.17474621021433,0.06956246064698006,0.004087726423948677,6.23144159447637e-05,88.4919594340826,0.8839683614597004
110_Narrow,1896862500.0,0.9498276316033349,0.0006186124394252822,-42.460142090198154,0.06201521366556845,0.004078500927985787,4.4512753518404516e-05,88.21799000876771,0.7051606519740394
110_Narrow,1896865000.0,0.9542205291415008,0.0005741189524530561,-42.28696525998221,0.07319035306957705,0.0040727217038038326,7.515618064622435e-05,88.5806368393203,0.9490066251554959
110_Narrow,1896867500.0,0.9522251846475974,0.0007449884923490173,-42.3552994513493,0.054534395799980255,0.004073436043213757,7.44220766772471e-05,88.502633832553,0.7639006621642775
110_Narrow,1896870000.0,0.9533905619932972,0.0007351545646262373,-42.519103453985,0.0665281681519731,0.004065366537665889,4.733201741014925e-05,87.67537876930913,0.9920063682605009
110_Narrow,1896872500.0,0.9546458510807543,0.0004096496906896214,-42.52555863254984,0.03693657555570646,0.004038795219705491,6.949141310577665e-05,88.18528962646018,0.6659631834212091
110_Narrow,1896875000.0,0.9575928762244471,0.0004607149437227189,-42.23011598285244,0.07201996942339696,0.004097566552815222,6.824079694717219e-05,88.20522110003778,0.8412443310748693
110_Narrow,1896877500.0,0.9567673595754381,0.0008761978327972345,-42.545832203263664,0.0707784088722495,0.004040190844059452,6.176899744236241e-05,88.82334505402953,0.73012680816142
110_Narrow,1896880000.0,0.9546312584463902,0.0006880473533078551,-42.59584123505958,0.048351416543636117,0.004047583343244477,4.855764264381696e-05,87.69877824241185,0.6550890706393308
110_Narrow,1896882500.0,0.956280449558147,0.000778199754483855,-42.60304000369038,0.04309469955092474,0.004034138787877041,5.200125247145397e-05,87.88348373115107,0.48539980174982095
110_Narrow,1896885000.0,0.9572075872205063,0.0006733990659404161,-42.500619307283635,0.050323770878753483,0.004025334357984842,7.296556453912547e-05,87.91529314966539,0.516604470202194
110_Narrow,1896887500.0,0.9546215581457436,0.0008097966935633608,-42.57113709860476,0.04755642171530657,0.004024051481126541,6.716622671877735e-05,88.13692061655343,0.5963380857233893
110_Narrow,1896890000.0,0.9563779436623531,0.0007147967783585384,-42.519644805662324,0.0628071700149482,0.004013741425776695,2.9337390635634304e-05,87.81668029243497,0.4327609999468476
110_Narrow,1896892500.0,0.9578077489281047,0.0005432036279179264,-42.79946166749968,0.09173646599361962,0.0039889427396453715,6.83878783055306e-05,87.75826207324275,1.0057750910722894
110_Narrow,1896895000.0,0.9559849287246238,0.0006396023772538966,-42.97173007081513,0.05653179031241879,0.003964409179347952,4.207417259568797e-05,87.36918554153166,1.1056718589969354
110_Narrow,1896897500.0,0.9535657454067359,0.0007697349438361421,-42.968351782262275,0.04942384589326683,0.003962761733089215,3.716735014589832e-05,87.65111558195687,0.6359280104797856
110_Narrow,1896900000.0,0.9568227778494157,0.00040525995421134285,-42.70083808564545,0.058520217987857545,0.00398356295344011,6.049807811209394e-05,87.9746602476644,0.7112951279886066
110_Narrow,1896902500.0,0.959432972024914,0.0006036607161657997,-43.001628620367384,0.05461480674353738,0.003982522759855543,5.7472314944324046e-05,87.03066567583781,0.6089521925359187
110_Narrow,1896905000.0,0.9538503429403922,0.00045767308990026244,-42.74836819431938,0.06568257006573903,0.003952869843881863,4.476478745132027e-05,87.9756905816924,0.586633527139854
110_Narrow,1896907500.0,0.9595388483223373,0.000771526828455422,-42.813148422261094,0.03956277651106877,0.0039083761533934315,6.697495441628494e-05,87.2203617664267,0.865347203672607
110_Narrow,1896910000.0,0.9599013047679263,0.000769487212258343,-42.862137033651635,0.060105185508866725,0.003946834744217109,7.331903394661048e-05,87.27616601991096,0.9696525714763121
110_Narrow,1896912500.0,0.9591537480607436,0.0007972769592965296,-43.1092841607371,0.06277485193548818,0.003921263357021115,5.6213642217477554e-05,87.60462519560339,1.2719940626350166
110_Narrow,1896915000.0,0.9552900454904317,0.0010050624253056283,-42.92270850441351,0.05707885558062368,0.003914532230158053,7.379035632361883e-05,87.50610664721663,0.6734836124372905
110_Narrow,1896917500.0,0.9600454400890386,0.0005106886583430557,-43.15134409681284,0.05893843128936727,0.003930723384221459,5.783777364612232e-05,87.26949156505447,0.6584320662572059
110_Narrow,1896920000.0,0.9605070241733984,0.0006003463057871822,-42.80690820341487,0.062083112574064916,0.003942816309904254,5.237330846803492e-05,87.5894933172223,1.0565654364342618
110_Narrow,1896922500.0,0.9585972603201645,0.0004754735754210383,-42.95328569902746,0.055139952818806064,0.003924982016644881,5.036285060201904e-05,87.29173591309305,0.40446110654482254
110_Narrow,1896925000.0,0.9599593006755073,0.0008673002423342818,-42.89263015740478,0.05734941237668031,0.003906614705585673,6.201971432683177e-05,87.56213218692353,0.7933857867094162
110_Narrow,1896927500.0,0.9608345461928338,0.0007655922114003244,-43.24000585549116,0.07588443678402192,0.003911200162275649,4.5156317233189e-05,87.07407868622771,1.0139708072516416
110_Narrow,1896930000.0,0.9562904998970032,0.0006717370037178681,-42.95197125256566,0.02436326148921004,0.0038924845106846026,5.903913473367915e-05,87.32176887168683,1.134333349827406
110_Narrow,1896932500.0,0.9612836254689183,0.000600905922288742,-43.043401427235956,0.0783660928486408,0.003907907781213385,6.547680536279981e-05,87.23038134785573,0.9695205598058376
110_Narrow,1896935000.0,0.9594778797007658,0.0006873326272103761,-43.448382900467486,0.06754303228701217,0.003866834350642535,4.9841954261423054e-05,87.28089300661473,0.923082895497896
110_Narrow,1896937500.0,0.9586376746921842,0.0007415067504580705,-43.417235219345756,0.052740067955400725,0.0038833652905229834,4.556460915634186e-05,86.99836171455603,1.003204708648845
110_Narrow,1896940000.0,0.958530525872454,0.0009425962487943826,-43.378854213532755,0.06250389699328585,0.003858426173622638,4.481517124148634e-05,87.3768809529269,0.8711948037414532
110_Narrow,1896942500.0,0.9641479167613638,0.0006113788987918515,-43.42523694756534,0.05409535078804237,0.0038764168331323753,6.21860944294017e-05,87.12100145199645,0.7731804014946049
110_Narrow,1896945000.0,0.958069583774678,0.0008932227974016339,-43.28210195069733,0.05758363073585196,0.003812005435737331,5.204631486134361e-05,86.65120451818984,1.031677258031912
110_Narrow,1896947500.0,0.9582296026992598,0.00048279818406888605,-43.25242908030768,0.046052506631199724,0.0038578099611710787,4.638378051422335e-05,86.81903097368107,1.07480808904061
110_Narrow,1896950000.0,0.9627711479076053,0.00041005804909794585,-43.281080730345835,0.07110220169581635,0.00384044687843113,6.56747130518494e-05,87.08222224630899,0.7272153574175596
110_Narrow,1896952500.0,0.9593161924026219,0.00040643477068400604,-43.38655903130228,0.0634458116798029,0.0038619129063850056,4.7294869536082946e-05,87.42319063337763,0.6835706779890245
110_Narrow,1896955000.0,0.95904099142677,0.0005408227837304092,-43.256085743153534,0.05573193210916368,0.0038282966014004096,5.219882403581025e-05,87.40535760324585,1.1852721057324567
110_Narrow,1896957500.0,0.965485732161963,0.0008001426993013035,-43.402781480395475,0.053653433911218754,0.0038247573624864382,6.302560655661802e-05,87.23408896187485,0.9912768284285568
110_Narrow,1896960000.0,0.9685112415146653,0.0005123240732141297,-43.46324007684852,0.062272740420515636,0.0038225552938653154,2.586272040482496e-05,87.1638936483094,1.071641327101645
110_Narrow,1896962500.0,0.9614469798539917,0.0005566075013932169,-43.75229717321254,0.051131157332041606,0.0038144687431831267,6.579070961867989e-05,86.86635283670707,0.6207357303781655
110_Narrow,1896965000.0,0.966297890016777,0.0006485738056889658,-43.32313615164868,0.05240912890631229,0.0038214819553364413,4.136869833810208e-05,87.27478577310463,0.9511457015066154
110_Narrow,1896967500.0,0.9648594417429998,0.0008732065349337775,-43.36072996342783,0.06792253700491978,0.003813149989411429,8.661779811107903e-05,86.82415199973201,0.744659326602783
110_Narrow,1896970000.0,0.9642828255898629,0.000766951536261118,-43.4133506551902,0.05951692097615538,0.0038010837538549835,4.264299401429703e-05,86.99356255996769,0.6522140956179527
110_Narrow,1896972500.0,0.9640596323348294,0.0008255427021933849,-43.64641927997269,0.054619754705743505,0.0037850517700123427,4.34932236320015e-05,86.99968735534958,0.6313287346977069
110_Narrow,1896975000.0,0.9564125653064436,0.0006345604282074816,-43.738652342943276,0.027589178332392196,0.0038045035651046084,5.653002686627887e-05,87.43375095441088,0.9742110465705982
110_Narrow,1896977500.0,0.9683765692005207,0.0006675976869184583,-43.67409888278682,0.06110644791027594,0.0037641443413040728,4.900437543026007e-05,87.17644577983776,1.0869664461076098
110_Narrow,1896980000.0,0.9643843719818912,0.0004750069810703663,-43.8756722726396,0.050343165563788116,0.0037265313416917022,8.271200656484447e-05,86.74460710287934,0.990943042198304
110_Narrow,1896982500.0,0.9606869255896412,0.0008613442877518953,-43.75209945422645,0.05138225914749575,0.0037693338772870214,6.153510029642149e-05,86.53303693547096,0.593534295908435
110_Narrow,1896985000.0,0.9609561277358082,0.0007116784704206839,-43.89174817615859,0.059870262007242055,0.003721362806440759,5.641916165022305e-05,86.43303350841768,0.8359699758482005
110_Narrow,1896987500.0,0.9680162188660152,0.0006411148283564154,-44.0669665742129,0.050555210569832164,0.0037706426837397266,7.488856605899096e-05,86.20070247992223,0.5730139271788174
110_Narrow,1896990000.0,0.9664878417126639,0.0008041065248453056,-43.74416206238074,0.05693403292713372,0.0037823628510116783,6.441375703621136e-05,86.15961073732647,0.9260863034963003
110_Narrow,1896992500.0,0.9653123075529062,0.0006556390839384721,-43.94291880596252,0.0368370704507273,0.003721915411907381,3.7618974146648646e-05,86.56440556030091,0.6559478395520295
110_Narrow,1896995000.0,0.9678487169934359,0.000693872094704483,-43.90639492347484,0.05346128602998321,0.003703953645617975,6.833522117846056e-05,86.48608273857494,0.8692452958210702
110_Narrow,1896997500.0,0.9684255266863963,0.0005987470536089886,-43.983805591971574,0.055901047880342634,0.0037353055371929646,4.25524818942002e-05,86.66759746277344,0.9801368520392293
110_Narrow,1897000000.0,0.9650238746781231,0.0006442966212199607,-44.22372399556855,0.0468035160216925,0.003683120389850889,3.835482830061566e-05,86.23818108559496,0.707917988018032
110_Narrow,1897002500.0,0.9680988672308837,0.0006604165583212204,-44.1443009602643,0.05209923316303189,0.003721123345700732,6.517145553384752e-05,86.83509113014671,1.01750466478368
110_Narrow,1897005000.0,0.9655822129153291,0.0004772244025433793,-44.0551428831501,0.048323356700761565,0.003700964120839029,7.056697556258195e-05,86.0666071690417,1.0697328447144103
110_Narrow,1897007500.0,0.9671958788504181,0.0008020350953055657,-43.97628493435265,0.03623713006893679,0.0037270189736843965,3.704051406810217e-05,86.52023795921649,0.9848322475762172
110_Narrow,1897010000.0,0.9699218536833645,0.0006498139747725521,-44.090524845007714,0.06203286451410196,0.0037090312242868883,5.245536962740107e-05,86.36781517228894,1.0604838912731862
110_Narrow,1897012500.0,0.9699785136672022,0.0005475715590738612,-44.3343902763147,0.04544835150511048,0.003646541380141922,6.50716866472847e-05,85.8510853854974,0.9649362344474443
110_Narrow,1897015000.0,0.9655274888516199,0.0006758920819076042,-44.28417617281704,0.06502235231777913,0.003666933543015604,8.939671729589164e-05,86.62266377540965,0.9121124266836415
110_Narrow,1897017500.0,0.9651988901235813,0.0005742517039555696,-44.15726092500829,0.05760259533719015,0.0036598060093693805,6.643450921044095e-05,86.26350307539904,1.029061997782869
110_Narrow,1897020000.0,0.97015342456147,0.0007368853883497249,-44.4083140624769,0.04376276701114449,0.00365892870141541,3.992970387417695e-05,86.16931646495388,0.9557421802840168
110_Narrow,1897022500.0,0.9688869801025835,0.0006896230270361823,-44.29683753126084,0.05696241494538982,0.00366739447145094,6.970850957796976e-05,86.09719862377548,0.6138578040512916
110_Narrow,1897025000.0,0.9689438514099631,0.0005710287959161349,-44.13384221388911,0.06818770385285522,0.003660859163512861,4.7555754062399315e-05,86.61311359406139,0.9728673731836505
110_Narrow,1897027500.0,0.9664315115765596,0.0006103805715704008,-44.27363899792457,0.041643634657714194,0.0036452215693759415,6.71673811648926e-05,85.99709689578681,0.6148548131062643
110_Narrow,1897030000.0,0.9704949626557322,0.0006097512835034008,-44.410949575668084,0.05697271711701726,0.003654181054830125,5.0843127199465724e-05,85.66327297052632,1.3344349896451155
110_Narrow,1897032500.0,0.9715998871043158,0.000672113951290367,-44.27423577046719,0.059533785918621726,0.0036383711837941852,4.4568951920204816e-05,85.89964772103097,0.8950433211514344
110_Narrow,1897035000.0,0.9699958159695609,0.0007543004840161256,-44.36669376034657,0.053396709636726845,0.00360953410997069,7.361299990655251e-05,86.08834446620902,1.0820019458634513
110_Narrow,1897037500.0,0.9704997474989121,0.0005188336121305867,-44.60633763200558,0.06442345718030268,0.003605000095012087,2.3342621456781765e-05,85.822293429461,0.6689818929819391
110_Narrow,1897040000.0,0.9712307977725078,0.000962305347869033,-44.525144384299836,0.04175262822738229,0.0036293713774746927,7.248992304455872e-05,85.51120320897786,0.9538205497240922
110_Narrow,1897042500.0,0.9694961082863769,0.0006829972160082821,-44.43111749912965,0.0607104006869474,0.0035997043596723275,5.0830183281920964e-05,86.32452804473857,0.6771444829000208
110_Narrow,1897045000.0,0.9695798362537881,0.0007050736693094298,-44.25389725368017,0.04817556602654153,0.003596642174625391,6.0494452264013655e-05,86.2559681399136,1.1861389127743973
110_Narrow,1897047500.0,0.9715073008800894,0.0005531937495754898,-44.54668095680382,0.05127687350111263,0.003605301662991357,5.20532379277185e-05,86.18961344846436,0.6714305948081359
110_Narrow,1897050000.0,0.9672912752896075,0.0006960811364393976,-44.52812453736897,0.045298698684792964,0.0035906873109795958,4.691625156513318e-05,86.34356212183417,0.8944793010820126
110_Narrow,1897052500.0,0.9738153972550136,0.0008268841423545674,-44.75061247852171,0.03958942779967045,0.0036340355902992026,6.78936062412099e-05,86.01016068960905,0.9692866829322437
110_Narrow,1897055000.0,0.9777864962270987,0.0007436533227483282,-44.52193822467027,0.04864717139792873,0.0036013807713955125,6.006902115888814e-05,86.04769842381475,1.0892031784498555
110_Narrow,1897057500.0,0.9722572608862016,0.0005313957341677988,-44.55870552636857,0.048058592848854664,0.003592309764890399,6.364169227684578e-05,85.16646818005664,1.0500911205001902
110_Narrow,1897060000.0,0.9740402412918868,0.0006008487666318407,-44.78743990114635,0.05373475874992508,0.0035763028016712888,3.721720198625608e-05,85.13496083654303,1.2831785950686154
110_Narrow,1897062500.0,0.9704709206213544,0.0006138489014278508,-44.69962363224126,0.06732531757865422,0.0035578529624326637,5.747615292181852e-05,84.88119267839136,0.8582196147774371
110_Narrow,1897065000.0,0.9695484114062372,0.0006292954702360992,-44.73958648851206,0.03702884032729409,0.0035503523781339683,5.371713116697028e-05,85.71385370998932,0.9546390123743518
110_Narrow,1897067500.0,0.968819545055208,0.0005633693321303624,-44.898140740198926,0.040009231791986656,0.003532111125267949,4.71112385766321e-05,85.17969102710248,0.8797793561789573
110_Narrow,1897070000.0,0.9741041208677129,0.0006351269893519465,-45.054878621359805,0.02763729859708486,0.003518321079186776,7.013483680111518e-05,85.61042721310662,0.8042332297259235
110_Narrow,1897072500.0,0.9727448246950374,0.0003759076232410614,-44.83347603023124,0.05493127728285495,0.003543462621132553,4.575733506416642e-05,85.18872472322678,0.4599437833093995
110_Narrow,1897075000.0,0.9750086862228027,0.000875184435124612,-44.774901757337375,0.06781917325717834,0.0035347669343245704,4.6656665485152236e-05,85.45861679356402,1.145960321660473
110_Narrow,1897077500.0,0.9733523894362698,0.0006724417588572564,-44.74319516007959,0.04402697773702187,0.0035660678407321727,4.3264765200881e-05,85.23579106060049,0.792594105839183
110_Narrow,1897080000.0,0.9720450003226463,0.0006674503665241023,-44.91965040799606,0.04787016803542188,0.003497080821548406,4.906229373660814e-05,85.56550740063733,0.539329471536787
110_Narrow,1897082500.0,0.9749558259354807,0.0006636541551059328,-44.97961755835097,0.02501490911298263,0.003551327565072132,5.5202600587937636e-05,84.76886945425352,0.7417940766231665
110_Narrow,1897085000.0,0.9760202537975443,0.0005003261518554425,-45.119481863126936,0.05332054155685483,0.0035364017103879978,5.275942764411294e-05,85.23909476455366,1.1259376189960908
110_Narrow,1897087500.0,0.974658504980375,0.0007561267247460477,-45.087802121367965,0.04894409042493702,0.0035160000540361116,5.8208892274223416e-05,84.7015976720534,0.7939046750048006
110_Narrow,1897090000.0,0.975690799978685,0.0007990972127210461,-44.8705513098781,0.049440664119350435,0.0035257020079627016,3.6178870686333516e-05,84.7329277134988,0.8359020308415329
110_Narrow,1897092500.0,0.9749446801855263,0.0006968370030606374,-45.034374479651284,0.02951699203674233,0.003509170420269171,4.88316390330465e-05,84.89623618067718,0.6612254106143067
110_Narrow,1897095000.0,0.9779875339539744,0.000501141175038966,-45.03680695269946,0.04300686622310283,0.003540267941592185,5.953701661022981e-05,84.79948476321876,0.8878206519946523
110_Narrow,1897097500.0,0.9754014785172582,0.00047791616349284757,-44.885136500845306,0.04406150745723908,0.003543244719275189,4.96652746055252e-05,85.20509448832425,0.8578296502553003
110_Narrow,1897100000.0,0.9717170193757322,0.0006740622773873318,-45.14900529599604,0.038363503315640486,0.0035246991149184776,4.241714667803975e-05,85.40703792226356,0.6555644706189464
110_Narrow,1897102500.0,0.9817459918593323,0.000796571853108443,-45.17394668433685,0.06268266087983894,0.00350007110078688,4.8005459732717944e-05,84.92957939812321,0.39958318199554904
110_Narrow,1897105000.0,0.9736126495486829,0.0007059186589065579,-45.361360252941225,0.042668987414552204,0.003452609591260564,5.117015526278101e-05,85.90353663143901,1.1507208864406986
110_Narrow,1897107500.0,0.9768360311970987,0.0007121956544922593,-45.252457708557316,0.0369164529514582,0.003454172661553513,3.6574338124022534e-05,85.4154846236131,0.7983049766044216
110_Narrow,1897110000.0,0.9795441700665408,0.0007344627877397004,-45.435159862662395,0.04074907861455097,0.003488893970806465,7.157000939489405e-05,84.8962569620635,0.8842837017466183
110_Narrow,1897112500.0,0.9698218449707312,0.000571218703822151,-45.18658268318975,0.023898214073619667,0.003424157968324313,3.952781496652244e-05,85.01644701142723,0.9059157602792811
110_Narrow,1897115000.0,0.976419079871251,0.0005129847343101974,-45.47498956391479,0.05453593126189967,0.003427693019655125,7.432819038201106e-05,84.58906897616444,0.963059758487493
110_Narrow,1897117500.0,0.97605064357675,0.0005218289640854375,-45.32964227607064,0.040675929570532364,0.003479037589892613,5.848095196229789e-05,84.97218620177874,1.0421767997830165
110_Narrow,1897120000.0,0.9758997061021141,0.000616737829424336,-45.55301536552324,0.04766076216577651,0.00345036286023284,7.94799417207513e-05,85.41156292198217,1.0561971212766816
110_Narrow,1897122500.0,0.9788623503583858,0.0007383312247537538,-45.44393487140344,0.04031172033919124,0.003448740892127208,6.542075016938846e-05,84.99691104452067,1.293281612720568
110_Narrow,1897125000.0,0.9752117199951237,0.00042934861541559335,-45.53860115873703,0.06095230921732378,0.0034312847871324475,5.153211229890687e-05,84.47140478151445,0.7435065824985437
110_Narrow,1897127500.0,0.9763446031789788,0.0006067262770342746,-45.50415989360721,0.05436701201453285,0.0034094073822104323,6.851418139762927e-05,84.61603583021645,0.8566169938214032
110_Narrow,1897130000.0,0.9759724410126622,0.0006925002269484035,-45.205767392791174,0.04912769893223507,0.003396166465088674,4.1211096192508015e-05,85.22040187869541,0.7011768603318843
110_Narrow,1897132500.0,0.972104142174955,0.0012730737485605122,-45.43379816224254,0.03243095805333136,0.0034073125713115836,6.419533769280826e-05,85.15382093948442,1.1709147454169209
110_Narrow,1897135000.0,0.9777548728471006,0.0005819289821249798,-45.43115465175939,0.05238748955893207,0.003392106583937403,4.670241125857919e-05,84.91107147362693,1.270811714722438
110_Narrow,1897137500.0,0.9780443812695787,0.00035162967363484816,-45.51297964138226,0.04383244147692821,0.0033865956154564003,6.624862267278056e-05,84.91634938678955,0.9051862091020986
110_Narrow,1897140000.0,0.9771803671924125,0.0006787858025071131,-45.48933832611795,0.03805974853657829,0.0033970906145286473,4.873275734478858e-05,84.70251790828395,0.6822911321616955
110_Narrow,1897142500.0,0.9787294303092453,0.0006934268610290658,-45.727416857180096,0.04492206955984897,0.0033740904748707405,4.5318936478825336e-05,84.57633270062925,0.7625557096024761
110_Narrow,1897145000.0,0.9798683621586869,0.0006242217126362397,-45.65084803913003,0.06891231068968333,0.003413704747985935,7.908325059243461e-05,84.56807760358426,0.43172551212539056
110_Narrow,1897147500.0,0.9790405334341619,0.0008076922333559856,-45.78757231332139,0.045884536453653514,0.0034039326794079415,5.421770350005924e-05,84.70231147163554,0.7801872849920914
110_Narrow,1897150000.0,0.9784278166324363,0.0004123842808348322,-45.63920453875163,0.07374087985116133,0.003350460380740091,7.208299782278817e-05,84.13739769913911,0.6769617708796547
110_Narrow,1897152500.0,0.9793454558971535,0.0007493322602787492,-45.51258865487176,0.06041740018479974,0.0033850649951664698,4.6323630443848687e-05,84.3446450672188,1.1188387052780828
110_Narrow,1897155000.0,0.9794293593553659,0.000934260468872036,-45.70975623506683,0.04823477260403117,0.0033764870558194203,4.938528962900525e-05,84.75505278948742,0.9033555203240399
110_Narrow,1897157500.0,0.9816241126736064,0.0005609592566010758,-45.73506138302712,0.03721979706377587,0.003391754812977148,7.626285616948685e-05,84.86596331057265,1.1247223572005527
110_Narrow,1897160000.0,0.9761273521987858,0.0004808666974077117,-45.828554660801615,0.043879054254789863,0.0033630494632415947,3.88256197611165e-05,84.60908930562056,0.9100384564747087
110_Narrow,1897162500.0,0.9835319454013114,0.00046593532950320294,-45.860841996101314,0.03553919346215858,0.003365259100573474,6.064736211913661e-05,84.25593164522633,0.7754588072061107
110_Narrow,1897165000.0,0.9769592590708549,0.00045079031792068886,-45.799874087196486,0.04485262467573402,0.003363851188035647,3.905583527003903e-05,84.74874342842314,0.89716423522391
110_Narrow,1897167500.0,0.9793719128962173,0.0006521007356115644,-45.7393321424657,0.06267725666413787,0.0033727338598933056,5.5997612205364324e-05,84.45867647031206,0.9213123487373439
110_Narrow,1897170000.0,0.9817237992109944,0.0006479765189728974,-45.7929728017674,0.0505899788063861,0.00336375729720396,5.841431617090907e-05,84.66585727625778,0.5730892364475841
110_Narrow,1897172500.0,0.9762846059977823,0.0006715107777317498,-45.81277400122363,0.06137466640673709,0.003335190690814417,5.775160753689866e-05,84.67648520864614,0.9613781865098352
110_Narrow,1897175000.0,0.9821042929225138,0.000519470615927813,-45.917536076906146,0.029937800590798893,0.0033270642248654186,4.9225792274942914e-05,84.04290536047637,1.048438680734113
110_Narrow,1897177500.0,0.9784566595697669,0.0005458981664266719,-45.90058229832168,0.04055388435945555,0.0033468945504291046,6.597734823101042e-05,84.0132170996998,1.11435040363775
110_Narrow,1897180000.0,0.9832350186681863,0.0007311722247686333,-45.89924320829804,0.04944982025572093,0.0033381988251550035,6.393040296088924e-05,85.03106850722111,0.5617567359370235
110_Narrow,1897182500.0,0.9808952239604473,0.000371623568212672,-46.324077566962806,0.037569162385513874,0.003289438343141803,8.290948361209263e-05,84.22344772215615,0.9523831972285708
110_Narrow,1897185000.0,0.9780121584232441,0.0009030160707430343,-46.230017995406094,0.04236842205448098,0.0033240385828542988,4.7122755673114646e-05,83.9489129019502,0.8013092937405655
110_Narrow,1897187500.0,0.9802937417676647,0.0006967714720686426,-46.03355175905901,0.05285067952513396,0.0033265950042849577,5.1522860016974545e-05,84.03112115548407,0.8637481604116943
110_Narrow,1897190000.0,0.9789527839712837,0.00037137994507618,-46.171276425799775,0.04131458561880468,0.0032756768310409374,3.720115245856636e-05,84.13308138212605,0.807273312701894
110_Narrow,1897192500.0,0.9806828887796164,0.0007499446562669718,-46.158577376672746,0.05780344831022693,0.003289010537238106,5.1229579441531324e-05,84.36135361617255,0.7055329562348792
110_Narrow,1897195000.0,0.9826939959848722,0.0007664042428233645,-46.25462807743693,0.04487007814207185,0.0033070244863883016,6.600823180475862e-05,83.68769844451168,1.093538026291451
110_Narrow,1897197500.0,0.9839038987532243,0.0008456123726013311,-46.42759792676492,0.03411733401386605,0.0032916957561804024,6.436029276549867e-05,84.35522929184478,0.679317136940623
110_Narrow,1897200000.0,0.9812252982991382,0.00024797726202162903,-46.133486948029656,0.04096376761021255,0.003307503607772798,5.2734348394861314e-05,83.58656695979055,1.4750153544652107
110_Narrow,1897202500.0,0.979723342631362,0.0005665452470463535,-46.29820324364218,0.047477286644365534,0.0032453119983365903,6.939799410453353e-05,83.8138342290158,1.3719717574467503
110_Narrow,1897205000.0,0.9799034170216849,0.0006058519840974159,-46.30032286402944,0.05647463901360173,0.003280473841301304,7.591955293859567e-05,83.47411501999898,0.4585920520986948
110_Narrow,1897207500.0,0.9829742497499213,0.0007128451323464913,-46.28503004054923,0.05924638169924632,0.003232159940059827,7.25461803230811e-05,83.89529781551701,1.2635672600382934
110_Narrow,1897210000.0,0.9811361846719576,0.0005377837386790059,-46.22416293013745,0.0767782386747275,0.0032829152915024164,6.68292446333723e-05,84.36902569348082,0.8033532594480284
110_Narrow,1897212500.0,0.9797532717336463,0.0005190991321910473,-46.178932709762094,0.035796579858935466,0.0032643701709865604,6.633556462315516e-05,83.55951959826977,0.6011953099661379
110_Narrow,1897215000.0,0.9803051590659442,0.0008530515502300928,-46.09682068193114,0.04259888143101603,0.0032496924956065165,4.987426698428042e-05,83.90912607968797,0.8433232188437597
110_Narrow,1897217500.0,0.9820776868148285,0.0006966421804387227,-46.15395474830747,0.04748151435475963,0.003239621271063408,4.57130597794769e-05,83.66660906275213,1.0722035400506886
110_Narrow,1897220000.0,0.9821474604413835,0.00047160657185637775,-46.417341097666046,0.05421280781239348,0.0032273279493515335,5.817604459797125e-05,84.28161254481229,1.0095556021419683
110_Narrow,1897222500.0,0.98258796163967,0.0006303810725409945,-46.522167937898416,0.06031794479680187,0.003229433668245051,6.397907617096865e-05,83.50706447698228,0.9509935909765581
110_Narrow,1897225000.0,0.9831708144232701,0.0004370668619733165,-46.5245016159073,0.05620208868469263,0.003250573736431728,5.019174134690839e-05,83.9474154514033,0.8738556795884772
110_Narrow,1897227500.0,0.9835435140535581,0.0007005299048279716,-46.5430477450858,0.03578648474972439,0.003245735357914512,7.975085037440258e-05,84.33007449666023,0.8981583697067801
110_Narrow,1897230000.0,0.9863913559212915,0.0008508521098740243,-46.54888176495139,0.06705050093539094,0.003223357080609784,5.758139682504901e-05,83.0046007214635,1.1782462986763147
110_Narrow,1897232500.0,0.9816154270138767,0.0007038673595119073,-46.2541147805352,0.032543255993904834,0.0032418187264796746,7.700633575988654e-05,84.20111859469667,0.666662156682425
110_Narrow,1897235000.0,0.986214540603679,0.0007016681829201278,-46.442545347760884,0.037675400869258156,0.0032274572093163203,7.230960139110722e-05,84.30181059528067,1.0565846080997787
110_Narrow,1897237500.0,0.9865683518696367,0.0008657181586696993,-46.387089445618535,0.05045557495671966,0.003217840742766275,3.627377264819522e-05,84.10571650354173,1.4488254284137887
110_Narrow,1897240000.0,0.979632778269213,0.0006752961842949446,-46.77352157178212,0.02807948505864644,0.003218084163022059,5.445321811098869e-05,83.79125976931553,0.7766654203810743
110_Narrow,1897242500.0,0.983834089284825,0.0009110441782540073,-46.400695829094765,0.05043526069619427,0.0032072791197280256,6.199735196792048e-05,83.52499024162296,1.3258735738869325
110_Narrow,1897245000.0,0.983297079480896,0.0004576079495802773,-46.65240236167203,0.04574535229936066,0.003209340978430239,8.710338591912318e-05,83.62649044884327,1.099987452957022
110_Narrow,1897247500.0,0.9858389914159961,0.000681846949428765,-46.51495842742667,0.03798354481317731,0.003161431830539384,5.648970651116704e-05,83.22585401775467,0.8516951403887851
110_Narrow,1897250000.0,0.9844915340946936,0.0005541369285810248,-46.60356374649699,0.04348485860493083,0.0032003044379426597,6.750732418669705e-05,83.66442252161131,0.982916849242793
110_Narrow,1897252500.0,0.9828890139112771,0.0004998333315728462,-46.686687392593974,0.028658459504008662,0.00316520049358843,3.631381886804518e-05,83.80775376250068,0.892178613977579
110_Narrow,1897255000.0,0.9849129921439872,0.0006109372779712094,-46.8055116363813,0.03452818759162208,0.003180318103017514,6.2616676266975e-05,83.71550077579275,0.941189495819252
110_Narrow,1897257500.0,0.9842473944537702,0.0005850567525305396,-46.85528794637637,0.042007000975998736,0.0031707334615579987,7.299370521824369e-05,83.43100792925122,0.891545964821642
110_Narrow,1897260000.0,0.9855033440081833,0.0006996717170821599,-46.623874150973,0.05261181287255649,0.0031646660424236614,8.285937815470414e-05,83.61697832707391,1.1602921474236343
110_Narrow,1897262500.0,0.9874746829564428,0.00044997863907275367,-46.7954879325784,0.05641396334436213,0.003166828678843125,5.7808012967463596e-05,83.42267399066003,0.40176063552966507
110_Narrow,1897265000.0,0.9854297730846794,0.000792900143759282,-46.83370241997738,0.033730279257918806,0.0031781292085319717,6.960700069935412e-05,83.50743968173059,1.4813772698076635
110_Narrow,1897267500.0,0.9869819524627037,0.0006245777073244632,-46.707632519723305,0.0377944062816613,0.003155253945322943,8.505360920049655e-05,83.50719051263246,0.8362066740165097
110_Narrow,1897270000.0,0.9852769593148719,0.0007391499861690375,-46.82508499300866,0.06576372407310864,0.003137396596065158,6.398202944433229e-05,83.35012244531313,1.0210386033023873
110_Narrow,1897272500.0,0.9848609285090086,0.0006602736345199941,-46.77895929054793,0.03348546961375189,0.0031238592407972442,6.455308419724202e-05,83.34885522811354,1.2511230139687777
110_Narrow,1897275000.0,0.9872136301080134,0.000761402279552176,-46.92950893868002,0.041778041997116266,0.003168875194327672,5.763465397343249e-05,83.22715964387089,1.0800216241133462
110_Narrow,1897277500.0,0.9853281479672981,0.0005806078556078091,-46.57267415557415,0.03148931595393206,0.003163184423919473,7.654612010061678e-05,83.61581322452913,1.9187361711888375
110_Narrow,1897280000.0,0.982883641892889,0.0007480294999221904,-46.72095069053476,0.03220871215551784,0.003156503273486431,5.7878366702748954e-05,83.3941196043685,0.9296551508446644
110_Narrow,1897282500.0,0.9868859989554527,0.0005108641595326378,-47.009790716203675,0.025035304903860862,0.003128852405395458,7.546000979331374e-05,82.99240965165805,1.3398336819567243
110_Narrow,1897285000.0,0.9890396395376957,0.00075415856913918,-47.07680056488488,0.034389294320041335,0.003114216955783869,5.873579232659936e-05,82.97064404110459,0.7529434448150332
110_Narrow,1897287500.0,0.9900190787921084,0.0008399547969384543,-47.008247536399246,0.05642003924125863,0.0031355182644236352,4.144685304770956e-05,83.45439440442819,1.0975728931494393
110_Narrow,1897290000.0,0.9909168100683032,0.0007717367254916355,-47.03819429695653,0.051276100860866626,0.003140770968207897,5.974846101108958e-05,82.92164044596598,1.1032822335891215
110_Narrow,1897292500.0,0.9858141698722159,0.000507326905776539,-46.962121763056054,0.0417533729969128,0.003102577826739725,5.6393517120282325e-05,83.82532876968247,1.325085114778134
110_Narrow,1897295000.0,0.9853436675440875,0.0006061590771076932,-47.25568613104065,0.07033663558330261,0.0031188165025999837,5.802200052842485e-05,83.34507593892452,1.2507902227495076
110_Narrow,1897297500.0,0.987591408130005,0.00047366263890679685,-46.91981916335136,0.030758255425097504,0.0030928636943197115,4.185137229079317e-05,83.997322334579,1.4088482161445695
110_Narrow,1897300000.0,0.9889257144137172,0.0006316412550535784,-47.00564159712642,0.03322467570310616,0.0031257304119246066,6.19689364016522e-05,82.93094791415186,0.8037889999567653
110_Narrow,1897302500.0,0.9892534274228499,0.0008131809144670116,-47.25619155642046,0.041458960579905446,0.003066743439718598,5.6864445881125515e-05,82.8826910340429,0.6199434422621566
110_Narrow,1897305000.0,0.9856305238599355,0.0009075473244552032,-47.037042565820805,0.0544059721784175,0.003072604184216109,6.008828070997645e-05,82.75152808219462,0.6535460986363252
110_Narrow,1897307500.0,0.9868325281416792,0.0006395590195544779,-47.149556081036565,0.04806980174094383,0.003106989949714026,6.0365851122830704e-05,82.84048902396947,1.0643809581633918
110_Narrow,1897310000.0,0.9858495567305229,0.0008230789906420735,-47.186111055050354,0.047480794399860506,0.003084328468727237,3.475095040503791e-05,83.10424147700991,1.0987398496494305
110_Narrow,1897312500.0,0.9888668260851576,0.0003437060327956122,-47.487211458941225,0.06131650334757036,0.003059735128682816,4.158623206577741e-05,82.68271680036288,0.9394250981359318
110_Narrow,1897315000.0,0.9897173407689398,0.0007369590317700259,-47.38084684718215,0.05571727247100556,0.0030413214022315333,2.5137872214452552e-05,82.49911636293683,0.996503460585532
110_Narrow,1897317500.0,0.9898737832208664,0.0005702626362695725,-47.259979785879665,0.059492810686512555,0.003081805283927622,4.7160250655543314e-05,82.4123599788359,1.0331425836397252
110_Narrow,1897320000.0,0.9862336508773735,0.0006991127415724153,-47.1203131750146,0.054881398156019987,0.003097684572731389,6.042054527699694e-05,82.83492919093898,0.8821309268787567
110_Narrow,1897322500.0,0.9917127829735626,0.0008257968504997385,-47.24922175172765,0.046841728516792795,0.0030738744603466574,6.085860459865789e-05,83.26105192037174,1.0162042668713116
110_Narrow,1897325000.0,0.9932074422954997,0.0007201649601923086,-47.40142700024758,0.03573487364542524,0.0030696895651474345,6.074038629945959e-05,82.35352083243316,1.5714349889259303
110_Narrow,1897327500.0,0.98904981032426,0.00048069901521800677,-47.17264343792012,0.04241118522116821,0.0030832485417329734,4.910008759499575e-05,82.9040106536704,0.7550251189890376
110_Narrow,1897330000.0,0.9850737057010325,0.0004888672385172844,-47.37052893117358,0.05783951767300466,0.0030466806991788394,6.252831641217942e-05,82.71025984044067,0.9116213811731178
110_Narrow,1897332500.0,0.9888925357179696,0.0006933672766444305,-47.23952565485118,0.03693931915436524,0.003021482252478988,8.054409291430045e-05,83.13647121442641,1.0437358106917047
110_Narrow,1897335000.0,0.9853792523908812,0.0005890543187945339,-47.40674928245877,0.054453878027389754,0.0030047794734055695,6.015508807762384e-05,82.78166091244175,1.327971106832852
110_Narrow,1897337500.0,0.9904020565794578,0.0010307925710847533,-47.102735247800844,0.05263479875262024,0.0030717295175407594,6.216288108449398e-05,83.13670592252957,1.3275291273853511
110_Narrow,1897340000.0,0.9885862373859546,0.0007663795795808434,-47.232607986606574,0.02612558831135354,0.003040893719683263,6.898178255196985e-05,83.90353502442714,1.5563722044908375
110_Narrow,1897342500.0,0.9939034546476444,0.000591405866930665,-47.630013099944115,0.04319789793408352,0.003070435110259546,5.890625529722932e-05,82.5462261510304,1.098465416000011
110_Narrow,1897345000.0,0.9937794802608334,0.0006024216294872957,-47.292646584208015,0.04521039945344918,0.0030294523679821423,4.150003131743185e-05,82.27110599330388,0.631156783189274
110_Narrow,1897347500.0,0.9909609780425377,0.0007567578094488662,-47.49050770751947,0.0340701894950233,0.0030326014133492847,8.595299642176971e-05,82.4234713244389,0.808122279774167
110_Narrow,1897350000.0,0.9915234214439599,0.0005956071187574316,-47.392969594604516,0.04083560549324958,0.0030204346565971193,5.179111832252251e-05,82.36370558958177,1.0035402551405743
110_Narrow,1897352500.0,0.99037729302925,0.0006561002802357383,-47.7496514285029,0.06032501933015053,0.0030219434611165937,4.443864748440366e-05,82.85559565583705,1.3123241381524269
110_Narrow,1897355000.0,0.9901439483552187,0.0005112677162261313,-47.673141920789604,0.02679207632143249,0.0029717540104687652,3.9114609527850405e-05,84.02060432300372,1.2278541075562137
110_Narrow,1897357500.0,0.9869852672383266,0.0006684047363754714,-47.504385663178724,0.03958939135317717,0.0029952807339044644,5.3528782736599426e-05,82.87527284257828,0.9497614488621621
110_Narrow,1897360000.0,0.9934042292374561,0.00047325465318271526,-47.684070337802126,0.03203041788459587,0.0029860925114061805,5.7263554593662895e-05,82.32689472632728,1.1982887710660708
110_Narrow,1897362500.0,0.989001868047213,0.0008372726084553454,-47.68549925725098,0.031149205790978813,0.0029821570393095526,6.400046653043932e-05,82.31520823008648,0.6351200445490134
110_Narrow,1897365000.0,0.9879569017159298,0.0005021803727090978,-47.68260096036461,0.032264083686319035,0.0030060080067001805,5.3458337247154725e-05,82.6308558406981,1.105823758959726
110_Narrow,1897367500.0,0.9911470861198985,0.0007947632093907162,-47.67246842801914,0.05156328730228559,0.002998748009414938,5.36182079605715e-05,82.53496286250994,0.8400116760850832
110_Narrow,1897370000.0,0.9908986364469309,0.000534256198993811,-47.87556268812625,0.03335567553561356,0.0030115007113599543,3.581066262023597e-05,83.33815041555697,0.6892663241011983
110_Narrow,1897372500.0,0.9932661326545383,0.0007874598617391181,-47.820173798249016,0.03471390250191681,0.0029757796485961763,4.714444819665627e-05,81.90579584919652,1.0058200096611791
110_Narrow,1897375000.0,0.9901504607826258,0.00046547347987660535,-47.87058673388748,0.05240877635836087,0.0029876183648074564,4.94548304557083e-05,83.11103160368145,0.6862616250188888
110_Narrow,1897377500.0,0.9956545808413644,0.0004125844309489219,-47.68399827190675,0.03559505136562694,0.003014165121383805,5.1192582145769836e-05,82.226802177319,0.6186254204144105
110_Narrow,1897380000.0,0.9881047681787966,0.0008357172013028167,-48.01177504189628,0.058155773989516206,0.003005314756944091,4.170304957670938e-05,82.58098727387643,0.8527409170939231
110_Narrow,1897382500.0,0.9917178037694557,0.0006693428285624798,-47.57028191288552,0.03979947716380125,0.002975018833609582,6.525280631008733e-05,82.78333193237746,1.3176499919867444
110_Narrow,1897385000.0,0.991468436745046,0.0005418739007755118,-47.75514284459713,0.040130647819663794,0.002937134851238589,3.125960376065657e-05,82.47280575706688,0.849744258965528
110_Narrow,1897387500.0,0.9936468054432553,0.0005536687368297136,-48.076207801391725,0.04567425464052972,0.0029541776227869666,5.1116766385265216e-05,81.88707302611735,1.2920352866708158
110_Narrow,1897390000.0,0.9929221073341243,0.0007543927168248005,-47.762495790404635,0.05058098246773042,0.0029727327349302847,5.822347298919202e-05,82.22575355406178,1.0173222572457705
110_Narrow,1897392500.0,0.9944211934209934,0.0005042981204324412,-47.79916550298728,0.05160562182486569,0.002948320145406068,4.6815289823509096e-05,81.81038434573885,0.5693747627429595
110_Narrow,1897395000.0,0.9902731270793208,0.0005692180561375263,-47.971639120353345,0.047654885811119325,0.0029412748635673624,6.529087488242835e-05,82.21530282480603,1.274565198902607
110_Narrow,1897397500.0,0.9937620174552464,0.0006584780275644318,-47.73028947744361,0.05148392411970854,0.0029663698656904247,5.313556510732925e-05,82.30742836145491,0.9112047981021875
110_Narrow,1897400000.0,0.9947489910354581,0.0006766879205648607,-47.91365041767778,0.054153707857043716,0.0029462439470437163,6.180195944899845e-05,82.78261026659273,1.1885030826716856
110_Narrow,1897402500.0,0.9889379265075009,0.0008213444538710084,-47.78125734374071,0.03252718277355062,0.0029456116316327265,6.445314594523013e-05,82.27414432877808,0.623368432524382
110_Narrow,1897405000.0,0.9983544867539564,0.0005119044505666445,-47.81901318057248,0.03726900611902435,0.0029237055745446206,6.04359390263531e-05,82.01193285221305,0.9925186761707344
110_Narrow,1897407500.0,0.9932425228967803,0.0005398392502612147,-47.91985394610649,0.057721229093385805,0.002920396212123742,6.98831958012167e-05,82.63705852404581,1.501872665475053
110_Narrow,1897410000.0,0.9961352896976231,0.0004304845221820169,-47.86334993145868,0.03040969983073683,0.002915493291756213,7.951915883725007e-05,82.37568272556656,1.3601271131993076
110_Narrow,1897412500.0,0.9908325037368209,0.0004438118780127881,-48.03765614680066,0.04948039737744304,0.0029075196280266094,4.994163960748665e-05,82.28162644862832,1.6669657332255579
110_Narrow,1897415000.0,0.9930243896203433,0.0005434459884767632,-48.06708383431462,0.03157057394624796,0.0029298552552849536,5.784899062954676e-05,82.87853269927363,1.1742225508492985
110_Narrow,1897417500.0,0.9878955906549548,0.0006152770592942528,-48.35270281857789,0.05379034293730678,0.002907205846849182,4.250258399928814e-05,81.43269689970506,1.2045188541583338
110_Narrow,1897420000.0,0.9901472626788994,0.0008160489123595964,-48.155098616578314,0.06062431721257969,0.0029201533727559762,3.7366116117985975e-05,81.75137719421484,0.8982633735931627
110_Narrow,1897422500.0,0.9925535387193462,0.0009037325447689003,-48.36084339911465,0.043305171436870314,0.0029253550896117552,6.268430594115674e-05,82.41641517622831,1.1208117969698679
110_Narrow,1897425000.0,0.9948894990519654,0.0004512744853892481,-48.243455810778116,0.03703786375518379,0.0029302649014540418,6.215851934609893e-05,82.06932084770945,0.7037181465917048
110_Narrow,1897427500.0,0.9947935449060021,0.0007158695230562561,-48.08214871186518,0.03509566491693029,0.0028761132627836044,4.6419254234446616e-05,81.87043660471844,1.4621175790740144
110_Narrow,1897430000.0,0.9935870984993782,0.0007340864459069834,-48.14955095708719,0.03958290849624095,0.0028959956920273514,4.338278992599581e-05,82.26183199582752,0.953889658004281
110_Narrow,1897432500.0,0.9936643004373045,0.0009720566104604702,-48.22839350967017,0.049992841256229756,0.0028928913031429477,6.151337457286504e-05,82.48537956982719,1.1630639475955513
110_Narrow,1897435000.0,0.9974103295459248,0.0004425730741806944,-48.04065255309844,0.04782369735954867,0.0028872957546687526,5.988014168743766e-05,82.03992820818057,1.2070879543330226
110_Narrow,1897437500.0,0.9915328005006704,0.0005949678952651265,-48.12924890150471,0.03972083154875308,0.0028706529301462105,6.997481782649368e-05,81.5693695095736,1.1596636726640346
110_Narrow,1897440000.0,0.999386153088261,0.0003860919439711489,-48.417490938165955,0.041507155632271836,0.0029206302058618436,5.102458305715812e-05,81.53763373157861,1.2132726454766067
110_Narrow,1897442500.0,0.9932413188991467,0.00034879052481222154,-48.19585257109892,0.03744954148837397,0.002914530902943643,4.1463503121884045e-05,81.98508997086932,1.2714969960355542
110_Narrow,1897445000.0,0.9963020954983859,0.0005902226694707213,-48.145990722069776,0.05570445172505113,0.0028678661417869756,4.774629497517349e-05,82.15373540395039,0.7112966255747563
110_Narrow,1897447500.0,0.9962117854754302,0.0005423292790033645,-48.24871848753881,0.050562994932750106,0.002874821248641778,5.619425487791858e-05,82.22449471250883,1.6577594255641415
110_Narrow,1897450000.0,0.9890239263868184,0.0003476407698891623,-48.204339038449774,0.03437711690623847,0.002846293265971567,5.820534447232798e-05,82.49169748881681,1.0429781752143175
110_Narrow,1897452500.0,0.9977308446893589,0.0004951385270747015,-48.51020731054194,0.03287629557275661,0.002895677017650099,4.384465697312914e-05,81.93030872790186,0.9685432476692636
110_Narrow,1897455000.0,0.993192739615964,0.00042137531478421235,-48.407992743957045,0.04270728580416741,0.0028375263445586806,4.618279921566195e-05,82.07956800194057,1.061112101981641
110_Narrow,1897457500.0,0.9955628354113608,0.0003997776989578277,-48.250508520047205,0.045440341881398304,0.0028861757469676314,2.968553195333184e-05,82.32980018684657,0.4908826748773006
110_Narrow,1897460000.0,0.9987424964400806,0.0006905884394246315,-48.39911287120494,0.05697031476608936,0.0028921365515756233,3.0380965278817663e-05,81.70563949177225,1.08711007271523
110_Narrow,1897462500.0,0.9941006802710934,0.0006980662745772077,-48.56236800637272,0.04050201845024895,0.00284990671527001,3.674269995091822e-05,81.80540498070857,1.0586220775542312
110_Narrow,1897465000.0,0.9972432834948195,0.00044498619295088647,-48.269511821621926,0.04322669061904182,0.0028439929984844094,4.325704943638533e-05,82.15072758945368,1.207229421556344
110_Narrow,1897467500.0,0.9938581788471005,0.0004025005772502447,-48.284851258175784,0.04293226787912693,0.002831415088066983,4.434962672429415e-05,83.03394190554094,1.157443066436999
110_Narrow,1897470000.0,0.9964917508725618,0.0005451207772593676,-48.384513677591556,0.0568455963415155,0.002876556781400138,4.645196129478961e-05,81.3460947644875,0.8862388812001575
110_Narrow,1897472500.0,0.9964467273210648,0.0007231256129863169,-48.36743089211849,0.031055256301626515,0.0028497522248052995,6.744827084301534e-05,81.38428231491167,0.8721067104470833
110_Narrow,1897475000.0,0.9954163337507465,0.0007326052567798448,-48.440266424914725,0.02811832988355457,0.002786866477047002,4.7183060787973754e-05,81.81951133863917,1.1207749509115783
110_Narrow,1897477500.0,0.9965911879086315,0.0005565937463273549,-48.699237418214594,0.04519581501752844,0.002825270053323738,7.721874129217579e-05,81.16754670583398,1.1127906414906952
110_Narrow,1897480000.0,0.9952951549083786,0.0007657578082583518,-48.654515826551105,0.038374321382327735,0.0028112816377951454,5.640759720996106e-05,81.33893389973622,1.8756158374740632
110_Narrow,1897482500.0,0.9926946209148916,0.0006050756719612658,-48.5128705953749,0.0398186680708539,0.002815257435583634,5.656896666388494e-05,81.6970584507008,1.2808867184291244
110_Narrow,1897485000.0,1.0015790947634022,0.0006773787087221928,-48.436169848580455,0.032605829438841404,0.0028355520856105077,5.092043582395593e-05,81.10363396598265,1.039750319287699
110_Narrow,1897487500.0,0.9996077319914283,0.00036682444694899645,-48.56489733926361,0.056885349610356795,0.0028114817680801574,4.74282443846977e-05,81.94810184617998,1.664422860785417
110_Narrow,1897490000.0,0.9970931569486801,0.0005401707620504932,-48.48311806712567,0.02586738696306006,0.0028214476195477733,7.272358415762454e-05,81.6824984430103,1.0407867616548387
110_Narrow,1897492500.0,0.9996851065740608,0.0006025131029133623,-48.590724657366955,0.04810110101713656,0.002786881100549074,5.2616653814812036e-05,81.13519733475502,1.2295788049869454
110_Narrow,1897495000.0,0.9970757074828555,0.0006248163825582464,-48.72753599485929,0.03015923696142618,0.0028146573480467476,4.5789215576608287e-05,81.57929737567518,1.198569282670061
110_Narrow,1897497500.0,1.0015822677101935,0.001033368876710458,-48.571110000123916,0.042635133346361306,0.0028346442825345525,4.604952229637645e-05,81.63503904443779,0.6621831847604437
110_Narrow,1897500000.0,0.9950727481779308,0.0008876859569406561,-48.65393801178136,0.054062617003973516,0.0027873331395331315,4.8432222311306875e-05,81.95964832336512,1.1212028599682475
110_Narrow,1897502500.0,0.9973816786967492,0.0006662122341010372,-48.31375702105474,0.03349056968181989,0.0027984274058578027,6.346319930070052e-05,81.81060340517962,1.1833250992639235
110_Narrow,1897505000.0,1.0016466085868472,0.0008853121264062382,-48.71049148998078,0.06079077167365146,0.0028044758047217886,5.4713219921254835e-05,81.4320996986618,1.5526471083459588
110_Narrow,1897507500.0,0.9978392433043295,0.0005823813544206485,-48.74134311614703,0.036337073293938205,0.0027890217071739826,4.036284392388733e-05,80.90141782514283,1.2649725592825005
110_Narrow,1897510000.0,0.9965156663730687,0.0009029940850579839,-48.871669633963364,0.03982636114741465,0.0028160011894017923,4.416152474262064e-05,81.81581576729756,1.5921537671541004
110_Narrow,1897512500.0,0.9985667375528535,0.000712032420963534,-48.456447542029196,0.0315905676383269,0.002756873117284089,8.08274956539889e-05,81.82652664682445,1.3229411740210284
110_Narrow,1897515000.0,0.9984210760219951,0.0006636264888761567,-48.61231273111457,0.04270947542742561,0.0028237687646151355,6.253621603983886e-05,82.00339812839323,1.5157264784472093
110_Narrow,1897517500.0,0.9978704123217447,0.0006494082374730797,-48.572248244245756,0.03982315581242458,0.0027654587117981085,7.288061761016228e-05,82.00499615652328,1.1051791370553665
110_Narrow,1897520000.0,0.9975119131520638,0.000575804748471487,-48.61986020150768,0.04604218109703604,0.0027418225927628376,4.966389047818376e-05,81.6895072997116,1.4668619442069004
110_Narrow,1897522500.0,1.0032189197796937,0.000383787953111934,-48.97893843414264,0.028595132246593883,0.00276424290182759,5.477243375529941e-05,81.77632942838416,0.8220145949577661
110_Narrow,1897525000.0,0.9942634044589435,0.0005081218972057759,-49.110117844474885,0.04571591268654486,0.0027470200731160377,4.354317780295583e-05,81.557342405643,1.0703809954451167
110_Narrow,1897527500.0,0.9957564534548128,0.0008512814586192256,-48.66861341557126,0.052506349748453564,0.0027216323546554915,3.796711576256679e-05,81.49020534150246,0.8463106138196206
110_Narrow,1897530000.0,0.9964127218589124,0.0006824091206079837,-48.52908306491711,0.05185478409858281,0.002762048090829494,6.141491072184962e-05,81.2478358694274,1.0141801208497894
110_Narrow,1897532500.0,0.9969294065566735,0.0005954708346557653,-48.74187281946182,0.054310083012402026,0.0027635811040346435,4.133136157363748e-05,82.07397458176347,1.1284690752404076
110_Narrow,1897535000.0,1.0025922828902885,0.0008188988662213355,-48.79476858951583,0.03429245205749661,0.0027499177091727155,4.910654916619694e-05,81.76324662290244,1.3249314711495062
110_Narrow,1897537500.0,0.9945636055314558,0.0009725991021632436,-48.86068291234262,0.04677055462236299,0.0027568413220062167,6.782003224163217e-05,81.72473049375242,1.1477004936910227
110_Narrow,1897540000.0,0.9988203539235305,0.0006558099941947278,-48.72036609034752,0.042797253653891025,0.00277945432038391,3.749918679834075e-05,81.42294853679898,0.9451325881641474
110_Narrow,1897542500.0,1.002494995569082,0.0006687661591182705,-48.972466416715555,0.056557315647814035,0.0027578143699911557,2.7055166044072295e-05,81.31796616466875,0.9677149477849591
110_Narrow,1897545000.0,0.9982442788966067,0.0006733371973139065,-49.057627047212755,0.057340903679722895,0.0027260815056217246,6.014911615072175e-05,82.08312870127531,0.9086971967971484
110_Narrow,1897547500.0,0.998402270624471,0.0006565491614885078,-48.69135283517445,0.033780550948060206,0.0027472415666436713,6.08695366834018e-05,81.75982306843815,1.2169222658468166
110_Narrow,1897550000.0,1.000335545010163,0.0005710388734681671,-49.14601133079333,0.05246906322485638,0.0027400949815861437,5.696916881387255e-05,81.11417471949503,0.7546106729420944
110_Narrow,1897552500.0,1.0011713954296892,0.000701538418652158,-49.09739813994175,0.04411774239558711,0.002763069652127768,5.476332327383423e-05,80.89867980021432,1.4022364482069776
110_Narrow,1897555000.0,0.9997630228341826,0.00044683621701044996,-49.298807382360344,0.03777381600159565,0.002720418327223402,4.6765185068947516e-05,81.41266878742402,1.2596753163163537
110_Narrow,1897557500.0,1.001537120921966,0.0006736397686442089,-49.1245138745777,0.0620567918254894,0.0027514068310212935,4.9179901126933616e-05,81.77574020679825,1.1365850412557346
110_Narrow,1897560000.0,1.001272244169487,0.0005818632564591194,-48.97608815801311,0.04265369337956553,0.00271811317582629,3.650345055049169e-05,81.57580933670299,1.277733067782737
110_Narrow,1897562500.0,1.0041131432246049,0.0008846385154529331,-48.94594523841042,0.04421357413246854,0.0027623940585742883,7.105728390193459e-05,80.97989119016066,1.6108970063210784
110_Narrow,1897565000.0,0.9986899582183512,0.0009722380962108714,-48.98846337464448,0.04015759225504699,0.0027191055021759713,4.1073370864841676e-05,81.23150781602803,0.814099101684523
110_Narrow,1897567500.0,1.0016298107391952,0.0005021860016003547,-49.10073749769245,0.052627799090915355,0.002716612775044076,5.86646994228377e-05,81.65470657771583,1.2188032939773308
110_Narrow,1897570000.0,0.9993061224480135,0.000670300117861111,-49.428863947783114,0.04605068142010249,0.0027141599846535734,3.953090097014813e-05,81.15704378153936,1.2346820500690265
110_Narrow,1897572500.0,1.0007242329051127,0.0007151831034798593,-49.22000621633159,0.031024661106037937,0.0027204149691020486,6.409823367963872e-05,81.4314189409424,0.9658273361037959
110_Narrow,1897575000.0,0.9997425637459988,0.0006671533332449395,-49.34823722641,0.05620988236405508,0.002698108618032372,3.104208356618066e-05,80.75415183857035,1.6746416729159366
110_Narrow,1897577500.0,1.0041092935564908,0.0007785725345893988,-49.097728168819316,0.04111382767783834,0.002686848003236323,4.683290659518361e-05,81.06993278953576,1.8349949618228076
110_Narrow,1897580000.0,1.0039841838960917,0.0005433141664951597,-49.09754906197561,0.04218010342699038,0.0027083211350660665,4.087010167482005e-05,81.77908492134283,0.764553397705357
110_Narrow,1897582500.0,1.0039820240024184,0.00041243849386113335,-49.246918167874945,0.03371239955848151,0.0027141573151164104,4.3311831836655824e-05,81.99400294245795,1.0480140298448577
110_Narrow,1897585000.0,0.99832650699317,0.0006373613099633869,-49.145922554467234,0.0260930832811663,0.0026755360120610918,5.5939998240184965e-05,81.39343815079422,1.3483006892637728
110_Narrow,1897587500.0,1.001128176954891,0.0005835090674510161,-49.171216115811944,0.05356918915581214,0.0027207703642746417,4.276894791920091e-05,81.24342961494652,1.0025753103434332
110_Narrow,1897590000.0,0.9981605356373506,0.0004695404471299219,-49.150913636721704,0.030712957088063923,0.00268192430597644,4.313472214232474e-05,80.98053234425511,1.3037341310075359
110_Narrow,1897592500.0,1.0014406515000065,0.000911457331114606,-49.16905658040926,0.052601771276684944,0.0026750538642693012,5.2489237075622316e-05,80.6583539532956,0.9452196080136835
110_Narrow,1897595000.0,0.9994488167852523,0.00047901280379560154,-49.13846815211957,0.056411492692679456,0.0026757858226665893,6.120192230760368e-05,81.65155742395078,1.0260377989473317
110_Narrow,1897597500.0,1.002679940983687,0.0005749203265397814,-49.15616468684854,0.04239238147887681,0.0026697325019095636,6.196629377038087e-05,81.20038208463465,1.063105427174815
110_Narrow,1897600000.0,1.0024861849776552,0.0004979642128049874,-49.362858240894795,0.05839622097685334,0.002634416110624113,3.640248709396242e-05,80.99166664525931,1.5544318344994328
110_Narrow,1897602500.0,1.007101043886591,0.000905106732822776,-49.210440249163156,0.04220362166208166,0.0026837045121979957,5.636312291251821e-05,81.58876884638508,1.177765626660782
110_Narrow,1897605000.0,1.0007303558969034,0.0006972128803794589,-49.34260026929783,0.04156884020344691,0.0026816264590453676,4.793166744320668e-05,81.1628747738593,0.9556615691240801
110_Narrow,1897607500.0,1.0041866853324024,0.000439587995422675,-49.153620481161916,0.03672515469889952,0.0026838131120993985,4.333792258385953e-05,81.27799269135737,0.7473737090810054
110_Narrow,1897610000.0,0.9984940076893648,0.0006378226850488874,-49.3413580508587,0.031589749208635644,0.0026649883676885203,4.9853120547899264e-05,81.14086506886021,0.8916101961947686
110_Narrow,1897612500.0,1.0007801867952741,0.00044955844446481843,-49.371260737035556,0.04335471443718838,0.0026516421066358495,9.95557055687275e-05,80.97569214591714,1.5125775612321126
110_Narrow,1897615000.0,1.0028680836979098,0.0008752892692255643,-49.39701084358615,0.01947395265592844,0.0026429333098890793,4.3057284258562806e-05,80.58303640729167,1.1873608015158474
110_Narrow,1897617500.0,0.997067350445902,0.00041797390415367904,-49.47743926716648,0.03843086614416679,0.0026220961776884572,7.887473705206351e-05,81.34415194887438,1.263229328575376
110_Narrow,1897620000.0,1.0005509824902472,0.0005662605811151762,-49.134224970178,0.037229052748219,0.0026388600339481145,4.3890990070572904e-05,81.29994266378223,1.727124065855225
110_Narrow,1897622500.0,1.0029460382781294,0.0006398862906034439,-49.29883596472374,0.03839660871551582,0.00267184575382032,6.267715891665614e-05,81.31692174984951,1.2408018284099307
110_Narrow,1897625000.0,1.0004042680175518,0.00056539027641606,-49.43353420151343,0.03528473918860544,0.002660449703264874,4.847918666070606e-05,81.0914278794643,0.7623821247472965
110_Narrow,1897627500.0,0.9997932737141728,0.0006496577864836135,-49.65724050724512,0.05268423771253633,0.002609691514763514,4.0748003135322124e-05,81.2059822060977,0.6745213255474469
110_Narrow,1897630000.0,1.0086083273048037,0.0007052476648142743,-49.5558465998732,0.040664239643809094,0.0026322533741058515,5.7903278763155345e-05,81.3078096291219,1.2674075667161244
110_Narrow,1897632500.0,1.00146911146861,0.0008257425135752371,-49.41626086053945,0.032030293941447394,0.0026480919348343284,8.195700659639485e-05,80.54339688401392,1.329932792175094
110_Narrow,1897635000.0,1.0048440974189903,0.0007667252116882111,-49.45070391818432,0.04145246660825219,0.0026448418405050573,5.358159912139476e-05,80.71676563905902,1.2409255783757858
110_Narrow,1897637500.0,1.0005340563439622,0.0006364994006018372,-49.42186719245413,0.04053601174323014,0.002598711935953071,4.4925157024066615e-05,81.56374243310721,1.1118640047528976
110_Narrow,1897640000.0,1.0048781360031254,0.000387843146168819,-49.71846515968967,0.03964236096183613,0.002611937266538469,7.695639951085337e-05,81.0584553163536,1.4008434247879233
110_Narrow,1897642500.0,1.0035110413511612,0.0008378230116593109,-49.57581230139983,0.044985950333705095,0.002656861662293581,6.377586513770894e-05,80.75877434174849,0.8189328824250951
110_Narrow,1897645000.0,1.0025678840546706,0.0007065652265214242,-49.485364224371516,0.03496079533982894,0.002633901509745412,6.897701018827434e-05,80.6042555243306,1.2296888758181477
110_Narrow,1897647500.0,1.0002991274811306,0.000597653810462503,-49.68929394622924,0.0519583026703617,0.0026096442387518906,3.7840126534397235e-05,80.14475945661924,1.391418777351046
110_Narrow,1897650000.0,0.9979646404660943,0.00039316658777069076,-49.503204661484695,0.037941045024033074,0.0025806251855780564,5.784311997339417e-05,80.33445890541851,1.8421281584582883
110_Narrow,1897652500.0,1.0066414959166086,0.0006168090444653436,-49.63337500045021,0.041534878598652916,0.0026335743156933418,5.215406435316846e-05,80.91411143891182,1.0303753750985407
110_Narrow,1897655000.0,1.0042405386831994,0.0006541481426090415,-49.46192362225272,0.04789590097888638,0.0025935088234297454,3.3003200038445405e-05,81.80480304231455,1.2678182565771203
110_Narrow,1897657500.0,1.0042099883332452,0.0008428703770983724,-49.51942204588192,0.04650274657664374,0.0026004676274832272,6.963849907413776e-05,80.84280721498682,1.6023853179634344
110_Narrow,1897660000.0,1.0070419384937304,0.0006799179438213038,-49.73858616126288,0.04164519289681918,0.0026212739372389457,6.810282082077611e-05,80.54035624983113,1.6133574999184541
110_Narrow,1897662500.0,1.0052586275450563,0.0005337684291231896,-49.74377462908402,0.0240703284185572,0.002604822934344632,3.236967580996019e-05,80.06454538600336,0.9812339941826399
110_Narrow,1897665000.0,1.003376717185063,0.0004936940625559101,-49.79259273355711,0.03644587330743188,0.002627968055360966,4.7048634115919774e-05,80.94265218049246,0.9645335344096835
110_Narrow,1897667500.0,1.0028313313663257,0.0006057408411679286,-50.09041203538585,0.05520627797940082,0.0025796474547046104,4.7465902370664465e-05,80.82584988983861,1.169538839568532
110_Narrow,1897670000.0,1.0022190552489105,0.000581799640758746,-49.66845042823,0.044312649432889754,0.0025914413849079114,5.854379989370151e-05,80.71280209808275,1.5471661913619532
110_Narrow,1897672500.0,1.0064979354839105,0.000469747916763241,-49.77973393257615,0.03968300253255614,0.0025922692812613657,7.537278717360372e-05,81.11471056015152,1.0429764439608122
110_Narrow,1897675000.0,1.0025394773999554,0.00041426802451129195,-49.88742695376905,0.034909265809847115,0.002587358029539569,8.610822915251854e-05,81.02289504849018,1.5555936973105027
110_Narrow,1897677500.0,1.0058347652915318,0.0007902053151891388,-49.85220969469256,0.036549644188681105,0.002584574747994675,4.625603309427479e-05,80.56014298145831,1.6119004005260178
110_Narrow,1897680000.0,1.008897291163927,0.00039936364185250015,-49.58357655333352,0.03949698712899376,0.0025888810136190164,4.9469481414692334e-05,80.86143728873095,1.4692798979875297
110_Narrow,1897682500.0,1.0094498393261322,0.0005225338221152777,-49.78926180971891,0.03676584012815938,0.002584407078741973,7.168239849543436e-05,80.76717139468663,0.7339398188980678
110_Narrow,1897685000.0,1.0054112049161406,0.0007140801443396805,-50.19337248162854,0.042606132479517056,0.002578067988443153,4.896397685802599e-05,79.73946786843743,1.120910873860166
110_Narrow,1897687500.0,1.004086943323256,0.0006603270039611703,-49.99080009354532,0.040212591487021214,0.002544160828838066,6.388718290383865e-05,80.10072536212321,1.0508663279463133
110_Narrow,1897690000.0,1.0038465310834663,0.0002767914799047889,-49.97698293972707,0.034998822010631384,0.0025726144357191586,4.475336800564769e-05,80.59081869167669,1.6027762052893666
110_Narrow,1897692500.0,1.005601404369454,0.0007071867900606652,-49.8021700121398,0.03653400407048944,0.0025769329818079423,5.4424455458920923e-05,80.59118035704373,1.011483469117788
110_Narrow,1897695000.0,1.0052429376429217,0.0008283984230405603,-49.79472948075337,0.036368490804510864,0.0025610926275473696,5.1089010702633676e-05,81.79100468872369,1.8179651298084907
110_Narrow,1897697500.0,1.0029692184392616,0.0007857621745763057,-49.90389634144109,0.04745312046196426,0.0025106969313591822,5.7925427502299476e-05,80.40713593188383,1.411384868503917
110_Narrow,1897700000.0,1.0035190281185171,0.0008014110808870919,-49.71394922773894,0.054288344609934085,0.0025468972439423366,6.270936304461866e-05,80.36470399162572,1.3266515905407839
110_Narrow,1897702500.0,1.0067175578049115,0.0006238326352951581,-49.996979527447664,0.04729474437327447,0.0025305674023206825,5.2907165048431885e-05,80.49648635365666,1.0694401277579468
110_Narrow,1897705000.0,1.0074797988249928,0.0003411898274625024,-49.9131426839499,0.05343469623943104,0.0025362801554130506,5.768030147684449e-05,80.53636560322266,0.948932303456658
110_Narrow,1897707500.0,1.0052178731790369,0.0007627042938995987,-49.905108390009175,0.024079246387092388,0.002558902781650584,4.561767273272533e-05,80.44863095457556,1.209275934825591
110_Narrow,1897710000.0,1.0042221615608906,0.0008564830020462952,-49.94929973277737,0.04201294827572147,0.002544613691376561,4.53646085990795e-05,81.06147378034987,1.544038703641327
110_Narrow,1897712500.0,1.0048390017513005,0.0005978507929826854,-50.052344076795045,0.03984898304510478,0.0025424227479941192,7.858892849252667e-05,80.63397265963509,1.379939334710204
110_Narrow,1897715000.0,1.006991962950841,0.0007934182790287082,-49.83737236778897,0.04249326801041175,0.0025554294544080096,6.787148433359608e-05,80.81700643249023,1.3447582258013782
110_Narrow,1897717500.0,1.0067972517003387,0.000597130206832471,-49.978114903948196,0.02789527528911705,0.0025191673566615945,6.529065745010097e-05,80.23731521482277,0.6351813779051269
110_Narrow,1897720000.0,1.0042069893505,0.0007852273394914357,-49.93643476931742,0.0566281861024013,0.0025591424507129283,6.314544201001357e-05,80.2604752613662,1.4095148186845603
110_Narrow,1897722500.0,1.0087545877974877,0.0005120487957014211,-49.8970413951699,0.03908137500283887,0.0025279428952450123,7.169215208421983e-05,79.79282609799672,0.9941795737857642
110_Narrow,1897725000.0,1.0064222676390666,0.0005028345409871153,-49.95749782761491,0.04193098512823492,0.002505176017806154,4.2794577899196816e-05,80.67911916919059,1.4780693819899662
110_Narrow,1897727500.0,1.0048197484820043,0.0005096858462544003,-49.94897880360451,0.03043820758025382,0.002491901968387095,5.132254094291219e-05,80.62013690110872,1.4954399586117852
110_Narrow,1897730000.0,1.006886868824439,0.0005431492808769977,-49.91918858706348,0.04507729889104903,0.002534620921959203,3.544228467968184e-05,79.72642664709083,1.1380750446971992
110_Narrow,1897732500.0,1.0065680331803086,0.0008027493232137385,-49.87380045759124,0.04303866160113232,0.002529612934780662,6.43096155483301e-05,80.50025768505368,1.305115376497751
110_Narrow,1897735000.0,1.011127516956864,0.0008588147240756168,-50.15480911862112,0.02821334769642168,0.0025258218816734523,6.149964613816889e-05,80.72899762627162,1.5835780883154158
110_Narrow,1897737500.0,1.011043750967695,0.00042288741665064285,-50.09685361362006,0.030809871831383943,0.002539194983889159,5.354556650598858e-05,80.05523840234626,0.8876130424838016
110_Narrow,1897740000.0,1.0052091314068998,0.0006051371482959743,-50.002239848352986,0.022170990611350617,0.002552377188791332,6.513795887207721e-05,80.47867827401782,1.832324725106899
110_Narrow,1897742500.0,1.0054881104956679,0.0007441334037982982,-49.91157139029884,0.040305966257657116,0.002510755663908677,6.098885792829087e-05,80.74416694613012,1.2116272665603025
110_Narrow,1897745000.0,1.00803761398612,0.0007193021618835493,-50.01733228278451,0.04261554727628546,0.0024914174404769163,6.94594443074985e-05,80.30624000743383,0.8474937429166141
110_Narrow,1897747500.0,1.0106102569061155,0.0005293862788337936,-50.055675159009695,0.04493923276335645,0.002542705842706463,5.544895625690809e-05,80.45905594714198,0.7028647752550622
110_Narrow,1897750000.0,1.0107142590634994,0.0005838583482510792,-50.105808953232966,0.042322601029428336,0.0025364331096682027,5.307586802370425e-05,80.4809087482502,0.8104429462558538
110_Narrow,1897752500.0,1.0104236856304065,0.0005086644918453572,-50.260725484304764,0.052525256935095584,0.0024885325230265477,3.538914112753475e-05,79.97732607090263,1.3114918734441676
110_Narrow,1897755000.0,1.0025841252925907,0.000742804366935853,-50.453288044081276,0.030300960029434436,0.0024964153811386533,5.862061004912034e-05,80.70465319696277,1.1255147438033948
110_Narrow,1897757500.0,1.0030662232285106,0.0005207827376842842,-50.20516956833144,0.04096700334608553,0.002477119706258005,6.243285553573622e-05,79.59736256785537,1.6483815433472602
110_Narrow,1897760000.0,1.0077147368187067,0.0007378753718530977,-50.124861837963536,0.04941243800840746,0.002491113644476392,7.322006912666161e-05,80.29643937212627,1.9835779681247223
110_Narrow,1897762500.0,1.0115394046978603,0.0006116362984351131,-50.449470998407136,0.029206595321042583,0.002496068398846878,5.7513887218110905e-05,80.20687828038032,1.6053189599931208
110_Narrow,1897765000.0,1.0040576433225117,0.0006755577847518766,-50.28994079082417,0.026962731709128638,0.0024701206851666644,6.3010661857365e-05,80.32077698564451,1.2596579044485283
110_Narrow,1897767500.0,1.0109867906178445,0.00047316272843089786,-50.25055381345612,0.02608838891928164,0.0024880705136733237,4.7943386468659285e-05,80.54215989128508,1.2372734478090803
110_Narrow,1897770000.0,1.0081002342406458,0.000737479171968071,-50.35547880921748,0.05249373507489875,0.0024839739992446575,4.431786948162402e-05,80.09591590762787,0.8863737790603665
110_Narrow,1897772500.0,1.0074432789853844,0.0007032433566175002,-50.2055074256401,0.02790905895629391,0.0024902717321720687,3.643585124836181e-05,80.2950135921979,1.1589405129892705
110_Narrow,1897775000.0,1.0093577032702263,0.0006129563490601764,-50.63305737847782,0.03840404655060914,0.0024812773225545044,4.736425829057633e-05,79.57347601339075,1.1720709642591138
110_Narrow,1897777500.0,1.00835939210066,0.0005250587238596577,-50.26794112284173,0.03220900029415203,0.0024654474759318538,6.734069813362575e-05,80.84200026876336,1.2468056935088103
110_Narrow,1897780000.0,1.0080111426620189,0.0006950084215983553,-50.4743377361931,0.03270715824039565,0.0024603059850424264,7.079140623811646e-05,79.60937099615543,1.8048804272838277
110_Narrow,1897782500.0,1.0129039308456358,0.0006251633780032831,-50.24193003017021,0.04404918882486083,0.0025053803443375877,4.470707746584648e-05,79.63353874261944,1.5303180733821766
110_Narrow,1897785000.0,1.0098444949180128,0.0004644709276109967,-50.30817860299119,0.04899058016872373,0.0024806882275614744,4.400491002531767e-05,80.84554590451033,0.8229887841890285
110_Narrow,1897787500.0,1.011139388427102,0.0004676437253352498,-50.526490129427515,0.04011918950418363,0.002451190725837314,6.92312903595251e-05,79.6708243908375,1.1100623136096637
110_Narrow,1897790000.0,1.0111660610107032,0.000867444520600266,-50.42718364062776,0.03673972807726327,0.0024387202991403515,6.883030847854177e-05,80.2496129088447,2.133025017730521
110_Narrow,1897792500.0,1.0028469140376473,0.001004951447315408,-50.47503780467663,0.0450224247650312,0.0024659389517502858,4.514480451483328e-05,80.25146911657514,1.7139219767738585
110_Narrow,1897795000.0,1.0078691426867088,0.0007895962597860501,-50.57351081673191,0.045435144346183495,0.002455318597084837,5.559363991919852e-05,80.10236358880968,1.3969721553032832
110_Narrow,1897797500.0,1.0112557378280163,0.0005411142662256297,-50.6406529769475,0.04386196518686505,0.0024798155732997356,6.837690428402015e-05,80.02274846229588,1.6977813544591416
110_Narrow,1897800000.0,1.0069378554417507,0.0008889410465923276,-50.3761014903408,0.031444695155997716,0.0024326102654611825,6.0455900502458736e-05,80.00442559972994,1.5783032405074184
110_Narrow,1897802500.0,1.0093673640576564,0.0006101347956555485,-50.520812512913594,0.04242356834902123,0.0024111447732136685,4.8855648287740736e-05,79.32422955363666,1.3017370540126478
110_Narrow,1897805000.0,1.0096572982562935,0.0005589506218162562,-50.33414865463592,0.025530120573654454,0.00245597018946551,4.573317117424078e-05,80.1346357470574,0.5147797224137189
110_Narrow,1897807500.0,1.0103320940765244,0.0007731476381852821,-50.36134941683584,0.04356770641703472,0.0024698024245532906,6.504434438806078e-05,80.42100658090432,1.4416486246663311
110_Narrow,1897810000.0,1.0125825309810759,0.0005199938356437431,-50.615841905874866,0.02456200919155102,0.002433501980276101,6.527335737777306e-05,79.98342406774869,1.2517357186753824
110_Narrow,1897812500.0,1.01216626345203,0.0007273227706083381,-50.36492555155224,0.03865033247563732,0.0024379446894842918,7.741552333368225e-05,79.76734521009617,1.4877568592144237
110_Narrow,1897815000.0,1.0117768635430713,0.0008195836814095129,-50.62206848689865,0.02634061782384742,0.002419691033794946,6.484368282715441e-05,79.12092912760252,1.5469154719434937
110_Narrow,1897817500.0,1.0141580118419025,0.0004332592553508092,-50.614018133907834,0.022683444353897526,0.002446138003843,5.3802694198694545e-05,79.4775341948561,0.9488614505176132
110_Narrow,1897820000.0,1.012965581925992,0.0006344614701920312,-50.511733142711925,0.04398615440208535,0.0024115911900141,6.586341061399843e-05,79.43676230256897,1.4107348490968281
110_Narrow,1897822500.0,1.0131829682913907,0.0005607517963429773,-50.57992834067594,0.02896420057061422,0.0023947666251365996,5.273895331507994e-05,80.06800309440794,1.05764295035053
110_Narrow,1897825000.0,1.0131472876586505,0.0005723832973372709,-50.6354814784384,0.04475982203406888,0.0024383324945641397,5.134050982609119e-05,79.94326785713783,1.3010122251575973
110_Narrow,1897827500.0,1.0108321855876305,0.0003915725364909629,-50.507830638759806,0.0432545274941257,0.002431117184813379,5.852043495593636e-05,79.9243680828106,2.0618456680503847
110_Narrow,1897830000.0,1.0134561043814077,0.0004417626275792995,-50.7972280911824,0.05825951336255235,0.002419281911940545,5.6174542493524726e-05,80.4953594280573,0.8752077262629209
110_Narrow,1897832500.0,1.0111819679580745,0.0006414989046189892,-50.63204374837819,0.03339728599965571,0.0024327110157466437,5.6711773466441e-05,79.59053652589158,1.403564188525996
110_Narrow,1897835000.0,1.0107002530811968,0.0003729407898640985,-50.76288733761636,0.039827445854196446,0.0024046995891925846,7.42305878476508e-05,80.61893920862833,1.4613767769268466
110_Narrow,1897837500.0,1.0100071996541584,0.0007090882926023468,-50.64522091310663,0.04102039161928945,0.002418751424143015,7.20483991416452e-05,79.68616251898261,1.396905407090123
110_Narrow,1897840000.0,1.0092422497806155,0.0006398966938872382,-50.62822354623879,0.03458871015173503,0.002414056996658869,4.407133276448897e-05,80.2248382104744,1.5807453542586396
110_Narrow,1897842500.0,1.0101145878048357,0.000648621772150542,-50.67117891674041,0.04282766175765135,0.002423084325795063,6.124609326432869e-05,80.26885849699015,1.289686077525192
110_Narrow,1897845000.0,1.0079350438620163,0.0007315730171006161,-50.53368261089442,0.05467039854594477,0.002419888725267295,7.688366778466253e-05,79.8834232404886,1.540408046573053
110_Narrow,1897847500.0,1.0118209380542835,0.0006825078873368794,-50.483023620904646,0.04489480362327777,0.0023916828357149734,7.112911119854068e-05,79.56074538707837,1.1711259904250577
110_Narrow,1897850000.0,1.0135497869704109,0.0007302728216624113,-50.83025032122684,0.03367486998593733,0.0024122047871887155,7.671838359688949e-05,80.34571850342718,0.8050012447963503
110_Narrow,1897852500.0,1.013586358426074,0.0007849950524968577,-50.82028177977337,0.0270427262483396,0.0023787409681339717,4.749168753825772e-05,78.54750946849525,1.7306946965096246
110_Narrow,1897855000.0,1.0137392635736677,0.0009118428210320161,-50.75007772566533,0.044088880552227025,0.0024026936408484785,5.8733488604941596e-05,80.482823995047,1.5279264578754104
110_Narrow,1897857500.0,1.0114520003216132,0.00066160744915354,-50.66400315901582,0.035163302502163644,0.0023617809569319733,5.4974346476917556e-05,79.80354697170057,1.2298329185658543
110_Narrow,1897860000.0,1.0133164484661272,0.0006317920496170193,-51.02466018172647,0.04260670363312853,0.002384047194376491,7.358295233667072e-05,79.73262408674024,1.3749294853271845
110_Narrow,1897862500.0,1.0111482447734852,0.0007340066359036187,-50.7499922045708,0.0468603349453552,0.0024021081744045386,8.529483998667317e-05,80.214567682305,1.292554019755458
110_Narrow,1897865000.0,1.0134268179188797,0.0008303559761272039,-50.76348478685433,0.06081809009949476,0.0023993586244110687,4.375537971704592e-05,79.88256900606589,1.1558920278176343
110_Narrow,1897867500.0,1.010239474238465,0.0005940317184008942,-50.75116183519095,0.035985692539251275,0.0023715884711898285,6.27795677667377e-05,79.68427784246458,1.0697679722968394
110_Narrow,1897870000.0,1.0098027744739146,0.000774642865322865,-50.92882196324875,0.029444004913707175,0.0024055584340940553,3.069982008321956e-05,80.92889686165337,1.7516728276258478
110_Narrow,1897872500.0,1.01376499175676,0.0005533850256919327,-50.7539273136694,0.0466462226057976,0.002410557040736761,4.93725878129502e-05,78.66073732727591,0.7044290660440921
110_Narrow,1897875000.0,1.011031171424635,0.000753451083026358,-50.58210675186272,0.041529174635635095,0.0023654044667362124,5.860301902263115e-05,79.72550653288381,1.534149770663521
110_Narrow,1897877500.0,1.0153344112039566,0.0005940987220299407,-50.956735432875895,0.045853607621496456,0.0023921277404839658,6.277259077248313e-05,79.39979551559304,1.448703411129485
110_Narrow,1897880000.0,1.0095461766302227,0.0006278728973661952,-50.80770471003591,0.04047837378840172,0.0023779002996000965,6.0275344263983214e-05,79.8802033593496,1.1167048701099214
110_Narrow,1897882500.0,1.015637091297444,0.0005704521557681455,-50.74552911522051,0.04985791771985795,0.0024130170331210965,4.824753663815347e-05,79.73671013101128,1.3561343737261993
110_Narrow,1897885000.0,1.013736056251204,0.000695660128346847,-50.79627445945234,0.034486701321249494,0.002397179015620571,4.9427056190528934e-05,79.66108594062135,0.7774193199900763
110_Narrow,1897887500.0,1.0124406539171817,0.0004563845984743762,-50.928141073604756,0.050496161131724,0.002357446620543319,4.547717484325493e-05,79.33648856825282,1.3650939961809638
110_Narrow,1897890000.0,1.011702754878775,0.0005432504396723238,-50.9332911543531,0.04575647237739646,0.002378609001334296,4.5209569212182245e-05,79.99935760606066,1.3231785842906238
110_Narrow,1897892500.0,1.0145181228627689,0.0006665476998829632,-50.92879605932167,0.05208819931768152,0.0023537876450833383,5.755632075197567e-05,80.24014713177479,1.047063804975208
110_Narrow,1897895000.0,1.0113828653352384,0.000471366512772105,-50.961774542493515,0.0392531747504184,0.0023607991165977378,3.667267694579676e-05,79.75977530868536,1.3653808748931437
110_Narrow,1897897500.0,1.015143304517537,0.0004944760758912602,-51.04673684944079,0.044115146448462976,0.002373965394316646,3.539300493787664e-05,79.78509686334753,1.261617323132096
110_Narrow,1897900000.0,1.013599211942785,0.0007402299603208478,-51.15065973551475,0.03241997079426982,0.002361722485304328,5.557685300838183e-05,79.28749030060075,1.0443405497956866
110_Narrow,1897902500.0,1.014311498611287,0.0008290294210028414,-50.76831202307617,0.039921958057109935,0.0023434924528675126,5.55345408388734e-05,79.49338510830849,1.568216310164193
110_Narrow,1897905000.0,1.0058651059162944,0.0006259278659793342,-51.27460616772897,0.03081554221530819,0.0023355698833421885,4.9267125932971693e-05,79.29460555142343,1.259303467508045
110_Narrow,1897907500.0,1.0122822914554754,0.0003839749094844713,-51.02075081273792,0.0371894790095072,0.002379568048533531,6.353513681113091e-05,79.68295178386786,1.76848237287303
110_Narrow,1897910000.0,1.0150836672139825,0.0005757542966707362,-50.88035025522866,0.03288329131602995,0.0023580798681300474,4.906776727272997e-05,79.25381583458316,0.9673924918999528
110_Narrow,1897912500.0,1.0102161249829449,0.0004940728468970547,-51.21354291952213,0.03003100244614782,0.0023260666686543024,5.867349084287128e-05,79.46706487887246,0.9409539874845014
110_Narrow,1897915000.0,1.0145248873285495,0.0005345872246152559,-51.053650523375744,0.03227181158249965,0.0023202060855575797,3.6133709089375305e-05,79.58553281953944,1.1193881977738651
110_Narrow,1897917500.0,1.015950413362105,0.000651994118463827,-50.9520538544607,0.02929651611407927,0.0023272388773151733,3.1272619794675294e-05,79.53414335970788,1.4380681692179158
110_Narrow,1897920000.0,1.0162778570746647,0.000756771027633864,-50.96388831542447,0.05988579256177782,0.002347234312600592,4.915036318787576e-05,79.2879098308365,1.2428922684389287
110_Narrow,1897922500.0,1.012597515926705,0.0007044283918374583,-51.27434501891706,0.05054842788845186,0.002328850697867045,7.950091212589267e-05,79.91275229741537,0.9171637356250879
110_Narrow,1897925000.0,1.0143148380622216,0.0009325062278711622,-51.24049592612019,0.06616068118462567,0.0023134750288572397,5.183940660091896e-05,79.90199618447971,1.9840106640723953
110_Narrow,1897927500.0,1.0092027962130852,0.0004250856519127965,-51.00101232193868,0.025980895683794115,0.002329671269889756,6.88084777326083e-05,79.46704953106654,1.5905167689258308
110_Narrow,1897930000.0,1.0101232263170394,0.0008004543908428898,-51.10533007933099,0.043406544053323774,0.0023279415564864637,7.312675206889337e-05,79.43569876037728,1.1637792852983122
110_Narrow,1897932500.0,1.0111606812444693,0.000874836570810482,-51.26795960308071,0.026272739027780767,0.002345512179513118,5.928918114795427e-05,79.11963921975388,1.7733662496439004
110_Narrow,1897935000.0,1.0153716050287263,0.0006166082543337162,-51.157856855133915,0.03854118454355178,0.0022982414039609475,5.5860275364448004e-05,79.32611402135666,0.9561394121412421
110_Narrow,1897937500.0,1.0132831410881218,0.00044016810719090855,-51.261106996271835,0.03548848233477094,0.002331526998663598,5.680019159930398e-05,79.79105446507624,1.267601184669245
110_Narrow,1897940000.0,1.0169381735269392,0.0005634701226584264,-51.258283945941784,0.05004621707137273,0.0023136827966531827,3.192320914422435e-05,79.48352676432347,1.33594615236648
110_Narrow,1897942500.0,1.0133987739156076,0.0006402660495753625,-51.152945148207976,0.05035735501391188,0.0023122064015049975,7.170029294647863e-05,79.29560623065785,1.5861249504346486
110_Narrow,1897945000.0,1.0146061225262737,0.0005727190876313231,-51.35290310662723,0.03134663329987769,0.0023120372222113403,4.399990504757279e-05,79.41129440013646,0.9384103199242979
110_Narrow,1897947500.0,1.017696575443329,0.0008779928621661402,-50.91862959920902,0.04442305211538639,0.0023196609706763968,5.665119222737217e-05,79.88746948292012,1.618104440915874
110_Narrow,1897950000.0,1.016607397720294,0.0009372524281481859,-50.925957977752404,0.026619398594211575,0.002320480883044551,9.0195308187335e-05,78.6598623776703,1.8475057369514944
110_Narrow,1897952500.0,1.0134114416459103,0.0006724743497160921,-51.231980944137064,0.0337851676428921,0.0022869112804939605,5.9391966956500006e-05,79.14353746698075,1.4711482008311265
110_Narrow,1897955000.0,1.0182906849968136,0.0009564759591555859,-51.12561870692413,0.03335023669227345,0.002308528766064148,3.985631024768437e-05,79.76894836867393,1.447785572099618
110_Narrow,1897957500.0,1.0165465223327306,0.000700420297609282,-51.25404429145966,0.03700272995630103,0.002312150641792708,5.9990624170394034e-05,79.00667244949769,1.4029866107332194
110_Narrow,1897960000.0,1.0123899073881475,0.0005296953095245538,-51.22200979988693,0.045135707620739686,0.0023001314737675894,5.086643872912297e-05,80.02444246503708,1.2816635556314184
110_Narrow,1897962500.0,1.0134230856711661,0.0006105303328321579,-51.17486625486203,0.025603361289107344,0.002336338725561093,4.39925074229136e-05,79.58197320021276,1.149046873506305
110_Narrow,1897965000.0,1.0136491183904832,0.0005932744155825749,-51.33225553233542,0.028467401752276102,0.0023095181998528513,5.7665647780975864e-05,79.82567273928593,1.535650877550806
110_Narrow,1897967500.0,1.014279821601115,0.00047489681775783355,-51.31191373624325,0.0350879352298519,0.0022896151599228723,6.744325374462188e-05,80.01128365824613,1.0328422385674796
110_Narrow,1897970000.0,1.0121345827044739,0.0006768785917546284,-51.22045863868236,0.051200740904554815,0.002296699458378814,7.684884820850329e-05,79.54362767603781,1.7673547939669934
110_Narrow,1897972500.0,1.0146751412684516,0.0006891324116475893,-51.43583638738176,0.05918281101881566,0.002272362803976947,5.010904369960964e-05,79.24465859462227,0.9699870749520868
110_Narrow,1897975000.0,1.015215450998251,0.000693857133029103,-51.300695997912996,0.043188383490167265,0.002270663545245686,4.96283743185303e-05,79.4226566492328,1.097282272130541
110_Narrow,1897977500.0,1.0184118132514075,0.0006439056282040919,-51.323946911662986,0.030823311816792903,0.0022702759076886504,6.232036093811948e-05,78.56290016499894,1.2915009296951
110_Narrow,1897980000.0,1.0170990760614154,0.0005441886198994932,-51.48375842258211,0.03879654206710823,0.0022843351254612323,7.858847757097929e-05,79.02628494243571,1.2636716361030635
110_Narrow,1897982500.0,1.020840183986612,0.0008191194419168398,-51.63161344099822,0.04901228564509104,0.002299414863942161,5.084857639978787e-05,79.50198928364976,1.3190867485849884
110_Narrow,1897985000.0,1.0186212886369965,0.0006365347371233772,-51.54350117086087,0.048555570914421135,0.002277974276729516,5.457920539262235e-05,79.65409069732775,1.2386680529932235
110_Narrow,1897987500.0,1.015738915429832,0.0007289496631025389,-51.22926529738804,0.038122796025660176,0.00223843582485018,5.2265999536582377e-05,79.00797510734957,1.5471069390346197
110_Narrow,1897990000.0,1.0162467963447368,0.0005181147698657076,-51.555865186873355,0.04099896386744447,0.002305251932566852,2.9650070423604406e-05,80.93332769107049,1.301312865169509
110_Narrow,1897992500.0,1.0161268016660272,0.0007707526523611905,-51.2872173092982,0.05129764207395542,0.0022592757811336563,7.508408429554787e-05,78.92717194621954,1.4160144560109746
110_Narrow,1897995000.0,1.0129352639485814,0.00043253486442280985,-51.43062752774887,0.025722131464358797,0.0022629898760725175,5.8809444854184135e-05,79.0834266155156,1.3643144879179492
110_Narrow,1897997500.0,1.0151571515823605,0.0005303953756366694,-51.49816684107731,0.0414814556979251,0.0022618603108001353,5.381777634570256e-05,79.32022801051028,0.8977390680409415
110_Narrow,1898000000.0,1.0200313770558167,0.0004715451686369804,-51.62434550918439,0.03326744495437649,0.0022951395787349305,4.76279712876184e-05,78.89314794818327,1.315223863362777
110_Narrow,1898002500.0,1.0173081980910879,0.0005927642225615921,-51.42356528168541,0.03525183831987477,0.0022719499963417206,7.243313348115334e-05,78.69839738733054,1.5974729320650425
110_Narrow,1898005000.0,1.0132378241478002,0.000300168829059622,-51.58057549639592,0.037822771522321975,0.002259468959405876,7.627559680740167e-05,79.74621777511264,1.3290266231017116
110_Narrow,1898007500.0,1.0132383989624334,0.0006740469318912165,-51.49013996618242,0.033036349735578306,0.002257464425699761,3.613575605697563e-05,79.41277346273208,1.6458719637386958
110_Narrow,1898010000.0,1.0163368248742288,0.000554359128061004,-51.60842071047919,0.03461988463657019,0.002262204058490231,5.225250731712529e-05,78.94863513717058,1.9995037515410037
110_Narrow,1898012500.0,1.0181780644471023,0.0006369108894606845,-51.78063638540155,0.05006441999639911,0.002253686321964457,4.618805065229875e-05,78.6034662804397,1.727296979142516
110_Narrow,1898015000.0,1.0145622223418815,0.0003902130525287607,-51.692435745017036,0.025540552572408656,0.002247104220217583,4.31349428748974e-05,78.93533676081353,1.4719658103477224
110_Narrow,1898017500.0,1.0151181473004869,0.0005005363378010194,-51.862014725069706,0.04125978219707686,0.0022440615238469522,4.689216043130777e-05,79.3637183495501,1.3944706837590979
110_Narrow,1898020000.0,1.0180209725430105,0.0007555104367593477,-51.51546056017725,0.049760126105058665,0.0022280332817095215,5.123502856441703e-05,79.17627640384308,1.4314979365001301
110_Narrow,1898022500.0,1.0171087649512867,0.0008012650656869191,-51.675881063715806,0.056109509215678276,0.0022695792367496987,3.8539022939223707e-05,79.57187701043839,1.2904094254416414
110_Narrow,1898025000.0,1.0144640309985888,0.0005214804719862981,-51.601931657297115,0.03475585400663977,0.0022484310783239723,3.903035564883617e-05,79.28945410870055,1.2765055754887076
110_Narrow,1898027500.0,1.01715202041844,0.0006246656735897009,-51.71778710929589,0.052116777470709294,0.0022420071044778485,4.6028167923780486e-05,79.59743203009212,0.8595134954802812
110_Narrow,1898030000.0,1.019412915899059,0.0006228674673824675,-51.71893135958938,0.04206687899241799,0.0022581297133362718,5.7690520041466444e-05,79.05578201039853,1.4433535588333846
110_Narrow,1898032500.0,1.0146690420163336,0.0005980980384849127,-51.65282769328655,0.046362614924558995,0.0022420091573695056,8.187473061225411e-05,79.26105501778783,1.6134309568748066
110_Narrow,1898035000.0,1.0160643197300692,0.0003230931883770503,-51.34271171124085,0.051416994585074295,0.0022342225949715366,5.546075664397332e-05,79.56625755191249,1.2098828561389894
110_Narrow,1898037500.0,1.0172935210868124,0.0005238476445880987,-51.76614522247003,0.03373921404906249,0.0022175637854100617,5.024189120125752e-05,79.51245695039654,1.1278046177067542
110_Narrow,1898040000.0,1.0200356971704712,0.0006614958374501051,-51.68817160118669,0.06516694695200212,0.0022389092307047954,5.427967080510697e-05,79.33383971030791,1.0667215771805931
110_Narrow,1898042500.0,1.0172073421915002,0.00047666972744853195,-51.61202890687593,0.0357747199828217,0.0022143465239919183,5.917122396113677e-05,78.95936385409787,1.031044233073776
110_Narrow,1898045000.0,1.0134975453185975,0.0006942318618155269,-51.71302182465515,0.051532138955098304,0.0022106842625447152,5.856568930497433e-05,79.35882233931159,0.657776396732645
110_Narrow,1898047500.0,1.0196427412325648,0.0005879538454563214,-51.5504818345969,0.02562702232137528,0.002189345140865227,6.658965994005299e-05,78.43828755033569,1.5160341353630153
110_Narrow,1898050000.0,1.0170092610930406,0.0005560661396662857,-51.5453290546106,0.03204370177685042,0.0022288985119795707,4.4311906403292954e-05,79.15714872236393,1.7066427786613716
110_Narrow,1898052500.0,1.0208718093819387,0.0008546386640262251,-51.69110402162257,0.0466031841744047,0.002230465918455123,5.221346238446734e-05,78.48607728745907,0.9511785799602026
110_Narrow,1898055000.0,1.0213040189487776,0.0007216584069277061,-51.81830734684276,0.041171788741612834,0.002253240813586422,3.665531392966208e-05,78.71908930887221,1.9257130503659128
110_Narrow,1898057500.0,1.01806840512258,0.0007393571464558964,-51.69927325089401,0.053801971907430655,0.0022056716454547194,5.777928721640486e-05,79.38158015179343,0.9875863529003885
110_Narrow,1898060000.0,1.0193839893719636,0.0006642620483889903,-51.804108079858935,0.03744158446441912,0.002228648609577279,7.755195118460107e-05,79.52870441802165,1.7810115839927836
110_Narrow,1898062500.0,1.018509078946495,0.0007255067106581329,-51.7834329242672,0.03813067674539652,0.0021919534690739147,5.633344084135412e-05,78.94965810075757,1.650909041191119
110_Narrow,1898065000.0,1.0170533906380101,0.00041294018923198353,-51.60035921176542,0.045367495873146875,0.0022205207427228773,6.203484169590138e-05,78.76697184513992,1.0158080822622535
110_Narrow,1898067500.0,1.0159639601298087,0.0006239585933652029,-51.914689262111295,0.04776889902682628,0.0021942362267469485,6.113085710475659e-05,78.73145393217507,1.8170046657120984
110_Narrow,1898070000.0,1.019484768560357,0.0006903385210056055,-51.859347813476646,0.05078555294436212,0.002211129935174188,3.686916256417135e-05,77.89283490639153,2.1479072213732167
110_Narrow,1898072500.0,1.0165392269360392,0.0005849945405690788,-51.54121680990739,0.04258298639534416,0.0022071645413097793,6.381838496880711e-05,79.34168810006746,1.7300575582795767
110_Narrow,1898075000.0,1.016315667452803,0.0006817063646694674,-51.87828237695252,0.039878275072557715,0.002196196781647277,5.222654312084419e-05,78.30801720204248,1.057451394201774
110_Narrow,1898077500.0,1.018031761097037,0.0007075941590057848,-51.839967961446874,0.042681200960580847,0.0021997258965003176,6.031688965174435e-05,78.41437850336317,2.135153168247339
110_Narrow,1898080000.0,1.0230680901685587,0.0007430362628025564,-51.74886578757775,0.03383731993550985,0.0021980615719749967,5.704983886889193e-05,79.39666426103808,1.1393408341952727
110_Narrow,1898082500.0,1.0201466719516668,0.000779492465720214,-51.8001869931126,0.039191151070922456,0.0022404784593845124,5.3435798180768786e-05,79.18369914287304,1.3646012579881923
110_Narrow,1898085000.0,1.0197287566717437,0.0004199103706811419,-51.78261602222213,0.0407483022096525,0.002200588145088482,7.140432405836307e-05,79.8738674616377,2.189146963566323
110_Narrow,1898087500.0,1.018510934914373,0.0008504335102634538,-51.84759208111471,0.06723503917201988,0.002204712577419693,7.871570211009449e-05,79.15800893541594,1.30448854092134
110_Narrow,1898090000.0,1.0204058025417333,0.0005372116301052398,-51.80832763999078,0.0444705529912348,0.002165018174818131,6.346958897834232e-05,79.06971481738677,1.8878776876468184
110_Narrow,1898092500.0,1.0176900965314726,0.0005692360622918122,-52.07737524137284,0.04645574142190243,0.00219079337013651,5.712068345061288e-05,78.99666911776049,1.3286786280909908
110_Narrow,1898095000.0,1.0183567323576044,0.0005049149416122466,-52.02184905183739,0.03152215671557014,0.0022009695418438017,5.6443435017763885e-05,78.8167101649502,1.4892105608534913
110_Narrow,1898097500.0,1.0167633461994128,0.0006339993515379387,-51.732180830947655,0.039378509952581436,0.0021428164044284717,6.907778351331467e-05,78.81958706862437,1.701723983465584
110_Narrow,1898100000.0,1.0181823043874114,0.0005084733871990983,-51.99247662147132,0.04128324321573172,0.002197582301024095,6.709270274833304e-05,78.55802786087429,1.9050003368641641
110_Narrow,1898102500.0,1.021285735029993,0.00050628640312669,-52.21124521822717,0.04198731261242092,0.0021860432864822784,6.918806380365171e-05,78.58452482947432,1.5295200213750137
110_Narrow,1898105000.0,1.0162732950875881,0.0005603429952505409,-51.834569543828884,0.026134150657591625,0.00215879872250267,5.4342268167419215e-05,78.33336369052773,1.6952735758266364
110_Narrow,1898107500.0,1.018176790265512,0.0008435143650532418,-52.01420957605725,0.02598181874720376,0.0021604012703826904,5.749335676846216e-05,79.1965632405975,1.5407613112147442
110_Narrow,1898110000.0,1.0178889656353265,0.0005385220318161368,-51.83411226385118,0.030209932197382553,0.002172076875519214,5.349558151042149e-05,78.49995276450692,1.7031869827560668
110_Narrow,1898112500.0,1.0185603795272211,0.0007106915771776287,-51.75038137497505,0.049393488339200216,0.0021810461109684023,6.019907342891229e-05,79.47311709709105,1.170544835768796
110_Narrow,1898115000.0,1.0165672639729495,0.0005582438965878964,-51.98232922548502,0.029669932027795602,0.002159797136492622,4.9039687716237774e-05,78.59022372308948,1.405191242395843
110_Narrow,1898117500.0,1.0194317367047039,0.0008425267612375343,-52.00885314350867,0.03145542633071485,0.002171861054820567,5.617919697717845e-05,78.87659342217218,1.203382194586402
110_Narrow,1898120000.0,1.0164654158863708,0.0007533872727843631,-52.055907184722855,0.04040587470746203,0.002157823834524647,5.333982114309137e-05,78.67392987459692,1.2141551079877053
110_Narrow,1898122500.0,1.019336160061368,0.0006705550515140251,-51.98398393801853,0.04231647528834334,0.0021717453635945526,4.9245566648804946e-05,77.68762928365665,1.294032213466002
110_Narrow,1898125000.0,1.0147986284833028,0.0006219272830635803,-51.922200874718456,0.03840594590697311,0.0021491884489317553,7.54834642128253e-05,78.71292272924698,1.613586855575588
110_Narrow,1898127500.0,1.0217226125510457,0.000761753381922923,-52.04282543043067,0.04368524082679501,0.0021906779155983864,5.501885100126254e-05,77.88789158029732,1.7092961244539595
110_Narrow,1898130000.0,1.021851212948389,0.0007907379666275664,-51.99908309853773,0.05976906320626213,0.0021534555859640957,7.492383383542952e-05,78.51078341235593,1.2203862399836616
110_Narrow,1898132500.0,1.0235212173643191,0.00047231557355563577,-51.80345685377763,0.038194206088731135,0.0021796663343539393,3.1558786998772905e-05,79.61282328306339,0.9825025349381236
110_Narrow,1898135000.0,1.019703385833072,0.0004871702094736225,-52.09430408160949,0.059281701279823025,0.0021918968555708854,6.175273599928733e-05,78.72127827317101,1.0709740121293427
110_Narrow,1898137500.0,1.0232198453093644,0.000710097334949592,-51.847472838240456,0.03829081618722714,0.0022012478296244923,7.347785826490748e-05,78.42219275254514,1.7732362571631328
110_Narrow,1898140000.0,1.0202477835730042,0.0006755525994010735,-52.06635423549605,0.051217492862260926,0.0021721283373784166,7.359412518243857e-05,79.21616032556837,0.816845227996416
110_Narrow,1898142500.0,1.0204149865536623,0.00030159122940493605,-51.87065612778866,0.03672687480495988,0.002166914746749042,4.8178138137326595e-05,78.80269021570315,1.4985432526700715
110_Narrow,1898145000.0,1.019617731270914,0.0006077675097210159,-51.96943351656347,0.0294135173293992,0.002179241756970818,4.8823128077482685e-05,78.50289302151569,1.699434258341115
110_Narrow,1898147500.0,1.0209337457314018,0.0005288931916575682,-51.92067673131836,0.04724766271206803,0.00216498042720649,6.751832254629198e-05,78.21103380432443,1.4775572785376712
110_Narrow,1898150000.0,1.0217672196710343,0.0007078583206751248,-52.228043699223754,0.03127026109063249,0.002166293130868936,5.440882821486375e-05,78.65759351867086,1.2169350588693615
110_Narrow,1898152500.0,1.021009222711363,0.0008661100603562259,-51.96579316478212,0.052732545780711466,0.002155510783982741,6.270681697810011e-05,78.83877791484007,1.9735688485708085
110_Narrow,1898155000.0,1.0215007645716503,0.0005604673501717104,-52.24807162127276,0.03398348412436836,0.00212164009957055,4.75187757966167e-05,78.93570862409209,1.7066633409373735
110_Narrow,1898157500.0,1.0166940797512598,0.0005344566540388026,-52.10905283082393,0.0366166042571066,0.0021723580111943875,5.100629809332321e-05,78.52410885857157,0.884078880126058
110_Narrow,1898160000.0,1.0221289262979878,0.0005041099372791672,-52.09127370449967,0.05884397431850665,0.0021923813244801678,3.999456530140553e-05,79.00030646352671,1.116263955700162
110_Narrow,1898162500.0,1.0241690779839923,0.0006716773483822431,-51.82931684863583,0.03911835810569155,0.002168550407964133,7.614393471458796e-05,78.12439789818994,1.9765713831184948
110_Narrow,1898165000.0,1.017655796283405,0.0005299079579415089,-52.144687997596264,0.04725176470878184,0.002112603228702917,3.257624763988291e-05,78.37664726443673,1.641669116912777
110_Narrow,1898167500.0,1.0221057916024179,0.000665767426711354,-52.23880434719342,0.04042741713906658,0.0021347319048080067,5.40883929080655e-05,78.57644821837475,0.9879910893321222
110_Narrow,1898170000.0,1.0191982974756904,0.00048324483080775785,-52.37755988392324,0.036605459386998086,0.002105700437270866,9.510706532772164e-05,78.96581784149335,1.561778928595629
110_Narrow,1898172500.0,1.025637541926804,0.0006069656658179021,-52.1004912093285,0.037943835147114656,0.002143815594301807,3.803042789658596e-05,78.30323835005176,1.8069741229536604
110_Narrow,1898175000.0,1.0177546674863032,0.00047349710195472995,-52.22847008206795,0.04608734793320513,0.0021199038496028727,3.618895274165424e-05,79.12577311613902,1.0985981138675047
110_Narrow,1898177500.0,1.0192466785731331,0.0005908069897244194,-52.10959793009884,0.03589224672057057,0.0021283898422675683,3.697389704414636e-05,79.47813106860276,1.4095836376050268
110_Narrow,1898180000.0,1.016066327792311,0.0007440613035390029,-52.08129011328749,0.039989211867236855,0.0021545567229466216,6.993900817487985e-05,78.44721112646954,1.6158966361996754
110_Narrow,1898182500.0,1.0244057675003397,0.0005034809928190484,-52.202558992084434,0.046915512254137336,0.0021590349989347745,6.329290837644265e-05,78.30535201968897,1.3050106902497018
110_Narrow,1898185000.0,1.021540518576988,0.0006482221503102051,-52.50088960620727,0.03464380313416117,0.0021425464303544777,6.16195185563967e-05,78.62490735547924,1.9509514097579819
110_Narrow,1898187500.0,1.0159471038460535,0.0005826486675406478,-52.42196479695166,0.04791517171171932,0.002074170969320464,4.536753959916105e-05,78.5610945357052,1.2721627541121523
110_Narrow,1898190000.0,1.020048004523676,0.00041293011119452575,-51.928803903174,0.03377062326537169,0.0021094958015508256,2.561959626262527e-05,79.0057074445415,1.2870865303136936
110_Narrow,1898192500.0,1.0175062513109905,0.00033564561560147494,-52.13284518237374,0.025240825202588302,0.0021362756759123053,3.214478927353804e-05,79.22854067230493,1.3274051465592216
110_Narrow,1898195000.0,1.018038057044,0.00053566606410037,-52.07231873245569,0.049900706202032276,0.002104743755416555,5.621267751135525e-05,78.99324886481894,1.859732882833416
110_Narrow,1898197500.0,1.02261498068065,0.0006862937164946935,-52.01682881563254,0.05048313189138765,0.0021443232877869168,4.808142253660322e-05,77.83633513957493,0.9196703971492171
110_Narrow,1898200000.0,1.026933960099432,0.0005972029089500999,-52.207905422249006,0.046228309421541755,0.0021098641497507105,6.758818713632807e-05,79.20922324497437,1.9224236580101663
110_Narrow,1898202500.0,1.0234301937766932,0.00072287888350402,-52.403839342101115,0.03935163227148246,0.0021257045105352026,4.4240793832641016e-05,78.31850145729722,1.292552244571319
110_Narrow,1898205000.0,1.0232469702435236,0.0005967778804115969,-52.23706829911982,0.050831645318613214,0.002128890173217603,6.268238272466749e-05,77.41353967727287,2.3336758571993075
110_Narrow,1898207500.0,1.0212343322289679,0.0006639116648539149,-52.18338766666918,0.04873336676251927,0.0021312603714941786,7.077707648877728e-05,79.40600172976052,1.3601696956179645
110_Narrow,1898210000.0,1.0209577541320818,0.0006611774231765501,-52.5003806677536,0.03226760977441052,0.0020921574383437475,5.988657493259144e-05,78.74655565007586,1.0456184925671697
110_Narrow,1898212500.0,1.0193598389444765,0.0005278985909871332,-52.18458321102599,0.040035446459544065,0.0020908277857117964,7.280188261559499e-05,78.90901353507097,1.1023568428140051
110_Narrow,1898215000.0,1.0193036694723174,0.0006316492755682735,-52.30415017678183,0.023874113070220967,0.002062418558761394,5.592178946554631e-05,79.08790392362451,2.1884337190346703
110_Narrow,1898217500.0,1.0219675416222016,0.0006508375230859834,-52.317326955611115,0.03890779547166589,0.0021088177368181462,5.740875222221833e-05,78.76595523892777,1.9871210548820273
110_Narrow,1898220000.0,1.0212139174983617,0.000813477579299171,-52.600918335065195,0.05981379680210447,0.0020971391684678456,7.837015704387359e-05,78.98562055803328,1.4192301563931213
110_Narrow,1898222500.0,1.0232530965164788,0.0005965125441515406,-52.230446463315914,0.046433990734513084,0.0020834175196056555,1.8149988367870307e-05,78.23211053839734,1.2030402615921
110_Narrow,1898225000.0,1.0187656288718263,0.0007025789693125734,-52.32115834193106,0.028378292821635294,0.0020873652973334724,3.1028380902475944e-05,78.30768060001417,1.5921046231045761
110_Narrow,1898227500.0,1.0207377203023005,0.0004896565675954148,-52.40519191240158,0.03900084560338136,0.002066198687135394,5.860054259892241e-05,78.20230779734655,1.5250085319114208
110_Narrow,1898230000.0,1.0223508645676405,0.0008448187716656143,-52.37717525557188,0.049093668367750004,0.0020837905787746986,6.226991989598428e-05,78.80546793238172,1.3794092801953695
110_Narrow,1898232500.0,1.024459620363435,0.0008623515750888763,-52.55874664771349,0.04594304939632019,0.002056908302554839,7.712404447996258e-05,79.14867504151357,1.5818276232319655
110_Narrow,1898235000.0,1.0191343214653512,0.00047247101146006816,-52.5174276270617,0.038914582515096593,0.002066679277510846,4.342816652338113e-05,79.4379282758768,1.6627289797826401
110_Narrow,1898237500.0,1.0246860234392094,0.0005271712822896351,-52.497591167729965,0.0347622999338814,0.0021068384835088924,3.3435346871498024e-05,77.79604635581471,1.7591342289906304
110_Narrow,1898240000.0,1.022047052297009,0.00046442719294380455,-52.516096924614345,0.03761260254437699,0.0020687093307370525,6.0149799111512716e-05,78.21325554114622,1.6010269541356081
110_Narrow,1898242500.0,1.023216305322158,0.0005118165290102271,-52.356308599558,0.049070893653840084,0.0021234340505165814,3.547988310272688e-05,78.52426906286495,2.138362248657939
110_Narrow,1898245000.0,1.0222223540008253,0.0011538613403605019,-52.62282621016401,0.026480878333862038,0.002077332683969853,5.0622191105488135e-05,78.30326251192274,1.1984688993658117
110_Narrow,1898247500.0,1.0196101587629094,0.0005396398425075097,-52.50821326782342,0.044445485648863435,0.002061235197901775,3.3120543667747074e-05,78.80777149672005,1.1949715490513992
110_Narrow,1898250000.0,1.0228912799504666,0.000820089304365791,-52.517280571341516,0.04081342194706919,0.0020610347549044174,6.387697652502101e-05,78.4466427402621,1.5386382417226327
110_Narrow,1898252500.0,1.0207685340313022,0.0006208164920301995,-52.557685143148134,0.03766258621929304,0.002115796618880109,5.489901268256597e-05,77.96876634226048,1.7184526286146484
110_Narrow,1898255000.0,1.0284749244200149,0.0006127700587020524,-52.53359427928218,0.03879062325005775,0.0020650919255556788,6.158293200442618e-05,78.45377204619865,1.258623497233528
110_Narrow,1898257500.0,1.0247946493107647,0.000752523246202733,-52.400416392184354,0.05917951780123763,0.002077286256288677,6.216096422999052e-05,78.88516203011078,1.4078676184524135
110_Narrow,1898260000.0,1.0222637549049045,0.0005993274583211562,-52.67172878384002,0.02521635652413559,0.002086701575894447,5.705589582237677e-05,77.22391260710984,1.4890664425800875
110_Narrow,1898262500.0,1.0264155868082558,0.00040985051696608345,-52.68423873133286,0.03656941058272384,0.002055360734619916,3.5231764998802554e-05,77.79347706394115,1.7867628138593736
110_Narrow,1898265000.0,1.0262877007444215,0.0006593134236560602,-52.28684391446388,0.033983590789195516,0.002091082731255894,7.03242578267528e-05,78.75760192867862,1.105346515192343
110_Narrow,1898267500.0,1.0204731018048048,0.0001865029576638434,-52.60603492423646,0.03307241900029621,0.0020777996157740836,6.845538711291995e-05,78.54326170934402,1.222177578051329
110_Narrow,1898270000.0,1.026395279805831,0.0005380400951956976,-52.44331073890924,0.01289981456182506,0.002119832771242285,3.196249680143557e-05,79.01680645428458,2.017048452722353
110_Narrow,1898272500.0,1.0223613539225584,0.0006392150800331375,-52.636293203379196,0.04092268485302234,0.00207707410757082,3.991060694244783e-05,78.48021663672124,2.022712677411449
110_Narrow,1898275000.0,1.0250770765631951,0.0006340023868308297,-52.53094706969809,0.04780336315032989,0.0020382208486810806,4.0080406817281755e-05,78.71520469165118,1.4000507875161214
110_Narrow,1898277500.0,1.026182071322512,0.0006289401110472851,-52.549953881024,0.035755320135121886,0.0020579082110577145,4.368647145352314e-05,78.4430720620586,1.400896256935244
110_Narrow,1898280000.0,1.0244540776392086,0.0008308894125893725,-52.66098113459464,0.016605478666344296,0.0020675570186755336,6.672919565258694e-05,78.96761887806419,1.3246242924562472
110_Narrow,1898282500.0,1.0245716752926897,0.0005615113111235351,-52.916673119704114,0.0361167041581743,0.002044337016783063,6.725568671514454e-05,78.79913914096704,1.823361428902451
110_Narrow,1898285000.0,1.0261839771537993,0.0006378876914225877,-52.568466630124625,0.04966929995046269,0.0020628575669538866,5.3814532988510426e-05,78.3777306492038,1.7656691097892079
110_Narrow,1898287500.0,1.020618639640957,0.0005023870619985887,-52.575721030957354,0.06284574505342731,0.0020597272691318265,6.334803505905047e-05,77.86862259155475,2.1962308754067728
110_Narrow,1898290000.0,1.023519774508902,0.0007535399460108164,-52.42340604434293,0.03280813631602387,0.0020590688863745873,4.8120958085942464e-05,78.66195328730014,1.813967737783331
110_Narrow,1898292500.0,1.0233734303262931,0.00033495600931946867,-52.76962835648772,0.04380539559425561,0.002037283164263497,5.206661161071004e-05,78.47943443652856,1.2733912479505831
110_Narrow,1898295000.0,1.0259906395984237,0.000604970263599752,-52.561461151792905,0.03995840337426997,0.002036652253779182,5.037170271033258e-05,78.47020523591364,1.770867081087962
110_Narrow,1898297500.0,1.0228425157363066,0.00046882285276420813,-52.46491903011635,0.05700176067030662,0.002051963215332704,7.293087464176793e-05,78.1461360782163,1.4179793940289247
110_Narrow,1898300000.0,1.0207409564114238,0.0007417133862322628,-52.60776188560964,0.030660162050462753,0.002027493085991138,6.968411226352896e-05,78.54480567379058,2.234624364240006
110_Narrow,1898302500.0,1.029109312256776,0.0006563785055055448,-52.624997980544,0.051612334801576294,0.0020384813906091813,4.1763312420493305e-05,78.41061444356055,1.9785474991406622
110_Narrow,1898305000.0,1.0218873695716442,0.000494672180508928,-52.556747624300996,0.02049192821543456,0.0020449898065925463,4.692043780838284e-05,79.27611290189004,1.249741129026257
110_Narrow,1898307500.0,1.0249547986788032,0.0005685125143080742,-52.57244909445697,0.04019467196587409,0.0020821356951046762,5.4223420989146185e-05,77.74538063977866,1.5835112437907886
110_Narrow,1898310000.0,1.0263624945822338,0.0005309426619676637,-52.81599329883308,0.0333869873126136,0.002029762901693335,4.871327910467818e-05,78.35515088817384,0.9175911625603252
110_Narrow,1898312500.0,1.0219536850489641,0.0005305680444913791,-52.87426653528366,0.045044530654385684,0.0020192359928238486,6.8958754003008e-05,79.26746263747411,1.5283559908848952
110_Narrow,1898315000.0,1.021952277397784,0.0005759989782768158,-52.65330558710289,0.03930312761379875,0.002043542018544788,3.727148628311039e-05,77.48807082163025,2.241985520757524
110_Narrow,1898317500.0,1.0238248231087443,0.000420076867312616,-52.62754926950449,0.03938218815679203,0.0020138044096773954,6.715673725575385e-05,78.45539543808296,1.7099548192022909
110_Narrow,1898320000.0,1.0239322140763167,0.0007843851654693771,-52.76684071757977,0.041050604515214174,0.002042793343216317,4.7030399206358605e-05,78.8237180178572,1.5090877810660914
110_Narrow,1898322500.0,1.025820702019545,0.0005612615667548479,-52.73576257943335,0.037039005308547736,0.002058404602174083,5.6066388459598434e-05,78.99138294256339,1.4906929672570362
110_Narrow,1898325000.0,1.024025758997914,0.0005692917685092178,-52.64902627853739,0.039686924636554294,0.0020249281237433455,5.8940770068925634e-05,77.8506896906918,1.890704660148032
110_Narrow,1898327500.0,1.0272105895130417,0.0010832603735906226,-52.8539273078587,0.04629253717594601,0.0020344387815467192,4.157505896264281e-05,78.75230411302677,2.027110919219111
110_Narrow,1898330000.0,1.0224202595531588,0.0004973292447715766,-52.80541034251114,0.0545131568932706,0.002071834171940954,5.5822659760990424e-05,77.97948999760513,2.1642648975888163
110_Narrow,1898332500.0,1.0246545728052,0.0004000969098589772,-52.73119133718589,0.02657399271519969,0.002045356523625954,5.291478970633091e-05,79.0549634807971,1.6482804069504033
110_Narrow,1898335000.0,1.0227939943266373,0.0004795703748433439,-52.62659243101918,0.03602461511440327,0.0020249330046200296,5.527065326367669e-05,78.09388398511742,1.6888804954808896
110_Narrow,1898337500.0,1.0238514169344741,0.0004032651402724115,-52.921969821520364,0.03965253557009462,0.0020286074067098897,7.283998452522701e-05,79.0643505228189,1.7349878205649114
110_Narrow,1898340000.0,1.0233445556470449,0.0005437697348645404,-52.73347702599284,0.02776027648003735,0.002015557019637373,8.022681068667364e-05,77.68661211742828,1.116384920410044
110_Narrow,1898342500.0,1.0233237976608343,0.000601233178481715,-52.99178324067008,0.03664843671629272,0.0019853768601059466,4.61033026100137e-05,78.77071024822084,0.992083915803591
110_Narrow,1898345000.0,1.0255802368006957,0.000644755432096026,-52.72934486168,0.03586057640503634,0.0019818466872697327,9.81956585941831e-05,78.65207241787853,2.0198074983865557
110_Narrow,1898347500.0,1.026039135643576,0.0004755369141508165,-52.86690768948607,0.028298632056984834,0.0020045816873501036,5.578896039929903e-05,78.00386743422709,1.5462541329684307
110_Narrow,1898350000.0,1.0253690012879642,0.00031699624879969206,-52.821346058342655,0.052344010874954494,0.0020597539126618854,5.8681267331921285e-05,78.26694530955231,0.9961148573072841
110_Narrow,1898352500.0,1.0248872746818758,0.0004542522265964447,-52.78965377740318,0.036751358014950636,0.002024528209946722,4.062493184206275e-05,78.30033706066774,1.897683813351297
110_Narrow,1898355000.0,1.0251781091558199,0.0006584972770145807,-52.917972128095236,0.03795701156740568,0.002006876511860521,4.1158317042165214e-05,77.45466308519897,1.5626985032712093
110_Narrow,1898357500.0,1.0288853860001559,0.0006711112567235024,-52.75066218435695,0.03237590095798251,0.002016325989219152,4.251213872189677e-05,78.51617610824628,1.3580586909381662
110_Narrow,1898360000.0,1.024771197563076,0.0008436024426573099,-52.87029616802812,0.0366999981672999,0.0019912250695266814,6.693171569768173e-05,78.32363300068471,1.3948857842772036
110_Narrow,1898362500.0,1.025503054158667,0.0007240291709775633,-52.68434997683296,0.04545104052203419,0.001983050643433132,3.320612124490921e-05,79.1298744476084,1.9680244246980942
110_Narrow,1898365000.0,1.0275325266922928,0.0008920565503237462,-52.92817459533847,0.042049403013798115,0.0020137226301912103,4.089967414065055e-05,78.41003912311035,2.1693967602954483
110_Narrow,1898367500.0,1.0257442119539733,0.0008762293796040916,-53.11248549139957,0.04289325074334105,0.0020243013694235088,5.473742632419024e-05,78.18214429221271,2.1501474150079347
110_Narrow,1898370000.0,1.026362759901774,0.0007820676185232751,-52.87708629310811,0.026200767131688764,0.002025381626239128,5.786856807696847e-05,79.18267275958988,1.4986926405237018
110_Narrow,1898372500.0,1.0216376812717185,0.0005641602286210683,-52.73999497998901,0.03992245862282398,0.0020099976633505805,4.257547631094805e-05,79.44645989142121,2.0245851146859524
110_Narrow,1898375000.0,1.0231700061561542,0.0005869483031010554,-52.97249694309639,0.0397975039551589,0.0020245788480176344,7.252780260230664e-05,79.11167388466326,1.5416158780986606
110_Narrow,1898377500.0,1.0236305081087365,0.0007021550006584693,-53.02652513598058,0.02184770195185652,0.0019699508243328527,6.773292647413308e-05,78.01898773016916,1.4636253448740386
110_Narrow,1898380000.0,1.0216986696163595,0.0006803033539527223,-52.703436927068914,0.04695707571527007,0.0019834742948978963,8.479063316790434e-05,78.88378121904215,2.0202399138505975
110_Narrow,1898382500.0,1.0242996047383086,0.0005493964533004862,-52.93125897003617,0.049760416173466666,0.0019684660738160226,7.024807259983097e-05,78.37189794801127,0.7299888510820298
110_Narrow,1898385000.0,1.0302965369218393,0.0005723410251124015,-53.074938896334956,0.04380982344369686,0.0019441786765246687,3.966480598955344e-05,77.7605477106515,1.7875702615477909
110_Narrow,1898387500.0,1.0292002342031474,0.0006355633596525023,-53.14591234051108,0.03379307865718187,0.0019788100109640553,6.20972007993151e-05,78.79843576759967,1.580223574865694
110_Narrow,1898390000.0,1.0265560896085792,0.0005196102766659998,-53.037224132855215,0.045450525901087606,0.0019752181440991466,5.7402684804600325e-05,78.44133100861033,1.875709825425291
110_Narrow,1898392500.0,1.023924716477921,0.0004961373635116126,-53.11366476812682,0.028923526264637203,0.00202338772688029,6.833580441217336e-05,78.45277077527142,0.9617712164400671
110_Narrow,1898395000.0,1.0238422789905104,0.0004510232845323311,-53.08751687065375,0.030637214252525292,0.0020122788401455848,4.550805036098905e-05,78.33305053461405,1.6597115800777125
110_Narrow,1898397500.0,1.022949310765917,0.0009497746049493948,-52.6642420969019,0.03933884330279618,0.0020182973426201433,6.931298443534882e-05,78.10122650378413,1.3009224922140206
110_Narrow,1898400000.0,1.028936836770275,0.0005673703838323875,-52.78859170368416,0.053908257176816625,0.0019960374488969925,6.099099556899636e-05,78.40330375009394,1.9478910066993216
110_Narrow,1898402500.0,1.0252477380004286,0.0007750742709291379,-52.979146751714964,0.03162263109582649,0.0019608689582746434,7.684701970846125e-05,78.05157123264503,1.8394499007467373
110_Narrow,1898405000.0,1.028050355604953,0.0006485587551284054,-53.04590158068355,0.03683790856164951,0.001984129027006618,5.943061311039145e-05,78.08665400554197,1.7447602730237588
110_Narrow,1898407500.0,1.029280593064972,0.000800837970989226,-52.948717128572255,0.0319736751230421,0.002008966822874624,7.933788786701392e-05,77.53677040029535,1.5453722974692359
110_Narrow,1898410000.0,1.0292280115420518,0.0005688252594026154,-52.966134722210434,0.05247926489111185,0.0019910928591620053,4.22822867552831e-05,77.57473780600768,1.633084350476611
110_Narrow,1898412500.0,1.0264284387328857,0.0006292440893468832,-53.117805377088615,0.03247007526179079,0.0019678810524589104,4.4756704084237287e-05,77.6725460171361,1.3263558974629532
110_Narrow,1898415000.0,1.0269465303142071,0.0006110206686492783,-53.09293979539256,0.03359190593577794,0.0020028070678932025,6.687305324842941e-05,78.19058607974289,1.2918818040232267
110_Narrow,1898417500.0,1.0260590887934704,0.00046531193278076007,-53.13390282015554,0.054135515052813624,0.0019460103359249762,5.645690544953259e-05,78.58603319948445,2.0088968582414037
110_Narrow,1898420000.0,1.0237041251804995,0.0008364901365891352,-53.18760571097726,0.02643759210342487,0.0019669099734310725,5.5537783812322976e-05,79.52074416326695,2.5926864502751745
110_Narrow,1898422500.0,1.0253640161206503,0.000813705073812787,-53.07186019407476,0.030119524527211648,0.001955437302438479,4.794278433033787e-05,77.56198259954395,2.5355689227631517
110_Narrow,1898425000.0,1.0241446452511376,0.0007100547905546806,-53.18802517710821,0.028511576410163907,0.0019661390825232846,3.5720715457232315e-05,78.60021699683858,2.059826331062975
110_Narrow,1898427500.0,1.0295141990207846,0.000549621849044333,-53.073812015325345,0.039387974784790655,0.001988725950014229,5.970340763799966e-05,77.9264971726409,1.9780033402077628
110_Narrow,1898430000.0,1.0270568967755704,0.000592373002717054,-53.16631247162934,0.031437190330837674,0.001961907335628353,5.527128664119128e-05,78.46865786360044,1.6159063778609877
110_Narrow,1898432500.0,1.027015273511547,0.0003967854396722581,-53.04396964734364,0.043121574687605344,0.001947891929784486,4.190090167970323e-05,78.40943055861258,1.952021181541496
110_Narrow,1898435000.0,1.028000225764368,0.0006639831633206252,-52.88858405883966,0.03284999330603135,0.001960022673118035,7.191572726966442e-05,77.69741568835343,1.3755675462531032
110_Narrow,1898437500.0,1.0277262814173282,0.0007260793884576713,-53.13777933603414,0.047829321587381575,0.0019946423693742187,5.993974441545043e-05,78.572802960089,1.8037875602619313
110_Narrow,1898440000.0,1.0298640759068052,0.0009304679029249237,-53.334235907240775,0.035258425296709216,0.001972335306018125,4.769444788021234e-05,78.01019735563996,1.1027467116939886
110_Narrow,1898442500.0,1.0223503624293295,0.0006017388117408357,-53.09485466330431,0.04266377336434406,0.0019319239349223569,3.103803813811684e-05,77.36422907318008,1.3177487226890283
110_Narrow,1898445000.0,1.029953414018563,0.00048025917790804964,-53.08548141612431,0.04342771569764142,0.001989312434420288,8.306544885848466e-05,78.82849620883903,1.1854372236145914
110_Narrow,1898447500.0,1.0281975190261896,0.0004665139372799993,-53.136884783002124,0.04488782248646158,0.0019598895504457695,6.508562626959672e-05,78.80218136556242,1.9155191741249715
110_Narrow,1898450000.0,1.0289464019959134,0.00048520046263481726,-53.177330232549316,0.035106170207478964,0.001958909200340178,6.021113434338767e-05,77.81987262194032,1.58687232862324
110_Narrow,1898452500.0,1.029453529186714,0.000646736715660402,-53.257493284192265,0.04718262904297735,0.001927466601784671,5.177886551526886e-05,78.00538373977378,1.2920035080744965
110_Narrow,1898455000.0,1.0289653897624382,0.0007583035447734122,-53.03432937913685,0.048763633685534026,0.001928510663432229,4.314305418526929e-05,78.07085151696644,1.708873687988746
110_Narrow,1898457500.0,1.028922099712831,0.0004281993640970866,-53.29169462351655,0.03733918348824547,0.001940429136564836,7.015646751464237e-05,78.03502481242509,2.090337940745478
110_Narrow,1898460000.0,1.0245900306244362,0.00037906692245328504,-53.22587507530929,0.04801809174748092,0.001957821132832142,7.136621241577648e-05,77.48999896844516,1.1825635558464305
110_Narrow,1898462500.0,1.0310939925803202,0.0006322786763029919,-53.31719980174585,0.03825281330262301,0.0019105660813872106,9.758297223159946e-05,77.94539231643482,1.9063128628378974
110_Narrow,1898465000.0,1.0279564926724047,0.00037922535761766553,-53.252941475114326,0.049742604682438483,0.0019246121985093281,5.6875139279509516e-05,78.03248690423784,2.2263621130799267
110_Narrow,1898467500.0,1.0283438794243047,0.0006338826272721668,-53.344778805895835,0.052444129978142344,0.0019162677772964975,4.0734980217842184e-05,78.04254551429094,1.9676192704717697
110_Narrow,1898470000.0,1.0262270036249477,0.0007872899099274231,-53.157005713457295,0.04532025326693345,0.0019176771958361997,4.83550937546476e-05,78.06599288982804,1.763550742627714
110_Narrow,1898472500.0,1.0232031593095867,0.00046348374546607656,-53.421227428176906,0.037882979856434636,0.0019343295975563818,4.420222161828696e-05,78.1856738354548,1.8278834833487723
110_Narrow,1898475000.0,1.0303703420198733,0.000512591614477427,-53.278475610114306,0.03409973413538011,0.0019274674170225844,2.4071978622997692e-05,78.38484619761803,1.6320365763903952
110_Narrow,1898477500.0,1.0281365819261177,0.0005660082194769696,-53.1018014504917,0.043764492250369116,0.001975165961629889,4.032476755068491e-05,79.15085979208877,1.290833415455508
110_Narrow,1898480000.0,1.028356635802172,0.0005084896189977602,-53.21589584418051,0.019713302246302532,0.0019227144649214623,4.809003182087565e-05,78.4251766558815,1.6271739061009243
110_Narrow,1898482500.0,1.0300077384591444,0.0006674851421109262,-53.31601794608214,0.047056038231605694,0.0019325836957274874,5.304197305994894e-05,78.56771939057595,3.084647141739362
110_Narrow,1898485000.0,1.0269267845835648,0.0006370089127950525,-53.391853766281784,0.024735026708932028,0.0019273494512623622,4.697214584247233e-05,78.02913624630418,1.8711674668464178
110_Narrow,1898487500.0,1.0289984251264117,0.0005162960757729792,-53.37548979860867,0.04393914333016727,0.001959992007361843,7.574862586935948e-05,78.2439960157485,0.9571341298955902
110_Narrow,1898490000.0,1.0300949984875059,0.0005796150868674621,-53.423587771509965,0.021905233420507927,0.0019134033921769681,4.505434963793244e-05,78.82660259426368,1.640396749328801
110_Narrow,1898492500.0,1.0259362655345883,0.0005006509049749422,-53.32603070615505,0.03108079300484505,0.00196015463518922,7.87337351469321e-05,77.42982106605164,1.9559644932055906
110_Narrow,1898495000.0,1.0255417699847906,0.0003999018677276489,-53.4665111192942,0.03746695706137318,0.0019218803705528462,4.077421482670959e-05,78.15870274030152,2.121804226034998
110_Narrow,1898497500.0,1.0317917245174704,0.00047805612502048233,-53.17006502981968,0.05402953694172455,0.0019607531003751,6.744762265261422e-05,78.10756455618873,2.310606577801595
110_Narrow,1898500000.0,1.0285121905137795,0.0005126919806537541,-53.19017964962399,0.02487594588395427,0.0019248023926336077,7.028523716404412e-05,77.73435023174056,1.7290362755208706
110_Narrow,1898502500.0,1.028702956087587,0.0005849860785562781,-53.28808059916428,0.040838419945848296,0.00197580711946054,4.7305447907907936e-05,78.68436531078099,1.5195915352596043
110_Narrow,1898505000.0,1.0297598671528068,0.0006163122625666742,-53.455290520077654,0.03961893616049327,0.00193302054205805,7.01948744128587e-05,77.54556312662032,1.385909674877677
110_Narrow,1898507500.0,1.0232821985031235,0.0010331062392172866,-53.37578133353238,0.03867817614577927,0.0019137707611701334,6.691730095785729e-05,78.10597511073716,1.2857874851936413
110_Narrow,1898510000.0,1.0336924027186754,0.0007033690123483433,-53.50727379293694,0.02715651073165434,0.0019054023343987167,4.9334704725609885e-05,77.51835279922963,1.663063789747472
110_Narrow,1898512500.0,1.0294720727297764,0.0006002186433513237,-53.36945791290638,0.03660188096467269,0.0019189249913069463,8.41530442437149e-05,78.0162160444457,1.5257759159689313
110_Narrow,1898515000.0,1.033349663625853,0.0006592663242890757,-53.43729064838001,0.03079572470589808,0.0019121597885346988,5.5103991796577703e-05,77.92268112515161,1.8324001243835972
110_Narrow,1898517500.0,1.0254945707417598,0.0004217621280488139,-53.527218713846835,0.04863670207287198,0.0019169395869561554,6.96502349369306e-05,77.7938104114899,1.7140309073509745
110_Narrow,1898520000.0,1.0323038896338743,0.0007233937738695587,-53.74420050988059,0.03654754281682874,0.0018969427283104033,7.033823880734889e-05,77.57683886477051,1.9395477349824943
110_Narrow,1898522500.0,1.0271214409872238,0.0006588643689323162,-53.34684573516768,0.042715967638545516,0.0019008060820964415,3.746251531135831e-05,78.19954938539455,1.5596430324441388
110_Narrow,1898525000.0,1.0270809903110172,0.00045632811716259076,-53.39772264762746,0.03006108497762662,0.0019191364801132485,6.265498410279277e-05,78.40734333953134,1.574206712074722
110_Narrow,1898527500.0,1.0234824623690404,0.0006265799487779076,-53.642053237021294,0.029664218572755228,0.001887407708896071,3.5492529153562003e-05,78.57017635411127,1.763307411029561
110_Narrow,1898530000.0,1.0283668194384452,0.0005170579672281306,-53.506536922071156,0.05758428140605142,0.0019070370372466828,6.622614976072491e-05,77.29497736919733,2.020901479456824
110_Narrow,1898532500.0,1.0308512528400926,0.0005914954822008689,-53.35635511553518,0.03667080586191708,0.0019263359286722447,8.125453561752871e-05,77.87882481975282,1.3129934877086076
110_Narrow,1898535000.0,1.0308361757000013,0.0006851541318330659,-53.63988938907934,0.05312359784887589,0.0018731280134278469,6.902916240046701e-05,78.75642074908252,2.091077449791171
110_Narrow,1898537500.0,1.0287018794558416,0.0007158484946114709,-53.23227413615481,0.043075356501362516,0.0019056966655373686,4.109609705973033e-05,77.0265160008092,1.9549930138637175
110_Narrow,1898540000.0,1.0297627472030872,0.00090878874063472,-53.354849890515176,0.03847806321444394,0.0019067536329713318,5.583987359917078e-05,77.68888922418823,1.6403553850864938
110_Narrow,1898542500.0,1.029714762562823,0.0005614406602919589,-53.50892476048978,0.05436762805075394,0.0019244138473884405,4.0332323382454996e-05,77.18436374508164,1.7208248846701082
110_Narrow,1898545000.0,1.025894018806656,0.0006830293193446745,-53.58833306972098,0.033994549562294404,0.001903414712057371,5.658594079971328e-05,78.26401483045203,2.4012908602455263
110_Narrow,1898547500.0,1.0267238939326366,0.000694065926632886,-53.65147759262026,0.034874807421220594,0.0018711500829942185,5.189139326377468e-05,78.38205236786077,1.2027594373851378
110_Narrow,1898550000.0,1.0285102388518588,0.0005891280718418881,-53.61592678687801,0.04019764346956138,0.0019042130099408174,5.6326043648390873e-05,76.42920767168623,1.5466032815532005
110_Narrow,1898552500.0,1.0304501044550918,0.0005937821226284591,-53.34806996644198,0.0346231366251452,0.0019281969514418512,3.585990189549845e-05,77.34168956107331,0.5618662874203676
110_Narrow,1898555000.0,1.0312632588450725,0.0006302640428034116,-53.44727589622164,0.047561170229378266,0.0019143040152813284,5.633614688420059e-05,78.18092464545204,2.010986066152022
110_Narrow,1898557500.0,1.0255021234990316,0.000631953354136224,-53.50443782954548,0.027305602915891368,0.0018933864032755201,3.380343300301472e-05,77.7024485759975,0.872755374613552
110_Narrow,1898560000.0,1.0298746931985212,0.0006563236440194877,-53.63950496893853,0.02693100021257675,0.0018777773787230889,6.316690343052108e-05,77.33907029173065,1.4792710743679478
110_Narrow,1898562500.0,1.0266957288653522,0.0005626543754562304,-53.43956038544768,0.038751735627135776,0.0018866053245785582,6.1027751464680714e-05,77.78583158642721,1.1301008493243128
110_Narrow,1898565000.0,1.0282147122925829,0.0006007090816817196,-53.421459114248506,0.024103795850964924,0.0018925704913608492,2.7313941099810603e-05,77.83363576002338,1.7917166796699673
110_Narrow,1898567500.0,1.0257551261529112,0.0006742182747981749,-53.62881943490472,0.03695302091439962,0.0018947807531045319,7.032012230974135e-05,79.03209034026169,1.0774050673355147
110_Narrow,1898570000.0,1.033239714197004,0.000560299823947032,-53.58833511513856,0.02326735052998771,0.0018998794555515816,6.186083011887381e-05,77.62668682281934,1.5069759485096508
110_Narrow,1898572500.0,1.029222871404982,0.0005511639327920245,-53.42684950640458,0.040926707925871664,0.0018930059594697037,7.176824053322617e-05,78.39969170945008,1.6470355136957846
110_Narrow,1898575000.0,1.029616099067055,0.0005445517001223296,-53.59009430406763,0.03390289962391513,0.0019076865104620385,4.3230512297323945e-05,77.93937981199596,1.3982422840562914
110_Narrow,1898577500.0,1.03108805159481,0.00020409556473246628,-53.63438605328575,0.03580564407167792,0.001906427589442454,4.8315439078690406e-05,78.31356101425182,1.6732082779119049
110_Narrow,1898580000.0,1.0276821481953016,0.0006772767495035743,-53.35659767242667,0.03470325983557481,0.0018806120892767206,7.012618793419461e-05,77.38688780221578,1.208909936454026
110_Narrow,1898582500.0,1.0280311854923185,0.00046641491461607484,-53.509982052930354,0.04828494650563016,0.0018443070607222281,7.639517303454636e-05,78.98415560564138,1.3155817609694993
110_Narrow,1898585000.0,1.0245140424420853,0.0004926537091325901,-53.68003596761375,0.051753568830495776,0.001850656976130417,3.458340831643103e-05,78.14724810946771,1.386898137391185
110_Narrow,1898587500.0,1.0308349209323586,0.0008154996995476861,-53.63988030307298,0.038492785926725594,0.0018681536584267088,7.2127370112521e-05,77.36757289246098,2.0968138466311155
110_Narrow,1898590000.0,1.0274073492779778,0.000737175685024785,-53.61405709208369,0.031484095500194736,0.0018508357839009675,4.047895557552422e-05,77.12619917072641,1.447801052105979
110_Narrow,1898592500.0,1.0277811214210688,0.0005507134724199794,-53.547137768080816,0.033542502598595876,0.0018742723754641756,8.013962661082193e-05,77.89845144810096,2.232743690129144
110_Narrow,1898595000.0,1.028626465442019,0.0010603474211072802,-53.62001405427456,0.03830961279032798,0.0018618524638535378,7.269109365809086e-05,79.26339978703885,2.298218852730843
110_Narrow,1898597500.0,1.0284060239382387,0.00045312272378295466,-53.701771512666376,0.03759699970141607,0.0018697995514605416,7.100526593237537e-05,78.70924464453671,2.08916758180094
110_Narrow,1898600000.0,1.0293806243315273,0.0005960239129137333,-53.45316555733696,0.06215488088439124,0.0019098034821324052,4.610886259883031e-05,78.21830392652055,1.9632593368995883
110_Narrow,1898602500.0,1.0243626133812693,0.000628749750810053,-53.57214677331565,0.04473531256201474,0.0018595508723212003,8.035333668945908e-05,77.6167009162807,1.486981508310703
110_Narrow,1898605000.0,1.038610704379346,0.000470190076245753,-53.56659459873221,0.04531105515217544,0.0019171734204077291,4.953085351845965e-05,76.96242731099198,1.8676012799569435
110_Narrow,1898607500.0,1.0362228665249047,0.0008271084564888795,-53.66456470813094,0.04887013571769419,0.0018744566555686265,6.669276891975555e-05,76.55264398026763,2.063284820323385
110_Narrow,1898610000.0,1.0347513358157738,0.0006491873470570512,-54.07838657972603,0.03930052416449203,0.001846320117460373,8.932318613602017e-05,78.28495139777874,2.352822745466908
110_Narrow,1898612500.0,1.0334886864186388,0.0008035889388930687,-53.82420539584644,0.040593272146939516,0.001862681826285517,6.0753328486907826e-05,77.33753742840327,1.1641807036215457
110_Narrow,1898615000.0,1.0295914257863175,0.0005957460184346158,-53.67161414708096,0.046633158897332494,0.0018738776621870783,3.497298878083892e-05,77.56568541422675,1.986749229469495
110_Narrow,1898617500.0,1.0329693007974297,0.0007404035814179529,-53.51952169126471,0.04097449240576941,0.0018430820704837478,9.821449295714772e-05,78.56767979784141,1.8720409482085467
110_Narrow,1898620000.0,1.0315745356958668,0.0007542801314728019,-53.6713749324936,0.04534753401774984,0.0018391092043578512,5.59158919983498e-05,77.49086627222935,1.397259519575649
110_Narrow,1898622500.0,1.0315292554162343,0.0004008156291640653,-53.98801436756348,0.04613152577081943,0.001837990872292723,7.016692954377845e-05,77.68411965346252,1.5491917211317348
110_Narrow,1898625000.0,1.0317700307152093,0.0005426686259419405,-53.7435494178646,0.0461611149929418,0.0018520911289788265,5.684372730758134e-05,78.69465176219221,2.401147837308078
110_Narrow,1898627500.0,1.0306015184544992,0.0006261196161893639,-53.64997148590689,0.03333844130129238,0.0018657294724265707,5.253623733033833e-05,78.74432657723341,2.5411499460108136
110_Narrow,1898630000.0,1.0274940608376537,0.0005427337056996787,-53.79614370695492,0.044520158224685746,0.0018687993833846142,5.745703532777047e-05,78.58932408671905,1.5135038725040786
110_Narrow,1898632500.0,1.0327147957374256,0.0005066784084719862,-53.827595575326804,0.040251039530458006,0.001845314418537607,6.219308376781921e-05,78.71937953999725,2.5861614376502264
110_Narrow,1898635000.0,1.0337043533291403,0.00039125361980142995,-53.838036455172585,0.04210307285493815,0.001877395933210077,6.67521811853362e-05,77.30571691873105,1.4641067629215596
110_Narrow,1898637500.0,1.029069337657499,0.0004386619520457283,-53.80558238471896,0.03823045625433705,0.001828226167400217,6.387027288869403e-05,77.88389460146348,1.6785817996774495
110_Narrow,1898640000.0,1.0282816156894727,0.0006645421637839031,-53.75160733102759,0.04339871526144539,0.0018609043186454501,7.501335288675475e-05,77.83137849528384,1.6066937003119208
110_Narrow,1898642500.0,1.0318461217915709,0.000574685642482228,-53.96613987749895,0.04660526333549691,0.0018800925921283625,3.425086380380923e-05,78.23401560398754,1.6810077815281028
110_Narrow,1898645000.0,1.0303483739284276,0.0007908083947385999,-53.9164607937627,0.0335781846304464,0.0018537171423721908,4.3567778277933336e-05,78.41320314986602,1.7431962561858134
110_Narrow,1898647500.0,1.0328917692750679,0.00041626518699677795,-53.68908456873447,0.0471994642697578,0.0018659942390111396,5.688643717759663e-05,76.81191400007434,2.4434172410395156
110_Narrow,1898650000.0,1.0305453389866648,0.0007882389666259976,-53.59408694335807,0.03306277262037392,0.001822243582307878,5.374193013760792e-05,79.48855395034593,1.3894143092447897
110_Narrow,1898652500.0,1.03170877640986,0.000768238477905505,-53.92153648969456,0.03581614419620865,0.0018489340394731,4.7723899761206354e-05,78.30099128596724,2.0613464377516806
110_Narrow,1898655000.0,1.0325167862220637,0.00043290576382235387,-53.64669442958489,0.03806033951333621,0.0018218091372439317,5.4144403309528524e-05,77.8714979946235,1.4070671406265751
110_Narrow,1898657500.0,1.03225195210903,0.0007113948447879258,-53.717413096472896,0.035313311946568816,0.001859760392773356,3.892931772138587e-05,77.9779968906232,1.5816685522563798
110_Narrow,1898660000.0,1.0269010470814253,0.0005911225057317347,-53.731608221296106,0.03576434466872241,0.0018343504590035637,5.6681889238740234e-05,76.71652830825329,2.304512077818477
110_Narrow,1898662500.0,1.0310525687501333,0.00040605592036220447,-53.99087991643155,0.03456771920329015,0.0018376156994052318,4.4919459999504086e-05,77.78842933325211,1.4568866908655838
110_Narrow,1898665000.0,1.0289038885560347,0.0006448282381363514,-54.018639480959585,0.05770131325899134,0.001792281313565261,6.30103714509778e-05,77.41632502293439,1.395768898467162
110_Narrow,1898667500.0,1.032125545778146,0.0005763200017063616,-53.932414396978835,0.04055088874240826,0.0018355805972234966,7.25677352592592e-05,77.0135444497058,1.6510342230227408
110_Narrow,1898670000.0,1.031088513035003,0.0008744617416155474,-54.07823880201027,0.02286839788902539,0.001873899502887178,6.110580373189418e-05,77.57631298158344,1.1610330198553738
110_Narrow,1898672500.0,1.0331295278863162,0.0007870138352148001,-54.004406282530475,0.041039102138655144,0.0017836702278432248,5.41146329668109e-05,77.42008875906677,1.7580920179267578
110_Narrow,1898675000.0,1.0298182704647516,0.00043471711369520884,-53.96425980260823,0.037855221957251016,0.0018336661629444325,6.728380524656658e-05,76.41764631851922,1.519698835342276
110_Narrow,1898677500.0,1.0348966996892444,0.0005325055291227879,-54.06475057371099,0.03225277866934801,0.0018571895627870717,8.053243054035552e-05,77.8058919840954,1.3817824460496644
110_Narrow,1898680000.0,1.0364201132520228,0.000793234400871759,-53.91896190902573,0.023418467511239747,0.001844384928460817,7.804589824093263e-05,76.83848088989028,1.7832602742646357
110_Narrow,1898682500.0,1.0325877854369554,0.0006157612760525425,-53.85053475302182,0.01883328387807423,0.0018048582543066984,5.6111037711216466e-05,77.64174918990007,1.985891730104162
110_Narrow,1898685000.0,1.0321677371612759,0.0005209516597184756,-53.96420780070303,0.03076844864771764,0.0018054603038748555,5.229281766903664e-05,78.03581323711384,1.7928885101606329
110_Narrow,1898687500.0,1.0326744216415558,0.0006743426217698616,-53.84025037466751,0.03868370607241891,0.0018041556214908648,6.329067766926752e-05,77.7542640897284,1.570906795035285
110_Narrow,1898690000.0,1.034197987826778,0.0005264412994819806,-53.97091002541653,0.044759463592550286,0.0018365050180048764,6.0974948851118014e-05,78.06641877230201,1.9839938918311664
110_Narrow,1898692500.0,1.0283064197303153,0.0005577684785454359,-54.034432910216644,0.037707664637763344,0.0018664105405508593,5.057824371338222e-05,78.02219351772901,2.2378008550033868
110_Narrow,1898695000.0,1.0279336509234922,0.000889797282337639,-53.92111792246379,0.04295088490454854,0.0018122440189870422,7.742859680502232e-05,77.24540768881424,1.628279876409679
110_Narrow,1898697500.0,1.0359245429607515,0.0008464521488516769,-53.806821574942504,0.04054813206318857,0.0018301667162660949,5.089497962188766e-05,77.14801880028166,1.2578912818179981
110_Narrow,1898700000.0,1.0294450244613274,0.0005814063323191711,-54.04437164215223,0.028397896643829242,0.0018446191396914874,4.543039203323253e-05,76.94605037103109,1.3330800980340443
110_Narrow,1898702500.0,1.030570689450769,0.0008606261759134086,-53.57237240913061,0.03580442158395309,0.0018120993107552017,7.485735510587471e-05,78.4352091166234,1.3847241115825963
110_Narrow,1898705000.0,1.036501418648937,0.0006118011994260622,-54.1518954307325,0.04288090467133203,0.0018263159816453186,5.8446370914047065e-05,76.51889011851397,1.742538943390239
110_Narrow,1898707500.0,1.0336544164492616,0.0007489082767318236,-53.97215390167836,0.03661101825339065,0.001815588932162709,5.396727143013413e-05,78.27828621207006,1.538768782241119
110_Narrow,1898710000.0,1.0318064115619452,0.0006091203739308533,-53.95645662574103,0.039183606675550896,0.0018329260702356703,4.236147596600577e-05,77.44097748772668,1.6704669084645298
110_Narrow,1898712500.0,1.0336639655333708,0.0005354934747645225,-53.89569480087285,0.05637493319696828,0.0018194166933216717,5.188577711064388e-05,77.98134898562759,1.3210822483668356
110_Narrow,1898715000.0,1.0324929534337302,0.00040545014930651617,-53.7895120562216,0.02901925191695364,0.001807012791299657,6.03124342162408e-05,77.49958049009037,2.1333529239503446
110_Narrow,1898717500.0,1.0308146956413184,0.0004844463578392613,-54.23065102126268,0.055285057895491554,0.0018333811483906388,5.042203124694119e-05,76.9999478507899,1.357331413840069
110_Narrow,1898720000.0,1.032146757262772,0.0008354937715494738,-54.08133627890945,0.05737264702414189,0.0018040955417669298,8.71182576261638e-05,77.42897434733939,1.4575368072086279
110_Narrow,1898722500.0,1.0326676354824345,0.0004582448520220588,-54.357312672051094,0.035598974023427814,0.0018278060183136667,6.20219032942291e-05,77.72350605009913,1.3410583123626454
110_Narrow,1898725000.0,1.030012242490472,0.0005027712348978305,-53.81755429688431,0.028398888026868303,0.0018031207321205557,4.809751158670763e-05,78.23003911281965,1.662872078278283
110_Narrow,1898727500.0,1.0354939797321423,0.0007697514699354757,-54.07556349205265,0.02968245049988547,0.001807864951669336,3.864874271916865e-05,78.25317511662644,1.8582623249559589
110_Narrow,1898730000.0,1.0307519725125895,0.0005299673960280068,-54.21540194152308,0.053662801937224336,0.001803046608736552,5.22759595133584e-05,78.5668926449769,1.5065910349547535
110_Narrow,1898732500.0,1.0346534404644272,0.0005967841666188475,-54.0852956376724,0.029864900608248136,0.001792608916720832,4.2431325703458135e-05,76.93591713705564,1.23567262922168
110_Narrow,1898735000.0,1.0276984039604888,0.0007487009308086664,-54.030185148472604,0.014899091321547805,0.001795054513011841,6.362001589765065e-05,78.80539811147014,1.2761131216211414
110_Narrow,1898737500.0,1.0388448953295757,0.0004081836278593635,-53.99711668636708,0.029101105310143257,0.001805000561286527,7.345112535219106e-05,78.08628879314604,1.413290182279456
110_Narrow,1898740000.0,1.0339920060912497,0.0006233906409331117,-54.035610113461075,0.04638626158128968,0.0018146987987295324,6.115500112608742e-05,77.31334719003672,2.6238825191814046
110_Narrow,1898742500.0,1.028896085877975,0.000632606935750011,-53.86314164250621,0.03682786230535479,0.0017922877315656013,8.265975563278697e-05,78.17429727002761,1.8893487952468304
110_Narrow,1898745000.0,1.0305915271575787,0.0006494084973340144,-54.18189562436319,0.024974412141216495,0.001806060267630689,6.460207062245813e-05,77.75147929544664,1.6415583709779296
110_Narrow,1898747500.0,1.0357166334990542,0.0008614932102302427,-54.030467801187115,0.051047675752197784,0.0018278191678600603,4.336880681035085e-05,77.17172174092121,1.5586573580392906
110_Narrow,1898750000.0,1.0371062597186669,0.0006320293192489851,-54.082736470500954,0.037933144904762,0.001810420745935101,4.868491634060449e-05,76.79981064197347,1.7714496922935121
110_Narrow,1898752500.0,1.036135448695255,0.0008667136222803175,-53.910219787834464,0.044243703987194315,0.0017871956260088772,4.032495339008029e-05,77.07221242885832,1.7384328110666407
110_Narrow,1898755000.0,1.0291987906805995,0.0008005298750455994,-54.01635229823144,0.03496741483310461,0.0017921505739138875,8.112091454840076e-05,77.76021628247496,1.6228992822684234
110_Narrow,1898757500.0,1.0309667504227356,0.0008890592038259798,-54.22863309712933,0.04428782698792875,0.0018253421680869486,6.838347593779823e-05,77.92407907364917,1.2777150965728576
110_Narrow,1898760000.0,1.02697627283196,0.0007799740797272066,-54.2324122413857,0.038121026622265936,0.0018084335365053785,6.707922948832647e-05,76.96280135302283,1.6361041712303168
110_Narrow,1898762500.0,1.0381845537864667,0.0005390715945426708,-54.056702023841254,0.040601266392715205,0.0018421117423768922,6.16055121856129e-05,77.92130620869807,1.0189940714138286
110_Narrow,1898765000.0,1.0339995268155637,0.0005825089882081216,-54.082173846873985,0.046930506700831355,0.0018364677778228639,6.0791872425576735e-05,77.43916433983378,1.9937932797900835
110_Narrow,1898767500.0,1.034270168983135,0.0005409446087261729,-54.03333984389016,0.049045838369567524,0.0017936054004213016,5.079179439925066e-05,77.72313412521558,2.6242864196092963
110_Narrow,1898770000.0,1.0289115518884981,0.0005432773010914023,-54.235516176705495,0.0305841445184987,0.0017959709207320395,5.757000733537078e-05,76.9290240439297,1.667738099640017
110_Narrow,1898772500.0,1.0339748334662797,0.0007975477732587,-54.16985315815257,0.04826479572005857,0.0018098300567354262,6.473313307325319e-05,77.77979427823452,1.5864897841986618
110_Narrow,1898775000.0,1.0309293983930479,0.0005473098253046957,-54.0159520790343,0.04034320366191337,0.0017896036678767362,7.038782040973216e-05,77.43767555364072,1.7120350765077594
110_Narrow,1898777500.0,1.0364677622622502,0.0007277583539915261,-54.3247832743159,0.03324173574405462,0.0017578842971941676,7.027626840891765e-05,77.92481312176153,2.5889586451792064
110_Narrow,1898780000.0,1.0334945457915043,0.0005489253000145921,-54.31977739720054,0.03492222571129063,0.0017684644297801448,7.291576081310524e-05,78.47097531054185,2.2467884026568194
110_Narrow,1898782500.0,1.0298937752479627,0.0007257490679698525,-54.25311431500913,0.030911757991778744,0.0017597881460412494,5.411889604471367e-05,77.45596329960446,1.2515905092548265
110_Narrow,1898785000.0,1.0356393635103984,0.0005607073537729896,-54.0887059633807,0.04979714354798716,0.0017992210419679419,5.0225309356955554e-05,77.22641170330581,1.2661855909556274
110_Narrow,1898787500.0,1.0311409447433726,0.000600072111004392,-54.158936859933526,0.023909858323052837,0.001738007340866486,4.790960687931305e-05,78.82028986109431,1.4194261065887794
110_Narrow,1898790000.0,1.0336994826614725,0.000494653635684093,-54.174033690970745,0.03255884052710746,0.0017734301537655295,4.645449962674086e-05,77.94088412325361,1.5960532458337668
110_Narrow,1898792500.0,1.0314107417695455,0.0006867636639565795,-54.24132944506631,0.039207839992671335,0.0017840445586932985,3.486482426468736e-05,77.59592385066486,1.4951378042796037
110_Narrow,1898795000.0,1.0346924491983809,0.0004517182732357853,-54.37386550674528,0.05524561437284872,0.0017432203886492165,5.459574349656459e-05,77.16939079555777,1.8459946640661624
110_Narrow,1898797500.0,1.033313098902079,0.0005114409271152133,-54.183819461509145,0.025298346068797727,0.001784274781982504,7.102056659627135e-05,78.46238444958864,1.4962362095742383
110_Narrow,1898800000.0,1.0333159864881458,0.0006769158057429194,-54.34222002328553,0.05284190500637194,0.0017790078648767065,5.084145131437494e-05,77.22538530522867,1.8510234208318854
110_Narrow,1898802500.0,1.0331641849848623,0.0006248951099738294,-54.28970698542538,0.05233222469130939,0.0017582189252496549,5.92592208981773e-05,78.24760565101586,2.1358099098904924
110_Narrow,1898805000.0,1.0316948095742555,0.0007466819592833391,-54.068731727823675,0.036756440955214444,0.0018211016126167556,7.51045673715797e-05,77.90594124354607,2.2961584943750792
110_Narrow,1898807500.0,1.031158441528519,0.0007815010853568664,-54.27488690973615,0.04643834576523541,0.0017510501546992008,5.134483697529923e-05,78.63264955912933,1.6134570171460223
110_Narrow,1898810000.0,1.0373442510693724,0.00036484805385751207,-54.429394963858634,0.03919850671433759,0.0017851250470227599,5.871845706917936e-05,76.9976138092136,1.8313479144626184
110_Narrow,1898812500.0,1.0381406656434342,0.0006693979980350122,-54.29221153054635,0.03165234559201822,0.0017725562367541903,4.979842793924331e-05,78.10009970455586,2.2237951737622454
110_Narrow,1898815000.0,1.0336365726095207,0.0008876186594097147,-54.36663373432411,0.04238871898692639,0.0017537669729369182,5.800606191944799e-05,76.06113945037337,1.8474434660368193
110_Narrow,1898817500.0,1.0365497435942925,0.0007019687236891841,-54.12028527174691,0.030737173397903616,0.0017576754354771873,4.8097097075070466e-05,77.76609190121906,1.573028725317494
110_Narrow,1898820000.0,1.0283569741356295,0.0005840985463823218,-54.38222318622089,0.03444457100962062,0.001772514995943606,5.7208434291300654e-05,77.54844865915335,1.5072255902283611
110_Narrow,1898822500.0,1.0302422816757577,0.0005125447690379714,-54.22502538130254,0.04302473292168807,0.0017671691680754037,5.367795175730356e-05,77.23803590859586,2.0517246691470334
110_Narrow,1898825000.0,1.0329753307501162,0.0007021794259214452,-54.262225495253624,0.025812621420249558,0.0017806821598015737,4.857976867563381e-05,77.7130755081122,1.9567207237925226
110_Narrow,1898827500.0,1.0363788605314763,0.0007078278988211994,-54.24751884376678,0.025632218760044678,0.0017697505174176969,6.70881950865249e-05,77.76733700712434,1.3292155600724158
110_Narrow,1898830000.0,1.0337291904690025,0.0007313223899073286,-54.31355351421166,0.040024418299429335,0.0017384718399707719,6.876075198116207e-05,78.43082718724884,1.5669035110810805
110_Narrow,1898832500.0,1.03173963118382,0.0006084926562178273,-54.295523473725886,0.04331249804293143,0.0017530190994579956,4.695576313694795e-05,78.25926314295288,1.4994645270816525
110_Narrow,1898835000.0,1.0356749446882731,0.0006269762975198961,-54.27039987110193,0.044892638523273784,0.0017710312108317652,4.3017971091238284e-05,76.78546370753027,1.999272133272376
110_Narrow,1898837500.0,1.0343593937261106,0.0005857829362163293,-54.07049857544429,0.04760499729181899,0.0017370421965323048,7.244045389434751e-05,78.0290952356507,1.2736779420729192
110_Narrow,1898840000.0,1.0376216532490168,0.0006083574774047817,-54.380514622842405,0.03408263941083957,0.0017621883328416278,8.216173399188718e-05,78.63151367068191,1.310255459325802
110_Narrow,1898842500.0,1.0374071594117469,0.000549439283679782,-54.310964898662945,0.046073239762119536,0.0017852828053469612,5.458476732900887e-05,78.36699486930344,2.0629310658205253
110_Narrow,1898845000.0,1.0368339517983662,0.0006207567218680423,-54.28906817468099,0.024625267944085524,0.0017613983584724594,7.261616240648837e-05,78.39248526498896,2.08989481670826
110_Narrow,1898847500.0,1.0350515264025408,0.0008901803622612905,-54.46597000581597,0.03188195057548345,0.001777765194972203,4.8966902098182997e-05,77.91828144487644,2.3404455956648134
110_Narrow,1898850000.0,1.033524019867435,0.0009387097175018686,-54.45783924146632,0.03962088905165928,0.0017362760041473623,4.912130635871256e-05,77.99308283185866,0.9978687905326412
110_Narrow,1898852500.0,1.035569707571566,0.0009241678920997187,-54.46940960020867,0.04126694474795268,0.001747989219032694,6.170694714417133e-05,77.25692117873139,1.6037843447431634
110_Narrow,1898855000.0,1.0338182213180491,0.0008165880463780704,-54.308696358002116,0.041757412616866184,0.0017414246862756885,6.8949294748765e-05,77.8595167197931,2.008869092219855
110_Narrow,1898857500.0,1.0341859320167404,0.0005159719137403012,-54.2106381288557,0.04946586511729833,0.0017648405815236115,6.862240575967923e-05,77.68281965267353,1.5527666980438026
110_Narrow,1898860000.0,1.0326418552473815,0.0006266664857167756,-54.42751972558265,0.05571188725093336,0.00175438543127689,4.702859414408577e-05,77.10049636902242,1.915196217279473
110_Narrow,1898862500.0,1.0355318217588105,0.0004811848237395862,-54.43409678320248,0.04214857753888829,0.0017503439479628804,6.215505412017196e-05,76.84755974368588,1.6107524032262241
110_Narrow,1898865000.0,1.0355898077175727,0.0007931989322293971,-54.440539585074376,0.03101971294090437,0.0017721951670966103,7.174703066950488e-05,76.69063180191961,1.5815996187741785
110_Narrow,1898867500.0,1.0347964425981124,0.0008230974065021405,-54.27838991124254,0.03823007986614927,0.0017241305193659814,4.65494265344198e-05,78.21762816341254,1.6667898347400698
110_Narrow,1898870000.0,1.0338527618618665,0.0006407105082987349,-54.62408840223264,0.047014263172024645,0.0017524756727895269,5.182712127465851e-05,76.22939658442348,3.2098743835209325
110_Narrow,1898872500.0,1.0379412844373639,0.00044101316287906974,-54.37771332601975,0.038957713730539245,0.0017328630368430157,6.360161154702936e-05,77.64991232379725,1.4784696327613456
110_Narrow,1898875000.0,1.0359320722016883,0.000642505523260692,-54.458937093319946,0.053036464061530224,0.0017391734269023014,5.574686422825567e-05,77.07815616184484,2.306758564446376
110_Narrow,1898877500.0,1.0352586780141408,0.0006098421700453088,-54.48367453262002,0.03482705002516042,0.001752418407451352,6.75150239616065e-05,77.57597215656602,1.4138252720113393
110_Narrow,1898880000.0,1.0335189286002373,0.0006233940448802692,-54.47251300383351,0.03302645336239027,0.00173899286243472,5.1992533282515775e-05,77.23378119590912,2.1977272300088724
110_Narrow,1898882500.0,1.0382854742285446,0.0002968684652416904,-54.46787281559503,0.02905918566424603,0.0017230295446529838,5.1432206917054195e-05,77.49138781229222,1.1832690888150872
110_Narrow,1898885000.0,1.0335056177713497,0.0004541534743146887,-54.29718537047017,0.03878395029303707,0.0017334018063867858,7.051644777684414e-05,79.0584317025815,1.7305147099673484
110_Narrow,1898887500.0,1.0341856540576735,0.0005614809981351104,-54.52578287305304,0.04548149863405672,0.0017323406311732085,5.870946772347865e-05,77.52022819334228,2.798375637820845
110_Narrow,1898890000.0,1.0329995945837072,0.00035796810978175195,-54.474233937203714,0.055122318956035955,0.0017249058324582797,6.177884265895741e-05,76.75512755485012,2.2716794128176305
110_Narrow,1898892500.0,1.038065437384503,0.0006201605052388886,-54.30313778932017,0.04081603745261942,0.0017283187289650873,7.523171691386879e-05,77.19430979633387,1.3126103164876994
110_Narrow,1898895000.0,1.0307285470383616,0.000762642595429374,-54.52479917069443,0.05065910201359167,0.0017201025824057888,7.514943013687158e-05,78.27625728371589,2.6088987900984857
110_Narrow,1898897500.0,1.0374689546080726,0.0003762664123935619,-54.3947170007129,0.03343958411850865,0.001702466622322539,5.9153614413476315e-05,77.68641983975678,1.6175817110234054
110_Narrow,1898900000.0,1.032361877164859,0.0007870472396270842,-54.53388886157105,0.0358251770777567,0.0017118634887917307,7.071018611769392e-05,77.55127044376377,1.3467412250344422
110_Narrow,1898902500.0,1.035451774545591,0.0003754063956095883,-54.51987788245536,0.02737995451897374,0.0017552929854843706,5.1830177464189926e-05,78.10370542268987,1.9571032550350482
110_Narrow,1898905000.0,1.0362485117344553,0.0005054587763238913,-54.577251876429614,0.029317534168775135,0.0017395594105273622,8.084068066041554e-05,77.87977426928529,2.072460578751
110_Narrow,1898907500.0,1.0321028509080379,0.000647464385861154,-54.41943273764764,0.03254641211058405,0.0017373862491786459,4.235482966905331e-05,77.1738142516104,1.6982822654761105
110_Narrow,1898910000.0,1.0399985737195132,0.000717077411496315,-54.610127297904015,0.04942699933365027,0.0017763359616297378,4.789509315042491e-05,77.61534479541808,0.7988559848185459
110_Narrow,1898912500.0,1.03156919959089,0.0005566052835114455,-54.597122531808544,0.04130796161650805,0.0017267367837279373,7.312207791696739e-05,77.83121920533493,1.3808159924171663
110_Narrow,1898915000.0,1.0402421149284087,0.0007793830518862467,-54.44342091593678,0.04489296524305378,0.001766566582521877,4.361913039394955e-05,76.10081842706508,1.4358027769027244
110_Narrow,1898917500.0,1.0366684084805327,0.0005587883359478074,-54.286097217468594,0.024454456215926863,0.0017381229548069713,5.240616708512072e-05,78.15856314821691,1.6829908684914867
110_Narrow,1898920000.0,1.039136726560007,0.0005470592578093155,-54.49313167722297,0.03846357898617868,0.0017337971048967653,5.8130637311076675e-05,78.05912580869052,1.7339228648495915
110_Narrow,1898922500.0,1.035480486430903,0.0005916117952323242,-54.45880961957782,0.037131456703993045,0.0017295387959786756,6.731583471656562e-05,78.01592406028085,1.5848265158613244
110_Narrow,1898925000.0,1.037924959015312,0.000877804825730348,-54.33222088821697,0.03295892812967166,0.0017322761232651841,6.718098549724863e-05,76.77256410901501,1.383431801263872
110_Narrow,1898927500.0,1.0364779488623785,0.0006296156336956374,-54.512649356809895,0.04067157666284255,0.0017107896034404557,4.783436877541341e-05,77.1509806570872,1.860937164597055
110_Narrow,1898930000.0,1.0386144800952812,0.00029004408119676653,-54.55200839383037,0.019284168251830547,0.0016969095962949118,6.921499412708555e-05,77.06841124294401,2.6196840002508766
110_Narrow,1898932500.0,1.0370950511513672,0.0007574136723957399,-54.525842522871585,0.03868121101114209,0.0017084489860095813,2.70453531365289e-05,75.7830348367637,1.707136291824893
110_Narrow,1898935000.0,1.036596150576758,0.0005702456291843908,-54.79920999480203,0.02782964180689475,0.001716580378711765,5.563564274090056e-05,76.87590558330267,2.4028448133504763
110_Narrow,1898937500.0,1.0358351963311379,0.0006847793903631574,-54.62349152625443,0.03248380982621622,0.0017110414126478293,6.044853049973768e-05,76.94457465538555,1.5782011207045181
110_Narrow,1898940000.0,1.0377335393488987,0.0009833836854880567,-54.43352902609082,0.03705083425856356,0.001738147458964414,4.355655452752321e-05,77.82426392240056,2.531456442878381
110_Narrow,1898942500.0,1.0342462525378973,0.0006169762137312196,-54.37909606193977,0.03586838490263512,0.00170695433685691,6.452580481659547e-05,76.7731387579862,1.9888452129675966
110_Narrow,1898945000.0,1.0372496744910784,0.0005667744952527735,-54.75399598088146,0.049986618898528866,0.0017125774687745455,7.539796382337404e-05,77.14084979270662,1.6799360380071175
110_Narrow,1898947500.0,1.0408171887366462,0.0007963376270801896,-54.58638481814725,0.029107459947656157,0.0017251148839051806,4.8584333804296705e-05,77.81067666776782,2.471787177676309
110_Narrow,1898950000.0,1.035949267714454,0.0006407312880486966,-54.545449405840124,0.040151411125188156,0.0017107407918296525,6.008105101960508e-05,77.23423893233912,1.9671808176201155
110_Narrow,1898952500.0,1.0377717653268719,0.0004301451322189574,-54.54631578098706,0.031308183798009856,0.0017014572329112037,5.7110465352919326e-05,77.48728869769418,1.2256174661611614
110_Narrow,1898955000.0,1.0348827438418051,0.000513095716309683,-54.64347546742573,0.03680818294421306,0.0017270649208166598,3.8009568780158885e-05,77.08405105631148,1.5642098296912859
110_Narrow,1898957500.0,1.039357173282552,0.0006394030975211566,-54.927452957971475,0.030765833060578944,0.0017371188843849574,4.893435375944253e-05,78.13624041198393,1.0891815202111077
110_Narrow,1898960000.0,1.039839341793518,0.000762273175978164,-54.67495316290632,0.049789182389187094,0.0016906101233874421,4.759579170915992e-05,76.92047637725248,1.4051303637790309
110_Narrow,1898962500.0,1.0372993577921292,0.0008869581429218919,-54.7701403391369,0.047848859779705676,0.0016725640053062783,8.788168310922487e-05,76.83635494115352,1.948342786941123
110_Narrow,1898965000.0,1.036062424119477,0.0007555805345152479,-54.7295635628345,0.046347076595737065,0.0017178282643447718,4.00913837468466e-05,75.79263781626864,1.2021902010266754
110_Narrow,1898967500.0,1.036859837913787,0.0005563208295708095,-54.70078327411393,0.05180602900362704,0.0017051138334934681,4.97597936688277e-05,78.29330206922978,2.462098347582001
110_Narrow,1898970000.0,1.0374687404448617,0.0006482941867615812,-54.521758986534685,0.03090459253482783,0.001708472068544283,6.052704731560733e-05,77.21824601993251,1.8124541040257498
110_Narrow,1898972500.0,1.036679151809805,0.000536652477157933,-54.919516204401695,0.026369349630592592,0.0016758302493052866,5.4644445106667026e-05,76.78089427270427,1.4614386466880416
110_Narrow,1898975000.0,1.0377321128517432,0.0005058044024073684,-54.75085858623299,0.03198766353576854,0.0016868877298430683,5.161663072904316e-05,77.97407178037408,1.9387839463397767
110_Narrow,1898977500.0,1.0382849953324458,0.0006358786336083456,-54.70622241964565,0.037439417669746865,0.0016722476675038154,5.110999514573931e-05,78.09139146225684,1.5672551591179076
110_Narrow,1898980000.0,1.0360737134475884,0.0005563226018725659,-54.572871433748794,0.05004721604879133,0.0016972583037279376,5.7118184117108974e-05,77.43486536550844,2.074925640036663
110_Narrow,1898982500.0,1.0368447223055621,0.0005557276074113633,-54.55327215109698,0.04038566272333845,0.0016762490797988705,5.468496910594765e-05,77.3858324244812,1.4593689883858758
110_Narrow,1898985000.0,1.0337785422524686,0.0007730980627034724,-54.59388002317791,0.02808346142019125,0.00170733412768044,5.915906653289638e-05,77.47446932239554,2.4340125258374994
110_Narrow,1898987500.0,1.033371440134896,0.0007584479014659846,-54.849037254806326,0.042262086250646744,0.0017004714999699032,4.9891156870985596e-05,77.36181170912906,1.2117964177939609
110_Narrow,1898990000.0,1.0379810475564133,0.0007668343649094516,-55.03165327646498,0.01809195375347003,0.0017043619319662931,6.99639454605424e-05,77.62386406674003,0.9633196079062967
110_Narrow,1898992500.0,1.0389073647824705,0.0004003472997659842,-54.61748918508261,0.03768981002980979,0.0016800268170016406,6.31350889371051e-05,76.89090743269499,2.2007806416750606
110_Narrow,1898995000.0,1.0375412732025828,0.0006724864104051247,-54.62687935424928,0.05136888809227587,0.0016926277513078156,6.782742279518811e-05,77.90168547738571,1.6424912700595125
110_Narrow,1898997500.0,1.034978958769283,0.0005838656814791223,-54.763714433864386,0.03394858731948375,0.0017101690779959384,4.366096575373525e-05,77.371557323676,1.743187319679566
110_Narrow,1899000000.0,1.0374453416687597,0.0006865821782169211,-54.59506944026641,0.03646403059478575,0.0016979153484710991,7.558301808016048e-05,77.59603244013594,2.7324534457085923
110_Narrow,1899002500.0,1.0356740977446166,0.0006055849856951159,-54.91961711088856,0.03509140564013384,0.001676519688737611,6.61944456433865e-05,76.4985485443481,1.9394148286433446
110_Narrow,1899005000.0,1.039461093206603,0.0005569228609454782,-54.64677261760874,0.04686866939882123,0.0017236427550681235,3.6258246711492385e-05,78.44332489032293,1.0693448767854274
110_Narrow,1899007500.0,1.0368991621983628,0.0007978198107614938,-54.87627374798542,0.05138513527483928,0.0016915901237591412,3.629384724859238e-05,77.24646278808568,2.0401447857051553
110_Narrow,1899010000.0,1.0386056441370446,0.000486819607016482,-54.69503453036125,0.037965084420148225,0.0017145535392079797,6.079076565474466e-05,77.24926665427192,1.6377522544631127
110_Narrow,1899012500.0,1.0414772101208254,0.0006619625978538939,-54.86114108703834,0.05096150666882341,0.0016891295011371731,4.0728766785496264e-05,77.65131275474084,1.5468601531880064
110_Narrow,1899015000.0,1.035461419970579,0.0005067678508336127,-54.774680720275384,0.032377825278737296,0.001674036665534912,3.604227234932324e-05,77.4230742793723,1.3972716870449857
110_Narrow,1899017500.0,1.0353852325565547,0.0006444757984087839,-54.70642755459758,0.03691900022551728,0.0016907710670820398,4.654850930916041e-05,76.98504800990841,2.4106182632325805
110_Narrow,1899020000.0,1.0336875131781376,0.0007194823624357981,-54.665227015455216,0.04780987530968552,0.001657398586050011,5.517858124582414e-05,77.07543157182118,2.235960666872842
110_Narrow,1899022500.0,1.040140179106944,0.0005575454418384656,-55.02687166109427,0.03734169314268719,0.0016744840925148404,5.801575322978977e-05,77.12726639537935,1.0263245721002152
110_Narrow,1899025000.0,1.0377683034796277,0.0006308598003654605,-54.678247014309946,0.03452980106053067,0.0016849272689823907,5.336110404998441e-05,77.21524099119416,2.355783765943846
110_Narrow,1899027500.0,1.0375083697219876,0.0006429403059682315,-54.6937050092521,0.041115639323646334,0.0016599103548448698,5.612327638579575e-05,77.28624156554457,1.5230826010475733
110_Narrow,1899030000.0,1.041060697307293,0.0005313007234258174,-54.920467337951145,0.05067328087193853,0.0016397214786093596,6.606391831243457e-05,76.72983689415302,1.450516016886201
110_Narrow,1899032500.0,1.0364831520762543,0.00053718015951624,-54.789679010006786,0.04303250844066789,0.0016791535311252313,3.2440512880233835e-05,77.37590023428649,1.3070929999377459
110_Narrow,1899035000.0,1.038095377764417,0.0007323861865239469,-54.88274713141237,0.05230754463670204,0.0016718236151653078,5.8148500018798745e-05,76.330069810644,1.4468591620488052
110_Narrow,1899037500.0,1.039465801012932,0.0005434810171618701,-54.86465161956223,0.028346435510466478,0.001663479759877241,3.318473799153905e-05,76.69375449920035,1.5976574964993764
110_Narrow,1899040000.0,1.0391358334253358,0.0007738282522280612,-54.95402708859315,0.03809418873293314,0.0016861291449001314,7.208381308781213e-05,77.26942019305882,1.8073599638754676
110_Narrow,1899042500.0,1.0381827687974732,0.0006870718133086286,-54.846835789167564,0.0370339102232212,0.0017031165508491182,7.56887224457067e-05,78.17876996719355,1.1741214650151646
110_Narrow,1899045000.0,1.04108421742874,0.0006802970084757979,-54.77780223563509,0.02789159069430803,0.0016667617597188908,4.2832914219419825e-05,77.20709215829527,1.7871943327721833
110_Narrow,1899047500.0,1.0403749395776567,0.0004386099168704669,-55.16939560462875,0.050825167583464705,0.0016830518120149074,7.551251484049424e-05,76.05692195715989,2.001234548672618
110_Narrow,1899050000.0,1.0334383131063762,0.0006427201055445491,-54.81146210778363,0.03083436766525343,0.00166053026740436,7.08726492967352e-05,76.21043893175603,1.788704499374902
110_Narrow,1899052500.0,1.0382259737439399,0.0004934630912901024,-54.64442309366121,0.03632082141636928,0.0016664310652817142,5.425068314757387e-05,76.9093686994148,1.2636998332678415
110_Narrow,1899055000.0,1.0384034713666486,0.0009328110295730442,-54.92207640025719,0.043950581611625086,0.001682369471754569,6.163545618682619e-05,77.29607577625461,1.4955385135327457
110_Narrow,1899057500.0,1.0362028616687873,0.00048136290623270036,-54.84469424876046,0.04388970451860965,0.0016650623142621572,4.022648156561551e-05,77.19320944391355,2.4955064481899623
110_Narrow,1899060000.0,1.037563374600627,0.0005826609826264332,-54.65407073585408,0.03942731723468208,0.001689375602840807,6.42610299577525e-05,76.25511599799124,2.7527076156680863
110_Narrow,1899062500.0,1.038007460609208,0.000579916815310448,-54.879680091170435,0.023121972679114547,0.0016871905882235574,6.346936197399582e-05,77.58426223755349,2.2740857725804413
110_Narrow,1899065000.0,1.042551686243327,0.0004117633151982977,-54.82283243782843,0.03146596032024863,0.0016531773680584665,6.637937773689368e-05,76.66246123585157,2.3870620165063445
110_Narrow,1899067500.0,1.0416722333718327,0.0005018847855651517,-54.86133098071327,0.031762263285663776,0.0016547148941530587,5.852146614085787e-05,76.79740327541394,2.0312560832333726
110_Narrow,1899070000.0,1.039168069841296,0.0005229644711331579,-55.162215132653266,0.06397305237252478,0.0016877624069054184,3.4926238360550465e-05,76.54243428888365,1.3773210972722472
110_Narrow,1899072500.0,1.0395663827733979,0.0008733754957644088,-54.82723259199954,0.029570988614262234,0.001667285662778345,5.317191971042807e-05,76.92295225164865,1.4859718936312025
110_Narrow,1899075000.0,1.0373209526837093,0.0005606247651846415,-54.92131199962334,0.045209734178473994,0.0016565992895252938,5.4299386220762196e-05,77.53531336474617,2.4752151298788654
110_Narrow,1899077500.0,1.0365336114843178,0.0006122686624988511,-54.80839070284045,0.02830995851485967,0.0016377767530315515,7.321385247756329e-05,78.17566870698576,1.8025569046649628
110_Narrow,1899080000.0,1.0385404197334687,0.0005577810675311397,-54.91320740841823,0.03990135836887472,0.0016806082885533454,5.769729748075456e-05,76.56448643775633,1.6772922409410247
110_Narrow,1899082500.0,1.0433827103054292,0.0004647382513735199,-54.82373129750757,0.03414983338561421,0.0016673652560990364,5.498056052247523e-05,77.15508848954681,1.2488424035667198
110_Narrow,1899085000.0,1.039279664376806,0.0006137762743777663,-55.14724488415578,0.025574034660535733,0.0016348157262871847,3.9092562763021247e-05,77.38009192241296,1.4836371545193765
110_Narrow,1899087500.0,1.0362582854571025,0.0008426178944300126,-54.90268654408008,0.03236705934516278,0.001658464637535237,3.79879424015517e-05,77.40072887231376,1.700013483536835
110_Narrow,1899090000.0,1.0396355394297039,0.0006198990683191641,-54.95005072233676,0.049145643648696447,0.001676730656804198,5.955923614738462e-05,77.845000975822,2.6804319399706893
110_Narrow,1899092500.0,1.0372083549525715,0.0004287051889005177,-54.60552234222158,0.03234138767019887,0.001649767103720484,5.7883935737292625e-05,77.3060437199804,1.6384105682558443
110_Narrow,1899095000.0,1.0412642945285904,0.0006611671527130565,-55.03199667216671,0.03210780811295587,0.001692463240764121,7.196680263039937e-05,77.29238936772204,2.122876831698493
110_Narrow,1899097500.0,1.037085993673371,0.0008383709017352729,-54.884348716009534,0.05042584254001945,0.0016611489370094079,2.49683304512519e-05,77.59171054062791,2.3732844166473743
110_Narrow,1899100000.0,1.0385310809004147,0.000489437674925592,-54.833157662153674,0.05502050926932817,0.0016734698991534278,5.579014488028408e-05,78.18568138331905,2.557674134912162
110_Narrow,1899102500.0,1.0383568789826954,0.0008467564778174491,-54.8295119880986,0.0491899321266925,0.0016499671293307777,7.4226814106049e-05,76.55925782308606,1.7516918234397814
110_Narrow,1899105000.0,1.0399443333184624,0.0007349906488891068,-55.065723687489175,0.02951949229464297,0.0016583415826592872,6.387035040960094e-05,78.46158310028761,2.5270812160748712
110_Narrow,1899107500.0,1.0379817973135923,0.0008096913503880718,-55.105124014326115,0.04289720781431827,0.001629834537578154,5.6909352265319684e-05,76.6737010810691,2.125758275378471
110_Narrow,1899110000.0,1.0378176091685767,0.0005866974736800342,-54.95010358494129,0.04252679291100953,0.001688353172976182,3.739095684853518e-05,77.02784168575623,1.18842481264687
110_Narrow,1899112500.0,1.038208890391277,0.0008166384100086769,-54.88396156656588,0.03996229345551328,0.001658064388313882,6.089419623983693e-05,77.26816414077209,2.349988931513319
110_Narrow,1899115000.0,1.0388317377116647,0.0007201068268049063,-55.03457183531884,0.025330372471628625,0.0016424855600665523,6.70144259489131e-05,78.10218323116688,1.872987494598982
110_Narrow,1899117500.0,1.0413636886209652,0.000322972714077004,-54.85260371596294,0.04710009430049819,0.001669434783503696,6.635389389689438e-05,76.201726289401,2.006541659525474
110_Narrow,1899120000.0,1.0397188012841074,0.0008081088248068123,-54.69770987291424,0.02778221381886722,0.0016571639131731921,5.850673703992903e-05,78.55163869243638,1.527046435945697
110_Narrow,1899122500.0,1.0336842242636792,0.0006795936604434554,-54.95565500215092,0.043557503273298666,0.0016675038716630532,6.688737921582129e-05,77.6136521269652,1.431059972632952
110_Narrow,1899125000.0,1.041401186847776,0.0006837719153121331,-55.00506558829479,0.03512496792749904,0.00162018397857511,4.953619949725098e-05,77.75966332474258,2.839357881518373
110_Narrow,1899127500.0,1.0399958093503001,0.0008947356865609856,-54.76925927594698,0.03630491375911046,0.0016608897571205713,6.010901408028692e-05,78.0532329510842,2.6100687887258816
110_Narrow,1899130000.0,1.03914241732928,0.0006971528040928635,-55.0538088182278,0.032808304416000696,0.0016675215655010884,5.6910416896297766e-05,77.29566033682529,1.979062397756792
110_Narrow,1899132500.0,1.0397628479679706,0.0004338213533075025,-54.96873726935325,0.03566014523620584,0.0016799067487562127,6.432231670293532e-05,76.7744006358285,2.432071580132131
110_Narrow,1899135000.0,1.0391076512971138,0.0004970425270277097,-55.24280035962947,0.037681455512452805,0.0016522327661629465,3.12015131941825e-05,78.24731187622902,1.8555116746013887
110_Narrow,1899137500.0,1.0403867876435617,0.0004738398892963448,-55.108233810722595,0.05854531690678538,0.0016848106487351259,4.2856888244585344e-05,76.94234157467646,1.294183894778693
110_Narrow,1899140000.0,1.0437665961812184,0.0005999696632108685,-55.10353462307897,0.0491482890754294,0.0016279089932697507,7.336345063635593e-05,77.88580097608683,1.8544174908425994
110_Narrow,1899142500.0,1.0381496213585684,0.0006045186451746158,-55.06650940671425,0.031231174469844466,0.0016323848005350384,5.655369026776802e-05,76.77293095266587,1.8651745310362613
110_Narrow,1899145000.0,1.0425496464293342,0.0008105297347456098,-55.21703359363784,0.032713706700789935,0.001635012494555632,6.705029789539472e-05,76.30928690885247,2.119095478444042
110_Narrow,1899147500.0,1.0374847977599724,0.000322852655688437,-54.99316545394763,0.039687800504998094,0.0016525648858061173,3.123374777944133e-05,78.55822347453575,2.174527211037081
110_Narrow,1899150000.0,1.0370066310141657,0.0007820429170200357,-54.93225289572349,0.045836042714495144,0.0016155490774568376,8.364977058569624e-05,77.06273112965893,1.9333214038076085
110_Narrow,1899152500.0,1.0378360866389007,0.0006203680725688805,-54.910636571657754,0.027488567881639243,0.0016176125974922085,4.12531453485848e-05,78.02721153051849,1.8314324471144983
110_Narrow,1899155000.0,1.0350477971461234,0.000307260033014013,-54.95828116996854,0.033016574546410916,0.0016064223021396028,7.075438802199086e-05,76.23245754812179,1.9079557124357178
110_Narrow,1899157500.0,1.043445229575335,0.0005869755750728393,-55.068144190398556,0.03567322085805745,0.0016268418850335859,7.974169708975854e-05,77.80626725461835,1.7926823137985717
110_Narrow,1899160000.0,1.0382002798227106,0.0004643950586821647,-54.93941434260232,0.04924548674230059,0.0016290951842897877,6.273399586845252e-05,76.17660840320795,1.3260675759307903
110_Narrow,1899162500.0,1.038921302122136,0.0005396980228762848,-55.1970342257392,0.03544504031457501,0.0016246072490262618,5.231365074920352e-05,77.63433986076298,1.780121460061787
110_Narrow,1899165000.0,1.0376925541547133,0.0005993786313881223,-55.25075734793212,0.030844016220251253,0.001681328232943786,5.849781079310272e-05,76.71544402757632,2.0638515710519196
110_Narrow,1899167500.0,1.037548330112693,0.0008777396706108958,-55.15384678230224,0.0324057623319833,0.0016075662926332889,3.185641257021097e-05,76.67311545545083,1.9851924229781197
110_Narrow,1899170000.0,1.0414164696479378,0.0006687877214148509,-55.17437599836672,0.03525145688270857,0.0016544788391842417,6.908317470579162e-05,77.25040084312211,1.8886490743379778
110_Narrow,1899172500.0,1.0362755063857083,0.0006857417719065737,-55.03417037092581,0.03611460542939333,0.0016575158001345812,7.965693362743725e-05,76.53658715843056,3.0003659931448112
110_Narrow,1899175000.0,1.0445447806262018,0.0005096878527223583,-55.25120007272518,0.04273404563788584,0.0016332600149659606,5.0255516878874004e-05,77.3642810843354,1.576927932934864
110_Narrow,1899177500.0,1.040910341539931,0.0006003106047500973,-54.92687652534007,0.03818557404031816,0.001634073403242906,4.9463454109557585e-05,76.94276739479864,2.3359544288353273
110_Narrow,1899180000.0,1.0420750900809124,0.0006767347634488157,-55.12151493955809,0.03105843248940098,0.0016291784699072167,6.319442840166125e-05,77.48167821746182,1.7820589818340877
110_Narrow,1899182500.0,1.044066639928221,0.0005656406794064759,-54.91812295201392,0.0328164532400858,0.0016582314862083642,7.922333563407486e-05,77.13112840887081,2.5321894940986054
110_Narrow,1899185000.0,1.041519537072892,0.0004465006029026421,-55.31467735569946,0.03937498671744491,0.0016465429913855047,5.553373898993851e-05,76.30406965288338,1.4367687123044188
110_Narrow,1899187500.0,1.0440688652810273,0.0005077481218442343,-55.40451520980933,0.040824613877774064,0.0016363429801733336,8.36266504381413e-05,77.84090055633789,1.7964433815519176
110_Narrow,1899190000.0,1.0379614851247823,0.0006185255003886438,-54.98209957631401,0.04796520142865188,0.0016115300042314313,5.433081150931854e-05,77.78056085051739,1.3379235010611146
110_Narrow,1899192500.0,1.0353559572264341,0.0004708124317108118,-55.01691329714603,0.012777099988346911,0.0016108407578197678,6.907491675723815e-05,78.2811371452658,2.2332192111577713
110_Narrow,1899195000.0,1.0420106963908955,0.0005128363127711367,-55.151853269286036,0.03027989646102961,0.0016163838022146522,5.452631118660848e-05,77.09518055582843,1.4136743808248384
110_Narrow,1899197500.0,1.0434972919946404,0.0005189196755031959,-55.39998463576701,0.029020758408398437,0.0016141456138471487,7.482457658854916e-05,76.44661128107671,1.571936374395922
110_Narrow,1899200000.0,1.0395405814301795,0.000648518052164475,-54.82538523265159,0.03158590693150917,0.0016063957271537782,4.550657028648423e-05,77.26744730658794,2.183810250630974
110_Narrow,1899202500.0,1.0430826430086484,0.0005265332785810693,-55.06812572424666,0.03218950846778915,0.0016087591363596638,5.608885143996923e-05,77.325670353241,1.6951529054908707
110_Narrow,1899205000.0,1.0413388286659475,0.0007984548547712344,-55.18622541514546,0.027502818881162617,0.0016301549468639032,4.221132654589114e-05,76.28410089908033,2.14217268700481
110_Narrow,1899207500.0,1.0426441405070601,0.0007421774583386956,-55.229564642081826,0.04762646365336732,0.0016615223229749503,4.9740950855022725e-05,77.43892140225009,2.059899141789506
110_Narrow,1899210000.0,1.0391397100664226,0.0006297078093867784,-55.20218596108703,0.042746207738923965,0.001602568103856911,5.8895998523504106e-05,77.28754636266721,1.5394154555322161
110_Narrow,1899212500.0,1.0399468623980468,0.0005121342107959099,-55.02861326965111,0.02667815281854575,0.0016038271991351603,6.639559531838056e-05,77.23014004576261,2.395129583115659
110_Narrow,1899215000.0,1.0395773930801024,0.0003436678853072821,-55.12105904749181,0.0445308973744359,0.001615190992502308,6.695738041482848e-05,77.01107049609129,2.2917519982282633
110_Narrow,1899217500.0,1.0418243403806444,0.0007484833275788937,-55.15181446476646,0.04504943729663146,0.0016180991697992437,6.598292347048199e-05,77.65432757093842,1.7125366472206254
110_Narrow,1899220000.0,1.0339487573922963,0.0006258837743189828,-55.10266004593238,0.04110025068922105,0.0016150245759254094,5.04631095670008e-05,75.97596549612392,2.2552038659241114
110_Narrow,1899222500.0,1.0390148593999788,0.0007135132773346281,-55.34521168573349,0.036586621267798956,0.0016016056023276028,6.580559301141418e-05,76.92280855141335,2.3860009623762313
110_Narrow,1899225000.0,1.0430602237322746,0.0005284052135397249,-55.20031284707986,0.053937096063835836,0.001650571382196367,5.6713504105375e-05,76.47185601259646,2.2786097052360006
110_Narrow,1899227500.0,1.041101286912287,0.0005987081819350499,-55.168342732257535,0.03162339051000724,0.001599017045058667,5.4401682231579806e-05,77.8991284819372,1.5061069732897219
110_Narrow,1899230000.0,1.0395997217888062,0.00044261820531386263,-55.07481034486274,0.0404904144859447,0.0016242738770775006,5.351058116637057e-05,77.87819377121642,1.8291273050082664
110_Narrow,1899232500.0,1.0362671152273646,0.0005125804574282587,-55.21721961075367,0.026309472195314,0.001577698472823967,5.1639003436911656e-05,76.93521343553819,1.1090132448871386
110_Narrow,1899235000.0,1.0421018854932549,0.00037694692122529686,-55.591751758326424,0.029710887802130517,0.0015804471293550996,4.255189813217155e-05,76.41642138952315,1.0477478047702604
110_Narrow,1899237500.0,1.0408160723315159,0.0007675739122433163,-55.24821674422523,0.05113576361275235,0.0015996951390260983,8.634669525518008e-05,77.66484242219835,1.672793363125421
110_Narrow,1899240000.0,1.0411506304706168,0.0006393392091885459,-55.19851976570351,0.0383851179637091,0.0015892327699741824,8.79875033681418e-05,76.4545012544126,1.7312544316629104
110_Narrow,1899242500.0,1.0369225736930046,0.0005461727183886868,-55.34759745056195,0.040419591959200904,0.00159135701452159,5.115043274054272e-05,77.74282780408694,1.3685918588582993
110_Narrow,1899245000.0,1.0421569840483118,0.0009453357091682363,-55.29810985880352,0.023127759604964004,0.0016000823549298378,6.948811844292963e-05,77.26015400744863,2.7762831114259647
110_Narrow,1899247500.0,1.0408680497785474,0.0006458857584854236,-55.18554803988187,0.04543907906308634,0.0015950476438901034,5.683561841135485e-05,77.07107147071406,2.2734009804652873
110_Narrow,1899250000.0,1.0419465280004487,0.0006560117046951193,-55.38771346008003,0.03845813220757479,0.0015846295316235856,6.398395604728225e-05,76.9020718352728,2.3716784771559496
110_Narrow,1899252500.0,1.0404461615958676,0.0007710925013286634,-55.29575748435751,0.03736165963910149,0.0016348116110756633,5.0626671507775735e-05,77.02018530918687,1.6872156049480607
110_Narrow,1899255000.0,1.0457636390931178,0.0008262151499623828,-55.46498206849394,0.03574756282525911,0.0016069224810461387,4.944192273439795e-05,76.28033394118498,2.0219282224349984
110_Narrow,1899257500.0,1.0419997567582402,0.0005967963999180562,-55.35279163018184,0.04464378577631146,0.0015950116436114746,6.11298390806196e-05,77.47129975153987,2.808634159294966
110_Narrow,1899260000.0,1.0398532066067474,0.000794503367525198,-55.35209687344276,0.048499679611548795,0.0015581480399688432,5.826377577957704e-05,76.74191727052408,2.3804541426253896
110_Narrow,1899262500.0,1.0387556724392317,0.0005073568952861058,-55.42270600430657,0.040973741952755376,0.0016132097061147077,4.480268391556394e-05,77.40995889530952,2.1818366529270277
110_Narrow,1899265000.0,1.0395999525989263,0.0008290632772408804,-55.37165414342711,0.033883100679693426,0.0015973450995387405,3.735857711212633e-05,75.9634181295246,2.110249926060313
110_Narrow,1899267500.0,1.042181195709646,0.0007714538924944367,-55.39062339265032,0.06594242063194004,0.0015913978434772757,6.641234176487263e-05,76.55102553570644,1.6790993818541846
110_Narrow,1899270000.0,1.0434610905020505,0.0005427069397953865,-55.07888741809878,0.017852713949210782,0.0015700299490028944,6.52351898595882e-05,77.07040985933384,3.2354625383862676
110_Narrow,1899272500.0,1.0378006895909453,0.000671397655483316,-55.56499533167006,0.03708689965356981,0.0015874217557593274,5.530863546689427e-05,77.99739414669415,2.0593702814658212
110_Narrow,1899275000.0,1.0399808257910335,0.0005324909186337079,-55.30097655903145,0.04437319164850509,0.0015778196015748633,6.889708934270146e-05,77.7074526278293,1.8952752734071447
110_Narrow,1899277500.0,1.0423598200498456,0.0003589569653765309,-55.357742771450134,0.029807784980351366,0.0016191247121408003,7.017147073791633e-05,77.14128368356297,2.070059977407811
110_Narrow,1899280000.0,1.03978477085029,0.0006314787404849498,-55.204098712311584,0.04562985394658419,0.0015848466076909976,3.6739216176008885e-05,77.84036519270397,2.4821348315395033
110_Narrow,1899282500.0,1.0396023769547298,0.0006009958754873379,-55.19823061085078,0.04432418817031692,0.0015719502234762897,5.23273627906702e-05,76.85616228499772,2.5959636297899973
110_Narrow,1899285000.0,1.0408712633584911,0.0007797081798797213,-55.319104624449785,0.03159170318989569,0.0015841473689717847,5.405685873809358e-05,77.41083296433735,2.0049004499882677
110_Narrow,1899287500.0,1.0438948185545742,0.0006964575046096625,-55.53577840930542,0.034017613484937655,0.0016022184537232895,5.292578391212363e-05,76.9112375568906,1.7487864331867635
110_Narrow,1899290000.0,1.0397166566849887,0.0007047201578294744,-55.34109839607363,0.04742671434393227,0.0015632111237729326,4.565368667041961e-05,77.4446670489174,2.2750683477814713
110_Narrow,1899292500.0,1.040412835064714,0.0005997858960007987,-55.34211933125545,0.04368672416574172,0.0015695213433725738,6.965737929293288e-05,78.19195095779088,1.0734486156065302
110_Narrow,1899295000.0,1.0375696464815343,0.0006403584674384332,-55.46779851735543,0.024546898533051895,0.0015728398176300053,5.085717302427571e-05,77.43365468332524,2.1150670015095816
110_Narrow,1899297500.0,1.0449562028137545,0.0005210602976756432,-55.37658255621589,0.0491589633948405,0.0015818251196712666,6.950240266401235e-05,77.04721598887251,2.181552359513303
110_Narrow,1899300000.0,1.0419050867028468,0.0005360494435714186,-55.63543213023031,0.03768824308427433,0.0016060825454164262,5.940932772945879e-05,76.53473394496652,1.6099631560755439
110_Narrow,1899302500.0,1.04284520829081,0.0004893309855189886,-55.563570280875865,0.047759903668378,0.0015851588233115584,6.189896919868799e-05,75.9119064284615,2.312574497310089
110_Narrow,1899305000.0,1.040548570687001,0.0006400469504532026,-55.22374912748013,0.03887854696779021,0.0015542892290601427,6.161312794349794e-05,76.92728723576617,2.432994299916638
110_Narrow,1899307500.0,1.0418120776156592,0.0006712638319669612,-55.365894914215666,0.05478990052606324,0.0015912433427887908,3.009893270791605e-05,76.3760389582339,2.2145201282351703
110_Narrow,1899310000.0,1.0413805308332809,0.0007124446863759173,-55.42658508591848,0.042048357100525374,0.001577627960294946,6.0079321108009837e-05,76.1576034248448,1.9366452027690921
110_Narrow,1899312500.0,1.0418755415824854,0.0011026912927050833,-55.45384924379691,0.04439488409436622,0.0015939545063271986,4.234309881174107e-05,77.55150529297897,1.9605586890705045
110_Narrow,1899315000.0,1.039279433943949,0.0006993040808680642,-55.25590712547258,0.04563760843338523,0.0015683817058758124,4.940472662776904e-05,77.3677253668351,1.6762313939591416
110_Narrow,1899317500.0,1.0416350841765571,0.00036936903115894655,-55.52213556000952,0.051931804202326286,0.0015814284322340803,3.777917288811898e-05,76.47833136375242,2.863538357105921
110_Narrow,1899320000.0,1.0438671418513552,0.00040110464803132343,-55.47021039946019,0.033211006192420005,0.0015758898840009879,6.782929937400152e-05,77.71848916116132,2.275566591411217
110_Narrow,1899322500.0,1.041858519288902,0.0005518664521003741,-55.22178070986065,0.03839278674202394,0.0015840550325863833,4.572046557475403e-05,77.37747807621183,2.0890289963341933
110_Narrow,1899325000.0,1.0458224509008485,0.0006331391989200031,-55.30368524948128,0.03302752003721708,0.0015817842937514807,5.0799655322333134e-05,76.86441968694051,1.8468880742411597
110_Narrow,1899327500.0,1.0431376926706906,0.0008780509395450865,-55.35770411680525,0.03881354427603231,0.0015444233650153752,2.7774826300574403e-05,78.50514922535807,2.1897478096499436
110_Narrow,1899330000.0,1.0411715285067698,0.0004789437392720224,-55.36275578909193,0.026396221871772266,0.0016021047795214468,5.250927825014624e-05,77.88257950817405,1.848711452091916
110_Narrow,1899332500.0,1.0450700683602125,0.0006697163936603695,-55.454278748029566,0.051614321453363934,0.0015817784902382266,5.842626382753792e-05,78.06794995740148,1.846671634018489
110_Narrow,1899335000.0,1.038672192124859,0.00047231346026042225,-55.7097907949592,0.04301781423822495,0.0015278646813984588,3.359679516161846e-05,77.43431091960589,2.5073918844885537
110_Narrow,1899337500.0,1.0443756878509443,0.0009776903028943236,-55.31595656351419,0.039067038126453,0.001579683503527009,7.536336743547132e-05,77.33906910787817,2.5761232978398185
110_Narrow,1899340000.0,1.0390656345436473,0.00045323216492021895,-55.26763386240198,0.04065486662167109,0.0015738693132669737,4.415301871346819e-05,77.39428446545277,1.888280703982512
110_Narrow,1899342500.0,1.0431418969769692,0.0006464792516020441,-55.50240446435173,0.04308523424404193,0.0015594680887789025,4.28876388051553e-05,79.32127833049586,2.4018651867213685
110_Narrow,1899345000.0,1.0412566674339674,0.0008354051277042192,-55.432129556025885,0.038494575528339715,0.0015739851858213045,4.746193542324459e-05,77.16297098461477,1.2909877466080175
110_Narrow,1899347500.0,1.040641852315243,0.00036578044120480144,-55.486182439390184,0.04259455626187108,0.001570669443234691,5.8593392425443506e-05,77.86323821349505,1.6889630391248138
110_Narrow,1899350000.0,1.0410625630615673,0.0009493622926360504,-55.686111820832004,0.04071234884199949,0.0015569813962361657,7.985869338518269e-05,76.86243914142639,2.4184087035495723
110_Narrow,1899352500.0,1.0399349751405118,0.0003233836542281556,-55.651897844719414,0.045110318780382304,0.0015644749259426166,5.554216437027706e-05,77.45375724829069,1.8836677269504967
110_Narrow,1899355000.0,1.043586465015117,0.0005038963947995089,-55.46985955047163,0.04114257342070765,0.0015619422032751976,7.180008434721562e-05,75.93613187450964,2.6835892398390144
110_Narrow,1899357500.0,1.0420976950521772,0.0007972174150090062,-55.47347829772561,0.042897261629567,0.0015778957702726499,4.653862354870876e-05,77.13207988089017,1.7481928758409413
110_Narrow,1899360000.0,1.046294000769571,0.0004852254349258157,-55.68727993660914,0.04902131773291351,0.001544583686830821,6.6778224501586e-05,76.81153607303179,1.413788594636378
110_Narrow,1899362500.0,1.0428051317469405,0.0007818891757352003,-55.53303626446101,0.03197460807535677,0.0015800910677056218,5.635790748949388e-05,78.02568723500285,2.2786693684873107
110_Narrow,1899365000.0,1.0393397862411735,0.0007201678666571,-55.4606463628809,0.032364535149795794,0.0015655009534481586,5.491849994995915e-05,77.09989206701668,2.699196222679379
110_Narrow,1899367500.0,1.0433001260153536,0.0005571554416919091,-55.46666167049332,0.051053844322934215,0.0016056714514274028,3.485402847718003e-05,77.02485525862203,2.198461409349981
110_Narrow,1899370000.0,1.0408564226951225,0.0005687082111981291,-55.65742612151151,0.0408412202385695,0.0015944855437460478,4.787916796489679e-05,77.59417693929636,1.977107464761318
110_Narrow,1899372500.0,1.0435686371439563,0.0006830771539103861,-55.54781471704466,0.046454245989283986,0.0015434607218279648,4.997735763206664e-05,77.87522466094353,2.0184894056492952
110_Narrow,1899375000.0,1.0364955339383308,0.0005686238663219125,-55.62208848494104,0.047408634375593825,0.001555257430778455,5.371639486089322e-05,77.3520397817762,2.4602294439228882
110_Narrow,1899377500.0,1.045552978407776,0.0007121276156169136,-55.64237066221982,0.03765998321924532,0.0015893902406628713,6.476815603477271e-05,77.24550342898286,1.7521062053714673
110_Narrow,1899380000.0,1.0458629092940726,0.0006696452743740424,-55.47412315524005,0.05296843804066054,0.0015462830945640875,5.9959809775766095e-05,77.46893363094723,1.625840270341528
110_Narrow,1899382500.0,1.0432866937708565,0.0007289230536304496,-55.61547929089353,0.03236450198668449,0.0015784000422852183,5.678584536267064e-05,78.43951974192352,2.440006507139012
110_Narrow,1899385000.0,1.0392571538386393,0.0004169088847663458,-55.65184268235326,0.04644053043363728,0.0016196076351971665,8.05584887912747e-05,76.59960683096139,1.8557595725102831
110_Narrow,1899387500.0,1.046112784928457,0.0005759708529389356,-55.64806329161287,0.04430010149262322,0.001548871473830096,3.7538950222048885e-05,76.81117457343814,1.4888717981045685
110_Narrow,1899390000.0,1.0442020841126838,0.0007055351624979756,-55.79373874320656,0.027959479792976152,0.0015468242128704635,6.733755559573361e-05,77.02460598450254,1.6896889524057481
110_Narrow,1899392500.0,1.0446782981060823,0.0008489339314373122,-55.513573354842606,0.030688947050495963,0.0015464586065832178,6.741716709489086e-05,78.2181284061054,1.5330091605052445
110_Narrow,1899395000.0,1.042450404371868,0.000691229008301529,-55.44310381859531,0.027582276539195618,0.0015634240488751623,4.852323546533832e-05,77.07271791442219,3.0899046270822006
110_Narrow,1899397500.0,1.0420700253372481,0.00046247646783636044,-55.908045812507346,0.04017125616700802,0.0015261266227378975,5.004610258381864e-05,77.64496669384657,1.7288232363231268
110_Narrow,1899400000.0,1.0473244453103001,0.0004248341659680276,-55.42449618620384,0.03437299817122796,0.0015431601024109025,5.788135987189753e-05,76.2401322243307,1.7389657410253672
210_Wide,2540000000.0,0.9923051067761657,0.004842681461596314,-136.347165972374,0.19499435255342415,0.0018593305725572247,0.00032792282358030483,-28.033449363662413,173.05031328830322
210_Wide,2540125000.0,0.9812623232533934,0.0031945297087902827,-136.80841861120481,0.2507102579716945,0.0017761212055791033,0.00031694821030524804,-128.53171712738998,107.59428781407105
210_Wide,2540250000.0,0.9643335467675394,0.003116781143931005,-137.807757449287,0.13076876446451077,0.001831553770045767,0.0003622037994190986,-166.66468647972528,8.972413243305208
210_Wide,2540375000.0,0.9793629842877931,0.005419208343244921,-137.89447851954395,0.19971706672788886,0.0017729479334921074,0.00025235139862534307,-30.72363664758765,173.74491615398233
210_Wide,2540500000.0,0.949532175362254,0.004014478633435931,-137.26397563246525,0.2445704590049342,0.001747893651987922,0.0002516170934558574,-129.85286266063778,108.30793800671347
210_Wide,2540625000.0,0.9470940213118039,0.0046757470552278545,-138.54501200542612,0.24763337841744448,0.0017637645325964302,0.0004496028266707048,-98.9072080289204,144.41292643580013
210_Wide,2540750000.0,0.9613952507557616,0.00499775454684424,-138.29582402644326,0.20464232386778525,0.0017026143941974903,0.00031196849612332225,-128.78687214673351,107.05953693122753
210_Wide,2540875000.0,0.963382379989104,0.003570733989395365,-138.583486855122,0.12481175769285731,0.0018528210380073752,0.0002932457010305405,-99.05357848720494,142.20774418406518
210_Wide,2541000000.0,0.9461168379208191,0.003876071647116431,-138.3883121980723,0.17735584339436986,0.0019377546756668069,0.0004153719898965914,-166.0715998515026,9.670064328807106
210_Wide,2541125000.0,0.9528721889044587,0.0026973464392867786,-139.3884347403453,0.20950165288549863,0.0020536211192017616,0.00036917271004070236,-134.4902142511652,105.20011888801758
210_Wide,2541250000.0,0.9449298429621673,0.003251878856990499,-141.1137930562292,0.2290004522821342,0.0019353102191558551,0.00023934060082668023,-98.68078395730309,141.4165502927665
210_Wide,2541375000.0,0.9477845061501654,0.0035627669594880803,-140.5041937798434,0.18949314486898575,0.0020327492379726845,0.0003621752241700644,-99.353769621049,142.01911019070425
210_Wide,2541500000.0,0.951861317462685,0.0025582903736723513,-140.99432966074878,0.2752670601065702,0.0019109020422917664,0.00018669916006405977,-167.3405043457671,7.852116955982514
210_Wide,2541625000.0,0.9507008485345977,0.0025733997876742415,-141.85112022798216,0.2814204448469475,0.0018413939493347473,0.0003065180110155566,-129.70864710405795,105.9247911223261
210_Wide,2541750000.0,0.9494425372374785,0.0035686249913892123,-142.27488031583312,0.26671522609168047,0.002078328603704092,0.000351200055627609,-97.93885985619973,145.60017210309366
210_Wide,2541875000.0,0.9667741668121392,0.0027440553456872657,-140.90233931934745,0.24664358645530285,0.0020194020408070214,0.00042563950971916435,-97.45237232593674,143.22951329351878
210_Wide,2542000000.0,0.9492372956717058,0.004552292126372275,-142.03767072227612,0.33696288918459033,0.001988343175550674,0.0004261294788243723,-126.35735550333412,107.4582761090135
210_Wide,2542125000.0,0.942125022917339,0.0023260927223187327,-143.01440004731347,0.2027019673678527,0.0019018824469753165,0.0003859208858217866,-64.81326082118994,167.1821944575523
210_Wide,2542250000.0,0.9851089653995289,0.004223481554515645,-143.27487478364134,0.19832347626087626,0.001900666247019406,0.0004203019342404948,-98.244967621545,137.4693234362622
210_Wide,2542375000.0,0.9545688454409029,0.002067136315597623,-142.9261029074483,0.19110238271629307,0.0019299503923108491,0.0002002235845977579,-157.34882169583037,10.001381792643638
210_Wide,2542500000.0,0.9688387884544394,0.003792291354343363,-144.30425165398967,0.15244179226639978,0.0019212858395236136,0.0002549165193927733,-95.17967492785087,143.58864341473554
210_Wide,2542625000.0,0.9557461511342398,0.0029602434822367774,-144.39627182451602,0.20733725070972395,0.001876864654004662,0.0003643594868680681,-98.22599025754177,141.62597640290565
210_Wide,2542750000.0,0.9577504287752905,0.004108489824719529,-144.88348302435628,0.33717964786554144,0.001813820562441204,0.00024151071935480254,-162.81141386143463,12.966271037542775
210_Wide,2542875000.0,0.9565309498437324,0.0034266368465188384,-146.27585781323137,0.2176453214691509,0.0018624487479127973,0.00031624652113439075,-96.83704158217691,144.16643842895428
210_Wide,2543000000.0,0.9796564935203897,0.0024397400827464014,-143.50220821727814,0.16670258720479797,0.0019126829285722865,0.0003496314630572271,-66.01803320470023,163.56752097140165
210_Wide,2543125000.0,0.9790880900629962,0.002420733882379203,-144.26995862476315,0.10662015949178977,0.0018327092477156788,0.00025968268267976386,-94.04654251619317,144.58668803611002
210_Wide,2543250000.0,0.9792436234371736,0.0035335657354105764,-144.46333868208956,0.21315166983791614,0.0018336826420212204,0.00016678672031609986,-130.8975872677409,109.1953073315391
210_Wide,2543375000.0,0.9663613374178962,0.0034588287144731774,-143.6681269333407,0.2523283891207146,0.001834093947942214,0.0002674752183301354,-163.05633959963836,8.418304712796257
210_Wide,2543500000.0,0.9691946453876701,0.0034163373547240047,-145.52007524014465,0.19058371108413572,0.0017554492695875175,0.00021998413280270885,-165.70011054571629,9.825711196762661
210_Wide,2543625000.0,0.9959528308131758,0.0047906237063249785,-145.8746111948646,0.17929281548641265,0.0019325808554742062,0.00020055490959640412,-127.79031883907297,107.73093259379282
210_Wide,2543750000.0,0.9849932099061866,0.0039094580080909925,-145.89471284772327,0.2246349765654387,0.002019759853977867,0.00033555706049291314,-167.18464034228487,5.634152099900127
210_Wide,2543875000.0,1.0106531307051523,0.0028648833758722295,-146.45918658233998,0.20769419968593186,0.00202411640292814,0.0002931346411755376,-128.26953002528916,104.46661726555078
210_Wide,2544000000.0,1.0040810773653621,0.0028039832381185283,-145.83852081226865,0.2939417354205202,0.0020472807321113306,0.00039968589943708475,-98.47142044742728,144.85230458358643
210_Wide,2544125000.0,1.0008790737759141,0.00331117716895256,-146.02015919115587,0.21982204863548993,0.0019149817773441889,0.00020261653989678787,-98.98055891950284,146.42771674993244
210_Wide,2544250000.0,1.00638079194594,0.0034217099636864017,-147.3156867980074,0.1780949741414137,0.0018279024554101752,0.0004119085657878659,-169.10396718739923,6.50400655095055
210_Wide,2544375000.0,0.9983704403342025,0.0035162908987060827,-145.67770352257418,0.2784741756471999,0.0017781511787743427,0.0002784618996498113,-133.15104280679654,103.30023321402562
210_Wide,2544500000.0,1.0318934557847088,0.004149462366440426,-146.76555609529976,0.3163464710689371,0.0019105162263711832,0.0002964417414817353,-131.0791233204472,108.99396704499107
210_Wide,2544625000.0,1.016808097728538,0.00352162090008002,-146.60096389879777,0.20325211947372523,0.0018969273907332453,0.00021093236321616121,-164.55379574462276,6.4083412359684475
210_Wide,2544750000.0,1.0407113761289828,0.0030687272314407613,-147.18939317763926,0.17415862375185895,0.0019074930887900438,0.00021710662301275071,-167.22372172500397,6.979226539057257
210_Wide,2544875000.0,1.0356418410223662,0.002369094526049739,-146.49502618790262,0.21644759994250193,0.0017741720923132632,0.000386324630499026,-96.86638108131456,144.12160703545698
210_Wide,2545000000.0,1.0262189113562723,0.0038412900641787264,-146.56575233428086,0.19953061813483342,0.0017524935639220943,0.0001044809312868974,-163.66104397141817,8.137968119474225
210_Wide,2545125000.0,1.0273504599587944,0.0021059059521554868,-146.74198227960636,0.12566133243398536,0.0018994572016123353,0.0003344169006491997,-95.4031307084496,144.03028202767888
210_Wide,2545250000.0,1.0237758172711218,0.0032534474440681347,-146.51622267228998,0.0810548999753142,0.0018608432017328484,0.00018274189081240056,-92.05727291527941,142.079595452144
210_Wide,2545375000.0,1.0495612377394308,0.0022256096415535064,-146.12057915010053,0.25687102738269235,0.0019320130911125377,0.00021290973633875476,-101.84510270322916,144.32665390513827
210_Wide,2545500000.0,1.049004530542455,0.0031760899883141775,-146.92952707494538,0.1294691746343488,0.0018127944049369773,0.0002498030272575314,-166.40389557217702,7.816541066775819
210_Wide,2545625000.0,1.051927268293102,0.0018169067991090648,-145.18922786748712,0.19152382615654467,0.0019055731110307196,0.00020151703117864315,-163.9708133407689,5.799631417231136
210_Wide,2545750000.0,1.045368176433112,0.004725194071953729,-146.41636712748877,0.1842862201456946,0.0018184913596061224,0.00034845029244136,-93.91070376706413,142.27255661081534
210_Wide,2545875000.0,1.0450007547061175,0.004381447146785691,-145.47160116011366,0.13798989292271321,0.001869283315788926,0.0002755188674975824,-160.23396342196185,7.820105321130538
210_Wide,2546000000.0,1.0435516169676886,0.00155762001813828,-145.27736700579766,0.19680405901469508,0.0017849616991946046,0.0002438509599863616,-125.08727836307631,107.55536220438732
210_Wide,2546125000.0,1.0280775629878098,0.0031200086373309845,-145.54464302514202,0.15257435114039894,0.0019112085607432725,0.0002500864251146305,-163.55513806516183,9.511743253255379
210_Wide,2546250000.0,1.0361116226551759,0.0047133660117639345,-145.2658586710702,0.11194995837568453,0.0019077386178860687,0.0002831937865994119,-129.71091719323715,109.16746523978789
210_Wide,2546375000.0,1.0491067195997037,0.003575702336402939,-145.9004900791168,0.23315265558771006,0.0017857456790227582,0.0002486939341888505,-160.13726745730438,12.545648468947995
210_Wide,2546500000.0,1.0480778127209798,0.0037917529563786944,-144.34406219178328,0.15712464743880955,0.0020538341758110975,0.0002933956217461951,-166.66213606697292,8.009183822194672
210_Wide,2546625000.0,1.0601907269967656,0.002680904899778814,-144.6644708679493,0.24987042590535252,0.001822571840024379,0.0002785598251241311,-162.57732741157236,7.8481316739610385
210_Wide,2546750000.0,1.0421559742762303,0.0036935259855850494,-144.1535804532083,0.12056352761470068,0.0018728581430432355,0.00027482727484497984,-133.079411824494,103.85239154618549
210_Wide,2546875000.0,1.0286968134283048,0.0033206886588049715,-145.37562973938475,0.17387397840867674,0.0017778758026254294,0.0002961218956224859,-160.46422730345571,13.270929143780478
210_Wide,2547000000.0,1.037161991608361,0.0031182002990709006,-144.25609296789202,0.20363998521488946,0.001728238346598924,0.00028166513371667066,-163.98003606318036,7.424369798318245
210_Wide,2547125000.0,1.0454704438632059,0.003771399588217077,-144.41425028397867,0.15321690138719268,0.0016444457485579945,0.0003883724733511164,-158.61475348708584,10.124875990723785
210_Wide,2547250000.0,1.0525769324994516,0.0034559181335706538,-144.10948787123968,0.176288101905587,0.0018800912968154262,0.00032605329153769636,-96.86565809092183,145.92749208452898
210_Wide,2547375000.0,1.013040319501271,0.002581944572218937,-144.55677639150124,0.21825793214902267,0.001917123624297037,0.000286251453355974,-96.49483249932405,145.0398687980312
210_Wide,2547500000.0,1.0472144077407592,0.0036168429411603154,-145.60368986939542,0.23080033204080186,0.0018926452847547984,0.0003484523889597631,-163.86269447137119,5.546185007087949
210_Wide,2547625000.0,1.0243150350479941,0.003859730237115887,-144.0059809631169,0.1458758977618308,0.001799478794384334,0.00023378053247978016,-161.34661965913696,7.096422676863319
210_Wide,2547750000.0,1.0386074695834346,0.00482025941299032,-145.12553232388652,0.22202017912643973,0.0017299379105855264,0.00020544786844188217,-130.64711066252485,108.1311377113024
210_Wide,2547875000.0,1.0208474013308046,0.002949245552167579,-145.40145566672413,0.2018770065037999,0.0017349858572166363,0.00024826486638759003,-96.84601034222969,143.25513666019054
210_Wide,2548000000.0,1.0242820989825319,0.002622273442864251,-144.7128284402974,0.19923104059085633,0.0017691596494783543,0.00025677435840402383,-130.0631630379977,108.56040412342261
210_Wide,2548125000.0,1.0206717463249717,0.004115959454591094,-143.4681425977629,0.1789393462987133,0.0018343665558790698,0.0002847708614443797,-166.1805667011675,5.205016806486338
210_Wide,2548250000.0,1.0086320141104936,0.004112631918971314,-144.77165909892793,0.18947457584868002,0.0017457461867548339,0.00018745038162347891,-129.5238034807525,105.3229634117345
210_Wide,2548375000.0,1.0175517212413039,0.0024347020129550155,-144.9076370355749,0.21263043977810034,0.0017624747387762272,0.00023208966914501597,-125.72228975045789,105.28455036426753
210_Wide,2548500000.0,1.0107919410306587,0.003524532005985761,-144.00966101098112,0.20991232492367592,0.001884914765286513,0.00033182621271720254,-167.28170264578625,6.526092522077523
210_Wide,2548625000.0,1.000480363785796,0.0038857403264221596,-144.6212946586177,0.14927052785364286,0.0017388299449312779,0.00034303077986123085,-131.86542865743735,106.58164740970976
210_Wide,2548750000.0,0.9960995710578753,0.0037488010031811367,-145.17567853163746,0.1486727725473658,0.0017263719605093164,0.00011606146015292759,-126.07290281654078,106.83237885160072
210_Wide,2548875000.0,1.0022303948166909,0.002604009934347363,-145.62895042241075,0.15018726744032637,0.0018024928501633002,0.00028650800755844333,-133.22970322229406,107.00969305202516
210_Wide,2549000000.0,0.9859820776170956,0.002513123243908044,-145.4301129269652,0.1805399304045018,0.0015904209863517645,0.00017655256355521683,-98.40301358025141,144.36591250218578
210_Wide,2549125000.0,1.0160937291236776,0.003046304354024045,-145.25562928253007,0.2965661189148692,0.0017043242185085163,0.00032680744711451775,-168.14619788190618,6.501991095297817
210_Wide,2549250000.0,0.994518391275481,0.0031433462860961867,-145.95998030349358,0.20646352937350235,0.0016430178491502962,0.00028816369980818755,-129.17256377753534,109.21599481910668
210_Wide,2549375000.0,0.9895083181902915,0.0033415415655675355,-145.8037764864195,0.23726884496818268,0.0017501427425477979,0.0003726477399142013,-66.45622940102942,163.46624039183578
210_Wide,2549500000.0,0.9906510861838284,0.0021481166226657304,-145.8695799513689,0.2126541561506678,0.0016399007602176084,0.00023984706503818885,-167.5043554090601,8.877167464713516
210_Wide,2549625000.0,0.9833684438031444,0.0024557689809784925,-146.8110818813969,0.16998932161276709,0.001880653131724904,0.0003453551280908737,-136.12408137748437,110.40501136735163
210_Wide,2549750000.0,0.9995811087126092,0.003161823226879829,-145.34713956695268,0.2797303520403754,0.001714287091627893,0.00029623249777096676,-65.82147411118014,167.99056430051152
210_Wide,2549875000.0,0.9911135239601694,0.0018919738659869637,-147.5363186513668,0.126025773937998,0.001740159179745458,0.0002592231544322437,-98.28528149142355,142.697178252866
210_Wide,2550000000.0,1.0084028831028793,0.002764306219131861,-147.12817640103535,0.18554563538328148,0.0017779922470932256,0.00025194963682806376,-29.216244391075072,177.31765995559414
210_Wide,2550125000.0,0.9847912948032214,0.002532818881168738,-146.67611154627772,0.14643648947578225,0.0017943761313379742,0.00028632936527912817,-98.07623284914922,142.993741919879
210_Wide,2550250000.0,0.973736802502389,0.004267338122015753,-148.28167276145086,0.21076777480516914,0.001714171815360651,0.0002978750215122151,-97.8089790552147,144.4961214755534
210_Wide,2550375000.0,0.9726477716993437,0.0022350088556862655,-148.20476591459737,0.18552348191279858,0.001815336642665549,0.00019911046641395426,-136.82967311785976,109.25892491070286
210_Wide,2550500000.0,0.9911833733370277,0.004324607161848667,-148.670504895256,0.17728872043303318,0.0016830993073257525,0.00022699431278491318,-101.01462153184721,147.9187348793286
210_Wide,2550625000.0,0.98280132292289,0.003560758237826618,-148.99191355429846,0.2190555792415337,0.0017835128892500854,0.00023771814673196286,-99.44483147203903,145.75296332072546
210_Wide,2550750000.0,0.9813273445104417,0.0026406079727308795,-148.74218915006355,0.21850809305898344,0.0018599600975587292,0.00019624422776621112,-161.85079078867304,7.830225534556917
210_Wide,2550875000.0,0.974532664609179,0.002422766541193804,-148.0345688867768,0.13992971039583546,0.0019111516876281565,0.00024047622183694475,-131.99825780288649,108.94825764804544
210_Wide,2551000000.0,0.9828530004393022,0.0034332231978737517,-149.28255815927017,0.19348458168793348,0.001821455839571573,0.00023483559145795664,-95.63783313550266,144.7091618625667
210_Wide,2551125000.0,0.9626286274508484,0.0021249549335532743,-149.68031326827537,0.20373990693238525,0.0017888859972801593,0.0002846566955861427,-169.86458320543449,6.561878394559663
210_Wide,2551250000.0,0.9626598190155384,0.0027614757291548686,-150.01155824385418,0.21938765269605798,0.0017854038519170253,0.0002985615259843824,-138.56862302595707,111.68115312607135
210_Wide,2551375000.0,0.968338548381874,0.003053229018913031,-149.8944181822232,0.17172754957594596,0.0018903033959633486,0.00018389414477900114,-101.85386635494487,144.5253500170439
210_Wide,2551500000.0,0.9776593052809573,0.0024680300807044158,-150.98392822487645,0.20488774872459642,0.0017677386257536822,0.0002187892536702522,-66.06366008849041,166.5991351179166
210_Wide,2551625000.0,0.9927371707565944,0.003153004278760219,-150.48080504838677,0.12965283329157667,0.0017683724867061524,0.00027136137622428276,-67.60118835825475,169.06230343335153
210_Wide,2551750000.0,0.9920844092583789,0.003911677883180084,-150.03193053099577,0.1755136371008498,0.0018929597915626774,0.00029636467161199125,-69.79679139820178,165.67555859373536
210_Wide,2551875000.0,0.9769097654287155,0.0032105951838469907,-151.1586889289143,0.20689426132865946,0.0019534083874366633,0.00028264990046196817,-99.89275238858292,145.28224385712227
210_Wide,2552000000.0,0.9860472923794055,0.0030070321673791064,-152.2468594300393,0.18426656680887654,0.0019909043119702694,0.00033189887387115996,-103.97035820625719,145.4589570862952
210_Wide,2552125000.0,0.9899858167002721,0.003286057239396214,-151.5843266016023,0.13591599645371552,0.0017930780915002358,0.00022304854070710701,-65.73815266434636,166.20327514087867
210_Wide,2552250000.0,0.99093908652311,0.002383970256022792,-151.38372265196045,0.20984192162348955,0.0018785610163835796,0.00028673044751390166,-100.97855762767784,146.756716027348
210_Wide,2552375000.0,0.9960636794518183,0.0033034675454582285,-152.95532172458584,0.14029757722035185,0.0020100648970567715,0.0002564960488734018,-101.42562712471589,143.2705040778618
210_Wide,2552500000.0,1.0115761575387598,0.0021903427595371425,-151.66253624484892,0.16806106272022353,0.0017939932481554983,0.00027277585792757913,-100.34010063670384,146.02154323074117
210_Wide,2552625000.0,1.0107840311186538,0.004125182514345848,-151.91818154488638,0.15568262644329525,0.001877537622562165,0.00041293174903270647,-138.75327205171783,107.58926748198331
210_Wide,2552750000.0,0.9886065428865073,0.003600851371514533,-153.36029145129046,0.1832198738312,0.0021157773984469856,0.00020520857080776197,-36.14617657124484,179.25709272356409
210_Wide,2552875000.0,1.0174194885163301,0.0026644807938255993,-152.2650822854407,0.1755736808453133,0.0020078938682516058,0.00032537005040174827,-136.13501340127436,109.87009555948639
210_Wide,2553000000.0,1.0161416941390806,0.00211737659388276,-151.35183203189368,0.24491493817544602,0.001991090970672058,0.000394164725372676,0.5171455173817321,184.77149863921233
210_Wide,2553125000.0,1.0154681186670973,0.003646278373147499,-151.7872816299405,0.16590212416658706,0.0020032597266648254,0.00032085128717824286,69.16874421827266,169.34834718474315
210_Wide,2553250000.0,1.007873448035843,0.0019146600917263777,-151.92460091225138,0.1676058079494154,0.002058767143336818,0.0003555298272985783,-32.28197202674528,175.5000148296903
210_Wide,2553375000.0,1.029040732546668,0.003018297746004583,-152.8354908586464,0.1634668933595945,0.0019756242164523266,0.00026397790228296897,-65.69682938651958,164.53276506023158
210_Wide,2553500000.0,1.0081273225591905,0.0025932104578530735,-153.27346867841462,0.18316385030899232,0.0021490792619954266,0.00014039449766093323,-69.79738753026773,166.10647329082653
210_Wide,2553625000.0,1.0190961892721422,0.001784533078750761,-151.94885645295273,0.1814394965712871,0.0021782917449514,0.00025538188743454875,-103.49459791239578,146.08769683366083
210_Wide,2553750000.0,1.0061511307808224,0.004032096856829853,-153.3366679793487,0.18915690269316604,0.0021291973065545996,0.0002498630249180856,-0.909931641703048,181.1327758430329
210_Wide,2553875000.0,1.0197413850655948,0.0035940064268741227,-152.2253160068969,0.208925432283396,0.002045594890403554,0.00029747818924420386,0.7834521924355868,185.38522448224163
210_Wide,2554000000.0,1.0361417197906817,0.002614290906343838,-153.3702861430263,0.21258841367272638,0.0022479093409723616,0.0003661795517142919,-32.24392872412345,180.5623806725498
210_Wide,2554125000.0,1.0382849351939378,0.002821127034456803,-153.2905416685527,0.21707125445309086,0.0020408993971779772,0.00027937571431102575,-36.64352902772498,180.16526510237773
210_Wide,2554250000.0,1.0236934665308652,0.00245025532515996,-152.22575095975827,0.15254293181352457,0.0019481948189592414,0.00024760287073484683,-102.69532176663942,147.02819579646248
210_Wide,2554375000.0,1.024360626984117,0.00329180068965741,-153.1099563823726,0.1742328336491711,0.0020808495541521366,0.0005097163520752149,-104.26651884573445,145.35747762148736
210_Wide,2554500000.0,1.0342649329917741,0.002316144230537755,-154.07984953505968,0.11411560852348115,0.0021197720218827537,0.0003935694437100991,-34.57813617228651,181.78698646075912
210_Wide,2554625000.0,1.0328287306566861,0.0028979589585016825,-151.40311272941184,0.11600707105780818,0.0021732839201508065,0.00034784749169156244,-106.45539079138307,146.40851209600942
210_Wide,2554750000.0,1.049959848390215,0.0026946866092143313,-152.56640731746538,0.17386698982552481,0.0023540567740470537,0.0002200262869110594,71.01436924449587,168.28694423540932
210_Wide,2554875000.0,1.0457853432848159,0.002331589307248247,-153.27812650180817,0.13903300179378145,0.0021373997606820294,0.00019638991592514003,-0.190441093763755,184.87471785292246
210_Wide,2555000000.0,1.0405225681272867,0.002813911681929329,-153.8027554000002,0.13699681742002484,0.0022570484814522524,0.0004128916683023121,36.41266553088946,179.38561894676815
210_Wide,2555125000.0,1.0417847498248098,0.0022012412640160842,-152.4460665036701,0.20998510454997468,0.002068553694857836,0.0002727338240437695,1.6692307597527218,185.11624898807534
210_Wide,2555250000.0,1.0487015415778778,0.003741693440434746,-152.75956614271277,0.12752254184473152,0.002218339660938671,0.00024749622113015736,-33.41520911210354,180.71410945797635
210_Wide,2555375000.0,1.055444803936569,0.0035523948989463136,-153.13240413083406,0.17259180264214266,0.002249516006090067,0.00029637411547072106,0.6289239499506977,185.5541899918153
210_Wide,2555500000.0,1.0341646618047444,0.0025680405764774857,-152.24817680564155,0.14222878067023875,0.002280016357175175,0.0002099568156994432,-103.36094987211104,148.1669974442537
210_Wide,2555625000.0,1.0522291016067713,0.003557186925724954,-151.88528538552623,0.14819890602362995,0.0023252350746447844,0.00036315926188059934,-137.32029933615374,108.27681322794707
210_Wide,2555750000.0,1.0442110108818263,0.0031809898807049824,-153.44708993462046,0.15009521891845654,0.0022662114249144593,0.0002825480075266437,33.676190851895896,178.9462610626858
210_Wide,2555875000.0,1.0252419512935373,0.002612547046274854,-153.1752938268831,0.16891703283472392,0.002333279239548757,0.00027608905652543806,-138.60957988695873,111.87213776925223
210_Wide,2556000000.0,1.0609557121347484,0.0037178693267516947,-153.77212879491353,0.19671661970820212,0.0023894929870671867,0.00025355148491611125,-0.1442754623791842,184.62474008627163
210_Wide,2556125000.0,1.0448245475937685,0.0028763714079576745,-152.94544648025973,0.19604084719118814,0.0024414690844913904,0.00023437899594829794,-102.52959133367342,148.2897621884321
210_Wide,2556250000.0,1.0309711247948767,0.0018245613423711622,-154.32427047498086,0.17779990069935234,0.0022842914630824738,0.00029468229403409226,-104.72290151347212,148.46986409432964
210_Wide,2556375000.0,1.0329852020004426,0.00415731968295126,-151.80298100888967,0.14224919135433442,0.0023609950526640184,0.000387498619630748,-138.95511337202063,110.77043924011764
210_Wide,2556500000.0,1.0712121098435656,0.003311837572258271,-153.46527745936322,0.1431358374559467,0.002555412178733183,0.00036027742262601073,-32.342496471228856,178.7576501200939
210_Wide,2556625000.0,1.0250352375090492,0.002901068727398709,-153.495674441143,0.11099721395602513,0.0023962041321955127,0.00019000646117320807,-137.07326675692366,111.38479091182683
210_Wide,2556750000.0,1.0331813639839353,0.0018300133408440137,-153.3167445902531,0.17238056732901172,0.0025795722171356944,0.0003349674346930125,-32.37822797389826,179.91557168099334
210_Wide,2556875000.0,1.0249623684304945,0.003191089353949665,-153.12970235290348,0.21252565219185818,0.002369573206124624,0.0002339208035372696,-139.73508511179517,107.62588844449986
210_Wide,2557000000.0,1.0495422527737517,0.0026348183552165616,-153.11852512747737,0.1691999942934095,0.0025752500917215933,0.0003777700300359679,-0.249810000914718,184.8512604428424
210_Wide,2557125000.0,1.00732287938589,0.0020361008083111982,-152.89174360759463,0.1540935208796748,0.002402453743999265,0.00029741199262378956,-33.120301886766406,180.13491052397663
210_Wide,2557250000.0,1.0478010099008,0.00431133415615881,-153.31497019873495,0.21256785259987998,0.0026859386289582346,0.00020029622403676842,-68.29330947939775,169.4017337454197
210_Wide,2557375000.0,1.0383358745971505,0.0034381907782700403,-154.21881350838427,0.17535646031050836,0.0026797161186701015,0.0003177726536111897,-103.68711013441748,147.5749438614498
210_Wide,2557500000.0,1.0363593366869075,0.0026574196277957597,-152.85188709305666,0.14647889691953966,0.002486252016373401,0.00018070239398749186,-105.26787323749274,147.35403772626898
210_Wide,2557625000.0,1.0287357418511462,0.0023361853455858145,-154.4147595058386,0.07792673100903234,0.0024689109619227823,0.0003314778644637935,-100.23101555423112,146.89738319032998
210_Wide,2557750000.0,1.0343851347241424,0.004034369244462408,-153.25710293002678,0.09560781714048533,0.0026606674126744014,0.00014629052265392576,-174.46217311260557,4.558331329839747
210_Wide,2557875000.0,1.0210531322544087,0.0025360489424111113,-154.2214729057702,0.2013963497094841,0.0025187437871341677,0.00023965762658707503,-68.97984990500849,168.06621764634068
210_Wide,2558000000.0,1.0146526053456197,0.001136183735849647,-153.9671919803463,0.12501657992313858,0.0026478974346421146,0.0003036855317703257,-67.37109593540224,168.33652269504233
210_Wide,2558125000.0,1.0241929845100475,0.002978852427516136,-153.5649530656526,0.1544334429798669,0.0025808822496785054,0.00023386563973683535,-70.18492891397736,169.71946753940477
210_Wide,2558250000.0,1.0386131872189028,0.0035047529527198404,-154.6183874706421,0.25423037513534547,0.002693063704091422,0.0001984765615585187,-138.7376212602692,111.66647433089358
210_Wide,2558375000.0,1.0419636083839336,0.002552271508339292,-153.6918775949766,0.1561090414566131,0.0027895242520121753,0.00037547568990702686,-136.5239526342713,111.13001336242479
210_Wide,2558500000.0,1.0299072232635247,0.0034169484408124724,-154.4382598262736,0.18118309804451077,0.0025789211909161207,0.0003235309178995109,-100.42958601608758,145.6705096193435
210_Wide,2558625000.0,1.03021570945945,0.0028382502036625157,-153.27420855935435,0.1708338115256066,0.0026957121825757634,0.00024953306788296127,-136.48067161389733,110.78649023486062
210_Wide,2558750000.0,1.0527598870568855,0.0029664852739010547,-154.36629674235968,0.1389789772561055,0.0025947063408281556,0.00021626096244747433,-32.554443691421085,181.03884024736345
210_Wide,2558875000.0,1.0214314673591258,0.003126154863007115,-154.983932077794,0.14141079023377678,0.0028775387005827054,0.00022560639986617386,-101.98027273855692,147.1737743587673
210_Wide,2559000000.0,1.0454898845773437,0.003983770474906599,-154.10666604504968,0.13780553999936926,0.0027473806745800596,0.0002872793592524443,-102.44250064124388,146.89125022924614
210_Wide,2559125000.0,1.0454150804335711,0.0024167508752211213,-154.15629872442082,0.17589661352938463,0.0029907152949129965,0.00031324064460558717,-33.46151680036736,181.27999117627218
210_Wide,2559250000.0,1.0186771663581724,0.001179197085715263,-154.41771423133315,0.1226182026753707,0.0026131084262450864,0.00018345650797428495,-138.14904967683424,110.75777098390424
210_Wide,2559375000.0,1.0512622200674753,0.002671769255840531,-154.35265321224438,0.2532620134450933,0.0027158802131854384,0.00021608809285751158,2.6333719148321166,184.0426332374859
210_Wide,2559500000.0,1.0389724577595498,0.003913103302159414,-155.2055411919178,0.1882254890678711,0.0028488852269779583,0.00029421035624935303,-172.31785300654343,4.996514904280281
210_Wide,2559625000.0,1.0229605295122384,0.0022656847810412512,-155.13676737990176,0.13936956406019352,0.0026338527724384087,0.00038714127190040456,-32.96580420419796,178.421220472946
210_Wide,2559750000.0,1.0392580632205135,0.003187077270256243,-153.27610295959656,0.1498631337336598,0.0029070665037866394,0.0002757412734115804,-67.77149338217816,169.26275748323332
210_Wide,2559875000.0,1.0353009962577544,0.003990485427929874,-155.20758218325042,0.11485516131195392,0.002770815120920299,0.0002569305933661828,-29.262648172920194,179.2531396099203
210_Wide,2560000000.0,1.043334552102875,0.0026509072919370246,-154.0521701361134,0.14743911298470055,0.0029068174084609317,0.0002896610548359302,-175.0307795500969,3.669948352111769
210_Wide,2560125000.0,1.0618214655343443,0.002476592953985873,-155.18117638065286,0.16840046869922873,0.0028839162087391243,0.00027793580938353474,-105.35247692549041,145.08580643662535
210_Wide,2560250000.0,1.0492760588242178,0.0028180082835021535,-154.46482094797022,0.18419880247450976,0.0028738265003524412,0.0003102697939666274,-65.53427321391031,168.39915093222615
210_Wide,2560375000.0,1.0506137305054835,0.0035274866037870575,-154.84213428021053,0.13678900278227218,0.0028397573756392055,0.00030757112601474223,-136.5008199691386,111.16380302280399
210_Wide,2560500000.0,1.0293024566996447,0.0030207515277862382,-154.43098295769576,0.21623080389785276,0.002858648906468347,0.000319740262040455,-172.27253783312906,5.9929399079102295
210_Wide,2560625000.0,1.060405441198328,0.0044932254156664015,-154.54711578099366,0.13634007355278613,0.002987559184075134,0.00036060654729264715,-170.4300240987622,6.49753790015306
210_Wide,2560750000.0,1.0511965559704126,0.00329504534507494,-154.03720120080027,0.15594862716257835,0.0030641051481407203,0.0002471437671677929,-170.59473893721378,5.165648669578619
210_Wide,2560875000.0,1.0355191067673473,0.0030198862134227723,-154.30414177514905,0.18712898687764307,0.00285906334212642,0.0002675589306454493,-135.96466179802005,110.77700901051873
210_Wide,2561000000.0,1.0295676731195238,0.0040429284447524375,-154.64544427728052,0.1589354710958844,0.002893480969054059,0.0003344357498234568,-168.48271127055872,6.469222730094826
210_Wide,2561125000.0,1.0562008432806942,0.004697491203262449,-155.3609923305995,0.2055034238603109,0.002998117877772191,0.00022926457433385553,-167.32584250231355,5.076570379653425
210_Wide,2561250000.0,1.0291474856297007,0.002213544660958417,-155.33160956778502,0.21688358819144588,0.0029495698950472342,0.00020605221535684157,-100.93995455846948,144.57748197900406
210_Wide,2561375000.0,1.0717355421967947,0.002425396398067729,-153.6443150444558,0.1866560594214775,0.0030554173198505583,0.00040104928541948183,-32.954462808387674,179.6147588122993
210_Wide,2561500000.0,1.039438817039422,0.0031622177825121594,-155.53896203549186,0.18111820741958018,0.0030755485187427874,0.0002887642888790582,-100.2605888414038,147.51774158378004
210_Wide,2561625000.0,1.0318999230380956,0.0019571668421517713,-154.60423265860862,0.13439277819519155,0.00297427176291,0.0001548406021502671,-135.09029053535278,110.4009176813318
210_Wide,2561750000.0,1.0402170209067414,0.002189150535616921,-154.65524872906968,0.14855463500179933,0.003145768842402651,0.00018105190598859933,-136.18036979203933,111.05327997538399
210_Wide,2561875000.0,1.0576310621994267,0.0034914898666980223,-154.9127304866987,0.19810343161207855,0.0032672593286027234,0.0002886925963806781,-135.8516745341349,109.61163997950668
210_Wide,2562000000.0,1.0329828554076619,0.0030128589491209864,-154.56895127342975,0.11839159960899527,0.0028924610560989153,0.00024120907893348284,-169.6843168673725,3.800382228731809
210_Wide,2562125000.0,1.040952944300887,0.0037390786050205934,-154.88547253218525,0.08882807528800792,0.003166051199821677,0.00041456726952940315,-173.9393745123087,3.434833843438187
210_Wide,2562250000.0,1.0423465176213054,0.002360629587743472,-156.7344744970086,0.16480678471310847,0.0030904127682205794,0.00034963707601869885,-134.07986536833937,109.57039118834551
210_Wide,2562375000.0,1.0338528678045504,0.003093152088934265,-155.38316241409822,0.10193326002270585,0.0031539071994469803,0.00023141746916888932,-171.45004711206082,5.193782903261037
210_Wide,2562500000.0,1.0515985250097213,0.003485273326844105,-155.44357678206734,0.14661176805900303,0.0031956360759247907,0.0002234233572453042,-170.73625667954474,4.715513275779084
210_Wide,2562625000.0,1.054393175077134,0.0011085813933953677,-155.82658110273164,0.1360939791702493,0.003227705124286309,0.0003438981060283905,-171.73356008328483,3.7725092738456074
210_Wide,2562750000.0,1.02541822408271,0.0023752742388484767,-156.338441747613,0.17293835434710453,0.003132604137179382,0.00032528500557125307,-136.88246435625925,110.21012748481546
210_Wide,2562875000.0,1.032344187101924,0.00260958515042146,-157.39701512290523,0.14052997834241052,0.002863151486718157,0.0003178759295729345,-136.11003872720534,110.63936644270855
210_Wide,2563000000.0,1.0276104665307826,0.003205896767486704,-155.41454875201822,0.2394260438736585,0.0028516226206132624,0.0002407608165347576,-136.2459314221834,109.367390849442
210_Wide,2563125000.0,1.0190598979918049,0.0030200612484290543,-156.17710584069906,0.19434730615827284,0.003246984431295947,0.0003527680222952547,-65.89457484123282,168.73120557218763
210_Wide,2563250000.0,1.0317691233810868,0.0035389499517227926,-155.87114483580507,0.14046794955318379,0.0030958023698499145,0.0003666178377711705,-171.1631678761352,5.220444176490504
210_Wide,2563375000.0,1.0472148527087346,0.0016549314388497956,-155.82869621316365,0.11571626807565993,0.0030918950107994467,0.0003202010224394239,-168.79543219279392,4.103206308555938
210_Wide,2563500000.0,1.011344477516316,0.0013743457551025713,-156.53587609098133,0.1645394727114502,0.0032589191368874782,0.00019203790396394265,-104.0215927869048,146.73808510382838
210_Wide,2563625000.0,1.0262138955046558,0.00375005199846769,-155.72548147176877,0.1302738467475719,0.003281217405807759,0.0002337340523838187,-137.37998319642912,110.55191890027233
210_Wide,2563750000.0,1.0392335469814962,0.0015181987047065667,-156.7691741396396,0.23354600121301167,0.0032429451538450926,0.0003313252861583034,-134.31888166485354,109.22503311647077
210_Wide,2563875000.0,1.018449639939157,0.0037353998706454337,-156.4722008773663,0.19405425096887735,0.003207620752823101,0.0002514157340979438,-171.1870692257723,4.210566979599627
210_Wide,2564000000.0,1.0243223641192505,0.0028153384504456865,-156.38570535134906,0.15599272334043296,0.003305007332764327,0.00031269953380748785,-138.42770129548285,111.75561121537494
210_Wide,2564125000.0,1.017979001529513,0.0038275944999486967,-157.7529980595277,0.18771901763263554,0.0032290517193737283,0.00036540010350609903,-68.4809562307451,168.6723918074197
210_Wide,2564250000.0,1.0104102190237747,0.003393872978896189,-158.11256727794017,0.25350015780976726,0.0033039807297097863,0.00037244095536857584,-32.0941306830411,181.06907027724546
210_Wide,2564375000.0,1.0061022374773259,0.003774967563244652,-157.42953633282482,0.25560510499564704,0.003343749258069164,0.00031729623302846974,-172.71699554981433,3.7439659670803924
210_Wide,2564500000.0,1.008558458303317,0.002215242029729467,-157.2466724930061,0.1362816545656848,0.0034429423236642474,0.00025980360997567443,-135.7146687203187,110.84687485128032
210_Wide,2564625000.0,1.0030489158842069,0.0028452089310139006,-157.15638638964697,0.16073449636247336,0.0032903691866908833,0.00038129679748701836,-138.75558571643455,110.52754897002427
210_Wide,2564750000.0,1.0083645532616676,0.003349510838436228,-157.54041554061666,0.2036801528494326,0.003432023450171129,0.00032302713456120266,-103.78098669284962,146.56328300908746
210_Wide,2564875000.0,0.9965892023237369,0.0029799369414112414,-157.49161595578863,0.1760300089660719,0.0033275812698696215,0.0003232270452279524,-174.4889586372399,4.319517567537457
210_Wide,2565000000.0,1.004734359909716,0.0025051347613311327,-159.47142547797515,0.19312439979594664,0.0034163205465008242,0.00018046214035654314,-104.87463824357701,148.62326537412193
210_Wide,2565125000.0,0.9925512556094437,0.0030426573062085544,-159.83283709324502,0.17672556374913057,0.0033927052520012022,0.00028176931697869873,-69.7690930973221,171.1981548988551
210_Wide,2565250000.0,0.9962902388701155,0.001993076789298414,-159.0674477835892,0.1988089574736719,0.003617679834096279,0.00035117260605401195,-68.48026605184846,169.92998881191244
210_Wide,2565375000.0,0.9933310117230723,0.002519225463247583,-158.95550716504084,0.19600925477645237,0.0034682481774932234,0.0003497219529529035,-103.85247619865801,148.75313657285798
210_Wide,2565500000.0,0.98936555883405,0.002593232757401601,-159.6362932953469,0.15859932917636607,0.003517237694764772,0.0003370173131854809,-105.48506205255491,150.1124181572447
210_Wide,2565625000.0,1.0046836676395114,0.001992776135405664,-160.88471863104027,0.18376888062982835,0.003672697368401011,0.00036199642281623093,0.03749902664291085,185.71374977312908
210_Wide,2565750000.0,1.0194280895095589,0.0034415494067504574,-160.3757159626777,0.19225501237930673,0.003587739387652692,0.00035718039669215825,-34.48105415476377,181.01772214680943
210_Wide,2565875000.0,1.0024115163145046,0.0031180765005223224,-161.7606932161723,0.16971792466455785,0.003674698130644041,0.0003831345036247242,1.05134471091406,185.94389039645668
210_Wide,2566000000.0,0.9852783061391092,0.0036068180614547006,-160.9718688879405,0.11597627997853623,0.0036954963388980393,0.0002846673154135526,-67.81913495890119,168.6296115644533
210_Wide,2566125000.0,1.0117077106798587,0.0037471753961562087,-162.45291284562168,0.16403198864205684,0.003862495895738553,0.00032046790164653565,35.886180956520775,182.22602239160742
210_Wide,2566250000.0,0.9888122455319912,0.00486487675021637,-162.2868131491029,0.2287856435705347,0.00402600817778057,0.00024595395394571683,106.19230976529018,148.83267679567706
210_Wide,2566375000.0,0.9856879014311111,0.0023883745408917797,-161.88614865606667,0.20282752158808892,0.0037563955782270913,0.00031160963229568366,69.94569601349043,170.12987654958982
210_Wide,2566500000.0,1.0111475678227584,0.0035511931564048823,-161.73114009127474,0.21758772840353152,0.0041035503318057305,0.0003794799932601453,71.34123876103376,169.626943131691
210_Wide,2566625000.0,0.9712288196384877,0.0025506505790945416,-164.04288558750645,0.19803996516150763,0.004058090943942687,0.0003677068313551808,34.70397905512832,182.92150537336195
210_Wide,2566750000.0,0.9908179266270064,0.0034632028587178263,-163.8451692657037,0.1788029598041705,0.004178444632721671,0.00032158012434980364,174.6484719102267,2.7907402588851182
210_Wide,2566875000.0,1.0067722181912881,0.0019823683814646645,-164.58765395983463,0.1320545507007216,0.00445378432135354,0.0002897201236699374,172.37478819171636,4.742330972710425
210_Wide,2567000000.0,0.9905688230138451,0.004121826541598054,-166.2522753029556,0.2546194603829109,0.0043234044525695915,0.0003516702799394876,171.8520950857444,3.3889588340128967
210_Wide,2567125000.0,1.0011571623698208,0.0023655144629406762,-165.50245929250931,0.14807540463238783,0.00462065267877373,0.00035687252478867166,136.89811976403956,111.14334088444174
210_Wide,2567250000.0,0.985556155934468,0.002643752243099171,-165.87385977375507,0.1926408972250568,0.004709477440720119,0.0003112916822967186,167.4867414800731,3.452083376063115
210_Wide,2567375000.0,0.9889819882043036,0.0033307456482710687,-165.88086913710268,0.2465471748155531,0.005091265454136859,0.00032356343964607965,165.93127281323228,3.3989129412455292
210_Wide,2567500000.0,0.9613164268199356,0.0034513433466258747,-166.8035889070506,0.16824645751285275,0.0051103369227113475,0.00033258948938476605,164.31418338157482,3.0635392077394026
210_Wide,2567625000.0,0.9741758103572529,0.0022419671957013077,-168.112321713084,0.19841627917087354,0.0053117145684999775,0.0004249358109660276,157.35243133168177,3.8345291599336093
210_Wide,2567750000.0,0.9693080850214545,0.002942470539369801,-168.82382808573212,0.10955173446219588,0.00580907838497164,0.0002879255516478253,152.5686196944108,2.9167094935360707
210_Wide,2567875000.0,0.937433338456898,0.005336197534841633,-169.55746014305373,0.28218455176945567,0.006058351143619509,0.0003170215566054677,147.50518498922696,2.0089131107982117
210_Wide,2568000000.0,0.9019102479116513,0.0033535902987596377,-170.7808269020366,0.18620202921765935,0.00655876681087997,0.00030062004263172376,139.89086152512652,2.0882507130786827
210_Wide,2568125000.0,0.8283826850810674,0.003971304805319684,-169.9402520791541,0.31676425774667805,0.006293910432734136,0.00032878089994862884,130.9893717716962,3.3946981122811453
210_Wide,2568250000.0,0.8025534145903078,0.0034126489855459317,-166.85619457851917,0.23378234366117506,0.00639350384131115,0.00026359370532604286,115.60460487696601,2.3658230616664233
210_Wide,2568375000.0,0.7914515778379503,0.0020995895896490312,-161.22013539913092,0.4006133758801228,0.0055593746370863045,0.00025298111474290853,99.5155431235888,2.617154670272504
210_Wide,2568500000.0,0.8122923706014745,0.0026225823464768815,-157.07225872776692,0.18365811405263285,0.004621397829760371,0.000280605855402427,85.02878123285808,3.3041925635503397
210_Wide,2568625000.0,0.8806525272954192,0.0038048030349282333,-154.64469448826424,0.20130116176990698,0.0035382294926941207,0.0003632311962551634,70.45722516829316,5.064070959664169
210_Wide,2568750000.0,0.925436072600377,0.0027666864672701253,-154.30379229531584,0.21997389173026635,0.0023593069472028767,0.00022196900220749284,68.68504095108531,8.756240666368234
210_Wide,2568875000.0,0.9535430294383855,0.0027415282418499654,-155.03994871633745,0.20802369386843386,0.0014912553882376457,0.00017693546382898184,55.007452484798215,8.594990546317714
210_Wide,2569000000.0,0.9903883342470384,0.0022196275014203654,-155.17798583259983,0.2829851428136933,0.000835094531279993,0.00024279271697175367,79.12254744506963,18.617195881836384
210_Wide,2569125000.0,1.0429454975990922,0.003985629019696079,-156.77669730539574,0.14582186354558938,0.0006517779103255594,0.0003596031231057562,51.482682343974396,99.84655781307602
210_Wide,2569250000.0,1.0474689983465977,0.002058752598574301,-156.95387016295356,0.1627526867894048,0.00043937126163113676,0.00019984176954132674,23.151849638506068,133.0956823582485
210_Wide,2569375000.0,1.0384322833947168,0.001942343790425508,-157.62007675848565,0.20454705455388422,0.0008339009012399451,0.00035215631745766775,-94.82258269444961,130.69534766020843
210_Wide,2569500000.0,1.0549710415815896,0.0029314064860085174,-156.91930968501885,0.18890161862043026,0.0012338186480916836,0.00040167876921056947,-54.58886746799437,155.3677800815974
210_Wide,2569625000.0,1.0479933104213959,0.002431965822380927,-157.96928972464337,0.12504574304214122,0.0013778751174828223,0.0003580557337050587,3.015300412350746,179.73298534086766
210_Wide,2569750000.0,1.0656579984612555,0.002300831336578444,-160.07036723458998,0.2459207613939159,0.0014682709476458399,0.0003067477263316177,-165.86858311822377,10.39594929603822
210_Wide,2569875000.0,1.0747072412874976,0.0030056199987616465,-160.56611789199624,0.13239005326584571,0.0016168324778774899,0.0001818046762365751,-134.20778730509028,108.33417366069871
210_Wide,2570000000.0,1.0632627115112385,0.004807527451955481,-159.4503924019314,0.18861400321637162,0.0018705216971254364,0.0002876504417744995,-32.6187442015746,179.6561977076944
210_Wide,2570125000.0,1.0457805971200234,0.003276592797364295,-160.15870002493043,0.21066088038959183,0.0019180645462673206,0.00024754993244976856,-95.36671641044809,141.70043280326402
210_Wide,2570250000.0,1.0470252512061007,0.003668308446450415,-160.97009676853216,0.16871850575612002,0.0021554683093167213,0.00031271053277897193,-99.79036061834626,144.2911941957018
210_Wide,2570375000.0,1.0843450020877692,0.0026078731816927435,-161.36049097721738,0.3121515543207636,0.0019200734795551202,0.0003024469999961606,-132.96160781110407,108.47730998448976
210_Wide,2570500000.0,1.0775561329962458,0.002912227707461146,-161.9898639634685,0.21029917087877795,0.0024664883802648905,0.00033711827515986497,-168.87662942619255,8.081993166920654
210_Wide,2570625000.0,1.043048786958321,0.0026938998656067118,-160.90633569923725,0.27526870956178773,0.002425027326271965,0.000138624121131622,-168.86559957545202,7.659059835653606
210_Wide,2570750000.0,1.053550860132559,0.0030205838927764564,-161.9615151363609,0.19233502939316247,0.002623005063412563,0.0002855301016933682,-175.29316922349392,4.172830434136746
210_Wide,2570875000.0,1.0539259757092887,0.002659316544186547,-160.798562510609,0.17025266272056472,0.00250899215854184,0.00014710662274661871,-64.04662632040377,164.93961723461163
210_Wide,2571000000.0,1.0539531640063005,0.003558204968879466,-162.49771404413173,0.23126271593368672,0.002575408761667599,0.00028395940148203037,-137.31988355324242,110.24516514655627
210_Wide,2571125000.0,1.0477685166145296,0.0035640987185538596,-162.81456194734284,0.14507277443737604,0.0027812614597095926,0.00022935021832488117,1.4535979566874573,185.21346837759424
210_Wide,2571250000.0,1.0842692189860368,0.0038574019297714225,-161.3342641578557,0.19387516893540824,0.002907401640969238,0.00028543578238805284,-139.90583491220517,111.4953632181473
210_Wide,2571375000.0,1.0832151044163523,0.003612965386647516,-162.81402660679066,0.21425927280170887,0.002994811457959329,0.00020506924106148078,-67.9454210408035,169.5040852189159
210_Wide,2571500000.0,1.0522523446227547,0.002276256566601006,-163.6513498865156,0.11376779102030112,0.002940542793479657,0.00033908685829189177,-103.11294594639178,148.61481280567017
210_Wide,2571625000.0,1.0534902119003995,0.004322960446602134,-162.49154767420225,0.18043763554834968,0.0032636675648347138,0.0002910323742851411,-67.78818981428002,169.34604468057697
210_Wide,2571750000.0,1.0448315222500435,0.003080719297714542,-163.2395617579786,0.22353533669723952,0.00323048111087848,0.0004556208995654028,-33.328096891562595,181.76953990504035
210_Wide,2571875000.0,1.0673313868981846,0.003156519652140115,-163.48600782176015,0.17852986324398615,0.003504560844729458,0.00025501003300155734,-104.37360327820561,147.2060836939932
210_Wide,2572000000.0,1.0699162087684393,0.0037801712314071865,-164.39698590394778,0.12821233543373176,0.003453146456082302,0.0003593789017430849,-35.70583254262709,182.93936084429959
210_Wide,2572125000.0,1.0626503689769637,0.0035652541569810023,-163.8182193025283,0.19845606340345068,0.003665919789552466,0.0002465857933198668,-1.1188446542344053,186.60822413650425
210_Wide,2572250000.0,1.0562396798002007,0.004089245536630734,-164.05926336819385,0.21174931135070077,0.003544385354974932,0.00032221621796980237,-1.5603822384364947,186.34110426205484
210_Wide,2572375000.0,1.059217643910237,0.004786232576639988,-164.64468115081922,0.12673532018533878,0.003622824035983664,0.00023498009502368077,70.09458160318493,169.59147722562275
210_Wide,2572500000.0,1.0466931248528604,0.003144711305805198,-166.5360427077462,0.20572022758815164,0.003588272305923855,0.0004873640957383917,-35.15672898251198,183.58964290862386
210_Wide,2572625000.0,1.037184823852546,0.002376487202264927,-166.6957523279017,0.1438527189701126,0.004117766816077809,0.0002871197566863624,69.83587594314963,171.1631738097371
210_Wide,2572750000.0,1.0529452321539545,0.0022653317930022517,-166.97452078471954,0.2844495279031131,0.0038498401686074915,0.00034648494810293854,104.33122231656223,149.38995236008952
210_Wide,2572875000.0,1.0324199879375004,0.003596618335904723,-166.15258376920866,0.1537486621196065,0.004037357646053396,0.00038594499312100665,69.85359615549282,170.03536192830836
210_Wide,2573000000.0,1.0287999020806484,0.002432584887736447,-167.08748143754084,0.24787269447009264,0.00417352430198939,0.000347083922015303,70.98969324094261,170.21203857939858
210_Wide,2573125000.0,1.042008741854354,0.00303005581303162,-167.958278789314,0.18931132694230535,0.004438136899748064,0.00029302225181942955,104.00033781822209,147.0078233911492
210_Wide,2573250000.0,1.0355617393785634,0.0038904549581481713,-168.03606791307246,0.19210637780286083,0.004299958836600276,0.0002928534297350503,138.7802313673403,112.00418741376126
210_Wide,2573375000.0,1.0163815272693097,0.0033785906069342024,-168.48515419918718,0.21250438109103736,0.004434626339700609,0.00029114343620714874,141.5908045459016,112.07625985426499
210_Wide,2573500000.0,1.0211036009929284,0.0029308394529002704,-169.13503786651208,0.14914666132134372,0.004406085535320308,0.0002441184416763542,137.96195085340702,109.34989617784066
210_Wide,2573625000.0,1.020520904799707,0.003278344601252917,-170.22517222078787,0.2032236868747973,0.004570010687491131,0.0002333506457171006,137.57481185247426,111.10691635575435
210_Wide,2573750000.0,1.0170636959976316,0.0031023770532281505,-171.05947637900937,0.1743421943910287,0.004866772563155498,0.00024900599940595237,172.59799887181762,5.587884764682962
210_Wide,2573875000.0,0.9974198688978193,0.0024434757645759504,-170.7370164572197,0.12048022502214292,0.004728614924980594,0.0005161928039922406,172.57430044721116,2.7237391645937326
210_Wide,2574000000.0,1.0230011917782458,0.0027492211631500382,-172.6646746603722,0.13208222619029136,0.0050737666611577505,0.0002363349638568302,136.85660067445704,110.24207703255853
210_Wide,2574125000.0,1.0282146470317977,0.0029583692514224985,-173.51393793140613,0.20720419882744695,0.005161955844601838,0.0003056782644709562,170.21415465216486,3.298875702745517
210_Wide,2574250000.0,1.0048946128107057,0.0028664164709303313,-173.73556324574997,0.2170969557048486,0.005392178823570058,0.00033240267804287416,172.61783153790373,3.896471381812383
210_Wide,2574375000.0,0.9995769301932087,0.003534508250874451,-175.4381115520236,0.1977075627464627,0.005421322763215913,0.0003530929416218638,136.66552663087052,111.28838331927946
210_Wide,2574500000.0,1.0038482871455894,0.004885853375894407,-174.93455523514663,0.16245740973987594,0.005508986562480487,0.0003851541081940157,171.15150862114095,2.1593049327264073
210_Wide,2574625000.0,1.0110331490951676,0.005365523780284123,-175.89319198256564,0.17820950613532593,0.005610667821926824,0.0003458545029266313,173.05089478911648,3.868201907219577
210_Wide,2574750000.0,0.9848867692431278,0.0017273630211926897,-176.58701310708085,0.11005898079700692,0.006066449104588499,0.0002948217983395461,171.1367322098653,2.991657453138337
210_Wide,2574875000.0,1.0038846800520724,0.004758839415511448,-177.81985452994945,0.13348446631562344,0.006000503199881749,0.00029160508636498294,170.14909099732827,3.1240974139167483
210_Wide,2575000000.0,1.0005485286874225,0.0036805361496527176,-179.2581790824339,0.19739357514234057,0.0063037763834837045,0.00026753724349922424,167.68191858483868,3.0649950810613458
210_Wide,2575125000.0,0.9854916857566478,0.004208719535883329,179.14148332749699,0.21711597386316528,0.006207313148169,0.00026097277984169826,167.1261003040231,3.7618013239407
210_Wide,2575250000.0,0.9770691343024055,0.003055013476632743,177.8220801525354,0.24401243491332109,0.0063523165603193675,0.00024668242819366403,168.449313965617,3.0702731211805347
210_Wide,2575375000.0,1.0036057147804591,0.0039886658299102115,176.36064134325028,0.12402618177449258,0.006991934101651651,0.00036979511746223576,165.51654773619472,2.4193458306838247
210_Wide,2575500000.0,0.986637774293825,0.0026189048515679043,175.00868981446064,0.16875774524943182,0.006940824219230239,0.0002592681257742974,164.79422348602372,2.1003960492671734
210_Wide,2575625000.0,0.9744799622987366,0.0038933492385995155,173.48535480107995,0.2052374383103653,0.007022654118126911,0.0002588279480329341,163.74135851334526,2.2495968042557233
210_Wide,2575750000.0,0.9845252206212526,0.0032551829289929517,172.59730283690487,0.19252857222248795,0.007458469911480016,0.000309953422266099,161.8819691320389,2.127744587773882
210_Wide,2575875000.0,0.9761782036317375,0.004901682297254064,170.57029360237635,0.1753926097002879,0.007709797426636174,0.00021647646963940246,163.39005731360314,1.796715029020546
210_Wide,2576000000.0,0.9636829516145531,0.003503136219196103,169.13803701759684,0.21197263072118902,0.007993979669587651,0.00025629393508086755,161.27727973539226,2.1696431172736785
210_Wide,2576125000.0,0.9661352020747843,0.0035992490027044652,166.92215587023588,0.23006590319875722,0.008089582430747503,0.000327743008087754,159.52713499267455,2.1811187714636064
210_Wide,2576250000.0,0.9691563757469376,0.003688985059286008,165.7134939730504,0.19928460398126163,0.008635830845080898,0.00030314698894224376,160.3489356329644,1.747771857657027
210_Wide,2576375000.0,0.961244665991764,0.004225189675307425,163.69609441693905,0.16601669749970557,0.008668937363180279,0.00025925344823206933,158.9708661169002,2.2603582352595377
210_Wide,2576500000.0,0.9594495536710885,0.0036001918986906098,160.35907412123873,0.27562577004081906,0.009301491276011792,0.00035318725118890445,156.72725609591154,2.003943201050546
210_Wide,2576625000.0,0.9541660932278175,0.0021888698589201017,158.2798420055575,0.18241782165366285,0.009461228665036025,0.0003362145145633752,156.18812245596067,2.7239897683288894
210_Wide,2576750000.0,0.9532773287909883,0.004058838793426962,155.75638690362644,0.19704989101680145,0.010031226726089488,0.0003106398340158369,153.38287278509372,1.0475546479702496
210_Wide,2576875000.0,0.9232866189185962,0.00554390753002117,152.3526418335307,0.25505429249222117,0.010172456195477367,0.00031413553677463386,151.9454421335491,1.7420305317796096
210_Wide,2577000000.0,0.9335737934539069,0.003510070229051604,149.69682987633414,0.19122188702810552,0.010583945040841765,0.00020126224561473993,150.36857664930054,1.5778671256646535
210_Wide,2577125000.0,0.9204992761186085,0.0028262149468219057,145.6334186692798,0.13568916568491793,0.011301491499636933,0.00034868822866801946,149.02294375526031,1.0858792919349802
210_Wide,2577250000.0,0.9015342716713246,0.003780381983832999,142.0939237304334,0.3221294178856276,0.01161822390312378,0.00032771308871801567,146.67058149692824,1.836869684070378
210_Wide,2577375000.0,0.8776775258938931,0.004159949260672525,136.50831245757263,0.19019916525380576,0.011848863936433933,0.00031540888592303067,143.77410207820813,0.9515018018523972
210_Wide,2577500000.0,0.8667699270969941,0.003170023917028503,131.6898113801291,0.19440041155129223,0.012358885263206056,0.00035810752256827254,140.35320710910176,1.3632669687843288
210_Wide,2577625000.0,0.8584355698354826,0.0036958527147255933,126.73309326623644,0.26986163675306774,0.013106334572447843,0.0003204651354235222,137.90091305473854,1.3857278848133865
210_Wide,2577750000.0,0.8246710252541716,0.0037728428933459356,119.51019416201315,0.3009820242319773,0.013596566944689506,0.0004297593262656868,134.71586307407154,1.0434898099914767
210_Wide,2577875000.0,0.7978538137694567,0.002155233257460912,112.77535908326392,0.25841080040541375,0.014007802059889125,0.00022505809255887605,131.571746988176,1.2396069202296471
210_Wide,2578000000.0,0.771720241956794,0.0028544591592279287,105.42594703588895,0.25273692780350643,0.014404681219190996,0.0003526026063134742,127.85432261217595,1.4813014612103286
210_Wide,2578125000.0,0.7407353590915029,0.005055904434440773,95.38001580993087,0.19238367971654569,0.015017220410597117,0.00032396162458671915,123.51022951367194,1.187513780157111
210_Wide,2578250000.0,0.7256358410958819,0.004241945819770475,85.76237933348264,0.28190790808552657,0.015706458640971522,0.0002583439907547954,118.95085005144932,0.9250428042716068
210_Wide,2578375000.0,0.6880829639980286,0.004355033599213635,73.2540913200403,0.2833407051316049,0.015921678844086563,0.00030240633206986257,113.43226615434112,1.304475042958016
210_Wide,2578500000.0,0.6627570002988374,0.0028055841037538955,60.516405204777755,0.30877313509791887,0.01598986418280228,0.00034292554297339953,108.57979225417911,1.157515375850749
210_Wide,2578625000.0,0.6365633809879481,0.003452612403899677,47.47864202802907,0.3688970468632549,0.016023460039276172,0.00039293253948484967,103.42642034416575,0.6481587377266637
210_Wide,2578750000.0,0.6370776356411714,0.0033237157661629066,32.56892001872364,0.3302645093206278,0.01643076953838351,0.0003864876775423734,98.1585618412758,0.8769554256201415
210_Wide,2578875000.0,0.6500772890742448,0.0038539676306294252,18.30301141782344,0.40700795645814036,0.016163351451666943,0.0002878511142559504,92.42328296295095,0.9449078124058946
210_Wide,2579000000.0,0.6548041400266672,0.0022855522494563073,3.7586696086203544,0.3913621903959242,0.01571269430788466,0.0003428528919104881,86.93507508614384,0.9483614181330606
210_Wide,2579125000.0,0.6709066819947773,0.0029544453336131974,-9.82285119032322,0.3449786134375281,0.014804360914265347,0.0002349081968713992,79.76168729560109,1.0926063437620392
210_Wide,2579250000.0,0.7042601261937156,0.0036302670325929326,-21.804082973078998,0.1875660148596902,0.014300207796206362,0.0003276059552419317,76.02297302599995,1.3569191535468645
210_Wide,2579375000.0,0.7377897009401204,0.002382741006126914,-32.34319245300043,0.38291999762467094,0.0138847028471948,0.00021087754644475386,71.59124822130357,1.3405009248550064
210_Wide,2579500000.0,0.7729141570498784,0.0035491308983385582,-41.92983496508135,0.3107009250109397,0.013063263692124245,0.0004451766578518493,66.8489683384424,1.703116983225871
210_Wide,2579625000.0,0.7980770553357082,0.0035306964154950375,-51.73679281760018,0.2434493108813159,0.012610608498631402,0.00026446146394676925,62.50795568151825,1.9569071308400035
210_Wide,2579750000.0,0.8200848063650105,0.00186064859505968,-58.9763572254041,0.2454049378398856,0.011875035405783465,0.0003971245286205474,58.55075810298524,1.798589371557561
210_Wide,2579875000.0,0.8489892393114163,0.004247570737154971,-64.40445259209056,0.23999577579370468,0.010975780584936897,0.0002571405392637468,57.00300313418149,1.2642959931897975
210_Wide,2580000000.0,0.8711004484360487,0.0027742998941834227,-71.6999969174295,0.29785319390898524,0.010645284951649276,0.00036810045342872366,52.01948537328564,1.5275792275968547
210_Wide,2580125000.0,0.895401873253753,0.0022949096892403405,-76.20120525212754,0.2472471151690674,0.009810889239346206,0.0003645064695933198,49.60715672464834,1.684846313670779
210_Wide,2580250000.0,0.9059264463899013,0.003772412733186141,-79.63400790913217,0.20691288107237174,0.009286041565181032,0.000244908930109608,47.66616053937058,1.4729462704629592
210_Wide,2580375000.0,0.9269875083207629,0.0035767107450392164,-85.2260959516229,0.3104581393873826,0.008743500362074214,0.00036693305628642046,45.84568050052598,2.0806438135517786
210_Wide,2580500000.0,0.9660834521193833,0.0027705774697669642,-87.86666735671643,0.1466427087153536,0.008228786558030287,0.0002647319883647918,42.52643785610317,2.1856606198680346
210_Wide,2580625000.0,0.9431665423190281,0.002631930998525577,-92.5454987957421,0.12914829375334735,0.0075629706705400606,0.00032140122966409386,41.24812230491205,1.7650238648189314
210_Wide,2580750000.0,0.954712712133842,0.0029353419760337206,-93.77218736270089,0.20836036476506728,0.007441917006108599,0.00035090650563007476,39.263336173150286,3.4204496485286517
210_Wide,2580875000.0,0.9967756589278589,0.0023219489676841636,-97.28260144311056,0.21161882732259815,0.006832300929677196,0.0003424909845269127,38.035820646644545,2.9905503235371307
210_Wide,2581000000.0,0.9722339366045417,0.004807239607021615,-99.17784069708658,0.25594946897619614,0.0065503371407782465,0.0002451266388974176,35.85715086494521,3.6726088586049177
210_Wide,2581125000.0,0.959248159735483,0.0024628670272312564,-102.19938188303081,0.247528117507957,0.006135702456083647,0.00042020319616751107,34.5285139936772,3.311446981561875
210_Wide,2581250000.0,0.9952620092203132,0.004730693125102859,-103.33226204045766,0.21466714184582236,0.005735680175241571,0.00025744044942169176,32.17331540033051,3.1907340867798855
210_Wide,2581375000.0,1.0126302908274858,0.003793944836407075,-105.0689728308126,0.18200939549358464,0.005495402248111627,0.00033236251062135683,32.63365072187215,3.243874599308309
210_Wide,2581500000.0,0.952896928079711,0.003280582588045858,-108.4560808208564,0.17121157797400577,0.0052020612387156185,0.00024009208528948513,27.708193037835514,4.174508794998197
210_Wide,2581625000.0,1.021245254670518,0.0036185011231722555,-108.95395007680776,0.2250353805306925,0.00475824512767527,0.0003586452436670445,27.59965714457784,2.4790258975671304
210_Wide,2581750000.0,0.9871967744984957,0.0034526636395741106,-110.91214494739623,0.18121372367701505,0.004621415735129048,0.0003717892705560803,27.29376748101739,5.082883373686913
210_Wide,2581875000.0,0.9742820304827562,0.004142117672558373,-112.39473169617273,0.30228276282410815,0.004119051919365759,0.0003337546101122916,28.63010568740464,5.528400589554686
210_Wide,2582000000.0,0.9888098075396232,0.0036987902235097363,-113.72503600835925,0.15488664871437846,0.004263516650450248,0.00015335087388529148,26.77373333391831,4.315191822498627
210_Wide,2582125000.0,1.0033886384637913,0.0036784477437942294,-115.45999939683674,0.21563031127703425,0.003954240182225714,0.0003654624574328088,21.381114087464972,6.070511743894856
210_Wide,2582250000.0,1.0370649736471627,0.002802968841091491,-116.34200745633052,0.24881283707226512,0.003828379254177648,0.0003406811390294646,21.16733748368526,5.072379984139606
210_Wide,2582375000.0,1.0170699146102886,0.003377915016664215,-117.13518622031707,0.267960667242592,0.0034657638061490487,0.0002776004293699023,25.281650776942627,3.2645165099623927
210_Wide,2582500000.0,0.9977027375629464,0.002064838091785961,-117.13519176621581,0.2579856191436154,0.003217580464589896,0.00036065295427688466,24.528658700181477,5.988833380469931
210_Wide,2582625000.0,0.9928224380446038,0.003502733097136846,-120.04222385699912,0.16203971582954496,0.0032567739745277126,0.00021030951974663372,21.57260138500912,7.362043604661388
210_Wide,2582750000.0,0.983677590365272,0.003299016610570523,-122.30141748213022,0.3033732003947199,0.0029410934418456513,0.0004957382377501848,14.276731222450726,7.9651050412237465
210_Wide,2582875000.0,1.0036744718101027,0.004851364404668027,-123.43787131520118,0.1852431108188343,0.0028482323693780477,0.00032317691982632106,17.536619899863705,8.749464078837386
210_Wide,2583000000.0,0.9823925681206933,0.005096466026983119,-122.66915673218863,0.2901899144747111,0.0026453037172532706,0.00024916192240978594,15.349184529099256,7.442980703209423
210_Wide,2583125000.0,0.9952739286928891,0.004733995742941172,-123.3218805834882,0.2928769783312911,0.0025129183433091977,0.00046613082276676003,18.32722039745315,10.492310062944076
210_Wide,2583250000.0,0.987768635619872,0.00465814180567079,-124.1115834975937,0.14823941401734514,0.0022030745826392474,0.00027213293127432693,18.062606231208367,4.808715656867642
210_Wide,2583375000.0,0.999548673450324,0.004073510894510372,-125.80350487453401,0.266505043324986,0.002159722854168802,0.00029260508799839853,13.037581634541024,12.816393577600133
210_Wide,2583500000.0,0.9928007376506608,0.002354827524435111,-126.8969297720279,0.3137925931596566,0.0020572122418015463,0.00044722663959724816,11.647060455458426,6.421845635724132
210_Wide,2583625000.0,1.004879116530487,0.004386130037752709,-127.82555342946695,0.27921110883173605,0.0020141416070669316,0.0004691556584469233,11.901166112898672,6.968025140151295
210_Wide,2583750000.0,1.0051881149755952,0.004930244235841162,-126.13825496812593,0.25683666509410147,0.001770646481865512,0.00028770669733265585,15.396221461171201,12.203354510837544
210_Wide,2583875000.0,1.0138676018913082,0.004056466704309395,-128.412454113386,0.23850283439598505,0.0019099059558771942,0.0002764416711197174,5.377867563424208,11.988620598404058
210_Wide,2584000000.0,0.9789273742100253,0.0035468508971086073,-128.61800488646304,0.2041968444503063,0.0013622881342343603,0.00031654405676202876,2.802963496475164,14.605583778298014
210_Wide,2584125000.0,1.011264435197239,0.0038102324263423974,-129.61500183274924,0.28117837957382497,0.0013301932183619703,0.00033022719393263443,-2.631053659636943,20.118923605335603
210_Wide,2584250000.0,0.986497257177773,0.004418264049825078,-130.15661737831002,0.21627047656630036,0.001333101034228152,0.0002719973214100701,5.381713963542191,19.501906093494828
210_Wide,2584375000.0,0.9875075519617457,0.002956475284564771,-130.63806845210794,0.2009439467962326,0.0010971042724689933,0.00042368009362219784,-1.03762709108017,12.268206489911815
210_Wide,2584500000.0,0.9918727321498019,0.0030079353312467984,-132.80209510957738,0.12669279984475315,0.001123093223738171,0.0002317767292260705,-8.826299406178975,17.027132347259194
210_Wide,2584625000.0,1.0081254085910603,0.0033222950988281447,-133.0742494595817,0.2538435970547171,0.0007413381281190963,0.0002413849962304192,-9.613679366199875,22.366382662700808
210_Wide,2584750000.0,0.9954928896038171,0.004272209490655244,-131.97171201090026,0.11521212459447398,0.0006311928537994823,0.00034746960643545154,4.686289487356638,40.680986862183886
210_Wide,2584875000.0,1.0098796421072216,0.004559773372286143,-133.8272630318591,0.2638117046566012,0.0006993642856196559,0.0002757726662033898,-60.92881794823231,37.50071377879905
210_Wide,2585000000.0,1.0104763195135764,0.003012918130362451,-135.80377147589408,0.22391376018643971,0.0005972263214490831,0.00032412682507833735,-84.02557257518819,46.9256190140799
210_Wide,2585125000.0,1.0057369010119508,0.003313754574307186,-134.74804947258428,0.22004653738413119,0.0008109151414633688,0.00025629867843931673,-101.9195310423911,34.14753955331886
210_Wide,2585250000.0,1.011182189123779,0.005068611649398041,-135.88114051478857,0.22090565307596666,0.001134126659766603,0.000298132034602585,-151.29224738538105,14.892249573424865
210_Wide,2585375000.0,1.0134284968990657,0.002865259117920226,-136.2016717283958,0.18575365028611704,0.0014996426274864023,0.0001978067858147466,-129.93860579582466,108.86967453997282
210_Wide,2585500000.0,1.0088850504007505,0.0030248108662463014,-136.99459108888465,0.29261806574399063,0.002319210315168638,0.0003365155854544578,-72.72099712527672,167.25351343658124
210_Wide,2585625000.0,1.0010018183163298,0.004539922127027503,-135.35847376056356,0.18456467450169423,0.003357974712906891,0.0004312753442978724,154.54839323481494,2.6274136542399695
210_Wide,2585750000.0,0.989228269837322,0.0025861539400105008,-136.59566433521667,0.25367538723907296,0.0039559240738047795,0.00023762820390971944,126.3998325173095,4.7304358172066365
210_Wide,2585875000.0,0.9826337653733338,0.007264240616066872,-138.0327740195098,0.3029661435759098,0.003954072444366584,0.0003884929310990456,99.52772533867966,5.9012218450807525
210_Wide,2586000000.0,1.0084743883216087,0.0041029270813143495,-139.0370963727633,0.2270835537650442,0.0033069131619788187,0.0003015669776288588,78.65864398378919,5.1938172630916855
210_Wide,2586125000.0,0.9773397295737625,0.004035941032524705,-138.57339185953748,0.2688851428207661,0.0028306547241022315,0.00023328708544974734,67.89204179590303,6.368630033876704
210_Wide,2586250000.0,0.9910339260216492,0.003584599776106585,-139.0413136444156,0.16914990160599963,0.0024270014201019387,0.000305392248525638,62.874664039284,7.098435675142394
210_Wide,2586375000.0,1.0004930279265976,0.003820765781503123,-140.04313941020914,0.21320361968376458,0.0021196251036954173,0.00023525093285048493,58.72513444317728,8.461599540140668
210_Wide,2586500000.0,1.000658707302477,0.0038018110995891763,-139.35732619984188,0.2331177936073062,0.0019111544559203982,0.0002890561265262187,52.90353287253771,12.968379817726357
210_Wide,2586625000.0,0.998934177644373,0.0038672472777904854,-140.39522382064268,0.23868601974546427,0.0014870803407975475,0.00023703678782529376,56.72221166915888,12.678442857585194
210_Wide,2586750000.0,1.0175631367635183,0.003605381342471616,-141.4342668151362,0.2159535703895084,0.0015441120682843637,0.0003956151625874995,42.385359416801506,13.313756460074625
210_Wide,2586875000.0,1.0077003378504255,0.0034830317666341925,-141.13024985366246,0.14659349327630083,0.0014416922331414775,0.0003215316551731892,46.136996007703694,10.95955331737418
210_Wide,2587000000.0,0.9930435576018308,0.0038157396861308135,-140.8555919651321,0.15898174511046714,0.0013585132289828414,0.00016844992883716589,54.912858259627036,10.577160322773304
210_Wide,2587125000.0,0.9946570977946394,0.0039040776598192294,-142.43770355092977,0.18540757714985506,0.0011102242033731759,0.00017924268333543452,47.62932295451502,22.002874993339606
210_Wide,2587250000.0,1.0158084897015476,0.004207062956554663,-142.43345528466656,0.22035587799765807,0.001044272312963557,0.00020058915641399738,58.73181245919678,14.802180871594752
210_Wide,2587375000.0,0.9978367215026608,0.002996154327710418,-143.27494044609878,0.27649216182566577,0.0009329326907672423,0.00026160219957029794,50.91745486564145,15.305627475231772
210_Wide,2587500000.0,1.0136950973420156,0.003892109319685257,-143.88454877459358,0.25039456548567823,0.0005835325179936656,0.0004244831984736329,50.832515016584544,53.48912204704712
210_Wide,2587625000.0,0.984514781887286,0.002309501964702607,-144.8528968164297,0.14942023114103806,0.0007281748184472291,0.00031655282259928584,47.00210458437102,19.840083535632747
210_Wide,2587750000.0,1.0072672387655905,0.0033581778331162855,-146.1210209100931,0.1203502649979649,0.0008550551435368777,0.00034260919715548406,55.715570892481786,33.88483001349267
210_Wide,2587875000.0,1.0055509097743105,0.004834713012429279,-143.91042593926707,0.2349577199073951,0.0006440121117234908,0.0003462948744957033,33.150726874324846,30.80456675684849
210_Wide,2588000000.0,0.9933209249383066,0.002533163403245648,-143.11054543662138,0.15279675641037457,0.0006661381059323,0.00021851594049685262,39.93194580724105,47.68120221882527
210_Wide,2588125000.0,1.0011728774900417,0.004259989276350036,-145.77083714450865,0.2219747876428371,0.0006505856127236735,0.00019990769843272166,61.89031642686987,29.489360906237774
210_Wide,2588250000.0,0.9919919034534135,0.00289196713890998,-145.3479714438326,0.17858276755291053,0.0005346188220162285,0.0002858759741681408,59.934102624039554,72.25932464273924
210_Wide,2588375000.0,0.9766772890595018,0.0034096977211892404,-145.22628045505854,0.16524256792060865,0.0004051982932398261,0.00025697590462798173,43.47414170216774,75.95470539148825
210_Wide,2588500000.0,0.9833656624280311,0.0026445080633340167,-146.17155053393049,0.15701001507772794,0.0005174925931794183,0.0001372730560988341,96.40565222437637,33.88047927254186
210_Wide,2588625000.0,0.9995116542699995,0.0038047571148732773,-145.53935927366226,0.16113000959865745,0.0004589312263482368,0.0001895774668794602,99.6070572300209,41.373007432494454
210_Wide,2588750000.0,0.9912790184514079,0.0016926784031508566,-146.12698623915284,0.1649726521640334,0.000551927605661214,0.00022106273949207972,25.884016278412624,102.17133569955566
210_Wide,2588875000.0,0.9911753420152096,0.0037200473392278123,-147.54359483955702,0.1467420428304889,0.0005271192819309822,0.000351040340791309,29.19515490580258,119.05079544914588
210_Wide,2589000000.0,1.0064180257340989,0.0034977908626031406,-147.53789198623366,0.21374425748982437,0.00058767545224735,0.0003651041279230136,47.07607869180316,130.22263803810043
210_Wide,2589125000.0,1.0038707473081259,0.0036517331003163983,-148.68303188780473,0.10016147757956385,0.0006691838975560416,0.0002468166317833505,61.85434122026688,143.52649704413426
210_Wide,2589250000.0,1.0079391291667297,0.003397976759097371,-148.3243446905515,0.20509256357732691,0.0005677792196484835,0.00027853201375656296,76.92198257082096,98.91412134770461
210_Wide,2589375000.0,1.0054777196442521,0.0033478834156804834,-148.54622391711416,0.1877330003548481,0.0006741480208460543,0.0003195768718917962,103.29265167984443,102.26440777459662
210_Wide,2589500000.0,0.9990168145261655,0.003696451066232213,-147.79602750952023,0.2062009944677382,0.0004894581631087194,0.0001928504783815285,6.29712718473017,142.98058821362207
210_Wide,2589625000.0,0.9955704354166555,0.003348908939023322,-148.40916157328397,0.2717089670564674,0.000587710733110781,0.0002857311732835213,71.37781536578227,123.49652868246794
210_Wide,2589750000.0,1.00337988884623,0.00385710367609373,-149.68932493535777,0.24699989009399664,0.0006111603096687915,0.00026852791257925014,117.33172645588934,98.27897574827621
210_Wide,2589875000.0,0.9738704063886581,0.0038233987820393686,-150.0031559449381,0.14624972452656052,0.000922534655826716,0.00032627020495213987,51.47830133421196,155.77006216160606
210_Wide,2590000000.0,0.9758438150230011,0.002624782992806894,-152.31700913320194,0.2345412155405662,0.000666507108943353,0.00035925427584783095,55.02640344564183,146.9206766887689
210_Wide,2590125000.0,1.01930701141411,0.004095573950640473,-150.7086207158183,0.18360842826714,0.0010352888714690337,0.00023463848870092414,165.35585762023723,10.418893650136939
210_Wide,2590250000.0,0.9969493719617268,0.0039267709421233685,-150.9430056555837,0.09922657018123551,0.0010015582016013663,0.0002577872292831417,24.77654317040865,168.40838747945563
210_Wide,2590375000.0,1.0016816960167307,0.003438326494369049,-151.63192142654705,0.1707671964926089,0.0008994239289798958,0.00030597391822001377,60.98305607195041,148.65392758744406
210_Wide,2590500000.0,0.9923602314006199,0.0038861229871771513,-151.97787393947604,0.24791836425622135,0.000927689413581029,0.0002657144246509346,-36.93027861579098,175.16141298462236
210_Wide,2590625000.0,0.9688678584543073,0.004079551285100805,-151.2933271685273,0.18554912139204513,0.0011470896334315006,0.00020760080993297567,33.02483440715439,171.322463067816
210_Wide,2590750000.0,0.9915161455464215,0.0041432763804196875,-153.5166026850864,0.30026738526067565,0.0010937746303768805,0.00020721280616727591,61.24774744898199,160.3279371661723
210_Wide,2590875000.0,1.0179580890616964,0.004373301431637068,-153.43219812959396,0.16910064843672507,0.001034864030683208,0.00033421156313996375,100.29622906781394,137.52358502834363
210_Wide,2591000000.0,0.9858015496913423,0.003910731353242317,-152.22009624855656,0.20493455630542753,0.0010822135849203433,0.00031220687357326953,29.315694279451094,169.94815812726347
210_Wide,2591125000.0,0.9762341069666286,0.003411891011137174,-153.18382682064032,0.16473686713530553,0.0012152734769310264,0.00035888844495289855,31.886411682047456,172.04476639979075
210_Wide,2591250000.0,0.9911537593486804,0.003905456773028043,-152.33356097345546,0.24446959041214705,0.0011930397684355746,0.0004186165999444189,62.599318431103065,157.6251564857759
210_Wide,2591375000.0,0.9895299014216937,0.004244948969390874,-155.25900310390614,0.206318810056679,0.0013853491769132034,0.0003266469831592966,-36.52886665984278,163.17374957605122
210_Wide,2591500000.0,0.990673396542235,0.00483620195148572,-154.50688397252927,0.2103865985946555,0.0011841229233329237,0.0003182827451141293,-1.0709015119311887,178.83338056160756
210_Wide,2591625000.0,0.9878006115278636,0.002805725282201745,-155.52295882302786,0.23341907637180356,0.0013320913427306406,0.0003413223225022336,32.55257509360369,174.2836828501575
210_Wide,2591750000.0,1.016110668529999,0.004275838875362139,-155.28445190552176,0.30272905911256476,0.0016746315807828632,0.000362708420572894,-69.9638594929535,167.21979228282555
210_Wide,2591875000.0,1.0324656867135888,0.002917850594524295,-154.59618547334364,0.23222856051624688,0.0014334196079060612,0.0002956817383828309,69.52500015127669,166.35820004700344
210_Wide,2592000000.0,1.0027845347328503,0.00360310443850401,-154.43443021115525,0.2114368086669613,0.0015009420348098422,0.0002558570822015727,-2.7702148436997134,178.55830977336413
210_Wide,2592125000.0,1.0100937697790535,0.004925157169898392,-156.79165383557955,0.16984674578232267,0.0016032890705636425,0.00023222919857663493,103.29437307673491,145.242297547719
210_Wide,2592250000.0,1.0169539040348794,0.002179747809105225,-156.07162118364212,0.33035574966532333,0.0016401746434156407,0.0003650328607983241,33.844309638943855,177.56801435359637
210_Wide,2592375000.0,0.995709635477095,0.003402312947809228,-156.96354055384577,0.15083016183792916,0.0017139178437738923,0.00025254475929607843,102.13180502976887,145.70461995974034
210_Wide,2592500000.0,1.0129424295022569,0.0027388380979273775,-156.3136799997122,0.21676562548320524,0.0016794669341529556,0.00031817355134896653,32.053569793153535,176.03373852992598
210_Wide,2592625000.0,0.9981532253976405,0.002362912449679533,-158.0545120607989,0.28201132540150003,0.0017184670594725547,0.00028744027543001893,65.63702056173162,167.35610737284833
210_Wide,2592750000.0,1.0212517182935519,0.0039423222082417015,-156.09771031746521,0.16589152831219123,0.001825821843165534,0.00016727901484034957,33.3325994951548,178.26140018547054
210_Wide,2592875000.0,1.0099541943923371,0.0029662566103982736,-157.9175762847352,0.2255370561646951,0.001811336918601309,0.0002946497921826561,31.95579225320038,178.6885845584738
210_Wide,2593000000.0,0.9996495699432814,0.00235375256277183,-157.14989541062644,0.22708485848900456,0.0019179875320940588,0.00021832034901713188,103.72923150103986,143.81034607138423
210_Wide,2593125000.0,1.0044970726580658,0.004422662932686757,-158.06072569706296,0.1527646192429728,0.0018624597451840762,0.00041277872210215453,-32.742349197645865,180.1079856880329
210_Wide,2593250000.0,1.007130829528215,0.004573922129501045,-157.94317882158774,0.17423975927496435,0.0020154138645202355,0.00036312800379334243,35.243992630593866,181.0173820550412
210_Wide,2593375000.0,1.0018725023047332,0.004080009947473544,-160.1050765472577,0.1596957005205595,0.0021685353393560134,0.00041054294638088627,1.4907749001668378,182.6949738572126
210_Wide,2593500000.0,1.0086393715993003,0.004167463890439257,-159.25743462869235,0.24260825093366423,0.0021150203482162757,0.00030549184131815833,36.57592353867376,178.6427976570297
210_Wide,2593625000.0,0.98746569249007,0.003142208759086958,-158.71424876527612,0.17935412025153877,0.00209397514641078,0.00022572631143481588,136.81907688150943,111.37394449671511
210_Wide,2593750000.0,0.9959447013824847,0.00320622440480826,-160.13874041340557,0.13895071408361465,0.0022271755356002053,0.00037154683680895,-71.12139753412927,164.60107657521996
210_Wide,2593875000.0,1.01705009597703,0.002312172691607066,-159.08089202154247,0.12653133028789038,0.0022594618902510195,0.00021442845003439087,104.52844370157008,147.34742441631505
210_Wide,2594000000.0,1.018854113460104,0.003406769376127814,-159.63957277460707,0.2383077200469149,0.0024267242307878835,0.00024488436766518867,-171.4300208499147,4.393223300223249
210_Wide,2594125000.0,1.0074293114528312,0.003808263251412176,-160.20086635557928,0.20312861772379806,0.0023642123438975273,0.000359619061640994,-35.631011707322905,179.59387019823956
210_Wide,2594250000.0,1.028849838460306,0.0021778124212634997,-159.49883522854506,0.23501039869674792,0.0025607017030271195,0.00027819600064880244,1.1258373468286322,185.0379241326413
210_Wide,2594375000.0,0.9999449234329537,0.003462380462915421,-160.17796059459135,0.20976919643413106,0.0024199327044333737,0.00027957943871974496,-34.32076216832779,179.12654977653014
210_Wide,2594500000.0,1.019871349985978,0.0034145963502270585,-160.57239205900976,0.21033856051246075,0.0026370716564364884,0.000316956191118634,-0.2697138178412956,184.3645843503632
210_Wide,2594625000.0,1.0216682335413145,0.003636844709894094,-161.5524897732325,0.17301671589550208,0.0027222581125490933,0.0003363663575350887,35.23173485618196,179.57302272819504
210_Wide,2594750000.0,0.995304792403645,0.004604417207394397,-162.04551989323477,0.2141911725382237,0.002554815088834787,0.0004408094556675908,71.08561572034122,170.00540272470448
210_Wide,2594875000.0,1.0154310248252592,0.003413087450275408,-161.38825236014722,0.22044427822500742,0.0025698490747229556,0.00032219985182643346,-34.90818798366106,179.42944917942614
210_Wide,2595000000.0,0.9880657607683456,0.002032232672673336,-161.66635695817777,0.19877587300450883,0.0027873962086310974,0.0003720323376729147,2.6482304716007095,184.24717594844478
210_Wide,2595125000.0,1.0022170060865223,0.0035512489873149354,-161.41717923006053,0.11156657695601246,0.0027841661517168147,0.00031210022682363664,0.12678527680619708,185.2270982087008
210_Wide,2595250000.0,1.008471288226452,0.003401782621524778,-162.92045763144253,0.13261183461935452,0.002897435910734601,0.00034503266291020584,104.24106281176316,149.44789681448822
210_Wide,2595375000.0,0.9897961238186747,0.0030206821371025617,-163.32471490304823,0.18519096911849928,0.002950468588774325,0.0003896341875959716,36.85750826873974,182.52797654380305
210_Wide,2595500000.0,0.9921743397128056,0.0032772970663228515,-162.77334549119917,0.1885937368656961,0.003203123807295183,0.0003372434416782664,35.44047190928537,183.76290691205517
210_Wide,2595625000.0,1.0097700651343142,0.0024425293171831263,-161.9816620645257,0.22159884671102575,0.003091912338218997,0.0002907718396366212,0.7949446303054003,185.57545636330968
210_Wide,2595750000.0,0.986653843847543,0.004570181537448999,-163.53040253509766,0.1919452733599556,0.0031353968815753127,0.0002321597836642366,68.269348207565,168.92708608640964
210_Wide,2595875000.0,1.0147513872773997,0.0038500452363660898,-163.84636942811602,0.20264893953410754,0.003185167266358496,0.0003318143763663713,68.20957353607673,168.1009332422522
210_Wide,2596000000.0,0.9874425813448867,0.002874322509062355,-164.51944170335116,0.2483017834854136,0.0032082563421381933,0.0003608926086326323,106.32709371662258,149.8154313174317
210_Wide,2596125000.0,0.9921739137777339,0.0026294407699605643,-164.3907481460143,0.18113250438679013,0.0033552160471384714,0.0003402932739886242,70.83817868933626,169.03362990219438
210_Wide,2596250000.0,0.9928705697061317,0.002933133907058847,-166.11732960146833,0.24560120053006848,0.003356310905243835,0.00029167124549468005,104.30160061599905,149.55751518693447
210_Wide,2596375000.0,0.9760619209606425,0.0015214677141325876,-164.68802062122714,0.21276924820882526,0.003504285779440282,0.00033504721975425857,-1.2866559412395617,186.3636150376989
210_Wide,2596500000.0,1.0039931572312653,0.0038650178887649662,-165.70858667964592,0.12776990116061515,0.0036934390562035966,0.00039500670193299474,176.4561046400889,3.866453819209354
210_Wide,2596625000.0,0.9900181706817197,0.003125551649621116,-165.4143813575806,0.18296989194921034,0.0036349056008178906,0.00020327465345384608,105.33875370184121,149.82054497279077
210_Wide,2596750000.0,0.9764399336710669,0.002595016366001182,-166.89488127325694,0.1824994013942015,0.0037701866059499916,0.0002088886366528028,-0.658133506266671,185.678390885417
210_Wide,2596875000.0,0.9585317061567943,0.0025842837799039775,-168.07932542839592,0.19110017484398414,0.003755368083716797,0.00038800065451550267,69.75760732247434,170.09390899531329
210_Wide,2597000000.0,0.9611103219577227,0.0030872503832707907,-167.74782465605938,0.23423910723454042,0.003807733987465046,0.0002030329248925106,66.83230598571853,168.68924902062963
210_Wide,2597125000.0,0.9570407834489495,0.003860712584218761,-168.86499332784172,0.20936385229603122,0.00401473313294778,0.0003353196267990765,70.14571662227648,170.27716336803567
210_Wide,2597250000.0,0.9630718603476525,0.00370120006410731,-169.6920520611373,0.20967827748931167,0.004110012388175949,0.00022086069125749002,139.30748530421573,111.38161821704601
210_Wide,2597375000.0,0.9512914230204237,0.002043326927546011,-170.59430584462166,0.22253658786531963,0.004371740260799557,0.00022126052451162243,103.71501048919943,148.35217264150353
210_Wide,2597500000.0,0.9695480877989523,0.003875271865952889,-171.12061530382078,0.15087167806039967,0.004550316660294439,0.00033950589017529945,67.48625458450988,169.59976619771254
210_Wide,2597625000.0,0.9560701104214239,0.0027477460911887806,-172.14568573349285,0.20687899758619718,0.00438980867963944,0.0003127155822309911,173.56591308494595,3.1904585299478607
210_Wide,2597750000.0,0.9645364971812109,0.0037456668737249265,-172.3515087164473,0.22256032324029779,0.0046526818509096575,0.00023933837487904934,174.63122455478205,3.6679966916810276
210_Wide,2597875000.0,0.9428425485366975,0.003011151068374103,-172.39627214408748,0.14453798267779752,0.004721637494184952,0.0003568230067436122,103.71764823923239,148.64117921497325
210_Wide,2598000000.0,0.9425800653288673,0.0017118731692078346,-174.0477599021223,0.2913051270769255,0.004661482964708013,0.00019465289225520255,173.95612111033364,3.2190479174800615
210_Wide,2598125000.0,0.9387999587942071,0.002311453992099168,-174.21744874163127,0.21412091170218314,0.004951301274107074,0.0003529823151587898,139.28431107586977,112.08319407329053
210_Wide,2598250000.0,0.9400313794602586,0.004238479328622489,-175.22731718566064,0.18822778966135306,0.005128834052913903,0.00030440621634472,170.8443742920764,3.9890243869779898
210_Wide,2598375000.0,0.935029035717047,0.0038486204591226397,-177.10306384206774,0.1913753844932464,0.0052648933388594645,0.00029306543557049033,171.69208318870838,3.2121019251542156
210_Wide,2598500000.0,0.9379471362437468,0.0025412362795732093,-177.60383080406865,0.3073371452720441,0.0053315577502747544,0.0003704983515982242,137.8209578190299,110.81718195936806
210_Wide,2598625000.0,0.9357641807664627,0.0032921022195950664,-179.18541743925178,0.16876815422922511,0.0054772719567047,0.00025044945971000387,170.91779208976348,4.040036121527811
210_Wide,2598750000.0,0.920948850132729,0.0033832424649346262,-143.77614146950273,113.73930139273492,0.005603774256051164,0.0002752435351345182,136.51284793484362,110.8400131519134
210_Wide,2598875000.0,0.9307372818238048,0.0036205254361504815,178.72256894558674,0.1667855957352182,0.005904203200014268,0.00029726058741345147,168.84343354830418,3.7361947795826644
210_Wide,2599000000.0,0.9359787427306255,0.0019901581049716396,178.37508114565304,0.18711731751768648,0.00606785742995768,0.0003250920375654771,170.5678977036539,2.3539881275190884
210_Wide,2599125000.0,0.9239554489517443,0.0035964373917923916,176.4125337971389,0.2762926641031006,0.006068158494640896,0.00033196108290879656,168.95933766913583,2.4500992685966776
210_Wide,2599250000.0,0.9163233418600333,0.0037617233334675242,176.0142550923018,0.22367339926060922,0.006299205553728936,0.0003485173715941048,169.83756213360485,2.482212165478718
210_Wide,2599375000.0,0.9272141487929245,0.0037801579810531516,175.78444713143094,0.2109730216449023,0.006876437142057165,0.00039747092581300913,168.53790816281438,2.481163244918983
210_Wide,2599500000.0,0.9258373511022888,0.0019063322068369954,173.36026127477845,0.17950901666095534,0.007092945889707847,0.0003205858078698304,166.3836688869386,2.363183036406413
210_Wide,2599625000.0,0.910393946290355,0.0032421614262635326,171.75462685775886,0.24295014224792338,0.007339747997853161,0.00022851823095010952,163.79231740405936,2.42878603038746
210_Wide,2599750000.0,0.9133110923561253,0.0030988713755166265,169.65122919936638,0.34551096523440056,0.007497318440264897,0.0002797707061668933,164.83219516650112,2.1249310455357224
210_Wide,2599875000.0,0.8982664795655955,0.0025146748871741798,167.890912626642,0.24721595582730538,0.007661633073305928,0.00019996430200224945,162.80170237005808,1.6409598091270536
210_Wide,2600000000.0,0.9031758167779133,0.002155949660222426,166.01278910040216,0.23391894070382813,0.00795697419563893,0.00027033622269123333,160.81627609030826,1.6958318351010861
210_Wide,2600125000.0,0.8927178249722271,0.0023979752860037655,164.5263615643298,0.20667402604595508,0.008398295394784394,0.00034866239265366795,160.86682914044727,1.8299495058471178
210_Wide,2600250000.0,0.8817027149032522,0.002957592228481872,162.99645251461635,0.2020452814332329,0.00845102695751675,0.00027526483311904635,159.36562115247585,2.8825504641597224
210_Wide,2600375000.0,0.878252593318693,0.003031295896826093,160.56652032465976,0.15907115824844367,0.009138236131340911,0.0004662642810406826,158.5469804902865,1.6560133763871805
210_Wide,2600500000.0,0.8699530963461821,0.002454697430522433,157.86434998781294,0.25806428681819016,0.009520505422021928,0.00020546872136447542,156.6993609165291,1.8040952119123377
210_Wide,2600625000.0,0.8629058971770576,0.0017605846648278902,154.7205657851587,0.18556322013142482,0.009896500536508515,0.00038281711870167184,153.01389028760937,2.3245461244213104
210_Wide,2600750000.0,0.84800460156073,0.002632447746057733,152.81454822160794,0.17679327033476172,0.010366914163509397,0.00031389052808638505,152.3679866576862,1.8197800092865066
210_Wide,2600875000.0,0.8295729847979016,0.001969444202574548,149.52403722732288,0.22395082971695965,0.010677729795210028,0.00029578016909109626,150.57781213621556,0.9814812655514796
210_Wide,2601000000.0,0.8160366566522479,0.002738545660071853,145.31329306594782,0.22551884880817258,0.011308788820092716,0.00035300589816382184,146.2617682297934,1.0944501638577886
210_Wide,2601125000.0,0.7950858334548653,0.002820805671490775,141.10493816134266,0.1409271053217721,0.01199729544644725,0.0002315865191461652,143.03442308893545,1.6366559061721873
210_Wide,2601250000.0,0.767900444150836,0.004707211017555318,136.6382361683775,0.1867897538301876,0.01239397055172244,0.0003552936363627568,141.12147375468265,1.1870644096335303
210_Wide,2601375000.0,0.7396702376169519,0.005124174405988575,132.03190287249163,0.1388054342741492,0.013049632601876809,0.0002854354241053094,137.23483920606333,0.8944554227115666
210_Wide,2601500000.0,0.6956690091332618,0.004162230257429519,126.66860997211494,0.2813811228703888,0.013526982163739813,0.0003805521168440103,133.6519699826267,1.70390553583503
210_Wide,2601625000.0,0.6480685106618145,0.0031651589379700883,119.2397845360415,0.41190168965802165,0.014220865227823749,0.0002906973706537068,129.74549182942928,1.939440942363863
210_Wide,2601750000.0,0.6051529086684,0.003007229993888143,112.03980731015022,0.2582082064789693,0.015052130723076214,0.00027027362753822323,125.18007628986138,1.4576932283045596
210_Wide,2601875000.0,0.5388292400198951,0.0027374547909839557,102.68133617919445,0.376104741673802,0.015320532672671257,0.00032108601118642694,120.55525399243106,0.7247068147120881
210_Wide,2602000000.0,0.4859757823105686,0.0033966662281944677,92.22496529206572,0.38720343932168994,0.01631295152866139,0.0003158091802175,114.98333120729103,0.7060503834147916
210_Wide,2602125000.0,0.42438909649179146,0.003558907793891465,76.19826174832295,0.4726497152310091,0.016729767381556897,0.000297087130769272,108.18817064223067,1.010708688049054
210_Wide,2602250000.0,0.36864147849100637,0.003259136982101252,59.13030232505853,0.6575348985727767,0.016847414914821,0.0004422313670669581,102.71049562898882,1.4279081113669732
210_Wide,2602375000.0,0.32604914767927484,0.004025095958801462,37.09849846940788,0.8597716194367375,0.01702851765378311,0.00034301461715577456,96.46194497035466,1.0822701754178201
210_Wide,2602500000.0,0.3189260391638403,0.00448674400693187,11.993843799730357,0.7127359239314699,0.01672325885216813,0.00028441023626948853,90.00271906284357,1.502773529515297
210_Wide,2602625000.0,0.3468506843794902,0.0038455525321547924,-13.77138082906682,0.3895929668612449,0.01669423063606436,0.0004420187202520786,83.53748192642912,1.0056459223557015
210_Wide,2602750000.0,0.3883072920225074,0.004964684102260123,-35.24394855745392,0.5322850159867959,0.016239624051767976,0.00024625410251477657,77.75662812074509,1.292409774168434
210_Wide,2602875000.0,0.44772052846118804,0.003204593280042066,-49.902163671125976,0.5254176903239931,0.015558619681695501,0.00026134943834941674,71.46832089057209,1.0812420850157647
210_Wide,2603000000.0,0.5080172982668703,0.003953533273667092,-62.3991443903129,0.3963801182068387,0.015135345652429265,0.0002448524630634713,65.6838056191517,1.217728215608675
210_Wide,2603125000.0,0.5599160830154533,0.003411329000315204,-72.90210949429955,0.40130488059407754,0.014700963239499099,0.00040663027676806853,60.61650087238196,1.0790192909271474
210_Wide,2603250000.0,0.6174972791062844,0.004055666705113383,-80.1792569184016,0.3464693490226902,0.01356478540397429,0.0002428948982083029,56.17053141001757,1.6266355454593944
210_Wide,2603375000.0,0.6647443874311494,0.004030619775025319,-88.79471676663472,0.44691294050921904,0.013060537682664488,0.00022273446204897963,51.917781519097176,1.1766961245290937
210_Wide,2603500000.0,0.707117355567586,0.003058837015597131,-92.84761926875585,0.4539894906651318,0.012309386284766003,0.00022240786901602522,48.244416657997206,1.8095467446177786
210_Wide,2603625000.0,0.7588676106468318,0.004523774019475617,-98.42558076614611,0.2543207463362563,0.011620376612938724,0.0003341062242947657,44.4887855269516,0.9782526960731455
210_Wide,2603750000.0,0.7680579690372584,0.0024141116193521226,-103.14820702835176,0.1592218389825645,0.01081907919488414,0.00027202478033083537,39.22223507644555,2.1513969974785776
210_Wide,2603875000.0,0.7975444325292855,0.004027824817299263,-107.98250492999955,0.2786724885468499,0.01058049814352288,0.0002596501284861174,36.77237700200797,1.3381032266488617
210_Wide,2604000000.0,0.8520027604456745,0.0035206788199145947,-111.22250489822838,0.32617096026099485,0.010002120005922436,0.0002143721471932073,35.498162593386375,1.4501573466813626
210_Wide,2604125000.0,0.8285436386781438,0.003502753982778169,-113.0297282947964,0.14061149512578314,0.00955945648030173,0.0002734945165809738,33.42375774830662,1.7316025978113763
210_Wide,2604250000.0,0.8657305614254327,0.003984096696503811,-115.50327401764503,0.23904581961652385,0.008929245849926638,0.00031766435050528305,30.828253649900102,2.4666462552107955
210_Wide,2604375000.0,0.9023926018600545,0.0037627883988666125,-120.64411816924662,0.28570624752689816,0.008572937263746342,0.00020303177313380467,28.901419645344625,1.5676173428458715
210_Wide,2604500000.0,0.8992331279120711,0.002719223980575975,-122.15543527634738,0.12386976683037046,0.007993256323824605,0.00021583463038803296,25.21361988576459,2.0450273339880876
210_Wide,2604625000.0,0.8994187626717306,0.0028731295644603464,-123.21362814491229,0.24873832199431734,0.007822222663983192,0.00019206374722873572,25.721702340990415,1.963373882573625
210_Wide,2604750000.0,0.9256024488931213,0.0029949963789348646,-126.15303023465204,0.25225082778830676,0.007389817090956506,0.0002281424619943142,23.120438591773063,2.8617388931071583
210_Wide,2604875000.0,0.9225743737631358,0.0030304124957441078,-126.81276470492448,0.1431789864782476,0.007197143430332106,0.00034850305243854754,22.518172342000877,2.1795504910192336
210_Wide,2605000000.0,0.9292079488132815,0.002964796069812888,-129.04615654730102,0.09652158487210086,0.006893570467340078,0.0002790346241233266,19.210997870948226,2.7812152936955425
210_Wide,2605125000.0,0.9411850695400279,0.002910116540154758,-129.7934594915472,0.170130565269259,0.006924766329830874,0.00034511789595367435,18.004788215294504,2.7424533266043984
210_Wide,2605250000.0,0.9497876400438352,0.003269065365036182,-131.8176430670726,0.18924647218716623,0.006339134452631026,0.00031100201741986574,15.496270943565971,3.2247025294106373
210_Wide,2605375000.0,0.9488298807500647,0.003006348965783892,-133.35928859158713,0.17685625865642376,0.0062248877733296374,0.00034383959953106,15.690141860880317,2.0516146536909794
210_Wide,2605500000.0,0.9463541738349858,0.003021881164944577,-134.15402246289457,0.3086184395142254,0.005972662586631761,0.00020562515072288464,14.995960113153753,2.9642370392145234
210_Wide,2605625000.0,0.9524124989101255,0.0029071816088576978,-137.27824113986355,0.16257714041464177,0.005564619511959019,0.00030567600133395666,12.580782976596232,2.953818014725164
210_Wide,2605750000.0,0.9697883036134419,0.003659723052937455,-136.74659772123997,0.21916400823923063,0.0056160405657139836,0.0002604317936310545,12.329878372224705,2.3662137778639476
210_Wide,2605875000.0,0.949981493404654,0.0027742038226054844,-137.18029830208337,0.13637341482670678,0.00534909087724418,0.00034575882236884283,14.024685495723016,1.9417150088092625
210_Wide,2606000000.0,0.9424434005994827,0.0028869130516786,-137.39746727068533,0.14437672642063998,0.004935357312946316,0.0003112609304608677,12.21590633353351,2.8927478689614934
210_Wide,2606125000.0,0.9523665874532712,0.0035817235720853754,-139.56498626624614,0.1858054727505022,0.00474258195095764,0.00029971558592721727,8.94482335626121,5.032074725279669
210_Wide,2606250000.0,0.9484613544481648,0.0023552774143297834,-140.71655632329316,0.17754746463796847,0.004844931457279975,0.00033056736026988785,8.015003682900623,2.8681075545314436
210_Wide,2606375000.0,0.960850534087308,0.003662184161354957,-141.24367008895405,0.22106334154627616,0.004659895338839676,0.00016154824516263254,6.429110745325959,2.9425775903524527
210_Wide,2606500000.0,0.9440307521529967,0.0034146557383947945,-141.63407626955248,0.2885269764501014,0.004547496603569496,0.0002818290137761688,7.441579946477597,2.731610384133553
210_Wide,2606625000.0,0.9661890842486541,0.0032702627096919145,-141.8602369551807,0.26899494358594045,0.004498161723850341,0.000363478311659602,8.628996265069542,2.04684709767761
210_Wide,2606750000.0,0.9798357646783641,0.002057960681128669,-142.02674212432316,0.16050623038384337,0.004337572294524413,0.00032136263147519934,8.055264084892045,3.0871768596909406
210_Wide,2606875000.0,0.9715644024238346,0.0022164357832438835,-144.87413148762363,0.25405570052929044,0.004206955946086011,0.0002587299603717524,8.356311724647727,3.6422764282070883
210_Wide,2607000000.0,0.9544254311621894,0.002658911132459597,-146.87436955500317,0.20616348442218488,0.004106103241795053,0.00020898526958181764,3.5782055927935588,6.030712682455234
210_Wide,2607125000.0,0.9786807520305362,0.003460266702629432,-146.81685106688317,0.143096232766142,0.004184025685798691,0.00023956697645344458,3.532139269493083,3.1882223739915423
210_Wide,2607250000.0,0.9540454710804409,0.0035881556344621395,-148.0369550710718,0.15573280528060346,0.0037677318441433384,0.0002717453619767424,8.048746120436055,2.9027571133689705
210_Wide,2607375000.0,0.9601660346692054,0.0030318697749395274,-148.58072289215318,0.20455415271437083,0.003884564356183841,0.00023818446675855784,3.1335329970382855,2.8605335473526137
210_Wide,2607500000.0,0.9729118878698693,0.004623203273546428,-148.06120652290522,0.1635133352724122,0.0037223795155372536,0.000317480824048494,4.1527579940473425,4.12013023514372
210_Wide,2607625000.0,0.946092182625133,0.002853959178898908,-149.15628896510768,0.14326588380144156,0.003554946699323607,0.0003443190092098236,7.812469427703723,3.284314795726558
210_Wide,2607750000.0,0.9745930172984756,0.004239518200435933,-148.93371565894353,0.21507284355436543,0.003538463027259582,0.00030115671098709755,7.201617648960668,3.8400611642500095
210_Wide,2607875000.0,0.9835528711701229,0.0037484349936723524,-149.52223575319385,0.1353583996972228,0.003533357133265875,0.00030635610215903875,6.257226529641341,5.002754198056622
210_Wide,2608000000.0,0.9664272923941549,0.0031857325916855544,-148.71821024570215,0.22699989884542401,0.003537607089267519,0.00028958877867503555,3.038482512587293,6.103734529223042
210_Wide,2608125000.0,0.9575419847510251,0.0037180043553591137,-151.33653160065776,0.29394703607115724,0.0032673264320165723,0.00010304712722097191,1.366838392735491,4.486536296743731
210_Wide,2608250000.0,0.9799086935571788,0.004680306765363711,-151.5619231039678,0.22158345895072898,0.0033773286419370597,0.0003630873417095439,6.967770469650098,5.4988901807223485
210_Wide,2608375000.0,0.9630491723901861,0.004283349725357942,-152.4827344738124,0.1984932427333458,0.0030247373903800967,0.00020790586285301477,3.7856622444908923,6.182632498995869
210_Wide,2608500000.0,1.0004224545867368,0.00394229575427615,-153.04289399447615,0.19092194617935018,0.0030811087870266625,0.00031309211671221254,2.723869824754698,3.3563070079612256
210_Wide,2608625000.0,0.979696410423135,0.003481167151491698,-152.8684941166607,0.1690484401878027,0.002842028825912341,0.00017995817529850938,7.591917641729614,7.648196008893234
210_Wide,2608750000.0,1.0180690311588245,0.0042665909397918735,-152.7608859357883,0.17201842068786885,0.002938498332260907,0.00023626125006481137,4.250577740286507,6.716150443073047
210_Wide,2608875000.0,1.0069517391841316,0.003654137193567557,-156.018720679428,0.15007355994265004,0.002782563155159082,0.0003221622365502918,4.808643678584817,6.748355965544564
210_Wide,2609000000.0,0.9790228213522085,0.004270747349334624,-155.26752011671942,0.2027204701071339,0.0026857293282685304,0.00032645639093433073,5.587286642853054,5.6414970911463795
210_Wide,2609125000.0,0.9776109460822968,0.0037179930667721886,-154.8819865572017,0.12146427448896535,0.002603352959566372,0.00029848142073028093,8.519229317059038,5.922727889615865
210_Wide,2609250000.0,1.007251224599579,0.003538385989623746,-156.64551518786777,0.16732200847906,0.002825758305420188,0.00031091095439146664,7.55519223132138,5.747814653942613
210_Wide,2609375000.0,0.9843675606159481,0.0021892505708470318,-156.21784972945466,0.14185151380189562,0.002539917004374311,0.00025532456190094523,6.444298280122686,6.908446147437743
210_Wide,2609500000.0,0.99454101524174,0.005138720844654829,-157.55137052671995,0.17277925968532082,0.0023751787315777683,0.00020705216523279397,6.880599395250276,7.099756857451041
210_Wide,2609625000.0,1.0037976988739576,0.003870037266208823,-156.16658809874946,0.16012893732136121,0.0023017510682120353,0.00022669365449246219,6.994583126755561,11.252729666451751
210_Wide,2609750000.0,1.0307511846620983,0.0029368810101269346,-156.7616144986761,0.12661216177116244,0.0023470150021306195,0.00020686251070575426,9.096128196748303,4.650903694399685
210_Wide,2609875000.0,1.03722624211613,0.0019934350777252524,-157.9594341744359,0.18126532428461478,0.002466239946877955,0.00021935124182203338,9.503125177353104,4.0792897352155935
210_Wide,2610000000.0,1.0521710833285016,0.0032856443092384078,-158.63366766524155,0.1610278866049965,0.002312925059286948,0.00016535346691005332,6.960174926817449,8.663115581127466
210_Wide,2610125000.0,1.0272280355247028,0.0039420931259091805,-157.96094772097382,0.16185130548176616,0.0021821326288062725,0.00019231278395064928,9.486054256358644,9.580048249324392
210_Wide,2610250000.0,1.0206047350207812,0.004117123142523784,-160.44044843376903,0.20534013873631804,0.0021176117802467016,0.0002824253245175541,11.815058615211491,9.035290176824088
210_Wide,2610375000.0,1.0257762841353433,0.0034023832368215495,-158.23271951770684,0.1684446093885279,0.0018293484736767892,0.00036497908785868666,11.368687685899912,9.514252006249972
210_Wide,2610500000.0,1.049034003044091,0.002007726518412463,-160.18911606685307,0.13408184170457393,0.001945901878643921,0.0003409825115158605,12.179426682336825,11.984670592850584
210_Wide,2610625000.0,1.036913901288432,0.002054808100008685,-159.35309101761905,0.14427422147172414,0.0019350983452390074,0.0002551746321750024,9.423916628240251,8.986184078509904
210_Wide,2610750000.0,1.0321040902515284,0.003490898659698669,-160.1852126260722,0.18365956076415588,0.001631773462932328,0.00026212509050463383,11.84461065208193,8.130454580967937
210_Wide,2610875000.0,1.041121026124793,0.002224755747557239,-160.27645395507278,0.13468918285772002,0.0017580791509366938,0.0002692714590873858,15.076256802694498,8.979890916422125
210_Wide,2611000000.0,1.0236988058439518,0.0028411236958569655,-159.90645617218865,0.25244571589160003,0.0016703636231472983,0.0003337105400060522,19.147383208256805,9.584271108525712
210_Wide,2611125000.0,1.0278754980247726,0.0028014467959723726,-160.30728150331143,0.18262069305148212,0.00145516512682777,0.00027041629806615915,17.175491415726263,8.87409594533246
210_Wide,2611250000.0,1.033957916154126,0.0016048143049043023,-160.049835537708,0.13060122849545194,0.0014046754662419144,0.00016209285120734747,10.144407949727565,12.596667402247368
210_Wide,2611375000.0,1.039962544649133,0.0034112794565661696,-160.63202424977592,0.24148682714421685,0.0015384210735078052,0.00034252311717698444,22.128913965699443,13.219636367405066
210_Wide,2611500000.0,1.0496447865689755,0.003660192017291597,-160.8193280939914,0.12476476294414844,0.0014183044777251093,0.0003497055241518287,16.820967356936805,14.494803748407408
210_Wide,2611625000.0,1.082643241114382,0.0037094943553260293,-159.38036307779328,0.14637650836047247,0.001215582716217969,0.0002620234918537684,23.009635052086487,19.1916823080431
210_Wide,2611750000.0,1.0444863947138034,0.0034448135005943487,-160.0288436225362,0.18394503923681396,0.0011094630369016744,0.0003458351031466864,27.350552875984587,10.563107759557793
210_Wide,2611875000.0,1.0534274257107379,0.00433567227914969,-159.80602924830185,0.1763353413432571,0.0012480120123419137,0.0002445376430593566,26.786896305720077,13.017990134589537
210_Wide,2612000000.0,1.073378099686038,0.0035072697979088617,-161.6621152174099,0.1958119381347382,0.0009386160934197551,0.0002660674847778259,22.623491703949632,18.581647073157395
210_Wide,2612125000.0,1.0320093831932629,0.0034509645333154274,-160.52962508026363,0.1318738269651877,0.0010269345910353315,0.00034072880294361133,39.863514887967206,20.077630915992827
210_Wide,2612250000.0,1.070246398858061,0.0036425197129542493,-160.90648141556605,0.17427541872516,0.0008101877181256089,0.00022579713548201316,30.72022643616302,24.715779290716814
210_Wide,2612375000.0,1.0347250349802677,0.0033235230814239844,-161.9743290447621,0.16624298486428368,0.0009270611404943891,0.00038828559472013044,28.098897150099624,25.28516346640888
210_Wide,2612500000.0,1.0467597368067107,0.003583385240115384,-160.89856377261393,0.16336289317779346,0.000957625273283297,0.0002775527446472401,45.201009248899645,15.114527502991246
210_Wide,2612625000.0,1.039534624634713,0.00437922775295726,-163.4173069188451,0.1518694419718561,0.0010037484313568403,0.000274267542417559,29.77621514983885,22.34297870316644
210_Wide,2612750000.0,1.0461943384106398,0.0015521593623537965,-163.04128201575173,0.13735978595980086,0.0007630679696842465,0.0003699523855633138,28.328684442471026,54.81436294978424
210_Wide,2612875000.0,1.0460004916667467,0.002941279820716706,-162.131905557167,0.12775711212555232,0.0008501066017389565,0.00032463496497389785,41.11605117102097,29.04142421927239
210_Wide,2613000000.0,1.0420684810332235,0.002735531719839076,-162.4493985843327,0.15858046612181254,0.0007986197918349732,0.00019084799958393655,76.96176331724708,22.232421798692187
210_Wide,2613125000.0,1.0482112045674536,0.003932308452690667,-162.18969501579872,0.16019857780798827,0.0008018815626513414,0.00026631211743560637,52.86910151917477,41.51880814555638
210_Wide,2613250000.0,1.0608250024731283,0.0020297076788839347,-162.08164991246514,0.1410545619830604,0.0007935029462483306,0.0003539357960875068,59.898022466092904,10.655080813959207
210_Wide,2613375000.0,1.0605590042826014,0.004500963161510319,-164.246720887352,0.2140154786683835,0.0007286954856820534,0.00038961215615999613,51.92204781398568,50.84153397834267
210_Wide,2613500000.0,1.0413420080739446,0.003462331351664548,-162.57653977381528,0.11290469103883927,0.0008483131483114425,0.00026977886657620086,84.99632893047892,28.950679217357827
210_Wide,2613625000.0,1.0245435264625107,0.0029132222159025437,-162.71115721323758,0.14432011212051343,0.0008136844473658428,0.0003207925193619149,109.30148867746303,41.802669853875585
210_Wide,2613750000.0,1.0412748530106235,0.0032476528921798853,-162.95113755276805,0.15451121302117252,0.000758383659239447,0.00019980400825161143,102.77976018945776,25.688046056308202
210_Wide,2613875000.0,1.0345404607504323,0.0035782287995972375,-163.2089194214373,0.17816588520914126,0.0007204299440179175,0.00023522213215974126,92.61644362925016,41.18812172287044
210_Wide,2614000000.0,1.0248291573910644,0.002774745154158824,-164.64458670743022,0.15869535232629503,0.0008250112597873876,0.00024476107543212736,102.71802225514688,35.69316693573356
210_Wide,2614125000.0,1.02065898226009,0.0038280405984684332,-165.00480524641938,0.21696691332013607,0.0007339558099571,0.0002516979803819997,116.06477083849379,27.214259482112663
210_Wide,2614250000.0,1.0085088565236364,0.00351872928161783,-164.72828622498076,0.1895579131245678,0.0004846563825398935,0.00018978933728161122,88.06591194292466,92.56070702167706
210_Wide,2614375000.0,1.0427183490827803,0.0034929164831051947,-164.90278984753698,0.29802430269813046,0.0010542299319567907,0.0004563318057687129,104.32773665562367,98.45816953843084
210_Wide,2614500000.0,1.025325237879431,0.0026141388234463075,-165.24558540775016,0.20488529811446213,0.0008706413743746902,0.00022894732489543688,127.55064483831826,20.690557568615837
210_Wide,2614625000.0,1.0545810929879844,0.004496689643470526,-165.34644760648894,0.1881907926653195,0.0008760151530532822,0.0002683880274233834,142.62545999063596,13.741110586499257
210_Wide,2614750000.0,1.0045608909591872,0.005930346771289529,-165.36250445352542,0.21926925422176943,0.0009941720204812527,0.0002358830372924517,105.98675494286891,97.0130326463013
210_Wide,2614875000.0,0.9863053594843031,0.0026815419210134955,-166.35816566219623,0.26367905248084295,0.0009003976030619105,0.00026625358205068303,144.863066539472,28.391282499667287
210_Wide,2615000000.0,1.0122426623013734,0.004562072970719585,-166.77565769861357,0.1400009295236649,0.0009038360874127654,0.0002340765038864176,133.8132576406484,20.823494544004056
210_Wide,2615125000.0,1.0175803435174842,0.0023735628154920134,-167.27194292993173,0.1445767603964673,0.0010643350906656206,0.00036669906994553326,148.36337027554964,17.262421121181415
210_Wide,2615250000.0,1.0029681976563096,0.0036435605410877064,-168.89784425500883,0.16642842352795276,0.0012245192702302068,0.0004313954786567871,140.71105703677705,14.549321875672094
210_Wide,2615375000.0,1.0097127265438897,0.00287214746618808,-169.5804461221708,0.22735362227961764,0.0010866923543326747,0.00026414865964864427,144.19438439641243,18.10530463204904
210_Wide,2615500000.0,0.989294573738093,0.003937059412406524,-168.76702941843504,0.17667928380267464,0.0013372857531614402,0.00034616418886295765,117.1011374484837,104.70999177944799
210_Wide,2615625000.0,1.0017960295598691,0.004072477375735405,-168.29143935610995,0.18246450396081448,0.0013110308357282814,0.0002313306738522882,150.57949377055812,12.218539015829167
210_Wide,2615750000.0,1.03163748639191,0.0027345666945230223,-170.88570782764046,0.21320554038424794,0.0015235960297289687,0.0003563944360790448,149.52567484512474,12.911711651779878
210_Wide,2615875000.0,1.0259414335564125,0.0031612151740735644,-171.7742179740969,0.20016336242045302,0.0015625273440374708,0.0002495049158590743,114.00856138991617,103.60047980824241
210_Wide,2616000000.0,1.0122929368304932,0.0044866413616057605,-171.38446288177244,0.15888485103885724,0.00146010742222832,0.00039394569622255095,161.12616536133652,16.209413702824577
210_Wide,2616125000.0,1.0027914517575025,0.0025685485632233576,-170.30312356286296,0.27239805099559633,0.001506982685346437,0.00025230035005932615,125.51390024603249,107.47213874922588
210_Wide,2616250000.0,0.9756925682451008,0.0021383369828253686,-172.15867819785038,0.18277832423962562,0.0016731091927709638,0.0002518542813044233,149.27513689305505,12.443016171933122
210_Wide,2616375000.0,0.9851295900190562,0.004337323464157214,-171.75466045398258,0.14959023219477424,0.0018821305477699564,0.00040737781194924867,154.88295464796613,6.529990566472551
210_Wide,2616500000.0,1.0099452987223523,0.003778276740306383,-173.02495843653685,0.29169833286374064,0.00174312165706217,0.00029298999659568896,159.653046408782,12.198166738067409
210_Wide,2616625000.0,1.0184600377258,0.002602104999991509,-173.60195627538135,0.33822322501719315,0.0020204043297855005,0.0003162628894699352,157.21424469314576,8.741129533349559
210_Wide,2616750000.0,1.0111916012050517,0.003766352882422226,-175.07655555780877,0.2712534904443859,0.002065172737637847,0.0004054537824451623,160.7329921024642,9.747710453287826
210_Wide,2616875000.0,0.9826931106046486,0.0037506740172882796,-175.17208091723037,0.19211757954180103,0.001992761709273431,0.00020978692380191222,157.61267330798904,6.708842390888876
210_Wide,2617000000.0,1.0134170284148776,0.003858497468984267,-177.482845929361,0.2458135684159421,0.0022847107488003556,0.00019642536208077952,153.55271712263206,8.197050668730567
210_Wide,2617125000.0,1.0188069019823993,0.0050185340904470134,-175.60870748897457,0.22979725595465994,0.002367741085075055,0.00040301081331866755,158.07256946682202,5.369863163962872
210_Wide,2617250000.0,1.0195867074086784,0.003305772756362289,-177.94902348392674,0.2413175935389129,0.0023667132175059467,0.0003483053135011864,160.64000045340893,7.105376525887707
210_Wide,2617375000.0,1.0012937162913498,0.004050138987482307,-179.22308512130346,0.17877582051750626,0.0024457692031297305,0.00025770431826328024,160.82721996550146,7.035501455125176
210_Wide,2617500000.0,0.996743081650289,0.002931206728105204,-179.29086117379902,0.13521627325493393,0.0025723545611985002,0.0003089202222252194,163.10075617466782,10.925450492835951
210_Wide,2617625000.0,1.0233532075474776,0.005219103885833434,107.8632217892014,151.62714793663494,0.002588373273161582,0.00021396300021875764,161.71355201116435,6.121664733376668
210_Wide,2617750000.0,1.0046467848696157,0.0028805397511297635,-71.78718618436477,173.70943198228818,0.0029753015853827727,0.0001902878044533329,162.46224857564485,5.4166456737368796
210_Wide,2617875000.0,0.9980560639774043,0.0029110026527768115,177.67095958113197,0.18562615368199628,0.0028556039945534122,0.0002774429398979003,160.18917520628395,4.546206061481847
210_Wide,2618000000.0,0.9888950429055251,0.00496864858069521,176.81873525729475,0.31561651599972007,0.0028983020511409788,0.00021851725657785157,158.58305553606797,6.462177924936235
210_Wide,2618125000.0,0.9989677971803387,0.0038143317481514286,175.5679935928071,0.25872405962371514,0.003300245052247435,0.0002328688995423193,161.9637672960164,4.892017858179147
210_Wide,2618250000.0,0.9933779755794758,0.0032808096213809796,175.60115083957965,0.28680385533429176,0.0032078470053556987,0.00019072979455154852,161.73810224243616,3.774523451798249
210_Wide,2618375000.0,1.0078717516984057,0.00537271988267697,173.6138240310394,0.19896428388910184,0.0033968985798711504,0.00029769520236579936,156.103756559624,4.729147640688059
210_Wide,2618500000.0,0.9988419714162733,0.004182766437333898,172.66393807621358,0.23357445101398408,0.003543047819056586,0.0002555503619817685,160.40467929978837,5.301613461896048
210_Wide,2618625000.0,0.9964627968056837,0.003292502092239156,172.8303494717542,0.18749557953019258,0.0037809483255778686,0.0004376674589400095,159.27379786211796,4.127368905285192
210_Wide,2618750000.0,0.9884393989054322,0.0034679262724937386,170.7424667932297,0.21814507910936345,0.0038292895672546474,0.00031305188549717966,159.8119549634526,3.444863062622414
210_Wide,2618875000.0,0.9986093663498327,0.005211885681384438,169.6537834178073,0.16964689484074033,0.00408519587152416,0.00032141176469816,157.75586327123708,3.620579664639184
210_Wide,2619000000.0,0.978520831844293,0.0033191295210010675,168.96093071377808,0.11883162322551416,0.004150159457887436,0.0003343401325596219,157.86995356335038,4.396148277566964
210_Wide,2619125000.0,0.9746922032708933,0.00460036045578438,166.74105013252955,0.32821342947191007,0.004339799324229225,0.00025395110673049573,156.13975049638182,5.113229605714928
210_Wide,2619250000.0,0.9855314100596752,0.004971680944654042,165.17336099290134,0.2161945416710291,0.00481460564793202,0.0002478150991558217,154.44739576463795,3.4581732699782104
210_Wide,2619375000.0,0.973736773659351,0.005298699295953964,164.25090458679855,0.21298338772985217,0.004894798217866534,0.00033212387101145744,154.66766663810301,3.0657958083278216
210_Wide,2619500000.0,0.9727147974276995,0.003101112082942333,161.93813720402446,0.2644337355327882,0.005272602949222774,0.0004280507906630759,153.7740575201941,3.48117683097628
210_Wide,2619625000.0,0.9474786250951562,0.0037915163889617183,160.073342089985,0.2299903923173888,0.005181714318896123,0.0002810217912654086,152.67371103639735,3.9090297368592246
210_Wide,2619750000.0,0.9410434887985318,0.0027777840133574325,157.42144047048663,0.3267165764125603,0.0056975256220841855,0.0002688978755915806,149.67872252768944,3.711675323577774
210_Wide,2619875000.0,0.9403602035467029,0.005397002499736776,155.7485378551038,0.1849020317717984,0.006295251895101344,0.0002708472789157828,148.9638225233721,3.0967120770188394
210_Wide,2620000000.0,0.941477121419893,0.003844119025665955,152.2843903643758,0.23579203531816403,0.006642811631995092,0.0005016060049594831,145.0095960624531,2.3157908908174836
210_Wide,2620125000.0,0.9188573108962986,0.003962968642246588,149.16090797976727,0.31819011354499716,0.006922741827545786,0.0005150314453935238,144.0187530999482,3.901068278167314
210_Wide,2620250000.0,0.8979278938026158,0.0030104612689524925,146.27353299967288,0.306945064224785,0.007175955781352562,0.0005114037797139034,142.74316765978537,2.366981232991915
210_Wide,2620375000.0,0.8858347078543464,0.005056004948176721,142.52486572133506,0.35224419418065656,0.0076283066253469796,0.0004570429738485277,138.81576259284407,1.974581003377008
210_Wide,2620500000.0,0.8558092905596321,0.0025514594169451232,137.15130487368884,0.3343485852695655,0.007820202361282681,0.0002915303604833639,133.43882182015977,3.0497575094222036
210_Wide,2620625000.0,0.8344116193189584,0.004227881265876596,133.31306361529442,0.44997341190162565,0.00837240135761147,0.0003403611272121504,134.10212837795643,2.583923100987642
210_Wide,2620750000.0,0.8170262534783557,0.004170864810671797,127.349752908928,0.549589675347907,0.008778607287758738,0.00030354597529301395,132.01702414291137,2.3646760822477653
210_Wide,2620875000.0,0.7818007825030018,0.003267935601384093,121.44737052849936,0.6421377510624092,0.009679649296810262,0.00030585889289025387,128.6477268764678,1.687520492065731
210_Wide,2621000000.0,0.7567968796744546,0.004572531210983307,114.03897454452664,0.5803355249080703,0.010328177498863451,0.0004629099624177894,123.76885400873368,1.6482908158877534
210_Wide,2621125000.0,0.7038492901412375,0.0034698024991837366,106.39707324466504,0.6008193764616081,0.010710593712359278,0.00041043703114665344,120.68759644603104,2.203441910662372
210_Wide,2621250000.0,0.6654048549699866,0.004509186653168717,95.48940050640616,0.7716224445137129,0.011190910882756824,0.0003863967303772073,115.06202878196457,1.1171895447453357
210_Wide,2621375000.0,0.6293265586694953,0.004506827671523377,84.14002607691036,0.5342535672174634,0.011724615559487277,0.0002844934499163463,110.71106370188888,2.41233506022919
210_Wide,2621500000.0,0.586605426509314,0.0027236901457250357,71.46214288484624,0.7657963201307658,0.012059577527855263,0.0003464122673829943,105.52114098370568,2.1985566721902794
210_Wide,2621625000.0,0.5676846112176993,0.00468664433722266,57.74270865394725,0.8743282283047117,0.012623253180636429,0.0003491045493076246,100.90060350585772,1.3052777979279901
210_Wide,2621750000.0,0.5537344569078707,0.0028572485988419085,41.76738593714632,0.9624795349791305,0.012767378175622547,0.0003396164713097351,94.28890817033353,1.6570842304101443
210_Wide,2621875000.0,0.5485011063564328,0.004550118672694414,25.258815583441198,0.7919031741780864,0.01293764556572997,0.0003560938629940329,87.33364550924837,1.1067635538773046
210_Wide,2622000000.0,0.5644701442081858,0.003951438576842787,8.450787287980656,0.827965075395864,0.012811525584209666,0.0002348098210526089,82.13902210445053,1.9607364569898256
210_Wide,2622125000.0,0.5877249198534346,0.0038953215002296413,-6.543905829594528,1.0500241478396002,0.012936707741645377,0.0003145630372058094,77.78838194869331,1.9954887555228562
210_Wide,2622250000.0,0.61236421501721,0.0037038895214255027,-20.361667528629052,0.7652080967105237,0.012834905630774697,0.0002118378243463432,71.38492007199959,1.4953253846365713
210_Wide,2622375000.0,0.665723757886238,0.003327877929825419,-34.30293005738725,0.662878642169866,0.012365836524461774,0.00021708781079000523,66.30821024046651,1.9761621854310056
210_Wide,2622500000.0,0.6890943892094797,0.003353721741761733,-43.76013931596299,0.6497266304777131,0.012254793102166983,0.00028762274429561436,61.30840721906955,1.8850722697862319
210_Wide,2622625000.0,0.7225792601919521,0.004319035361310043,-52.30701675774435,0.5831967782203429,0.011764214533008719,0.0002056810461444804,56.810018515071754,0.967665799805742
210_Wide,2622750000.0,0.7780819610585603,0.0035129453480993813,-60.476287885557625,0.436283799850056,0.011256254988519622,0.00030531456339765486,53.63294037513679,1.2380474417007084
210_Wide,2622875000.0,0.8026601207445718,0.003424676712362674,-68.40146886049561,0.45262626348060564,0.010927402149437644,0.00023880412407820177,48.664542796941596,1.086788949783725
210_Wide,2623000000.0,0.8371383232254781,0.0024729568356544173,-75.72097586010455,0.36558462421052756,0.010615446876241946,0.00022797091286282936,45.03834394692637,1.3187508768965102
210_Wide,2623125000.0,0.8558195534802397,0.002273512070029858,-80.61693299658187,0.30154496491115057,0.009982160373009011,0.00033104577789842945,41.34397815400818,2.0465420784864277
210_Wide,2623250000.0,0.8706086709247158,0.003338639736348484,-85.81744261798238,0.22325512143185006,0.009738284267513407,0.00035798922672370694,38.34905641862972,2.640839730938329
210_Wide,2623375000.0,0.8870465130658747,0.0028355164020610977,-88.46529064858743,0.2714278152620008,0.0091214955941454,0.0003005919226495213,35.81010128293942,2.272494695535437
210_Wide,2623500000.0,0.9028851879738203,0.003349631096212773,-92.91764873068672,0.32745439419306505,0.00887740771291535,0.0003616661215636,34.30874509942388,2.270226546294591
210_Wide,2623625000.0,0.9263740422328852,0.0031880005119663264,-96.68734078211185,0.16279636993843663,0.008695391067781385,0.00032805573138642235,30.655067268103764,3.1995779362171604
210_Wide,2623750000.0,0.9261530919878582,0.002729002008748217,-100.56672328883343,0.22821435743506205,0.008398643518465481,0.0002134089419655186,28.16814945778432,2.9035395161440443
210_Wide,2623875000.0,0.9561823093336033,0.00292793780960586,-103.45291574783857,0.18916419279927513,0.007952350589245111,0.0002913143091755914,27.727152749463023,2.079586002907801
210_Wide,2624000000.0,0.9457365660548279,0.0029688746320889786,-105.91831726431468,0.1795617839953014,0.007708138627245153,0.00031726148886209794,26.657154077532674,1.9777528423036614
210_Wide,2624125000.0,0.9535354919524298,0.0028721589734035957,-108.74108098561702,0.2893486719172977,0.007421708929552091,0.0003830264109847021,23.479186244560342,2.8104795759811503
210_Wide,2624250000.0,0.947641785571907,0.004182772950477281,-110.33619311626168,0.29576544553091094,0.007199974546143849,0.000338363710659063,21.639480401538542,2.346290293705368
210_Wide,2624375000.0,0.9500616936007523,0.003710490556867994,-114.44946087112201,0.19521182007554588,0.006998889711764277,0.0003710072305388588,18.8530595454487,2.631561069242189
210_Wide,2624500000.0,0.9883484888680887,0.0015747733652378205,-113.45517216126981,0.26222616570600876,0.006783110267199336,0.00017839753475743382,19.142209527573456,2.5628486610998906
210_Wide,2624625000.0,0.9649065840113582,0.003323337246535722,-116.76386009242981,0.19206550817202353,0.006700116089161993,0.00042129343814803076,18.073751528207254,3.7422725762949134
210_Wide,2624750000.0,0.9739928013664076,0.0037400561241408715,-116.92310840846497,0.18717830090402285,0.006428642255008247,0.000350564425942473,18.451509922552482,3.524893628657555
210_Wide,2624875000.0,1.0174991163689988,0.0027810540271474386,-119.42423355209282,0.15904652011475512,0.006429676496832435,0.00032790818970096947,17.76145072471778,3.1294887152044817
210_Wide,2625000000.0,0.987880153144384,0.004758653630155657,-121.80588049396376,0.23431335791912508,0.006273411390001233,0.0003457490583019797,15.203850724411215,3.113267200898067
210_Wide,2625125000.0,0.9988002306377313,0.004361385883079899,-122.90013038295491,0.18127550500023776,0.0061168377952913735,0.000399814984480812,14.667400127081779,2.1506555966371432
210_Wide,2625250000.0,0.9741579973913335,0.0017280222610209376,-124.20116728599594,0.2121065335086999,0.005757873380548604,0.00031243866606303286,13.444853960499142,3.910783544086692
210_Wide,2625375000.0,0.9953006697941406,0.0032879101568216986,-125.13110095741405,0.16307775995508722,0.005810626482083326,0.0003230991911291621,11.99374998474925,3.9263158720690683
210_Wide,2625500000.0,0.9843784846257982,0.002114623683845951,-127.27653536738168,0.192573829286852,0.005617163574487499,0.00029515334236654124,11.705640738175717,2.7415368025954323
210_Wide,2625625000.0,1.0229379513861656,0.0037990930129090097,-126.92022469571197,0.23117684724954585,0.005677686804561913,0.00041982465529433275,10.290706193071722,3.5579538060476628
210_Wide,2625750000.0,1.033614460284476,0.005176557662979395,-127.87210046576595,0.1287638986943152,0.005531507434362582,0.0002572239921098612,12.77660343481825,3.093296446763477
210_Wide,2625875000.0,0.9971363678994368,0.002426479002992519,-129.60262653558263,0.21331333493760188,0.005290646786851644,0.0001953462616350375,9.23981972324992,3.875161610978908
210_Wide,2626000000.0,1.0231842793302346,0.0024672716236908286,-130.65155865548002,0.25193671565302295,0.00534219663977357,0.000283319421936471,8.810347537946855,2.202187319181782
210_Wide,2626125000.0,1.0052875119075402,0.0028445733500110856,-131.9909167994015,0.2267631682768024,0.005058202633728516,0.0003626096506519552,8.626185914620596,4.061479927381349
210_Wide,2626250000.0,0.980861223130949,0.0026015778643433594,-134.0207653492431,0.09437090950181742,0.004969736071125734,0.0002816964823686872,8.631985655489643,3.041736771144952
210_Wide,2626375000.0,0.9888476034343087,0.004127153755810606,-134.7220488831729,0.20553603533475526,0.004829888356555516,0.00048252770067263277,6.147623777640746,2.9793255459995986
210_Wide,2626500000.0,0.999021389831241,0.0025169364127635096,-134.97383297052247,0.20596823503162545,0.0048461117824754535,0.00038523843554121566,5.355693538493987,4.4729753384961155
210_Wide,2626625000.0,1.038384843946192,0.003906518632430591,-134.37875978142074,0.2039446569734444,0.005041320531967659,0.0003238054300317439,5.123196271727755,4.859733032227106
210_Wide,2626750000.0,1.0179872155022234,0.0035449982699353095,-135.1706179799512,0.2275501334842026,0.0048214959390096394,0.0003929037873220108,5.831321536841251,4.625305033824016
210_Wide,2626875000.0,1.0230431319646276,0.0032044201259240207,-136.01150355392588,0.12430364124933851,0.004532310423932113,0.0002958365077667196,6.501985468385481,4.101320684798197
210_Wide,2627000000.0,1.0644153831935994,0.0045436651958090995,-137.5472909909579,0.19103653542474347,0.004921339196927915,0.0001501950780554999,3.3646767575884065,2.172962752791947
210_Wide,2627125000.0,1.026559273825387,0.004144951472123122,-137.29232475901605,0.20816202722464056,0.004457052091604411,0.00045450348356722514,3.9541884451431994,3.7995061756126036
210_Wide,2627250000.0,1.0717546172195793,0.0036371076131455774,-137.7918386393491,0.25607986078030315,0.004637179987750623,0.00045587856575730066,4.680377080580977,3.3507640285989786
210_Wide,2627375000.0,1.0715484320348867,0.004743761848056412,-135.65018856379137,0.22510009637213524,0.004494748981323538,0.00038623687646876544,7.1138045440563475,4.404692419193935
210_Wide,2627500000.0,1.034391185887044,0.004604078547816355,-137.54238491903195,0.2315071828017054,0.004245851010752727,0.0004899316854692326,5.300036368730152,5.169135344558499
210_Wide,2627625000.0,1.076154783077739,0.003022844606108654,-138.9726868460282,0.2319556801604314,0.004318221700443201,0.00035988918650443354,4.639066095400412,5.485991693137376
210_Wide,2627750000.0,1.046117401383866,0.0030128496017114387,-139.16657265258766,0.31775927105217694,0.004233819340204539,0.0003503363111233618,2.98055204472783,4.003658383941968
210_Wide,2627875000.0,1.0654661496731206,0.002249417179650253,-139.7193185789898,0.1306182285275267,0.004189989892394422,0.00034847183698157475,0.6969026811936575,6.909452650112164
210_Wide,2628000000.0,1.1027647757888466,0.0043112932796747685,-138.1439405627223,0.20187916954920757,0.0040702583587935055,0.0002701916325059819,3.457636386577279,3.593070073225269
210_Wide,2628125000.0,1.032956155834087,0.004202617822695469,-139.82520334694078,0.18861054934396787,0.004200196969035017,0.00046130190453626876,2.9959665024850923,4.669034310431198
210_Wide,2628250000.0,1.0947071132906143,0.005049750122300425,-138.91122733219018,0.27233330713476495,0.004385526566425152,0.0003189288362236343,6.759604813393778,3.500516204664721
210_Wide,2628375000.0,1.080028997056592,0.003945119641306791,-140.3953205525291,0.1415837246391292,0.004252937378473631,0.00031469677755066925,4.786357785022497,4.1740694282067405
210_Wide,2628500000.0,1.0687025541199708,0.004794981620868538,-141.15289511738612,0.2345053828238983,0.0041647821232096895,0.00029463862013261356,3.270534824937593,4.267724519760307
210_Wide,2628625000.0,1.051691269126794,0.0029037683075482323,-140.00233576523155,0.21170954018377758,0.003950927431908988,0.00043361541817144093,2.0183250540191686,5.234624273691435
210_Wide,2628750000.0,1.0950453187224176,0.0037010752032536815,-142.28045950527104,0.1260202440966648,0.004173346381487055,0.00035929439832510664,3.7206877731135855,6.690959941585996
210_Wide,2628875000.0,1.0766773636019753,0.003936055150955348,-142.06317606869334,0.24952675805504326,0.00412616751364337,0.0004391413978628208,2.127514688451819,5.904137339999413
210_Wide,2629000000.0,1.1054614088226837,0.0038733673666428367,-140.8724121754291,0.24541006340686905,0.004033067728195438,0.0003433700032694773,5.507446144006372,4.54242909506405
210_Wide,2629125000.0,1.0684566299686127,0.004240009907210101,-141.02910686072755,0.17824300783993655,0.0039709205260491515,0.000358221679360057,3.364524027369852,3.1766492238076567
210_Wide,2629250000.0,1.1085857964778025,0.006098532680315773,-141.25818412042833,0.21326712847334425,0.00407138392378661,0.00017781567498771734,2.2746596962215886,4.890948930486965
210_Wide,2629375000.0,1.081245168144762,0.002749712199570197,-142.5761025129249,0.18191143937859855,0.0038409397649829717,0.0005314329093805122,1.9624757624653546,4.379881105625698
210_Wide,2629500000.0,1.0819767631758768,0.0030937470403414706,-142.39409939282132,0.20699316030219195,0.0039180694040397875,0.00033728955610849536,1.418289703993896,5.415047942774004
210_Wide,2629625000.0,1.0777660056304752,0.003851228785608466,-142.43860090108274,0.21865448229549414,0.003766528480021844,0.0005922501391825949,4.999143907290976,5.450590513454672
210_Wide,2629750000.0,1.0789975575805846,0.004068297454828332,-140.18627992136723,0.17333536906849517,0.003886322132142778,0.0003006685408498815,1.7643259276606522,5.250652032117323
210_Wide,2629875000.0,1.0589428653600637,0.004152426130096417,-142.5880051559573,0.32006048393452935,0.0037029016927799187,0.00044270485139983907,3.939849515778962,7.264111161583536
210_Wide,2630000000.0,1.0710996421837213,0.004543279234222209,-143.54296314957105,0.18535690522735906,0.003931890522858425,0.00036786277275491767,3.1062199729296887,5.564050047689876
210_Wide,2630125000.0,1.0640227516778744,0.005068698616234961,-141.9432316473399,0.20195983007487137,0.003895910011948033,0.00036800780387168287,6.065208043313692,6.996589611387145
210_Wide,2630250000.0,1.046122950509575,0.004789044330015825,-143.12593281974844,0.3062881757480489,0.003450669254812147,0.00040156081639305854,4.234225888849504,6.406637177479727
210_Wide,2630375000.0,1.0645728510460515,0.0046061784267015845,-142.73206408280416,0.15174088467658325,0.0036052156500376116,0.0004998136591514986,2.438203823555232,4.793870024011491
210_Wide,2630500000.0,1.0593059466700594,0.0033666630971152865,-143.13029397733646,0.29722522946075797,0.003649138484633039,0.00018233054187054642,2.081275131979936,6.341702082747368
210_Wide,2630625000.0,1.034322660486108,0.0030306445041631542,-142.1990019711853,0.16145004248201125,0.0037084123812605846,0.00019555557167361148,7.288869410025372,6.787591262364789
210_Wide,2630750000.0,1.065807176018794,0.003994364459739666,-141.1992717776375,0.23310034935806004,0.0032924364542091314,0.00027723527011930753,8.575467671962674,5.81079030177526
210_Wide,2630875000.0,1.0882334567955243,0.003513105784434199,-142.64983569495826,0.23086776868785958,0.0035531815333768816,0.00041587508765647535,4.077664371917159,3.0874087125895966
210_Wide,2631000000.0,1.057866365585335,0.004147338092730542,-143.2238610784567,0.23237872753526367,0.003382710686961804,0.0003419707395783373,8.02219269262355,4.667729646862347
210_Wide,2631125000.0,1.0592412024532565,0.0042527720611972965,-143.8620569192803,0.1459921921579526,0.0031960433136603026,0.0003910780790617314,6.227075517103691,6.832205385562863
210_Wide,2631250000.0,1.027002265242081,0.0032345010554705534,-143.06766224011332,0.30570869598577616,0.00345940185106446,0.0002634030953025723,2.763799982041662,5.257071302459455
210_Wide,2631375000.0,1.05614780224437,0.005030901156819298,-142.74901974435318,0.22949207091740847,0.003341424138821947,0.0003253748922270091,5.700464411841571,5.125385981616838
210_Wide,2631500000.0,1.04050778898432,0.0050889344700913,-145.353613695566,0.2437028648350564,0.0034638128126639476,0.00034308589648599115,1.852778252853053,6.241000471389022
210_Wide,2631625000.0,1.05586228638354,0.004648021557261871,-145.00755644950272,0.23087589835704617,0.00326472200378832,0.0003473261913156326,8.300715738145577,6.42446054081206
210_Wide,2631750000.0,1.029056182483919,0.0026643172041779335,-144.68066251651535,0.26360100519477875,0.003107241827347597,0.0002808461619449012,4.107441826511063,6.153903655161897
210_Wide,2631875000.0,1.0348096101707012,0.004572197309470594,-144.96392236908972,0.28013859699389787,0.0032858431055810353,0.000499176385376098,8.417383640724175,3.907327464352568
210_Wide,2632000000.0,1.0352177844450163,0.005875675059236916,-145.43749018640167,0.19692825600323383,0.003459905473761559,0.00039229237081786413,9.263172695154765,7.098320282464549
210_Wide,2632125000.0,1.031118115503902,0.00413979771020846,-147.24219714819748,0.2606655463891797,0.003251188568048656,0.0002835580689955313,3.4793669014672375,5.0148531226761275
210_Wide,2632250000.0,1.0195271380047024,0.0044809015193383326,-145.20390857604636,0.24634895469706963,0.003201482546407459,0.0004064246200145921,7.070455400084561,7.099488816567903
210_Wide,2632375000.0,1.017739254428865,0.003805890533796751,-147.0692118111106,0.24397845351490138,0.0031783107629480985,0.0003655456458596261,6.1553909929486,5.729599400127817
210_Wide,2632500000.0,1.0519635701422951,0.004361062983528971,-145.58308628214996,0.2810569232448798,0.0033016610676399214,0.0003206399369057271,6.940050193006824,5.47722747406945
210_Wide,2632625000.0,0.9910045937327594,0.0054609909816632,-148.51294647096205,0.23031405694302914,0.0029501989682682132,0.00040626968611739647,6.989843031795487,6.036860354528915
210_Wide,2632750000.0,1.016671163302334,0.0021073637681374743,-149.03523151583607,0.27241393186126184,0.0030553727453118996,0.00034844547540659117,12.343259265078872,7.765453288334797
210_Wide,2632875000.0,1.0289145988816506,0.005699464893127313,-146.17796168513087,0.22114973269683594,0.0031227517078195295,0.0003913432093934145,8.76251216145636,6.83476052321871
210_Wide,2633000000.0,1.0251017230012855,0.005991431170478217,-148.1697286275448,0.21000758066913952,0.002975661172988228,0.0003463535473508758,9.944184864760484,8.866131627751441
210_Wide,2633125000.0,1.002635432058633,0.005311038685366752,-148.3876465966466,0.3053525198134491,0.003023206790022866,0.00039145015409606946,11.249371460403452,8.094487771432519
210_Wide,2633250000.0,1.0167285320737456,0.0025028175103405754,-149.77639465323801,0.2746975507627178,0.00304521360616837,0.0006187627389512289,2.3085643556438304,6.536723117986653
210_Wide,2633375000.0,1.0192749774922147,0.005427637719505248,-149.23943208598035,0.17295900834957184,0.003068077823370971,0.00043655424321977437,4.51549926341547,8.520888731413239
210_Wide,2633500000.0,1.016717477978597,0.0038879036135553205,-149.78575247838552,0.30822862008822227,0.003106219342221299,0.0003001205131645426,7.472320988040837,8.17156435162986
210_Wide,2633625000.0,1.0293153596123692,0.005004284070520071,-149.28587609446902,0.1943297571067434,0.0029587197886191364,0.00028554248996133866,8.01704104720826,5.266237647962925
210_Wide,2633750000.0,1.0053834726369082,0.004772186246137401,-150.21626698935194,0.2805017686319386,0.002768437370970525,0.0003783235647694598,5.424230371494082,5.772374341861343
210_Wide,2633875000.0,0.9993914333752665,0.004934285129092676,-151.7478489659407,0.24145477621771608,0.00300476619055617,0.00032401636457280873,6.412383832430262,6.551438854570872
210_Wide,2634000000.0,1.0329208058600585,0.0039682794227792655,-149.73871608327445,0.20846344806216907,0.002990704293541363,0.0003112109405685537,10.683641068117977,6.724780168513133
210_Wide,2634125000.0,1.0300155051233633,0.006356965492464957,-152.17873491468237,0.2938212593257247,0.0028542159837719756,0.00041025023437399723,7.20396309902647,7.69140741159774
210_Wide,2634250000.0,1.033747555821531,0.004152976985902151,-152.1645867683231,0.25439190582126325,0.002709720968151553,0.0004967005755595451,5.341471120539751,6.225335537135963
210_Wide,2634375000.0,1.0242827663715084,0.004815684773782668,-152.1109668055086,0.23165642719433935,0.0027950456205504824,0.00022221381379140316,6.2015693682927,6.100413264828113
210_Wide,2634500000.0,1.0430536601787328,0.004255316412893768,-153.21167602572564,0.20307616405991807,0.0025242139461507016,0.00038423891709131686,6.573149602656621,8.720941820629337
210_Wide,2634625000.0,1.0476939866501196,0.004116032041556358,-152.55489866485726,0.18532886036882873,0.0027736531342326992,0.0003763683831387354,5.973643158691772,7.386558648904231
210_Wide,2634750000.0,1.0092947124585332,0.004464066749669268,-154.3268363531717,0.22393836883363363,0.0026171155394882515,0.00034501446408711123,5.695193015218729,6.023182225036622
210_Wide,2634875000.0,1.0576861597485443,0.004009255883614381,-153.21550067717644,0.16716116601355935,0.0027451289762068795,0.00023097775066591094,7.251385546568165,7.399121236980154
210_Wide,2635000000.0,1.017349087719466,0.0023547430188229452,-152.47946919892703,0.19742590584298025,0.002439549155994063,0.00046864503249459936,6.683193061925713,8.218179434200238
210_Wide,2635125000.0,1.0605022935815964,0.0061046771571879955,-153.6104958921707,0.1742668451540694,0.0028138575641287293,0.00039107864648020964,8.011989486393876,6.490450460521149
210_Wide,2635250000.0,1.0577928958339589,0.002601579101417003,-154.41014162639203,0.3222753151001111,0.0029120830519760543,0.0003209215348551269,7.4985605063582765,7.963936804668599
210_Wide,2635375000.0,1.0746072648974305,0.005590054817646255,-154.62115523623785,0.22534825544650638,0.002712856639460368,0.0003742868390231673,6.684225014729434,9.080388210009255
210_Wide,2635500000.0,1.0675755058174035,0.003692963075457939,-154.5695751065057,0.3272815306368564,0.002862980973621987,0.00021873865570134547,5.367950274130463,7.8888415733827255
210_Wide,2635625000.0,1.0320544360915187,0.005565424086076079,-154.21999483018197,0.12277762229255566,0.002670851449279877,0.0003916678588448722,9.861086460279829,4.802138006229936
210_Wide,2635750000.0,1.0731751751911747,0.003596509575482369,-155.00998857276088,0.14732930391615567,0.0024441394613684206,0.00030114049671476576,6.102510827772377,8.677973216320941
210_Wide,2635875000.0,1.100916922094238,0.004113223988470553,-154.7647644209021,0.3104465538666632,0.0025634658517856993,0.00034611197118781953,6.330759075092474,8.341592919248342
210_Wide,2636000000.0,1.059196722714901,0.004988824706815892,-155.00203644528062,0.27888476876812124,0.0026033666922833645,0.00020584000089983071,6.4543763546304715,9.243790917283825
210_Wide,2636125000.0,1.0716567635211574,0.004395054789016392,-156.38783797919066,0.253126014988721,0.002324927577664458,0.00048652049292845147,6.069202380190748,8.647029916685442
210_Wide,2636250000.0,1.0480401239907242,0.004220519748990286,-154.8105227885175,0.1956432536174974,0.0025453136278183333,0.0003265215039888312,7.356505103870255,7.551145434182549
210_Wide,2636375000.0,1.0597556566296717,0.003710197212292854,-152.69809084691792,0.2600057780378892,0.002633031528726551,0.00047656624400113645,7.8887870426214155,6.727492028839073
210_Wide,2636500000.0,1.0476080487175872,0.004452227665515658,-153.0495792580562,0.29757754888297516,0.0022293854414639903,0.0002746976353498191,5.2794635265729895,8.071553554571373
210_Wide,2636625000.0,1.0955212096560323,0.00392680794016432,-153.44470006097345,0.2047891247062985,0.0025454498491674997,0.00037372980051658146,8.758621713413694,8.999469857389883
210_Wide,2636750000.0,1.0928463668244954,0.0034409427342021745,-152.42108587650034,0.2474273920527869,0.002263719183254417,0.0003518178658883563,10.352986813591968,13.300945857093172
210_Wide,2636875000.0,1.0741282813901927,0.004208054010376614,-153.8500262810955,0.15344765333419014,0.0023842500071645438,0.00038573095598541646,5.790994575941217,10.141752542374808
210_Wide,2637000000.0,1.090846164255294,0.0039263390817425685,-154.45238683285382,0.15785586864257412,0.002206219347806735,0.00023108893783955412,7.105275007320665,8.071606043501275
210_Wide,2637125000.0,1.1234546864286274,0.002085168741941653,-153.62975232233603,0.1849146646922174,0.002229147028472788,0.00027852357542656266,8.63721019323248,9.323864134527499
210_Wide,2637250000.0,1.073875119127302,0.005112161978707715,-155.66838320062186,0.2269816701486833,0.0023617948388820744,0.00038137464839804123,2.4403894001386135,6.851890038174448
210_Wide,2637375000.0,1.1105052710718641,0.0037155543652845056,-153.0467136865379,0.2557728541925853,0.0023534705694367103,0.00034736544553651754,7.643175238155019,9.400853834606671
210_Wide,2637500000.0,1.0862703149400659,0.0051779317064553744,-152.67562867838484,0.23270680886686423,0.002404908200227496,0.00037421861967858297,1.1002792157007624,5.766164494182258
210_Wide,2637625000.0,1.0941432852050705,0.0034136471488849123,-153.68784850177752,0.3587557639907216,0.002357532463246082,0.0003009419342696357,1.7841294069095848,9.622129964849654
210_Wide,2637750000.0,1.085507629276028,0.0044773776470769635,-152.606327098117,0.20198022899733897,0.0025867295573410443,0.0002649510331803454,0.4937781758528057,8.834312809818242
210_Wide,2637875000.0,1.0892642034290188,0.003670244652224394,-153.952396930467,0.20578664903339977,0.002301363814812518,0.00032071097349973973,7.971207602852397,9.416256316120316
210_Wide,2638000000.0,1.0963422527031326,0.003909426200562179,-154.91993468031106,0.23616269548757615,0.002421722893754292,0.00037885867358420484,0.8540461561090918,6.38070495490573
210_Wide,2638125000.0,1.0954280390529574,0.004235187527194597,-152.55224531257622,0.224548348667878,0.002304764249993822,0.00021414740422482045,-0.6086842519389142,8.835664786918134
210_Wide,2638250000.0,1.080794564958115,0.004568050562695448,-153.61954974745424,0.294767224439051,0.002287425734688165,0.0002850753355025096,10.6556872687839,7.854910045169958
210_Wide,2638375000.0,1.1109428592805088,0.00456251692917519,-153.12564245355523,0.21921604678357076,0.0023717775878168913,0.00035352485615048235,4.015475987305131,7.906585326128346
210_Wide,2638500000.0,1.0856587737187622,0.005057706153006207,-153.04458606439465,0.27251096954502657,0.002431446237547745,0.0005349295716189636,6.921343195734848,8.058550860368065
210_Wide,2638625000.0,1.090839594237121,0.00569851506018335,-152.45250840872762,0.18775575722966367,0.002542003139081416,0.00036105649485551194,2.6258417724471563,12.233889340389613
210_Wide,2638750000.0,1.066642127957063,0.004310923204511615,-152.85191339055274,0.13749201016226906,0.002461433343648543,0.0003843921421907138,0.6902948763939564,8.031006087983434
210_Wide,2638875000.0,1.0705529109583818,0.0031865769666400232,-150.7942100983062,0.2992505868539208,0.00226421575388069,0.00032706411168611257,5.495804283213307,10.59692214348522
210_Wide,2639000000.0,1.0713784178870838,0.0032988237728082486,-152.85983958906985,0.3186945685484951,0.0023082192793412674,0.00038171722872438574,-3.605200932684263,12.514389106377962
210_Wide,2639125000.0,1.0663165613145678,0.004962275505309514,-153.9879636537835,0.2788974381718479,0.0024438546889308218,0.00027332946716123954,-2.1080652227385555,12.402596745547799
210_Wide,2639250000.0,1.0399863201179242,0.004072012414840683,-153.84832425857047,0.27018071442306624,0.0024871608466335597,0.0003423046577832949,-4.3018713042511205,8.40286808657433
210_Wide,2639375000.0,1.022289680924163,0.0044263885642784094,-153.73181443134672,0.17971849810567242,0.0025845542442298926,0.00025029903985963377,-6.42742975508394,7.553011123458586
210_Wide,2639500000.0,1.0473602882290876,0.006707931875843071,-151.7416317411372,0.3368847599054599,0.0026811034806906654,0.0003276889029728148,0.48688056723961076,9.756322922904271
210_Wide,2639625000.0,1.0096868579011864,0.0039014555648514936,-154.00201105910216,0.18705102078120472,0.002493710493130756,0.00024057568409764022,1.8120224309820807,8.88484092821843
210_Wide,2639750000.0,1.0355152917542472,0.003528652343612573,-152.90964064142673,0.37092688242890487,0.00249371259032532,0.0003189691232751659,-0.10133307897712697,7.0593795482804955
210_Wide,2639875000.0,1.0475474700820184,0.0050632004981429075,-154.19000618622385,0.29641435957197493,0.0027553913995248414,0.00038877954821186464,-2.5112953829622167,8.319864986414652
210_Wide,2640000000.0,1.0533775233394655,0.0025363376713374267,-153.7643006654547,0.23477815346876446,0.0024727285179900393,0.0003081051341802071,-2.152848869477589,6.242791040209386
210_Narrow,2563900000.0,1.0150499553930603,0.0011745278512604806,-156.77013750971926,0.055564909397994015,0.003191955985589129,6.220433956090933e-05,-173.02407033588142,0.972530667959806
210_Narrow,2563902500.0,1.0180690756569006,0.0015373305888331226,-157.08608617423664,0.07003776286744717,0.0032190909396106185,0.00011547495366083144,-172.98664254153397,1.6220757222505453
210_Narrow,2563905000.0,1.0176391133534004,0.0007091670433748581,-156.89276857205783,0.05827709735909241,0.003232084993415873,9.562747822860025e-05,-173.4786869907279,1.3436591731428866
210_Narrow,2563907500.0,1.0150307363028017,0.0012748831654081569,-156.79194264558964,0.050736856657211976,0.003181493117745714,0.00010172435055093883,-173.35204823632188,1.854416755233109
210_Narrow,2563910000.0,1.0155489830054598,0.0006878901223544097,-156.74590556312765,0.06331292783934615,0.003209384886251269,6.81340029935615e-05,-174.05155533033715,0.9065904488967738
210_Narrow,2563912500.0,1.0146218096600994,0.0008939680405643943,-156.59844434992772,0.063950487464063,0.0031874223139200155,7.052798577319796e-05,-173.2559415406761,1.9489147526955124
210_Narrow,2563915000.0,1.015388765697959,0.0009620303303862648,-157.01535185762648,0.08948305642962336,0.0031756054199580984,0.00011787839768667034,-173.99687238162167,2.4517460487865823
210_Narrow,2563917500.0,1.019130495922479,0.0014049682453767835,-156.9082675141046,0.08818079404701146,0.003185654095113098,8.284755999405167e-05,-137.87116312429208,111.65361551512581
210_Narrow,2563920000.0,1.0139230552745075,0.001407348663809219,-156.9618666733209,0.09233967718516814,0.0031796821373667504,9.268969154262844e-05,-174.71308771028225,2.014594414060345
210_Narrow,2563922500.0,1.0163296849640784,0.0013016101189161297,-157.02363312399547,0.08025242329882332,0.0032452660780986783,8.008529053728595e-05,-173.91299114457212,1.790360368541772
210_Narrow,2563925000.0,1.0143974697243512,0.0013426545558543712,-156.94268672686638,0.06300264418836689,0.003242775530211975,9.51935986608399e-05,-173.8375935207841,2.018165338250232
210_Narrow,2563927500.0,1.0169985717751926,0.0013013346719455328,-156.53217511354998,0.08498173640746837,0.003189530280335225,9.72334584953583e-05,-172.64704671957622,2.0511614241764002
210_Narrow,2563930000.0,1.0115838742379533,0.001163563250538693,-157.12259424811126,0.08545161787328016,0.003190003465425309,8.323478811922919e-05,-173.99491764756215,1.6660169868109165
210_Narrow,2563932500.0,1.0164701596219379,0.0014350743466114391,-157.12610118880093,0.0680916577846743,0.0031827608853660806,0.0001310061066193208,-174.674704386137,1.6323332060348266
210_Narrow,2563935000.0,1.012535383493324,0.0008329055563577397,-156.97959016784722,0.05544003763821094,0.0031684956078287065,8.083544713816358e-05,-174.4481939469496,2.4189709871720337
210_Narrow,2563937500.0,1.0100016420254234,0.001553600579205343,-156.3847049460011,0.0696594888831365,0.0031899661522982264,9.616531395295817e-05,-172.84994108115436,1.0226908811618687
210_Narrow,2563940000.0,1.0154990263662484,0.0009357473304402574,-156.88834196931745,0.0634338024188469,0.003194979281706157,9.59821025258461e-05,-173.6273871930539,2.061352756261144
210_Narrow,2563942500.0,1.0139594277828026,0.001050644634199058,-156.9284402990379,0.10492269210371338,0.0031948003223136847,8.371866367656245e-05,-173.68365157392736,2.1842916601517786
210_Narrow,2563945000.0,1.0126814926913201,0.0005787894837634072,-156.37631115018135,0.0680864508192145,0.003161562885590519,8.207893656708605e-05,-173.28912056901086,2.1019433233241576
210_Narrow,2563947500.0,1.0204293971546252,0.0007809213642425888,-156.75471663954238,0.04952045597011813,0.003221187134152016,8.522587959645596e-05,-173.97348340773732,2.183733664038826
210_Narrow,2563950000.0,1.0121869939199826,0.0008700969894492129,-156.91164928314038,0.05418331681394369,0.003177757391717048,0.00011380396305277495,-173.13087074117138,2.16436423626635
210_Narrow,2563952500.0,1.0179186759497343,0.0011213165590174168,-156.93554365799537,0.07896616044217512,0.003174236270781225,6.804927071538168e-05,-174.075217490001,1.9667063386592651
210_Narrow,2563955000.0,1.0196045998201728,0.0009050822794901215,-157.26108657159187,0.06501483114535958,0.0031774754320547357,6.869703686556148e-05,-173.65713111966923,1.6881604821657614
210_Narrow,2563957500.0,1.019711298698632,0.001538455762238098,-156.94743673001952,0.0530656473980798,0.0031787217805990184,4.751187906103059e-05,-173.29254454012855,2.217041718900829
210_Narrow,2563960000.0,1.0123910619036915,0.0012394782906929391,-156.8663369720617,0.08334393137097665,0.0032417460431306525,7.489947055024973e-05,-172.79251720202757,1.1632287517093793
210_Narrow,2563962500.0,1.0173156505889087,0.0006874896603247513,-156.3825179484745,0.04940568921439728,0.003171311485771531,0.00010399655327737721,-172.75602705479395,1.313218340106305
210_Narrow,2563965000.0,1.0249287928738666,0.0009374170353315829,-157.20056208854095,0.07650843628527479,0.0032358527434116118,8.234953474576749e-05,-172.73260735361748,1.6394966378507274
210_Narrow,2563967500.0,1.015955995780573,0.0011065278518090221,-157.11037042311187,0.0651811854033631,0.003215923137989494,6.18871694449184e-05,-174.19397260379228,2.4627021511194016
210_Narrow,2563970000.0,1.0071461278972305,0.0010780616346113291,-157.28339062830736,0.05288945783946986,0.00316965972379355,0.00012288328551699718,-174.2188909326573,1.740519116152867
210_Narrow,2563972500.0,1.0220795829450793,0.0009218279382318687,-156.66830554838353,0.05529163532291559,0.0032167328691597268,0.00012585603361828812,-172.8145857922178,1.233509937816216
210_Narrow,2563975000.0,1.0195353441558024,0.00112282694912009,-157.18564318209368,0.05799407230968805,0.0031796912144164647,0.00011159518822593846,-173.14580527709552,1.2626428494014421
210_Narrow,2563977500.0,1.0122531988999859,0.0005537328695792612,-157.0954371758146,0.11049817530666618,0.0032246147864733047,7.91248749986241e-05,-174.10457963075808,1.520667874538714
210_Narrow,2563980000.0,1.0173788957130225,0.001485547289079734,-157.07067235000895,0.06734155503557272,0.00323837003443077,9.325666092317332e-05,-173.8618797269791,0.7523932716088709
210_Narrow,2563982500.0,1.013599616833834,0.000631171855539769,-156.52000833998724,0.05073774718643813,0.003210298244542169,9.580758970625313e-05,-173.6770885859237,1.4217934281852704
210_Narrow,2563985000.0,1.0135548305118518,0.0008973209864248445,-156.57371507109673,0.06609276024570072,0.003225090250746353,5.888578562760235e-05,-173.15499096475085,2.2839814537037197
210_Narrow,2563987500.0,1.0269755340579323,0.0010356634446628348,-157.20479167008028,0.04667089485368947,0.0032104151576391447,8.769156863517554e-05,-174.5379491993534,1.3736448832625439
210_Narrow,2563990000.0,1.0211698605196697,0.0007656281210587308,-156.70114759514337,0.0673382598594249,0.003171464277800158,8.24538932725641e-05,-173.5532727817826,1.5931315333082823
210_Narrow,2563992500.0,1.015132167926923,0.0018646555734931622,-157.08862211666914,0.06326888198095179,0.0032173872549106984,0.0001036580345073394,-173.33120646343585,1.086293287638197
210_Narrow,2563995000.0,1.0218193388717605,0.0009030176053529517,-157.3630917696731,0.07390881122697399,0.0032130038841145852,5.62191702919788e-05,-172.7054640985585,1.9819077223184742
210_Narrow,2563997500.0,1.0226241342302018,0.0010139463243678236,-156.59532378138584,0.06173630208739994,0.0032411174595387113,8.101384873159571e-05,-173.57122200255665,2.449721722008225
210_Narrow,2564000000.0,1.018522131851164,0.0008842503244381677,-157.2796539540622,0.0728805631151964,0.0031836480571166186,9.749709088125077e-05,-173.44924102528068,1.5053591040899728
210_Narrow,2564002500.0,1.0139358780663492,0.000884937142821591,-156.65478469178154,0.04503774276248384,0.0032078051464158814,0.00012821736195620567,-172.98013015391496,1.4227005732466145
210_Narrow,2564005000.0,1.0109251484446495,0.000690987847498373,-157.1883729552792,0.06583621960089155,0.003210832286562884,0.00011085319729114145,-173.3908576325924,1.3862655940374238
210_Narrow,2564007500.0,1.0175030452185332,0.0015807513218210176,-156.6266010165484,0.10089802528246898,0.003148020324037469,6.942003411118139e-05,-173.8403179353243,2.0452233110160543
210_Narrow,2564010000.0,1.0151916605378772,0.000796779876401439,-156.61330010580963,0.06716526774424526,0.0032107858128283535,7.65255647098797e-05,-172.4615778520157,1.9360289010182816
210_Narrow,2564012500.0,1.007979894789035,0.0007753575395267977,-157.31825635229055,0.05932165145218581,0.003173460480823681,9.244023691200691e-05,-174.10554925261798,1.6291431449368168
210_Narrow,2564015000.0,1.0154509853368672,0.0016297963755103721,-157.14611767346196,0.055976120197640804,0.0032024619729953538,0.00011803729380258522,-175.02654811899066,2.1408763285917227
210_Narrow,2564017500.0,1.0218146693417893,0.0009657538740563928,-157.1387639864805,0.06317932927618126,0.003223272747499903,7.61437550706374e-05,-173.98559099147073,1.7596787541311756
210_Narrow,2564020000.0,1.009508783232467,0.001127325785982748,-156.39358837594497,0.09955755428258638,0.003176551038529265,6.580924500317231e-05,-172.845281684242,1.1493278894326777
210_Narrow,2564022500.0,1.011080288040253,0.0008709802730236827,-157.20306043644433,0.08169056857048514,0.003196988315581883,0.0001323646862803799,-173.66935631304125,1.9627905035926934
210_Narrow,2564025000.0,1.009645172213688,0.0010708884588674728,-157.0241684995755,0.058310549815296424,0.0032159899814783463,9.256626796413331e-05,-173.5108983011021,1.4119915362305022
210_Narrow,2564027500.0,1.0197745259586672,0.0005625614644548028,-156.97717642029934,0.09712919786969701,0.0032270053775746675,8.648872209248459e-05,-174.04232094200785,2.049383796316939
210_Narrow,2564030000.0,1.0133623763402781,0.0011200112836432267,-157.19033521116984,0.068751061731302,0.0032108585038347045,9.455335791487717e-05,-173.1500554974879,1.7288767350520802
210_Narrow,2564032500.0,1.0149050890116313,0.0011712234243216285,-156.69202232051936,0.04549216705023235,0.0032064136365921618,8.857271686497989e-05,-173.95754487629506,1.5655082596080427
210_Narrow,2564035000.0,1.0182017519673525,0.0011697766393122793,-157.24403767971225,0.041632200431252805,0.0032279059814550462,0.00011380427068338098,-173.23806321470136,2.311261353253967
210_Narrow,2564037500.0,1.0155817977572452,0.001308174804549834,-156.96825727861008,0.08114464810548164,0.0032151133060782625,5.957455859110727e-05,-173.19296195958856,1.7218282711135835
210_Narrow,2564040000.0,1.0100550569831936,0.001658089462610527,-157.06892478733346,0.04364992086708835,0.0031524992141662854,6.345847019454855e-05,-173.59962130593897,1.0373872472193308
210_Narrow,2564042500.0,1.0076683670084332,0.0011484511740190398,-156.75404954564416,0.050568010749554526,0.0032309775836550396,4.395541797193862e-05,-172.87742764607322,1.6265864505207042
210_Narrow,2564045000.0,1.0263557140908361,0.0015017198171456932,-157.2140787592774,0.054209409193814,0.003222887156762456,6.733582221958944e-05,-174.56932065870643,1.9500774756577919
210_Narrow,2564047500.0,1.014421198965543,0.001045407316890895,-157.10125286173067,0.08781850170008748,0.0032045277333699216,8.792832588954254e-05,-174.15522971636267,1.1082298793510905
210_Narrow,2564050000.0,1.0111722109627412,0.0006927880663196964,-157.157339536315,0.09258794558900388,0.0032279781791265936,8.358863425479346e-05,-174.8657632647152,1.8000497286758905
210_Narrow,2564052500.0,1.015116918152003,0.0010636986537890852,-157.47781356362958,0.04352127453369708,0.0031903547348520033,6.702678109366634e-05,-173.82456902600055,1.4052902017826487
210_Narrow,2564055000.0,1.0207362353377583,0.001126015568938819,-157.02357116863246,0.07971261578623527,0.0032095973326700354,7.816272198907447e-05,-175.0571789638879,1.399699587527865
210_Narrow,2564057500.0,1.0152077604722676,0.0013278931155604118,-157.19150023406556,0.09224447975454475,0.0031494214196477513,7.256206958139493e-05,-173.68257598291703,1.1918683531195993
210_Narrow,2564060000.0,1.013738991158624,0.0008993433227799602,-156.69346290583232,0.06988447788709658,0.003158100458532508,0.00010112858041570759,-172.9769801538577,2.630609941155313
210_Narrow,2564062500.0,1.01279038295146,0.0011428696001086903,-156.73339240963853,0.06745116495564864,0.003242865013009278,8.42798406507085e-05,-173.0617208659886,1.8988051823425476
210_Narrow,2564065000.0,1.01396503840175,0.0009744532364783877,-157.32075838750833,0.04261215989148829,0.003233079554162976,0.00010482385689631802,-174.35977481481137,1.0090899227884098
210_Narrow,2564067500.0,1.0164441455315911,0.0010250068752839505,-157.20238385914485,0.058935576978588596,0.0031711290248626744,9.781050209331225e-05,-173.46679264135196,2.164106546046679
210_Narrow,2564070000.0,1.0087540850995305,0.0010393787806101363,-157.20486154923267,0.06378420649697707,0.003196889983867791,9.10702778898511e-05,-173.44907067380979,1.1674474937849493
210_Narrow,2564072500.0,1.0218575893436712,0.0011719846338568319,-156.93437837507068,0.0969067223964633,0.0032593490689173128,5.802638190420217e-05,-173.61685651364945,2.122819933585565
210_Narrow,2564075000.0,1.0189148949984952,0.0009729552130476182,-157.0759041643063,0.05441062881622339,0.003193392837769241,0.0001342423390434273,-174.0768105588972,1.623046040543399
210_Narrow,2564077500.0,1.0169634960368779,0.001549081883540949,-157.32532594192847,0.08108416864010798,0.003261702038155888,6.872989625608924e-05,-172.9006072133394,1.546960381611842
210_Narrow,2564080000.0,1.0078695720221362,0.000953907093474905,-156.80718934274068,0.0877021975086733,0.0031747828533217406,7.7047078742912e-05,-173.0135794531641,1.504210221799778
210_Narrow,2564082500.0,1.0139613097478808,0.001276019344530177,-157.20540455974904,0.08294899449844233,0.003191545469913751,9.197205874698966e-05,-173.735683902117,1.6993979517816789
210_Narrow,2564085000.0,1.0197105807278875,0.0008119070034623308,-157.08736377641532,0.05196241708625036,0.0032775177993180026,9.413853826867606e-05,-172.91579648359934,1.374951325643291
210_Narrow,2564087500.0,1.0186547227059162,0.0009214045654756199,-156.7685046944852,0.08227533605312758,0.0032332962228372427,7.832971903273196e-05,-174.36207839406092,1.7067208955687008
210_Narrow,2564090000.0,1.0115097383893386,0.0010252589274976128,-157.46119289064993,0.0694017188650272,0.0031852018371811034,0.00013270442672815835,-173.4644803954033,1.353852143710565
210_Narrow,2564092500.0,1.0157212692919575,0.0012678919919368679,-157.1104175371827,0.06313227973305764,0.00326489716312931,8.897015134772213e-05,-174.88013714263778,1.1797876720021798
210_Narrow,2564095000.0,1.0146988035588604,0.0009737408332240949,-156.97772803581557,0.07818490692518408,0.0032009567613213935,0.00011283590874029661,-173.38573330197943,1.368494810329906
210_Narrow,2564097500.0,1.0087694155839735,0.001465073584609966,-157.30855276772633,0.06716527927105215,0.0032592940897979623,6.561467969454052e-05,-173.17222523415367,1.5882575121863984
210_Narrow,2564100000.0,1.0177298700013926,0.0009405365541752365,-157.32620596805242,0.10750793982542955,0.003261564375311305,9.395355049554186e-05,-174.66800503288897,1.2856785502120909
210_Narrow,2564102500.0,1.0153253863453817,0.0012314411799458547,-157.1205937423563,0.04547130542804564,0.003174307058442948,0.00011829164069045805,-173.66111273263473,1.3139908804675893
210_Narrow,2564105000.0,1.015497041560685,0.001207686901155762,-157.2066132988399,0.09332751662677415,0.0032014218491658412,0.00012732520042127522,-174.51809495623758,1.5437118610806781
210_Narrow,2564107500.0,1.0161434737262425,0.001396390677179238,-157.41265222373295,0.06255632132250215,0.003227854766600812,9.092072216567844e-05,-174.29782500707003,1.5208323558765693
210_Narrow,2564110000.0,1.0150581014241358,0.0013808835581738575,-156.82893744952258,0.07758490689511179,0.0032855200513691916,5.817030556087536e-05,-173.3386807857059,1.1745907572942047
210_Narrow,2564112500.0,1.01359466784348,0.0009545465591921345,-157.15775073403455,0.06709727209009406,0.003251697522610541,8.851513147060085e-05,-173.33861923908609,1.8795625832536151
210_Narrow,2564115000.0,1.0072250640378602,0.0009513077981442673,-157.21955080750612,0.0768580675757611,0.0032355420875586835,0.0001174160446381085,-174.59478345996442,0.9994420604899992
210_Narrow,2564117500.0,1.0110995656777089,0.0009814319508397043,-157.09157404163608,0.06630024609044947,0.003259807830707584,6.988717955103352e-05,-173.21349359140774,1.6138667811742964
210_Narrow,2564120000.0,1.0140769684130118,0.0016873815888085544,-157.0326593658645,0.08631773592189163,0.0031745654488864188,0.00010226406474140947,-173.39804527123056,1.4319728382953192
210_Narrow,2564122500.0,1.0177216449259097,0.0012651261957014011,-157.33357315557654,0.06021386563112121,0.0032069158092365053,8.870817777274353e-05,-173.25581954023997,2.0991272423205642
210_Narrow,2564125000.0,1.0198771441831531,0.0010102986074837367,-157.26701977498044,0.08455773582453716,0.0033264679573670117,4.939367348713788e-05,-174.14067726754084,1.1653614820658287
210_Narrow,2564127500.0,1.0153196812299563,0.000904513546548417,-157.22673252970696,0.09985228312718103,0.0032226288218938828,7.498100115101957e-05,-173.04065729198854,1.9008101185798887
210_Narrow,2564130000.0,1.0215431817750475,0.0007249435373063944,-157.03808675650583,0.0637476906245133,0.003285504518918745,7.519148755274196e-05,-174.33493517116875,1.840296977988919
210_Narrow,2564132500.0,1.0256984027568983,0.0010452019688619813,-157.46690614562655,0.09213936064988258,0.00329010401325775,8.339328688875e-05,-174.82479079995616,1.4025058487185553
210_Narrow,2564135000.0,1.0178930787251028,0.0009391757384187361,-157.13860794335721,0.056685294208745435,0.0032330034719213275,9.027079188685023e-05,-174.6059212824666,1.5048306360597739
210_Narrow,2564137500.0,1.0154480751881927,0.0007633804676611554,-157.14590205569993,0.06027029533981181,0.0032091458342007463,0.00010618957737760047,-172.47150987025685,1.632597790371531
210_Narrow,2564140000.0,1.0064273969134838,0.0012307636143653962,-157.5063955539,0.07838880614977896,0.003192156953361952,9.126384531030031e-05,-173.67997266821214,2.285687062673925
210_Narrow,2564142500.0,1.015024390016011,0.0011603981959583884,-156.93421939062603,0.08611011890074204,0.003291414360633675,0.00013036348515796812,-173.09077814059373,1.5414963632624508
210_Narrow,2564145000.0,1.0087358513193507,0.0010871661863157845,-156.85407407700671,0.05398204012419221,0.0032049990674456763,0.0001006294795561313,-173.5263224388316,1.6415148944576134
210_Narrow,2564147500.0,1.0104521012226024,0.0009180636870110419,-157.09611659922354,0.09479277597482225,0.0032782550214356916,9.212538489787807e-05,-174.40449546422644,1.5801944663826142
210_Narrow,2564150000.0,1.0076998803568666,0.0009261421185618921,-157.4053474549264,0.058880955368258284,0.0032074165717453393,0.00016117334558036304,-173.5981409874298,2.3096298540954194
210_Narrow,2564152500.0,1.018667141391253,0.0007895728682843663,-157.07901247973106,0.07408014535340601,0.003210089307014535,0.00010118578243186931,-172.8771368225552,1.8701118356090143
210_Narrow,2564155000.0,1.0090443372632119,0.0009147671250974448,-157.26263444809095,0.05959589339471917,0.0031834278902822715,0.00011977895731683358,-173.80655363684312,2.3910903021139776
210_Narrow,2564157500.0,1.0151858311753421,0.000964287595975921,-156.93937136972747,0.08283210836853626,0.003278945224630081,7.633492907845054e-05,-173.16728852879638,2.1932367065717617
210_Narrow,2564160000.0,1.0168051809315806,0.0014719867574358135,-157.26229621901572,0.051025449718985316,0.003222319979456739,9.533113402234716e-05,-174.22948190965866,1.402482327849302
210_Narrow,2564162500.0,1.0143885283278427,0.0009249509257702258,-156.98975143676404,0.06413461268276796,0.0032370001019813768,9.456242029817641e-05,-174.31778246381936,1.2439515168557493
210_Narrow,2564165000.0,1.019649480369798,0.0012338446368145943,-157.47947541879472,0.07417800956134252,0.0032294888880899167,8.447296034682413e-05,-174.26935723069022,2.1275704173199457
210_Narrow,2564167500.0,1.011789015258457,0.0015202974730821617,-157.14566786022445,0.06945389151151227,0.0032361253198275276,9.230231336213829e-05,-174.04874968995642,1.9910574876381952
210_Narrow,2564170000.0,1.01804584381111,0.0012814097296170053,-157.2367251199133,0.08199494654910607,0.0032499339578327523,9.000513433680729e-05,-173.42242553582315,1.1478596180572962
210_Narrow,2564172500.0,1.010366391769079,0.0011994391121059238,-157.38242494811925,0.08809443417791574,0.003203430712876399,9.496191929082832e-05,-174.25055050800037,1.7741364227812566
210_Narrow,2564175000.0,1.0148020953631685,0.001319673589167354,-157.70930974352504,0.07222747751705619,0.003288643276871158,8.814865664264516e-05,-173.33964638138178,1.5416500488737745
210_Narrow,2564177500.0,1.0107798698169572,0.0012492560868098395,-157.61417993876847,0.06099608859299662,0.0031780483615372326,0.00010081867549001898,-174.1398745353674,1.1552955270809289
210_Narrow,2564180000.0,1.0081960749821857,0.0011982597484369035,-157.18178074608718,0.08102699508812576,0.0032569768889994873,9.864153996348398e-05,-173.2767640983564,1.3622322625578958
210_Narrow,2564182500.0,1.007791320694666,0.0012234052479890383,-157.3356809151765,0.07946431451860453,0.003190880448038269,5.2041430733032214e-05,-173.94822730801704,2.1025668876989614
210_Narrow,2564185000.0,1.018189921953339,0.0012313257676737517,-157.14568471019126,0.08430747898617749,0.003269921047684375,0.00012484377841831163,-173.75324937541353,1.2979351985309406
210_Narrow,2564187500.0,1.0143434076966416,0.0006950664802826025,-157.20273692793947,0.07585626426449205,0.0031683193830447367,7.67388213544525e-05,-175.42844071889098,1.064312208612653
210_Narrow,2564190000.0,1.0093828022800153,0.0007862608582738181,-157.39421704767472,0.05397375010446642,0.0032596290796139643,0.0001475749491528634,-174.56801130234365,1.5104449656639014
210_Narrow,2564192500.0,1.01590958511831,0.0013060567948508914,-156.74845687131486,0.04024266857487587,0.0031856502562539815,8.746334393624453e-05,-174.41587112957941,2.051291742812606
210_Narrow,2564195000.0,1.0170714131477439,0.001220948816457106,-157.37094038456712,0.041500465889886894,0.0031986057741168815,7.406794388541253e-05,-173.86303957449059,1.348123885244449
210_Narrow,2564197500.0,1.0257642404571552,0.0014462754813757924,-157.62875043839688,0.06885017045165508,0.003270781047666362,9.878273473674243e-05,-173.75772822176847,1.6487524383959713
210_Narrow,2564200000.0,1.004107400233317,0.0010567054601751246,-157.64517240795305,0.05719667974995366,0.0032135494796855305,8.601000312882674e-05,-174.78163707572855,2.1185861503284698
210_Narrow,2564202500.0,1.0122945417518048,0.0008857914969455668,-157.754533192993,0.08036965509105512,0.0032055868356137733,9.792678824251391e-05,-174.70867131583444,1.630899937292284
210_Narrow,2564205000.0,1.0100421596935938,0.0014014306985488385,-157.70953565598305,0.08883761782276868,0.0032074836687837394,0.00010366938783547166,-174.4710301814515,1.3251688798600716
210_Narrow,2564207500.0,1.0113692882111682,0.0012367983845998354,-157.16924753561977,0.07208074087652214,0.003228001921541908,8.2149341872336e-05,-173.39907228671066,1.8018729829956068
210_Narrow,2564210000.0,1.0167884518856947,0.0007640258154762309,-157.23979989892945,0.049691562056943736,0.0032010710205669767,8.183299530031075e-05,-173.8823104215865,2.418001177435409
210_Narrow,2564212500.0,1.012121941797217,0.0010601601906427944,-157.31341561949887,0.042298197466564574,0.0031730897893810436,0.00010391979726647843,-175.06862932834642,2.14655277798671
210_Narrow,2564215000.0,0.9975512303557122,0.0011540135367824678,-157.7875222128772,0.0827601192961022,0.0032188510503646964,9.730242340144362e-05,-174.5210577834269,2.2223861137648155
210_Narrow,2564217500.0,1.0091948117683254,0.0004590103609945054,-157.28555452315732,0.07682355793258663,0.003210855535811593,0.00011549658181099717,-173.9261192198873,1.1789449986984528
210_Narrow,2564220000.0,1.0211015349615304,0.0015368031469905324,-157.42779918800446,0.05236362862478975,0.0032314980699645335,9.828372547568226e-05,-173.6997117459472,1.6767365068131939
210_Narrow,2564222500.0,1.0108440674391492,0.0009040635074387084,-157.64239214755543,0.0813164624098762,0.003232769623535933,0.00010080567800352148,-173.30029454992797,2.072877857616928
210_Narrow,2564225000.0,1.0097888852844121,0.0015252253892585731,-157.22016496271573,0.05732792116960979,0.0032309612670716344,6.528129175053001e-05,-173.90206408623976,1.4811193472976671
210_Narrow,2564227500.0,1.0229377433746047,0.0010280487435160594,-157.36543947878408,0.05744373333225825,0.003236132203461667,6.46778137507475e-05,-173.72769520015015,1.9173704357285293
210_Narrow,2564230000.0,1.0157775983350397,0.0010429002714020762,-157.38749612020763,0.06186498251111231,0.0032409279829185736,0.00010868311461848503,-174.26405751270437,1.8817086730764925
210_Narrow,2564232500.0,1.0158085360235134,0.0014116817116001368,-157.97482158371395,0.05574514203514884,0.003249375132071658,9.065801143194687e-05,-173.65486069843894,2.5202239712357963
210_Narrow,2564235000.0,1.0167821778058843,0.0015148541620021807,-157.26163565085747,0.05994577470105513,0.0032877485634735405,6.024514677699743e-05,-174.2836880575318,1.5979661003912127
210_Narrow,2564237500.0,1.011321782394723,0.001308736045358104,-157.65022543221335,0.052715991554090784,0.0031833136114772817,7.668603681260654e-05,-173.62575028969658,1.4998743066912454
210_Narrow,2564240000.0,1.0131988512685237,0.0007367651178705788,-157.0314921559516,0.0885733750484423,0.0032279501317292966,0.00010597919539729213,-174.3279974645651,1.6822146737993575
210_Narrow,2564242500.0,1.009811576759791,0.0008194616534212921,-157.1711174209646,0.03284507182665893,0.003227642096949198,9.161700157828808e-05,-173.71643914450348,2.1263042790758817
210_Narrow,2564245000.0,1.0095035642411587,0.0011497210687964477,-157.54781274562168,0.04234206756633243,0.0032389198349494037,0.0001172987502916912,-173.82952002095206,1.993480497288326
210_Narrow,2564247500.0,1.0145642328339797,0.0017566344361653128,-157.6533927629334,0.08008431475294235,0.0032496805931605606,7.249571523932385e-05,-173.74264026010664,1.0348533742920618
210_Narrow,2564250000.0,1.0078360509031008,0.0010752028051576677,-157.45536521702624,0.10352595058180972,0.0032408602069062186,6.209260067263342e-05,-173.74144568189323,1.3681119379490885
210_Narrow,2564252500.0,1.009203854651623,0.0011643502327668683,-157.77250784238723,0.06493056616053812,0.0032274553807514687,5.25128118798944e-05,-175.40397323826318,2.209091437132645
210_Narrow,2564255000.0,1.005374963269027,0.001124673623960964,-157.89126472879363,0.07901961347110685,0.0032359844889717974,7.096252925235363e-05,-173.67265040616107,2.063518548541228
210_Narrow,2564257500.0,1.011249901245643,0.0011141402026069828,-157.6187056954218,0.06878404735779,0.003249830271013959,0.00011356611889563371,-173.819658451416,1.5550383593311252
210_Narrow,2564260000.0,1.0103468820965287,0.0006858005852681021,-157.496311135655,0.07175228222486947,0.003294215342294739,9.288109092202422e-05,-174.51558507374935,1.5414196199224164
210_Narrow,2564262500.0,1.014939979110232,0.001019365594597729,-157.95254387733138,0.037483666829469464,0.0032946014781344013,0.0001273449649026695,-173.43092424835908,1.2840250424485318
210_Narrow,2564265000.0,1.0026770503415894,0.0013499186888132604,-157.62245407476144,0.06862254097873303,0.003212487892384734,6.043757917994793e-05,-173.67443698434573,1.4179042185611008
210_Narrow,2564267500.0,1.0094681526526763,0.0009963045874725493,-157.42380308643126,0.09114979414373586,0.0032940411602112524,5.7090086903900435e-05,-173.60777252529482,1.6181267106144024
210_Narrow,2564270000.0,1.0125909466311718,0.0005460703560899778,-157.35313195473918,0.06693977413882372,0.0032860475310172435,8.617503584253396e-05,-173.91590381924036,1.9893399800881189
210_Narrow,2564272500.0,1.0121827969384742,0.0010290173771852595,-157.60369038912629,0.07907161090183637,0.003208179978132077,5.5915784591713534e-05,-175.0263250444912,1.8584452921806178
210_Narrow,2564275000.0,1.0141827912664196,0.0010544815209766656,-157.71349085959116,0.056902917083436644,0.0032129258771139042,8.72313692717293e-05,-173.6970098577823,1.5071177549475372
210_Narrow,2564277500.0,1.0139002114811095,0.0013811504928554546,-156.90989270938385,0.06924061913442885,0.003201990736299797,0.0001347066998413588,-171.91877413384069,1.1723791348771542
210_Narrow,2564280000.0,1.0154169681800644,0.0010779339108649027,-157.4657685073342,0.07706363172095113,0.003216307261046785,0.00010150936424310397,-174.60644763347017,2.0165381976313603
210_Narrow,2564282500.0,1.009897855281915,0.0008327742689252991,-157.36426035457964,0.0643900441224537,0.0032257161718675107,0.0001246178342660749,-173.07229716558476,2.1052681639502957
210_Narrow,2564285000.0,1.0181859677320482,0.0012759880224156852,-158.01970423868127,0.08742938545324096,0.0032460428985553996,0.00012437401559286702,-174.68157925791476,1.5206058049933668
210_Narrow,2564287500.0,1.0088155304792927,0.0011543056932506476,-157.67096154523023,0.07992318527378549,0.003249649232873189,9.03609058155709e-05,-174.0349234882632,1.1110043279344282
210_Narrow,2564290000.0,1.0171774498369721,0.001292994554852891,-157.68012834830762,0.036731599094560544,0.003268204100935009,0.00010171850075713371,-174.57817347402872,1.1062706021813047
210_Narrow,2564292500.0,1.0161999931085133,0.000997671696669992,-157.52877253015322,0.07674744366219872,0.0033146634495114717,5.466274057812379e-05,-139.2618077221117,111.98830661249133
210_Narrow,2564295000.0,1.0028369956257575,0.0014284980628354728,-157.11961852981375,0.0507583995368394,0.003265095451112562,9.023977847346591e-05,-174.95783302981428,1.882204069993841
210_Narrow,2564297500.0,1.0094862735626784,0.001704142973680691,-157.67186233937963,0.08177556351309614,0.003239324791636151,8.766055593067527e-05,-174.62283694199573,1.4783075508068757
210_Narrow,2564300000.0,1.0165135576063595,0.001102876668237364,-157.7001156055185,0.08122918463986242,0.0032565811545673977,8.382012256804262e-05,-174.62316740300045,1.4971094632460449
210_Narrow,2564302500.0,1.012691982275973,0.0010647160818873646,-156.93136662319677,0.07191400679890145,0.0032779155400961706,0.0001237728014605253,-174.27709633593813,0.9623123613390977
210_Narrow,2564305000.0,1.0132277967864216,0.0005991386603411302,-157.50824012923172,0.07397231089596015,0.003285659824964244,8.45639084761934e-05,-174.3757487637858,1.0236815473384364
210_Narrow,2564307500.0,1.016542145330931,0.001076677164327172,-158.11461425718116,0.0889122834962044,0.003261013909942915,0.00010140085427121084,-174.7866296398193,1.9478347312600814
210_Narrow,2564310000.0,1.0153076711094946,0.0011886974139771961,-157.50392915347942,0.052561619024745126,0.003256188309171219,0.00012231255575645278,-173.6654727973465,1.9414417419219199
210_Narrow,2564312500.0,1.0249014760313528,0.0009348604614168733,-157.84675904055203,0.042149120779336996,0.003286319622127916,0.00013286508605944676,-174.79698765298144,1.9689934769969302
210_Narrow,2564315000.0,1.0107444262078533,0.0015942647530739077,-158.1161333920332,0.07219652911973765,0.0032774921242768535,9.997541265390144e-05,-175.34739530725224,1.2746219939665901
210_Narrow,2564317500.0,1.010520077314401,0.0011244708662449439,-157.64946012376325,0.08857745658699465,0.0032558052617989042,0.00011552311731612532,-174.27818769946035,1.0482582300117256
210_Narrow,2564320000.0,1.0124294153560403,0.0016496046849467203,-157.68583850234216,0.0781260076694654,0.0032805682309353474,0.00012543705076381657,-174.26798525212638,1.4725851206694456
210_Narrow,2564322500.0,1.0102546895016733,0.0008510855716013443,-157.0418373045763,0.07205536949061814,0.003239952298531843,0.00013282107254219787,-173.61431885007826,2.196679880601657
210_Narrow,2564325000.0,1.0096217519460688,0.0011936012779587444,-157.3949802130157,0.08283190998702195,0.0032692360481493647,0.0001186509688907245,-174.0891161875386,1.4532111998904114
210_Narrow,2564327500.0,1.0162733777316988,0.0014681400171930056,-157.42248373311855,0.0476688403698384,0.0033219738392869136,0.00010979778983507823,-173.46953783516128,1.8512305844269734
210_Narrow,2564330000.0,1.0079102876585238,0.0010834170255894075,-157.76777952838623,0.06488240613399791,0.00325430626960569,0.00016829974962825198,-174.83371448690716,2.1021187116364457
210_Narrow,2564332500.0,1.0166409801412208,0.001554539623116028,-157.7214153806204,0.06635887663671977,0.003240104852480538,0.00010442919974484654,-174.65444309723438,1.9370558434503238
210_Narrow,2564335000.0,1.0192403805975179,0.0007922301983671005,-157.46825710626834,0.0685685705770639,0.0032713592496359024,0.00011965716759303417,-174.0923936643328,1.4223371636082467
210_Narrow,2564337500.0,1.0175321068615308,0.0014374221084859776,-157.56310685601,0.08280921002587374,0.00325067455694239,0.00011041454442213318,-174.02565877390026,1.725637158051754
210_Narrow,2564340000.0,1.0142783387525283,0.0010897975708694173,-157.22990080264373,0.07688926900688624,0.0032584978233352537,6.799159891358613e-05,-174.14824102017263,0.6587033875661336
210_Narrow,2564342500.0,1.014012302775668,0.0011644780241171473,-157.71810173731652,0.06869564689842271,0.003217707356164481,6.399225211751365e-05,-174.32446892169173,2.2914215204362107
210_Narrow,2564345000.0,1.0232803305731855,0.001103217831318548,-157.314835872866,0.06662346691933661,0.00330523950275452,5.852416327025805e-05,-174.60586151755228,2.251057154038147
210_Narrow,2564347500.0,1.0163043912786505,0.0011841461109729267,-157.2126473481598,0.05860968158527408,0.0032584382461865605,0.00010687493092477212,-174.05779878606705,1.5822566254398167
210_Narrow,2564350000.0,1.0152405879392759,0.000981981367321857,-157.68596536678058,0.0554987794998672,0.0032405462510182053,0.00012655128386554866,-175.0481859946397,0.9478301646950458
210_Narrow,2564352500.0,1.0082931807300033,0.0013330592978582768,-157.05518940265762,0.07899416629877255,0.0032416925921460137,0.00011572354550858458,-173.8269596487267,1.5008206682955925
210_Narrow,2564355000.0,1.006628167763237,0.001295204248201752,-157.36676104191213,0.11930850307581799,0.003245120830365913,8.922657554060163e-05,-174.6466799198951,1.2057953127591219
210_Narrow,2564357500.0,0.998294070523698,0.0018749357172358895,-157.46111773265395,0.04703467465473979,0.0032543995194782536,0.00012738887504722235,-174.9990098811301,1.4639101835403234
210_Narrow,2564360000.0,1.0204831259004266,0.0015128412798778754,-157.89714686584378,0.05853488894666509,0.003306266458284279,9.301910852129953e-05,-174.74377125411579,1.8867575638233423
210_Narrow,2564362500.0,1.020543256704309,0.0013507960503622964,-157.27829689600583,0.05981494063172868,0.0033070689613011878,0.00012244911244414108,-174.74874021301133,1.0710536757707414
210_Narrow,2564365000.0,1.012966935446943,0.001193803551465954,-157.60550477168377,0.04835117286414293,0.0032485577218469,0.00011529145992787628,-138.77699867827053,111.865028753311
210_Narrow,2564367500.0,1.0027766957549686,0.0016699754865626632,-157.44386822363833,0.06260295853758355,0.0032694414283793542,9.30314330516676e-05,-174.44595781650176,1.4473220616767206
210_Narrow,2564370000.0,1.0131295961949112,0.0013265049125397608,-157.8615565063845,0.04371926587985883,0.0032436174096277456,0.00015016033095686078,-174.53620447414053,1.1115868082171165
210_Narrow,2564372500.0,1.0041328148041708,0.0016356055294456811,-156.93764805136405,0.06534677043890981,0.003296303694812504,9.653790822804525e-05,-174.012767218747,1.429219068276299
210_Narrow,2564375000.0,1.004123267012672,0.0011482705543088966,-157.51350261930907,0.07054364756984763,0.003220932977386265,0.00011961460657858648,-173.65063168712155,1.8412163462885063
210_Narrow,2564377500.0,1.0138158020160937,0.0009516979911341549,-157.41504182892535,0.05413410340448607,0.0031781709857646103,7.951238484564749e-05,-174.16590036257188,1.0928792695020104
210_Narrow,2564380000.0,1.0112431487417988,0.0011044782475336577,-156.96825533861073,0.04397071787322574,0.0033108649270949747,0.00010876449870906141,-173.70568631818935,1.6408728812924467
210_Narrow,2564382500.0,1.0134455419172095,0.0014627435577200289,-157.9476102958032,0.05615541346861998,0.0032222680262237098,8.966857459447951e-05,-174.27758327591997,1.3008838507289844
210_Narrow,2564385000.0,1.0087250831469614,0.0013424876431968437,-157.6901265941774,0.05914952308588442,0.003234569274553003,9.600646540866959e-05,-174.22798943836722,1.0061843589240504
210_Narrow,2564387500.0,1.0065441596837332,0.0016168156262441275,-158.10802219609636,0.07509272514851881,0.0032037368035683503,0.00011474316477697098,-174.79975310694095,1.9241760403962702
210_Narrow,2564390000.0,1.0038275566587962,0.0009489711057078829,-157.66600679998302,0.044279189281579985,0.00325893258204697,8.978590212358882e-05,-174.06402717921637,1.895671541152768
210_Narrow,2564392500.0,1.0238466494238478,0.0011392131267404767,-157.44965824204496,0.060674514491797,0.0033208927718715573,9.480374786981928e-05,-174.6335338069562,1.3067255065819527
210_Narrow,2564395000.0,1.015555019794325,0.0013022971646694673,-157.55268901604714,0.07592335316501038,0.003317497426828098,0.0001404249885614523,-173.64097775826554,1.060177780952041
210_Narrow,2564397500.0,1.012066490303976,0.0010411252323561787,-157.2863972959086,0.09078804667194298,0.003248511178579931,7.286639689524244e-05,-174.7498708495986,2.1007821720318676
210_Narrow,2564400000.0,1.0170682936296944,0.0007616705221089543,-157.76458722568034,0.0620190858583362,0.0032351251916370185,5.543233770612746e-05,-175.42820277100827,1.9372147271795386
210_Narrow,2564402500.0,1.0098673820239923,0.0005714973438826576,-157.369049029131,0.07293132768422445,0.0033151254097857287,0.0001405500236392149,-174.13487860404953,1.9648858042697703
210_Narrow,2564405000.0,1.0060328888312002,0.001323357385117347,-157.8525497846849,0.07058356089547403,0.0033015289907949554,8.615438592335727e-05,-174.23844587959204,1.1402335533260712
210_Narrow,2564407500.0,1.0025846213164278,0.0010092736443319057,-157.92057867770947,0.08587483535839498,0.003256249899481768,7.696333488395549e-05,-174.43833550333594,2.3151221841036778
210_Narrow,2564410000.0,1.0090009540352598,0.0011980294742028933,-157.8315401048368,0.057165022055384714,0.0032517335019396397,0.00010246067950969641,-174.34399746803243,1.6303519344074142
210_Narrow,2564412500.0,1.0095796093652847,0.0006674804911345388,-157.45089746959326,0.08232546071846034,0.003220423295404354,0.00011271864954492555,-174.25622985498183,1.1856171649226195
210_Narrow,2564415000.0,1.0031547296855423,0.001338277679207113,-158.02332372341627,0.07522309900560496,0.0032693586867402692,0.00011453888464337687,-138.7779036104909,112.00276698367557
210_Narrow,2564417500.0,1.0101111695282878,0.001425898794429293,-157.47704139054733,0.08676292264765649,0.0032462858704546695,0.00010574432902073344,-174.75177712445605,1.6427250713771846
210_Narrow,2564420000.0,1.00516080869403,0.0012401683158946995,-157.83680726282046,0.06956721381948859,0.0032179783138523233,9.778226497756567e-05,-173.4365115283225,1.7222019496145702
210_Narrow,2564422500.0,1.0070975605990535,0.0010508181820495452,-157.4052160125432,0.07532156208759497,0.0032841844976714218,0.00010054923621815538,-173.8910275836358,2.0366164445440713
210_Narrow,2564425000.0,1.0070990726183577,0.00110328140797479,-157.32029972760506,0.07422244093829312,0.0032777204250447386,0.00013487394388295436,-174.61704835980703,0.9658808255267513
210_Narrow,2564427500.0,1.0159672810903837,0.0010265278589995826,-157.66466760947327,0.04738879690614136,0.0033268536883677485,8.515141421521197e-05,-174.61871925203806,2.314935854176335
210_Narrow,2564430000.0,1.0112360361196258,0.0013846824028835485,-157.3805154139257,0.06488827180619136,0.003349863257753989,9.302952197363517e-05,-173.81031142545154,2.2152254969445515
210_Narrow,2564432500.0,1.0090413480319727,0.0009182364875393654,-157.8095792200609,0.0838005304877172,0.003286467004545111,8.819762667814407e-05,-174.08426384919963,1.3246225601466608
210_Narrow,2564435000.0,1.015848716646023,0.001227873092158432,-158.25247899010208,0.064212404723163,0.0033195715659621668,5.466596763997033e-05,-175.42603853014313,1.5776935290829606
210_Narrow,2564437500.0,1.0095488047528183,0.001168526498068091,-157.85157400375198,0.09444462952269844,0.0032667327290107355,8.211695986263448e-05,-174.67762612037205,1.127888750603094
210_Narrow,2564440000.0,1.0180148399058389,0.0011093725794161233,-157.8510074678595,0.07814504756541894,0.0033117817041637574,0.0001009552344334947,-175.3669056026662,1.1161873138524079
210_Narrow,2564442500.0,1.0136130101036298,0.0007154841456671632,-158.05820701892844,0.057609057956524115,0.0033167959342226684,8.682591856500342e-05,-174.6125217812118,1.2817885605212411
210_Narrow,2564445000.0,1.0120577579494805,0.0010170955811468281,-157.41775641075844,0.050386754303657126,0.003293211792472996,6.768321071906474e-05,-174.87011127086913,1.7852821142609268
210_Narrow,2564447500.0,1.0232668255329291,0.0013614608734255696,-157.93208468009098,0.0505054489494378,0.0032946081126325583,7.66248809624643e-05,-173.7445920380829,2.7943197435565286
210_Narrow,2564450000.0,1.019221902460593,0.0013249830740801696,-158.03312736775393,0.06778544937934548,0.0032697127540597232,9.488873410145682e-05,-175.36936074523157,2.131683830792377
210_Narrow,2564452500.0,1.0062322063140423,0.0010068172146824833,-158.24627957822972,0.1126918763886871,0.003247577113617852,6.001445933541493e-05,-175.69768643284988,1.8506334225729923
210_Narrow,2564455000.0,1.0096370211057466,0.0016066158247517368,-158.18433208720757,0.04116828923372693,0.0032004035377790406,0.00011122221264896763,-175.0143171053167,1.2567439778433944
210_Narrow,2564457500.0,1.014000503770235,0.0014760203226639773,-158.0626065641017,0.055985906723724506,0.0032532944098161566,5.97346125746013e-05,-174.59853248300868,1.7825825472683943
210_Narrow,2564460000.0,0.9996306058366682,0.0009894430674924628,-157.74749585614174,0.060241384845337115,0.0033104832753744796,7.754281470596258e-05,-173.88595459729177,1.7541519537343089
210_Narrow,2564462500.0,1.0080955133352156,0.0007921289494284685,-158.15530890235885,0.09406747819599691,0.0032543536019220996,5.4312351791516854e-05,-174.27212394114625,2.6000212736940482
210_Narrow,2564465000.0,1.0089254046633818,0.001014910001395722,-157.91914898157793,0.06594295363721737,0.00326002478695205,8.87540928319115e-05,-174.48264938757376,2.8492884471745885
210_Narrow,2564467500.0,1.0132773819864702,0.001398892610323343,-157.68972032365923,0.05486567627748048,0.00327843122899568,0.00016354637031736413,-175.10730111156556,1.7068575130283044
210_Narrow,2564470000.0,1.012963847764917,0.0008821942771367047,-157.50615496362778,0.1014151105273688,0.0033442444476614757,0.0001080518346160726,-174.6742733513173,0.7504266899123342
210_Narrow,2564472500.0,1.0071994012560228,0.0011562186734804362,-157.80232809440292,0.0665146695134192,0.0032801087050486795,7.957267140550831e-05,-173.77459842577662,1.9795498389039405
210_Narrow,2564475000.0,1.0063765539166225,0.0009636875781627905,-157.79065948037731,0.10110062804440345,0.0032588407480250155,8.722056721265146e-05,-174.98759824204149,1.3531597412863792
210_Narrow,2564477500.0,1.0052598989103125,0.0009562276343264289,-157.67620413634563,0.050779385222394856,0.003294702450863758,6.48683154307421e-05,-173.79682243158007,1.9084229987972918
210_Narrow,2564480000.0,1.0108758170462062,0.0008972627370358502,-157.72328811240303,0.06596263493246757,0.0032623626698390874,8.274134449013737e-05,-174.99116022516208,1.5617653189695757
210_Narrow,2564482500.0,1.0065483632101988,0.0005805279649590176,-158.21233673037003,0.09266693761677898,0.0032386176691584353,9.819890152159353e-05,-174.73186714272984,1.1628058792032614
210_Narrow,2564485000.0,1.0110453596269213,0.0014250744539528177,-158.13658644075292,0.06055485793045515,0.003292700877591528,0.00011791342155468104,-174.9524023220023,1.28131885009252
210_Narrow,2564487500.0,1.0083216301261,0.0012296962202819409,-157.58695903326142,0.04128664709731714,0.0032837357599690246,0.00011272533761387745,-173.43572730518602,1.952761024853533
210_Narrow,2564490000.0,1.008215838755175,0.0012445244279796438,-157.83740516595083,0.055515052912559114,0.003287684647700279,4.088166448228272e-05,-174.68839558609153,2.578639778295737
210_Narrow,2564492500.0,1.0055133773304348,0.0012873754366795186,-157.63379971113417,0.05748118328984857,0.003222673492549433,6.837527796956002e-05,-174.78133104933815,2.2678813369223154
210_Narrow,2564495000.0,1.0067159667727326,0.0012060677395176332,-157.89654486550884,0.07253762042969962,0.003267363349641506,9.940965251679588e-05,-174.56024536440117,2.070269965916742
210_Narrow,2564497500.0,1.0070496067695645,0.001082724449715664,-158.0256091868339,0.0752473394505265,0.003278484936010695,9.621008870753787e-05,-174.54208149629036,1.2435478597573217
210_Narrow,2564500000.0,1.0056926333355656,0.0009122643411433725,-158.4389981879091,0.07258960350074786,0.003291140695265144,0.00011070733996346669,-175.27312969390076,1.7603408033587
210_Narrow,2564502500.0,1.0138109462270166,0.0011931601147726532,-157.3144714314746,0.06748151710554694,0.0032789684890804044,0.00010895036599804291,-174.66837197561446,1.2213382534508814
210_Narrow,2564505000.0,1.009046966241257,0.0010435645043636735,-158.1036690244807,0.07949961042165955,0.003297404278277602,4.3621649081725245e-05,-174.42559955565315,1.5983730367933704
210_Narrow,2564507500.0,1.0071291142034449,0.0009598536483300585,-157.32570425871617,0.07768842800075643,0.0032371781873537183,0.00010616430532864561,-174.07925536374032,1.265744985375625
210_Narrow,2564510000.0,1.0154275050070707,0.0008650676643029088,-157.6604154943435,0.06276483589487314,0.0033474082877518745,8.740666854410083e-05,-174.43899386192993,1.4854881713053254
210_Narrow,2564512500.0,1.0043131988427445,0.001260596297174495,-157.7403252190465,0.09143440437786614,0.003266733751597998,8.358200411697972e-05,-174.06055013079396,1.979785325019346
210_Narrow,2564515000.0,1.0054548532250418,0.0009264606660711164,-157.9465831134487,0.0694429290702739,0.0032634544227800313,7.289776035911466e-05,-175.32871419692168,1.31156670634569
210_Narrow,2564517500.0,1.0084167789722291,0.0014394112617153862,-157.95120501561257,0.055286768392264304,0.003301541123913268,7.403009427842902e-05,-174.7371899235536,1.875831550352712
210_Narrow,2564520000.0,1.0071109113779873,0.0012134678711909022,-157.85059407020512,0.04933473672814096,0.0032762431493432134,6.916394649466555e-05,-175.27697047130616,1.2038658271209488
210_Narrow,2564522500.0,1.0129973223040638,0.0009462533695409507,-157.98547999466598,0.08402731722319268,0.0032787421490215146,0.00010146371800962094,-174.5278147726595,0.8236737642561734
210_Narrow,2564525000.0,1.0078442381693824,0.0012461657354119408,-157.71866661414853,0.048985190390272604,0.003271619432307476,0.00011899005154371507,-174.1476365944057,2.5389396737301353
210_Narrow,2564527500.0,1.0130873392245254,0.0009934646100842148,-158.41505602961416,0.05465748274362873,0.003267304595706951,9.04544332460713e-05,-175.755643163583,1.3350207379658259
210_Narrow,2564530000.0,1.0133256069553622,0.0016549810045547008,-158.18267953008692,0.04992422814831149,0.0033375826261550358,7.57839234282319e-05,-175.47217212241276,2.4062365407917956
210_Narrow,2564532500.0,1.0066368292980923,0.0017011505301524365,-158.27880148501106,0.09792439706833773,0.0032711071781582933,5.385379855511547e-05,-175.63451045189197,2.06564990910348
210_Narrow,2564535000.0,1.0087379343010916,0.0010667763609211707,-157.86106029792637,0.054901566263800355,0.003224236326400478,6.594222756180154e-05,-174.5101628472296,1.3074061081768786
210_Narrow,2564537500.0,1.0191910922619707,0.0012465499942183943,-157.84220756377306,0.07755442717827193,0.0033583352678702265,0.00010922634360711711,-175.20685388444835,2.1385504047668613
210_Narrow,2564540000.0,1.0075911315911041,0.0008766413658650936,-158.38416620939202,0.052057578975897766,0.003300233023283409,0.00014656740132729543,-174.7473184847902,1.0955358172929992
210_Narrow,2564542500.0,1.0060930009973987,0.0011567324361499913,-157.8885284298331,0.07058823481081833,0.0033014838180655433,8.61026619720593e-05,-173.32327130160346,1.519690739904962
210_Narrow,2564545000.0,1.0124658897404246,0.001466884700796166,-157.9641021039482,0.05161235398935106,0.0032780365696842588,0.00010040240596627112,-175.01878456516064,1.4504522677399414
210_Narrow,2564547500.0,1.0035967197620814,0.0007440443606028513,-158.59395595786057,0.07936143408931898,0.0032513852896215683,0.00012111942247528543,-175.00865268449294,1.8524873885114963
210_Narrow,2564550000.0,1.0127131843480077,0.001220321403852613,-157.90298835825038,0.08867399123817535,0.0033398519344954823,0.00016625243626371564,-174.3077258914042,1.7173657979964503
210_Narrow,2564552500.0,1.0027734488383726,0.0015299309761853915,-157.77988992559654,0.05091032265457242,0.003298672611518172,8.432183501918712e-05,-174.8998546698776,1.7274130950956568
210_Narrow,2564555000.0,1.0026065811560079,0.0011073318243424925,-157.80202227741876,0.10049793276421944,0.003252059454452224,0.00012705906520931156,-174.4229700404868,2.4177110823572994
210_Narrow,2564557500.0,1.0067040744434947,0.0011332276096463123,-158.29527299921858,0.0685403026545971,0.0033011180794399533,0.00015846571940783525,-175.6010318573787,1.7740400536458778
210_Narrow,2564560000.0,1.010529302110209,0.001177768069815139,-157.48711935881107,0.11628795936684667,0.0032779855225244,9.821394732412201e-05,-174.09346331462706,1.8600587725116757
210_Narrow,2564562500.0,1.021550484472196,0.0009721961633633436,-157.72175745226352,0.05132527145887396,0.003365003856984679,8.548020774656853e-05,-174.34735118747258,2.21136394914412
210_Narrow,2564565000.0,1.0034490107216285,0.00105273547771035,-158.49868666764218,0.0721826738705148,0.003279967124824935,9.085962460142057e-05,-174.03913200439123,2.036808434202324
210_Narrow,2564567500.0,1.019757343895638,0.0008613525599377611,-158.0137674289249,0.058684742097980434,0.0033439511192868226,9.544882614608353e-05,-175.1099250072779,1.270276637245259
210_Narrow,2564570000.0,1.008750333906719,0.0009310541595043877,-158.10762727849385,0.09406742505411896,0.003276850565578755,0.00014505409961550019,-174.57575064426825,1.5367214171199848
210_Narrow,2564572500.0,1.0137687325717686,0.0010128018296435169,-157.7225986448646,0.0932840912653351,0.003254827471580001,0.00010400977688726803,-173.9597290208076,1.978306780966125
210_Narrow,2564575000.0,1.0076524536198115,0.001050278005123154,-157.58601256428182,0.04614238651551876,0.003317962552451228,0.00010401464705312851,-173.75026408586015,1.6849992932759568
210_Narrow,2564577500.0,0.9997560012732805,0.0012615362077036314,-158.32754659011272,0.07036761946854656,0.003241581647144555,8.74970694300926e-05,-174.8649911406859,1.8022719725898464
210_Narrow,2564580000.0,1.0086910787031786,0.0011622716117091292,-157.92254723636867,0.074114846811856,0.00325412283075775,0.0001283429626456347,-175.89700170121228,1.254777783486288
210_Narrow,2564582500.0,1.0087511293121858,0.0015811312554458506,-157.83083813441237,0.08368267610404366,0.0033454950570036644,5.838470786429054e-05,-173.5056990157197,1.6491321605273634
210_Narrow,2564585000.0,1.0159115793558182,0.0008639186715179404,-157.6533532597076,0.06283784997166823,0.0032939824264605674,7.528421211988029e-05,-174.4753944233532,0.9506838496983775
210_Narrow,2564587500.0,1.0090765290481714,0.001205303678416031,-158.19928831182196,0.06572935684721233,0.003298847658149146,9.886969055756232e-05,-175.3434921465065,2.3545165200658316
210_Narrow,2564590000.0,1.0083820834109773,0.0008032695668825247,-158.26079209860765,0.07417888707140284,0.0032887988742610944,6.817372952862233e-05,-175.21446124581652,1.8413398462569552
210_Narrow,2564592500.0,1.0060350653670618,0.0010596210399252239,-157.66584448714167,0.0703601852333689,0.0033263970923562212,0.00011894771394628638,-174.10384162918217,1.0766068687668273
210_Narrow,2564595000.0,1.0119601587953382,0.0009465363182663408,-157.56830832440198,0.0968159128036323,0.0032997183897206703,7.334798318446757e-05,-173.87351148031578,1.0889240187928235
210_Narrow,2564597500.0,1.006071952115034,0.0006914028847994917,-158.28950678988144,0.05497256687542424,0.0032707077395449273,0.0001065744242922453,-174.17080232552505,1.3935486187597874
210_Narrow,2564600000.0,1.0120597241749258,0.0012307759986936615,-157.47756257250697,0.08844160968322304,0.0032907621944694198,4.8999085214970066e-05,-173.3758287897504,2.1953974594579457
210_Narrow,2564602500.0,1.0122226039899038,0.0007194839918258639,-158.2145406748926,0.10985451968944575,0.0032445846529943183,6.350897852439208e-05,-174.63586887279953,2.016225178674363
210_Narrow,2564605000.0,1.004766948069267,0.0012881798689264872,-158.12728097388498,0.055829583305370044,0.003272951005033779,0.00012788829832943835,-174.88367502251188,1.9678760853771644
210_Narrow,2564607500.0,1.0092778737508643,0.0012152537280402036,-158.12835675041134,0.09059955934168733,0.0032407000051266413,0.00011797602135319876,-174.063370583229,1.7702589834423057
210_Narrow,2564610000.0,1.0119370079508323,0.0008560655054015788,-158.26606555676855,0.05666501384160674,0.0033032116318788855,6.739101484841405e-05,-175.3603776651226,1.8704071025387168
210_Narrow,2564612500.0,1.01174933667136,0.001481571766534867,-158.311964636306,0.04148904039062327,0.003289168901466707,7.546836605339047e-05,-174.59066824642164,1.8427103828342093
210_Narrow,2564615000.0,1.0064529003896068,0.0013472410141195388,-158.45466193708626,0.08799018471088385,0.003241096910308309,9.800283989429463e-05,-175.20564467022547,1.3451472145889911
210_Narrow,2564617500.0,1.0140918479461591,0.00104754165597522,-158.29255295330876,0.09065476816985078,0.0033184132584418787,0.0001142310142711964,-175.23475422742862,1.2272523209960984
210_Narrow,2564620000.0,1.0111473326834808,0.0011785233104886995,-158.15441924937963,0.05451133310031779,0.0033494234129529065,5.429302859026551e-05,-174.7973205619149,1.825180556954167
210_Narrow,2564622500.0,1.007103747473569,0.0009238687335559839,-158.34310380989086,0.07772222380871671,0.0033015094472031575,0.00010482549807456778,-175.68664051204263,1.0592448170946647
210_Narrow,2564625000.0,1.0034182387902666,0.0013556289806540595,-158.24352828979187,0.0965293237196715,0.0033160503678320496,3.5340014458401785e-05,-175.49918957206054,2.2868402864991952
210_Narrow,2564627500.0,1.013668623828119,0.0010341872095552835,-158.09219382836474,0.08967444405541526,0.0033064865702097613,0.0001056394856166804,-174.17905427197886,1.6695199237125458
210_Narrow,2564630000.0,1.0055626006369958,0.0009306298696582268,-158.3302118898086,0.09033216332605089,0.0032940044491156437,8.44379565770489e-05,-175.05292552011176,1.4575044665213215
210_Narrow,2564632500.0,1.0127080224827099,0.001263739456025495,-157.8149659847955,0.052108774451615616,0.00329722521116296,8.951948659401283e-05,-174.59635292864112,1.7890590097700243
210_Narrow,2564635000.0,1.0118612210960665,0.0012187908630843555,-158.22547001059758,0.06971113612329913,0.0033382266005465753,7.268618748807341e-05,-175.0178572961908,1.7432126115002877
210_Narrow,2564637500.0,1.006004987406954,0.0015635351077100841,-157.77140709981285,0.08566100278152672,0.0032635254061837565,8.619788351202198e-05,-175.50361815972045,2.457498462329523
210_Narrow,2564640000.0,1.0079921081358612,0.0014498699678773467,-158.089201897379,0.06644665157885166,0.0032790981789471434,7.629854072349794e-05,-174.7257485349412,2.0693289451668724
210_Narrow,2564642500.0,1.009599759427178,0.0012636751749863608,-157.55668716413368,0.06849080472332154,0.0033138421771940663,0.00011488283480218847,-174.7209298896329,1.8517742375533395
210_Narrow,2564645000.0,1.012611625194769,0.0010715732715602388,-158.09446472728203,0.0513572004206868,0.0033497111917464304,0.00013881240438776222,-175.51585658150105,1.6059771673250443
210_Narrow,2564647500.0,1.0069308262212744,0.001215509468879949,-158.37474024553393,0.08061561809485634,0.003312182493383733,8.674635372215954e-05,-174.55049519725392,1.5564350527517532
210_Narrow,2564650000.0,0.9984635332962563,0.001274543991228897,-158.6693245516769,0.05603841922670616,0.00327788836785661,7.40293360676112e-05,-175.78984487767812,1.3976151303372704
210_Narrow,2564652500.0,1.0142560598560153,0.0015126615257596136,-158.0900183501713,0.07727947129823491,0.0033019795848768826,8.175406696903778e-05,-175.1992780075734,1.1918261808811095
210_Narrow,2564655000.0,1.0049040102128597,0.0011638670041117626,-158.0496244682463,0.08849702217132992,0.00331528299897309,0.000159574001264957,-174.67721986498245,1.4177186138340512
210_Narrow,2564657500.0,1.0063150483676255,0.001014204087392174,-157.32293642761425,0.05470156151381053,0.0033147256969270674,8.746420510058547e-05,-174.64286754667884,1.3929040770561294
210_Narrow,2564660000.0,1.0100725783794808,0.0006766602582165358,-158.2700952520034,0.06871749486755213,0.0032901056380486805,9.932968671593544e-05,-175.2888348306485,1.2477872909677286
210_Narrow,2564662500.0,1.0108018965988095,0.001727852218160377,-158.32920435779178,0.07512553559543059,0.003295779774419168,9.742474272451601e-05,-139.50118507110633,112.20401258229899
210_Narrow,2564665000.0,1.0061830029574799,0.0011923507358477295,-158.41365341122307,0.08181145035730322,0.0033041585808611753,0.00012067874031038932,-174.8700730158983,1.1462611117209032
210_Narrow,2564667500.0,1.0115552867539235,0.001178549751860383,-158.21954913102343,0.059661204466432735,0.003301535560016341,8.030796531290214e-05,-175.25838746790674,1.4590715034198571
210_Narrow,2564670000.0,1.019723078265701,0.0012404809907750863,-158.03375711957756,0.08027691636390821,0.0033768324077679793,0.00011975922069734837,-174.34227931043768,1.5210549084252607
210_Narrow,2564672500.0,1.0104256865828032,0.001125643001261713,-158.48070084735375,0.06848693919402819,0.003239784820016354,9.696798591855251e-05,-175.1907582890092,1.7701689639071712
210_Narrow,2564675000.0,1.0077198757844066,0.0011362788052656195,-158.72425690019907,0.08061206311097645,0.003335776003969701,0.00012041075333726504,-175.31422440849164,1.365690778270734
210_Narrow,2564677500.0,1.0111612523352211,0.0011096352840782248,-157.83900667714605,0.052023273309378004,0.003293712306466733,8.042976627208681e-05,-175.07873312350202,2.0293675064220054
210_Narrow,2564680000.0,1.004472732956709,0.0015621176932059375,-158.21977864335383,0.0499576862948122,0.00330142931124961,0.00011279114086462943,-174.9356921077041,1.2440081458521348
210_Narrow,2564682500.0,1.0046256091812038,0.0011699407757623235,-158.25589322701495,0.07944080201104825,0.0032671553743332665,9.390092374777786e-05,-175.3669379448611,1.2479705649585333
210_Narrow,2564685000.0,1.0149825232462248,0.0013020403456458554,-157.8638088828155,0.09689800365764559,0.0033403984030242356,8.530155539511828e-05,-175.5750305792177,1.6596405893334676
210_Narrow,2564687500.0,1.0041506096980748,0.0014619536642078435,-158.04319035501598,0.07715467515980245,0.0033991331779948813,9.683713375699793e-05,-176.4733607914765,1.7033879160711218
210_Narrow,2564690000.0,1.0073292413224038,0.0009070216531908803,-158.25555052114927,0.06540062928861372,0.003275986601996472,8.879863213028628e-05,-174.77159794383522,1.8053664542539494
210_Narrow,2564692500.0,1.0064333769260903,0.0017344255967173892,-157.8653080529424,0.09440736826569332,0.0032858485520864834,9.483635192604404e-05,-173.97593294173623,1.1752264011509592
210_Narrow,2564695000.0,1.0089352069264097,0.001072698982828996,-158.04803543681203,0.05777797353865034,0.0033739121968492393,0.00010525889148594548,-174.97915925879474,1.5866342674655154
210_Narrow,2564697500.0,1.01178818664096,0.0008707820474241744,-157.96516001070503,0.06638763228677859,0.0033989606612079885,8.700959151447558e-05,-175.5792480432938,1.064213131149848
210_Narrow,2564700000.0,1.0130662453244557,0.0008164394977873253,-158.063385657403,0.04043001906347304,0.003330837669061546,7.565489299188351e-05,-175.24215775474212,2.3949641776843316
210_Narrow,2564702500.0,1.0065726173770018,0.001470446539128837,-158.14381578210308,0.08601196672568188,0.0033117798398507926,0.00011221276667322602,-174.67957830735816,1.6223525904691227
210_Narrow,2564705000.0,1.0078581351977094,0.0014179933955382287,-158.35841013856898,0.08172662777195472,0.003305445076173989,0.0001351997765223279,-175.00608747654678,2.5278114501219653
210_Narrow,2564707500.0,1.0149920738826392,0.0013797055509281735,-158.37617620445292,0.05258398234716312,0.0032983230268886564,8.528786879196965e-05,-175.09215932729313,1.9791398191585081
210_Narrow,2564710000.0,1.0114478496763448,0.0011220914009471728,-159.02302529864312,0.0698291949909374,0.0032643558097388775,7.185844922120407e-05,-175.09854117548983,1.7254063853695742
210_Narrow,2564712500.0,1.009782274739472,0.0013602028276094341,-158.8514891976095,0.05573501569333645,0.0033174343776683907,0.00010755208640549912,-174.79718020197535,1.51307801879288
210_Narrow,2564715000.0,0.999189813033734,0.001368316148078103,-158.11703918113764,0.048831155003095025,0.003249332997508387,8.786357418290349e-05,-174.69269658324592,1.4719135874061808
210_Narrow,2564717500.0,1.001170241616371,0.0010643171687444726,-158.2650311470777,0.034846040504735463,0.0033272182778855885,0.00010255028594836274,-174.82117866215864,1.293705002793969
210_Narrow,2564720000.0,1.0086865067615487,0.0017025090184409606,-158.61860942352754,0.05427709784661078,0.0033215544604594366,9.776050741998225e-05,-175.3273801251409,1.7173114354761208
210_Narrow,2564722500.0,1.0086947118653713,0.0012935231081560336,-158.2673218500555,0.07588010394508657,0.0033891286529684943,0.00011068929159695246,-175.8556860425415,1.3480495554598066
210_Narrow,2564725000.0,1.0045959107785505,0.0010890493831915843,-158.5665819093676,0.06677538372896871,0.0032950029285977217,7.4041520250421e-05,-174.9232498539921,1.988776868140217
210_Narrow,2564727500.0,1.002414948458775,0.0011363266859662035,-158.17933078155903,0.05620238422557106,0.003313539584940682,5.9986478323021204e-05,-175.38373095252706,1.5484786979217338
210_Narrow,2564730000.0,1.0107086590523948,0.0008781771533855472,-158.0909948405975,0.07430064306821539,0.003347476491189768,8.48885027346732e-05,-175.10523600766496,1.3389416699114542
210_Narrow,2564732500.0,1.0058630599550862,0.0011157569189174348,-158.06053269727772,0.07067700138258141,0.0033265824471034756,6.755815247248609e-05,-175.0233594203005,1.6907230190141243
210_Narrow,2564735000.0,1.0094632103669534,0.001415397404210485,-157.95915091289166,0.063474195629079,0.0032983179357113966,0.00010528077386199979,-174.78112236396217,1.6729299118247558
210_Narrow,2564737500.0,1.0054407471012436,0.0010420184212089206,-158.47385187660416,0.05047368889317782,0.003349756855581386,7.850374807896567e-05,-175.78771498243051,1.0173915380906655
210_Narrow,2564740000.0,1.0024466255449418,0.0012022423124160974,-158.2697853578108,0.06552870225920363,0.003336726479470371,0.00012087997917589766,-175.34483732002536,1.8406495125946927
210_Narrow,2564742500.0,1.0053055653928262,0.0011686336402320962,-158.11672023224963,0.04909500869606756,0.003383157003986667,0.00013589998642793189,-174.96804445742927,1.9932444915887326
210_Narrow,2564745000.0,1.0088266024009378,0.0011416249200288373,-158.26800282677536,0.07396027633445719,0.0033230302802471005,0.0001049228306823371,-175.3506951989683,1.678836078450614
210_Narrow,2564747500.0,1.0150162877407851,0.0015941133647758238,-158.59204524573266,0.08504433980438453,0.0033495408780639694,8.740946438098475e-05,-176.23509309838454,1.7031526682173443
210_Narrow,2564750000.0,1.0150104310105044,0.0008824317829162332,-158.68270774730428,0.073711802106125,0.003295497907797762,0.0001289506784329033,-175.10657984833114,1.8436190044470575
210_Narrow,2564752500.0,1.0055386245974973,0.0008942271482783168,-157.79351785951735,0.08434494034173194,0.0033240135622722394,0.00011309417198968761,-174.21285567717484,1.5555833718047236
210_Narrow,2564755000.0,1.0061350929364838,0.0013098077588835249,-158.0273188933696,0.0561318013140311,0.003293905465385537,6.833170401021729e-05,-174.15020217663343,1.5142251328289968
210_Narrow,2564757500.0,1.0041134475065556,0.001061783578636263,-158.73658633024985,0.10237462540978627,0.003313688459604559,9.924662446552152e-05,-174.79411202539026,1.6417400518869412
210_Narrow,2564760000.0,1.0011159234612235,0.0008779672970793631,-158.63302614294415,0.04424635562262067,0.0033449198117902193,8.39554042613785e-05,-174.5578748413298,2.273171491118235
210_Narrow,2564762500.0,1.010770818413063,0.0011142925171721766,-158.25421357808685,0.04823491013400513,0.003320455575385351,6.92515010384313e-05,-174.74651639572633,1.6292815834297767
210_Narrow,2564765000.0,1.0082455054509498,0.001535993019633287,-158.77196330323588,0.08793991494563584,0.003280271442038281,7.875800448161935e-05,-175.34977321921798,0.9444007157373866
210_Narrow,2564767500.0,1.0097071045200292,0.0009807306062083263,-158.0077811902193,0.06540069483503462,0.003391750587163812,0.00013540907768202375,-173.89719571007114,1.551719629129801
210_Narrow,2564770000.0,1.0110294631486167,0.0008748166595944415,-158.4262521442901,0.08876610493711647,0.003290816656989923,7.503400371361394e-05,-175.0751981865088,1.248734871516909
210_Narrow,2564772500.0,1.0137264395623227,0.0009595876372345693,-158.2190927601954,0.061868767975277274,0.0033890932927532215,0.00010727833921563018,-175.51447986527324,2.1549718037297914
210_Narrow,2564775000.0,1.0049270697781905,0.0010744547078180614,-158.5505733956112,0.05714818575690861,0.003298812364637236,6.760845989857271e-05,-175.54772677807406,1.0451649315888218
210_Narrow,2564777500.0,1.0040557617310524,0.0008971594560519449,-158.70829789894853,0.058242401039746816,0.0032820662574405096,0.00010080372822745558,-175.71787706019512,1.8742121759596875
210_Narrow,2564780000.0,1.004220978222542,0.0010456482778154765,-158.20579168643192,0.0856262511630674,0.0032782500215302623,6.831388663961386e-05,-175.7271878964834,2.2648964838713117
210_Narrow,2564782500.0,1.0049315799461682,0.0014918199328129292,-158.27727743219026,0.06308864593771205,0.003306626212810222,9.082216601095535e-05,-175.59185526110235,1.343545566660499
210_Narrow,2564785000.0,1.0107257814383042,0.0009429179541856279,-158.2317303948787,0.047766163334077995,0.0033668436395113315,7.353025680767712e-05,-174.7857616837236,1.7530731714676577
210_Narrow,2564787500.0,1.0086021732973725,0.0009994086469397956,-158.31203554552496,0.06643169884628898,0.003351730256817748,8.332745988314396e-05,-174.14843621760951,1.3671195375017595
210_Narrow,2564790000.0,1.0074959535589962,0.0011252503686804533,-158.57907684568335,0.07538616484811145,0.003287020845307765,8.246089357994466e-05,-175.966374447102,1.1165416360963425
210_Narrow,2564792500.0,1.0023599799813585,0.0010313457936185517,-158.70572057003824,0.05048478037252146,0.003287209424480633,0.00010478814797014749,-175.34082036563572,2.3119406758206105
210_Narrow,2564795000.0,1.0025492280928534,0.0012675043415586386,-158.53588150929227,0.06342664738521861,0.0033288159267813684,8.630207290912897e-05,-175.22784038195257,1.2344650654639224
210_Narrow,2564797500.0,1.0021941504369385,0.0009446428340247293,-158.63885022635267,0.08381033230393556,0.0033404063398708647,7.036565064377209e-05,-175.52418037181494,1.6417441527592869
210_Narrow,2564800000.0,1.007427068833642,0.0011152151936740103,-158.23923738392034,0.0681300781568372,0.0033829467238314388,0.00011494451614136583,-174.8209179969928,1.2403663173292518
210_Narrow,2564802500.0,1.001540037402277,0.0009214022263689434,-158.4832891386812,0.05371539388937086,0.003328614748007312,0.00010661479156824927,-174.97536164780743,1.2290279719711994
210_Narrow,2564805000.0,0.9998943882053126,0.001614310010179874,-158.61216275065286,0.09794191949057561,0.0032721710651339793,9.466427058694627e-05,-175.20113962357834,2.4687079903182
210_Narrow,2564807500.0,1.0002241815706756,0.0011185902614965426,-157.91191741629623,0.07596805103345762,0.0033395623837031,6.735802627090062e-05,-175.737925068887,1.3207156091098402
210_Narrow,2564810000.0,1.011648375663682,0.0015069721683293332,-158.66647697593126,0.09277368506355622,0.0033950721453778264,0.00011149780342287183,-139.89572632617063,112.24127945840671
210_Narrow,2564812500.0,1.0090137626392508,0.001008149450004883,-158.30073356299715,0.052390294440732225,0.0033485704768395027,4.931504267503441e-05,-175.02739102255651,1.6996503293183571
210_Narrow,2564815000.0,1.0096120418260217,0.0016028139185551374,-158.30763011966147,0.08468244040766972,0.0034262611202417843,0.0001207670630219594,-175.49484430166538,1.4975122624318595
210_Narrow,2564817500.0,1.0000970829745621,0.0010974054971483321,-158.4002284524531,0.08049813753541608,0.0033497178182221405,0.00011387510255139767,-175.0462251382461,1.3144919555059762
210_Narrow,2564820000.0,1.00486307623455,0.0013409322984595082,-158.82896843225967,0.06475472500975119,0.003326955765698726,0.00011804988113304085,-176.47611133459804,1.5834701706070664
210_Narrow,2564822500.0,1.0063706412298077,0.0015558639920356062,-158.52247077853315,0.05613434703336413,0.0033251069446349982,6.856086130498139e-05,-174.57406457402664,1.3966697699025208
210_Narrow,2564825000.0,1.0124000810186615,0.001027186537527353,-158.319926403735,0.04184664609593504,0.0033856515319705136,0.00010321082153547564,-175.8422285895325,1.5090690370878366
210_Narrow,2564827500.0,1.0018098656154104,0.0006624052027318615,-158.70691305152437,0.06672554738164062,0.0033606285822272665,4.4943913528694985e-05,-175.15464519055934,1.7375316936272394
210_Narrow,2564830000.0,1.017155412378556,0.0010565747953409526,-158.3478462769145,0.07377905864879165,0.0033210851776226315,7.443811225089065e-05,-175.43582987387637,1.3620321065249015
210_Narrow,2564832500.0,1.0099642756393428,0.0014907104914945513,-158.71040704060516,0.08541296368529795,0.003349028372104908,0.00012767546309654215,-175.76538042728762,1.130673376550862
210_Narrow,2564835000.0,1.0030990472448011,0.0011545978905907347,-158.69589306521988,0.07805830964257754,0.0033750210690376968,8.072215131545983e-05,-176.03288506833582,1.4260385740221104
210_Narrow,2564837500.0,0.9999859218861824,0.0013016192817005968,-157.97172616684256,0.09326175027648292,0.003292120186500737,0.0001265445719123967,-174.78647365392192,1.6705288860279592
210_Narrow,2564840000.0,1.004554415389305,0.0012318881229048955,-159.2306858204114,0.045615688165634584,0.0033086660499907082,8.079757598970155e-05,-175.75777258089417,1.1183718826718365
210_Narrow,2564842500.0,1.004787008948223,0.0018007380960361934,-158.78771229101906,0.0916407329474891,0.003407323848294329,7.314046646453655e-05,-174.62541734674414,1.4776110553419588
210_Narrow,2564845000.0,1.009579091318588,0.0019219769949558525,-158.50938253404902,0.07705505040854892,0.003334800618568016,0.0001467170761651658,-174.98742004090647,0.8567513527022659
210_Narrow,2564847500.0,0.9989802446020288,0.0008990238301994647,-158.74207600844647,0.06209745388202344,0.003276283469092612,7.12619702435675e-05,-176.20150573418528,1.1468595904153673
210_Narrow,2564850000.0,0.9900840960600444,0.0010090178145192783,-158.48069078894332,0.08900295326669998,0.003347272825293762,0.0001030194907794841,-174.8781111101359,1.7807083491566706
210_Narrow,2564852500.0,1.007397330144356,0.0008329043393626865,-158.1206526816296,0.06557505055571325,0.0033604782052106706,7.637347368299467e-05,-174.1705438016087,2.011441810680412
210_Narrow,2564855000.0,1.00755003312511,0.00157168463815481,-158.85608673081435,0.046669503015735816,0.0033188509537840577,0.0001334360968082147,-176.71687718901242,1.5328673951810292
210_Narrow,2564857500.0,0.9975961637107003,0.0009569301639219947,-158.37248683107606,0.07983012721595314,0.0033340608118279922,6.518592974214653e-05,-175.25807006955193,1.9226043846716518
210_Narrow,2564860000.0,1.003051576968665,0.0008001975369885181,-158.13647048001076,0.05949436362575336,0.0033231431180550898,0.00010011001990759338,-175.21973764909052,1.699401826114631
210_Narrow,2564862500.0,1.0032337904209854,0.0011800091352251948,-158.53885134726193,0.09075868120764341,0.0033005106828712808,0.00011326468857348278,-175.6786007294058,1.933546793818541
210_Narrow,2564865000.0,1.0109237686825299,0.0008955321309302805,-158.6107180444706,0.036910509037054846,0.0033306127858408023,8.387754367449756e-05,-176.76863877574323,1.23980789059359
210_Narrow,2564867500.0,1.005973568508733,0.0015519980522370523,-158.71475147773484,0.06298617102343596,0.003353860435675404,0.00012727148870247872,-175.7510247549038,2.1654069019246007
210_Narrow,2564870000.0,1.005937846193362,0.001527554039232297,-158.5793392148516,0.05973861589594323,0.0033535129532593698,0.00011427597977141226,-175.3304185261418,2.193796330681672
210_Narrow,2564872500.0,1.0063281434659777,0.0013810275024875088,-158.58178296388954,0.058084462642489676,0.0033758199222227044,8.915544025247709e-05,-174.8261802332907,1.1975579188492658
210_Narrow,2564875000.0,1.0083239341306978,0.0010862870434339023,-158.71717582119118,0.0882528694987721,0.003309631220951183,7.293152682178693e-05,-175.1825417963002,1.8625854727571252
210_Narrow,2564877500.0,1.0072550427348255,0.00119080248567865,-159.14347939061633,0.06194834050542022,0.003396639220744471,9.351912150848217e-05,-174.64764162954503,1.4881862154941887
210_Narrow,2564880000.0,1.0128456784232502,0.0011619751169674928,-158.89424989533126,0.0678028586952404,0.0033411555558180367,0.00010413750905289791,-175.92223490890382,1.5750302985031446
210_Narrow,2564882500.0,1.0078082353473992,0.0011744145993755337,-158.07992299159173,0.06423104634729258,0.003347200102395741,6.530476466541233e-05,-175.85445732675913,1.9429158232501342
210_Narrow,2564885000.0,0.998539697384065,0.0013252114789779922,-158.70041264673245,0.08330986474454045,0.003358992226348986,0.00014366756455545462,-175.64390152600683,2.2658688696402023
210_Narrow,2564887500.0,0.9970054432955298,0.0010054872061616336,-158.5601888924974,0.05250440625723476,0.0032569034514009793,7.721416723723914e-05,-173.86440235773034,1.8329702012981912
210_Narrow,2564890000.0,1.0015013794255028,0.0006512535338886521,-158.29756193082287,0.052510064156423654,0.0033209198428425313,0.00010807578533498672,-175.41237495163483,1.3716280141403079
210_Narrow,2564892500.0,0.9974007029504905,0.0015073386688541648,-158.49647479163502,0.07754906769183229,0.003359420513021409,9.575425473085901e-05,-139.5794695678005,112.13931952170306
210_Narrow,2564895000.0,0.9997569138672083,0.0007919477126297681,-158.26580888077996,0.07235147212212276,0.0033731955952663933,8.808243792913226e-05,-174.53805615948903,0.7186125197323504
210_Narrow,2564897500.0,1.0031820100806577,0.001060595468039229,-158.5131943770587,0.06860246252051722,0.003330473852900545,0.00010694599066279721,-174.46082800977095,1.940636120759538
210_Narrow,2564900000.0,1.0020710281777228,0.000528335801394705,-158.6824755610999,0.06866985751770546,0.00335894731191075,8.476178128179226e-05,-140.77119304290898,112.59422863459864
210_Narrow,2564902500.0,1.003506643382099,0.0010442368791686316,-158.59480710800162,0.08141032768052331,0.0033561163384767593,0.00012650260669653374,-175.6045916516109,1.2791567124997463
210_Narrow,2564905000.0,1.002844281981933,0.0008229539894036954,-158.54250949352536,0.05840079682077563,0.0033679675390012437,9.916394781304006e-05,-175.74174545006468,1.623234373154151
210_Narrow,2564907500.0,1.0111830326105227,0.00041289330369735676,-158.72733667411947,0.06468462218536337,0.003376671692089585,9.775654848508216e-05,-175.1069561696332,1.9039298374938398
210_Narrow,2564910000.0,1.0117702815217746,0.000597076007175077,-159.0621506748447,0.07991735956262581,0.003347646402781983,7.097760324857222e-05,-175.93397483108868,2.2419550337669514
210_Narrow,2564912500.0,1.004428560199986,0.0013776491225245102,-158.86796240665447,0.04750426960375511,0.0033200096161453262,9.722371604785026e-05,-175.92122125252143,1.0638184695208959
210_Narrow,2564915000.0,1.005349280095805,0.0016725442526841232,-158.03720193269015,0.06701440903319862,0.003341782917944236,6.941220352072083e-05,-174.40979720554117,1.5523287791396332
210_Narrow,2564917500.0,1.0061310353128938,0.0006122876402361718,-158.87112077157167,0.07792936659173026,0.0033050024220592474,0.00012120495460454109,-175.3987243706113,1.036510464014466
210_Narrow,2564920000.0,1.0005519474971425,0.0015627314713356525,-158.85351255862167,0.06529394944602622,0.003317680448271091,0.0001051710419747289,-175.78033369924546,1.7714801358171077
210_Narrow,2564922500.0,1.012138201231255,0.0012214500906180422,-158.14463084604424,0.07089564881632451,0.0033143673102703237,7.98956101743841e-05,-175.64742862560453,1.1096399432374784
210_Narrow,2564925000.0,1.0018458650139974,0.0010411121766342167,-159.49515226265564,0.10400620179552934,0.003347268014527487,7.813748292565533e-05,-176.1484829813288,1.2329393278912568
210_Narrow,2564927500.0,1.0048831115058736,0.0016119856805598372,-158.70001904817522,0.05889693854834201,0.0034045674278304515,7.528869994796472e-05,-176.9832431013657,1.4889878846877684
210_Narrow,2564930000.0,1.0038139649790505,0.001178158385461678,-158.91615060013692,0.077092367098352,0.003349875436842997,9.750281035847575e-05,-176.11682367568542,1.501002827659138
210_Narrow,2564932500.0,1.0024325577557018,0.0011096686441119314,-158.83311339109477,0.06746366051481022,0.003398581561873416,0.0001297808304619524,-175.79461217817533,1.7195986276918758
210_Narrow,2564935000.0,1.009763364252367,0.0016759564353672571,-158.08358032524526,0.07771776839881718,0.0034282794188882446,7.006733155966267e-05,-174.37017496442036,0.8493990582301413
210_Narrow,2564937500.0,1.0032348555618515,0.0008913990663999773,-159.04261526394808,0.07653705918126143,0.003372017309494054,0.00011631747333498871,-175.65843110880562,1.1545469299329683
210_Narrow,2564940000.0,1.0004923030555284,0.0011214967215044786,-158.45684164526764,0.09433923859997081,0.0033216572885794013,9.539328288809253e-05,-174.8735470597932,1.334091136776569
210_Narrow,2564942500.0,1.001040438763117,0.00093689078386157,-158.61918378106392,0.08234523063093488,0.003398551893388169,6.08650466905723e-05,-174.58228692539527,2.021832726127544
210_Narrow,2564945000.0,1.0084414754996578,0.0013921292756479367,-158.85047360729587,0.061322111864096626,0.0033713586708840437,8.41320015924277e-05,-175.80917071418313,1.5718644192549605
210_Narrow,2564947500.0,0.999114320584711,0.0005792486484827013,-159.18401907477858,0.09740068087122712,0.003361043624242039,0.0001362697406326406,-175.091908018624,1.6503997524740661
210_Narrow,2564950000.0,1.0050731193215163,0.0012088207333055875,-158.6112548399127,0.07177059380732297,0.0033719980642527812,0.0001008802085805776,-175.19853705251447,1.1164409042744297
210_Narrow,2564952500.0,1.0146809903993625,0.0007785122938678683,-158.7621772755248,0.06852848350820366,0.0033194070594164955,8.467487478752445e-05,-176.2184645672843,1.1391435467099968
210_Narrow,2564955000.0,1.008002402093641,0.0010564466997669303,-158.85620659893146,0.07215091446603687,0.0033530048949381086,0.00011790799567843351,-175.57010361881234,1.631652243649856
210_Narrow,2564957500.0,1.003743607273569,0.001122113333651044,-159.01094157243074,0.07920545603231578,0.0033633606787640664,0.00010368281251295874,-176.40493534734418,1.0047732648562233
210_Narrow,2564960000.0,1.0102924052512448,0.001029851497281046,-159.07184521538935,0.06589550567865994,0.0033026784195558175,9.827158281928094e-05,-140.5003000449955,112.5858626638499
210_Narrow,2564962500.0,0.999995951235671,0.0014317732418028819,-158.2551977588946,0.060830216105712806,0.0033737780027380503,0.000115012813573419,-175.15524263102287,0.9921779369454491
210_Narrow,2564965000.0,1.0140707948883052,0.0012870874423652565,-158.8822897815443,0.07590582972818938,0.0033873325082413985,0.00010900106956987813,-175.18574245397429,1.549016950117594
210_Narrow,2564967500.0,0.9979850861063653,0.0014459402827787606,-158.80202492200533,0.08497574043215217,0.003339359792497554,9.64656268233406e-05,-140.5473051995857,112.08239677155841
210_Narrow,2564970000.0,1.0011762997588716,0.0017759268995341867,-158.6834312142684,0.09836837315262385,0.0033460189218753184,8.486893884449965e-05,-175.73090591698954,1.4483971232110326
210_Narrow,2564972500.0,1.0015651079360497,0.0010671613756673911,-158.92725415171924,0.05494925026129204,0.003367049277475655,7.428597231879195e-05,-176.44031387548608,1.9496989692543527
210_Narrow,2564975000.0,1.0118419812926187,0.0012645811141629127,-158.49887268108813,0.0787132864422746,0.0033342260959799935,0.00010789730473845691,-175.79356737646194,1.8265873549638543
210_Narrow,2564977500.0,1.0037056788965288,0.0011095830403775597,-158.96689641105823,0.08297275594973637,0.003346651620391643,8.686282297075645e-05,-175.24640669362802,1.4903845391226225
210_Narrow,2564980000.0,1.0054146009513898,0.0014195803332180948,-158.92349749126123,0.05116423727925691,0.0033929958568051583,7.745404136602239e-05,-140.8758235358247,112.54182996420876
210_Narrow,2564982500.0,1.0044216532741266,0.0011819899221896415,-158.59393820994308,0.07987771354926233,0.0034250731946738043,0.00012441682479280176,-176.18355704099488,1.3550623029390871
210_Narrow,2564985000.0,1.0067321865822143,0.0005528909714708262,-158.7432099593179,0.0537580353052356,0.0034507766229363327,9.558332650888939e-05,-175.95259756486232,1.5102572666907377
210_Narrow,2564987500.0,1.0022537422064643,0.0008900381727891295,-158.88503131321755,0.11309873445904327,0.0033409475891441045,7.959964452669991e-05,-176.36648886424848,1.7100654452427297
210_Narrow,2564990000.0,1.0011320452136698,0.001410187576063082,-158.9513205174067,0.0663933993405771,0.003348353458901125,8.249443534796465e-05,-175.76775688775442,1.218066653511564
210_Narrow,2564992500.0,1.0102807194535952,0.0007982529758565923,-158.87412327819618,0.08161857401040666,0.003383218708709954,0.00012967672659285688,-176.1648714394459,1.9754607938395867
210_Narrow,2564995000.0,1.0044270170881624,0.0009486896428463651,-158.81186556195956,0.09256565808457858,0.003368722484208336,9.650249784230169e-05,-175.94011564127786,1.4153312300093297
210_Narrow,2564997500.0,1.0015788785640845,0.0012518752889228836,-159.02722126029278,0.07656760662486983,0.0034225600820994182,8.483603405063828e-05,-140.85265784729413,112.29632900564437
210_Narrow,2565000000.0,1.0085457713175505,0.0017904428277357813,-159.22728551062602,0.07131920453849121,0.0033884713936752475,7.772248066925087e-05,-176.52456616778966,1.9639751901688816
210_Narrow,2565002500.0,1.0103312986452146,0.001095340644941785,-158.60698239144847,0.07958265609482662,0.0033676081718351687,9.320433852601353e-05,-174.71482414645354,1.0851937836455445
210_Narrow,2565005000.0,1.0016037095350665,0.0012186752796644364,-158.53764064510904,0.06828674905625413,0.0034020640440215848,0.00010406820154885605,-175.7404075472571,1.8619862126412008
210_Narrow,2565007500.0,0.9995651763536596,0.0009739728820351536,-158.81837393238382,0.04943886247742785,0.003356985206130091,7.644600977581603e-05,-176.40338923836967,1.7081698425046923
210_Narrow,2565010000.0,1.0038194086413905,0.001268554017214472,-158.37629040212488,0.09075729912783279,0.003392945575598924,0.0001183939209730317,-176.17680707241908,1.2939765189617065
210_Narrow,2565012500.0,1.0090644236852122,0.00082292850669579,-159.05725992677017,0.05164717510292381,0.0034183072450312585,0.0001285386315277081,-177.48186085258416,1.7127616498098395
210_Narrow,2565015000.0,1.0012701721685098,0.001320503499791008,-158.84923647692955,0.06336420877678922,0.0034125221485092148,8.516421059490699e-05,-175.89645262101618,1.7844505802717296
210_Narrow,2565017500.0,0.9990209169787853,0.001088610014599156,-159.06283508690242,0.08188353759793839,0.0034228783315986286,7.932894225020246e-05,-176.06789427527778,1.2459459560966482
210_Narrow,2565020000.0,1.004664593970998,0.0013984130771534861,-158.7031377347891,0.06361184715302402,0.0033893508281148473,7.073458669310896e-05,-175.63285391337095,1.4543816244788823
210_Narrow,2565022500.0,1.0032028070271681,0.0019813915900977245,-158.5177999840008,0.0702303686837745,0.003417623510946554,0.00011139746696905539,-176.24624226932502,1.3958869434814718
210_Narrow,2565025000.0,1.0095402776863474,0.0008094460522374619,-159.40664792085605,0.1014016585268295,0.0033766164316499153,0.00011976998697547173,-175.87481134169053,1.5380406355617853
210_Narrow,2565027500.0,1.0151956059379927,0.0009089605233695116,-158.79716820411636,0.07335901105184998,0.0034267201189300345,0.00011530660022662537,-175.32240916932057,1.1586725640147846
210_Narrow,2565030000.0,0.9947381041341997,0.0008510824030553374,-159.15440964145003,0.04809783604511686,0.0033510977829384098,9.69411195121137e-05,-176.02795451764393,1.1941726835964968
210_Narrow,2565032500.0,0.9932771117079252,0.0013222108252949356,-158.95347476176954,0.05064868185720003,0.0033689664869957954,0.00013677364374313576,-175.63157607019008,1.6802900638067202
210_Narrow,2565035000.0,1.0105954244617739,0.0013822733698458686,-158.83449218509043,0.0968112675807899,0.0034339968171483966,9.029672679090097e-05,-176.63162690864783,1.6806615580752284
210_Narrow,2565037500.0,1.0038354359983277,0.0010929002485654663,-158.84997503074703,0.07057514194121067,0.0034040953819851737,9.832798485322769e-05,-175.82942478371996,1.3819990131754587
210_Narrow,2565040000.0,1.004461984350163,0.0016237460263056058,-159.04504948571517,0.07407410473742543,0.003396884806829095,8.27950830119532e-05,-176.19951045247262,1.0701467112467355
210_Narrow,2565042500.0,1.0052097270952411,0.0015870362163269655,-158.9176212911981,0.09575598239124464,0.003397908345011487,9.221814944940755e-05,-176.07303398514094,0.9982934942369104
210_Narrow,2565045000.0,1.004996358414183,0.0010526980195337962,-158.92245054707197,0.083570410163306,0.003391909763980743,8.547001445980326e-05,-176.13780299096254,1.6850915010139116
210_Narrow,2565047500.0,1.0042217824649142,0.0010607563797849012,-159.1163081334617,0.06033395706943329,0.003380370293530037,9.432823863490965e-05,-175.8766195095093,0.9260516119532322
210_Narrow,2565050000.0,0.9979653835525739,0.0007853898011771194,-158.92157275675206,0.0910123558408416,0.00338249201287557,0.00010908602080688172,-176.3290600516312,1.7997729976825605
210_Narrow,2565052500.0,0.9991480561044155,0.0017901313344192721,-159.17928228849857,0.09943062390144411,0.0033990625731121554,7.362636655954695e-05,-176.45481266761817,1.6734716991219032
210_Narrow,2565055000.0,1.0060450630635165,0.0008183575388425344,-158.95249829082988,0.08132808450550034,0.0033818710574479356,7.193242435668734e-05,-140.86379301108468,112.54728332592349
210_Narrow,2565057500.0,1.005948552011545,0.0010429291428092214,-159.01172784988393,0.045933217228185226,0.0034174429828797985,8.104782709408938e-05,-176.1632785695751,1.8108337449490193
210_Narrow,2565060000.0,1.005644391768045,0.0013828375500727764,-159.10165956020597,0.06577491806649051,0.0033401396483539406,0.00012301545819687104,-176.3708396541444,1.8324706660233403
210_Narrow,2565062500.0,1.0114951017531708,0.001384863752246435,-159.33762212654676,0.05369928621865384,0.0033876328761160727,0.00013433429868670057,-140.82467569129068,112.46148496029963
210_Narrow,2565065000.0,0.9988470276086778,0.0010938703496096653,-158.5256164031226,0.07769622484435933,0.003438564284108517,9.035296064886652e-05,-175.3770640372026,2.314850370049795
210_Narrow,2565067500.0,1.005114780895942,0.001176635956799621,-159.05342880916723,0.04428970320706188,0.003434457451021316,0.00011504682434251082,-176.13120283635254,2.0598385788234155
210_Narrow,2565070000.0,1.009171237837309,0.0016457246581194054,-159.32874138864767,0.09651501012229663,0.00338402506889978,8.696686131112955e-05,-176.7102713095225,1.8389280747471275
210_Narrow,2565072500.0,1.0091389503069672,0.0009844675911049013,-159.1891397172445,0.06963401667050324,0.0034185359837716933,6.788444687401582e-05,-176.05498343954403,1.8011229761483647
210_Narrow,2565075000.0,0.9926562304104805,0.0008140947370477193,-159.0430232413868,0.08449656866011389,0.003380650905808666,8.984492571732174e-05,-140.64579407790112,112.57433099519704
210_Narrow,2565077500.0,0.9984193056041722,0.0011776333719908986,-159.0233944013305,0.04540903706904872,0.003411040828084291,7.100513009648964e-05,-177.13940798266114,1.3896938215139591
210_Narrow,2565080000.0,1.004452895424575,0.0009408971705393685,-159.40462923302272,0.07277473231644108,0.0033271244688802904,6.127069205690461e-05,-140.91052825381254,112.20470961519825
210_Narrow,2565082500.0,1.0041801767290879,0.0019055253348812602,-158.69826388333615,0.0903558104315432,0.0034302004501561203,8.97854153353579e-05,-175.98062932281363,1.3242444736591068
210_Narrow,2565085000.0,1.0050671311273671,0.0015238248238290035,-159.3395887307501,0.04917002778742918,0.0034362035321769354,7.654197315453039e-05,-140.60906552348908,112.5518807913916
210_Narrow,2565087500.0,1.0045623402770902,0.0009040353150700334,-159.65719979597088,0.07661260556061228,0.0034083761822477957,0.00010952824038543081,-176.7897108960843,0.9271991764108813
210_Narrow,2565090000.0,1.0038064138822385,0.0008410827184811988,-159.26325901522128,0.0825269279010031,0.0034573397564391798,0.0001293783246338868,-176.4293236144535,1.4494720366299338
210_Narrow,2565092500.0,1.0098425392514419,0.0012278506501770716,-159.30144933181754,0.06556243181960512,0.0033634815071547524,9.695699931394613e-05,-140.7364767615035,112.70449260348434
210_Narrow,2565095000.0,1.002188881156844,0.0010440162159709495,-158.9992529078881,0.03865724719386286,0.003478985791039133,9.32643765424539e-05,-176.4767157470296,1.1462102820724762
210_Narrow,2565097500.0,1.006710046001601,0.0009685389600370466,-158.80107012072543,0.05904337206200006,0.0034505759319757552,9.498270493134247e-05,-175.44685112170413,1.2925165369232443
210_Narrow,2565100000.0,1.0036146205547711,0.0009523946188326699,-159.29771442860587,0.03926787288488705,0.0033935863279459843,0.00012279956056736983,-176.19738389554672,2.1789495973852633
210_Narrow,2565102500.0,1.0111584285535415,0.001233167318927144,-158.91850347296517,0.05072883279831943,0.0034482363534346656,9.225724177906253e-05,-175.80670594015527,1.3952607149331522
210_Narrow,2565105000.0,1.0096108781972104,0.0012825122287100873,-158.88274502684934,0.0709444224180668,0.0034581976166182175,7.319672382361183e-05,-176.08472792912153,1.3915297562278202
210_Narrow,2565107500.0,1.0029307687508806,0.001227817804341555,-159.47314203437486,0.08298248675778115,0.003444554648784551,0.0001262911289431543,-141.4066135390785,112.89415031694844
210_Narrow,2565110000.0,1.0074182513418317,0.0008761305641684752,-159.09934058579066,0.0768170234309295,0.0033788288651453295,9.664158864757662e-05,-176.23999805352818,1.8302831379875673
210_Narrow,2565112500.0,1.0041281606279273,0.0010705162966476525,-158.93445363652106,0.03569224129588325,0.003387520521812208,9.81542966320639e-05,-176.4081311566793,1.1690680317361521
210_Narrow,2565115000.0,1.0018602768082148,0.0011598824811589784,-159.06997650057409,0.0901524756983533,0.0034432477279852268,6.258606406086321e-05,-175.06044729379497,2.2510404854510355
210_Narrow,2565117500.0,1.0116208591518763,0.0015345406546345022,-159.15733825728668,0.07242387505265604,0.0033529179128561743,7.196095000502566e-05,-140.9100247947814,112.67999945702275
210_Narrow,2565120000.0,0.9976423055631183,0.0008771648430462587,-159.52813359942795,0.06493188815430356,0.003315059084986862,5.015818166460721e-05,-176.18787462468785,2.243019118322804
210_Narrow,2565122500.0,0.9968374950395789,0.000930764511985509,-158.82794332842008,0.07877376587251225,0.003425496159491583,0.00012678400483197066,-176.58954247547862,1.3558659470069958
210_Narrow,2565125000.0,1.0054122962042418,0.0011842086839959803,-159.28261082039387,0.07836963769003558,0.003400439502699418,9.783493884818787e-05,-177.8822860873766,0.9746822272265476
210_Narrow,2565127500.0,1.0058603163048578,0.0015316734881707498,-159.1271048132646,0.07880914704816334,0.003434255580396852,0.00012950764883604122,-175.22081825761836,1.6933527932025059
210_Narrow,2565130000.0,0.9959447553858845,0.0009466827652289519,-159.37576931433526,0.060217052442623216,0.003348181329737372,7.598535690137867e-05,-141.58373140037259,112.97643675410691
210_Narrow,2565132500.0,1.014846031293267,0.0011807054672415595,-158.8840181391276,0.06589850256126273,0.0034456010846408646,8.199401682427833e-05,-176.09727410322498,1.4387159624400274
210_Narrow,2565135000.0,1.0005687295999932,0.0014107590798898397,-159.07918587941273,0.06583389569205543,0.0034251142875422196,0.00011539589041888287,-140.13606883348277,112.30886457846276
210_Narrow,2565137500.0,1.0130724984386092,0.0011173753317958851,-159.10118900636098,0.04439039450986697,0.0033739724536985235,7.667914816270516e-05,-176.2874686943535,1.108101915170203
210_Narrow,2565140000.0,1.0057500790055713,0.0012384302512826386,-159.70232626227178,0.045775057288193456,0.003439466737101389,0.00010343407668434281,-177.42042533418513,2.1205611905431323
210_Narrow,2565142500.0,1.0019530834705161,0.0009718597597244994,-159.21486622095804,0.04778579013155432,0.0033502085104541585,0.00012564278535521988,-175.5471785712466,1.421319067557212
210_Narrow,2565145000.0,1.0049697766743086,0.0012977371205573085,-159.3891831237684,0.06403447128603781,0.003407358694492439,0.00012230498260986568,-176.23213619791528,1.0406185567528934
210_Narrow,2565147500.0,0.9985935559923091,0.0008063538323740563,-159.50059303352924,0.06951497495791542,0.003389286749977178,0.00010966280115154137,-105.92984390783076,150.08951352256815
210_Narrow,2565150000.0,1.003716771616671,0.0009571479485832831,-159.30094252090043,0.05358148788392241,0.0034095318665869944,9.38725686091859e-05,-175.91852373340097,1.7221165245526597
210_Narrow,2565152500.0,1.0009990055874827,0.0011402232137116906,-159.6760764244452,0.09540717655627978,0.0033730242864099657,0.00013471215744916953,-105.53938771402136,150.2243712990117
210_Narrow,2565155000.0,1.0063371453878356,0.0009058505157737457,-159.67388492583171,0.07318126743213303,0.0035011348504072606,8.418322192069711e-05,-176.13429524245365,1.6131376553462224
210_Narrow,2565157500.0,1.006949087909938,0.0008759177643361159,-159.22201813371626,0.07358525240198258,0.003440950443229337,0.00011023372569744621,-176.58782685691725,1.3951700318560576
210_Narrow,2565160000.0,1.008663596617472,0.0013057836963656195,-159.20814359668114,0.06424937688526339,0.0034719529923845915,0.00010967559333362051,-176.11207615683622,1.847582990347671
210_Narrow,2565162500.0,1.0100350908901763,0.001593254645490235,-158.81885029608543,0.05394430360631198,0.003411122507862974,0.0001345288270503228,-175.76884724907168,1.8057826016928953
210_Narrow,2565165000.0,1.0037412988074408,0.0010337287848088416,-159.4586856734491,0.08931869716913599,0.003422304617772111,8.248605863125317e-05,-140.69213716203103,112.19383127241858
210_Narrow,2565167500.0,1.0092897505114895,0.000991521086230418,-159.4105040513918,0.07858498560421205,0.003382176541779502,0.00010092634940405768,-141.63528392912318,112.84125284036776
210_Narrow,2565170000.0,1.002218697925811,0.0008278529331971669,-159.24903457788776,0.06684884859837815,0.003463712471619879,9.775814989310704e-05,-176.34782049810073,1.6468632553140168
210_Narrow,2565172500.0,1.0048934530940359,0.001138507727029375,-159.34951211120782,0.05571671007932373,0.003369831634415637,9.492819309465413e-05,-140.863981060368,112.52843390793933
210_Narrow,2565175000.0,0.9966155189000865,0.0011528892536909823,-159.64511710706972,0.043759379854454945,0.0034182088436027136,8.521882378553074e-05,-176.56963597564663,1.8798012189329878
210_Narrow,2565177500.0,1.0030133407447022,0.0014232764534894062,-159.44264885491395,0.10738076387980076,0.0034603650527884533,7.520182894399965e-05,-141.32163920529615,112.80378602591092
210_Narrow,2565180000.0,1.0085268557001665,0.0008527311211118906,-159.7338456378729,0.08382504574137517,0.0034907118404786217,0.00010945025569808782,-176.74246261215904,1.4270734560391556
210_Narrow,2565182500.0,0.999719850321227,0.0009595209923678678,-159.54954084675688,0.06805905551202968,0.003374243926010466,5.698891166841262e-05,-176.33884780940116,1.5652593713066962
210_Narrow,2565185000.0,0.999279588129624,0.0017096362147793445,-159.1778575726726,0.06741657388169418,0.0033808697460003204,0.0001230620115939764,-175.60326240973245,1.5212447493449295
210_Narrow,2565187500.0,1.0126511092481527,0.0014745326523611932,-159.61728550101495,0.07065923682072164,0.003432967864795914,9.465205258550102e-05,-141.7064422243402,112.81883727543436
210_Narrow,2565190000.0,1.003771683688365,0.001556369045814658,-159.2736524191912,0.04544522064581483,0.003423715092592135,0.00012835589420562854,-176.66004179741608,1.540950373907156
210_Narrow,2565192500.0,1.0006656875098485,0.0008480475139619395,-159.62387858975418,0.07806437845921563,0.003390874243830934,0.00010125875564039777,-176.80708029619365,2.1152952404313115
210_Narrow,2565195000.0,1.0023962939962965,0.001121944173081159,-159.64869841496977,0.10768042316741899,0.0033956226940454895,0.0001482420016751907,-176.64765969180945,1.8012190450546526
210_Narrow,2565197500.0,1.0012760504024734,0.0013084189947608058,-159.83685868970093,0.06933413541989773,0.0033614672239387932,0.00011020256819424908,-176.65702419186766,2.423794640225667
210_Narrow,2565200000.0,0.997548007789262,0.001167066563363653,-159.09315032026862,0.08744706209775567,0.0033937569443489744,0.00012708651817473635,-176.39075698097832,1.6291351587381036
210_Narrow,2565202500.0,1.0023349532738564,0.0017327105365405296,-159.29271745590245,0.06323404000806992,0.0034128332563137342,9.539263220286601e-05,-176.81200095026432,1.3409358930334951
210_Narrow,2565205000.0,1.002676412230548,0.0010510838152122362,-159.40211136182253,0.08100848762464612,0.003377396165932513,7.808863486634969e-05,-176.49689679874558,1.4383765300787037
210_Narrow,2565207500.0,0.9998665735136029,0.0006614854980837949,-159.71929304738987,0.08256898224972781,0.0034155712038702385,0.00012130421389387988,-175.93255360630695,2.0381519516294495
210_Narrow,2565210000.0,1.0023049798575006,0.0007207786698822493,-158.95291537885936,0.06337857558847883,0.0034208757744581732,7.00433918020474e-05,-140.60016508120754,112.51376018784892
210_Narrow,2565212500.0,1.0046315027726218,0.0011382529588385626,-159.60112608511466,0.07201497832630079,0.003347645601657479,7.601616416726142e-05,-177.47396474458247,1.5179308975462653
210_Narrow,2565215000.0,1.0091015815568452,0.00072153865900864,-159.07540512372387,0.08064294734598548,0.003439668446231449,9.727182752365848e-05,-176.08070917220456,1.100616263877896
210_Narrow,2565217500.0,1.007310157288621,0.0013928745517930237,-159.60346829670016,0.06458438901002432,0.0035068287669292432,7.869623269246879e-05,-141.66778078221478,112.74722591351102
210_Narrow,2565220000.0,1.0028638777011574,0.0013884200748393118,-159.44010570447847,0.08194775991154536,0.0033776107744383456,0.00010531330022072535,-176.34968133243217,2.0037764192954546
210_Narrow,2565222500.0,1.0052537992766406,0.0009051057339341321,-159.03110415933375,0.06633941556017817,0.0034273717390686915,5.09124107067432e-05,-175.91851223895497,1.5862340010492604
210_Narrow,2565225000.0,1.0028031254039211,0.0006898915493837566,-159.37195921194666,0.09581404315887036,0.003420419543169061,0.00012632368142365962,-176.30196684042787,1.7089763402661247
210_Narrow,2565227500.0,0.9997477335793987,0.0007664495466075972,-159.55457848090992,0.08152572842327681,0.003392633682093156,0.00011279373953974208,-140.94605012648302,112.20667001553863
210_Narrow,2565230000.0,0.9960689040130044,0.0013003103285488824,-158.94969921933898,0.07210739059829345,0.0034464449020448888,8.519036855640628e-05,-140.51412971848367,112.59806178353085
210_Narrow,2565232500.0,1.0007271628641532,0.0010213684550128693,-159.0362958437684,0.06930792463481747,0.0034420311012675732,0.00012567910114919716,-177.10932951839402,1.2196206474069144
210_Narrow,2565235000.0,0.9975591095715285,0.0015126341627574745,-159.53395209490105,0.07531850408584657,0.003402200943129791,0.00010416962646988463,-177.16603369327777,1.5541062704624191
210_Narrow,2565237500.0,1.0125582620455795,0.0005619859289988708,-159.40726716940847,0.10494719191085347,0.003457823886265346,0.00011297490799111771,-176.36030308632442,1.5880676988086357
210_Narrow,2565240000.0,0.9945200074026528,0.0009728886904169116,-158.8904120888491,0.056485840410912105,0.0033699330170618067,9.942351767553529e-05,-140.5242759935959,112.50745753747574
210_Narrow,2565242500.0,1.006576238976557,0.0012927850392806357,-159.18248545973822,0.06919236888835811,0.0034313552029112794,5.002686353300729e-05,-176.64687052408973,1.7796343094009548
210_Narrow,2565245000.0,0.998090736216417,0.0009284881146915434,-159.70752948804514,0.03555529046819276,0.0034436748091522624,9.818509961725312e-05,-177.08191186230525,1.0581165999307847
210_Narrow,2565247500.0,1.0115211412736196,0.001582734233607974,-159.68412708796694,0.08057604070030162,0.0034720891641063433,0.00011175528403773577,-176.88398409272045,0.8861559085458381
210_Narrow,2565250000.0,1.001267570417114,0.0011192969917181287,-159.85303156381843,0.07361136472853526,0.0034444996316499816,0.00013181823303004295,-176.4306485667482,1.8126604364786099
210_Narrow,2565252500.0,1.0100020823298457,0.001300071525461077,-160.29359945933723,0.06864625295861014,0.0034510658082109835,7.553994092713971e-05,-176.54480051481704,1.5149007529804368
210_Narrow,2565255000.0,1.0051786596156886,0.001671185504413876,-159.36591690698813,0.09933503423929849,0.003433781349711041,0.00011131390587060604,-176.76770973744289,1.172208897358621
210_Narrow,2565257500.0,1.0046508830188179,0.0009898503040430202,-159.6300949097819,0.06597787983836986,0.003428021379528784,7.3301003860711e-05,-177.41837692649074,1.3179096228471467
210_Narrow,2565260000.0,1.0084620283572285,0.0013150680350074106,-159.35275207759406,0.04541336394759694,0.0034603023688436724,0.00012811812434330668,-176.76529670474764,1.2108540969019297
210_Narrow,2565262500.0,1.0071973453432146,0.001089702590117449,-159.37647903240506,0.06057346702635792,0.0035125739990203345,4.13396957830809e-05,-176.66714111271747,1.2887106285360863
210_Narrow,2565265000.0,1.0050394361344854,0.001058328404022977,-159.49922273992308,0.05917814256723747,0.0034156534076106738,0.00011322749306504012,-104.8617785458726,149.96457818150063
210_Narrow,2565267500.0,0.9955193584618222,0.0007654870456275871,-159.05355406368636,0.07043747030979984,0.0034266429202495048,6.757516029881341e-05,-141.06599548393538,112.69996233875317
210_Narrow,2565270000.0,1.007159813762508,0.0010278802963350291,-159.8533825818812,0.10992569638740168,0.0034376362079853416,7.441173271476715e-05,-177.53966373710597,0.9369206011543484
210_Narrow,2565272500.0,1.0179866036441116,0.0013260877212590192,-159.4152008829043,0.08899116162918064,0.003535327044943025,0.00011033377403379526,-176.46702713842515,1.2892665981666003
210_Narrow,2565275000.0,0.9933187575835033,0.0008621796952635591,-159.35279791803083,0.06614886481211857,0.003396238798733735,9.986998910608729e-05,-176.73828230172995,1.5670115182344633
210_Narrow,2565277500.0,0.9948334787600699,0.0013581454983270845,-159.90565142620397,0.0884995626827959,0.0034411305365929,5.427355530865544e-05,-176.86271583133214,1.3868390224663243
210_Narrow,2565280000.0,1.0005374576326576,0.000949561924121311,-159.31980764933803,0.10225210187464305,0.0034384392049811633,8.649042639360901e-05,-176.49576211613717,1.508950871560552
210_Narrow,2565282500.0,1.0080641078088795,0.0013561809001398496,-159.73601542649263,0.07549402659591013,0.0034411658376772877,9.706957160301973e-05,-176.86627343782712,1.957826398542344
210_Narrow,2565285000.0,1.0081880698576315,0.0011055914349147563,-159.46248754145125,0.06032973301146529,0.003494268159883905,8.396004331674432e-05,-177.1174022660547,1.2455160845664155
210_Narrow,2565287500.0,1.0048157774015465,0.0016100913843659578,-159.43500232242118,0.05717687169252729,0.003437389884962835,8.306807477682705e-05,-176.48422001204784,1.1499930273612406
210_Narrow,2565290000.0,0.9968257903677857,0.0006752320764029656,-160.14132103928156,0.0858993094680984,0.00341706324709335,0.00011206317574082344,-176.51760005205182,0.8823282186911825
210_Narrow,2565292500.0,1.005181547890508,0.0013912933444605988,-159.81965614682215,0.03184173995815052,0.003395012655354859,6.12507253378199e-05,-177.6555070161477,1.0181226603626266
210_Narrow,2565295000.0,1.0066897214949062,0.0011360387259420743,-159.4423069115599,0.06055948900109754,0.0034360299913107338,0.00011522585264762305,-140.9926566134751,112.77247586879116
210_Narrow,2565297500.0,1.0017059695377177,0.0013075155886943341,-159.7492272331043,0.0620838358035273,0.0034089489924977695,7.46023076234279e-05,-141.77812774578626,112.85652504697748
210_Narrow,2565300000.0,1.00422222856368,0.0010168719941524304,-159.31490948696796,0.083308395497993,0.0034227209955487057,0.00011144320415837475,-176.90141843125994,1.7194316702313248
210_Narrow,2565302500.0,0.9964672037339397,0.0013469171413162302,-159.68397694085576,0.09386908987971881,0.0033942373247319584,5.738044166813931e-05,-176.70436721293362,1.4870787823326885
210_Narrow,2565305000.0,1.0007618655166626,0.0010231252411938955,-159.56187345583086,0.05633904933982023,0.003461170726703126,0.00012870562453059324,-176.8051104661762,1.2841631943833314
210_Narrow,2565307500.0,1.006111101134089,0.0012617607455184233,-159.63141119515518,0.07944035506003283,0.0033916249213431075,0.00013314212879461212,-140.83947097366806,112.46973523077646
210_Narrow,2565310000.0,1.0047818390048175,0.001159314583777991,-159.57210685997828,0.04862212773759999,0.003475872660949032,8.510461928390377e-05,-141.0212896260818,112.32321214580001
210_Narrow,2565312500.0,0.9958387668659281,0.0009197234099978843,-159.46552920731438,0.05683956676154448,0.0034320248943541434,8.158159948668122e-05,-176.71592566136437,1.7519421398283206
210_Narrow,2565315000.0,1.0060328858188954,0.0015449514852562036,-159.8933970602764,0.06651744185044914,0.0034302927809288937,7.429673072667888e-05,-177.60537285296044,1.4127486840835324
210_Narrow,2565317500.0,0.9971836541941423,0.0013436071867385456,-159.8896489795734,0.06935760569219779,0.0034201772666281076,5.342514583292334e-05,-177.31722639919013,1.8596493406609127
210_Narrow,2565320000.0,1.0005409856850966,0.0009523931881172048,-159.9079373894518,0.05693401500499478,0.003417141216464506,9.715219470177066e-05,-176.69919209047072,1.0235753746601557
210_Narrow,2565322500.0,1.0027323623251403,0.0006427209072903652,-159.79212068092062,0.07545276945306385,0.0034507842312985677,9.974972306769088e-05,-176.9005078733163,1.0474274713377738
210_Narrow,2565325000.0,1.005799373701703,0.0008283571809463252,-160.1263387425105,0.05939771567477961,0.003461847613590068,6.751934158539086e-05,-104.85054988044114,149.84135583479417
210_Narrow,2565327500.0,1.0015905475334128,0.001019578502405085,-160.11037304836913,0.08900566014619302,0.00343874460350619,0.00010503345778417393,-176.92210143166793,1.3875792046587443
210_Narrow,2565330000.0,0.9982881362552238,0.0012560059264215995,-159.6281858868496,0.059232729702627065,0.0034831186658107654,0.00010698766055469716,-176.18508200487267,1.2199504055628427
210_Narrow,2565332500.0,1.00712668559394,0.000929561935618451,-159.45013748284236,0.07956040082917565,0.00347012228023778,0.00013348530921665255,-176.81951489788867,1.2481490376877276
210_Narrow,2565335000.0,1.0036112627462566,0.0008230075771815099,-159.81280436907352,0.08110526583854644,0.0034626893223995746,6.46550542616384e-05,-141.00927911848035,112.18210175901557
210_Narrow,2565337500.0,1.0063118739540011,0.0009386385052734384,-160.01167388973795,0.08978796389267155,0.0034956971119215175,0.00011067786682736179,-141.4560440142777,112.53395542693421
210_Narrow,2565340000.0,1.003029677063173,0.0011702459424028583,-159.62112668373553,0.048894373424411525,0.0034783131157501835,5.53678827558338e-05,-177.70192733606095,1.0937902781577102
210_Narrow,2565342500.0,1.0025591540688263,0.0016071522339827962,-159.723964785024,0.06911850611662078,0.0034541750275642377,9.378692928426599e-05,-177.49731108915358,1.3053645820712774
210_Narrow,2565345000.0,1.0029070174949841,0.0011956508976270954,-159.52555397601776,0.0503994204420294,0.0034421589549114913,0.00010671727005908795,-141.30064814475077,112.82380893789059
210_Narrow,2565347500.0,1.0066534119962054,0.0010541594727600436,-159.6402827925801,0.023693716723081345,0.0034435847373978524,6.697330575191785e-05,-177.43599779290125,1.2056378547457212
210_Narrow,2565350000.0,1.0043971929898605,0.001072227817159624,-160.18315577309644,0.07732665033456461,0.0035172967210249616,0.00010187065738658352,-177.70074578950013,1.5709477525006614
210_Narrow,2565352500.0,0.9955033733566352,0.0008521548422581626,-159.80395256433738,0.09664420568594714,0.0033899315508741992,7.067744087577091e-05,-176.5331250371228,1.8733596421563272
210_Narrow,2565355000.0,1.008095386768666,0.0014463166989804837,-160.059185240939,0.08061559691826709,0.003575967859265751,8.271010824581983e-05,-106.11098292954298,150.42900967595105
210_Narrow,2565357500.0,0.9965493271602514,0.0008171996220941904,-159.83847794598907,0.04481876333280448,0.003481718892412477,0.00012033705760126474,-177.079786827462,1.5146660680428565
210_Narrow,2565360000.0,1.0071565399215978,0.001680004714780373,-159.52027718702803,0.07917154072098649,0.003465520658697189,8.470424813231883e-05,-176.41723657281742,1.5379482074862136
210_Narrow,2565362500.0,1.001204232039123,0.0007342449852156665,-159.64298947783908,0.06238357269289597,0.0034068924776841244,8.128429085168084e-05,-176.3339610802108,1.7033961943288518
210_Narrow,2565365000.0,1.005803220001737,0.0011019014766207593,-159.65743839224146,0.07095619987069421,0.0034074760411800867,7.246916713032301e-05,-140.85194267210156,112.70808880626339
210_Narrow,2565367500.0,1.001902585690218,0.0016195931184879479,-160.12072052755985,0.0820045342589615,0.003387983195987475,9.008585748776737e-05,-142.28179908953106,113.0715364297864
210_Narrow,2565370000.0,1.0024268298177388,0.0013214303804792962,-159.8337911788362,0.06066352189247306,0.0033864644598494897,6.925992346968617e-05,-177.64180608428967,1.0588680054630473
210_Narrow,2565372500.0,1.0009859670727046,0.0013100914310653564,-160.00977048952223,0.11357256971648237,0.003530623233661318,8.202414395501154e-05,-141.04622301786023,112.79483318473292
210_Narrow,2565375000.0,1.0062643157518587,0.001603997905153211,-159.853666854808,0.05358975651526786,0.003565034903729975,0.00011616538341435689,-177.20220974282074,1.3246317486402264
210_Narrow,2565377500.0,1.010228506131126,0.0008085036441568123,-159.84017999000974,0.07984868529422304,0.0034995134393981785,7.524398469743725e-05,-177.0570125743965,1.0436422685627558
210_Narrow,2565380000.0,1.0010791514790853,0.0007548636919001643,-159.95060987460204,0.07930832953516995,0.0034950785428601513,0.00011131915493427787,-140.50915732765336,112.5144587347225
210_Narrow,2565382500.0,0.9997240606529996,0.0014675479994631319,-160.02364219596936,0.0453417714874576,0.003466904621376745,0.00010145937867692243,-142.0975243312167,113.10005334782717
210_Narrow,2565385000.0,1.0022454603564,0.0007793675181279053,-159.38429477800034,0.058057425254201676,0.0034859946387401294,0.00012155235407724759,-176.64505109390075,1.9322168929797268
210_Narrow,2565387500.0,1.007848918691387,0.001062939941692582,-159.8202412074808,0.05602039271046183,0.0035070493066675507,9.414654091289621e-05,-176.5919221146385,1.5221274263887221
210_Narrow,2565390000.0,1.0110797939840546,0.0013676706443824741,-159.82619683637725,0.09088968047979937,0.0034788263876079917,0.00012694448104555675,-177.3448644706969,1.076369044556021
210_Narrow,2565392500.0,0.9996046938140586,0.0011820888289742714,-159.7338278729445,0.06037486338613166,0.003430846238029654,0.000130529429247147,-176.63138768574913,1.2704730464837615
210_Narrow,2565395000.0,0.9981412700087302,0.0006929172970205053,-160.20621466729412,0.07006001342286282,0.003421904190093203,0.00011379543292289491,-176.6018384710095,1.9225117052524923
210_Narrow,2565397500.0,0.9976987931567514,0.0009914749184024142,-159.58930383208912,0.07762242705270002,0.0034258807768434638,0.0001196922569261093,-176.40669435886608,1.87307364315275
210_Narrow,2565400000.0,0.997884466807171,0.0012652605222130953,-159.97503859629617,0.05800446859017329,0.003438718741256474,0.00010320237991241243,-141.0705332072891,112.7651608741316
210_Narrow,2565402500.0,1.0085114721924686,0.0012103556971441328,-159.97993250616454,0.05076026522576812,0.0034911770199663955,0.00011015044766437666,-177.47288720087522,1.5011191599157576
210_Narrow,2565405000.0,1.001074993195963,0.001803285429640214,-159.90851625918373,0.04372095109286733,0.0034598525061125146,0.00011615395687092794,-176.58603780845974,1.4609023377550108
210_Narrow,2565407500.0,1.0000002993501138,0.00098608404990978,-159.86684594606774,0.10266101234188471,0.003447829197206586,9.068481522789115e-05,-177.75831054204895,1.2811488352240903
210_Narrow,2565410000.0,1.0059688501396704,0.0010405467403882742,-159.78242538728412,0.08004681569594513,0.0035160616475595806,0.00010502315822668872,-176.9435683529973,0.9144604875357246
210_Narrow,2565412500.0,1.0029416053184872,0.0009272036490851613,-160.01755829091132,0.05786711049781638,0.0034733147190941765,8.48897678501592e-05,-176.51837116894043,1.7326116675177181
210_Narrow,2565415000.0,0.9973823118043714,0.0008228053636524694,-159.9154592760766,0.0866606909375041,0.003492332273923904,0.00010651386644000243,-140.32280761113776,112.52445503222548
210_Narrow,2565417500.0,0.9945367983543693,0.0009757472248069745,-159.93064131969263,0.0728559415340276,0.003456020929254141,7.868357817094177e-05,-142.39007751487512,113.10607049211791
210_Narrow,2565420000.0,1.0043866047027776,0.0008929648203830294,-160.2954198877008,0.12238946462949224,0.003492109164584086,6.190271139998569e-05,-141.9750373040389,112.75273973003382
210_Narrow,2565422500.0,1.0043789257944087,0.001204478263569625,-159.9619023763104,0.05280706515364434,0.0035113048922461253,0.00010172883286397512,-177.35129663593136,1.298298274077605
210_Narrow,2565425000.0,0.9980580182077659,0.0011365210430299257,-159.56558094499783,0.08440401852163301,0.0034658618897084443,0.00010003449194596309,-177.4766022589696,1.3019303610156285
210_Narrow,2565427500.0,0.9928521451745727,0.0009109675348296285,-160.13622413827028,0.08484793614955737,0.003474231931566312,0.00013156607647968322,-141.3938547589042,112.87756336942728
210_Narrow,2565430000.0,1.000502458289017,0.0010271110426327977,-159.6623829832061,0.06335305498146282,0.0034818926641246913,0.00012737572025320218,-141.32267583593105,112.85708837464851
210_Narrow,2565432500.0,1.001674467565893,0.0013709122459619198,-159.49784550484182,0.07824736036885149,0.003531950894254167,8.656275010313645e-05,-140.8977146016443,112.53963411792289
210_Narrow,2565435000.0,1.0027949197835393,0.0007698950518293048,-160.05090090526923,0.06232945474915774,0.0034928828999593884,0.00013483383275013044,-70.71842906302903,172.37894129051915
210_Narrow,2565437500.0,1.006134609546652,0.0015468499511690017,-160.08846497564613,0.08085989737004666,0.0034974919824597005,0.00011634897080512215,-176.97831968919877,1.5434138507081308
210_Narrow,2565440000.0,1.0027817297783357,0.0012577653463623835,-160.0736233705266,0.07935998508263765,0.003486350890204869,0.00011007497876006614,-141.30431598017208,112.50130298380688
210_Narrow,2565442500.0,1.0049220544393853,0.0012449245939818816,-159.86750551902307,0.08569710448922527,0.0035333422703560683,9.870606131239165e-05,-176.50353068483935,1.574884362130378
210_Narrow,2565445000.0,0.9983799866860059,0.0008211191958484501,-159.47744636546247,0.10159886304945523,0.003524240816134654,0.00010988816799506777,-176.60642283182108,1.4410369735522683
210_Narrow,2565447500.0,1.0053862559457716,0.0013177335346199219,-160.18702625869983,0.06722076800052708,0.0034563975006025242,9.835041715602877e-05,-106.79354101184143,150.44515038097452
210_Narrow,2565450000.0,1.0027325389023987,0.0014689249840514377,-159.64442157829157,0.07868014529411993,0.003539748469957203,0.00015108372467905704,-177.63756269219164,1.8006254169882019
210_Narrow,2565452500.0,1.0058198316816562,0.0013903785415922997,-160.0542889543107,0.0736388197112876,0.0035210458587440954,8.268706661901291e-05,-177.34131012739252,1.8563891034817028
210_Narrow,2565455000.0,1.00731063369446,0.0013450026928371328,-160.0577099348786,0.06831346805245143,0.003470913451525336,6.34757995843267e-05,-178.22037895363817,1.114819846658048
210_Narrow,2565457500.0,0.9951085341118047,0.0009977718789353862,-160.2155209872715,0.06372873393576983,0.0034409962083508444,0.00012564376035813663,-177.33067169178508,1.2141988218214204
210_Narrow,2565460000.0,1.006161698092473,0.0013655383288221918,-160.07871392138225,0.0849487223186178,0.0035225238960341857,8.56319803389976e-05,-178.18492938874297,1.0821935602931756
210_Narrow,2565462500.0,0.9994862220312901,0.0010195950656450548,-159.58824412438827,0.02996709942650539,0.00352581289148073,0.00010127583684681996,-177.12022773615934,1.9937106474079034
210_Narrow,2565465000.0,1.0015883568729889,0.0014076309746839943,-159.83851393925664,0.06928891652877078,0.0035325132174057446,9.487095008613344e-05,-176.92741824866175,1.3934027800147921
210_Narrow,2565467500.0,1.011706452446997,0.0005578727794657261,-160.02301779655164,0.10724369324989982,0.003504977886385769,0.00010460493400619136,-177.69453448762752,1.1839668718070482
210_Narrow,2565470000.0,1.0002886340555899,0.001131392607472554,-159.8701313006308,0.07752413772403559,0.0034970972102800956,8.839591589896149e-05,-176.60313414945597,1.8748874432280136
210_Narrow,2565472500.0,1.006058883311157,0.0009603426574960941,-159.49919951132398,0.08963926564204183,0.003517146166260048,0.00010211400526629065,-176.9053956215056,1.4150797291601211
210_Narrow,2565475000.0,0.9999830984202877,0.0005442716117131248,-159.58141877428304,0.1004602963803294,0.0035931531270076717,8.603543335327564e-05,-176.23016979739316,1.840109081497029
210_Narrow,2565477500.0,1.0085517786151572,0.0011087277179200748,-160.54860145528954,0.07210794908764788,0.003529946783600204,0.00011828009964019056,-177.8442775756983,1.6840044449339395
210_Narrow,2565480000.0,1.0023403685578123,0.001571966787320409,-159.9324667222718,0.051976207333781575,0.0034739057234920655,7.821368001958114e-05,-177.5990926949327,1.2707222839916947
210_Narrow,2565482500.0,0.9940464711598084,0.001170794039563643,-160.06061766081936,0.07233125570147086,0.0034936355279402012,8.39587451789218e-05,-106.10356913040512,150.46653870615097
210_Narrow,2565485000.0,1.0004567822627712,0.0012283705626198026,-159.8503108559814,0.09337949480946385,0.0034782746132780208,0.0001317386687634869,-177.24361737743024,1.5616198421373804
210_Narrow,2565487500.0,1.0091330446776567,0.0008407706993171415,-159.81511613108617,0.08038195143790576,0.003507285766835893,9.901344153649806e-05,-176.77483288215961,1.6256827679007502
210_Narrow,2565490000.0,1.0018076931758608,0.0015573642160916232,-159.5815022452648,0.10201196434825097,0.0034569595268059226,7.54585215538825e-05,-177.4125312207305,1.4092461420030045
210_Narrow,2565492500.0,1.0075814512834345,0.0009931313122174394,-160.03993604779563,0.04025763081818139,0.0035063943796672043,7.210206847596896e-05,-178.161207869511,1.1160011673694634
210_Narrow,2565495000.0,1.0010169269220843,0.0007338083794937073,-160.14576452186404,0.08051454905925298,0.0035104443233005375,0.00010139735660015787,-177.02867724849025,1.3340982672960842
210_Narrow,2565497500.0,0.9986342635704379,0.0010442451806811218,-160.06851899368317,0.05540561515247717,0.0034825537013686587,0.00010000827987008098,-177.7811016074455,1.31741031107926
210_Narrow,2565500000.0,0.995572076159101,0.0015422560730416575,-160.02778715345318,0.06571192430471966,0.0035201868267048047,8.318113342045788e-05,-141.96049015301895,112.9657920183196
210_Narrow,2565502500.0,1.0000805676746602,0.001609438881952444,-160.3060409194169,0.064368723500381,0.0034617205659757274,6.441596125073075e-05,-141.9787144697451,113.04438699400212
210_Narrow,2565505000.0,1.0003882874336976,0.0008968723897232176,-160.11110803897708,0.09018534003031317,0.003476311452537485,0.00011194290657656014,-140.96736342576023,112.72018474531416
210_Narrow,2565507500.0,1.0034912739728723,0.0008290238333520938,-160.2639040491046,0.06100766669092851,0.003473632824443047,0.00011673922282109086,-141.9415395230272,112.7926256769171
210_Narrow,2565510000.0,1.0069337339480693,0.0008616984314756316,-160.3899352300675,0.061063272182299975,0.0035391691810471686,0.0001352987633923252,-141.62096334388536,112.93999330591834
210_Narrow,2565512500.0,1.0005895661203321,0.00119947412677533,-160.1077818034426,0.09031046345643375,0.0035141645065496292,9.476283996514618e-05,-142.0068067910006,113.02017659259718
210_Narrow,2565515000.0,0.9977346997795005,0.0016049247062800641,-160.12063934033233,0.08477160848092082,0.0034629787142620248,0.00010721556855405976,-177.44629148907634,0.9593031278063017
210_Narrow,2565517500.0,1.0142203006895119,0.001564133372473435,-160.46333910182122,0.05080548355265581,0.003563227571944135,8.290619332004858e-05,-177.89333421987766,1.3106572984615326
210_Narrow,2565520000.0,1.001746376292727,0.0014132293934303807,-160.17976395537758,0.0680749797100687,0.003492665395708527,0.00010032577824173806,-142.0071125985307,112.90743976187673
210_Narrow,2565522500.0,1.0047137273302003,0.0009992935249575877,-160.2358273559961,0.05889201247935392,0.003558674012331245,0.00010887719917160497,-141.87513425295754,111.82905153710466
210_Narrow,2565525000.0,1.0068120664149558,0.001466447796531216,-160.1781424653098,0.04929533245854641,0.0035772146466866066,6.906112753784967e-05,-71.11428118272205,172.8429087411889
210_Narrow,2565527500.0,1.0057566708069474,0.0008823917436231515,-159.89229834138973,0.08933372147302131,0.00356205106544697,0.00011813266102161623,-177.7564863483338,1.237480570562309
210_Narrow,2565530000.0,1.004437471028659,0.001314999149320022,-160.24347389346025,0.06736878435653766,0.0035091722226204265,0.0001005030579662206,-177.51046769724982,0.7667627056233801
210_Narrow,2565532500.0,1.005990878686873,0.0010408150124132938,-160.01550206504626,0.07323661981639462,0.003513890573505208,8.253826687209903e-05,-69.91983135796026,172.10464527995015
210_Narrow,2565535000.0,0.9986601311617876,0.0015400470988456904,-160.46524515371163,0.07981497073360204,0.0035024056740869604,9.30431793052423e-05,-142.00595225571536,113.02657751226685
210_Narrow,2565537500.0,1.0071308826310237,0.0012526247846597256,-160.2865976952869,0.06413518009237261,0.003499124572090715,6.996624303570738e-05,-141.90489140332534,112.58352231618804
210_Narrow,2565540000.0,1.0011200919642933,0.0014928510974510953,-160.48488129977233,0.048032271021948375,0.0035118154325704948,7.559466342899781e-05,-141.93698384825038,113.0506902608175
210_Narrow,2565542500.0,0.9986972988124241,0.001075676055389593,-160.44111873586095,0.09493905229587278,0.0035265047021100435,8.007790480173169e-05,-70.96425457818782,172.86462264748724
210_Narrow,2565545000.0,1.0063542616752426,0.0015109555858364761,-160.01248885159384,0.06272816383959902,0.003494735844861407,0.00011284023417149392,-141.34850282897463,112.86225334367303
210_Narrow,2565547500.0,0.9980478301903328,0.0013452294979192393,-160.24083384359074,0.06501357998304441,0.0036027527389617974,6.358158738677397e-05,-177.69475529733035,1.439795094303567
210_Narrow,2565550000.0,1.0070835634783992,0.0013547218151407556,-159.69457257632163,0.07179987148856704,0.0035314572871045944,8.81760917047167e-05,-177.00568890754622,1.6635306205116285
210_Narrow,2565552500.0,0.9936708655443793,0.0014534571099071544,-160.18489493197822,0.0715899634659901,0.003493650824141694,0.00012635965492737976,-141.6462480519301,112.9425203820988
210_Narrow,2565555000.0,0.9946270745639466,0.0005989693872400824,-160.4145258438828,0.09426503530160411,0.0034538570377646047,9.07416233293185e-05,-141.51198679089808,112.43991612130628
210_Narrow,2565557500.0,1.0031132282062765,0.0012996221795122628,-160.14163349944147,0.07432712090566182,0.003581123929168405,8.896709335755971e-05,-177.56134046131146,1.1532656054156003
210_Narrow,2565560000.0,1.0065079362648863,0.0014416922746980185,-160.6980007638152,0.06810046450808861,0.0035146264545162,0.00010626899806812757,-106.96256414636446,150.6569500378663
210_Narrow,2565562500.0,1.002677676668462,0.0014011042283171443,-160.69948260181027,0.06648578613224916,0.003539700197750496,6.206421466983578e-05,-106.72435273225052,150.61948443493108
210_Narrow,2565565000.0,1.001062445367499,0.0010090251177413943,-160.97480959206138,0.07068839723632003,0.0035413893439057726,8.764078665342793e-05,-34.86630641891479,183.82615190219758
210_Narrow,2565567500.0,0.9993440758946392,0.001245816283560738,-160.6331086030327,0.05433412270098788,0.0035366832068189275,0.00012497186077544943,-141.95341865094753,113.03565467823367
210_Narrow,2565570000.0,1.0042235872255745,0.0009840714597930996,-160.23631325199415,0.07396174286836765,0.003519730026383032,0.00010431151864149935,-106.23765550443647,150.36378199665336
210_Narrow,2565572500.0,1.0076645792336811,0.0011375874349410203,-160.58336091695884,0.05451091010918234,0.0035555542653732,9.110874173027965e-05,-106.80670179317443,150.95605650838868
210_Narrow,2565575000.0,0.9982869867754458,0.0012211849155686408,-160.26267966283535,0.03829957737725913,0.003506978831558204,0.00014000926480200811,-177.81487946136886,1.100642819717155
210_Narrow,2565577500.0,1.0092373677850073,0.0018545488794503779,-160.47495268824292,0.07416251934968776,0.0035502955306437813,8.365090759485393e-05,-71.3706074798056,172.26635218955732
210_Narrow,2565580000.0,0.9999742752418908,0.0009947732909168774,-160.51211276880878,0.0886852041693397,0.0035336006056061295,0.00010200922417751689,-106.51180145114488,150.3220263397415
210_Narrow,2565582500.0,0.9977737248696286,0.0010595298230062222,-159.90884672028486,0.07378048929260744,0.0035132622852562722,9.031070556942071e-05,-176.8959120299796,1.4780740132861603
210_Narrow,2565585000.0,1.0022675828040104,0.0013516819597519714,-160.34338133247056,0.07301509628124378,0.003551433054479605,0.00011029316074305088,-177.69226363624028,1.2817631372687344
210_Narrow,2565587500.0,1.0138674302750794,0.0008382343910356786,-159.88046786282575,0.09253362556946024,0.0035970424605558976,9.720840547525684e-05,-141.7658822251091,112.78497308373173
210_Narrow,2565590000.0,1.0014679887230231,0.0012075835030574745,-160.38492724274099,0.06275502484085105,0.0035118693988498446,0.00010458870505538472,-141.61528858448875,112.4122025654095
210_Narrow,2565592500.0,1.0002394530181897,0.0014251780409487156,-160.17585531620063,0.07868927643483357,0.0035409177081554997,0.00015010367853320023,-176.91288167109013,1.6484715038819537
210_Narrow,2565595000.0,1.0041898884420608,0.0012240879694060515,-160.49249166770787,0.05403126828755216,0.0035810320638026303,8.85822580786052e-05,-177.2768998157491,1.192324283833065
210_Narrow,2565597500.0,1.005981813093937,0.0011650179605196985,-160.16576014407758,0.11290343279359974,0.003597801389803969,0.00010627030166213925,-141.88704114097771,112.51027184927128
210_Narrow,2565600000.0,1.0041429044920323,0.0008286162637829019,-160.34815469895403,0.0609948769277796,0.003546462493659855,7.933462735181188e-05,-105.72386103307272,150.34694112930455
210_Narrow,2565602500.0,1.0033877566438998,0.001138311050895434,-160.20584657696492,0.0852921298004213,0.0035365745620579035,8.117876170010455e-05,-106.36489471563512,150.2984310900648
210_Narrow,2565605000.0,1.0005278855690813,0.0010868049301421122,-160.23054276026295,0.09143833909827451,0.003494282749984374,0.00014003797602721413,-70.81048573628662,172.47054239870513
210_Narrow,2565607500.0,0.9971959296903954,0.001298135220123033,-160.19688000082985,0.09060645624610188,0.00352154746820019,7.026328170112026e-05,-177.62142106070905,1.3898508310201316
210_Narrow,2565610000.0,1.0015033099227122,0.0012214992014665698,-160.3854137675042,0.07774240669224011,0.003483673946801136,8.148621863998261e-05,-70.71017552893589,172.09087282582277
210_Narrow,2565612500.0,1.0045159659115364,0.0007787735880295009,-160.46666174153202,0.05645740769822351,0.0036070977939937398,9.320624358284553e-05,-105.72913035238915,150.29865534504214
210_Narrow,2565615000.0,0.9963267799178879,0.001599976394572245,-160.57050108788644,0.07680831696626138,0.003588972474469423,9.918323111539129e-05,-106.54258574884074,150.12902851132023
210_Narrow,2565617500.0,1.0070657703447723,0.0010643906582503,-160.58559085282337,0.06693347330935247,0.0035262646544858903,0.00011509840408192569,-178.3194880166827,1.2370911189047678
210_Narrow,2565620000.0,0.9939101274424196,0.001411600581318569,-160.7919053716786,0.07043545084719327,0.0034854852845765394,6.965080679081445e-05,-105.77931671176499,150.30674259530633
210_Narrow,2565622500.0,0.9998547499316508,0.0014095143509419627,-160.61175057670607,0.07114127900245223,0.0035488652955299204,0.00011569216450181454,-106.74896656319184,150.3601950311925
210_Narrow,2565625000.0,1.0006511282333845,0.0006517743401295958,-159.8419239735424,0.08841056339912445,0.0035431946126790407,9.858921708607375e-05,-141.14591162815057,112.56555275140043
210_Narrow,2565627500.0,1.0062422599423149,0.0015533874807695156,-160.4125134589647,0.050414054988113056,0.0035129977949893854,6.512995737297634e-05,-178.11826343991606,1.3558391655304962
210_Narrow,2565630000.0,1.0101996781835116,0.000736683664086291,-160.47822793925678,0.06856611021426447,0.0035628495737504854,6.095655957117098e-05,-106.58375170724656,150.73749391595683
210_Narrow,2565632500.0,1.0025046024299125,0.001272890917844074,-160.51616699660676,0.07209296058122976,0.0036364513041984782,7.903285805834974e-05,-107.1911873471888,150.50001914346515
210_Narrow,2565635000.0,1.0070112618011509,0.0010913737116391208,-160.37787293609665,0.05795233838406654,0.0035240325474722458,0.00011461947364254165,-106.64178164491872,150.30398914846435
210_Narrow,2565637500.0,1.0078848090838723,0.0013008526629115001,-160.60292450802757,0.07866416586298686,0.003533585917249857,7.950493661341399e-05,-71.31933927585574,173.04592316234604
210_Narrow,2565640000.0,1.0016385898323412,0.0011927513034788034,-160.47351469402773,0.07814457765749447,0.0035410875252937625,0.00014045427373637675,-105.9385340866764,149.69981447603257
210_Narrow,2565642500.0,1.0037048055373743,0.0010295264992614523,-160.36377121686357,0.07344021040604484,0.0035280819333830186,5.7895958254025385e-05,-106.60898288601554,150.93471025317447
210_Narrow,2565645000.0,0.9987444461466131,0.0007862962925867849,-160.43241770282762,0.04820057159666731,0.003526632031737248,6.387803975037098e-05,-178.34986708350414,0.8546308159474941
210_Narrow,2565647500.0,1.002255571918021,0.001255121547794303,-160.40990123604936,0.0519378558325487,0.0035594703458032596,0.000144891600810306,-177.7655033439355,1.318703778642939
210_Narrow,2565650000.0,0.9976217827303951,0.0010709580794714191,-160.50509443094325,0.08318092755140662,0.0035850615882572503,0.00012241635686632892,-177.7587383133166,1.2938076687195654
210_Narrow,2565652500.0,1.0052936775108983,0.000985384757829462,-160.85906286020764,0.08130492895209142,0.003551745907304589,0.00010691581880952394,-106.66435412010934,150.7530968739525
210_Narrow,2565655000.0,0.9974146218625759,0.0010312452515660907,-160.46332245790032,0.0638769815055013,0.0035901865906804047,0.0001314253090608399,-106.11095235901513,150.24275841839827
210_Narrow,2565657500.0,0.9980182794301172,0.0014819608031619764,-160.4805788475166,0.057799996239606244,0.0035342580601374083,8.267371236943136e-05,-107.05687985059129,150.86733209833076
210_Narrow,2565660000.0,0.9999767459935428,0.0010470536757132426,-160.83885417129787,0.05949765319815537,0.0035738899825418866,9.260413788824907e-05,-142.29367653744717,113.14562627904441
210_Narrow,2565662500.0,1.0038050782142853,0.0010418325806158227,-160.69369386231168,0.08144975116192885,0.00358715781784373,8.897418914597383e-05,-142.35075811221708,112.90127475168228
210_Narrow,2565665000.0,0.9961520630605653,0.00110808348165116,-160.6551250003748,0.03844699743395767,0.0035666510631962114,9.983739492358378e-05,-106.45030698430965,150.85429325140862
210_Narrow,2565667500.0,1.0072024792153098,0.0009226403220710831,-160.6748331206234,0.05406969107988054,0.0036053071285717326,0.00011491100899678621,-106.72562190026034,150.99380763034225
210_Narrow,2565670000.0,1.0048431622291938,0.002155668332965502,-161.06201699666315,0.07617289771705024,0.0035655710144849645,0.0001199630183886311,-70.84517543650117,172.66670418946487
210_Narrow,2565672500.0,1.004594371202936,0.0011859106255944641,-160.68398915425342,0.07827174831323737,0.0034859142479979678,7.6756029522308e-05,-106.71322547663584,150.69698660524554
210_Narrow,2565675000.0,1.0016242081395852,0.0008482960981658908,-160.54190881605464,0.06287623888416317,0.003599480953709016,0.00011309777929030064,-178.08730825897686,1.0997544167510576
210_Narrow,2565677500.0,0.9965082210643971,0.001063437357429673,-160.76483217591448,0.08244119484960623,0.003507227854459655,9.238809041388536e-05,-70.45805520837382,172.79135201764794
210_Narrow,2565680000.0,1.0107287781943826,0.0009059326598663024,-160.75031446905135,0.07665466248721209,0.0035755738500109456,9.602112204087599e-05,-106.74251217934325,150.90695932403924
210_Narrow,2565682500.0,1.0075165282311238,0.0016280779270815007,-160.63953351746855,0.05715177919735956,0.0035666402153111724,8.0406409472164e-05,-106.71036194423422,150.54798133894928
210_Narrow,2565685000.0,1.005962982977055,0.000804296841019732,-160.10144862127538,0.07217116962619358,0.003622600203545062,0.0001053942555992083,-178.3096963245999,1.3193803772399564
210_Narrow,2565687500.0,0.9968761672759021,0.0006670462570796701,-160.52558359213447,0.04698508145549265,0.003582392975190947,0.00012420705620876568,-142.35227690109483,112.69625998161328
210_Narrow,2565690000.0,1.002960215523597,0.001080608082717781,-161.01492862639913,0.07176455589307547,0.0035668360557029218,7.174318314105552e-05,36.36184419625641,184.1627290129942
210_Narrow,2565692500.0,1.0043070353749286,0.0014480151093427224,-160.3264455907206,0.10009285033623563,0.003583302372163332,8.639399567529542e-05,-35.45695472396181,184.25069317189457
210_Narrow,2565695000.0,1.003058650172451,0.0009378953950968388,-160.58053459728185,0.060275532193641186,0.003556749001541006,0.00010922176004128103,-70.65545772944597,172.74085766448619
210_Narrow,2565697500.0,1.004078359534356,0.0008750016720460597,-160.54709328218274,0.037547024492306916,0.0035956946866590824,7.02675858075254e-05,-142.34464770436043,113.17004302434883
210_Narrow,2565700000.0,1.0028011560855947,0.0010849078051991328,-160.4061572629654,0.089490538243306,0.0035479535998464017,7.561486774714704e-05,-141.71120689822249,112.46370798774244
210_Narrow,2565702500.0,1.0012587564455948,0.0013554249310653898,-161.03235369054636,0.07517313231098069,0.0035276891279420355,0.00010544110323397596,-142.3075597769395,113.11016165674742
210_Narrow,2565705000.0,1.00625253120793,0.0006527526584486481,-160.4265298403127,0.09365756388307044,0.0035638778720599503,9.108946281116889e-05,-35.0848720556869,184.43822181778376
210_Narrow,2565707500.0,1.004568630976119,0.0010340384463467104,-160.7193399071473,0.1187715662271633,0.0035860066875121467,6.624198412029568e-05,-142.6007383233081,112.83617225548042
210_Narrow,2565710000.0,1.0006238635793123,0.0019689713617191667,-160.7025243010265,0.06698168830908334,0.0036099305281616866,0.00010106759366398344,-106.6399615731411,150.91392439050512
210_Narrow,2565712500.0,0.999338253710914,0.0014856690164673906,-160.8604378049825,0.07080500867838044,0.003563550237012333,0.00011751202042104724,-178.08429950812004,1.22538139744717
210_Narrow,2565715000.0,1.0034784872611078,0.0012312730571723016,-160.226261794346,0.061899237025782684,0.003592996129945899,7.564917482409103e-05,-106.39251842267548,150.4856679909838
210_Narrow,2565717500.0,1.0026764800978443,0.0007974513196641864,-160.87650944535787,0.04698543578185403,0.003557756768633498,0.00011489916699060364,-71.16934294435575,172.8151581633466
210_Narrow,2565720000.0,0.9950555926559211,0.0012715318275242167,-160.8949209344828,0.050509547433329326,0.003564498743981787,8.118150725212016e-05,-142.546537447936,112.95536412291115
210_Narrow,2565722500.0,1.01413757511783,0.0010610547151345831,-160.64849688327035,0.08452720734218992,0.003594467850574784,0.00012896891385932006,-141.85540945313295,112.7624389552542
210_Narrow,2565725000.0,1.0056443738898566,0.0015472246625875634,-160.7097283011903,0.10872773466561697,0.003609444411208425,0.00012658198043890065,-106.44570244155526,150.84427993738262
210_Narrow,2565727500.0,0.9951707611557195,0.0008764969548279349,-160.8570952985367,0.06051199865663436,0.0035257356151869664,0.00010529222264633573,-35.192297540193515,184.14999924795822
210_Narrow,2565730000.0,0.9989840138379559,0.0016657313507532235,-160.78879462679532,0.09416971546073491,0.003583063087602184,5.811158511967154e-05,-35.35329760215958,184.73091663009706
210_Narrow,2565732500.0,1.0042460154425328,0.0015420369205026683,-160.26629976596635,0.08014215033345412,0.003630901707668275,7.735677054498694e-05,-106.79737354943711,150.27145577149764
210_Narrow,2565735000.0,0.9938221792527634,0.0008981502076968816,-160.6859360789313,0.06336635422789444,0.0035581104265937987,0.00012293031394842302,-106.36349551894645,150.64206939866176
210_Narrow,2565737500.0,1.005233113380745,0.0007921769701689793,-160.73844649138454,0.08395200459084144,0.003616300802030584,0.00015034020185608038,-141.9804049817927,113.08706829403694
210_Narrow,2565740000.0,0.9996470119181233,0.0011582310812655746,-160.56985321045912,0.08201985081261855,0.0035327325852526213,0.00010421021953035912,-106.44452814259839,150.79166569336962
210_Narrow,2565742500.0,0.9999482158874559,0.0011623520051877113,-160.83135860214247,0.07451263501800272,0.0034135535690244796,9.618813022387283e-05,-177.77330761417355,1.0753999868077293
210_Narrow,2565745000.0,1.0089957500500304,0.0008452997247368752,-161.02980686376443,0.09005815342131308,0.0035985824248153248,7.266758519695495e-05,-70.7546993361442,172.65701746560063
210_Narrow,2565747500.0,1.0070206799398707,0.0013744035215185965,-160.46860515844224,0.06750685599206174,0.003558500594798917,7.640636300474763e-05,-106.86440866462094,151.05012474287844
210_Narrow,2565750000.0,0.9997530581462961,0.0012354952071179685,-160.2975411821117,0.06510222318688268,0.0036552953538877826,8.2538318361045e-05,-70.65624696226212,172.40838322617265
210_Narrow,2565752500.0,1.0047929919362901,0.0014946681466641817,-161.1890667407058,0.09869105894815594,0.0036190174173853615,6.762898305899326e-05,-107.3065839608663,150.7563685170727
210_Narrow,2565755000.0,1.0025369609656307,0.0012582676046281223,-160.73898399991873,0.061484601281782895,0.0035878435619175917,5.95864362395856e-05,-106.37576469802413,150.67125107391385
210_Narrow,2565757500.0,0.9994628852543944,0.0014542977226104398,-160.55520160613975,0.0770703191609597,0.003610935408377638,6.60099354418865e-05,-106.44190637712997,150.79275465808018
210_Narrow,2565760000.0,0.9964488973342007,0.0010382699150311766,-160.6816526489909,0.09686186986747142,0.003594598189457731,0.0001318224527273057,-142.09229472642684,113.05361970685077
210_Narrow,2565762500.0,1.000270794367859,0.0011617591117094853,-160.69662191617687,0.03419884983366317,0.0035496869573569275,5.272709485950315e-05,-142.28323009649398,113.12334194509168
210_Narrow,2565765000.0,1.000375155443336,0.0008797592949208384,-160.8254750114992,0.07721932334889159,0.0036268643656359578,7.971870747897491e-05,-71.4984819863919,172.99012810395746
210_Narrow,2565767500.0,1.0029532417197924,0.0013494498687097508,-160.7443697189559,0.05211739623543205,0.003620387869789634,8.65998294096905e-05,-142.65775899999647,112.58304051737628
210_Narrow,2565770000.0,0.9972607122046517,0.0008909379344582174,-160.9532686661442,0.06690083959782071,0.0035769385488216444,8.093464524274722e-05,-35.76958611709362,184.81496148327295
210_Narrow,2565772500.0,1.0012590443044382,0.0011619155913040666,-161.18391346509262,0.08971145139448453,0.003595800568643991,9.676055908896396e-05,-106.5061326567224,150.76031737002012
210_Narrow,2565775000.0,1.0036410989961917,0.001375384690404217,-160.86833020260593,0.1074471586504524,0.003641096071704281,0.00010659950469674504,-142.36676266705854,113.25078831278812
210_Narrow,2565777500.0,1.001694476583357,0.0010203123023055992,-160.94738770928396,0.08591017174402761,0.003629185661375855,0.00010216934410473528,-71.44598704031745,172.9147594614863
210_Narrow,2565780000.0,0.9973920128818587,0.0009457873376546754,-161.01949126108872,0.04696807326833873,0.0035804811864194428,6.110271051865768e-05,-35.282998188396725,184.0759105411911
210_Narrow,2565782500.0,1.0021206488200938,0.0010327020147449881,-160.87261488444494,0.029359612049812373,0.003590112373059588,9.730634293924008e-05,-71.00400811585955,172.78337965537366
210_Narrow,2565785000.0,0.9998948036419232,0.0020325883039629387,-161.1104014517255,0.061942604430960654,0.003563994713450912,9.946200302658907e-05,36.042354616208556,184.57229284628997
210_Narrow,2565787500.0,1.00641056191019,0.0013355969197836731,-160.99532719606182,0.0951580727159352,0.0036157004616150156,5.1378776036678015e-05,-35.3709381295771,184.54249878685684
210_Narrow,2565790000.0,1.000872614508359,0.0012815551182519395,-160.9389457993287,0.0614190296863937,0.0035813864426031674,0.0001070765856392668,-35.14903708162095,184.57524316026164
210_Narrow,2565792500.0,1.0039137025459064,0.0012854014441436247,-161.09553068715346,0.08234289721097023,0.0036062747577338744,0.00010644118549543538,-106.81450334878981,150.66872455427833
210_Narrow,2565795000.0,0.9976566645860012,0.0018182275076823503,-160.55793005684882,0.0780187830304361,0.0036165873354578352,6.882894515179407e-05,-106.9533466789258,150.65837439522866
210_Narrow,2565797500.0,0.9988418807946751,0.0012214451761818057,-160.88257161321516,0.10023541569944677,0.0035932947264396926,8.770550415691304e-05,-177.76330592871287,1.3223105840510019
210_Narrow,2565800000.0,0.9987250848913434,0.0010454900406628447,-161.0307968898333,0.07132651960489536,0.0035803474202999543,6.702692643749278e-05,-71.76342846960242,172.39420878136352
210_Narrow,2565802500.0,1.0074630973531737,0.0008297199069120458,-160.74424002389625,0.09399079619149824,0.00365361327837605,7.847687184543681e-05,-106.95233325508136,150.59604294845929
210_Narrow,2565805000.0,1.0010985131100516,0.0010334247046858962,-160.94724928281107,0.1094268995695565,0.0035879701625844427,8.294324827159422e-05,0.8351519396984856,188.30500963963004
210_Narrow,2565807500.0,1.003667400818015,0.0011782917969029364,-161.01787222869086,0.07032040814027313,0.0036299735740730034,3.44814432646505e-05,-0.014079877752300263,188.33626496934838
210_Narrow,2565810000.0,1.005967287069352,0.0012195330100947732,-160.7826311685691,0.07950398062043226,0.003630560120424446,8.88284532220243e-05,-106.93345635239614,150.3336397147924
210_Narrow,2565812500.0,1.0082944931954307,0.001049281830645137,-161.27542823634747,0.08374031278058094,0.003677824000676037,7.673456918326011e-05,-107.13739880871842,150.58237972709884
210_Narrow,2565815000.0,0.9985429861643353,0.0008675686733949751,-161.41074689809864,0.08392453579412515,0.003543709138242428,8.909564831750735e-05,-71.18126902692197,173.07960351106894
210_Narrow,2565817500.0,1.0026663324134002,0.0016704764395230353,-161.26064459642416,0.05910693449158645,0.0035509766354450936,8.707202238665404e-05,-142.19949564739528,113.2141416285034
210_Narrow,2565820000.0,0.9946303936302031,0.0009100197934425642,-160.47812971246674,0.08914398850846302,0.0035973027363171576,8.251353901666321e-05,-106.4025361877458,150.81126245813576
210_Narrow,2565822500.0,0.997958287265188,0.0013249478035105584,-160.83415668552985,0.053538174492720886,0.0036156166720600876,0.00011301086311973213,-106.21360794629652,150.33632811461464
210_Narrow,2565825000.0,0.9968148445913086,0.0010933288395251785,-160.91671680458606,0.07322514593318358,0.0036050722502986967,8.35604331382066e-05,-71.17194061133358,172.4208742886941
210_Narrow,2565827500.0,1.0011247660936955,0.0007639200480465351,-161.11409604141164,0.049938455137340784,0.003626368314309876,5.841158360410621e-05,-71.42872690240547,172.75167077675695
210_Narrow,2565830000.0,0.9916850091785566,0.0012052834698243115,-160.94445311067898,0.10084418754069183,0.0035896733308219916,5.394495792782707e-05,-71.11903574092578,172.88630615123287
210_Narrow,2565832500.0,1.0053960954141845,0.0010306841469301734,-161.17411546382408,0.08692123112690857,0.003622538969838975,9.105685872233868e-05,-35.68059609344291,183.95306793191614
210_Narrow,2565835000.0,0.9977002016993505,0.0007942253471712647,-160.91508061117116,0.07522799603736793,0.003617781226765578,7.35869128067803e-05,-106.56893747978691,150.80413237171797
210_Narrow,2565837500.0,1.001574607213977,0.0010635678891471807,-160.95458177507172,0.09069884278180021,0.003627715334078313,0.00010212386956013254,-71.0121349550107,172.72406648739405
210_Narrow,2565840000.0,1.010539098030535,0.0015392090264081605,-160.8494447084821,0.09294561263440385,0.003627879854411273,0.00010029843804932665,-71.18565167386762,172.76478812684147
210_Narrow,2565842500.0,0.9993683821189218,0.0007064665426385187,-161.14782355987094,0.06231249430750784,0.0036281813527892183,9.36422007560546e-05,-107.13281946114014,150.7119654246825
210_Narrow,2565845000.0,1.0049893199956117,0.0009655178680921284,-161.1421512152061,0.0885325416316799,0.003652892323892636,5.662272205208703e-05,-70.81537472583761,172.60768876110768
210_Narrow,2565847500.0,1.0050459119975035,0.0012958379194897805,-160.6900350896671,0.05097722374839336,0.0036051656588233704,8.9695512577462e-05,-34.9441733985238,184.49627343028243
210_Narrow,2565850000.0,1.0014996219213748,0.0008859487286285984,-160.72930645704213,0.09164088185883122,0.0036487875741835615,7.671501993074867e-05,-70.93146786704621,172.294237241578
210_Narrow,2565852500.0,1.004891444383913,0.0012260226747723138,-161.2685501807243,0.051454553809902076,0.0036744166391457726,9.468372135554154e-05,-106.99449185067878,150.7773167397799
210_Narrow,2565855000.0,1.0037563915410403,0.0007759578544790039,-161.2316397486204,0.0663538939737979,0.003627626605787974,0.00010765941514463082,-35.81021493526407,184.8889652055787
210_Narrow,2565857500.0,0.9993689349585436,0.0011372481421383991,-161.256091198252,0.08204528908608957,0.0036294871412096185,9.290230762384732e-05,-35.41555820359565,184.70779084742642
210_Narrow,2565860000.0,0.9956918690073084,0.0010678215018432968,-161.2512338241171,0.05306001332807872,0.003602081721623316,9.293294085338187e-05,-107.37120819285677,150.77860518314796
210_Narrow,2565862500.0,0.9974373615667796,0.0011020641177389514,-161.11171333380497,0.0671921909380563,0.00365376571463431,8.016736812677062e-05,-107.27406435955696,150.89434803198202
210_Narrow,2565865000.0,1.0019830926803777,0.0012128641705186514,-161.0756158810222,0.0781174750574182,0.0036236565196130555,0.00011263646717188746,-71.31492349818426,172.55587198800094
210_Narrow,2565867500.0,1.0051205501187412,0.001557690135630896,-161.05876399394822,0.0780431886625032,0.003619398847357752,7.946911470600202e-05,-71.07389729275309,172.2198384115515
210_Narrow,2565870000.0,1.0062490578248964,0.0012400245958365825,-161.15392715756659,0.07378462626501027,0.003673332547619314,6.591924473081362e-05,-106.64955527466056,150.6999454488886
210_Narrow,2565872500.0,1.0072268528505048,0.0012918122902536291,-160.65358046310973,0.06806345221309454,0.0036427722188762885,7.368643044220803e-05,-71.50286401940612,172.5602898860731
210_Narrow,2565875000.0,1.0005205120682523,0.0009593368913768729,-161.70863796101392,0.05775113513249856,0.0036471839029595995,0.000111478523219337,36.12772037461838,184.23432092409678
210_Narrow,2565877500.0,1.0067698781670997,0.0007547791348959079,-160.89733437088597,0.08656494728436488,0.0036755910087393102,7.07925551116257e-05,-71.44294007939078,172.24105946131084
210_Narrow,2565880000.0,0.9992620410089563,0.0010843867030164796,-161.14861661380573,0.07380286280261751,0.003635546789737718,4.6059025268199094e-05,0.5772710007374429,188.08557810468074
210_Narrow,2565882500.0,0.9977453314885094,0.0010719732351472137,-161.38513891022063,0.06513719592840303,0.0036328769185690595,0.00010402093398298017,-71.68807023872444,172.9054168554318
210_Narrow,2565885000.0,1.0009242711812727,0.0007564879145342577,-161.0772557260891,0.03921769687751772,0.0035738983878876155,7.774838921418371e-05,-35.90627167176994,184.4418896370543
210_Narrow,2565887500.0,0.9932596172042161,0.001550742039725899,-161.16436313373202,0.0809517499408424,0.003640564999323838,0.00011948960551882133,-71.27638588472685,172.55837532853838
210_Narrow,2565890000.0,1.0026348571201065,0.0013518572320265674,-161.0954487793478,0.05725488044310926,0.0037047790273229972,7.31003172771467e-05,-107.2381022582117,150.56099019737118
210_Narrow,2565892500.0,0.9969123325418527,0.0012966415227106819,-161.3216400400482,0.06342328135881145,0.003666376088178448,9.772757147367023e-05,-107.16469806865214,150.90436473300161
210_Narrow,2565895000.0,1.0009264965014415,0.0008209071123641285,-161.72975236658147,0.10122721346120692,0.0036160897472992943,0.00010388312386608259,0.5070019861988584,188.21490024008077
210_Narrow,2565897500.0,1.0103867960813575,0.0013120484027254779,-161.58449860715834,0.047969782671732755,0.003618232537771929,7.376436966155177e-05,-36.07838288291056,184.63539222216042
210_Narrow,2565900000.0,1.0039433604297519,0.0011365777523073709,-161.47877240637072,0.05016107496162609,0.003639617083414778,6.733098688914043e-05,-71.3868500728603,172.90129751521803
210_Narrow,2565902500.0,1.0107279074608086,0.0009977703964216779,-161.42643919269563,0.12424962390650385,0.0036920477137998356,9.728407819797033e-05,-107.1203435461677,151.2357230172177
210_Narrow,2565905000.0,1.0018151414421534,0.0015270579653161474,-161.2566558544046,0.09131900688567998,0.0036274870086791867,9.578050973766546e-05,-106.37197354835014,150.386099990195
210_Narrow,2565907500.0,0.9950197816721964,0.0007018929375960625,-161.0512598130894,0.07699622501300044,0.003655563427893914,8.550851678036367e-05,-106.85271834524431,150.91652545490345
210_Narrow,2565910000.0,1.000696029787587,0.0011447519941192045,-160.96059937394745,0.07086806202714147,0.003609161732145227,0.000107624299604587,0.0029016616609851553,188.42131876028878
210_Narrow,2565912500.0,1.0152389254149585,0.0009799848296613122,-160.7635690684832,0.09284026955847537,0.003696458671152995,8.065948337214952e-05,0.2666802643166051,188.73830196601816
210_Narrow,2565915000.0,1.0064481239857392,0.0011944576147679847,-161.09664681203157,0.07954415261564222,0.0037072951093113852,0.00010265514805491009,-71.42220035874051,173.23607457205622
210_Narrow,2565917500.0,1.0077190152874331,0.0012212838648882909,-161.22856477038664,0.05920026493522936,0.0036082676715598894,8.943678483466602e-05,-106.49831875479357,150.58093532189676
210_Narrow,2565920000.0,1.0125819227577249,0.0009767640982958896,-161.60036640610684,0.06308075977692518,0.003671953192444605,7.90702036122408e-05,-0.19598589527594754,188.38761628983698
210_Narrow,2565922500.0,1.001394037820183,0.0014105719412598181,-161.3866051373434,0.05896824529908899,0.0035940815974174196,0.00014853329940215122,-0.6255485927469323,188.41684908295625
210_Narrow,2565925000.0,0.9991741118544936,0.0012025349333281274,-161.62437071715834,0.06399465568151254,0.0036745087305728483,6.647519076987385e-05,-71.45053656127611,172.35840737121262
210_Narrow,2565927500.0,1.006129765706673,0.001206594902604855,-161.01809229538821,0.10876778226519956,0.003647772426435307,0.00010907205460102063,71.56625479500222,172.65275332173442
210_Narrow,2565930000.0,1.0048006887693444,0.0010527773096538097,-161.17684839079791,0.07804743773148286,0.0036093016979239713,8.8552812357398e-05,-35.6082813655801,184.90974132898697
210_Narrow,2565932500.0,1.0028851896949924,0.0009747329479169155,-161.2507999177266,0.08383401529669551,0.0036531514693591933,7.83853089483643e-05,-35.3060237120426,184.42836415795696
210_Narrow,2565935000.0,0.9946127104780433,0.0007191442709148226,-161.08482834733405,0.07644488899151478,0.0036849587168450645,0.00011276541127871068,-143.5157514880404,112.83059020270927
210_Narrow,2565937500.0,0.99930494756886,0.0008801989637714518,-161.24456553136952,0.08094467020309579,0.0036580218407528484,0.000139407382200567,-71.45370509842434,172.90206471052042
210_Narrow,2565940000.0,1.0074897982704136,0.0013746490439128722,-160.93002573627868,0.09283093245964726,0.003681827153258251,0.00012413712313110839,-71.82172689628516,172.13889204354092
210_Narrow,2565942500.0,1.001408070129596,0.0010351590849089014,-161.77019072090752,0.05211365761974655,0.00367348517829863,7.379152452025451e-05,35.77018244499582,184.89810654575749
210_Narrow,2565945000.0,0.9973136138911095,0.0009545255680740361,-161.51834497695395,0.05292715431514751,0.0036885477509773956,7.728357068302244e-05,-71.43993526364585,172.60744228891113
210_Narrow,2565947500.0,1.0081568177507634,0.0013572989951914209,-160.92256877765627,0.0833200289985605,0.003716926472862395,7.488791704362407e-05,0.16024520989285235,188.5658714944203
210_Narrow,2565950000.0,1.004637781937116,0.0010576196799018621,-161.62074019838,0.07465234751806805,0.003635428780319697,0.00010259398843713704,-0.15653937179817773,188.69843653811267
210_Narrow,2565952500.0,0.9944584467897458,0.0016281477008789301,-161.56891412379457,0.08351059203799435,0.0036750908796583095,0.00014473033872312998,0.20608008681906256,188.36015356573466
210_Narrow,2565955000.0,1.0019826345390042,0.001173092165216845,-161.61653363864704,0.06975104429110654,0.0036322525743459418,6.490413557244583e-05,71.72880403178686,171.92876791093266
210_Narrow,2565957500.0,1.0045642537514083,0.0011702089134347103,-161.0082128453189,0.10213880585969301,0.0036526990990531777,8.980778775993472e-05,-0.10493965707313749,187.92231244939535
210_Narrow,2565960000.0,1.0092024616895503,0.00186662782245454,-161.6011463509616,0.0544309204733614,0.0036197340008900488,9.411969347561462e-05,0.397817548828084,188.07998734648385
210_Narrow,2565962500.0,1.0030133268703414,0.0010596497432799929,-161.18574228381425,0.08779644108353032,0.003666287364923316,0.00010469367182083029,-71.17777124894205,172.81638530642246
210_Narrow,2565965000.0,1.0049006810384777,0.0008810089656551805,-161.4599428040624,0.0760318755517023,0.0036189839562883117,9.132087391768664e-05,-36.198186192349986,184.9534839492904
210_Narrow,2565967500.0,1.0089741682056101,0.0012308861671737295,-161.5276823240764,0.06850500751259721,0.003711726325744025,0.00011754122241235122,71.55351922743813,173.09849578506987
210_Narrow,2565970000.0,1.000119541168863,0.0011741712417726521,-161.77791238518458,0.08828578200433662,0.0036571641726751035,0.00013392051607205032,107.57334610492818,151.0876843470535
210_Narrow,2565972500.0,1.0053656427499966,0.001220402349692015,-161.15652275882024,0.0785314951455938,0.0037211557568348295,0.00010048601136263007,-35.795745386195264,185.09879961372047
210_Narrow,2565975000.0,1.0042100059123338,0.0007650729795517428,-161.65745519823213,0.07485083816660731,0.003666805367834838,7.215880639989671e-05,35.524908995447234,185.16896644066142
210_Narrow,2565977500.0,1.0051850494313443,0.001065233661815479,-160.89073417048792,0.04949063266506249,0.0037108920667809236,5.936923873678056e-05,-35.751694345560665,184.33738455961029
210_Narrow,2565980000.0,0.9983283439999362,0.001293315514451215,-160.82374756838882,0.06053222355236243,0.0036436285961151246,5.639385363634001e-05,-106.67844910386347,150.79143959920341
210_Narrow,2565982500.0,0.9951965182451329,0.0006794760227309858,-161.92175276179566,0.04967855647527066,0.0036606503398702714,0.00012148751204660149,-0.38259027575485904,188.3420409846177
210_Narrow,2565985000.0,1.0006993448472807,0.0008360326006534428,-161.61049243679946,0.085036126370059,0.0036780374637768207,0.00010645202525464431,-0.5542364907377817,188.54713184303887
210_Narrow,2565987500.0,0.9993207798781367,0.0010383577576892934,-161.59484850072374,0.0697349173470517,0.0036529535645529634,8.594734505527101e-05,-107.23060923340464,150.88610858561762
210_Narrow,2565990000.0,1.0052051272042273,0.0011173062730141672,-161.49530244619274,0.08316039288956946,0.0037239128044075586,7.066157513707067e-05,-0.03183986630440074,188.41541294510117
210_Narrow,2565992500.0,0.9974988162031059,0.001007738172775918,-161.2867792489621,0.07146407252478854,0.0036609666629839784,6.585979995879312e-05,-0.02650059842341932,188.50042601367477
210_Narrow,2565995000.0,1.0033648845358918,0.0012807704555078362,-161.40106351556835,0.07414358631937168,0.003674565518020333,0.00011181205510332355,143.36457877928467,113.3043997085049
210_Narrow,2565997500.0,1.0080536890704106,0.0014028658359518471,-161.1520838006202,0.06945682627862108,0.0037464375112325715,7.813786397143582e-05,0.038937632143355924,188.8473124944441
210_Narrow,2566000000.0,1.0045310656800583,0.0018614889427102112,-161.79495368227307,0.07663955065545182,0.0037293578936758165,0.00011639729741272439,35.56080585787179,184.7622015347295
210_Narrow,2566002500.0,1.0065678936020552,0.0013532735937303848,-161.9345651434238,0.090427444758276,0.00369010808515586,0.00010357526969147474,35.20133098978255,184.24319976813265
210_Narrow,2566005000.0,1.0061542676006867,0.000833525013981059,-161.01520428775115,0.07210248448259363,0.0037707459306228217,7.834432686142524e-05,-71.4594452650299,172.84092990346952
210_Narrow,2566007500.0,0.9990909626997536,0.0008985172928694824,-161.73260287848865,0.044851165087303635,0.0037249711248620062,7.080616607532461e-05,-0.2994618195874438,188.50001653523546
210_Narrow,2566010000.0,1.0069128839088246,0.000995336257626726,-161.50707427066993,0.0713164292986796,0.0037163818435894873,5.9549777453246145e-05,-35.88049433879731,184.164731727457
210_Narrow,2566012500.0,1.003013475565965,0.0012633709187874504,-161.61487506848658,0.07085179089833046,0.0037407535782210226,0.00010239812186852407,0.20181864583142328,189.05212334255756
210_Narrow,2566015000.0,1.0056397651609097,0.001216494180765687,-161.8716992156846,0.08220992466953006,0.003735721079261366,7.151788034517504e-05,107.17615781179454,150.92331004274752
210_Narrow,2566017500.0,1.012786462533475,0.0012399175612336213,-160.95511997735974,0.08593333202356263,0.003723579076937789,8.487609000116442e-05,-0.36214045477395584,188.2965389475257
210_Narrow,2566020000.0,1.0023376745283323,0.0007781938279717032,-161.67961626919802,0.07763255696694549,0.0037073688385892535,6.990539347056405e-05,-107.70520293722555,151.01142671174736
210_Narrow,2566022500.0,1.0066920477708035,0.001184098569906914,-162.34294443507915,0.08205010788080087,0.003655227495325482,9.044521259893015e-05,142.28016592603151,112.727001803731
210_Narrow,2566025000.0,0.9940578813486266,0.0013178435976657233,-161.43493197431786,0.05579255521109613,0.0036774433989455657,9.071992128783454e-05,35.78704736563966,184.79090411608962
210_Narrow,2566027500.0,1.0156906361540208,0.001296051483883001,-161.26146165438016,0.10270158733965397,0.003749049706687177,7.337549412598742e-05,35.430153574356005,184.7189816236148
210_Narrow,2566030000.0,0.9995805508670705,0.0010991221048173635,-161.60707740722518,0.06834904378782948,0.0036383781971856817,7.444363943724892e-05,-71.69981616550042,172.28366851181895
210_Narrow,2566032500.0,1.0020482458961268,0.0010748884726545825,-161.49534020718087,0.06453890252034349,0.0036675193867807465,4.8069751967165615e-05,-71.51903197583985,172.91185893937885
210_Narrow,2566035000.0,1.0044005214042095,0.0015674971418681493,-161.52092708523193,0.05983376040192217,0.003736801647418468,8.34948250601638e-05,106.9408958277316,150.4280376783027
210_Narrow,2566037500.0,1.0045552028954465,0.0016701000147460285,-162.3682724194021,0.06004941927386319,0.003685232417282273,8.74958723306525e-05,107.41979697622672,151.17008928831996
210_Narrow,2566040000.0,1.007494217688708,0.0014671903525038954,-161.44361300946377,0.1076949774966482,0.0037929808069154013,0.00010336483094923475,-0.2037068192637804,188.97612376422487
210_Narrow,2566042500.0,1.0072920369929337,0.0013516437425756696,-162.13736124061964,0.06833001165789405,0.003683046988909119,0.00013694700999250907,71.32904450710103,172.59274838441033
210_Narrow,2566045000.0,1.0056036184301516,0.0012825232689845964,-161.40754199075786,0.09003570751169546,0.003682442943955701,5.299979416762038e-05,143.105183741468,113.09411764976225
210_Narrow,2566047500.0,1.0091706181309144,0.0013352571476367028,-161.79888873498467,0.09028930125880676,0.0036855041874357896,8.069696780287453e-05,142.59404649893668,113.3474544524194
210_Narrow,2566050000.0,1.0081009087445312,0.0010154695592928338,-161.56626954513112,0.10868402175746097,0.0037203766175628768,6.595806201171582e-05,-0.15035671998069233,187.57418760874305
210_Narrow,2566052500.0,1.008617735284017,0.0010716276679964467,-161.7195505050573,0.0793301159097125,0.0037121995099546473,6.799193181191928e-05,107.15326449025459,151.08687680908767
210_Narrow,2566055000.0,1.007571897921727,0.0009663414427451324,-161.21412837349342,0.06927840531471126,0.0037524387579388114,0.0001200439200173801,-0.10777255371641274,188.77687738700197
210_Narrow,2566057500.0,1.001157384536823,0.0013747374102440286,-161.91876875175308,0.09122322084519625,0.0036989124473015313,7.347916213066503e-05,106.96581014407305,151.13440420472784
210_Narrow,2566060000.0,1.001107297832035,0.00156510765742386,-161.76202803038672,0.05485728940882634,0.003725459885553636,0.00010224957248358655,-0.409907947503865,188.67501955667055
210_Narrow,2566062500.0,1.005044186157713,0.001184111071247476,-161.4809462283018,0.05952322284217922,0.003710704514770582,9.258706161893176e-05,-0.31781278524119044,188.60532005197115
210_Narrow,2566065000.0,1.0057276644178392,0.0008374896990529549,-161.68561789005113,0.06834445678495572,0.003655027900657191,7.367122684292013e-05,35.62255723447329,185.1282291342903
210_Narrow,2566067500.0,1.0109833801298445,0.0015001034701140668,-161.5644826694782,0.09903891407692436,0.003743073481465539,0.0001029866018300383,71.40742500496837,172.77211265776523
210_Narrow,2566070000.0,1.0000239035098084,0.0008251747052674234,-161.88934472149754,0.07310103494076026,0.0037289507689855957,0.00010158842060026466,-0.3492761021121737,188.2493904951999
210_Narrow,2566072500.0,1.0030425589806613,0.0006884587350774625,-162.14121399020263,0.06221954107939951,0.0036705630217135857,6.779293034936224e-05,106.89692071314475,150.82152275788198
210_Narrow,2566075000.0,1.00110253295807,0.0010294841425997174,-161.96233860015516,0.06425259553064326,0.003716041189819205,9.982129871086064e-05,107.52003742203871,150.72293650435148
210_Narrow,2566077500.0,1.0023273261200332,0.001380240124609009,-161.32129210736025,0.1033670948091082,0.0037802057623598485,9.677250182754275e-05,-35.99489578473518,184.81357211501387
210_Narrow,2566080000.0,1.0020765999886143,0.00146788351152203,-161.5751276156361,0.10912181784335158,0.003743112991208385,7.527675923042956e-05,-35.8208429401281,184.83289206827587
210_Narrow,2566082500.0,1.004238733987724,0.0006665381308238325,-161.92926146174065,0.08144147364917591,0.003702774111814641,9.175697557554181e-05,107.22741050464461,150.6415187649463
210_Narrow,2566085000.0,1.0053307956440598,0.0011996022814909197,-161.62821181296275,0.07930993017053692,0.003758832695626094,7.383525393902657e-05,-71.7473653868646,172.9309177466112
210_Narrow,2566087500.0,1.0097370007754174,0.0008678419767302934,-161.8173043889814,0.08934653156321515,0.003776700923592923,0.00010029579078633107,70.9156308827786,172.9198772355462
210_Narrow,2566090000.0,1.012662095760872,0.001599237464053186,-162.10993709368654,0.0359672069579395,0.003756105492674544,6.453626218014286e-05,178.46516420872476,0.8789981679512702
210_Narrow,2566092500.0,1.0099816610505614,0.0013373501944854698,-161.65623585227382,0.08741838869249957,0.0037781884242835784,7.819113247241899e-05,35.71671121983744,184.1743056975338
210_Narrow,2566095000.0,1.0040235542552927,0.0014150863216892213,-161.96441209901863,0.06519890315750797,0.0037170993666300178,8.696814150854949e-05,36.162805684910026,184.8866546737078
210_Narrow,2566097500.0,1.0015744722192104,0.0011073418922325085,-162.16564293268485,0.08264881205461434,0.003717106533840667,0.0001260252466566954,-71.68080132264863,172.8822844226746
210_Narrow,2566100000.0,1.0015788095688762,0.001369692388638333,-161.68671732854762,0.07195935688563079,0.0037365899105831065,0.00010007699350265143,-36.099070453988475,184.43057083800124
210_Narrow,2566102500.0,1.0030022164962267,0.0008100852500594661,-161.60259187423284,0.05738578318176133,0.0037718801210792114,6.597473434893995e-05,143.07558239913521,112.47857956856431
210_Narrow,2566105000.0,1.004104834940066,0.001207957456548789,-162.09983519791137,0.09938820908527,0.0037626022509835502,0.00010850050672860453,142.78571435523466,113.25370995128954
210_Narrow,2566107500.0,1.0034999498093404,0.0011825260930746248,-161.60098891736658,0.04692279563270162,0.003781316350020079,9.156476943007596e-05,35.288002257646625,185.03866911314284
210_Narrow,2566110000.0,1.0125367204245046,0.0012737879416001012,-162.04464163582352,0.08921595910993677,0.0037663147507272093,6.046127816163674e-05,177.99372096773817,1.4077202582421018
210_Narrow,2566112500.0,1.0020135627694913,0.0018909761562040375,-161.57748769377895,0.053963662401496026,0.003771156231278802,0.00010210008854986998,71.16226479658235,172.6880298910043
210_Narrow,2566115000.0,1.0006563928222791,0.0009320122709273264,-161.84962094053225,0.0901508670357819,0.0037168347649274686,6.964115374320852e-05,35.70400339659996,184.47047320332578
210_Narrow,2566117500.0,1.0013673973218276,0.0012593236237064124,-161.8947542320934,0.059154311447037033,0.003734748945669204,6.393802231104168e-05,35.53984966293016,184.79301158471426
210_Narrow,2566120000.0,1.0045727283669785,0.00124134511179387,-162.12972120870631,0.04827598967812952,0.0036983911042686424,0.00011759919510056207,106.6671737359144,150.62661440102437
210_Narrow,2566122500.0,1.0099571562689351,0.0010934895612318683,-162.0101233180827,0.08711225633441275,0.0037286564072910758,5.363770539401054e-05,142.03434983073322,112.90274407905886
210_Narrow,2566125000.0,1.0050716197672898,0.001601429292764418,-161.61179734562705,0.06354893878141873,0.0037621458111957297,0.00014253220527022392,35.906507292458365,185.04666451922503
210_Narrow,2566127500.0,1.0103472864644147,0.0009438252522927655,-161.52095483242616,0.06187736970190926,0.0038022660509780546,7.090740954312435e-05,-71.79254847601614,172.49607313928368
210_Narrow,2566130000.0,0.9946998363717732,0.0008635924914326297,-161.89917061079538,0.06038112837815638,0.0037684168769257197,8.541457210743267e-05,35.1933740487045,184.64682085750442
210_Narrow,2566132500.0,1.0007121759413733,0.0010098952730058124,-162.0269320266132,0.06374150449250356,0.0037513716286868507,7.717987800152752e-05,-0.06017967001801594,188.45879626030415
210_Narrow,2566135000.0,1.0008333879804732,0.0011634623068821398,-162.08559660651866,0.07477423937630696,0.0037612561087093403,7.024268259695424e-05,35.67680144988803,184.35830732734115
210_Narrow,2566137500.0,0.9998224443925517,0.0009630953792641175,-161.81135375002958,0.06609160769372927,0.003802257672804991,7.022720695554525e-05,35.501151927856085,184.49181412476943
210_Narrow,2566140000.0,1.002911635940151,0.0010427794169674304,-161.93040369609167,0.07474480793886334,0.0037853573153769334,9.09606447934862e-05,35.19275930556441,184.79574215517314
210_Narrow,2566142500.0,1.009059447434504,0.0010929961035416485,-161.94956326387128,0.06326301268650009,0.0037965719278872066,0.00010808795302310649,71.03398751988969,173.0286392500125
210_Narrow,2566145000.0,1.0081096294182248,0.001187446179769805,-162.11789324147543,0.09261127233209766,0.0037722675067385285,0.00011211195902391743,142.7875861366063,112.48376717068899
210_Narrow,2566147500.0,1.0056125436217722,0.0013527454230830864,-161.56805937578372,0.0587642891588004,0.003763515754003578,0.00010976010334975836,-0.5039004758742294,188.3851689918047
210_Narrow,2566150000.0,1.005865917308136,0.0014754596515216636,-161.9207542097184,0.07327800982334001,0.0037207377014919284,7.78867126345363e-05,70.53599642414441,172.6121357037386
210_Narrow,2566152500.0,1.00264917072274,0.0008785753667538394,-162.19352664422772,0.059971982429557716,0.0037326700579258286,0.00010710533631313106,71.45847013389069,172.4605548620237
210_Narrow,2566155000.0,0.9999291335891269,0.00111169309532736,-161.43599424363254,0.05231116854675706,0.0037606215059343157,8.657248853196812e-05,35.371767776933794,185.08668536258526
210_Narrow,2566157500.0,0.9988537717574699,0.0009696264393750894,-162.02825511354425,0.07536853218939595,0.003798725239602144,7.504186643657378e-05,107.12381769306953,150.72821003016392
210_Narrow,2566160000.0,1.0107416667176872,0.00137255856666769,-162.2082753100713,0.07466522143055448,0.0037956819428181135,5.3669743699917856e-05,35.00810703903275,184.20833337316313
210_Narrow,2566162500.0,1.0059776338222726,0.0012514212719194314,-162.0192743809927,0.06962210960622774,0.003736326655076423,3.7904196979494505e-05,71.4802440877694,172.93096151096057
210_Narrow,2566165000.0,0.9990980318316203,0.00140885903016065,-162.22989860301328,0.10201598878958924,0.003741378614742944,0.00016642208787558233,142.54082287139255,112.77283013024824
210_Narrow,2566167500.0,0.9918659044193223,0.0014331598210227507,-161.74611357957397,0.06057369463679626,0.003768580504949012,9.787742351383382e-05,106.86222987683213,150.9278201478684
210_Narrow,2566170000.0,1.0035022391765076,0.0013305366297388184,-161.5821544496049,0.07680426813142664,0.0038112386032453024,7.004037964263715e-05,35.20974444410733,184.84444061186855
210_Narrow,2566172500.0,1.0072416662154975,0.000993988287641528,-161.9419981348368,0.06907802476764222,0.0037716403821584058,0.00010314339663519619,71.1748690122215,171.65980997251503
210_Narrow,2566175000.0,0.9981631276232719,0.0009762321306227618,-161.75685692321088,0.07019287024815003,0.003740906915200347,7.569516376849466e-05,-36.602869598159096,184.69427329539144
210_Narrow,2566177500.0,1.0044922766883535,0.0013855090862413871,-162.06291028468854,0.10456346650906537,0.0037965135931213203,7.41782356620455e-05,70.72917979364134,172.65466255624204
210_Narrow,2566180000.0,1.001353819739675,0.0014552820951659613,-161.8418218683039,0.06369906918157754,0.003704245215943805,0.00012624212048691424,143.27818102317448,113.45337773697801
210_Narrow,2566182500.0,1.0061162486920816,0.0017655095546073609,-162.2310354771159,0.07286759255936008,0.00376538385736045,0.00012301082379358516,142.3014833244124,112.82395743397028
210_Narrow,2566185000.0,0.9924579209572443,0.0010774626499217654,-162.39211900258746,0.08386473331496962,0.003792375111956709,6.862885806844505e-05,142.45401683082522,113.16315230734037
210_Narrow,2566187500.0,1.0011787523301463,0.001133185153268511,-162.27310088213636,0.049669944584349576,0.0037796861722072563,8.290256582822519e-05,105.72133532322111,150.4173479715305
210_Narrow,2566190000.0,1.0074474341098634,0.0009856092542611832,-161.83437918078883,0.08286817639134668,0.003808250836276389,0.00011207664000624902,106.84606322139378,150.52601845965347
210_Narrow,2566192500.0,1.003560809742263,0.0011446292542302413,-162.1118114352098,0.07812671727593172,0.003710881066860688,9.765748246954059e-05,70.62825781267216,172.44265472323391
210_Narrow,2566195000.0,0.999136152781946,0.000803912755496143,-162.28583679153107,0.055997689497223745,0.0037346948285398945,9.664951461729939e-05,35.57229698790901,184.53341041841207
210_Narrow,2566197500.0,1.001634099530809,0.0012870125150737746,-162.2747198347935,0.06621390965126159,0.0037550254240458045,0.00013381769346522014,35.129562360751116,184.5935126262062
210_Narrow,2566200000.0,1.00045333271763,0.001425748664307425,-162.14798587934033,0.10102703475729162,0.003729092630111937,0.00010474807619823345,141.97546667282654,113.12200964148265
210_Narrow,2566202500.0,1.002474474707923,0.0014120754562089782,-161.90994480238538,0.11184331651129113,0.003800541916670232,0.00010605644415052197,71.51567398015536,172.92708622147197
210_Narrow,2566205000.0,0.9978113340101569,0.0009336664706316113,-162.46654580373976,0.07461111204149366,0.003770782949481073,9.185916809956068e-05,107.1215527566771,149.93703705523095
210_Narrow,2566207500.0,1.0065439040264577,0.0012503487428421147,-161.83603629251147,0.1055943781783187,0.0037730730288685088,9.002026169106072e-05,71.47184096795024,172.5593138630738
210_Narrow,2566210000.0,1.009657014133341,0.0013878036843211373,-162.14723418976223,0.13831789822665175,0.003783315661562841,0.00010461509518287975,142.35761177939543,112.87261071328999
210_Narrow,2566212500.0,0.9969356250682869,0.0010203273274943044,-162.30734418521874,0.09386285530140694,0.0038360176743388054,7.579015300627663e-05,107.32244610662951,150.86367280060324
210_Narrow,2566215000.0,0.9986571684952917,0.0015805964625185238,-162.29033456234112,0.08079608824431427,0.0037417103694578316,8.641918176031841e-05,106.97806244859764,150.32082045867156
210_Narrow,2566217500.0,0.9952608491098953,0.0006974315059065991,-161.79586374124614,0.06790277040961472,0.0037828080320069426,5.8925160441684754e-05,71.19438236528997,172.6465679019973
210_Narrow,2566220000.0,1.0033090194771828,0.0014811096283267738,-161.9806449623314,0.07651162136288757,0.00380096617445963,0.00011638684999728571,71.02074923710346,173.00130962824957
210_Narrow,2566222500.0,0.9970763548697251,0.001112571053285587,-162.0462466641268,0.09024265790814986,0.003725051029910726,0.00012942246630560204,142.3665122153533,113.12643931166025
210_Narrow,2566225000.0,1.0048839657690403,0.001059583921240589,-162.27089579985702,0.09395790948265079,0.003795714465530327,7.408090446622642e-05,142.64799693727994,112.68735337520766
210_Narrow,2566227500.0,0.9982607830389446,0.0015563235292840002,-162.18302916839153,0.06302594635867668,0.0037289384542783946,0.00011362585694536181,71.6504924922175,173.04831819446812
210_Narrow,2566230000.0,1.001869425058272,0.0008844832662229444,-162.70230493936694,0.04905572139758725,0.003761522050807713,8.758331709251863e-05,177.23686891731822,1.4454421483369033
210_Narrow,2566232500.0,1.0082714728545874,0.0019565987747169576,-162.00254438430395,0.07902458306768409,0.0038499638675640667,0.00010608723476629527,107.36805218445409,150.64987874613277
210_Narrow,2566235000.0,1.0050444118566046,0.001427864959437286,-162.22415393079882,0.0671802831524606,0.003773376070579609,8.407417319155587e-05,107.06775979857704,150.82936183648826
210_Narrow,2566237500.0,1.0084571549375552,0.000741387361134587,-162.2517031952857,0.06777146624620518,0.003829407950126787,0.00011064426398802841,178.47515265909934,0.9097152496134502
210_Narrow,2566240000.0,1.0001590773469364,0.0009684580322963846,-162.21176101398493,0.06991822734809354,0.0037404030820335295,0.00011504484924780818,142.02470309792577,112.96766557821125
210_Narrow,2566242500.0,1.0082149254052817,0.0010635334534237128,-162.38704096432073,0.0818860589914328,0.0038841811807972786,5.204832757991966e-05,177.97768859996467,0.9597708226571194
210_Narrow,2566245000.0,1.0047221410170433,0.0007196853939369786,-162.20211710260568,0.05053146641192418,0.003830639555829807,0.00011071182082630499,142.49144803967107,113.13189077113468
210_Narrow,2566247500.0,1.0037093046427852,0.0010082596929852138,-161.77211585042338,0.08403972699055338,0.0038491483468621706,8.343867432240141e-05,178.0644051390938,1.0302897353794171
210_Narrow,2566250000.0,1.0061396502557824,0.0012795983190216867,-162.34352544910035,0.057533650773571705,0.0038754811437619113,9.966875585954658e-05,106.5730001890492,150.6808296520876
210_Narrow,2566252500.0,1.0089444496663502,0.0010976096717119222,-161.99268086621368,0.09046390404385539,0.003752252183661319,8.398649801159262e-05,142.23623179955285,112.79011774010921
210_Narrow,2566255000.0,1.0055225438436735,0.001023422841943521,-162.4342408796794,0.05842375207982701,0.003831584021810586,5.096469449469583e-05,141.90915546761704,112.03672539635004
210_Narrow,2566257500.0,0.9998039532882449,0.001202640694717217,-161.99707701479258,0.06098554780987108,0.003816572198793716,9.501746103290075e-05,142.1891310678342,113.18424053569174
210_Narrow,2566260000.0,0.9986274617675308,0.0010505752587381802,-162.0065243924374,0.07140157874586817,0.0037731741104623296,9.021233209655572e-05,106.79128028261333,150.35689012667956
210_Narrow,2566262500.0,1.0023004170165417,0.0013981693070892654,-162.216753685273,0.05588260597123464,0.0038063050201487775,9.179204065822214e-05,177.8751661786472,1.7140826916875604
210_Narrow,2566265000.0,1.011346008981216,0.0012977337274719682,-162.61284095353943,0.051666428618216784,0.0038238379148281968,0.00011471486976233114,142.67963735278096,112.72638999194515
210_Narrow,2566267500.0,0.9971437502053024,0.0016295754403653864,-162.48291090363853,0.0658141997213425,0.003796922480766648,8.503384218927878e-05,142.1374110346463,112.66138427840501
210_Narrow,2566270000.0,1.0006257273708827,0.0012353713564961053,-161.97792120744927,0.10934237515588356,0.0037843802117479815,6.458623833397138e-05,142.28463825434474,112.86444019973186
210_Narrow,2566272500.0,0.9987713579116154,0.0011307657519204458,-162.1516833780894,0.07715745464171574,0.003864187718125267,0.00010005956371496221,142.5914150520971,112.86013745121839
210_Narrow,2566275000.0,1.0013165004048328,0.0017338430136774512,-162.64151667787883,0.06744818091822787,0.00382381702876983,0.00011269658120085682,141.30810643272164,112.86297796559106
210_Narrow,2566277500.0,1.0012908163243872,0.0008287556972675322,-162.40521294369535,0.0854248980920465,0.003811336613860663,8.79603909590236e-05,141.909924329917,113.01306325481335
210_Narrow,2566280000.0,0.9968167349555488,0.0011798809978376724,-161.90340939539664,0.08077124815739282,0.003843211047100244,7.076275414579633e-05,106.48465035500404,150.91224648171885
210_Narrow,2566282500.0,1.0016633218084894,0.0009742017557391723,-162.20787303328132,0.04704606578988322,0.003842623968691706,0.00010535387875607601,142.0178290772879,112.72766065999636
210_Narrow,2566285000.0,1.0119329719311916,0.0015311370723903892,-162.3134664633195,0.08372995411268487,0.0038620437928596797,8.484437361201373e-05,141.97616255962356,113.05365198931288
210_Narrow,2566287500.0,1.0011516590620926,0.0012816382819332323,-162.65502496293902,0.09042219770120924,0.0038076331167631143,0.00010708123898519786,177.94044305031184,1.3868798848507495
210_Narrow,2566290000.0,0.999058383084942,0.0008453203364113026,-162.60272439051187,0.06796811969031417,0.003794811285733491,0.0001051947944698391,141.85041984258956,112.98372011036486
210_Narrow,2566292500.0,1.0009494673816652,0.0016974279072808603,-162.2199375618439,0.050642609444262514,0.0037761385577933853,4.080272034426665e-05,106.55850475310501,150.4875431105633
210_Narrow,2566295000.0,1.000901742744316,0.00060724333187334,-162.461710809931,0.10129403949120325,0.0038669580479669097,0.00010764578554463108,142.26928189674686,113.19263416324807
210_Narrow,2566297500.0,1.0039365298524898,0.0008795280930212493,-162.39700936881835,0.10201806522417063,0.003828903240027585,8.397849650587504e-05,178.22867873371496,0.8374025401394766
210_Narrow,2566300000.0,0.9934414557422685,0.0012051827209963218,-162.62292913717692,0.06993707925566803,0.003806853805114654,4.464466131268878e-05,177.3448642303223,1.3387028359328577
210_Narrow,2566302500.0,1.0166050548861236,0.0011022371845810122,-162.32737489357586,0.06715106994648894,0.003868667443829372,6.784823862418047e-05,177.95896961891086,1.3157071668273397
210_Narrow,2566305000.0,0.9983648072188908,0.0009984269784536549,-162.02468274955635,0.07691581225707178,0.00376994882929074,0.0001339018808717731,70.60780566713535,172.68104123914446
210_Narrow,2566307500.0,0.995594640650521,0.0014484742172782973,-161.75706152882316,0.07168473008035472,0.0037636511624363498,0.0001324528148599664,71.03896864763082,172.57660961001832
210_Narrow,2566310000.0,1.00445647113989,0.001252190817978219,-162.49583172769172,0.04282159605065576,0.003917008415747756,9.326172960061822e-05,70.57952537456667,172.6694182510773
210_Narrow,2566312500.0,1.0061309069890338,0.0016161094046098492,-162.58468119743094,0.05637002825452063,0.0038001492281686047,0.0001036038262867853,141.97966164408834,113.05058451468334
210_Narrow,2566315000.0,0.9995705002522768,0.001077385327898878,-162.3276917876066,0.08439316145278118,0.003910734615581892,0.00014678623667024223,142.3643354984584,113.1992087739708
210_Narrow,2566317500.0,1.011731207602696,0.0009568999637368791,-162.57666585006444,0.11235798881033576,0.0038298298573389115,0.00013666934809649747,105.63809008173888,150.26720283872126
210_Narrow,2566320000.0,1.0085693497747321,0.001584187659974095,-162.25396604405609,0.07320787843840279,0.00382202189616639,7.361071723161386e-05,105.95793152401149,150.45831589501523
210_Narrow,2566322500.0,1.0098263435939983,0.0011004270223215087,-162.7703581267977,0.0835957458597456,0.0038704061454838193,0.00012425493891629036,142.10066875363088,113.152843099759
210_Narrow,2566325000.0,0.9923631470499812,0.0007233254436337428,-162.4842981849542,0.08127792818398982,0.003823252792768358,8.481935248614441e-05,141.57922331658352,112.79231237672833
210_Narrow,2566327500.0,0.9987021690546972,0.0009676399602543484,-161.9394178443442,0.06349152974340573,0.0038521528863763753,0.00014403683286017682,142.76663717155884,113.2237134529277
210_Narrow,2566330000.0,1.0068836879802117,0.000778523266463779,-162.16029064940503,0.07173662468307,0.003878763839332275,9.202062323835722e-05,178.16803900125103,0.8040113914446073
210_Narrow,2566332500.0,1.0112157158008575,0.0012970006340685808,-162.40830406044122,0.08661633145574472,0.0039596742735511035,7.601702823339713e-05,176.66853347347842,1.8022652162506847
210_Narrow,2566335000.0,1.0090774726214669,0.0013954143602376528,-162.6149360536267,0.06184328921848832,0.0038851051658034936,6.612267150534796e-05,69.74159249491169,172.0736244272046
210_Narrow,2566337500.0,1.003600504825946,0.0010504121993421712,-162.34263534489114,0.0553128533896332,0.003844626242447144,5.8715070996261505e-05,177.20374269522506,0.8739921096218983
210_Narrow,2566340000.0,1.0063867801702662,0.0008910123039102634,-162.8574797723115,0.044619819905416004,0.003911995183425977,0.00011734311327974049,177.67767775135064,0.9877714586978397
210_Narrow,2566342500.0,1.0027277202348328,0.0013165740139649343,-162.6408679770097,0.07250638449253187,0.0038578209053066756,0.00011025432045521563,106.10828303830601,150.5486525455961
210_Narrow,2566345000.0,1.0016528361268282,0.001124859797068692,-162.4172877298558,0.06591216302066422,0.003898777849638365,8.610525109066255e-05,178.02340676441023,0.6985044633226742
210_Narrow,2566347500.0,1.003994014214018,0.0010928083703098106,-162.521649159574,0.12315880928194516,0.0038257724810079586,9.83396034502649e-05,177.4695246292117,1.4359671342688207
210_Narrow,2566350000.0,1.0050449740598157,0.0009844746827170126,-162.01739108434566,0.07281474987253046,0.003917671880293511,8.8655880441711e-05,106.79064551339805,150.7573675064898
210_Narrow,2566352500.0,1.0055686013324088,0.0011611536380749959,-162.3344267424747,0.04750493830983399,0.0037977207863117797,0.00010281292985992443,141.73040018772897,112.68037567123882
210_Narrow,2566355000.0,1.0085929543004482,0.0016315973878400242,-162.61200152520925,0.0735550585296764,0.003871686340925687,9.739358123584641e-05,141.4760463946121,112.75982951338489
210_Narrow,2566357500.0,1.011350511754585,0.0014735451961058585,-162.38970589872793,0.08480669958292851,0.003940119206518923,6.684202230353977e-05,177.97236428741124,0.9917034096062183
210_Narrow,2566360000.0,1.0038403781884098,0.0007432344603933068,-162.08240317138123,0.08802879323611397,0.0038571704482137986,5.69176747773795e-05,70.80060559497005,172.7013401081417
210_Narrow,2566362500.0,1.0079550168695677,0.0009661334981737111,-162.3900185242651,0.053462175895191734,0.00390110453054081,8.309807508846383e-05,178.32457182205712,1.3631954622870668
210_Narrow,2566365000.0,1.001471544564581,0.0012763788983804938,-162.71663130376402,0.056205591538038994,0.00384990237015795,9.02674246041752e-05,106.34905753777066,150.45545760721586
210_Narrow,2566367500.0,1.0031542441249395,0.001016197931488556,-163.05601662870978,0.054541996779256294,0.0039387661740969025,8.486591922800502e-05,176.5159368265059,1.2146221668164365
210_Narrow,2566370000.0,1.0022829289913366,0.001289222836523277,-162.66945612365873,0.07032133915765723,0.0038295981940259963,9.582847073748415e-05,141.8376651968353,112.96061747164664
210_Narrow,2566372500.0,1.0012429612106577,0.0008401366405521435,-162.19704893316555,0.1203887872425785,0.0038804210685942564,7.472429285453322e-05,141.57322727988011,112.618265875222
210_Narrow,2566375000.0,0.9997777066518324,0.0013708854430852144,-162.72638278244287,0.038285359501262564,0.00387531865847037,7.567158078744755e-05,106.08530819650954,150.25693825476213
210_Narrow,2566377500.0,0.9945600984837432,0.0011116746996358996,-162.5898556502367,0.05389685598096304,0.003848513700065375,0.00010404412336707159,105.97732263727394,150.42429042298244
210_Narrow,2566380000.0,0.9995155417433322,0.001542142156331493,-162.4884914611477,0.09307477648440551,0.003936893911250385,0.00011683442248260005,178.23706497242037,0.9718958892069467
210_Narrow,2566382500.0,1.0081225591598288,0.0010113072278968556,-162.45276751060186,0.07627199637053245,0.0038878026645158574,9.281071615138704e-05,177.2228371668566,1.8373520883116201
210_Narrow,2566385000.0,0.9920894779640972,0.0013815092549361897,-162.28472670393253,0.07338997914068796,0.0038578145617776277,0.00010369146895096392,142.49592856425937,113.29009302650911
210_Narrow,2566387500.0,0.9978217343514095,0.0009965602371124161,-162.3744829895379,0.07216118973006097,0.003892947560683601,0.00011017830799109751,141.9149499682099,112.91815456328308
210_Narrow,2566390000.0,1.0042642683139889,0.0013470221444670178,-162.69878633260433,0.07110132205607166,0.003890782215877017,9.029667640860071e-05,177.48003864276583,0.9859102665820232
210_Narrow,2566392500.0,0.9988084006386131,0.0008342331956070217,-162.69422671272642,0.06595365473198508,0.003921260907746466,7.157189709310263e-05,141.64287476328093,112.86430159057218
210_Narrow,2566395000.0,1.0000539853012536,0.0012239284990911783,-162.74338201171946,0.08160852809402251,0.003868919073040702,8.532254647816188e-05,141.72830822287926,112.90910248658693
210_Narrow,2566397500.0,1.0075248027174115,0.0007651938855737784,-162.6032547346698,0.09020572545895014,0.0038948438410118117,7.841874678112786e-05,177.3411442466586,1.1929762589978243
210_Narrow,2566400000.0,0.9940884029727659,0.0012872850431236633,-162.89019769655647,0.07166417715313465,0.0038847999780449965,7.941349464140487e-05,141.8184493828977,112.67337780576648
210_Narrow,2566402500.0,1.0094090232395967,0.0017180981374974968,-163.1234608941049,0.07896820724917081,0.003904907104518478,7.967098561943802e-05,177.08255346674758,1.5093134774444472
210_Narrow,2566405000.0,0.9987129928503076,0.0007345190449695017,-162.5135525808425,0.06170445207684492,0.0038631326133001884,0.00010055762221214199,177.0342252531557,1.7273143035393392
210_Narrow,2566407500.0,1.0074492785841573,0.0011457509246389171,-162.83729862528412,0.08350312452882665,0.0039028621054188043,0.00010563686233066731,176.04931703793744,1.587464407198351
210_Narrow,2566410000.0,1.0068759284233137,0.000743074919873605,-162.4141662670381,0.06036083564820188,0.003919020433696386,7.717193842519528e-05,141.64171585740104,113.01378105374484
210_Narrow,2566412500.0,1.001801563179851,0.001066103861904446,-163.03875756103685,0.08879469486994157,0.0038431460688412556,0.00010087068904157731,141.27295544736467,112.84735623782473
210_Narrow,2566415000.0,1.00328861203154,0.001458093151265362,-162.5950901490277,0.08707399614167946,0.003890686640079043,0.00011787515724489284,177.69161073377265,0.65650725176504
210_Narrow,2566417500.0,1.0037214500097154,0.0009095655488219022,-162.78269341140566,0.06688160609486574,0.0038857622299351816,9.747290920494067e-05,176.07056753073527,1.4481149908930024
210_Narrow,2566420000.0,0.9986445963619405,0.0008896115715841901,-163.29217484344525,0.07501568425164132,0.0039465933254377306,5.661161721432199e-05,141.50414488292023,112.76203003834954
210_Narrow,2566422500.0,1.0042004507095403,0.0011565043979417213,-162.57490291599163,0.06347185910865369,0.003927282296726267,9.54324894703275e-05,177.49469413620304,1.0608332486517267
210_Narrow,2566425000.0,0.9973995847114613,0.0014892245031334404,-163.01458730175207,0.0658527113473071,0.003900481332632452,0.00010006022364855367,177.05040928495282,1.2069065024835994
210_Narrow,2566427500.0,1.0049023252793563,0.00111909753000485,-162.65495757400336,0.08380383774414549,0.003881614277991915,5.6454223944616694e-05,177.25201302435084,1.4456839972427225
210_Narrow,2566430000.0,1.0002581979647107,0.0010635711352079491,-163.22547236717,0.09498060162150834,0.003910174979707676,0.00011305823464680092,177.09210029296142,0.8483311712300948
210_Narrow,2566432500.0,1.0127766691922935,0.0014848918201165492,-163.1629595659144,0.048067438358201826,0.003936341022408395,0.0001412793228435328,177.25110437936814,1.5867958406442653
210_Narrow,2566435000.0,1.0003083189195332,0.0010413998223466922,-162.82943985498864,0.05979211864041519,0.0039393446791996705,7.646814243641802e-05,141.29029271198846,112.55267626712099
210_Narrow,2566437500.0,1.0097991590931052,0.0012002578284935693,-162.94192921869995,0.04461134019061375,0.0039492474063853355,0.00010008723059205311,176.52220815394142,1.17175407859377
210_Narrow,2566440000.0,1.009575251733338,0.0015365572115650214,-162.80251216048524,0.069665527375713,0.00392810033189323,0.00011498599300962801,177.08637422591278,1.3337542486271294
210_Narrow,2566442500.0,1.0119280432293518,0.0009572239425794328,-162.6851625488796,0.0797272025171707,0.003963302007219787,0.0001443605650046505,176.99993407803942,1.223750560149939
210_Narrow,2566445000.0,1.0023018320057893,0.0008596138109587176,-163.13021633729474,0.06847569888679536,0.003886581655904889,7.928692103829617e-05,141.1490645458525,112.83000986652202
210_Narrow,2566447500.0,0.9929853970436564,0.001381411718749426,-163.0007105092937,0.08655156682880967,0.0038716189197894133,0.00011771712998809095,142.50699843439088,113.24786250084037
210_Narrow,2566450000.0,1.0030339346171946,0.0014792855270577545,-163.0536717942008,0.07421364022676809,0.003939430846493225,8.772002944352518e-05,176.78053303324228,1.3831556322017693
210_Narrow,2566452500.0,1.0058874217996379,0.0013601900247110256,-162.5136714718254,0.06757687871997343,0.003926835037204443,8.077202794092874e-05,141.19203078743988,112.24679196342872
210_Narrow,2566455000.0,0.996334422152571,0.000998893404025977,-163.12810335186725,0.11503294322165783,0.003921077439961367,0.00011071463099418152,177.46297091087573,1.3125070906671277
210_Narrow,2566457500.0,1.006683999929279,0.0013999886932886225,-163.12693786290393,0.05448987105230785,0.0039717435669915264,0.00010074323539025353,141.0344610408746,112.77556864943823
210_Narrow,2566460000.0,1.0051226897775623,0.0012498106186519425,-162.48814518897524,0.07364226249243921,0.0038969601392605355,0.00010473638874161853,176.76336225556352,1.213395873120876
210_Narrow,2566462500.0,1.0078854848982104,0.0012732433217366509,-162.4546339731869,0.05808131081463494,0.003936266736575625,9.343199507061133e-05,176.85978485680633,1.179191299397736
210_Narrow,2566465000.0,0.9976640388211592,0.0011469964781958787,-162.50813148867306,0.07258812348407079,0.003935423317307094,6.42153812094449e-05,177.0479963823285,1.1534590212030482
210_Narrow,2566467500.0,0.9999155567071716,0.0013994207318743523,-162.5555665966655,0.06444556847874829,0.0038602415387257918,6.192922248931463e-05,140.9551304347668,112.77101153700423
210_Narrow,2566470000.0,1.0025925011514452,0.0010077338478339355,-163.12953747784485,0.042117442859779475,0.003951410023411058,8.11356579872324e-05,176.96586651996776,1.2039853350494836
210_Narrow,2566472500.0,1.0011467877717026,0.0014368632438221786,-162.87301022706092,0.1012112598239378,0.0039107829310500095,0.00011392755855729533,177.0429608785795,1.3481448040904174
210_Narrow,2566475000.0,1.0048985953287208,0.0015210765202491362,-163.02121700774097,0.08008267908765809,0.003896496909235081,8.784165108338561e-05,176.4551182435928,1.562295444262572
210_Narrow,2566477500.0,1.0023569332857656,0.000837102685896664,-163.1205057116809,0.09497315062936829,0.003902831095823159,0.00010104409910201688,176.50674293590563,1.1078596530139944
210_Narrow,2566480000.0,1.0048359142130159,0.0009574720221566883,-163.24398835632854,0.055048013094157744,0.003956199864689663,8.560292701336932e-05,140.2528785761443,112.43671944574572
210_Narrow,2566482500.0,0.9951217592284329,0.0010589118385730858,-162.7706125270378,0.09263569238016799,0.003949400973198828,0.0001186483816465621,177.82664921936416,1.412466183198961
210_Narrow,2566485000.0,0.9962419988111779,0.0014191068936595349,-163.0694657506255,0.0729876717925052,0.0039489236811682295,0.0001436141262757337,176.9730254944581,1.042168464634283
210_Narrow,2566487500.0,0.9947434315389431,0.0010809504956192807,-163.12379673961533,0.07247444923229353,0.003961041528988734,0.00010740025680595577,141.45259156103603,112.65985343001259
210_Narrow,2566490000.0,1.0005456001540558,0.0014471590337526102,-162.9628154627406,0.0691244423127784,0.003947423132250958,0.00011987813980330876,176.88883129321732,1.6862331264106363
210_Narrow,2566492500.0,0.9969503046547403,0.0011482621917971393,-163.06495498053857,0.07162150761717553,0.003929447805920226,9.542177189473083e-05,176.92379745375013,1.0577146050125248
210_Narrow,2566495000.0,1.0115470901180241,0.0010729768759264867,-163.13785273202058,0.06476927279243729,0.0039740839082905485,0.000117797086749838,176.5728253361407,1.7522544093680277
210_Narrow,2566497500.0,1.0083799042286243,0.0009354091979184079,-163.1797354562851,0.06698831030026914,0.00399726568529262,0.00011719671593149945,176.10957643510332,1.5465800168096622
210_Narrow,2566500000.0,1.0020926307768931,0.0010322643039623572,-162.7882243942318,0.11008174911722024,0.003963683469825871,0.00010411903787014215,177.0666441849363,0.9162244937162021
210_Narrow,2566502500.0,1.0100984214406867,0.0012294947310420913,-162.5179521577773,0.08534959014757318,0.003963979789638006,9.302324448844496e-05,176.98701703787813,0.7507928701786477
210_Narrow,2566505000.0,1.0022873250165705,0.0011496147845383982,-163.32541333545703,0.06918766797272605,0.003954731849073641,8.385730982247174e-05,176.26698362328779,1.882970669113274
210_Narrow,2566507500.0,1.00204722034453,0.001786722221129915,-162.77856564452327,0.058602937760998515,0.0039397837036717785,0.00012230822828500804,177.35264804664274,1.3168890516225389
210_Narrow,2566510000.0,1.0024025166173776,0.0012035268456661228,-163.26882823116887,0.10792477906676612,0.004004229698640174,0.00010618610076018732,176.66924652229102,1.6149680459330196
210_Narrow,2566512500.0,0.9944319791706615,0.0013127521411669624,-162.8459762716972,0.08246297073143007,0.003957666502080543,0.00014032592974249234,177.1536599041917,1.0526979274181243
210_Narrow,2566515000.0,1.003105632746767,0.0009028905980191191,-162.84619849128518,0.07287346371043893,0.0039629927481904794,9.93604054572528e-05,176.17569337991867,1.751896330949604
210_Narrow,2566517500.0,1.0118083131560942,0.0011353489121638234,-163.29907940202972,0.05676517013233492,0.004018731492654735,0.00011641933040442115,175.99500776820713,1.4205962251741309
210_Narrow,2566520000.0,0.9982095538964026,0.0013876910506944108,-163.12051430359622,0.08642275389082378,0.003947914396835261,0.00010135793962601328,175.7106297378326,1.5672197369267284
210_Narrow,2566522500.0,1.004692764659376,0.0013253010664398108,-162.9495475029645,0.07685565170194061,0.003963652497473781,0.0001577763725235348,176.66244948838732,1.977252483868751
210_Narrow,2566525000.0,0.9968050462652642,0.0016257395748429811,-162.89935914736307,0.11123107389087819,0.003925719787404809,0.00014639310727006228,177.02819537319772,1.4910651935590638
210_Narrow,2566527500.0,1.0060049809671592,0.001414629881089732,-163.21673544405357,0.07210964429996726,0.003942795211543185,9.130329383353795e-05,176.28084201154624,1.5771778425660725
210_Narrow,2566530000.0,1.010594195387083,0.0008026843536483157,-162.91408623770485,0.058255767429901434,0.004023617320812293,7.812531263221522e-05,176.5380845957824,1.2777234430534552
210_Narrow,2566532500.0,1.0020873716707195,0.0013436961857680233,-162.8833245964041,0.026019598497937547,0.003944909247181563,7.497395552343757e-05,176.47712788789497,1.1201884920023517
210_Narrow,2566535000.0,1.0051947637694378,0.0011019592269447228,-163.21822419722213,0.08571162837846699,0.003967335709872967,6.43993678671975e-05,175.41470876862033,1.5793814009873006
210_Narrow,2566537500.0,0.9992229463771559,0.0012432266984876658,-162.97631900740626,0.07151446283396598,0.003989661574536726,5.658230817480822e-05,176.74084649096787,1.0156548533350076
210_Narrow,2566540000.0,1.0032069082723898,0.0011951809854858543,-163.15183040284543,0.08841936595480379,0.003999605973349604,7.144959259707581e-05,176.06175778954554,1.561866344525479
210_Narrow,2566542500.0,0.9981241700483225,0.001842706209860301,-163.2285451640275,0.0802446272173175,0.003939279025882645,0.00012256008207712195,176.07910958703582,1.318817392727143
210_Narrow,2566545000.0,1.0044599195416901,0.0009386490369851926,-163.31673971675346,0.08262383217083617,0.003987533587646238,0.0001343245821598086,176.62057159664138,1.2038655962741798
210_Narrow,2566547500.0,1.0182354066509514,0.0007077135442187715,-162.91463268252994,0.07475515646953322,0.003990435838080784,8.521037465824392e-05,176.7162740808693,1.608706917053971
210_Narrow,2566550000.0,1.0005280821840312,0.0010256371967758855,-163.10333069820402,0.07864902535755311,0.003961116953435048,8.652327977002445e-05,176.37285363196085,0.9959832333859276
210_Narrow,2566552500.0,1.0046330551844689,0.000991756775607396,-163.44849149706243,0.07699530073112003,0.004014654313280315,7.23548893194802e-05,175.76212320560822,1.0522638215899298
210_Narrow,2566555000.0,1.0024029905530476,0.001144498257455605,-163.16354576671088,0.10397058951427761,0.004026740546572254,5.54140498001215e-05,176.23929760512056,1.1144998382654716
210_Narrow,2566557500.0,1.0037397587230241,0.0015763057376189517,-163.5774464488639,0.04821193244704243,0.003975282333656613,0.00010316096966798749,174.6460375293537,2.1063928797845413
210_Narrow,2566560000.0,0.99551508204927,0.0010605029322091509,-163.43406641890158,0.0970220686141057,0.0039279712780447545,0.00014751549040889757,177.3626413958608,0.9192360251256615
210_Narrow,2566562500.0,0.9928684891678214,0.0014412076322912906,-163.3203272271366,0.07158825108689362,0.003975190968486967,8.850227524941476e-05,176.3797782283927,1.496594666048831
210_Narrow,2566565000.0,0.9991204369894562,0.0010066533666714642,-163.14817669287683,0.07116725294839925,0.003950072300230338,0.00010824013810379161,176.02544272435932,1.449554459466528
210_Narrow,2566567500.0,1.0077198581515532,0.001125909252407297,-163.7669640765685,0.06783770542815518,0.003988923446777937,8.995275598303532e-05,175.5270692927762,1.2670790895586788
210_Narrow,2566570000.0,1.0042635263848074,0.0011271201131152916,-163.29291044331117,0.06479747126274604,0.0039403610504166004,5.873748150220786e-05,175.76099186335398,1.4847745881060734
210_Narrow,2566572500.0,0.9953589670892967,0.0012073103629534696,-163.05485225361747,0.09178664365365592,0.003942509007534241,7.615430739260035e-05,176.2189310992497,1.170253624261132
210_Narrow,2566575000.0,0.9996978499921289,0.0010091790734308838,-163.27253209593647,0.05341302999279174,0.003983527590353563,0.00010422459173535586,175.9420963649853,1.397012257386949
210_Narrow,2566577500.0,1.0007844475438001,0.0009965658228535562,-163.32557537465888,0.053644250747354384,0.003991067814856061,0.00010912835351956234,176.3221291644163,1.5461021372096
210_Narrow,2566580000.0,1.004071882577278,0.001162707403271619,-163.21401720200038,0.0617150771320375,0.003993846171283214,0.00011434968338695782,175.04150278505776,1.2406163065901867
210_Narrow,2566582500.0,1.0082327963564992,0.0007136370906754009,-163.30321485384954,0.06145424721226004,0.004045268622874642,7.289002366098543e-05,175.05136617642506,1.6188256507630596
210_Narrow,2566585000.0,0.9980110742937313,0.0014315920051588978,-162.81135088411378,0.08012157856981036,0.004018353465295125,7.277162794117125e-05,175.66720696598586,2.0266384835025457
210_Narrow,2566587500.0,1.0058499682397668,0.0011815448286520388,-163.70102994601513,0.07087121515018946,0.00395631095652475,6.009406734978746e-05,175.83732016808762,1.4357935025634594
210_Narrow,2566590000.0,1.0098350741078899,0.0012202394967617206,-163.14696933010973,0.07321824375752613,0.003988221322427239,6.300100957180301e-05,174.7392364522577,1.8454248400887285
210_Narrow,2566592500.0,1.006350582610865,0.0014735791843056365,-163.24967292565586,0.0757798494110485,0.004063898496403954,0.00010321601060982496,175.78494295431793,1.5381901909927218
210_Narrow,2566595000.0,1.002224319302399,0.0017755217227191403,-163.7766606329567,0.05181021662278457,0.004082137098942497,8.141921345087158e-05,175.07926850978427,1.0145256582851345
210_Narrow,2566597500.0,1.0053116066693673,0.0008163848918922261,-163.5290127125587,0.06850061028442689,0.003994993176481591,4.528654632430599e-05,176.1300515489631,1.6337911635362372
210_Narrow,2566600000.0,1.007069062720727,0.0011399553040776673,-163.91582749581875,0.07015857784919707,0.004011801210160735,0.00010222527590044564,175.33056804364173,1.5515183266461041
210_Narrow,2566602500.0,1.0075289938893115,0.0018187820602297915,-163.4978134786803,0.10102754227738857,0.004019502183184343,7.43035434470229e-05,176.02922141353577,1.2576357888570575
210_Narrow,2566605000.0,1.0118957226932874,0.001404905367144063,-163.35252136889545,0.05687707482136786,0.004059233738837145,8.98536719925442e-05,175.58821241366687,1.4367493867265013
210_Narrow,2566607500.0,1.0030233448644341,0.0009528862500373595,-163.42858557985932,0.12046093955518318,0.003957625126286212,8.690286687944391e-05,175.78964765575304,1.4969324555704417
210_Narrow,2566610000.0,1.0030008577827054,0.0009909717764081413,-163.43830374932344,0.07983586881307954,0.00402579004640505,7.281499500226373e-05,175.0402391048702,1.4579866118294242
210_Narrow,2566612500.0,1.0084594840316412,0.0014737726000687004,-163.47333492921078,0.10013674712901266,0.003974362629468617,8.734666784540773e-05,175.92357285623817,0.974712078273477
210_Narrow,2566615000.0,0.999992972792816,0.0010512857929790304,-163.43433570114755,0.07893212977618944,0.004013477690305897,0.00010375231019315865,176.17845174044777,1.657502637881172
210_Narrow,2566617500.0,1.003718005180526,0.0009986496291284211,-163.35208045062512,0.0726786558081326,0.004027222065385908,9.076136785342913e-05,175.06051600540985,0.5363123756835222
210_Narrow,2566620000.0,0.9996425561636577,0.0009503778411721525,-163.74339619654975,0.06199652472023516,0.003986845058967165,8.330256521183919e-05,175.61467670494216,1.37741499959005
210_Narrow,2566622500.0,0.9973103842670261,0.001468284671521644,-163.36203463964642,0.04887997186367197,0.0040411777332639365,8.050385587149336e-05,176.57688917489725,1.080647793253962
210_Narrow,2566625000.0,1.0040756676055973,0.0011007365260655457,-163.87221478120156,0.06361830899351979,0.004056954577737408,8.674196450352353e-05,175.38150676187811,1.2762272005828492
210_Narrow,2566627500.0,1.008630302407263,0.0015684061840025084,-163.93470730842844,0.05971117920712323,0.004047753659259553,7.911106761099751e-05,175.67971015510935,0.7942532012370275
210_Narrow,2566630000.0,1.0029167161675863,0.0016181428475385742,-163.25819434620823,0.08670515604170982,0.00404359200448317,0.00013318144758793022,174.61361912646643,1.190884661175765
210_Narrow,2566632500.0,1.0029258531270075,0.0013017860471928224,-162.81807929604807,0.10557286949740047,0.004094138532593346,8.50939413723836e-05,175.2793255908984,1.2221759169236617
210_Narrow,2566635000.0,1.0096843999381473,0.0007916342368882826,-163.45729700438807,0.08680684707835908,0.004037958717833137,0.00012409022042391,175.4562638606995,1.1121869167985632
210_Narrow,2566637500.0,1.0148307434946078,0.0008862222120234516,-163.01924431991864,0.07405965774714542,0.004104969895634414,0.00011046800225742455,175.81041173391495,1.4019384844323248
210_Narrow,2566640000.0,0.9977301931786343,0.0010038598063218588,-163.8931005588528,0.06690989357824391,0.004041292209661253,0.00013260686734609795,175.67899329473585,0.8662448621710339
210_Narrow,2566642500.0,0.9992009153932522,0.0012254206285873196,-163.5038806856568,0.06178850262454198,0.00401311055077948,9.014953073803126e-05,175.06357206997558,1.3048488895635921
210_Narrow,2566645000.0,1.0038938484182005,0.0019076615122561582,-163.55913485196118,0.06404700898447468,0.004032089631961385,8.244427617536418e-05,175.00389960131835,1.0709295509830803
210_Narrow,2566647500.0,1.0028643815362988,0.0014408072741167344,-163.37683572316837,0.09354797329202111,0.0040126611456676635,8.571023552533868e-05,175.4935284639926,0.9646252364813835
210_Narrow,2566650000.0,0.996784249510287,0.0011964458610190572,-163.6866842750891,0.05968927289738594,0.0040620698154880475,9.950119892524182e-05,175.10135394539188,1.0663253000869122
210_Narrow,2566652500.0,1.0094599964429063,0.0012941668615804001,-163.2739394081976,0.0666584984454416,0.004059249158417333,0.00010447258497533049,175.04338537803176,1.483190262529254
210_Narrow,2566655000.0,1.0017422024693543,0.0009188505278700595,-163.76605019349935,0.0963673273947644,0.004033931485896811,7.115904469437369e-05,175.4666318083666,1.517600979774191
210_Narrow,2566657500.0,0.9976034290569182,0.0009282416577169666,-163.55984063023388,0.06078258310704034,0.0040205068448281285,8.741089686241172e-05,175.52922131840748,1.1168428933966514
210_Narrow,2566660000.0,1.001766652851284,0.0011347664112358446,-163.37195997424618,0.07429557993246402,0.004032823458514785,6.366929130175914e-05,174.76187642296716,1.4502984380885855
210_Narrow,2566662500.0,0.9977890233153397,0.0015921134448913254,-163.74430724396527,0.07107895555525275,0.004055204832603691,6.658795855106015e-05,175.37906363780846,1.022957132414122
210_Narrow,2566665000.0,1.0032612823223954,0.001127437986418739,-163.7430319514896,0.08969336855759366,0.004063724571912312,8.968413454216237e-05,175.63933027216584,0.9859631628141773
210_Narrow,2566667500.0,0.9938647639111096,0.0011659509683280443,-163.61958961669518,0.05847399390985262,0.00400039399301607,0.000109384453399298,175.13104221706948,0.8368775862343888
210_Narrow,2566670000.0,1.0046588820502762,0.001162206310071799,-163.6545160340141,0.05897769597366183,0.0040687394282481115,7.606382570311898e-05,176.01280012124857,1.553698986450725
210_Narrow,2566672500.0,1.010616552426343,0.0013735540617798702,-163.77849427873642,0.07199768765549504,0.004043846797464725,0.00010480587867759787,175.32234884550962,1.4801634805764332
210_Narrow,2566675000.0,1.0012310911922897,0.0013985776798289514,-163.86614575876956,0.03803132251681545,0.004026172158878194,0.0001020885294096764,175.1996995806213,1.4427977629721072
210_Narrow,2566677500.0,0.995914978491995,0.001528875137954707,-163.66456369536266,0.07279078256366249,0.004079728876815603,0.00010891071850733911,175.4585522611801,1.183728392568149
210_Narrow,2566680000.0,1.0076935464915686,0.0016683878234071234,-163.81328670580618,0.06938105890791074,0.004058565927442702,0.00013362154895261785,175.1203630450835,1.2440919161432187
210_Narrow,2566682500.0,0.9956971103341891,0.0010722228513068961,-163.86781615711038,0.10195282383958418,0.0040227447561371945,0.00010095875066228172,174.87745786003413,1.3277021523753094
210_Narrow,2566685000.0,0.9991055916874021,0.0020022442040393135,-163.83265441012395,0.06817909008367071,0.004041709244068675,0.00010798166487288439,175.63764121429685,0.9337317368884642
210_Narrow,2566687500.0,1.0108755941010974,0.001269451024792915,-163.89219378906202,0.07866013071919664,0.0040894633896122745,8.568756635948106e-05,174.66808732592915,1.6183343408757658
210_Narrow,2566690000.0,1.0065724719943843,0.0014116617541402436,-163.46606809386572,0.1267717665137322,0.004088701323478228,8.891385463365216e-05,175.1635286784639,1.4249048727272644
210_Narrow,2566692500.0,0.9986491840826878,0.0013324716495141564,-163.41427055243864,0.0967508283157329,0.004105523809250385,9.454107365528446e-05,174.95472332800148,2.04698789979354
210_Narrow,2566695000.0,0.9938194570337632,0.001091275761043989,-163.48547812539346,0.11847835328322581,0.004035522788369545,0.00012839501054656387,176.23073155712478,1.7709581789130773
210_Narrow,2566697500.0,1.005386185716657,0.0014419574344759665,-163.31232743775695,0.03408093156354279,0.004134616507333816,0.00010660950639588807,174.86906570846153,1.3472971440795536
210_Narrow,2566700000.0,1.014391274829914,0.0011249855030418775,-163.48074103799067,0.07448267941144449,0.0041176053777425455,0.00011466118489297252,174.8327796257248,1.2225279605267636
210_Narrow,2566702500.0,1.0067506157661619,0.0011757466561354692,-163.5308462116549,0.08769239133613811,0.004058450379545444,7.733625342958767e-05,175.088842623936,1.4908424517180605
210_Narrow,2566705000.0,1.0027637036978987,0.0007469967857428983,-163.53857983805779,0.0715533449829468,0.004171177393467262,8.203833834574293e-05,174.62379271063693,1.374199491039485
210_Narrow,2566707500.0,1.0009024043596229,0.0005315616682790054,-163.7448444131424,0.07701482910810035,0.004016515199090086,0.000112978306415343,174.8284669890549,1.0710145157664193
210_Narrow,2566710000.0,1.0018783787880654,0.0006043822155025128,-163.6018965409952,0.07881842902018656,0.004108418859550954,0.00011184113693059303,175.02433831823154,1.2846516802069856
210_Narrow,2566712500.0,1.0004744050555032,0.0016135944546291356,-164.11103399111624,0.07558291263117142,0.004049189811470618,8.76689389950133e-05,174.4339263742111,1.424121633617137
210_Narrow,2566715000.0,1.0023721274403377,0.0010627343609728777,-164.2668199957533,0.07207592287224253,0.004007604460059531,0.00011353708009334463,175.05590900435118,1.4747952989668072
210_Narrow,2566717500.0,1.0089979162311569,0.0006868275976080986,-163.91380931205035,0.08297907304878846,0.0040808809687687565,6.449499019202989e-05,174.82807318552557,2.1850771279781998
210_Narrow,2566720000.0,1.0038098860135196,0.0017583777249928774,-164.15666060497378,0.06542284708422022,0.004141294762603836,0.0001235713120176807,174.27471061790885,1.3142594960846947
210_Narrow,2566722500.0,0.999199618322056,0.0016538738700054947,-163.87435672593355,0.07574326327680853,0.004070042671189339,7.13166990119077e-05,174.84997768745038,1.3305781359951494
210_Narrow,2566725000.0,1.0001450217806478,0.0015476667299495757,-163.78419823838928,0.055997120206116954,0.004067743835046903,7.949117152522041e-05,175.24983534272158,0.9906979845397048
210_Narrow,2566727500.0,1.0020574112825233,0.0012874625274468103,-163.80866658659747,0.08113702161654189,0.0040431518027447,8.878841044583001e-05,174.4856612887874,1.4639275813769812
210_Narrow,2566730000.0,1.0002355376631822,0.0011304974686741388,-163.54726056732693,0.06278539632152491,0.004032912000513997,0.00010862640143712157,175.1021177756817,1.0384736307581097
210_Narrow,2566732500.0,1.0002091753969649,0.0009662941692525845,-164.05587131486837,0.08123850238321365,0.004116939825901076,7.066511053642562e-05,175.19251430025042,0.9886881013526939
210_Narrow,2566735000.0,1.0049059388451584,0.0007809810462311615,-164.256728967159,0.062225855983482216,0.004094412896171269,0.00012435140504454841,174.55342824882982,1.202228177935939
210_Narrow,2566737500.0,1.0062693661177198,0.0014453898930104356,-164.11985335390403,0.10775183978159242,0.004208750138395997,8.803903573338445e-05,174.23711113001872,1.0573432565028542
210_Narrow,2566740000.0,0.9945838381324039,0.0016233853499236714,-163.76322234077298,0.05464292327990126,0.004148601011172845,8.780281195376019e-05,175.0228948124736,1.5169457194933107
210_Narrow,2566742500.0,1.0005971262412505,0.0012947259437846325,-163.9113710962982,0.0700439947603237,0.004162715823829786,8.209443029965137e-05,175.0411778207194,1.407056916310838
210_Narrow,2566745000.0,1.0028517018992975,0.000859627032989718,-163.76334600049154,0.08608165423185102,0.0040662910510301875,0.0001106404668851362,174.88914518021477,0.8781946359450455
210_Narrow,2566747500.0,1.0013491128952716,0.0013290625769615042,-163.50828290150542,0.09222518547121765,0.0041019768640270845,0.0001221454849791499,174.58092401009083,1.7418068870345969
210_Narrow,2566750000.0,0.9944613671174102,0.0011764792852244459,-163.78067424831585,0.07797505581019694,0.004100829479705977,9.400969367395172e-05,174.9042791796643,0.858362341745962
210_Narrow,2566752500.0,1.0027177981765816,0.0014709813266961724,-163.60435912593877,0.08598703591152297,0.0041643030721281605,9.785622253584822e-05,175.0567497408391,1.2981397531857122
210_Narrow,2566755000.0,1.0044594646122225,0.0011548259080793979,-163.87147220874883,0.09543574481537227,0.004159710910832477,8.734750995784481e-05,174.77508542074415,0.8231608097305106
210_Narrow,2566757500.0,1.0018408075430216,0.0012544277721844666,-163.35251108726692,0.06760016901341412,0.004149595926190762,7.667972839358e-05,174.54067777605422,0.7924172194100472
210_Narrow,2566760000.0,1.0044042147683359,0.001507677020607533,-163.59187872165356,0.0446886834009172,0.004127427204424944,7.279313939624633e-05,174.72358494581505,1.4467492021771817
210_Narrow,2566762500.0,0.9997536670769585,0.0005795448291237141,-164.0345898382495,0.07383372693498427,0.004157513096246238,7.280008962119836e-05,173.90980066672455,0.7854674055965697
210_Narrow,2566765000.0,1.0031320122525134,0.0014143161824605739,-164.15977330096626,0.09400809613480855,0.004116357418359489,8.62066727077962e-05,174.37609332388607,1.3979027809413878
210_Narrow,2566767500.0,1.0104368161246544,0.0011647232686550324,-164.12326755196892,0.04386910740415764,0.004143738393932286,4.162384626812133e-05,173.8165403672531,1.5056972844431629
210_Narrow,2566770000.0,1.0054010144395977,0.0008867316586412662,-164.24310979501468,0.08609576629445011,0.00412017152991526,0.00010462963836167167,173.6212538013502,1.4664672558526866
210_Narrow,2566772500.0,1.0073857052613666,0.0009735879811841058,-164.0321419084464,0.09777886739984101,0.004146483701186306,8.961841004089444e-05,174.28400353412457,0.8954337222840922
210_Narrow,2566775000.0,1.0039436983963954,0.001042824579812144,-164.1557077415105,0.0540284099220221,0.004167039872268591,0.00010719318285383434,174.48430066130587,1.3624941436815503
210_Narrow,2566777500.0,0.9967019519694214,0.0010726542413024,-164.19509274908785,0.0758392482192996,0.004120065751051219,0.00011906783218912079,174.0037980254604,1.0379265071564254
210_Narrow,2566780000.0,0.9992805204620399,0.0013489745053331952,-164.33579616975544,0.06939871421428362,0.004135736756740147,0.00011774937436466859,174.2752776518595,1.4560517412957648
210_Narrow,2566782500.0,1.009028057935264,0.0014373650573151066,-164.21867898266686,0.05675631913541129,0.00414022747491019,6.091728493574684e-05,173.6275657125296,1.1893887871827202
210_Narrow,2566785000.0,1.0036869485075397,0.0012587306766322995,-164.21202879099263,0.06591864890307042,0.004104949670737732,7.42659918981623e-05,173.53621435753107,0.7827162625857955
210_Narrow,2566787500.0,1.0103832796804273,0.0013209197016158547,-163.89753125988975,0.0782598338524128,0.004125818286301562,0.00013844742033480034,173.75544593917635,1.7681443712607314
210_Narrow,2566790000.0,1.0042152068592956,0.0012547790390268075,-164.27776284340607,0.050032273861864075,0.00413595898645497,0.00010470193860909302,173.48511747161874,1.4255229420196944
210_Narrow,2566792500.0,1.0003970697259463,0.002022225479937897,-164.01495444627844,0.04430485255665663,0.004162371661674612,0.00013429441677448515,173.93915818512218,1.5566666249537489
210_Narrow,2566795000.0,1.0000105496201033,0.0018615541144294937,-164.24724090955164,0.0708232975348229,0.004172865651838112,9.172529680794048e-05,173.87564426381104,1.83181274733039
210_Narrow,2566797500.0,0.9985875879413549,0.0010551725923448883,-164.07224628510198,0.06993636448371769,0.004132398701428799,7.988325232338255e-05,173.6331603872433,1.2916760386630974
210_Narrow,2566800000.0,1.001959223363256,0.0011077554832253048,-164.06163923208572,0.10213621763932845,0.004179171231804837,0.00011801886173797314,173.8360352234089,1.681507628442189
210_Narrow,2566802500.0,0.999746091597005,0.0010870442835144672,-164.15852926205955,0.049061704255896815,0.0041811925216223254,0.0001240032299065495,174.6461335186221,1.4818756593748579
210_Narrow,2566805000.0,1.0007418745202834,0.0013260062328002307,-164.1386715625426,0.09278314706274395,0.004224194333070613,8.792509560328841e-05,173.2850977712623,1.6903391924021651
210_Narrow,2566807500.0,1.0043401868540365,0.0013302453424765205,-164.10492378089242,0.062332210886753524,0.004214716878619695,0.0001296998231867605,173.81202488923066,1.28687443238487
210_Narrow,2566810000.0,0.9996232225995805,0.0010067411653258498,-164.00550830398092,0.07982882448782698,0.0041325217693802384,6.220271068727819e-05,175.0408921660165,1.3449778506064323
210_Narrow,2566812500.0,1.0101456427203077,0.001130060049815481,-164.20225292787413,0.06381972687617082,0.004144865133040056,8.735568227235539e-05,173.61408255420375,1.3869520017251327
210_Narrow,2566815000.0,1.0052979799527455,0.0011242388511355083,-164.41919173861953,0.07507376776764958,0.004202375330394796,6.660045848943325e-05,172.81837930729378,1.6793066164349146
210_Narrow,2566817500.0,1.0098324890312167,0.0008009748409951408,-163.8660865364415,0.06291756658136315,0.0042005645960969396,0.00011077761398666158,172.95644674993642,1.5939534977894212
210_Narrow,2566820000.0,1.0098198618228125,0.0015431328267222514,-164.36900410551664,0.09415562012546735,0.004149086776576769,9.040654196511852e-05,173.60551814184976,1.1956065384501582
210_Narrow,2566822500.0,0.9984614110556747,0.000824194601936057,-164.00731606420564,0.065218516523469,0.004144485359360524,0.00016150997035493575,173.95408522860336,2.3052537723628594
210_Narrow,2566825000.0,1.002698427221982,0.0010717281584608034,-164.49224238054882,0.09697843129645248,0.00415422844885329,5.114615962379524e-05,173.02486447964617,1.533400632003329
210_Narrow,2566827500.0,1.0049517729608148,0.0011027799278615449,-164.45401526925355,0.06748582450487028,0.004182458934287584,9.564035094730586e-05,174.25139192393493,1.5187244850155779
210_Narrow,2566830000.0,0.9988458553233358,0.0005100537862180433,-164.30145173002825,0.0873767606999898,0.004150524902395,0.00010144325966928238,173.9609438899911,1.292482870183943
210_Narrow,2566832500.0,1.0049439144797514,0.0012286884689886853,-163.9767086155075,0.07611848893165413,0.0042606723591367196,0.00010521198818621247,175.24428694689712,1.3198794651598231
210_Narrow,2566835000.0,1.0006080589849393,0.001016900087762182,-164.24247978137197,0.05934981608798858,0.004168426977535588,8.294433964752801e-05,173.70674453073693,0.5792368039542604
210_Narrow,2566837500.0,0.9985500345359484,0.001414625605120175,-164.48706751801873,0.07935806364548158,0.0041853034243936335,0.00013951269915523534,172.83164935681492,1.491659434407814
210_Narrow,2566840000.0,1.0001030212947328,0.0015177104701108667,-164.44610033767518,0.08847630590080618,0.004197357991649314,0.0001225299903908269,173.51977924969884,1.5991033472485647
210_Narrow,2566842500.0,0.9955733453007801,0.0011588613337504465,-164.6871612747612,0.07841794636861747,0.004158887518559102,9.548136255757834e-05,173.17016634685237,1.0635201250312065
210_Narrow,2566845000.0,0.9958082745751187,0.0011151594254135307,-164.16504049091495,0.10069553293933187,0.004220908963699879,7.392168394702667e-05,174.063984854944,1.615898241128132
210_Narrow,2566847500.0,0.9940737119536108,0.0007276571105486436,-164.3189029612294,0.058765978423680316,0.0042227977064242216,8.516243606185386e-05,173.03225309286518,1.3822306781551867
210_Narrow,2566850000.0,1.0010675179092363,0.0014515794572540546,-164.16700189881635,0.09383919182873247,0.004260368286908686,0.00010084152651783403,173.30620367179907,1.1982377298401141
210_Narrow,2566852500.0,1.0080793863783972,0.0011468747209033145,-164.05652940062123,0.06485527670245227,0.004264513338844639,8.49626855186734e-05,173.17799702517183,1.5040339006570032
210_Narrow,2566855000.0,1.000133598610265,0.0013507866004017711,-164.1684105234393,0.08869990147582156,0.0041771633727319575,8.062910456618728e-05,173.28999769355414,1.5657433365939302
210_Narrow,2566857500.0,0.9980091763523364,0.0016381510372937029,-164.06010391287464,0.058578041041181174,0.004199802227105226,9.498028748172007e-05,173.31748026169117,1.2727852143960185
210_Narrow,2566860000.0,1.0015201783425225,0.0013088073912830374,-164.16598893211824,0.06609564388639365,0.00421245110417107,0.00012222237410800047,173.0224839986163,0.7101932866418177
210_Narrow,2566862500.0,0.9967258585240374,0.0009159996089737308,-164.52744243470147,0.07953217282013893,0.00420889706820584,7.073099515679221e-05,173.03515757290876,1.3192292218664217
210_Narrow,2566865000.0,1.0035023760379376,0.001299942538702392,-164.53198974544182,0.09473490480816846,0.00422269640126339,9.596376958492126e-05,172.75126894537453,1.301339707047409
210_Narrow,2566867500.0,1.0027029573096606,0.0009781449854304716,-164.00753698945684,0.07491723900523646,0.004195706715713506,9.492825742863499e-05,173.60141993106922,1.3262365509942826
210_Narrow,2566870000.0,0.9995944118235118,0.0010481792697107203,-164.5284656351049,0.10605473804495943,0.004213667823354979,0.00010395989129615434,173.703731108641,0.9310297097735818
210_Narrow,2566872500.0,0.9996444913722685,0.0004481386336714407,-164.11116353884842,0.06452363131439674,0.0041823905458640495,0.00010547630163757283,172.72945608695017,1.5205361576899632
210_Narrow,2566875000.0,1.0001546154583196,0.001083452744218792,-164.154670633533,0.06054598967217432,0.004221350104225129,0.00010296396418414292,174.05625669885916,1.308056269411569
210_Narrow,2566877500.0,1.001788949152123,0.0008083798898145644,-164.62960600573035,0.05281629011489852,0.004194255393145956,9.60759454008315e-05,172.7363154308176,1.2607139367113185
210_Narrow,2566880000.0,1.0031942374372371,0.0012797058941824621,-164.8252826623565,0.08516303894830166,0.0042720359328790765,9.768961946317033e-05,173.33320148919904,1.4767465490559806
210_Narrow,2566882500.0,1.0067310262611024,0.0012290118413767882,-163.96190182738755,0.09696202926600217,0.004229745792269667,7.925797374853687e-05,173.01870293631941,0.9617274399777445
210_Narrow,2566885000.0,1.002851632329872,0.0010463808630759145,-164.51084274070197,0.047343117200032515,0.004257660551597553,7.942507956685501e-05,172.49454147192108,1.1916209756435496
210_Narrow,2566887500.0,1.0081923301741131,0.001372086245713557,-164.40970044223528,0.06269276132653473,0.004301065014856555,0.00014003926844514952,172.99091894454145,1.6257073479513984
210_Narrow,2566890000.0,1.0011008978119553,0.001662601029722041,-164.78231636140356,0.06275082883663713,0.004231511528975522,0.0001278071323017903,172.81699661510825,0.8307725402703908
210_Narrow,2566892500.0,1.0045161832211607,0.0010752659615695967,-164.23141301844097,0.0842164365978863,0.004239959573264192,0.00010554467576646468,172.5338172910611,1.4120285045428893
210_Narrow,2566895000.0,1.0014707985004008,0.0010753385256932035,-164.31041848817765,0.06377412454200042,0.00426960201833816,7.083657682187546e-05,172.95760355589871,1.7664832007980904
210_Narrow,2566897500.0,1.006670519121547,0.0016424467836788212,-164.67200499843156,0.06081807381518899,0.004248349674416389,0.00012162170787198232,172.79931899221623,1.60828461947835
210_Narrow,2566900000.0,1.0039111089071109,0.0011461487049889473,-164.5542179668487,0.06562535807373487,0.004225813708651488,5.6645840088357464e-05,172.73735447956372,1.3000521746417804
210_Narrow,2566902500.0,1.0051413628417425,0.0011781733569962167,-164.32712572478752,0.05650459321027019,0.004299682759795879,9.02190833233215e-05,171.72831140870062,1.3532070025969771
210_Narrow,2566905000.0,0.9979609824382336,0.0019961615920070543,-164.68717617935317,0.08286258224040915,0.004161371102905527,7.702447255558101e-05,172.08752350124115,1.2660838039381848
210_Narrow,2566907500.0,1.0064218661116353,0.0011749040079893308,-164.75387116655594,0.11554313297424709,0.00427785430181748,8.860854008975888e-05,172.5104309286345,1.5978750913815885
210_Narrow,2566910000.0,1.0005643448834207,0.001027420459488144,-164.5097512270143,0.07513708271027982,0.004223687288224625,5.977875891632395e-05,172.9565435935287,0.8412946149537923
210_Narrow,2566912500.0,1.0027407257727754,0.001406504032616018,-165.08143625242647,0.08209062602631026,0.004207385640486806,6.573962891150064e-05,172.00906011331503,0.9824521143729388
210_Narrow,2566915000.0,0.9991779902108561,0.0008494253208154746,-164.8049167893108,0.08680754928165288,0.004254768623078716,0.00012906317934533568,172.79870967605623,1.3631949517494983
210_Narrow,2566917500.0,0.9965190104835465,0.001664176791613375,-164.67699699872978,0.10183715288724325,0.004295284934528789,7.461439983059128e-05,172.91546863381447,0.8112600818437632
210_Narrow,2566920000.0,0.9950647626390995,0.0015816166347398409,-164.54050801057687,0.06390279495576034,0.004196689750786778,7.709510708614412e-05,172.24250863387874,1.7303430217285485
210_Narrow,2566922500.0,1.0003779548507894,0.0011254428546440952,-164.41976663417054,0.06582142698689575,0.004259776732425711,0.00010774538447380901,171.63172892032625,1.4882976798482732
210_Narrow,2566925000.0,1.0049125869921602,0.0010483108604823353,-164.37372024198106,0.07094454241314722,0.004286603396454544,0.0001340446311937919,172.61538409111017,1.4183026224927797
210_Narrow,2566927500.0,0.9997518142557785,0.0010086718983719242,-164.32228179141168,0.06380214078384398,0.004314113106688731,9.881117560085645e-05,172.73957309799428,1.3860138087526261
210_Narrow,2566930000.0,1.0008831000867422,0.0014533736379832322,-164.63601419442304,0.07070913968729975,0.004284394929752765,0.00014792729269789206,172.99272543374647,0.8970264946939406
210_Narrow,2566932500.0,1.0059212005848244,0.0006192400442885656,-164.22998153088594,0.05899133518662733,0.004287177471531426,5.374020263335366e-05,172.60049144664944,1.499930199942584
210_Narrow,2566935000.0,1.002343421785091,0.0006741392925085515,-164.45630867099067,0.07912312521201839,0.004294959975826939,0.0001017216455325434,172.10691412060734,1.2450655168633895
210_Narrow,2566937500.0,1.0008081061025436,0.0012686006868854495,-164.15851300759655,0.07856472865369458,0.004322188577625765,0.00011626779427356205,173.4750751663366,1.7337857631362485
210_Narrow,2566940000.0,1.0009731707783396,0.0015970086567504763,-164.4723002770281,0.09664707567433149,0.004330114153462605,0.0001077152992196529,171.8869719112684,1.3594738421360644
210_Narrow,2566942500.0,1.003730954597975,0.0008216154356348751,-164.80263207525672,0.05683051116817922,0.004247012819603819,0.0001146440075507384,172.20604105157287,0.9519125692000938
210_Narrow,2566945000.0,0.9996907878010767,0.00113646889159019,-164.75972897035044,0.08671981470813672,0.004242463025103172,6.0572442587855236e-05,172.83680424588607,1.5068360295936776
210_Narrow,2566947500.0,1.0025192643246035,0.0010754730444489267,-164.3954009983831,0.07471913578822723,0.004304433519315839,7.117476762902521e-05,172.20279034492694,0.8635783521341658
210_Narrow,2566950000.0,1.0107431786168497,0.0012559583899514931,-164.13916451460003,0.08776006041050582,0.004368586714809466,0.0001276318777618825,172.18834082664324,1.5297367973682217
210_Narrow,2566952500.0,0.9999096678277918,0.0011603246378956592,-164.3037691777328,0.0695765772984257,0.004320002933599834,8.892873627223224e-05,172.58005518521273,1.242196734949402
210_Narrow,2566955000.0,0.9984205989234494,0.0010596634385307095,-164.91055886869748,0.0817820732199228,0.004311707218784622,0.00012232592530080912,171.7759767037687,1.095082214679168
210_Narrow,2566957500.0,1.0004310095522355,0.0008914724852235027,-165.04989852725598,0.07293435355991294,0.004298681550656181,0.0001065360001422693,171.79269215781505,1.5174604054317924
210_Narrow,2566960000.0,1.000696905465924,0.0007409551213778128,-164.99258751896411,0.08571894484522863,0.004250956938744546,6.0679786859171224e-05,172.46168207410412,0.721947735304474
210_Narrow,2566962500.0,1.0006101478840075,0.0010674771266887717,-164.53083749318876,0.1125689276070576,0.004376616707099556,0.00011129894614753923,171.85107922140952,1.4217947187859445
210_Narrow,2566965000.0,0.9987961729410323,0.0014485333206315132,-164.7749755391898,0.08777779075855054,0.004263227554335979,6.881723944858993e-05,171.48746787781306,1.8702786155709985
210_Narrow,2566967500.0,1.0033269602263735,0.0013467446687832965,-164.70176916247462,0.08522989631717437,0.004303360815646794,5.873607636871162e-05,171.1497023890089,2.042487047190379
210_Narrow,2566970000.0,1.0033671603647139,0.0015317087731282406,-164.98805531888343,0.09330392858181943,0.004358744829825485,0.0001409072024216012,171.99315823805392,0.8902634579651788
210_Narrow,2566972500.0,0.9986054115558965,0.001369483034578193,-164.7787642154554,0.06998761572012428,0.0042984731628750005,0.00010925948155854703,172.40659341574536,1.3908746580664955
210_Narrow,2566975000.0,1.0015747624414302,0.0008685904461873596,-164.87788394022726,0.0725309381548282,0.004329514675131851,0.0001086598518450859,172.10186046538638,1.464254989133144
210_Narrow,2566977500.0,0.9907503626574785,0.0014902467930850013,-165.121722619308,0.08674658794148227,0.004248260123175524,0.00010344957162888163,172.04564653604118,1.7742878985333126
210_Narrow,2566980000.0,1.0028273069101914,0.0011490960635434048,-164.82222064632276,0.05930121021566461,0.004327320779975174,7.24411286664039e-05,172.62078600857245,0.8525517697541264
210_Narrow,2566982500.0,1.0018844717871966,0.001299687547711932,-164.9750374943356,0.07429991354156945,0.004350054370203385,9.409053799987417e-05,171.3084275103335,1.5871545116541441
210_Narrow,2566985000.0,1.0032793800086102,0.001057285925065774,-164.42363406126498,0.08305021937345329,0.004343483764001588,0.00010666239331914832,172.51396269068124,1.2767826859750966
210_Narrow,2566987500.0,0.993551429635216,0.00111824183091876,-164.98629215247252,0.0757691187354991,0.004366518787489312,0.00010611558252108589,171.40007902405037,1.6736050708524137
210_Narrow,2566990000.0,0.9969576914616698,0.0013775666275189574,-164.79273915569095,0.09092400960483257,0.004319891193691112,0.00010643910176034812,172.5171462594592,1.5079436533001915
210_Narrow,2566992500.0,1.0050256092239596,0.0008715648021151071,-164.78420421679127,0.03934095044951321,0.004395772377807837,8.713477619372466e-05,171.24979268863765,0.9927178137135598
210_Narrow,2566995000.0,0.9909518915141112,0.0011858759083834837,-165.07624363618098,0.05828364843217405,0.00428982548381712,8.064108614258917e-05,172.2488090825232,1.1659916140029356
210_Narrow,2566997500.0,0.9977696917217409,0.000983173916509136,-164.69712926099248,0.11075896694941761,0.004400672408910983,7.421567730454659e-05,171.81170397151962,1.2414482766283637
210_Narrow,2567000000.0,0.9971659090341473,0.0015887146434623706,-165.08723746397024,0.05262643234031992,0.004322894825388112,0.0001190327929726236,171.1330740538753,1.0790254880720922
210_Narrow,2567002500.0,1.005602011422814,0.0012553616638011622,-165.21213422044013,0.06902756650274852,0.004276846851632312,0.00012316129181854017,170.89891133692,1.550385907298101
210_Narrow,2567005000.0,0.9963401644312856,0.0011745834071055423,-164.48052649194108,0.050236813236376854,0.004405572382324931,9.544982230311815e-05,171.00959584541076,0.8642433335467123
210_Narrow,2567007500.0,1.0035780314654816,0.00128804678477125,-164.67217781537,0.07788914713358554,0.004395484484571503,5.92999595741682e-05,171.60646925167998,1.3707463938311175
210_Narrow,2567010000.0,0.9930568967835962,0.0006314911255687527,-164.4805373855336,0.09007263674318643,0.004431833629280829,5.777362416344361e-05,171.57683816512875,0.8700461493492848
210_Narrow,2567012500.0,1.006129308873833,0.0012950030541671914,-164.7775437949369,0.05611669052869422,0.004448508110419236,6.82493894779652e-05,171.67574580725417,1.6597778222794555
210_Narrow,2567015000.0,0.9985754460538637,0.001141645780109565,-164.97021251154356,0.09276193838053282,0.004327075294927776,0.00010749477360278986,171.0283760840574,1.4608451806294505
210_Narrow,2567017500.0,0.9991843336178267,0.0012126007740168455,-165.03862511005804,0.08514297427800306,0.0043993574128380715,0.0001211395978331395,171.38188220367763,1.4473258897947652
210_Narrow,2567020000.0,1.0060703374970272,0.0014934342853160176,-164.84510880210337,0.06328676074581602,0.004384718027588053,5.68099663113716e-05,170.8819823674963,1.6664221512285475
210_Narrow,2567022500.0,0.9969932511676656,0.0011590508749158661,-165.28247867646232,0.0823094847207825,0.004366052099776336,0.0001550378915690156,170.57248547465875,1.274911697706314
210_Narrow,2567025000.0,0.9998586626221476,0.001165478642095158,-165.33308765016673,0.0773070099815567,0.004338740192046957,0.00012706789647548051,171.28050128439173,0.8941151510167691
210_Narrow,2567027500.0,0.9985668727410278,0.0012871703215237796,-164.76497923164504,0.07092721668961764,0.004351414569718688,9.513852080127008e-05,171.61831519131457,1.410720164821588
210_Narrow,2567030000.0,0.9950235604099561,0.0011603872368522981,-165.12379425827368,0.04321526938887479,0.0043800775492975385,7.388982977322879e-05,170.73872263162548,1.2473432593411058
210_Narrow,2567032500.0,1.0137711943246415,0.001266753987615006,-165.66913705542487,0.09259569354137002,0.004455184821750256,0.00010792622905653066,170.29429326076038,1.4854925401422
210_Narrow,2567035000.0,1.0010977307014013,0.001579037736131634,-165.15442047405787,0.06908798495409008,0.004463939355615154,7.94023096595011e-05,170.89994115718184,0.9367028350190902
210_Narrow,2567037500.0,1.0087919832912515,0.0016364674493458257,-165.21995963188826,0.09645929195793923,0.004460762293445857,0.0001191681456106628,170.5376874287626,1.0729743632956332
210_Narrow,2567040000.0,1.0035249748407586,0.001568858440591763,-165.19174482435082,0.022129433016187108,0.004329244728472293,7.081235875065409e-05,171.57684716216232,1.2379773548775859
210_Narrow,2567042500.0,0.9972299825766089,0.0010245481029718681,-165.08190224374775,0.05503975256608393,0.004361084682485878,9.667728947834305e-05,170.92016280102823,1.0437094530524125
210_Narrow,2567045000.0,0.9981099280131642,0.0008312182274133071,-165.38667446982828,0.07635539887672005,0.00445457043551944,0.00012184636595265323,171.283549417301,1.1315988662727188
210_Narrow,2567047500.0,1.0035386799392652,0.0014985197232592188,-164.86576705376726,0.0732095954507258,0.004387179691449867,0.00011489963451261464,171.40163968171285,1.2420662297322322
210_Narrow,2567050000.0,0.9964463095811068,0.0010054819419478204,-165.21020479682335,0.06939766783015931,0.004298842676223255,0.00011720810347738806,171.19086273503058,1.491242200216706
210_Narrow,2567052500.0,0.9894113610228755,0.0010120606172026548,-165.63365234316223,0.08806497161363476,0.00436318448091915,0.00010596448126222032,170.67858468440292,1.2057799619403022
210_Narrow,2567055000.0,1.0030627591442207,0.0011808564814002453,-164.88819864097297,0.061791202165747565,0.004400654225889382,0.00012530006942600158,170.50440613020996,0.7682279530398078
210_Narrow,2567057500.0,1.002509434276516,0.0009724151787368998,-165.06303357406549,0.06388735808328966,0.004448333535315736,0.00011793698937682658,170.32852078358079,0.7571619708494102
210_Narrow,2567060000.0,1.001744961203336,0.0015480173989197822,-165.15059431473395,0.08271082365893079,0.004503795289191437,9.021354247272376e-05,171.22366144241073,1.129993762918898
210_Narrow,2567062500.0,0.999429605036478,0.0012218360056392861,-165.23371120969796,0.09259212975741914,0.004450227129126929,0.00012296241065706036,171.29392567493576,0.862156027613321
210_Narrow,2567065000.0,1.0037329914459425,0.0012058435213608595,-164.91083827964212,0.05304886467556825,0.00447582617951941,9.769195961379454e-05,170.46173495056317,1.6062162826367028
210_Narrow,2567067500.0,1.0021803405840262,0.0015023126230766558,-165.02878109028447,0.0668261175582554,0.004434272112443873,0.00013154942675209746,170.6039180978948,1.110477153652524
210_Narrow,2567070000.0,0.9973103191513899,0.0014978574853457486,-164.91515936615212,0.08821443459688548,0.0044049139612078675,8.27505452783029e-05,171.51262781806514,1.54132212112399
210_Narrow,2567072500.0,1.0036536162575491,0.001224983990424244,-165.1280358656952,0.05587531609942557,0.00447364341459343,0.00010058795892746156,169.90209137492508,1.6877952641474092
210_Narrow,2567075000.0,0.9938074818033316,0.0021621956237757463,-165.48460896542707,0.0469099094895476,0.004417589359143367,8.152200199776709e-05,170.0691331037038,1.4091568185286576
210_Narrow,2567077500.0,1.0028381305479213,0.0008901895064699196,-164.73550796529622,0.06743416236886336,0.004536255615076536,8.127281410081536e-05,170.6708114222264,0.6561144218256636
210_Narrow,2567080000.0,1.0046265507572092,0.0017864762164743126,-165.63370233931036,0.08048549731967437,0.004464527312432711,0.00011114239739074225,170.1868191725517,1.5718108767354042
210_Narrow,2567082500.0,1.0043977380624578,0.0013085340471067249,-165.290490178183,0.06678719722544185,0.0044136168077803855,9.338543229871157e-05,170.0808826316882,1.0423745699390388
210_Narrow,2567085000.0,1.0077769419742935,0.0010449509369125714,-165.0426811424643,0.08890783437051124,0.004432521500412611,0.00014056043682784267,170.0634654268913,1.3032301961340453
210_Narrow,2567087500.0,1.001071878599277,0.0010412221226702746,-165.56880804698807,0.06333147039112923,0.004427773709922568,9.826292294903419e-05,170.0267077679836,1.5157868796887257
210_Narrow,2567090000.0,1.0052152965677896,0.0010244878787462343,-165.18752074947957,0.10344046967015315,0.004497492258738329,0.00010533711310328298,170.346666497071,1.275577113939972
210_Narrow,2567092500.0,0.9978939990752215,0.0010487298858539427,-165.08396994645923,0.05967450465856184,0.004508748540781443,0.00010847960576446575,171.56739641549763,1.5200621995774197
210_Narrow,2567095000.0,1.0038098905045474,0.000750979050086566,-165.12811341866052,0.0414790103122193,0.004421618123166056,8.814306492516977e-05,170.09449259023702,1.7047365035255906
210_Narrow,2567097500.0,1.0076889160139195,0.0011876526508819616,-165.08146789201282,0.0469032734088609,0.004426159341972066,0.00010220657414570585,170.86888810941682,1.6594923776987305
210_Narrow,2567100000.0,1.001103330258878,0.0010853642227802148,-165.01286795764224,0.06376303347334217,0.004489649782697731,6.374011906033898e-05,169.912480016267,1.4984585427116446
210_Narrow,2567102500.0,1.0027876250962633,0.000943816008740099,-165.3034465876059,0.08556927051217622,0.00448000072947208,7.511884404033388e-05,170.08466156251197,1.5088044325427257
210_Narrow,2567105000.0,0.9987756245951505,0.0011523465630079695,-165.42048560321098,0.05164365498835544,0.004494449021184524,9.51926202034068e-05,169.9840286301484,0.8129518319571812
210_Narrow,2567107500.0,1.0012748909863938,0.0012216501558134235,-165.75076425591814,0.04092917542213179,0.004505830550455651,7.334732285449162e-05,169.44234547652832,1.4228732110206166
210_Narrow,2567110000.0,1.0047433729905006,0.0008763489000056173,-165.5191897151071,0.08290693653109295,0.004519034753119345,0.00012259540880303735,170.54848253348018,1.205202016047309
210_Narrow,2567112500.0,1.0012049995786625,0.0015063726672828427,-165.4211059955522,0.05750432847199177,0.004529733982031727,0.00011667046556115001,169.78082497321975,0.762919293960937
210_Narrow,2567115000.0,1.0015190820028395,0.0013785595907395084,-165.53401831147778,0.09109627877969424,0.004464942318753962,7.08692966683196e-05,169.72623674037226,1.4767354250136573
210_Narrow,2567117500.0,1.0023992023715567,0.0010573711643262808,-165.5356899238391,0.032443501575501625,0.004492288981116888,8.078916883217962e-05,169.14598464304453,1.4919208754250484
210_Narrow,2567120000.0,0.99513942445934,0.0011477400743947835,-165.25278536363595,0.06545361349016161,0.0045076855086967835,7.59443770220848e-05,170.32365189054008,1.5251461353751772
210_Narrow,2567122500.0,1.0026756496140612,0.0010357266776690847,-165.38361400434732,0.10919024378661049,0.00443520857372103,8.422495117654317e-05,169.34420109122655,1.3659332713230046
210_Narrow,2567125000.0,0.9971478042570405,0.0011388937536881256,-165.62513249594934,0.07764979916453518,0.0044867832385452385,7.790469648524691e-05,169.77928226041473,1.6540553145813945
210_Narrow,2567127500.0,0.9976481121448681,0.0014190079502917363,-165.38156784790985,0.08840995510537877,0.004485308028721909,7.422448278515518e-05,169.8049316680154,0.6448951364707647
210_Narrow,2567130000.0,0.993154031263171,0.0013873430442974408,-165.32631768861071,0.06946970930908468,0.004456449204668133,0.0001133965979940234,169.87376264000818,0.6885340329501987
210_Narrow,2567132500.0,0.9943712278602539,0.0016483859451057639,-165.54857789559316,0.07187145854175243,0.004490866750112023,7.661163657007668e-05,169.7480750561367,1.3663840921827282
210_Narrow,2567135000.0,0.9965842852070951,0.000990021090932515,-164.93998823345413,0.08768771312295517,0.00449967264783794,0.00011707206110761118,170.01599978852957,0.8203433070701355
210_Narrow,2567137500.0,0.9974939477698105,0.001358462080442806,-165.5420083082392,0.06936581018194778,0.004526867370070478,0.00011967828919954733,169.2856546149114,1.0927617041259223
210_Narrow,2567140000.0,1.0054885542244902,0.0008488092984733444,-165.53533018697138,0.06950275860595334,0.004583716039182052,8.519437573573686e-05,169.40487994899016,1.3267900320431005
210_Narrow,2567142500.0,0.9993374020742303,0.0009906706296876015,-165.49761274273357,0.08064311775187334,0.004466479063732895,9.62789984116837e-05,169.17458684553299,1.3630211931394922
210_Narrow,2567145000.0,0.9943698242538292,0.0009622537350194676,-164.99091603022768,0.06435849511128033,0.004490481664957235,0.00015723430635553533,169.8173095582444,0.8364092014746746
210_Narrow,2567147500.0,0.9944815641024505,0.0010308230308995157,-165.2125512857096,0.09056496994418012,0.004515314217717643,9.465157592628764e-05,170.03988715291723,1.3703249064650647
210_Narrow,2567150000.0,0.9997936626930269,0.0009575920136163406,-166.04423413323735,0.04704856442577186,0.004499973658886493,0.00012437910143074982,168.4861155296277,1.3374594761900294
210_Narrow,2567152500.0,0.9971051893455092,0.001556126653272386,-165.5624173217107,0.07117934164924028,0.004479102376326225,8.173213335501548e-05,169.59710774536023,1.1180050763079112
210_Narrow,2567155000.0,0.9950191856497337,0.0011537954706812511,-165.622319805212,0.06922952569148544,0.004547813818980164,0.00010879603062941057,168.5926900547499,1.3426355395148788
210_Narrow,2567157500.0,0.9939368042212269,0.0013106045299878162,-165.27459067911497,0.07022030156079302,0.0045188042820024634,6.141560131880406e-05,169.20709431298238,0.970629478920397
210_Narrow,2567160000.0,0.9938962087052499,0.0011596538736316387,-165.69109042740152,0.07100493561996987,0.0044980896855381855,6.630113211451082e-05,169.33531315759402,0.941153065839384
210_Narrow,2567162500.0,1.0049209151514749,0.0014236668368048234,-165.8798111014862,0.08519639268672553,0.0045059171094417455,8.525803556952331e-05,169.86885788924735,1.1972047250225855
210_Narrow,2567165000.0,0.9979884990338019,0.00109932438269229,-165.76368771078165,0.06632764078990455,0.004523741995245009,7.185250094853124e-05,169.286646136679,1.2218118877298614
210_Narrow,2567167500.0,1.0033413115041938,0.0014585363677742254,-165.44004039423453,0.052316438838100006,0.004608903063672491,0.00011927818366308509,168.288403150838,1.090357151166324
210_Narrow,2567170000.0,1.0037420424325014,0.001402453186597974,-165.3882742865838,0.09829098522244752,0.004607961020071445,0.00013407819099091545,169.44338245636447,1.0175917128600036
210_Narrow,2567172500.0,0.9967188067840838,0.0014436389014336804,-165.49732839835096,0.08558763907489235,0.004619073491982019,9.449785891897017e-05,168.67811487548374,1.3256657660082378
210_Narrow,2567175000.0,0.9957276565381832,0.0012276911320680596,-165.7309697124499,0.08709254373736439,0.004501993177092829,9.97473625620182e-05,169.12734322490005,1.4119796380244019
210_Narrow,2567177500.0,1.0036219610739647,0.0017418256714616185,-165.36249680617348,0.039834159207656525,0.004569254444801446,0.00012323888984695132,169.4564186374751,1.3537091921561812
210_Narrow,2567180000.0,1.0033576020695503,0.0009190378900073261,-165.39951792700612,0.09700861010910883,0.004631535045454577,0.00011772351793086619,170.05293345094768,1.5988425205486074
210_Narrow,2567182500.0,1.000256307584976,0.0011994257991400426,-165.85618722964813,0.06620542622120106,0.004567552500808617,0.00012171330783193046,168.23284999746662,1.3202466775236548
210_Narrow,2567185000.0,1.0014941306334548,0.0009284303396261393,-165.70096434236342,0.04782756419802456,0.004585200123248752,0.00011602284438555478,168.2916188831794,1.347981922469888
210_Narrow,2567187500.0,0.9889871227473279,0.0014064572561160345,-165.00843094759404,0.061729315399849854,0.0045475764733625855,8.11303722581865e-05,169.16250031984623,1.3714987406600947
210_Narrow,2567190000.0,1.0008611609231093,0.0013007197405185023,-165.6345687736042,0.0631194599158253,0.004643900506489715,0.00010460069425087907,169.02059581288748,1.4791334055536491
210_Narrow,2567192500.0,0.9980948849292238,0.0012369077591088383,-165.96461420436327,0.07135582372521888,0.0046122159817862255,8.167463455778475e-05,168.6966923090668,1.3002048819354681
210_Narrow,2567195000.0,1.0046129226097928,0.001800748525756794,-165.64692882119672,0.04177468862325666,0.0046116370816592644,0.00011925948897864575,168.29007667397528,1.1711238770726256
210_Narrow,2567197500.0,0.9993820872895511,0.0008539937622808578,-165.86532110049592,0.0864965780120346,0.004594593184044165,0.0001232496170935972,168.6601202502475,1.0417922156624708
210_Narrow,2567200000.0,0.9924089297078431,0.0010813098405836052,-165.65330299458893,0.05949707112780981,0.004547727558912652,0.0001136759266958777,168.7306958571461,1.6571203891690462
210_Narrow,2567202500.0,0.9919371682212802,0.0017151985331298446,-165.51247677992507,0.07830142088897062,0.004561170718110896,4.950708432359873e-05,168.88901128939176,1.5453642464532353
210_Narrow,2567205000.0,0.9926027669917826,0.0010843282324127736,-165.5244695442686,0.057392015913787627,0.004560388845806383,0.00011469537510524966,168.42211777371907,1.1720960380356555
210_Narrow,2567207500.0,1.0057576085125142,0.0014519538936122373,-165.83706520521793,0.07389917672969928,0.004601511842024345,8.532031290628e-05,167.93239502707615,1.8183188510575694
210_Narrow,2567210000.0,0.9894431268822631,0.0008696307972861471,-165.07961214057553,0.05537008666095445,0.004545665632029889,8.079226425648216e-05,169.23146037490844,1.3832609059169036
210_Narrow,2567212500.0,1.0010644604894037,0.0015844662472368721,-165.78898987308054,0.07334394675201134,0.004587876822086695,8.139253747538806e-05,168.91565197631186,1.3790766386493387
210_Narrow,2567215000.0,0.9990322799709245,0.001282968567619006,-165.39712844733077,0.052913559118344375,0.004629948339290315,9.395659728133978e-05,168.81769610088054,1.260387280285483
210_Narrow,2567217500.0,0.9956853845620414,0.0013401875712817748,-165.9963411573037,0.050812886085915006,0.004617381397905097,9.817371893092939e-05,168.95098892094572,1.7081756084127782
210_Narrow,2567220000.0,0.9959137627006913,0.0009415388073197598,-165.71997812879061,0.06271224969997163,0.004643936830802423,9.798246661298385e-05,168.5457060779659,1.4168628427357457
210_Narrow,2567222500.0,0.9938553833083905,0.0014955787536338964,-165.2868755939534,0.09227475965492067,0.004639241383946716,9.700549959103092e-05,168.55289302108497,1.0908680642342359
210_Narrow,2567225000.0,0.9947621992767278,0.0018142713232240084,-166.14074175449122,0.0828977240947259,0.0046266239201065255,0.00011779518997950678,167.8925114658579,1.1867389457240975
210_Narrow,2567227500.0,0.9953518559075942,0.0016936618703075148,-166.02613744099264,0.06889958449606945,0.004664089202596917,0.00011822283266289662,168.10581791840653,0.9742060014970572
210_Narrow,2567230000.0,0.9958602868229545,0.000839863304675406,-166.00414250506378,0.08731814231475792,0.004606583683805449,9.901848689027737e-05,168.20215520946132,1.7806826925199188
210_Narrow,2567232500.0,0.9984666559171004,0.001348106951658954,-165.86557024722555,0.06779712755641318,0.004638042913139523,8.001867741362127e-05,167.73188394391485,1.1732771960528645
210_Narrow,2567235000.0,0.9905083897352698,0.0010376802165388362,-165.8261019835451,0.07458752557311354,0.004650156967913894,7.24376217291044e-05,168.37054641700212,1.4280029262821665
210_Narrow,2567237500.0,0.9937936654779941,0.0012069057030219374,-166.09049309148054,0.059042589537327266,0.0046665624785782985,7.220035362394974e-05,167.7237040689829,1.269309276385226
210_Narrow,2567240000.0,0.9924156503719505,0.001056423274728454,-165.7564265394332,0.10602571913191988,0.0046785062398680966,9.484022820572009e-05,168.39617351147604,1.4409910809605422
210_Narrow,2567242500.0,1.0030724330149194,0.0011374546389859817,-166.027361694428,0.07886856463626735,0.004641595286439756,0.0001060792791953714,167.72059183754848,0.9519241378614699
210_Narrow,2567245000.0,0.9897183552211962,0.0010730213891973611,-166.17019386950767,0.07758455890002927,0.004628330269021997,0.00016001227319501401,167.26001546177406,0.8563650359624082
210_Narrow,2567247500.0,0.9994101868696781,0.0012044480592406667,-166.18417907991795,0.035592321693885716,0.004668383962873526,9.006966812216413e-05,167.39634899358447,1.0806304425432067
210_Narrow,2567250000.0,0.9988797560455026,0.0015406624027303572,-165.80251345565142,0.05372943818848824,0.004688599543040944,6.934126380832878e-05,167.5024907756052,0.9000845968968725
210_Narrow,2567252500.0,0.9925039317866917,0.0006566480395290714,-166.01020348066777,0.09713438025255014,0.00470408993274977,0.00011110565448486943,167.42840805664213,1.8093846015680526
210_Narrow,2567255000.0,0.9904723121643857,0.001793011521201612,-166.35507379535775,0.07331420952705535,0.004606232169667448,9.64164919708571e-05,167.40257772318222,1.2715687577978025
210_Narrow,2567257500.0,0.9912041283708439,0.0010271291960222684,-166.25201385113854,0.07912165837442302,0.00464662187939646,0.00012808487440459082,167.755574757824,1.098905439724815
210_Narrow,2567260000.0,0.9994769159549037,0.0009484407595142436,-166.2613900181934,0.09892500173621972,0.00466460562895502,0.00010363372304387604,167.1731430453857,1.2174389536407668
210_Narrow,2567262500.0,0.9991837730180367,0.001357566987030565,-165.94802605312117,0.09063665477623718,0.004689572085401403,9.306537898527229e-05,166.99954644544172,1.377530561144287
210_Narrow,2567265000.0,0.9888290591971938,0.0010276819533330938,-165.89734518045967,0.050842480021000884,0.004703510869192941,0.00011831494333931734,167.68624237257828,1.2299348344169312
210_Narrow,2567267500.0,1.006095157879343,0.0013331695359010255,-166.18657797199575,0.08719085593673098,0.00472551513659299,0.00010588496953307628,167.04227484170988,0.5253016013307611
210_Narrow,2567270000.0,0.9944566657268046,0.0013280892928129123,-166.33923247171234,0.0648792970069859,0.004670107430309078,7.281872873680254e-05,167.52469593327177,0.8574765747254484
210_Narrow,2567272500.0,0.9965843442093854,0.0011842143272182521,-166.1791197053412,0.0865194919851434,0.004672048225163383,6.520063125230874e-05,167.6192107066216,1.6043979134022923
210_Narrow,2567275000.0,1.0014781329893212,0.0014063307228494681,-165.78198722264582,0.07917284869886272,0.004728463256882006,8.157586709745427e-05,167.8662350365584,1.2019407823707648
210_Narrow,2567277500.0,0.9966869113765358,0.0015700504009101236,-165.70382510440294,0.07187779616922614,0.004633451766313768,0.00012147676496941144,167.94337063329917,1.4094510422754656
210_Narrow,2567280000.0,0.9963816526248964,0.0006495607076097829,-166.08225770602067,0.10121471108043206,0.0047012848113538105,0.00012711077465093774,167.23545380282926,1.3800275504487944
210_Narrow,2567282500.0,1.001863114595848,0.0010088795872428573,-166.0390190169984,0.12621924449405386,0.004761016565267634,8.42813649681182e-05,167.12401029887423,1.4486393491912555
210_Narrow,2567285000.0,0.9931001159851531,0.00144117400448093,-166.2731758497355,0.07777885580346956,0.004660532812714782,0.00011679089857252102,166.68746638592762,1.7195326217921725
210_Narrow,2567287500.0,0.991931555307912,0.0012461922535181324,-166.5154220107089,0.06399061551875015,0.004690709298247563,0.00010640598081379804,166.50811586635115,1.194358127269772
210_Narrow,2567290000.0,0.9926372754505546,0.00072384810998354,-166.29056343871906,0.09874691671182144,0.004606089946432311,8.633320147662301e-05,167.39633673578942,0.977034316210105
210_Narrow,2567292500.0,0.9935161373763236,0.0017389186707000232,-165.83889046283957,0.05677014041361414,0.004716086994334516,7.958856323287218e-05,168.303446510069,0.7095736919878319
210_Narrow,2567295000.0,0.986434063524096,0.0011924427850312153,-166.336788609557,0.05410831238898783,0.00472584200340347,0.00010314338403235148,167.0511303454142,0.5484191637337018
210_Narrow,2567297500.0,0.9941364267908845,0.001015210798679205,-166.39353845063272,0.08057429271349455,0.004694513804361732,5.5781183151249036e-05,166.05386646933195,1.0251329110106546
210_Narrow,2567300000.0,0.9946935146888941,0.00116975289757577,-166.1962912353878,0.1064678891591078,0.004710608437070287,8.136037073696425e-05,166.3249584798504,1.1704626857642328
210_Narrow,2567302500.0,1.0014952689029712,0.0015328941791843739,-166.18311352707252,0.10876836970908654,0.004771118152128881,8.364689760108266e-05,166.475357501566,1.2359794457285065
210_Narrow,2567305000.0,0.9917482642410793,0.001821628856944404,-166.44813096285893,0.07558721880106267,0.004634901114472277,8.451019116841195e-05,166.7313631996536,1.262068017411739
210_Narrow,2567307500.0,0.9964094086072227,0.0014978411928836535,-166.00478144204226,0.08418008632480725,0.004741704801418031,0.00012080547113053542,167.4802688179697,1.070164840273015
210_Narrow,2567310000.0,0.995504233910739,0.000785491784138534,-166.14617699805228,0.08057865194615359,0.004726004078610199,8.425940367187733e-05,166.29380977018852,1.30306012155097
210_Narrow,2567312500.0,0.9961052678541793,0.0005425458628157154,-165.96142748714112,0.09691869692843533,0.004721857696029626,0.00010932114218945482,167.12018752856773,1.0149210619221443
210_Narrow,2567315000.0,0.9982822642456357,0.0012696410929464426,-166.07824089210447,0.09766229554461449,0.004846592472131538,9.03531176125859e-05,166.94407795941873,0.7251869880314118
210_Narrow,2567317500.0,0.9949507605798072,0.000600862466418956,-166.28982703658485,0.0832676375973706,0.004705592529180423,8.564482434957104e-05,167.15135914384155,1.5580211539362587
210_Narrow,2567320000.0,0.9917721822042542,0.0017032073479255738,-165.94906435318302,0.05874406087655803,0.004757274404067622,0.00013611354814701298,166.31156983620838,1.2233085028391533
210_Narrow,2567322500.0,0.9946756607977467,0.0011459086066515857,-166.5317078662118,0.0750610935608816,0.004745785301146121,9.756417637323121e-05,165.99978245978016,1.504487858626146
210_Narrow,2567325000.0,0.9991810392850183,0.0016585272340398248,-166.47596837340035,0.08302338350046765,0.00478121781017064,0.00010379806615556189,166.3717680307974,1.3305412465132886
210_Narrow,2567327500.0,0.9941236782123085,0.0012117572357508595,-166.1741302629527,0.06561622373968314,0.004836592165484389,0.00010660083922728596,166.80618984569975,1.2193128476641244
210_Narrow,2567330000.0,0.9926709998424247,0.0011071747723206769,-166.36680494067846,0.04599341197050421,0.004714899326552625,0.00012186924809612304,166.195672104168,1.3252811550968455
210_Narrow,2567332500.0,0.995397246229837,0.001026962110114334,-166.26618410401798,0.08019422607316486,0.004780518625431432,9.963349399498093e-05,166.90595575168442,0.8061411237963073
210_Narrow,2567335000.0,0.9872134794593094,0.0010658207189254245,-166.5718496654992,0.08391560754736496,0.004713551691918223,0.0001323865661300837,164.99589427198796,1.2657969018348758
210_Narrow,2567337500.0,0.9981827727279055,0.0011995690926540762,-166.52737751696262,0.08517784165651429,0.004845648139110885,9.874801217482088e-05,165.35707878301898,0.963950039805527
210_Narrow,2567340000.0,0.9966694820776746,0.0009596570725184275,-166.37441002573672,0.07348200182922619,0.004803877034218898,0.00012001697712246332,165.627600702943,0.8061095814146406
210_Narrow,2567342500.0,0.986818782171474,0.0008195962603453011,-166.87510129413968,0.09309210058522478,0.0047700982450220985,5.706461028946362e-05,166.21619118393147,1.2045486677972557
210_Narrow,2567345000.0,0.9907748251382478,0.0012009258985531733,-166.13942067679477,0.08742172456230336,0.004790657478566293,8.340973137196868e-05,167.40232751337933,1.0197738802314051
210_Narrow,2567347500.0,0.9855216741949531,0.0011847096690307422,-166.2077009572707,0.08571746785546681,0.004748706079515078,0.0001268346226939967,165.96373316212032,0.8099347573547524
210_Narrow,2567350000.0,0.9936713398723116,0.0014480135174209652,-166.58228206834204,0.0607044591009032,0.004807682097679741,9.542219142987214e-05,165.37118610282204,1.0093163834768433
210_Narrow,2567352500.0,0.9870208020916554,0.0010044934571525213,-166.10699801884337,0.04424986561334122,0.004793885762846407,0.00010555287065745962,165.38651542412225,0.6787545407357175
210_Narrow,2567355000.0,0.995304807579181,0.0018247215313392114,-166.44506584110434,0.0676897867185386,0.0047955646919288384,4.885926662777544e-05,165.83406939137706,0.9829390662906465
210_Narrow,2567357500.0,0.9892598755371267,0.0010707194439127684,-166.66144743125759,0.06486319905620887,0.004816527826602386,0.00010347709554470057,165.618890871265,1.0839777463331555
210_Narrow,2567360000.0,0.9930971024459351,0.001260669954552012,-166.99507061751768,0.06142696233390715,0.004772048762690735,7.575318000486505e-05,164.93956707574878,0.9093337778922512
210_Narrow,2567362500.0,0.9924936693839261,0.0012469853839243606,-166.77802902741288,0.06504153304577157,0.0048001460604006245,6.243791781135786e-05,165.61875010878344,1.261826905894203
210_Narrow,2567365000.0,0.9817650656215877,0.0012262030487830916,-166.38438161991346,0.08091858997616132,0.004852628649551582,8.09307116801284e-05,166.12410119786156,1.340618191244105
210_Narrow,2567367500.0,0.9924282220395159,0.0005524676771520093,-166.684757857297,0.0415048616605709,0.004833558424588799,8.863438075099388e-05,164.86417076779836,0.7027940299028412
210_Narrow,2567370000.0,0.9953792583755834,0.0011304253709511782,-166.45428501947754,0.11216363931752087,0.004824608793281295,0.00012851274338210788,164.94552040479823,1.829590177307733
210_Narrow,2567372500.0,0.9852330078887258,0.0010308392781286208,-166.45812266444463,0.0845534014266291,0.004800268795767407,9.90597689553542e-05,165.80884403402067,1.1213248475225366
210_Narrow,2567375000.0,0.9898114257172652,0.0005941231988875715,-166.9430700742991,0.07022062672359922,0.004824682086789194,8.024361397486898e-05,165.52800587275672,1.097823746815589
210_Narrow,2567377500.0,0.9925334529672536,0.0011621757416037152,-166.71986464307068,0.09280653776114846,0.004826474969633207,7.842771246461518e-05,164.68218788909059,0.7880446697186148
210_Narrow,2567380000.0,0.9912087596948287,0.0011858966580568892,-166.85873751569778,0.06418519557676597,0.004835435107525182,5.1478162696776926e-05,165.64865458647333,1.3647885492561802
210_Narrow,2567382500.0,0.9829414711867754,0.0009557780130261642,-166.7872199713005,0.05979272315015304,0.0048281956581067275,0.00011678421720410561,165.07841456527314,1.2010699154657223
210_Narrow,2567385000.0,0.9902586965909748,0.0015809802788591648,-166.75969429143834,0.07104805208775859,0.004831211569967516,9.830375729937817e-05,164.61072826110293,1.0153795938986092
210_Narrow,2567387500.0,0.9955336470204288,0.0007289397608580647,-167.1928171684781,0.1187300073960481,0.004767980739437214,9.122171365846841e-05,164.17267821443113,0.9813542881259791
210_Narrow,2567390000.0,1.003609197082077,0.0005245069405953743,-166.51498718001164,0.05860699402556933,0.004898806726404305,9.125185449579865e-05,164.41975610787858,1.1764949999367968
210_Narrow,2567392500.0,0.9967948074964588,0.0016256588853558215,-167.09178124167798,0.05837370120599259,0.004891557764189967,0.00010027669483116641,164.01832978008792,1.1864662439748976
210_Narrow,2567395000.0,0.9801585707565106,0.00079121595031968,-166.5212013997128,0.0659100318846783,0.004816954306664012,0.0001585699110864622,165.4607831432674,1.1473128407802582
210_Narrow,2567397500.0,0.9896688117871915,0.0016686074536165984,-166.96246337634864,0.06695263318353026,0.0048731355756079205,8.488653817808939e-05,164.97749682806145,0.706249560817342
210_Narrow,2567400000.0,0.990882133070107,0.0012299959274965624,-167.0460762785394,0.0724434364544494,0.0049412378026667605,0.00011496917432166591,165.7394527954016,1.308704921843539
210_Narrow,2567402500.0,0.993176661276413,0.0011006086189122505,-167.05478732401312,0.09326148456241941,0.004890416995693288,0.00012718826110331464,164.90066372768274,1.186962459201057
210_Narrow,2567405000.0,0.9872609409307597,0.0012617628183815594,-167.1474615738349,0.05449314309506957,0.0048625855339703246,0.00011678950720578675,164.07524332176828,0.673167371466092
210_Narrow,2567407500.0,0.9945016573397272,0.0013245774364851889,-166.8980690687318,0.08311166296133017,0.004894085088908751,0.00013849479149686422,163.95352075566012,0.83668400090999
210_Narrow,2567410000.0,0.9902914587009815,0.0013953180502053878,-166.6353222276464,0.10006656653164887,0.004938433416286853,6.603793547194462e-05,164.13085806153475,0.9840464996595886
210_Narrow,2567412500.0,0.9946672750018944,0.001066495719351767,-167.03516724842217,0.04918370686402214,0.004917250282672412,8.736066171988146e-05,164.04348109252706,1.2183647993093185
210_Narrow,2567415000.0,0.9913800688513534,0.0013236838549965256,-166.46263830161485,0.09178684235430376,0.004909260108054381,9.947000042198007e-05,164.93407513693424,1.0381773937192047
210_Narrow,2567417500.0,0.9884876677843181,0.0011479597325161483,-167.26284327806778,0.07173753595285003,0.004877004927639557,6.608539142163857e-05,164.276890494645,1.586401913754215
210_Narrow,2567420000.0,0.9827301399375113,0.0010621023870389988,-166.38536246951944,0.07095355942997163,0.004889221354698377,9.740885268929046e-05,164.9138473040214,1.5309827155385969
210_Narrow,2567422500.0,0.9876574955662921,0.0009741233379398712,-166.5026628578603,0.05144895193605555,0.004934480948958519,0.00013801137326907502,164.57774144701898,1.3231006316038005
210_Narrow,2567425000.0,0.9876314246393701,0.0017755438596528932,-167.05843924295633,0.07480162974771917,0.004906891546004302,0.0001330708278068142,164.28619953416865,1.0281559397864712
210_Narrow,2567427500.0,0.9882662958959453,0.0014429953241170282,-166.72045329503493,0.09367591485093756,0.004885067734262497,0.00010636978076836096,163.9796786083493,0.9848804870305659
210_Narrow,2567430000.0,0.9896744096732406,0.0011083256849267226,-166.99050226078276,0.055693827070388634,0.004931878421067441,8.77261324047822e-05,163.53221585352142,1.0808184156891103
210_Narrow,2567432500.0,0.9910401320360589,0.0008015090256259932,-166.76305665816102,0.05791087901809704,0.004933361727206689,0.0001299823049035527,163.7354259028362,0.8043861000338132
210_Narrow,2567435000.0,0.985738842669866,0.0007158065787976238,-166.91088105833336,0.08504146832902643,0.004971513261390876,0.00014597652977846816,163.24340571923702,1.085108060250256
210_Narrow,2567437500.0,0.992025458464294,0.0014114911396165232,-167.0101511453454,0.07736083217485064,0.004975637917641813,6.61074770635999e-05,164.0361877349715,0.7594595229166683
210_Narrow,2567440000.0,0.9820865497636422,0.0008057882552615238,-166.79097665458698,0.0828423384605752,0.0049398682784834195,9.509984934480245e-05,163.5602977940408,1.004604500897496
210_Narrow,2567442500.0,0.9880273059980312,0.0008411267976746081,-167.13164227361096,0.06910490452524506,0.004979886519761878,0.00013972187514022292,163.03079271078394,0.8521536427378749
210_Narrow,2567445000.0,0.9919159252064698,0.0006766234518150227,-166.94123098201965,0.065870843560717,0.004999507694818323,0.00012665501972204248,163.18498098568253,0.8688233272854972
210_Narrow,2567447500.0,0.98890891741726,0.001274952117490034,-166.82691816193517,0.06836084000066898,0.004978863073619911,9.605700957107651e-05,163.52671432789222,1.5189989111652722
210_Narrow,2567450000.0,0.9805789780176768,0.0013300276521737086,-167.30810354706276,0.06683059480054118,0.004937628071372249,8.363050422982488e-05,163.58779434553048,0.9462752622857012
210_Narrow,2567452500.0,0.9919561035239718,0.0009990330068146026,-167.18975175995914,0.061171799521820155,0.00498804645491183,6.64879697440102e-05,163.12948948263713,1.4138282631326031
210_Narrow,2567455000.0,0.9793029501399471,0.0010541514095690884,-167.2110364867684,0.10373606895010506,0.004985076995910838,0.00010669997926683107,163.06514433644338,1.1736533042008492
210_Narrow,2567457500.0,0.9966774631398554,0.001225450181768175,-167.22259710343772,0.06525451247684995,0.005037997733586665,8.306463445064868e-05,162.08588408691864,1.024535344255233
210_Narrow,2567460000.0,0.9911085570163529,0.0010882846313299622,-167.38624145872768,0.08103751406785654,0.00501759341376326,7.51819500529291e-05,162.46628678447684,1.3582127558280928
210_Narrow,2567462500.0,0.98846349682147,0.0016026183268254225,-166.9990965386085,0.0478213853833075,0.004955362303803737,0.00011808347174760485,162.9008441379744,1.2461621030481307
210_Narrow,2567465000.0,0.9864211656058407,0.0008225032964513232,-167.36144067332242,0.04895425629203822,0.004961143291400865,8.920555653802183e-05,162.90621236251985,0.8918730748306127
210_Narrow,2567467500.0,0.9834434870813695,0.000987429696531048,-167.3575784055955,0.052229377974742884,0.0049859699948132195,0.00010056111000412769,162.37974990614129,1.3715163921058822
210_Narrow,2567470000.0,0.986929032517887,0.0013803811751457926,-166.83135631134118,0.09444990421804146,0.00503100853800773,9.403006350838397e-05,162.99034375713472,1.1028149808285739
210_Narrow,2567472500.0,0.9833312909704238,0.001207416927395847,-167.38844920000204,0.08308389350963861,0.004989713217761148,0.00011027701307833205,162.44939141942206,1.334979958399945
210_Narrow,2567475000.0,0.9924730590086442,0.0012690192281712485,-167.55081766514985,0.0820154165159404,0.005047723891458094,0.00011978138303057587,163.112300569464,1.0181131888760993
210_Narrow,2567477500.0,0.9878301712138332,0.0009576224240736464,-167.0196647395622,0.0670138681513632,0.005032256140356082,9.642192654766085e-05,163.4780527843182,1.5254719328787822
210_Narrow,2567480000.0,0.9820597844642969,0.001302421699733811,-166.94017041313435,0.06380724458739129,0.00506988632235052,0.0001051222127370269,163.28384089193236,1.2496598802873267
210_Narrow,2567482500.0,0.979000776804245,0.0008814083930691038,-167.08907134272675,0.041592243048983055,0.004978029402369672,7.107353053525611e-05,162.96332955693887,0.9721697500682058
210_Narrow,2567485000.0,0.9778476102504803,0.0013339967168052313,-167.43159607613134,0.07116485623094207,0.004952478750078854,0.00010535986670520625,163.214574430184,0.8766925895196612
210_Narrow,2567487500.0,0.9875579547765903,0.002026576932930466,-167.22634019819708,0.0582873349310419,0.0050301901290746714,9.048748318113444e-05,162.00880829446453,0.8967648097688159
210_Narrow,2567490000.0,0.9752791186265349,0.0012244026853519406,-167.1351212967587,0.09172926547249476,0.005037083427178491,9.085462880559583e-05,162.16474325826846,1.0081882282277785
210_Narrow,2567492500.0,0.9830562745427667,0.0006217308696903888,-167.49445411650402,0.04851428749841267,0.00500521094549666,0.00011153797884762219,161.41727621806058,1.1913444914883624
210_Narrow,2567495000.0,0.9880653974928582,0.0015843897175988233,-167.70231861518073,0.046104666103092086,0.005033897972394971,8.805837224608476e-05,162.4610516427228,0.9637908008312579
210_Narrow,2567497500.0,0.9872336619918151,0.0009319941192715522,-166.78997680090148,0.06853551400785793,0.0049933770007065306,9.311216839772225e-05,162.93138143284347,0.7239209547592207
210_Narrow,2567500000.0,0.978674909449024,0.0012547468576339393,-167.1572450625217,0.08129722519790351,0.0049778749843347875,0.00012282044011688236,162.36714109141698,0.945892259174797
210_Narrow,2567502500.0,0.985565542748047,0.000978569225580472,-167.14246287583214,0.07499154324066724,0.0050664232509492505,0.00015766614499101815,162.49174169918595,1.3073842677548355
210_Narrow,2567505000.0,0.9873702673635788,0.001106730349254344,-167.19365337707436,0.05388477130182623,0.005138640938521576,7.947307184129436e-05,162.05430033784467,0.9457979971555995
210_Narrow,2567507500.0,0.9924975173174964,0.000656542849498163,-167.6826833707702,0.06963306544839916,0.005103292728903684,8.835838757199762e-05,160.8989563512235,1.0422197510287892
210_Narrow,2567510000.0,0.9894490394584379,0.0008208782089034097,-167.7682345548967,0.053594181848654505,0.005099219847636442,6.482222990244032e-05,160.9500927891217,1.2136863169476826
210_Narrow,2567512500.0,0.9780170547636738,0.0009678889713669182,-167.50484554542382,0.06032342303703892,0.00508576605318434,9.98874915623782e-05,161.37546584069406,0.9298431000011027
210_Narrow,2567515000.0,0.9855643410550664,0.0017574674275264346,-167.26585328328173,0.047647884506283246,0.005086563900000207,0.00013842003365415235,161.86099680195198,1.0269703320465104
210_Narrow,2567517500.0,0.9780419563426928,0.001256959638300425,-167.5986419764934,0.08732319912745638,0.005015012218947026,7.88882425711073e-05,161.3098944475206,0.9870246423338946
210_Narrow,2567520000.0,0.9847095549453804,0.0010208237231629353,-167.21762344357523,0.05610293918834276,0.005114229213304191,0.0001277036711748868,161.94367653744933,1.1152723774850994
210_Narrow,2567522500.0,0.9822433774525388,0.0012529466536986293,-167.35724704333603,0.048928386358056214,0.005076253663502385,4.900919291016906e-05,161.60319901942114,1.5967590557193827
210_Narrow,2567525000.0,0.9805555934141588,0.001832354679202036,-167.9391148927634,0.06857788441908294,0.005061294314984692,9.659181786856859e-05,161.1413141226193,1.1625804468336451
210_Narrow,2567527500.0,0.9847438261996063,0.0010142481889434981,-168.05079678147172,0.0782773395541503,0.005068132038120048,0.000131292608225437,161.1141220216913,1.2997795810035284
210_Narrow,2567530000.0,0.9809268281450494,0.001090401071782093,-167.51959441100115,0.0870559457719209,0.005121860538484121,0.00010300866961845476,161.51819657868205,0.9968742881595452
210_Narrow,2567532500.0,0.9869300981830079,0.001511956165670125,-167.56882488745904,0.04687776092507989,0.005163897325315532,4.833325029667605e-05,161.88719990369302,1.128002248122443
210_Narrow,2567535000.0,0.9801629548911902,0.0011400358136183903,-167.59205921679177,0.05102324050463028,0.005108050019139801,5.814547115128893e-05,161.09403387564578,0.8136606121356076
210_Narrow,2567537500.0,0.9821971147201605,0.0013149716782329907,-167.45430436620464,0.0846389152371442,0.005202025097333213,7.079608251110443e-05,161.05131319972816,1.0605355915402934
210_Narrow,2567540000.0,0.9818844151992372,0.0009213009364235568,-167.26038491615634,0.08628343605371645,0.005107733509186824,0.00010068739215477414,161.57999157699552,1.2514661129044466
210_Narrow,2567542500.0,0.9749088909014285,0.0010297680112364902,-167.8050308719129,0.05125309143552411,0.005077089875780166,8.666298192698786e-05,159.904305851475,0.7381959792438665
210_Narrow,2567545000.0,0.982582917248148,0.0009555837952303649,-167.43963240479272,0.06871140308082144,0.0051230355322611195,8.157707270783137e-05,161.47462211774916,1.2742176529494385
210_Narrow,2567547500.0,0.981681104710376,0.001360342300267621,-168.25843210537747,0.0806042621062204,0.00512951643624844,7.448352780576658e-05,160.09908820769206,0.8460370861924725
210_Narrow,2567550000.0,0.9763961288908881,0.0006982209627923238,-167.75522715293877,0.08705123006660535,0.005108448408257835,8.7785567503441e-05,160.81297476934301,1.146085099268941
210_Narrow,2567552500.0,0.9817722056344528,0.0010422527117446355,-167.51990229919846,0.07067115663169452,0.00513569164032896,0.00013428056995403828,160.85405788677133,1.6744144531163767
210_Narrow,2567555000.0,0.9663245497172361,0.0013762258201906847,-167.8360802868708,0.059372712907605645,0.005081954665691461,7.855951930755238e-05,160.89829532938404,1.2534747756004907
210_Narrow,2567557500.0,0.973890944419536,0.000968262386914447,-167.35656853145014,0.0688781005895947,0.005149863695614125,6.64460895781048e-05,160.9344584931047,0.8460444222835272
210_Narrow,2567560000.0,0.9734265109938529,0.0010254085563461948,-167.95118041954322,0.06837871556048235,0.005175263289812496,9.28022340544801e-05,160.45294485584103,1.273795494358809
210_Narrow,2567562500.0,0.9801286173717207,0.0010620020194634676,-167.90654847583704,0.08553439339715783,0.005115303392989405,9.65981345758573e-05,159.92110666712094,0.8564258951232742
210_Narrow,2567565000.0,0.9754454664123186,0.0006546322029626653,-167.60984041596194,0.049626268316835156,0.0051997547575466365,9.616321107373201e-05,161.05196990213804,1.0772698092415367
210_Narrow,2567567500.0,0.9858263721828412,0.0014887293312464995,-167.5978344041776,0.054496612739236255,0.005248406122678102,9.445204781485133e-05,160.19012947891747,0.9626512743223301
210_Narrow,2567570000.0,0.981960294748211,0.001352875530718351,-167.85197076678983,0.09166326692210494,0.005202027753131618,4.423776896250664e-05,160.22598994291644,0.6146285943976745
210_Narrow,2567572500.0,0.9864939391253955,0.0017486041716403525,-167.91142541699145,0.06622605246494605,0.005126712011945034,0.0001147523633007618,159.30405743282435,1.7237419388562034
210_Narrow,2567575000.0,0.9696437802034144,0.0013200538002964765,-168.04510014495122,0.05566612935379483,0.005106116163484318,0.00010830561513647427,159.69355927149056,1.1560379195854933
210_Narrow,2567577500.0,0.9825090662237784,0.0008938383685530497,-168.12806599806518,0.07455863313371652,0.005245540248948459,8.189139738061036e-05,159.83993674402998,0.9109398849829187
210_Narrow,2567580000.0,0.9785906438727549,0.0005345385781575745,-168.2221213473073,0.062033881628364825,0.005253458583111342,0.00010782704779042689,159.5323212104875,1.0917614009721048
210_Narrow,2567582500.0,0.977254538949128,0.0010045111916577357,-167.8221720108478,0.05528275999144884,0.005202264322080102,0.00014414638066926564,159.57846568416258,0.8862217309799381
210_Narrow,2567585000.0,0.9753093108610659,0.0013487749792323812,-167.78344459784307,0.08550320830066829,0.005123689114995596,7.441976796709539e-05,159.98199615206357,1.5473842942058176
210_Narrow,2567587500.0,0.979952590241358,0.0008909801888839924,-168.11755232174545,0.07576773959478438,0.00525591121039858,6.663012236583732e-05,159.04433388519286,0.9433480711631881
210_Narrow,2567590000.0,0.9808579231274044,0.001496930889335602,-168.29717706247652,0.13182367063855682,0.005243081692076551,9.968582031885148e-05,159.4460724557168,1.2674331960078187
210_Narrow,2567592500.0,0.976776402225336,0.0015639477686152327,-167.63400526751707,0.05870700173056701,0.00529045718380007,0.00010572161634197523,159.93579695494861,0.9087710571554515
210_Narrow,2567595000.0,0.9714552058726039,0.0010836837737856547,-168.15421242427584,0.1001893366790351,0.005218187763782635,6.674279316637048e-05,159.697673010105,0.7376057858651798
210_Narrow,2567597500.0,0.9776273752616135,0.0005426598394044387,-168.05816180034242,0.0736394674773811,0.005222030595577319,5.447280706075033e-05,158.81142879090814,1.2006966147184555
210_Narrow,2567600000.0,0.9729362522502994,0.0013632563127548296,-168.0643044417177,0.11238435729702288,0.005227692738910996,7.15775160491789e-05,159.13794361278516,1.55799957970893
210_Narrow,2567602500.0,0.9759820233705824,0.0010448376880203328,-167.8451230428015,0.06500548007014066,0.005232662280923091,9.734762458325983e-05,159.4044194435895,1.5429947916798405
210_Narrow,2567605000.0,0.9687255295604777,0.001536839516272113,-167.97660331312736,0.0701876421083009,0.0052097678790113755,0.00012278555215084657,159.5376978029388,1.0691176542254892
210_Narrow,2567607500.0,0.9714126127742528,0.0013131891079592852,-167.97979827730114,0.115059118985027,0.005204266554911855,8.955408480500966e-05,159.7758619095189,1.0533499049641208
210_Narrow,2567610000.0,0.9787025796197919,0.0015325076026452414,-168.35314419210786,0.06304983423263258,0.005271328636812506,7.527176520467604e-05,158.98252195769584,1.3933038494115184
210_Narrow,2567612500.0,0.9758347324266872,0.001752534208606882,-167.71824591265948,0.06979328383668494,0.005273393569939126,0.00010096716871015614,159.18248287674083,0.845604698506818
210_Narrow,2567615000.0,0.9827103194780148,0.0010767710829624642,-168.45055577185178,0.07581203917134663,0.005285550764683341,6.457652361109433e-05,158.12980260662383,1.039395115360011
210_Narrow,2567617500.0,0.9665221059514356,0.001071666487682451,-167.95249226546508,0.06537748326332418,0.005238467699539557,8.797070503627972e-05,159.0027163835793,1.0590467358759412
210_Narrow,2567620000.0,0.9773986897845496,0.001156184794910282,-168.23316587810922,0.08222141415922263,0.005297775306940653,8.278708059318626e-05,157.72687512060483,0.9693741651409298
210_Narrow,2567622500.0,0.9723678694403134,0.001593113228232893,-167.91592568256232,0.0700519706522418,0.005316379822438674,0.00010540881517730077,158.4143879969841,1.093847495331257
210_Narrow,2567625000.0,0.9742420529980087,0.0019904240249294302,-167.96000077109358,0.09529782276954682,0.005289855489305795,0.00014592410346501698,158.43211627533503,0.9503068722771505
210_Narrow,2567627500.0,0.9670391158808547,0.0012829710021589381,-168.27047503752493,0.062223437290563226,0.005203944707332593,0.00013268083230269756,157.71869732192798,0.9150559278860502
210_Narrow,2567630000.0,0.9684727937798656,0.0009600585133536454,-168.20683948116027,0.04975664889000956,0.005289507407263104,7.035049213397886e-05,158.69001686934763,0.8380112949415355
210_Narrow,2567632500.0,0.9711689603795118,0.0018277439285691553,-168.14866722985437,0.1074466390335349,0.005317866896786663,6.247338963681421e-05,158.29762082891466,1.1441514898660246
210_Narrow,2567635000.0,0.9731234617077589,0.0014436673744736988,-167.75135056106745,0.0619990758231295,0.005317962822491057,0.0001003982580723729,158.14156503992535,1.2623625443873387
210_Narrow,2567637500.0,0.9761480120280315,0.0008540627403218596,-168.33950041173946,0.08717962948832379,0.00537827734012728,8.574662134712832e-05,157.31300208003177,0.9490361678361785
210_Narrow,2567640000.0,0.9693681343745014,0.0013343854374473561,-167.90138108687344,0.06593325200067071,0.005309406971223922,0.00011446131515999372,158.44913357698056,1.0294330515078807
210_Narrow,2567642500.0,0.9698765002723617,0.0013931179391382153,-168.30633070020616,0.07482895861993359,0.005355384925383679,9.937781411552267e-05,158.0201919107975,0.8296997362612832
210_Narrow,2567645000.0,0.965662535176943,0.0009508780929401128,-168.46186652515192,0.09932664170227325,0.005248215962117552,0.0001040779925886175,158.26628457189443,0.6695793389545762
210_Narrow,2567647500.0,0.9791444525866652,0.0005674132291166058,-168.2357450627208,0.08201984365514679,0.005420726422039484,5.02775329711011e-05,157.48175052501054,1.220394646550289
210_Narrow,2567650000.0,0.972477439348792,0.0008364558035579981,-168.42121937580927,0.07677728789674744,0.005310961762704475,9.699284487875915e-05,157.18187605806523,1.226636814100939
210_Narrow,2567652500.0,0.9722392085052209,0.0013485156602847403,-168.1099606097837,0.08879799128404875,0.0053753196496020205,4.71940329705017e-05,157.45643975633712,1.5411055780730485
210_Narrow,2567655000.0,0.9633245694619008,0.001020497823602971,-167.79319704342504,0.06620224697203352,0.0052760025773260924,0.0001134251161675408,157.8135598610154,0.8384460195578473
210_Narrow,2567657500.0,0.9677253756949133,0.001427552310166,-168.91458850600569,0.0732450169934582,0.0053552114443607066,0.00012402690398000417,156.83634514817373,0.8345349607749996
210_Narrow,2567660000.0,0.9762495863746754,0.0010661192787218463,-168.29271641890148,0.08908369726030976,0.005324635443523034,0.00014882219731363972,157.28452050440058,1.0286202887240872
210_Narrow,2567662500.0,0.9738639216674245,0.0012127227161039113,-168.27074763134613,0.06925813526714132,0.005384006882915549,9.052802726658507e-05,157.33006889181306,0.8216898792393732
210_Narrow,2567665000.0,0.9712967153754134,0.0013540974045690049,-168.35173104242472,0.08707358495895118,0.005479113325147748,9.347559105996445e-05,156.86656415139353,1.1149106800323947
210_Narrow,2567667500.0,0.966940135702476,0.0011715913190346843,-168.44536671117226,0.09193091557445274,0.005352206637572329,9.449380633834555e-05,157.52003666336262,0.89528977168395
210_Narrow,2567670000.0,0.9610756219547879,0.0012740903366003354,-168.2666529037131,0.1133091597812094,0.0053656149312478855,0.00011524095419067995,157.52973589821116,0.8085362179770001
210_Narrow,2567672500.0,0.9638355647817713,0.0010263357553776129,-168.65054924363497,0.10796575569739122,0.005404876848874678,8.5266240157805e-05,156.81993484844014,1.3401389551907648
210_Narrow,2567675000.0,0.9640577484537577,0.0011499099574879728,-168.46394171774648,0.10499457574388314,0.00544415358806345,9.167062247996878e-05,156.69008050400535,0.9446181886030339
210_Narrow,2567677500.0,0.9640002772968179,0.0012710007201920202,-168.67924741491083,0.0684823321829404,0.005396299552707079,7.436571201561094e-05,156.37542167836455,0.7431368766273696
210_Narrow,2567680000.0,0.9698667999269585,0.001091342616111943,-168.48179536121083,0.055799729482002354,0.005451044933633656,7.078829270838193e-05,155.95276999553047,1.2257515870720856
210_Narrow,2567682500.0,0.9609534183540224,0.0012198610647791554,-168.45332545641216,0.06376710544572595,0.005354599765447936,8.811019155750019e-05,156.14458247724514,0.9902356106573303
210_Narrow,2567685000.0,0.9660911051313626,0.0008351210778696414,-168.16252159524177,0.05137875577360757,0.005404710760442028,0.00011964641503744243,156.2858956686825,1.05195902807533
210_Narrow,2567687500.0,0.9641528300510104,0.0008013932818748279,-168.4092675243356,0.1117051672443232,0.005464126486290674,8.545768609124086e-05,155.4259573898547,0.8983890589930218
210_Narrow,2567690000.0,0.9597871176651372,0.0014871198299413774,-168.65819483061415,0.07236084445192238,0.005339470213957663,0.0001382638756197297,156.43606593195423,0.7603908472008493
210_Narrow,2567692500.0,0.965022568746197,0.0014473141085408693,-168.4087983042224,0.0855281933325485,0.0054477520352099644,9.927721022889621e-05,156.45145641387361,0.7183483891948107
210_Narrow,2567695000.0,0.958930139155538,0.0013783350059474622,-168.65371356000344,0.07824622596357295,0.005465064353604318,0.00013000073001484473,155.4041395847561,0.7951179888808523
210_Narrow,2567697500.0,0.9733689441978578,0.0013545873891128146,-169.02709310379535,0.07519054095965377,0.00549902747134775,0.00013129957361790844,155.2022303294568,0.7961483340993585
210_Narrow,2567700000.0,0.9635003933376486,0.0013641070256154688,-168.28970699769658,0.04841911617381328,0.005482977080218579,8.617462917975661e-05,156.38356468363475,1.0787791416452062
210_Narrow,2567702500.0,0.9689963481092229,0.0011456574225140997,-168.30863698016296,0.1127807019449521,0.0055287350756568834,8.110726899761916e-05,155.3331776244752,1.1564970741837464
210_Narrow,2567705000.0,0.9659672093316977,0.0008019353107680123,-168.59586323562988,0.042107243337813884,0.005589609860100223,5.707154907810463e-05,155.00676742494937,1.0817094660369957
210_Narrow,2567707500.0,0.9687550218981058,0.002051392059525182,-168.64738588920937,0.060474807557588224,0.005479587177906622,7.707771368631769e-05,155.2259861110406,0.988675250808443
210_Narrow,2567710000.0,0.9640631788579948,0.0016750898033572926,-168.50448550648912,0.0676696041529651,0.005478183944453127,0.00012499091577705776,155.5291261913578,0.919194551133992
210_Narrow,2567712500.0,0.9687197481171341,0.0015256038452226808,-168.77172755912534,0.06090617178192002,0.005510506067593093,0.00010591830592687696,155.09392648087595,1.1655631267710587
210_Narrow,2567715000.0,0.9658023922869291,0.0007654629580905555,-168.64682618386303,0.0680773348116334,0.005516175804643204,0.000110041693452251,154.97346534692713,0.6393335475277007
210_Narrow,2567717500.0,0.9598944454665141,0.0013944460112797234,-169.00519487285234,0.08060317217838212,0.005487470448787899,6.044362961467414e-05,154.2630668199865,1.3436186253222
210_Narrow,2567720000.0,0.9548115266351707,0.0011202923801515948,-168.66599990765013,0.11239020164043625,0.0055124387126739335,0.0001015532969851502,154.34618863098888,0.7694846559254214
210_Narrow,2567722500.0,0.9627881981998292,0.0011495609895035017,-168.44547377386067,0.0777389494614463,0.00546338038467226,6.594212268798031e-05,154.84594422627208,1.0485633907237788
210_Narrow,2567725000.0,0.9652314286888733,0.0005044747617176531,-168.61439991942285,0.09371556294925694,0.005512628420489897,0.00010866325042333112,154.97272330327525,0.7768186356539494
210_Narrow,2567727500.0,0.954412999038503,0.0008553611573720379,-168.86504397023765,0.08160126764010901,0.005442962891923695,8.89053595618503e-05,154.6542762098153,0.7462788852071014
210_Narrow,2567730000.0,0.955730080319148,0.001205556618945175,-168.67604306983174,0.0532180585748182,0.005506582453008289,6.881257482245078e-05,154.962605671546,1.1481160222789322
210_Narrow,2567732500.0,0.9559454911626735,0.0008616476691579513,-168.84887282682152,0.06974674702343805,0.005551132070076131,7.611448504932096e-05,154.1750519255262,1.1010833285425141
210_Narrow,2567735000.0,0.9638403022050432,0.001129755959034964,-168.7594595593444,0.07753108677401249,0.005588472539169637,6.253451765937853e-05,154.83969119597916,0.8817539844407623
210_Narrow,2567737500.0,0.958345815506342,0.0008488755181150786,-168.35067362717072,0.06248339793201495,0.005564824046200713,0.00010343875642846478,154.5310386548883,0.7803947613292233
210_Narrow,2567740000.0,0.9599472170006865,0.0013047925521149394,-168.9253675975859,0.08710013703806331,0.005564481278619565,9.81956351412619e-05,154.19216090857947,1.005730142916931
210_Narrow,2567742500.0,0.9598437032940496,0.0011392913271470921,-168.6372336058725,0.04975483831501976,0.005622911403662417,8.601813356872862e-05,154.11428319375352,1.071836751105554
210_Narrow,2567745000.0,0.9517977324698187,0.0008419525577514113,-168.44307172505168,0.0677619187820979,0.005533527565607,9.434640014110895e-05,155.00950083334212,0.9625485687855022
210_Narrow,2567747500.0,0.9602183304330398,0.001490181334300954,-168.70030716193435,0.09534570545780614,0.0055542887216188455,7.938592316531077e-05,153.70134323488054,1.1470873132870922
210_Narrow,2567750000.0,0.9528032630278227,0.0007884617143826058,-168.78633264583124,0.08102148224939945,0.005549304365074978,0.00010802146426487283,153.88481336240562,1.2454024099893746
210_Narrow,2567752500.0,0.953151049190351,0.0015089038043846626,-169.04599846284904,0.10106390187768961,0.0056292268736189005,8.126215054129168e-05,153.52094498645653,0.9849846720978329
210_Narrow,2567755000.0,0.9607346600927329,0.0011127175829368974,-169.0402083068118,0.06274187972597797,0.005537158006549964,0.0001018226883253307,152.68831131997666,0.9454050431310607
210_Narrow,2567757500.0,0.9610554291257499,0.001093728787227138,-168.73495049574575,0.08961242133475177,0.00559103580768554,9.825591948195082e-05,153.3958628183552,1.1271397117806135
210_Narrow,2567760000.0,0.9544525692543986,0.0011622827112140023,-169.09526326686915,0.08049675654972799,0.005584011664564945,0.00010806886672317565,153.4009516984764,1.0134542063413714
210_Narrow,2567762500.0,0.955352477407192,0.0010621911950751564,-168.530585629208,0.08418032097244921,0.0056376480577989534,8.800727567881266e-05,152.82371533966477,0.6773125038890431
210_Narrow,2567765000.0,0.9510657495553082,0.001408403037977528,-169.26999095669996,0.0738748817574594,0.00565168331824424,8.530132107799317e-05,153.1499721801722,1.4692534036168514
210_Narrow,2567767500.0,0.9530016479488214,0.001411389558986093,-169.26550956994316,0.09979058508672378,0.005689153489559687,9.063283453729789e-05,152.40705459229474,1.3113352434547136
210_Narrow,2567770000.0,0.9529579135890819,0.0008105217503932091,-168.985667703394,0.10178103878896441,0.005617419499582191,0.00011662761398825732,153.08579178947065,0.5752214844149302
210_Narrow,2567772500.0,0.9543222064673754,0.0008363336036136042,-168.77707899940657,0.09564146450971288,0.005618736341352194,0.00016067199780698575,152.71129385320933,0.8688431643070762
210_Narrow,2567775000.0,0.9512167113959874,0.0008133362235356776,-169.40576556572407,0.07648031572966282,0.0055975830375802355,7.020453427626123e-05,152.38527404505757,0.7564770941454735
210_Narrow,2567777500.0,0.9553377050471259,0.0015848085694441637,-168.95857610535265,0.07380693962935213,0.005711413347316817,8.335285654330017e-05,152.7013070960815,0.4754850123757968
210_Narrow,2567780000.0,0.9476633595393054,0.0014703187762914287,-168.91468277252295,0.07542205411086564,0.005616041369823732,0.0001041050946815858,152.40772305256183,1.2589621323029978
210_Narrow,2567782500.0,0.96023756046297,0.0011491309905559135,-169.23646299991537,0.07751050251556399,0.005695582253333444,7.72156236388984e-05,152.3461601092237,1.092763673701064
210_Narrow,2567785000.0,0.9484103952834949,0.001323193161460543,-168.93109886558054,0.0854900668651116,0.005640961607842526,7.29216700513758e-05,152.74809521530355,0.8566110398521629
210_Narrow,2567787500.0,0.9534732156512521,0.0011462691671693798,-169.53185208181193,0.10240063217474249,0.00568611449173342,7.401176239963425e-05,151.27399634321853,0.8569790526978657
210_Narrow,2567790000.0,0.9490386016255146,0.0011946415521620788,-169.0788648705709,0.0691305508924337,0.005705254946204855,0.00011138051204858491,151.85878462326883,1.1191999134693915
210_Narrow,2567792500.0,0.9518122787222731,0.001193705914126802,-169.08237088993238,0.09527356970775272,0.005700667701783697,0.00010379684234806163,151.33316185208372,0.8711318967585256
210_Narrow,2567795000.0,0.9475384651729764,0.0015257452150644845,-169.45844315301733,0.05838632568348348,0.0056977311493545445,0.00010339648273815296,151.37621815517588,0.5548499451904697
210_Narrow,2567797500.0,0.9509713579773458,0.0010892127591572418,-169.31410985582096,0.06972520640738808,0.005618128614358236,9.1565439535924e-05,151.65764375332728,1.3739703746441134
210_Narrow,2567800000.0,0.9462374681929446,0.0010018663249627667,-169.11151337741128,0.043302095167111775,0.005695170259724713,9.22506123752276e-05,151.1131795524218,0.8688097375746351
210_Narrow,2567802500.0,0.9440345754363639,0.0011293059686158238,-168.90582176621257,0.10747691251787476,0.005676078401345785,0.00010999319036942173,151.14357699754513,0.9437104812948363
210_Narrow,2567805000.0,0.9524063943308905,0.00038463225124973986,-169.1333936962697,0.08615280197122063,0.005772123875706924,8.712649733770516e-05,150.50925318849366,0.6617889889732163
210_Narrow,2567807500.0,0.9468486500681599,0.0016871455537201179,-169.2222585316577,0.0878903073651537,0.005695725647396182,7.926019851402234e-05,150.40481234538743,1.42387285709394
210_Narrow,2567810000.0,0.950303223190937,0.00111652775083064,-169.0368649270303,0.0771351301777366,0.005714838251669054,9.415991116982556e-05,150.22173170769588,1.1865683146999886
210_Narrow,2567812500.0,0.946061508173997,0.0017245340877665395,-169.3210376168636,0.09936800014899537,0.005717730856912909,0.00012934305191354605,150.8412113019831,0.7782940531180281
210_Narrow,2567815000.0,0.9488745872105306,0.001186857128799615,-169.80993826860666,0.10609922145826588,0.005772822914573469,0.0001135994277410981,149.80260181158442,0.49919734929853915
210_Narrow,2567817500.0,0.9498437554700981,0.0011728594474645167,-169.26272697909525,0.0689912532647253,0.0057500260019473295,0.0001340018579852149,149.86488850331202,0.9644642303818782
210_Narrow,2567820000.0,0.9448062724454045,0.0013539342346124178,-168.9470991262829,0.0711136487657954,0.005745401545414159,7.093246476276199e-05,151.0369041917398,0.7160075401448512
210_Narrow,2567822500.0,0.9392293577448971,0.0015417152679553384,-169.1361975284875,0.10895771988019323,0.00572949760384892,0.00011515753935624529,150.58850045844358,0.7707249167533892
210_Narrow,2567825000.0,0.9404507259880571,0.0007543430908128902,-169.29160326690618,0.0898690541955136,0.005659252454701111,9.69472392547992e-05,150.41641936539034,0.8493699395724741
210_Narrow,2567827500.0,0.9490931522976438,0.0011784556689773068,-169.3182853886427,0.06393272980266038,0.005798588539629792,8.166363906995244e-05,149.80214241656898,0.9101048253059113
210_Narrow,2567830000.0,0.9435391492015417,0.0016622003331495988,-169.4928399617358,0.06037335660685186,0.005787057762010679,7.720469964131506e-05,149.46721550466876,0.9238180012011732
210_Narrow,2567832500.0,0.9333943468187255,0.0010393624008368943,-168.72643655629594,0.12380133964074716,0.00574929266850116,0.0001109249558750367,150.53184113681044,0.7753910964670993
210_Narrow,2567835000.0,0.9439825143458602,0.0012885479039490193,-169.53447039808572,0.10860117022443588,0.005774621284067789,8.875548846346752e-05,148.98554183789895,1.324968964167775
210_Narrow,2567837500.0,0.9400531164125822,0.0017353463729210192,-169.18951567278893,0.06503829582861358,0.0056804390443636514,5.558185930144307e-05,149.27241362991566,1.1961541209439153
210_Narrow,2567840000.0,0.9442469060271618,0.001108660551569616,-169.31247245919613,0.08262542274934,0.005764471767756225,0.0001017909494731563,149.53837994381368,1.1345179262937184
210_Narrow,2567842500.0,0.9359995591929222,0.0011336810905365532,-169.18991389224826,0.08355546858244355,0.005842353808721868,0.00011226003331345285,149.43598214454025,1.1561557097917077
210_Narrow,2567845000.0,0.933712455496327,0.0013029973438410914,-169.48993094037797,0.0811586407651425,0.005793372213536537,9.658127913927828e-05,148.98426207887564,0.7163677073519893
210_Narrow,2567847500.0,0.9410026669895297,0.000975990601595186,-169.20230770831256,0.07720125609425182,0.005777412321541249,0.00011098861196950745,148.99565143686326,1.3676562254413245
210_Narrow,2567850000.0,0.9350282795131905,0.001538275947132272,-169.34667834996813,0.11591857552926473,0.005784309834200751,7.461923063002716e-05,148.87597076156393,0.9566946235604704
210_Narrow,2567852500.0,0.9426964705459958,0.0017373617924345047,-169.54178479718513,0.07645634156450377,0.005871957802598404,0.00010819375764822306,148.58687300197465,1.026665673522316
210_Narrow,2567855000.0,0.9392808315497855,0.0016650140175595428,-169.60122372116226,0.07686490905201841,0.005842013741657477,6.725212169509938e-05,148.30330642959157,1.2183265687830522
210_Narrow,2567857500.0,0.9430596304870676,0.0017147567900015017,-169.22656801526495,0.10336867869003662,0.0058961417419531835,0.00010310647094843181,148.21014746527973,1.1680768843281675
210_Narrow,2567860000.0,0.9359293934201367,0.001944836730240532,-169.42363167134803,0.0813214964667138,0.005894980317658662,7.100270486102451e-05,148.1096771473443,1.1680074674924878
210_Narrow,2567862500.0,0.9347514641400939,0.0016888162507573113,-169.4918603806725,0.08456087081878547,0.005848313663703009,4.1049954709957425e-05,148.51264597332477,0.7876009725641676
210_Narrow,2567865000.0,0.9352405159992068,0.001677925285368108,-169.21044397788998,0.06785232565748939,0.005870088391282121,0.00012258811818536544,147.6787393469976,1.0153309630550544
210_Narrow,2567867500.0,0.9327273316406834,0.0015970645316654081,-169.65463753108548,0.05747336487639315,0.0058478318877762765,0.00010256713789944857,147.65977370358513,0.7348680428231672
210_Narrow,2567870000.0,0.929785425813417,0.0016904288783996496,-169.82174809543824,0.10042278353691539,0.005891554427074485,8.57003172976335e-05,147.65044645429774,1.0434007589640326
210_Narrow,2567872500.0,0.937489400035793,0.0020542065374081326,-169.62662711894535,0.06548987730785447,0.005850736176921798,8.877865462927758e-05,147.25385133429788,1.1329696275117718
210_Narrow,2567875000.0,0.9369522865741966,0.0011689539222641166,-169.77608157497826,0.0738325272012007,0.005913689108144919,7.542464992634671e-05,147.46645100745076,1.1650855763150838
210_Narrow,2567877500.0,0.9244221311434591,0.002000121409892128,-169.43461503273753,0.08595940002355733,0.005908650841891331,4.6671804382131454e-05,147.12533793212805,0.9759181974366175
210_Narrow,2567880000.0,0.9290886652776825,0.0019056443749709457,-169.41651239076984,0.08121065771225944,0.00591460508642923,0.00012222021855358523,147.39654078703663,0.7453864346238691
210_Narrow,2567882500.0,0.9309850602354328,0.0015373294126389142,-169.60125950328325,0.05431351339257299,0.005854508923996592,6.79920687461286e-05,146.38604084889,0.7925976401028922
210_Narrow,2567885000.0,0.9310040194130184,0.0018740412139874906,-169.67212667176844,0.04288851735850082,0.00592461926178193,8.332764234764126e-05,146.8871756118217,1.0286051094443556
210_Narrow,2567887500.0,0.9317839214300805,0.0012045794521859405,-169.60102634186686,0.05421819008698918,0.005918572810654742,7.610787111136965e-05,145.7708454864845,0.7295559693585305
210_Narrow,2567890000.0,0.9232912295243609,0.0013567902732659015,-169.6996038479089,0.06669939696901067,0.005831027160434992,0.00010811685369304846,146.7636134513644,0.8199325472213189
210_Narrow,2567892500.0,0.9295165762590818,0.0019415932739638411,-169.6816304779212,0.05299349059668135,0.005871867610920247,6.718928364162052e-05,146.41486847826505,0.6376901648050676
210_Narrow,2567895000.0,0.9298781439662533,0.0011406398120563817,-169.82602740143676,0.09380632203458375,0.005953284643790111,9.746578639437635e-05,145.73213510045252,1.0856435877387622
210_Narrow,2567897500.0,0.9210457165543754,0.0016051825845576227,-169.86892619515555,0.08720097359843436,0.005921663430876572,9.255443870993829e-05,146.47092029739883,0.7980514202038436
210_Narrow,2567900000.0,0.9275450156347018,0.001633641475313119,-169.76589361234963,0.09076110133343152,0.005949171156162868,0.00010097917737751927,145.55572632724383,1.1136718215391437
