Measurement_Mode,Frequency [Hz],S11_Amp_Mean,S11_Amp_Err,S11_Phase_Mean,S11_Phase_Err,S21_Amp_Mean,S21_Amp_Err,S21_Phase_Mean,S21_Phase_Err
110_Wide,1870000000.0,1.0244283063792343,0.0018624262447877367,-51.821853455139426,0.16310797218652026,0.0012063570869716084,0.00013943924264438274,-99.53916867907243,6.573217707493549
110_Wide,1870125000.0,1.016043381209419,0.0014913277756159577,-51.40890242599866,0.06412833489874709,0.0011380260722530955,0.00018415661519705027,-103.49680096857266,11.226278311362053
110_Wide,1870250000.0,1.0089024413046268,0.0014289110099455964,-52.10595356072159,0.10036306516881913,0.0011083153744960409,0.00017152630748587698,-99.80529736298516,13.131005619292097
110_Wide,1870375000.0,1.0084618579263047,0.001167713507188151,-52.237575254029416,0.10280259898161606,0.0012367568205470753,0.00016804647577753256,-104.28599967181873,6.973022068545372
110_Wide,1870500000.0,1.017351288800027,0.0020042749248568893,-52.34563197951475,0.06824583082666186,0.0012039119775100616,0.0001537525280157858,-95.36179515465331,5.961065011720616
110_Wide,1870625000.0,1.0226098989879029,0.00159148960795615,-51.756164035375754,0.06582638433396437,0.0011372760030091645,0.00024459417239177815,-99.07922666353971,6.863460594316284
110_Wide,1870750000.0,1.0217189795140313,0.0019239416837060932,-51.92173060650887,0.11417675516467087,0.0011885753775592498,0.00019741861572068078,-102.37408972738736,8.586754652476696
110_Wide,1870875000.0,1.0154247660255027,0.0014804727194231426,-51.76553789483133,0.053717728794347365,0.0011739321330016437,0.00017147186922777867,-92.35082483962161,6.822354530184279
110_Wide,1871000000.0,1.0275104967604114,0.0018188441570024807,-52.22208058689122,0.0836304067605687,0.0011926454100040624,0.0001489017369849159,-99.00423970116275,7.463904431582393
110_Wide,1871125000.0,1.023806935348671,0.001979003628083244,-52.84540528874088,0.05494657652824166,0.0011557512703320707,0.00021047003385742263,-99.80633009211263,8.729043283247835
110_Wide,1871250000.0,1.028717608450806,0.0021217377276396476,-53.21652286753468,0.10065919016085147,0.0011628847643977759,0.00018187664765651593,-98.51901193818306,4.4702341521087865
110_Wide,1871375000.0,1.0266016054895817,0.0014974570294280956,-52.814962441611385,0.07684170027217818,0.0011713553515213322,0.00015282382214296575,-91.70318438417294,7.151560079764196
110_Wide,1871500000.0,1.0369344839525656,0.0018047664702887046,-52.26655300930077,0.04739394323859471,0.0011415360515249376,0.00018312132260252064,-96.97281269846754,10.526215834889118
110_Wide,1871625000.0,1.033006183962562,0.001414034354503271,-52.951896547293686,0.062094915685393215,0.0011416197157286285,0.00017071274118410864,-98.14739413823106,10.03797742861807
110_Wide,1871750000.0,1.0432911968985883,0.0010293301576269974,-52.51408609111593,0.09242101674667785,0.0012043769293862282,0.00010792622191010911,-96.20170700015576,7.2514062483839625
110_Wide,1871875000.0,1.0400765282095392,0.0017710884035579502,-52.72223843509176,0.11620631882470599,0.0011318268771715809,0.0002178426326276331,-95.07275358194553,11.890220542957175
110_Wide,1872000000.0,1.0375216021329008,0.0017306667255704788,-52.386873518244684,0.08641503755098587,0.0011186862852911802,0.00010279278664223716,-95.33603544640995,7.647823311048982
110_Wide,1872125000.0,1.0437784553365401,0.0014893742234211023,-52.3074262472142,0.09269413217721341,0.0011943946156438257,0.00020514885032897127,-96.60650041338207,6.790341138248981
110_Wide,1872250000.0,1.0415899551670327,0.001983617492072216,-53.11574561450499,0.08011257772963565,0.0010448704705032532,0.00020725867719886053,-88.09073052875425,6.682064051266072
110_Wide,1872375000.0,1.0356153136432757,0.002013139324112244,-52.689627503749,0.08573799903137262,0.0011379396193541191,0.00014135358625433787,-91.73939530242005,9.997688819944864
110_Wide,1872500000.0,1.0472283600914392,0.001492600157681301,-52.53571940667343,0.11152026119086716,0.0010053342918747478,0.0002651241505697321,-95.99821546498349,10.052098851787706
110_Wide,1872625000.0,1.0411350299534627,0.002312605478612458,-52.563099862925185,0.11323757162805256,0.0011337532049849163,0.00021392167160981206,-93.85409431028208,11.543795390109596
110_Wide,1872750000.0,1.0555070861835432,0.002096757519153704,-52.839115180462954,0.12712935471170955,0.0010738649416701127,0.00014603241459408087,-93.0756263183408,8.13287143492627
110_Wide,1872875000.0,1.0502355629285418,0.00186688389711019,-52.391605802683515,0.11029172573881627,0.001148593278250082,0.00021005062196094784,-93.3139497268774,7.885434968099764
110_Wide,1873000000.0,1.0516527309767918,0.0013238611135280198,-52.32186703720752,0.08476618018803934,0.001091566395328279,0.0002028753598135058,-93.27063129095124,8.634472317629191
110_Wide,1873125000.0,1.0419421865227971,0.001535497701427649,-52.30505354891835,0.0951673611194355,0.0011499003191915858,0.00015051383786892362,-91.9853370617927,7.654136705972923
110_Wide,1873250000.0,1.0427310114928066,0.0012140294346000623,-52.32495127015311,0.10042759683669422,0.0010386646002143894,0.00016209352764485428,-89.44892364506896,12.138178222754973
110_Wide,1873375000.0,1.0597713091017895,0.001794170098290457,-52.282412944889806,0.10940011511728154,0.0010303482779163964,0.0001887627582111478,-87.88867301552895,9.287491568050784
110_Wide,1873500000.0,1.0547805906894505,0.0015995363833494825,-52.098525233808175,0.09856104446831529,0.0010652973846542106,0.000192931162599175,-93.0508629118961,8.53585701702531
110_Wide,1873625000.0,1.0522981805243665,0.0015861083337393536,-52.110407573186215,0.07597977842557188,0.0010883488174694945,0.0001188815876050552,-85.2746790343601,8.070626084088563
110_Wide,1873750000.0,1.0550096759793424,0.0017167691066624613,-51.860062270210975,0.14271432774666593,0.0011374566771615857,0.00025741707199417095,-92.9149853758606,12.695057223248567
110_Wide,1873875000.0,1.0529165991005258,0.0012643501066986692,-52.04863615109943,0.09046778061299905,0.001101576196153816,0.00012361062490079324,-89.62764403507201,8.796701051111175
110_Wide,1874000000.0,1.0560039497368092,0.0018222098574777676,-51.4361204183635,0.11931063905603298,0.0010789589475622059,0.0001796785433225144,-84.50477638770725,6.961597975823751
110_Wide,1874125000.0,1.0589835935837113,0.0020907796779586598,-52.48976000416424,0.0827905671568791,0.0009362445675317871,0.00018788834147800162,-83.69934028836578,9.775682505227756
110_Wide,1874250000.0,1.0509480569427356,0.00213604133185054,-52.13643233924861,0.10760849202610005,0.0009597983126676306,0.0001985074906483438,-91.77833165943642,9.949467534776405
110_Wide,1874375000.0,1.061292607676863,0.0018758635133535235,-51.58301026418228,0.09572297976043666,0.0010403157376071032,0.000131740672263687,-91.00174834548805,11.170340433413825
110_Wide,1874500000.0,1.0529076937818047,0.0015001724664879615,-51.769823697139095,0.10172659087061765,0.0010292867433470741,0.00016057397663571182,-83.46171256102213,10.0594124944872
110_Wide,1874625000.0,1.0527929909381712,0.0024162358443148,-51.79006485720299,0.09434049961857273,0.0011422774891893053,0.00024345571731661036,-84.5487736380159,7.78309184766915
110_Wide,1874750000.0,1.0522589556805455,0.002204330214446687,-51.05493988499836,0.06970105607907613,0.0010514740020957116,0.00014696969357462037,-90.04918632737578,11.451149051878655
110_Wide,1874875000.0,1.04091423253931,0.0014080829502671741,-51.03766925884182,0.08061508563589838,0.0010505486750217463,0.00016629996736854385,-88.38692823807453,12.115071366775053
110_Wide,1875000000.0,1.0506093269146806,0.0015938655515377964,-51.4224209500711,0.11835011327862253,0.0009930449260319091,0.0001269539323363737,-78.86185568018345,10.537983234341407
110_Wide,1875125000.0,1.0451035896409366,0.0016266453581376007,-51.42394927162846,0.09126108666936225,0.0009359724788905146,0.00018260588736847922,-86.74306902897612,11.113109398017324
110_Wide,1875250000.0,1.0470477832076073,0.0018504415363196165,-51.610359177925524,0.11999220961696992,0.001051807896494464,0.00024108812161405797,-89.8290720112116,8.017619546460207
110_Wide,1875375000.0,1.038250609548372,0.0015520047629191858,-51.35801236166605,0.11563555099692767,0.0008888067776291671,0.0001631734189105552,-91.87009070770453,10.677744188674163
110_Wide,1875500000.0,1.0435672922291415,0.001728131497979839,-51.195507543751425,0.09716901562396349,0.0008379304059192559,0.0001297200748902355,-84.56748689451945,13.067887405722374
110_Wide,1875625000.0,1.0439189353199527,0.0018149048697183906,-51.69673070610183,0.11437106627799172,0.0009932615284128953,0.00020530837193187377,-85.46391834573888,6.3188203634329785
110_Wide,1875750000.0,1.0505308548159746,0.0013209810166162706,-50.926887689179125,0.07766148602449817,0.0008983112104769341,0.0001320998997294408,-88.37046984573969,12.05707966117993
110_Wide,1875875000.0,1.0365908187994388,0.001773355179902246,-51.181894060915134,0.09036550419300267,0.0009564252595928967,0.00017486021614520448,-90.07326741861233,10.557140511605251
110_Wide,1876000000.0,1.0391179622226783,0.0015044722700225236,-50.79402364919512,0.10543481269849161,0.0009810057741801719,0.00013278734709562545,-87.78125586573621,8.181703637442212
110_Wide,1876125000.0,1.029592832453129,0.0015655859050699677,-51.37858308837295,0.10156681953029421,0.0009091065157929462,0.00014689654610288753,-86.04778662524879,7.09942718266376
110_Wide,1876250000.0,1.020830952489142,0.0014203409028775327,-51.533026717445466,0.09394364221736186,0.0008732459058383231,0.00019862843263050746,-86.27307436862388,11.055478591964171
110_Wide,1876375000.0,1.028171301158519,0.002065789404960775,-51.36518342806572,0.08112369869575721,0.0009282353014608131,0.00010718752606961372,-92.15633888498107,9.669694948261387
110_Wide,1876500000.0,1.033315602247216,0.001633849635870283,-51.177599346516175,0.09838486953333306,0.0009570698311506894,9.276632600508824e-05,-81.95278916396148,10.947408205708571
110_Wide,1876625000.0,1.0284042496676178,0.002815542368681169,-51.230376037042326,0.10526902473641103,0.000797319245483199,0.00011571041670301313,-81.43340608752742,8.698035735053573
110_Wide,1876750000.0,1.0330778705463477,0.00191739831046465,-51.27167760903647,0.10592482799309083,0.0008641238870614591,0.0001351832968060678,-81.59463805937038,10.139221855155988
110_Wide,1876875000.0,1.0249708857723856,0.001576280018802253,-51.347294011670094,0.10655374852293661,0.0009289542259433848,0.00018555060827767973,-84.47858603891355,10.701440440385372
110_Wide,1877000000.0,1.0228976073754998,0.0013545627819389287,-51.49632202584038,0.06787524822490856,0.0008406357254304456,0.00010323636252945039,-83.34981173000457,9.41440650459868
110_Wide,1877125000.0,1.0218486301618837,0.0015272152968862662,-51.75532004380622,0.0906774021581743,0.0007249993287616659,0.00012140268560754795,-83.4282119611815,13.406218702234023
110_Wide,1877250000.0,1.0147505202723917,0.001810377112322121,-51.30179725055343,0.12413347018563904,0.0009053711133018386,0.00012192169699541454,-88.89528431941507,9.550639868098434
110_Wide,1877375000.0,1.0190357499338911,0.0022748248477119123,-52.28617418901681,0.06621129283318083,0.000759967513481048,0.0001225318092877657,-84.3280821087292,10.655510740304717
110_Wide,1877500000.0,1.017847635456801,0.0016072910097596094,-51.739261820015884,0.06348914707022042,0.0008854499899758465,0.00014506766621390232,-88.6304796651431,16.782871959266025
110_Wide,1877625000.0,1.0143088653349137,0.001942917652279761,-51.95908559030283,0.08294458082273239,0.0008817735638261806,9.94038735741622e-05,-82.23672168858612,10.729673806647398
110_Wide,1877750000.0,1.029419435020204,0.0017905563503072036,-51.93915563173295,0.08935481042826905,0.0007308114293997529,0.00015715241225808642,-78.57365838052708,10.845456978919177
110_Wide,1877875000.0,1.0121029172682994,0.002022067547645544,-52.631438086057614,0.1017110063050826,0.0007902503031482253,0.00015890160757454583,-77.4786964957878,18.41437220517457
110_Wide,1878000000.0,1.0098427483799937,0.001415819780034247,-52.14475434294785,0.09292430039526019,0.000881908062312335,0.0001640735903448757,-84.23346837401799,14.399940493553887
110_Wide,1878125000.0,1.0130334988477152,0.0014472530611551457,-52.43768058816387,0.0552216696965624,0.0007613530983529907,0.0001463515714156068,-80.76344387100974,15.781314331418427
110_Wide,1878250000.0,1.0071690992247138,0.0009983424686675977,-52.71294713269785,0.0871031764242166,0.000680730743636424,0.0002144685997958407,-87.01391081416689,13.15813017419619
110_Wide,1878375000.0,1.0101100078773886,0.0013304394627333721,-52.9530060043668,0.10561512979930811,0.0007903969725954246,0.00018161503163765714,-90.63617778279333,9.890073136113275
110_Wide,1878500000.0,1.0154272558427961,0.0016102963652473506,-52.84134497149175,0.05886735190256978,0.0006988344795291008,7.974825788591794e-05,-89.5770183061615,8.842217657147673
110_Wide,1878625000.0,1.0137635697023877,0.001201258606842575,-52.78345758622859,0.0999396618839017,0.0006801519762847454,0.00021620889513699292,-87.09643823258433,15.533958283533403
110_Wide,1878750000.0,1.0071586437343905,0.0016609750845085717,-53.22668641356491,0.0936352405211129,0.0007550015051232664,0.00019224665386063467,-84.01878516835684,16.455896951539994
110_Wide,1878875000.0,1.0045822331373457,0.0008744297223051316,-53.287042141901374,0.07654831034050505,0.0006946698023878317,0.0001396566811983487,-94.53251332482684,16.33775884895296
110_Wide,1879000000.0,1.0242686945584731,0.001239874991135154,-53.66265065019425,0.09281003585027148,0.0006990719058308283,0.00015313716262678345,-84.15910255618168,12.744879246904906
110_Wide,1879125000.0,1.01952443941042,0.0014838632715257851,-52.95999759374129,0.11886362901429127,0.000656498037851048,0.00017335935917808652,-92.59186153359093,9.225550385354815
110_Wide,1879250000.0,1.014379327051076,0.0013355912559398157,-53.3805976835321,0.1510407479297768,0.000625012403814304,0.00023698900024424663,-91.74516630066097,20.651563187741257
110_Wide,1879375000.0,1.0148720349870781,0.002393892922917947,-53.82189838469997,0.13277827410837398,0.0008389755563521037,0.00011770426661947656,-88.29231346048391,9.502938766690795
110_Wide,1879500000.0,1.0130671131408664,0.0018097284028770475,-53.761067967922905,0.07955161939561388,0.0007062803974956285,0.0001862660141323511,-102.2946559690212,13.815835230306055
110_Wide,1879625000.0,1.0079776354624617,0.001308593003752441,-53.89305164460331,0.13024888322324527,0.0006522413174426858,0.00012203410729301665,-96.10832655245777,13.992655235426374
110_Wide,1879750000.0,1.0224634737977891,0.0022733161478040212,-53.99649112802938,0.10748710872809987,0.0007865695500374721,0.00016875177987907213,-84.91770099230874,16.20949700164841
110_Wide,1879875000.0,1.0187015757134004,0.0017962296359891983,-54.04937974526159,0.1034925001756189,0.0007887572748023298,0.00014682802647620924,-93.66193870169516,20.380945542412604
110_Wide,1880000000.0,1.017437407913611,0.001704596725457523,-53.95108252076471,0.10982219808712189,0.0007190953730619329,0.000194764434058209,-98.17070431844193,13.48495068621166
110_Wide,1880125000.0,1.0159225369590865,0.0018510115584266752,-53.991258573541174,0.08953146413839662,0.0006858928134013205,0.00018883911863597233,-102.21987245264305,18.815213777707427
110_Wide,1880250000.0,1.0282528934278692,0.001735472706926859,-54.38315005557161,0.06295723754542007,0.0006610635956866947,0.00014442173296454002,-96.92796742147974,15.13158298314751
110_Wide,1880375000.0,1.0227093567131786,0.0017937876693105374,-54.12724373256234,0.10695978254651989,0.0006629616272892508,0.0001839289261274984,-99.30793662930542,12.298009737887197
110_Wide,1880500000.0,1.0239305680717667,0.0019570492811302118,-55.11254365183355,0.10986210274958799,0.00069665278441466,0.00010783951803095346,-102.90409329542126,11.06966645174516
110_Wide,1880625000.0,1.020409309824558,0.001773100582208356,-54.57861311244343,0.1309180208669,0.0007329342795260462,0.00014540971374335678,-98.57220159680244,17.301563727991926
110_Wide,1880750000.0,1.0269876980960975,0.0014966252565613125,-53.904807837579995,0.06835462156158681,0.0006651739545937268,0.00018443640002459687,-93.08222490350843,16.70605558721968
110_Wide,1880875000.0,1.029900398483388,0.0020175231510775717,-54.703042587562386,0.12131915997347453,0.0006128017714066404,0.00026131920543160704,-93.88443071790434,19.46917721599813
110_Wide,1881000000.0,1.0344284750013233,0.0020827208935022185,-54.92746579667665,0.09387263882854446,0.0005852632960562024,0.0001261658351822036,-101.55940629926516,15.576762475911384
110_Wide,1881125000.0,1.0213055973524865,0.0010626381496865807,-54.59881799192152,0.1128367149525145,0.0005629149068987169,0.00021267748682921267,-72.80648722149084,79.15538539915191
110_Wide,1881250000.0,1.033575918993456,0.002173351418890935,-55.18345574950531,0.08846628977480432,0.000651621593340564,0.0002321954524971165,-101.06514829080572,13.678173587304816
110_Wide,1881375000.0,1.0355331771370733,0.0018439753178241159,-54.94285056418128,0.09275513900659368,0.0007019888673680237,0.0001537403051108908,-100.1680253637789,14.038964485084112
110_Wide,1881500000.0,1.043250065168092,0.002653435584544049,-55.18358230198335,0.04663638405268688,0.0006932015338927288,0.00020219581964533233,-93.94042752631482,11.627970228470716
110_Wide,1881625000.0,1.036347725450641,0.0017772070261378328,-54.871651798546566,0.0748194776080455,0.0006767491243370853,0.0001528522679051357,-103.90356594870204,21.52945002119828
110_Wide,1881750000.0,1.0316010338922523,0.0011855612522453495,-55.252115132083176,0.0926309412743439,0.0007387067434270168,0.00024626382993638826,-104.36472708084467,17.424858347050815
110_Wide,1881875000.0,1.0475675244176292,0.0021551532707762347,-54.494424936263314,0.10700446029157226,0.0007498757485779176,0.00016131564816721555,-105.89269248210996,18.526871593309465
110_Wide,1882000000.0,1.0375405423002604,0.0021836937720903235,-55.204338630900985,0.11038832669174195,0.000643137963453125,7.09860749521065e-05,-104.92933848138658,18.56399662088607
110_Wide,1882125000.0,1.0322008817414483,0.0017224433100182439,-54.71179880797967,0.07530614091537526,0.0007317481028312873,0.00010173589671401881,-105.30692573593538,17.265298066361822
110_Wide,1882250000.0,1.041504387340918,0.001690752129091748,-54.75190172649397,0.06481250774280871,0.0008057602674722953,0.00020209268387960457,-112.280434308605,13.938487636165139
110_Wide,1882375000.0,1.0423647997122587,0.00183879820404055,-54.85073204344138,0.1263893668738308,0.0007224094325653344,0.0001442234808699468,-99.27174177191817,13.032280482250341
110_Wide,1882500000.0,1.0407953137465102,0.0013578557901767077,-54.86379090775804,0.08798835791848708,0.0008218063896916034,0.00015209547652730846,-109.06044051136239,12.296538769435573
110_Wide,1882625000.0,1.0345663833209415,0.0014233056290884902,-55.0617963299457,0.07961911124767862,0.0006892367541914354,0.00016233832750725834,-99.63534708841917,15.843203561158202
110_Wide,1882750000.0,1.041912592066368,0.0020596949974877564,-54.76948664230437,0.09340096941410185,0.0006790862961500089,0.00028109385943019357,-116.42868876660987,18.972764196412538
110_Wide,1882875000.0,1.0382839191345041,0.0014523970163234615,-55.24263889256962,0.08811846446702466,0.0007077993393116524,0.00020055448273972865,-105.21476866049454,12.835279882161895
110_Wide,1883000000.0,1.0279423438495972,0.0015383688693819894,-54.45599095755739,0.0569590833438452,0.0007564422027608179,0.0001488484593228528,-114.57610338199088,16.388096541042472
110_Wide,1883125000.0,1.0322070983351015,0.0013326538680576,-54.999678374826296,0.0765829568658644,0.0007359863357349614,0.0001901677950009443,-106.94384575388585,10.32578997872942
110_Wide,1883250000.0,1.0488666088430079,0.0018949707083064367,-54.85119495264117,0.09159604063979154,0.0008693937387647178,0.00017525220042264594,-103.81032631000026,12.073326100635263
110_Wide,1883375000.0,1.0392640658592776,0.0015987295157409906,-54.999540813559015,0.05025105109103704,0.0008578592914004,0.00020997487928216371,-114.26441533428005,19.293243461559168
110_Wide,1883500000.0,1.0326836598602058,0.001312340151933878,-55.066476474875486,0.07303951288469812,0.0009313003400851718,0.00011401114236107058,-115.98890091088381,11.14241572926726
110_Wide,1883625000.0,1.0497966946610457,0.001241371660500767,-55.099320886302884,0.1350130383204676,0.0007915311327669475,0.00016168757964512813,-107.05532610502573,9.98182013439034
110_Wide,1883750000.0,1.0347744370194936,0.0015533554530354472,-54.95133601968965,0.09618770282628751,0.000812273958761652,0.000177614978061153,-116.14574553174157,12.098558820583483
110_Wide,1883875000.0,1.045859315668113,0.00201733215776222,-55.1809477919996,0.10589354581720539,0.0008623491780015739,0.0001267901390483638,-112.41235749035032,16.24756293568814
110_Wide,1884000000.0,1.0323015388849948,0.0010889228796916676,-54.51853853594963,0.12960431997744232,0.0008637237433241878,0.00019471137419503759,-105.68007261700602,11.205218701422591
110_Wide,1884125000.0,1.0395179135914303,0.0012372035312885965,-55.1750187730814,0.0812865483683267,0.0008186390776499305,0.00012682962030666114,-111.89564318760016,12.30013363727257
110_Wide,1884250000.0,1.0273521465104787,0.001632955961821579,-55.20802545293796,0.08643719077589368,0.000862703440892538,0.00018858114879043134,-107.47635890339856,9.95195835640266
110_Wide,1884375000.0,1.032807956264127,0.002289008409145546,-55.08934801909914,0.12126811144744468,0.0008759373972234085,0.00014524770451073422,-106.81422160236937,14.380960927419054
110_Wide,1884500000.0,1.0310832610635006,0.0017592034944808163,-55.38752053440973,0.11649462675326462,0.0008714677310416123,0.00011691895794037504,-109.7381156135234,12.474106841547739
110_Wide,1884625000.0,1.0253584587892692,0.001849538147803135,-55.53984902742371,0.09318383999618282,0.0008749960959693703,0.00017720029165530293,-106.64622478395059,5.294005486788844
110_Wide,1884750000.0,1.0404599405647723,0.002053179723629885,-55.56320104096337,0.13485349216316458,0.000937372000550593,0.00016981032580788184,-115.43757641689474,7.863233005547809
110_Wide,1884875000.0,1.036782784935642,0.0016845519681010035,-55.71259756253638,0.08101520352306604,0.001023518654647039,0.00016467037381763384,-110.28403596569912,12.510269237031169
110_Wide,1885000000.0,1.0378324637810352,0.0019314297742454216,-55.885225966247674,0.09209873925898285,0.0010002535664145177,0.0001506243236156157,-105.38775287845951,14.610821243363228
110_Wide,1885125000.0,1.0312438647011544,0.0016571947828790564,-56.26408492843352,0.06307487808218927,0.0009014565332324082,0.00019961190435695787,-112.74011371444507,10.090079449473008
110_Wide,1885250000.0,1.036838272717251,0.0020060269149486396,-55.997694060558025,0.04184568033757143,0.0009478761917498281,0.00013887697876961694,-110.37647495953372,6.209011430894157
110_Wide,1885375000.0,1.042361599405173,0.002151872668428529,-55.140151161323956,0.07202319232242191,0.0009669505589428017,0.00015328257238515032,-109.07082759412332,7.446660604512472
110_Wide,1885500000.0,1.0306861391504023,0.0020652156027958124,-55.799665085886204,0.06659017106513886,0.0009748953741650673,0.00012568756748458377,-100.7933559637324,11.160532278277552
110_Wide,1885625000.0,1.028949327043604,0.001442779382963114,-56.4222864811164,0.09185890212160372,0.00101020135241084,0.0001127509396639607,-105.82042578398601,8.913808656647507
110_Wide,1885750000.0,1.0249668405270318,0.0016166121078525816,-56.476440851969656,0.09192885447449663,0.0009276807401302336,0.0001041655355136869,-104.13150800780751,14.56331034729173
110_Wide,1885875000.0,1.040464055307892,0.0019422459756264238,-56.45743946747206,0.09125688159232744,0.0010004527588409818,0.00016728432370461535,-107.90425968162437,9.901788883387878
110_Wide,1886000000.0,1.0324151528350036,0.001605082366967888,-56.62156055219722,0.08466150432005941,0.0009596311125200834,0.00021232614470719803,-108.21851085497684,8.34807497864123
110_Wide,1886125000.0,1.0349630242074666,0.0020933303337363563,-56.80005663606124,0.07266663198933739,0.0010163667239525226,0.00014565545566143733,-100.20015069772398,8.559778408745576
110_Wide,1886250000.0,1.02845765627652,0.0016392844390815718,-56.355269859410086,0.11304562567695953,0.0011314834770265127,0.00019767324321009872,-107.35693945537541,5.525671832233389
110_Wide,1886375000.0,1.0319800765855691,0.00107695170956718,-56.8980538063372,0.0854014177099095,0.0009651378512013677,0.00011560667002535707,-107.08387863426373,9.304960602138888
110_Wide,1886500000.0,1.0379902201962883,0.0010737387721390364,-56.97854478120393,0.1330342431521413,0.0009912034798218714,0.00014481055233182586,-101.68325952355814,7.87523545336473
110_Wide,1886625000.0,1.034229285126575,0.0008392492898216703,-56.91661557409848,0.10719201907653288,0.0010429628456917145,7.673966479302888e-05,-105.72127024031664,5.968285307226527
110_Wide,1886750000.0,1.0356781964773414,0.001194143799186988,-56.904751118517446,0.05328010612715177,0.0009193328920177932,0.00014608468658814457,-109.08669530461219,10.623629760382881
110_Wide,1886875000.0,1.0442866188269502,0.0010421388147929499,-56.553836572082844,0.10551015416432083,0.0010872850219127146,0.00013469628943519086,-105.0354846734998,8.756806867234383
110_Wide,1887000000.0,1.0398317189734165,0.0016613120560431448,-57.35511699054214,0.0777647092256942,0.001058742462395672,0.0001303255631854277,-105.40171705633834,15.428567587840536
110_Wide,1887125000.0,1.0523727828192635,0.0016351822636022282,-56.949008851978355,0.09614472670786209,0.0011182339920292824,0.00017665590635874346,-105.00204006764397,6.769356203280091
110_Wide,1887250000.0,1.0435313630967356,0.0013255970271801867,-57.64573355474612,0.09636897491195177,0.0011327099832034544,0.00019562328665368247,-101.91080886580669,11.46389579671341
110_Wide,1887375000.0,1.04003609534886,0.001893924645773043,-57.44420615730245,0.11220134389571408,0.0011797757620592175,0.00014333687127939215,-99.97743207395676,6.906798772601712
110_Wide,1887500000.0,1.0462658211243294,0.0010036469335232689,-57.624192392904746,0.11755149399551687,0.001203717487051454,0.00010688489091273021,-108.99326005470657,9.245184180200372
110_Wide,1887625000.0,1.0439669362629833,0.001012297418953979,-57.718704575517215,0.11088088120294722,0.001189211302604805,0.0002327116248119047,-104.73600204799807,10.661840073171073
110_Wide,1887750000.0,1.0466624442805794,0.0009524932643748778,-57.701848277861444,0.10773529099943403,0.001075367975757748,0.00016502825854185622,-103.000615475132,8.304640293743287
110_Wide,1887875000.0,1.0542688765928458,0.002178110164322522,-58.881954604916956,0.11618538857204085,0.0011730331194394733,0.0001944858130735976,-102.10685878430243,7.61066323581242
110_Wide,1888000000.0,1.0588539897600162,0.001317308763792538,-58.185343893612014,0.10618093615661994,0.0011763307496670098,0.00024641261909889574,-101.86595602044324,7.637675495310869
110_Wide,1888125000.0,1.0470702434197852,0.002103167426955455,-58.776017805654725,0.1141706405729846,0.0012091710892055826,0.00018391471602740778,-103.27038442722422,10.158036905075065
110_Wide,1888250000.0,1.0565163399794586,0.0019099423222028076,-58.17549205849357,0.11478404515468713,0.001175674398391945,0.0002006909173362078,-105.37678341120828,13.80325262229465
110_Wide,1888375000.0,1.0597279559209296,0.0020106522948088166,-58.72811531975065,0.09472441091521963,0.0012407777490441223,0.00015154333150865554,-103.96786545612636,9.724134453504922
110_Wide,1888500000.0,1.058263145985727,0.0019966991791249005,-58.37161873458241,0.07897600330362475,0.0011823742857574955,0.00019852189062081397,-104.15476355570303,5.744917276145148
110_Wide,1888625000.0,1.0535067622049499,0.0021039416698093167,-58.50780952823478,0.08589678595399312,0.0011817243072996552,0.0002206029731070497,-107.63346425119136,7.480444069404281
110_Wide,1888750000.0,1.0561073926976365,0.0014204005056644856,-58.160607490755446,0.13860929231627253,0.0012037262783595461,0.00017080986963167235,-98.18415826730445,10.229847497497351
110_Wide,1888875000.0,1.0572518723688797,0.0018353284081005308,-58.618187220083904,0.08885280216419551,0.0013315598106110557,0.00013682267327256735,-101.30451062277801,4.718491157548989
110_Wide,1889000000.0,1.069468318125006,0.001800792636234729,-58.44642258217054,0.09889241937027217,0.0012910125863925437,0.00017537441589241638,-102.85043573681703,8.177565004094898
110_Wide,1889125000.0,1.0516169477311852,0.001820158401598362,-58.84302969465385,0.07126814321759287,0.0012020860125007673,0.00012079325293622397,-97.3614409302539,8.139292759661133
110_Wide,1889250000.0,1.06706701437368,0.0009513123994761821,-58.68752549582604,0.0728277543525471,0.0013777718240385167,0.00021969757008022994,-102.73107070793759,7.183766822608227
110_Wide,1889375000.0,1.0569551805993163,0.0020443807079498274,-58.74211415866322,0.051257394170318306,0.0013707165800717373,0.00011342805959412626,-99.00934996778429,5.291852012914526
110_Wide,1889500000.0,1.0626301820951851,0.0012489373538434438,-59.023865521297594,0.04826457218881491,0.0012375324415807342,0.00011693622518764715,-104.06663925516618,6.141674264684357
110_Wide,1889625000.0,1.062688105301301,0.0014990631996721843,-58.82331696212714,0.11049224320311016,0.0013033419465975512,0.0002181994596290186,-101.34056315074929,5.257715495138094
110_Wide,1889750000.0,1.0700115827812047,0.0016351339972961413,-58.65032193024514,0.0970365878384534,0.0014488616917230385,0.00017767670117630166,-100.4826969485357,9.362829160366497
110_Wide,1889875000.0,1.0597478745728695,0.0017766337201760313,-58.75844909514131,0.10244428607066633,0.0014074232795580055,0.00015192348319689942,-102.1165001394617,5.727103290921707
110_Wide,1890000000.0,1.0663541268237915,0.0021350719658667656,-58.224808265118625,0.07404656105600245,0.0013966738043333703,0.00021890348590238043,-98.9215713799353,8.601861442510838
110_Wide,1890125000.0,1.0698221071326461,0.0017358306666329232,-58.34526055370955,0.09528426266479123,0.0013707535441970918,0.0001528035507050918,-103.6975163593299,8.325701479660838
110_Wide,1890250000.0,1.071064243408067,0.0018398254372659303,-58.23947727944097,0.06843791945804344,0.001400235332771329,0.00023599431923773965,-106.04548222519017,8.723479593719231
110_Wide,1890375000.0,1.062886845485309,0.0018765368721914962,-58.79572227921911,0.10325179650667077,0.0012922907937651998,0.00010639266641754149,-102.31365832484009,8.584684845354504
110_Wide,1890500000.0,1.0616972285664994,0.0017874566840874666,-59.04123356409747,0.10188916954477191,0.0014156657893819302,0.00011025201636153683,-99.86031792260596,7.2490598529634545
110_Wide,1890625000.0,1.0616230976151897,0.0015315709827197557,-58.96143913852806,0.07809214896834737,0.0014178129126056118,0.00021117975152182638,-106.09353352686229,7.109482861994145
110_Wide,1890750000.0,1.070500760060859,0.0018123889056018076,-58.68372188850658,0.14254396606022687,0.0014088171244329005,0.0001228996475056516,-102.89041768858442,9.031840607631679
110_Wide,1890875000.0,1.0641576731435791,0.0017531012820970711,-58.38545933060759,0.12649570893557177,0.0013860111493935285,0.0001427950342403948,-102.03424722431515,7.319662557625653
110_Wide,1891000000.0,1.0604636955758964,0.0017265137668910852,-59.14803447706281,0.1083693878155236,0.001556253726213021,0.0001658994310808824,-104.0456746436669,6.349533588918048
110_Wide,1891125000.0,1.0607569115548212,0.001534517904457427,-59.54256193533014,0.048993475484995753,0.0014952483105849328,0.00017959510068169072,-101.87440430938372,6.546429597559203
110_Wide,1891250000.0,1.0657813208794846,0.0015586027752584187,-58.520871398822194,0.09777475769828588,0.0014960734684892098,0.00014659677701904126,-100.99810711513085,11.745815202643378
110_Wide,1891375000.0,1.0576154524120984,0.003249614984189176,-59.908391101975745,0.07083111330610377,0.0015450128244269847,0.00024237059700445268,-100.88627653215416,4.846594033964355
110_Wide,1891500000.0,1.0644168158639793,0.001535674366190861,-60.062231758973276,0.1275344368538132,0.0015471318906798907,0.00027406253300019427,-106.0597774848248,5.312176734196542
110_Wide,1891625000.0,1.0647002872924467,0.0021918090795909214,-59.54727433235289,0.10539417240102623,0.0016869582146648754,0.00013093192983907673,-106.245606482226,6.398218629510214
110_Wide,1891750000.0,1.0552385312676538,0.0025544049074697132,-59.68094062254429,0.08139381532925946,0.001743978861431216,0.0001261951995318114,-105.17714833991624,2.721350334553381
110_Wide,1891875000.0,1.050630719275293,0.0016639644467919042,-59.39375249671294,0.06655932521973652,0.0016295788970501505,9.9197449365013e-05,-103.08739537829041,5.807841304618194
110_Wide,1892000000.0,1.057465564612033,0.001929256052050634,-59.96440625569028,0.061306953108181454,0.0015625819438661625,0.0001371354610051132,-104.74504001953437,6.205895247966469
110_Wide,1892125000.0,1.0494513255212288,0.0012091196576555132,-60.07156385637839,0.09767813643843301,0.0016806951401503382,0.00017513772430394984,-106.97473075897094,5.027196808694026
110_Wide,1892250000.0,1.0590859061807594,0.0016602781765399826,-60.26820969764414,0.07886566005328775,0.0017054153426872593,0.00020628716371215983,-105.10524341814593,3.0591589694516412
110_Wide,1892375000.0,1.0459829822520863,0.0012968380867135235,-60.82231761122435,0.05525121176727662,0.0017290615666936038,0.00016504549148880024,-107.24722417824076,6.105076536010918
110_Wide,1892500000.0,1.0393083509738295,0.001350391420503698,-60.7186950842933,0.10760662528464011,0.001763599857405001,0.00013425384422294435,-107.73802875700206,5.655733918210848
110_Wide,1892625000.0,1.038139171662581,0.0012734961021160188,-61.59608662022161,0.15046532454983055,0.0018736233785396547,0.00024306632839150917,-108.38082280122279,6.427703688658791
110_Wide,1892750000.0,1.0342254714456058,0.0008763685429785679,-61.56252716772562,0.08263852246183351,0.0019003936230341625,0.00013815571222149342,-107.56583565952619,3.9918296231041177
110_Wide,1892875000.0,1.0374451788093353,0.0010708743020983681,-61.64225046379411,0.09662232437736651,0.001984041699824569,0.00014685996173720062,-108.37697193599647,6.4050405791666245
110_Wide,1893000000.0,1.0388918216898697,0.0008101837989224502,-62.18120238846042,0.09328255190917728,0.0020527144592972315,0.00023113806427688455,-111.03175004497281,4.939857029262856
110_Wide,1893125000.0,1.035341601737322,0.00121763418421244,-62.68898654641316,0.08407102679320898,0.002156468612436897,0.00020192902625883972,-113.71123800365963,7.401836117881053
110_Wide,1893250000.0,1.019456120531879,0.0019245221866263536,-63.02544490643067,0.11180427822909889,0.0022451552200689964,0.0002915222520801007,-114.59003373676643,5.9871520627114805
110_Wide,1893375000.0,1.0171307231021658,0.0019342773976759578,-64.09034551559321,0.07291628437450104,0.0022786900153207016,0.0002355360144027335,-116.45596688463421,4.824040854358196
110_Wide,1893500000.0,1.0187848716684285,0.0019261158351881553,-64.52149780641214,0.09234551653640513,0.0022972228007948218,0.00022379820752221248,-114.55243447899197,2.2501121279764402
110_Wide,1893625000.0,1.0125327834349682,0.0015040124482673524,-64.9659697661742,0.10134461221653124,0.0025181444983541483,0.00015083578803666225,-115.22289620832396,4.115268235596044
110_Wide,1893750000.0,1.0154422321700118,0.0015638992018890182,-65.82964896262601,0.10501714158251026,0.0026020740865739223,0.00014602641307076715,-117.46930280997267,3.604871176560558
110_Wide,1893875000.0,1.005452545934945,0.0011970457713055855,-66.54252573233458,0.04258507370962354,0.0027209993266664474,0.00010945141056271389,-118.97225017949022,3.7157060114212217
110_Wide,1894000000.0,0.9999028861785458,0.002134231513405969,-67.71372258842881,0.12224754034737413,0.002932259233167884,0.00019090124626004506,-118.18487766178704,1.222457528831606
110_Wide,1894125000.0,0.9849071668973075,0.0018892070658372451,-68.47424613222415,0.10124970927953622,0.003039659924624693,0.00013591972325839596,-119.57010792905356,3.4204267113935125
110_Wide,1894250000.0,0.9871250582674654,0.0016783610268561945,-69.88294689173321,0.07938210767046315,0.0033845315638748818,0.00013962917925923723,-122.9709929245698,3.2693380006953827
110_Wide,1894375000.0,0.9905938755930559,0.0011677716483423264,-71.43279068231968,0.06748594396860193,0.0035997656643217218,0.00015320700033545731,-126.45024255491225,2.481629550263852
110_Wide,1894500000.0,0.9739761052397362,0.002018923240102119,-72.92955381129518,0.07328267557871576,0.003938297495062689,0.00018425016339763652,-127.84442364472733,2.850095907164463
110_Wide,1894625000.0,0.9653417615711611,0.0014634007711906676,-74.82731461906664,0.12110241313294771,0.004323928015923337,0.00015834337255842402,-130.67759531119293,2.7244726581913405
110_Wide,1894750000.0,0.9414410571259886,0.0014851712163078531,-77.29505009650526,0.13732091137934083,0.0048131833418991144,0.0001093665778196681,-131.87052893182732,2.8772911450131047
110_Wide,1894875000.0,0.9200102009559109,0.0013061246974957722,-79.51826154065144,0.10835516821700511,0.005257530914908994,0.00020187701962148333,-134.2450148414165,1.8153170167422612
110_Wide,1895000000.0,0.8927984960041667,0.0015602182359468577,-83.12552485493535,0.13787259484757777,0.005907040006752734,0.0002047399929637726,-140.7863479852246,1.720305491735278
110_Wide,1895125000.0,0.8432472843310282,0.0022389506367564115,-87.25674629908993,0.12845764702983198,0.006863650964348817,0.0001197603323210399,-145.12320041935814,1.245459879165715
110_Wide,1895250000.0,0.7813737278949381,0.0020098836477558425,-92.2768726222797,0.09576734522443145,0.007798806404046846,0.00022313426865919016,-151.608851763767,1.1164973789954344
110_Wide,1895375000.0,0.672879521442584,0.0026665739487229216,-99.30872268797359,0.16033171629386417,0.008942444708367334,0.00013779849591999527,-161.4870767614258,1.177692184313947
110_Wide,1895500000.0,0.5196552453085069,0.0027262913547448507,-106.44422051040118,0.16976198614582133,0.010122392330554637,0.00013694866293364693,-172.43345499131527,1.0688818119628014
110_Wide,1895625000.0,0.30349449035160914,0.004344729351387982,-108.00767882264935,0.41841488388019954,0.01122924002651209,0.000146029496527697,173.01842473162372,0.7021468661183996
110_Wide,1895750000.0,0.1383355362023878,0.0010647739663151858,-56.334765640567575,1.4086076838820325,0.011519906177495386,0.00015125152617443094,156.57108157014432,0.9404692870006072
110_Wide,1895875000.0,0.3136849367461691,0.002904230252736056,-10.576458711983692,0.31418221157164283,0.010853723534632473,0.00022366529143653705,140.71162523529856,0.8048547554756903
110_Wide,1896000000.0,0.5150579340863117,0.0031169343360853106,-13.533853377946057,0.15063064784277017,0.009682206418554658,0.000167055199233993,127.21331132304103,1.1890976100869617
110_Wide,1896125000.0,0.6622560293615911,0.0023429741214355338,-18.9627053554166,0.15678079669101877,0.008554583851734583,0.0001462121810794909,116.54548603175805,1.2195474960392967
110_Wide,1896250000.0,0.7634808237549515,0.0014062500711493446,-24.75869886948646,0.19477706127728941,0.007370498524757479,0.00016698341650557606,107.26016417451227,1.5144530164569416
110_Wide,1896375000.0,0.8354017700807225,0.0020362072198353174,-29.3662213871906,0.09685224292237025,0.006527018417409778,0.00020389404167608222,101.86724199546092,1.63164469657613
110_Wide,1896500000.0,0.8786765284186951,0.0011415591498862804,-33.916974887698565,0.1292214881816412,0.005706355703884631,0.00020333946597008755,98.39159769591477,1.5936037558514675
110_Wide,1896625000.0,0.902807969508637,0.0020316972770307367,-37.3422372917026,0.09371173485705991,0.004966245181121279,0.00019723482634355008,92.71949265271581,1.86898657872038
110_Wide,1896750000.0,0.9259701033416097,0.001628103898386446,-39.10130008576794,0.05537455307674597,0.004666026301627232,0.0001223315299052265,91.55767790584873,2.774673909540057
110_Wide,1896875000.0,0.9574714493653657,0.0016685768331435643,-41.772035805275806,0.11367220024438425,0.004114580171865289,0.0001341131117604395,89.86117298031874,2.6898585312296186
110_Wide,1897000000.0,0.9622894471729182,0.001434571629769762,-43.717413549108464,0.1338674071550187,0.003804876486750967,0.00016717203739689232,85.14530209563499,2.523566992789882
110_Wide,1897125000.0,0.9723775627894936,0.002739932828718066,-44.816165820429696,0.178210675690466,0.003472087790515337,9.937244457008261e-05,83.98592597173104,3.2045744566895964
110_Wide,1897250000.0,0.9828286885108948,0.0008439543995083787,-46.28743941022059,0.05978468142144157,0.0033341845391362318,0.00012133826069742709,82.69779427342527,2.975915149350548
110_Wide,1897375000.0,0.9899443521302669,0.0018879022713390215,-47.14604364929663,0.0926958505985359,0.0031259190544521503,0.00015855710554889025,82.87874594589385,3.2623726716560233
110_Wide,1897500000.0,1.000196438801448,0.0012407207214746672,-48.368641782610304,0.1017118385779863,0.002799380086914556,0.00011386742417350903,81.95379624310092,3.3878778283282993
110_Wide,1897625000.0,1.0156854932595933,0.001308790468178903,-48.831545087831216,0.1170609644031594,0.0027033187855393125,0.00022437071448395108,81.53402644327765,3.1031420416382276
110_Wide,1897750000.0,1.0110220981644351,0.0015023130641511758,-50.05592547135191,0.09209901099798884,0.0025455675338874706,0.00017263373009755015,79.14948386969184,4.022426517258418
110_Wide,1897875000.0,1.0184406768324041,0.0014762785038827755,-50.732789990819214,0.08516354275375174,0.0023987999737653913,0.00021287644137864237,77.6371705692072,4.710227076549131
110_Wide,1898000000.0,1.0190066002548714,0.0018294269305166161,-51.33712146650609,0.10369557014522242,0.002256852731633913,0.00017095553043227756,77.7387142442304,3.6992128252191985
110_Wide,1898125000.0,1.0173602040012453,0.0013780977639334736,-52.099365283902266,0.08966535494086719,0.002172200666047339,0.00016243705888268736,79.81818657966696,4.004023170253681
110_Wide,1898250000.0,1.0325743799264244,0.0022585753781119555,-52.145655001645366,0.05835889165377648,0.0022829035082988247,0.00022935309990723446,77.38472291347874,4.337498899210636
110_Wide,1898375000.0,1.0248813932263492,0.001922402445279493,-52.62334824142105,0.11968422292844011,0.0021046007132606535,0.00012179355304023986,75.59174437886914,5.709674794958171
110_Wide,1898500000.0,1.0366465585308642,0.0015796661751675892,-53.19798036388471,0.08397707181587807,0.0019661002317587265,0.00011568052661691051,76.03456757250208,5.208518723190588
110_Wide,1898625000.0,1.0335180208657182,0.00106252931381839,-53.53495826764633,0.07418175882119964,0.0019069345022336218,0.00021883411198751976,76.89084669900292,4.675957081879168
110_Wide,1898750000.0,1.0383642432182214,0.0013842605290142055,-54.09777143922447,0.08759284033963606,0.0017364232946703773,0.0002009290483502426,76.4772215475561,3.1016928152787653
110_Wide,1898875000.0,1.043597159129464,0.0019519496460096422,-54.297927498693504,0.07702182320569484,0.001730867277504708,0.0001923510125311868,76.15290874412766,3.8429243064472205
110_Wide,1899000000.0,1.0413581691820166,0.00221178743830356,-55.066193191521094,0.13791739616707505,0.0017788083606429515,0.0001780779622641521,72.82017272992859,7.451710322724123
110_Wide,1899125000.0,1.0395881385556147,0.0014974323978973777,-54.60866045000834,0.07465849452925033,0.0016504490768055487,0.00015428702195311058,75.04698311944406,6.4539987953222955
110_Wide,1899250000.0,1.040038076019743,0.0014581254771213457,-54.83665622444225,0.07776441660868329,0.0015991940885812538,0.00015226310210001592,79.65898195891104,6.973121395301158
110_Wide,1899375000.0,1.050807984839278,0.001935211402859848,-55.44393526601075,0.12224712152601429,0.0015640303102223087,0.00019703927009707284,76.53770829718984,6.749774985558476
110_Wide,1899500000.0,1.0586754120268451,0.0015275714759730775,-55.17144904684778,0.12491440665509415,0.001615847502973677,9.799321248549644e-05,75.02110948333242,5.644969397857326
110_Wide,1899625000.0,1.054022486129424,0.0012634884583480823,-55.745921989602486,0.06203242559274105,0.0015008352314416686,0.00011009169819091677,72.5636810749465,4.34213916587112
110_Wide,1899750000.0,1.049215839787257,0.002255111931809675,-55.95869157513121,0.09326662921180161,0.0013743428491272323,0.00018570596731177418,73.46114522648271,5.030009760208429
110_Wide,1899875000.0,1.055783019310464,0.002489428619162404,-56.04468435091779,0.08197015119259649,0.0014496010060416184,0.00011124817079472559,74.57436287945171,8.756353440422343
110_Wide,1900000000.0,1.051008788288669,0.0019092060034052026,-55.87998560488943,0.06066984663074663,0.0014325431027616123,0.00023274584997298164,79.10141180411556,6.50522391132926
110_Wide,1900125000.0,1.0638694678167187,0.0017487143540721945,-56.460447015667725,0.07956278760622108,0.001493284265855632,0.0001757975193782017,74.10519014631664,5.83743441699737
110_Wide,1900250000.0,1.0636874082197265,0.0015980386971866474,-56.832800118618664,0.11344801469173706,0.0013955451834793196,0.00022063063503030054,73.18029358807543,7.191900550376288
110_Wide,1900375000.0,1.053938888209007,0.0015007279099191022,-56.8162758025193,0.06460544401199636,0.0013217867963630095,0.00020756073965843877,77.04821597885497,8.775746725835479
110_Wide,1900500000.0,1.0595671325348048,0.0013956300187877653,-56.98454985899885,0.07376880163770186,0.0013853001104387544,0.00019977418156091873,73.49766032980948,5.722749642512728
110_Wide,1900625000.0,1.0518147366841621,0.0014052266972725959,-57.65425756810716,0.055880941528907414,0.0013182720093122436,0.00015939316890729448,70.66571447129454,7.998505109665904
110_Wide,1900750000.0,1.0587844143864649,0.0016209689673123459,-57.262618086728104,0.08718395001094725,0.001245243260956143,0.00012489964989228746,76.17764934506289,7.406273462750914
110_Wide,1900875000.0,1.0541874869268115,0.002438091151546837,-57.07386087743692,0.05369780491511006,0.001260173199404181,0.0001477317003221494,73.42719248815658,6.683845692150325
110_Wide,1901000000.0,1.0560961857026414,0.0012973502387673354,-57.44243149228524,0.07112689715242787,0.001366894898858113,0.0001833194825953456,73.76496318714194,6.865878014128099
110_Wide,1901125000.0,1.0568532008781777,0.0020616560195783878,-57.23233763387504,0.1059943858544484,0.001206249167378845,0.00012934700973565231,73.22701495964546,10.292299093283795
110_Wide,1901250000.0,1.0496423895305962,0.001673698026518654,-57.99614115960477,0.0870093301381361,0.0012049012651727576,0.00016988016660322118,74.11794989677784,7.996522468347764
110_Wide,1901375000.0,1.0529065035512453,0.001963996520968329,-57.80655736900233,0.09486451793696733,0.001201058041914697,9.252768682650614e-05,71.45923740394221,4.190188842933571
110_Wide,1901500000.0,1.0415541242785833,0.0015669238191327556,-58.40571188566892,0.08298448189551369,0.0012303807994392428,0.00014190212456494488,74.93211566459729,7.402266416017048
110_Wide,1901625000.0,1.0444755939624681,0.0021786013082045414,-58.04811970052604,0.06842030344080162,0.0012272912964789782,0.00020134988790984528,79.20710913636138,6.78310249565722
110_Wide,1901750000.0,1.0449268614666816,0.0020536022897982794,-58.59584363168898,0.09418401258489577,0.001219929022543623,0.00017256370914853778,72.48729014338652,12.384937157106718
110_Wide,1901875000.0,1.048518727229321,0.0016959824426318769,-58.47188084622392,0.0781469670419622,0.0011985196583458512,9.625522914650827e-05,72.84691301004366,6.284514389527129
110_Wide,1902000000.0,1.0453673948836157,0.001646899647104779,-58.22069609730624,0.06269254711640515,0.0013224512062630898,0.0001971527670785011,76.6047998090873,8.033291608784578
110_Wide,1902125000.0,1.0461236410699661,0.002430877456978615,-58.91566375704093,0.11371774425772706,0.0012860219330196646,0.00017334805625830824,74.37625087695874,9.956791738144233
110_Wide,1902250000.0,1.0379986493695708,0.00131886463243747,-59.16375275568475,0.11431468752541661,0.0012084154127289567,0.00016499947076505878,70.11166165922955,7.195226180214078
110_Wide,1902375000.0,1.0463596747700947,0.0013923267384294323,-59.44694142398757,0.09913652403337918,0.0011598635079472861,9.767343665815339e-05,74.37750464770785,8.792125055142645
110_Wide,1902500000.0,1.0357846978260374,0.0011103937142010133,-59.258901343230164,0.05786195837680137,0.0011478153563716019,0.00019134445056310858,74.05549050933224,7.206078257716549
110_Wide,1902625000.0,1.036553471899439,0.0012630528237270009,-60.00390174894788,0.12581018096344995,0.001165732167448199,0.0001715684950163188,75.84736061843653,7.978483442535048
110_Wide,1902750000.0,1.0336321056323592,0.0009745208744392652,-59.795611725439386,0.10554045164917068,0.001179979654086319,0.0001167941981546923,73.03915742137639,7.611342802455406
110_Wide,1902875000.0,1.0324513750036688,0.001516100291013708,-60.29287405048265,0.07367803211646502,0.0012767941956487207,0.00018506009789998618,71.55430773518566,10.520432366020128
110_Wide,1903000000.0,1.0345621155848879,0.0013703273868001797,-60.797562914052335,0.11398532584595182,0.001121041205944475,0.00020401851055656004,65.84900077940739,9.456440370651805
110_Wide,1903125000.0,1.0330003751298846,0.0017718942459873383,-60.388653400417326,0.09974962894602109,0.001018804517320055,0.0001581699850902112,67.89381246245493,3.6732258814491967
110_Wide,1903250000.0,1.022718055741022,0.0013917690398297458,-60.906363224521,0.12152551666269103,0.0011594987242811482,0.00021362196856648517,65.45025696590527,11.88567843344019
110_Wide,1903375000.0,1.039369089061086,0.0013760413569488307,-60.91127416382513,0.1188721459282724,0.0010903982927810874,0.0001371694470954761,69.08670176767492,3.586544723651013
110_Wide,1903500000.0,1.0248472695873314,0.0021845377335308557,-61.784473158836576,0.09332784917479715,0.001155723715080568,0.00014465363797248806,67.04685433893417,8.035005042872756
110_Wide,1903625000.0,1.0232184394734196,0.001767149539712742,-62.24473494693386,0.11489703740855871,0.0011519537692597326,0.00014122384875043853,70.80501646006574,12.815800289744082
110_Wide,1903750000.0,1.025193958396668,0.0013736933166112121,-62.13333930201994,0.1068700114629556,0.0011502507320728715,0.00020560442575958188,66.5523171782977,8.159368580015173
110_Wide,1903875000.0,1.0260679414211338,0.002730506175849215,-62.1565130493654,0.07363879203424559,0.0011817866342934357,0.0001488910625898596,64.72127616483425,7.547226848001473
110_Wide,1904000000.0,1.030851172576529,0.0016441544894494722,-62.490821473360896,0.08870899869335934,0.0012544272050668969,0.00014737432284105465,65.40886173677119,4.14093520083636
110_Wide,1904125000.0,1.026564192118241,0.001076284457109709,-63.07562528968626,0.08199269891229817,0.0011780776042161752,0.00017642335458468474,65.54153135569477,6.248038422251398
110_Wide,1904250000.0,1.0221096018815403,0.0013030259103845269,-63.35071381689736,0.08566953460340712,0.0012888624779594097,0.00013971140011838544,61.67249174931931,5.147840330752815
110_Wide,1904375000.0,1.017861592993736,0.0012220865144470028,-63.45546915851927,0.08266865659550503,0.0012357790498610604,0.00012057026005885982,66.27097118754949,7.684199526964106
110_Wide,1904500000.0,1.0236982527613263,0.001542289478581076,-64.04937599146106,0.07187229547877104,0.0012224441760691678,8.784847944603145e-05,64.15019926189495,6.8358788886472555
110_Wide,1904625000.0,1.0259906909491354,0.0012699719749479283,-64.1238643133776,0.09792462532476179,0.0012474180464141533,0.00018568023741755954,59.69426471583954,8.382887675396425
110_Wide,1904750000.0,1.0175261276809862,0.0018044767023563954,-64.92090465437998,0.06113620204587707,0.001245177881440169,0.00023783012280084435,63.33626800464492,3.631919462071266
110_Wide,1904875000.0,1.0198730729563594,0.0013362792957043884,-65.06111441782063,0.11453562169656097,0.0013399893381012625,0.00015563849283758738,62.07731728134518,6.009646864026083
110_Wide,1905000000.0,1.0131094100194633,0.0020378528740149964,-65.60505762206499,0.07373839862818053,0.0013376565755166734,0.0001090383286187484,60.94565696310998,5.6980047010296335
110_Wide,1905125000.0,1.0333384715127092,0.0013987049449641891,-65.76266329996604,0.09584325364423657,0.001425986155789108,0.00019458304147603928,63.70170506188955,12.76199475088134
110_Wide,1905250000.0,1.0159569528799883,0.0018862676155735408,-65.9888757132277,0.09789142560360749,0.001454993018413095,0.00012740646186413672,63.000298774400974,6.476735571097353
110_Wide,1905375000.0,1.0103814356644163,0.0012893316916859144,-66.33933044913688,0.08275117753410494,0.0013914616752990524,0.000110200332286385,59.54698488235335,5.926128262896745
110_Wide,1905500000.0,1.0253939210591925,0.0010442200318069217,-66.69317736346214,0.09271690999483014,0.001523609371734057,0.00014396134736513333,57.63313784865373,8.98927479861851
110_Wide,1905625000.0,1.0158768287861344,0.0012154094522650923,-67.1848852524965,0.0982440725005589,0.0014399697375313757,0.00021386815995612536,55.8437522631949,5.735942761669438
110_Wide,1905750000.0,1.0085238983620055,0.001688338537289804,-68.44430923278799,0.10460399912290219,0.0015539979033214516,0.00017544619756918952,60.20533918804011,5.95551147225089
110_Wide,1905875000.0,1.0123997159537756,0.0018293641115387056,-68.17046984269017,0.10079182755653132,0.0014820543044924337,7.959283523164096e-05,55.99865190066334,5.5515834281985414
110_Wide,1906000000.0,1.0076801655735865,0.0020920351395553984,-68.54689752580009,0.11825239640343822,0.0015701685655354308,0.00016053109048651094,56.19420038886095,5.577482604080291
110_Wide,1906125000.0,1.0152996131375214,0.0017035180611688807,-69.1465968913903,0.13348280714287497,0.0016123695894566326,0.00014418650070230447,57.325395956289086,6.304837129465798
110_Wide,1906250000.0,1.0132233873851,0.0008601693979791335,-69.52538519176247,0.10057090729361183,0.0016461619700784923,0.00014391695527845254,55.85031627353223,8.538733573548651
110_Wide,1906375000.0,1.0189186163278077,0.0017374455284726931,-70.65546719392246,0.07466780395602607,0.0018133069475115026,0.00015167136193645008,56.4725652377456,5.61438226470333
110_Wide,1906500000.0,1.0104917341946824,0.0020830655876452873,-70.5974352669146,0.08745563232707354,0.0017428943670997866,0.00020015141080168992,56.9797923554013,5.671666428508456
110_Wide,1906625000.0,1.009057677332561,0.0017310159832839775,-70.94569048306495,0.07173472705243374,0.0017702109004712782,9.431112807691419e-05,54.599864668769214,5.659749750787231
110_Wide,1906750000.0,1.0085686831886864,0.0017920102511946225,-71.23742228638913,0.0898596091780922,0.0018444164114927426,0.00011706257117386992,58.532998292937165,5.055691154896846
110_Wide,1906875000.0,1.0090365768344054,0.0020436906030661182,-71.75634493791947,0.08533342050817588,0.001988388165475522,0.0001263056957919529,54.006807491058666,4.638191809556888
110_Wide,1907000000.0,1.0046894922799479,0.0013172709266494572,-72.54760194899184,0.06341394026931008,0.0018969142324517679,0.00018450128889886243,52.9123613757822,4.878609107932739
110_Wide,1907125000.0,1.0097154838705427,0.0010007047798026695,-72.65257843768285,0.08818390228228559,0.002046038274719076,0.00014429749987440973,50.65921747883643,6.019243862873196
110_Wide,1907250000.0,1.0121010967944053,0.0018771493537319617,-74.3593061701828,0.08714693176330178,0.001976374862243137,0.00021323638970978856,51.50916804683936,3.000705146553204
110_Wide,1907375000.0,1.0078505274949578,0.0017319495352495196,-74.58323966044044,0.08641300892335041,0.0021925041708233855,0.0001709505603532753,50.17196522371443,4.980473521394438
110_Wide,1907500000.0,1.000618917621878,0.001755583315819266,-75.09669394960254,0.14438200158729647,0.002071843410620232,0.00014177750270002586,51.030348654313876,3.5996582457919435
110_Wide,1907625000.0,1.0033160102294783,0.0008736082505253566,-75.3179000501493,0.09681635137812077,0.002313625240362519,0.00018294628106238912,50.60527341409926,3.4344214712806176
110_Wide,1907750000.0,1.0050403848626919,0.001646453524636622,-76.58295583262905,0.12705209216776514,0.0023450636429784427,0.00016659502667980063,50.29223672945991,3.8390152019574004
110_Wide,1907875000.0,1.0115688254528523,0.002323334395058549,-77.2896208429778,0.10483094674738962,0.002489887357631634,0.00015545046696957955,48.81382114751739,2.7439041546224767
110_Wide,1908000000.0,1.0065320521165035,0.0017858565646172902,-77.7140212488724,0.06427709812713589,0.002455623903391174,0.0001403274540644621,50.0221273636037,3.478298562972821
110_Wide,1908125000.0,1.0052872781989488,0.0014497594766686983,-78.77534417920714,0.061242478146675404,0.002662096083879368,0.00014331872505663577,49.00977999572717,2.7350595130584203
110_Wide,1908250000.0,1.0005747780066505,0.0015213905631408034,-80.04756765651355,0.10052535518758535,0.0027402738059984807,0.00013846590055487408,49.05168376715771,3.2048852863497115
110_Wide,1908375000.0,0.9987596963330193,0.0016056813513613923,-80.29783214105065,0.09441364521818175,0.0028262045760245437,0.0001508020507428163,49.594646470429375,2.8415997974924805
110_Wide,1908500000.0,1.0039296360452266,0.0021195020724432815,-81.5423022324523,0.09871458093635267,0.003035216848868634,0.00015474953635380022,48.397159028420624,2.5823942439844956
110_Wide,1908625000.0,0.9991287299664953,0.0023503411726902364,-82.25773068189513,0.12378658297350643,0.0030679329194884487,0.00016693125698619778,45.61671735135424,3.7305789183226614
110_Wide,1908750000.0,0.9968895662908925,0.0013236713280524775,-83.56410992006386,0.10560333039329105,0.00323835262840963,0.00013624386342780918,44.69391304741022,2.455068230066834
110_Wide,1908875000.0,1.0050988338637699,0.0017457678299949396,-84.62586978831814,0.0499966695848275,0.003474393331659019,0.00019385070726762204,45.75108122121009,1.7928012015321
110_Wide,1909000000.0,0.9881629383832333,0.0020295348227927063,-85.80531658848395,0.09104956126594492,0.003473614554332694,0.00015011325652659896,45.01991707885127,2.709214530086912
110_Wide,1909125000.0,0.9923996637905895,0.0019935808753578903,-87.00362504456213,0.1339648628310278,0.003713694722274041,0.00017950898436074118,44.683993273609964,1.7685956950290382
110_Wide,1909250000.0,0.9809981909989409,0.0011971108376937329,-88.49138869927353,0.06631353326756054,0.003919301210946331,0.00025687376134532144,43.01487397208993,1.540290982571839
110_Wide,1909375000.0,0.980145002584285,0.0014732611102769007,-89.63728371336492,0.06904951182882277,0.004000342788614583,0.00018766026040110362,42.895122504057525,2.8979554653904414
110_Wide,1909500000.0,0.9761225764315218,0.0012409932145370157,-91.93188611520077,0.12472920268769085,0.004236982109903929,0.0001944437907569598,41.24460080904677,1.88730727764838
110_Wide,1909625000.0,0.9721096718913403,0.0014953271894387543,-93.01664144342482,0.11478531107577693,0.00440963392409156,0.00017044109469157627,42.11106981093263,1.7698056510307518
110_Wide,1909750000.0,0.9659270668608698,0.0014536059553545782,-95.18377333727281,0.13734189580092837,0.004687246095756066,0.00013506685045132935,39.193784020996645,1.8051616312781282
110_Wide,1909875000.0,0.9572335748033747,0.001776342943872709,-97.17960975101916,0.08063265625429132,0.004899243686346152,0.00020302070727422526,38.943837072147176,2.045458088101156
110_Wide,1910000000.0,0.9540018482407608,0.001445674077862791,-99.28775925681337,0.10097300883062223,0.005225466480852752,0.00015365041957040554,37.8810498186684,1.7367798417376257
110_Wide,1910125000.0,0.9370467785213208,0.0013818756279529282,-101.75977137751528,0.09005963583721285,0.005384260890450324,0.00017568701100919751,36.941997346860134,1.9985998181016618
110_Wide,1910250000.0,0.9297415951117993,0.0015256281000526337,-104.65064624613063,0.11286932312616713,0.005745632549640226,0.00013999537905994925,35.07336753300164,1.0344895877111417
110_Wide,1910375000.0,0.9118157556297029,0.0015959601995569203,-107.46508512928288,0.08288362145556251,0.006005454708096305,0.00013501384650454638,33.507599430466136,1.1959344328793522
110_Wide,1910500000.0,0.8998054783611521,0.0015814977628643375,-111.18905874971176,0.08208938847126256,0.006478001905687415,0.00016551420564748994,31.60529354021643,1.8645002542928197
110_Wide,1910625000.0,0.8818917322435552,0.0016311821602673954,-114.82007316960181,0.1368782178228255,0.006862899425222934,0.00016226267563845725,29.014078007165505,1.363560590048653
110_Wide,1910750000.0,0.8652053290810673,0.0012849974889177446,-119.08703647337424,0.18106123834775528,0.007302117815083257,0.00018253951825224768,26.42521264372669,1.6434794856646167
110_Wide,1910875000.0,0.8365549860579958,0.0015033447971999098,-123.97898399624077,0.16402143254947613,0.007736006959297127,0.00012752664303475913,23.824529260640926,1.4661402792705471
110_Wide,1911000000.0,0.8083931023616222,0.0020278489580335787,-129.216056835071,0.2317993903698479,0.008225162771433184,0.00019299882437576107,21.14754937487561,0.7236579537650274
110_Wide,1911125000.0,0.7679562410882654,0.001705047718930423,-135.93280634964103,0.23597758302438848,0.00862275604954997,0.000171678363626537,18.19069795020212,0.8558411628953432
110_Wide,1911250000.0,0.7376538788446718,0.001687448834773594,-142.96703792945968,0.21280305397986662,0.009145856250296418,0.00022222569529674083,13.886493986844851,1.051222471892691
110_Wide,1911375000.0,0.6931578183500754,0.0016870720869056077,-151.35843586217516,0.249602548992468,0.009645623244554116,0.00016822278903867117,9.937896895110974,1.081041602740934
110_Wide,1911500000.0,0.648145176375096,0.0012250162582551566,-161.5583657767665,0.2852534192562303,0.010098144668410502,0.00029153408149169325,5.856678911446395,0.726835107072959
110_Wide,1911625000.0,0.5986079851721194,0.001850272939117232,-173.61454106011553,0.3639156680785882,0.010567022179176986,0.00018362289861058117,0.42234231342458006,0.960099785538707
110_Wide,1911750000.0,0.5477600662932508,0.0022937940078901348,172.3241711826679,0.4463852784833806,0.010968109124346558,0.00022614264552529511,-4.454840032363043,0.9037598837650183
110_Wide,1911875000.0,0.514899066020738,0.0015903687296438727,156.34707669996786,0.3716744982943933,0.011318790698105742,0.0001704497784568356,-9.725219621262251,1.0189594133771271
110_Wide,1912000000.0,0.4833125512315488,0.00199742282249863,137.31051637105756,0.6562961597171185,0.011443775976831974,0.00012388003677098045,-16.086459958923932,1.149335177989308
110_Wide,1912125000.0,0.47676901977038827,0.0011905063490370174,117.71912039134823,0.727447703232394,0.011549145636023269,0.00022923956594987697,-22.5992853334202,1.0283796425983942
110_Wide,1912250000.0,0.4899354310570077,0.0023012678424288915,98.67019345101397,0.5576601480224197,0.011227546198802207,0.00012205278010507224,-28.161689564462048,0.7348076397028436
110_Wide,1912375000.0,0.5219051932257815,0.002235934954989857,80.87755496450752,0.48162834385489917,0.011063399305209226,0.00017691367161696585,-34.07455393744802,1.4228925879335315
110_Wide,1912500000.0,0.569687697778505,0.0027151052039880086,65.58538315129374,0.3289946115602396,0.010790519061498251,0.0001209529850486892,-38.796320101979774,1.4511981583294584
110_Wide,1912625000.0,0.6148050271704111,0.001854621357233548,52.68315529820217,0.3796899838449657,0.010326176278930826,0.00012240082519447622,-43.55729417997607,1.2340855788332015
110_Wide,1912750000.0,0.6628421289648984,0.0015648750672230978,42.45987801218897,0.3019619445724573,0.009823109205613328,0.0002276849782227056,-48.06227821418224,1.2653105672011316
110_Wide,1912875000.0,0.7047428506850087,0.001466452402627361,33.10627524873072,0.26654714142343533,0.009500672549078252,9.276760332366064e-05,-53.01988852572505,0.915948266793737
110_Wide,1913000000.0,0.7478800218898833,0.002232758724808952,25.402140943163126,0.2816688691053802,0.009107261038788868,0.00026757927190486743,-56.166894119603505,1.097704625279257
110_Wide,1913125000.0,0.7881478990025718,0.0024730247391208213,18.551840845888343,0.23246702498737523,0.008650371648206267,0.00021272411407967698,-59.80897509742453,0.8846748852102697
110_Wide,1913250000.0,0.8136970874753999,0.002504767354579183,13.18198006176037,0.16029118851743085,0.008031515709608654,0.00021607333205709954,-62.8275146114329,1.5973807152620574
110_Wide,1913375000.0,0.8518920818538268,0.0014170207592261582,7.549965706511937,0.20009264995213005,0.007620595517172611,0.00013490713302122528,-67.0239003064487,1.8107991388689875
110_Wide,1913500000.0,0.8665427656529235,0.0021374157881154598,4.025773223646794,0.14418312474065567,0.007285426660505052,0.00017621732812294125,-67.90975005485006,2.113882344874317
110_Wide,1913625000.0,0.8886526356215237,0.0010473017369914462,-0.5236124883541785,0.13578359601427897,0.006888027551890219,0.00021341042145806442,-71.2224367192357,1.5155124818713535
110_Wide,1913750000.0,0.9082479537277934,0.0017295183434245381,-3.0713811225631917,0.11403157135081414,0.006564041849148878,0.00018409991496324136,-72.81436769612982,1.216997200507327
110_Wide,1913875000.0,0.9214510547047563,0.0014948201374152684,-6.243027400003281,0.15093050429138385,0.006231591563302045,0.0001450283258980422,-74.06955987808907,1.9406311949988155
110_Wide,1914000000.0,0.9380006703156066,0.0010658980422812085,-9.672209895313376,0.1290611504272729,0.005966278668516311,0.00021547874006443835,-76.81199597935158,1.2753567014234992
110_Wide,1914125000.0,0.9560018977563298,0.0014856623229644952,-11.293769544167183,0.10555213852902467,0.005695259746805317,0.0001476094267636537,-77.54158906523506,2.1018208211293197
110_Wide,1914250000.0,0.9688541921479282,0.0017227121875963785,-13.603492767708516,0.10311668758559843,0.005363906895221064,0.00018192674966784593,-78.50170972229019,2.1106265813230523
110_Wide,1914375000.0,0.9704930288310296,0.0017036851488276058,-15.491060226402546,0.1031059907839544,0.00519609528736015,0.00019984003105641594,-79.61828699772215,1.9670135511853846
110_Wide,1914500000.0,0.9749303363131617,0.0011818861258661643,-17.146757565536724,0.14031772069269446,0.004938686431382171,0.00023940639085546207,-82.8895788702352,2.0286717872086215
110_Wide,1914625000.0,0.9934994688583908,0.0013574355288899483,-19.019931122627757,0.06815030648436295,0.004724506367418817,0.00012074587031172236,-82.07660875649489,1.8156722858882741
110_Wide,1914750000.0,1.0043597684752261,0.002053538517907285,-20.07349305251987,0.15122430670027603,0.004527658286845504,0.00012012011518969083,-84.65784156873953,2.2109692501466323
110_Wide,1914875000.0,0.9994588016925747,0.0018892398143277715,-21.858675484270915,0.07414389600740227,0.004374316748491522,0.00011393709428549216,-85.20528856255586,2.2534281260532514
110_Wide,1915000000.0,1.0105623420907117,0.001632683664561803,-22.97605838903854,0.08063708573548498,0.00414583211917793,0.00013290428333567343,-85.3456276746471,2.909560053441583
110_Wide,1915125000.0,1.0064854081559798,0.0014863532242073995,-24.59607159893733,0.09257220790193009,0.0038638021200097118,0.00022034534719040681,-86.80700607257899,2.2225586741450494
110_Wide,1915250000.0,0.9920842187980365,0.0017478349032824818,-24.90535389814595,0.05377441463032278,0.0039030879174078792,0.0001337549719884482,-85.85384682755578,2.404355310506106
110_Wide,1915375000.0,1.0164591785144372,0.001597968099923115,-26.587883468523025,0.0982292192228107,0.0037933837687974107,0.00018996290905546438,-87.2996358460814,3.6475411766859533
110_Wide,1915500000.0,1.0131530971253788,0.0011406787006099585,-26.815174544738234,0.08711766054331355,0.003541607366989551,0.0001123212377527693,-88.07772491885754,1.9986588062986603
110_Wide,1915625000.0,1.0041578562563716,0.0020617662783516074,-27.998756421585643,0.10204283113982947,0.003384897992260664,0.00018715520887899046,-90.08256778500818,2.79642135930369
110_Wide,1915750000.0,1.009984539977277,0.002174209099272738,-29.079764967236244,0.1123669175220494,0.003348241990088248,0.00011841768370359797,-89.01228570330574,2.990716961846059
110_Wide,1915875000.0,1.0167075744582417,0.0022047371988589415,-29.54843102814347,0.13512222923265585,0.003262879741575685,0.0001957729897627569,-91.94435877868173,3.114673166598371
110_Wide,1916000000.0,1.0227100213431175,0.0014182604408543775,-29.954728286808677,0.08943527662094398,0.0031103168437227754,0.00010594088416870295,-89.55937258441048,2.9897316890968657
110_Wide,1916125000.0,1.0112717869426617,0.0018342009847272102,-31.419168181820357,0.10260902219279432,0.0029994888278349055,0.00018133888171565702,-91.70940854832878,1.7898176297045396
110_Wide,1916250000.0,1.0132430548752787,0.0009408630912988798,-31.67423284155805,0.14407096235709982,0.0029102459175469743,0.0001499656708334801,-93.26012581122762,3.7520044973137217
110_Wide,1916375000.0,1.0106852523246541,0.00171668757079572,-31.878398726208026,0.10152888275914373,0.00280766170412743,0.00016830830651313585,-94.6901229832368,4.663775553711249
110_Wide,1916500000.0,1.0072256150379606,0.001410245827895363,-33.012843074053514,0.06962720997306249,0.0026677688699631268,0.00016703997912449617,-92.75125177396312,2.2308882531077354
110_Wide,1916625000.0,1.014985893417814,0.00160608284679258,-33.019939498893834,0.08120243925166415,0.002566564791345787,0.0001757332236727673,-94.53789176970514,4.991972573282097
110_Wide,1916750000.0,1.0261554602513923,0.001504072622247534,-34.1840156087145,0.1106261947171683,0.0025722623604183467,0.00020616248206221344,-97.40662255874322,1.979339205591412
110_Wide,1916875000.0,1.008007434931483,0.001646885509318827,-34.5631419213893,0.1402747927910193,0.0024961736973538877,0.00017529807156941774,-94.87661572260954,5.047629288382409
110_Wide,1917000000.0,1.0243695443196015,0.0024335159117862344,-34.79634446829294,0.07547286930072468,0.002459834206823024,0.00018925821506661253,-95.46791330391618,3.609008207793301
110_Wide,1917125000.0,1.0131232513207853,0.0016503251161929862,-35.248654273320625,0.10254394144091443,0.0024891503564582035,0.00010818119924377464,-97.75315571583711,4.573881112811889
110_Wide,1917250000.0,1.01808252830772,0.0021645716603637013,-35.76500172410326,0.06107417510400877,0.0024263605317186594,0.00011917169583270942,-99.10138648446484,4.501336926341708
110_Wide,1917375000.0,1.0122820793228116,0.0016367529659188473,-36.457038376884626,0.10011131594479074,0.0022798328873989823,0.0002097807318896464,-100.04764480949338,4.580207497960106
110_Wide,1917500000.0,1.0144905430854843,0.001337968706808724,-37.55815546327416,0.06933929272632196,0.0022949252505850546,0.00018420489221746594,-98.69639209068944,3.212922875547381
110_Wide,1917625000.0,1.0079487645949248,0.001518342429495266,-37.343005452729486,0.10016762736137401,0.002153881791655084,9.533288352013161e-05,-102.46169762804631,3.74936972675187
110_Wide,1917750000.0,1.008245831618823,0.0009618964218845047,-37.58287829829555,0.0663132454643163,0.002107528451834268,0.00014030923512803502,-101.61477246621078,6.404392178349839
110_Wide,1917875000.0,1.0033649225791559,0.0009800882314143057,-38.49774621243757,0.11245177410324422,0.0021316012350294437,0.00021492290291189842,-102.9958700316421,3.7007000691499212
110_Wide,1918000000.0,1.0071118019736085,0.0015168068564408138,-39.241697105359535,0.11863991000192634,0.002043394982843688,8.60863313702954e-05,-99.24026026501829,3.0985715512893686
110_Wide,1918125000.0,1.0040191847756197,0.0011447966045998828,-39.58802578182478,0.11321906951481626,0.002052673842073649,0.00012751990623475126,-104.03325083225339,4.814118344396785
110_Wide,1918250000.0,1.006125706803747,0.0021217269497428755,-40.6097982519198,0.10330163087223845,0.0020415637688965334,0.00010950619269167005,-105.64630910162634,6.033322940108899
110_Wide,1918375000.0,1.0069282453119597,0.0017302541487133286,-40.01429474222727,0.07021282704668358,0.0020125051159246097,8.790010233267454e-05,-106.45376488379596,4.426847129592066
110_Wide,1918500000.0,1.0107494383766125,0.0015636360077257543,-40.25406708615232,0.10033591921526343,0.002025564373035561,0.00023662801325051593,-107.34989189148746,2.9405286631023664
110_Wide,1918625000.0,0.9978208893513975,0.001358158005368613,-40.99876050124091,0.0907458314364938,0.0018867621868047038,0.00013796758077475383,-106.1105572424023,6.451843799057539
110_Wide,1918750000.0,1.0088493806069094,0.0023773485233719084,-40.156425929545414,0.10424290927095198,0.0018778363247600855,0.00015874305612545902,-105.75006154275923,4.83851529619812
110_Wide,1918875000.0,0.9970611735225905,0.0016100269601215715,-41.752550263570846,0.08278670874756162,0.0018382413939923236,0.0002218884278952747,-107.14461282358384,3.987642601120065
110_Wide,1919000000.0,1.001902501117138,0.0013704715989073975,-42.80074923612255,0.11614304354689838,0.0017618328079200426,0.00013783278954760165,-111.37485678737882,6.4737470955826995
110_Wide,1919125000.0,1.0138184971256616,0.0013758780923182094,-42.50982216660719,0.10145387995226315,0.002049364262344002,0.00013748212945054796,-103.78668614350742,5.584879130014386
110_Wide,1919250000.0,0.9914521840942879,0.0014264669249702165,-42.96533423251481,0.11165680911033132,0.001727935746731148,0.0001673697773828625,-109.83457126300105,4.4202215199402115
110_Wide,1919375000.0,1.0000364279329643,0.0011922119821634383,-42.66018522952507,0.10501878169198267,0.001878319793865153,0.00013145650554888987,-108.09077683296911,5.4609826590796215
110_Wide,1919500000.0,0.9949660313011551,0.0018548439715634247,-43.51970717324215,0.09840975671679793,0.0017670886294659147,0.00021315355729644271,-108.57991348152925,6.1299234827983815
110_Wide,1919625000.0,0.9956939892864545,0.0018208126962698022,-43.38296164490917,0.10168534511494826,0.001739023270140135,8.927419964586085e-05,-111.02221652903616,4.659340338579667
110_Wide,1919750000.0,1.0065513449216208,0.00128778496414269,-43.93349603229649,0.0844709658862667,0.0017483427284605366,0.00020057562673906278,-113.37768214357828,5.698503656213729
110_Wide,1919875000.0,0.9985385543942387,0.001468817178155075,-44.56696028499629,0.11292415835200131,0.0018111497305862108,0.00018725197709586422,-111.8973801767524,5.78860710070854
110_Wide,1920000000.0,0.9961707436033602,0.00201188438000724,-44.42427837237386,0.08280137035599465,0.0018459256460196566,0.00019162059136701608,-115.48126902322397,3.9224635515241837
110_Wide,1920125000.0,0.9981269394133649,0.001351850764735614,-44.66539977061754,0.11744211899688015,0.0016541439664850498,0.00017186135944919717,-112.87769520406172,4.801842264098192
110_Wide,1920250000.0,1.0056585236737878,0.001115389798685978,-45.089634082207134,0.061629744344179296,0.001750954068028652,0.00016951440605050814,-112.75829188085116,6.418416853590796
110_Wide,1920375000.0,1.003692445203801,0.0008522162981415865,-45.17257097900766,0.08244641133939547,0.0017784528497563395,9.190051141883421e-05,-114.13084664160098,5.1890119624746145
110_Wide,1920500000.0,0.9940625936798055,0.0016538747255087215,-46.20092761656243,0.0889122363123719,0.001601755369471908,9.250867323815942e-05,-115.02189410267843,7.2437142498200275
110_Wide,1920625000.0,0.9995543011247772,0.0020053125676170037,-46.21596406013272,0.1280980517267577,0.001720893937002504,0.00011939153493739933,-113.47897264768409,6.138968165633433
110_Wide,1920750000.0,1.0044210375213378,0.001136666445563377,-46.82217726407801,0.0720790000313329,0.0017238400828838648,0.00016808966513208104,-116.56528547078796,6.6968496264748785
110_Wide,1920875000.0,1.0080646104541087,0.001190251675627852,-46.876853016208855,0.10518211494738249,0.0017707726481578437,0.00018205417826814673,-117.45130766800536,7.393302996727362
110_Wide,1921000000.0,1.0100361177769182,0.001085698741141333,-46.80934089322845,0.07241445693776892,0.0017007516778858324,0.0001844826750677459,-116.40716838727042,3.9129294061438245
110_Wide,1921125000.0,1.0148333324582635,0.0019116474975151537,-47.56198132049682,0.09415338380078778,0.0016814107642836326,0.00015423322205126912,-116.78861347484936,5.916342168622574
110_Wide,1921250000.0,1.0134683585665378,0.001526377063610219,-47.81283870167736,0.07276662396996271,0.001783549696358183,0.0001396943104602563,-117.62665165284623,3.7349936824196277
110_Wide,1921375000.0,1.0072672319713147,0.0013158241585826413,-47.47150050684032,0.08680330620633941,0.0016550578552608412,0.0001590582508929507,-116.46149802377403,5.133254853691945
110_Wide,1921500000.0,1.0222724511578718,0.002118759176570265,-47.77907205945232,0.06802887943794057,0.001759780389238025,0.00022798978997621284,-117.15641440640914,4.7765636260636315
110_Wide,1921625000.0,1.0167171730942104,0.0013706833335357352,-48.310214277657224,0.062051514600830186,0.0017371761104894728,0.0001753418928293986,-115.37142248352943,3.1978079475125596
110_Wide,1921750000.0,1.019154326499243,0.0014968381303275828,-48.372845504565554,0.07573686302187432,0.0017445952635324199,0.0001941366204014061,-119.40115179268649,5.043596233440578
110_Wide,1921875000.0,1.019682419650488,0.002234519559651247,-48.263709261974334,0.07249612654231866,0.0017071618394378608,9.65691519783079e-05,-117.53651244865276,5.979447856633343
110_Wide,1922000000.0,1.0301598619268058,0.0018224115902251328,-48.844895521320566,0.10932177977439594,0.0017037731553608305,0.00016690682788742547,-120.27910028432346,7.263283117087313
110_Wide,1922125000.0,1.0296072188282346,0.0016036306944072765,-48.906464746397866,0.07052883430123345,0.0017465387716296236,0.00015321168845327707,-118.10809908107915,6.30150110955138
110_Wide,1922250000.0,1.0349197966321044,0.0017352340994007107,-48.59166043788753,0.09996317718914433,0.0016971111430233307,0.00018099283932827883,-120.13167442373415,6.027938899399296
110_Wide,1922375000.0,1.0293906118813108,0.001397151293498576,-48.95526801323472,0.07310021388604938,0.0016253142036663233,0.00020322311108748317,-120.10194355863564,5.494179225639369
110_Wide,1922500000.0,1.0378524709876995,0.0010278664473581207,-49.25485735186254,0.07036241530492889,0.0017141766081803498,0.0001671643653424585,-122.3197124797966,6.452026481620496
110_Wide,1922625000.0,1.0236278766677112,0.0010640408601157306,-49.61404935248084,0.1055408931935735,0.0017130327170861467,0.0001414250550779968,-117.66962783054487,5.965838773506385
110_Wide,1922750000.0,1.0304426583800144,0.0012499956588509565,-49.32183571686345,0.09289314508210804,0.0017149207137925708,0.00020950586477226475,-115.83880419862193,5.537020127929549
110_Wide,1922875000.0,1.0393687083746577,0.0010900725189386868,-50.31041700730457,0.03868098053088597,0.0017498205081933958,0.00024243048607884714,-116.7708294113333,5.864657037927092
110_Wide,1923000000.0,1.0421069370435672,0.0011912700626206597,-50.09184546629982,0.10353128710330395,0.0017940276265710452,0.00012313171208103128,-120.80370043416632,6.59987582362657
110_Wide,1923125000.0,1.0367062222320849,0.0011896554742500953,-49.95760627151375,0.08386327128690146,0.0018245224816811287,0.00022765337081324824,-119.06819950397777,5.569192249823079
110_Wide,1923250000.0,1.0381033083019933,0.0014967015334933793,-49.64280454097508,0.1327493736758266,0.0017471167310415697,0.00014794594741289515,-121.01900072192242,4.054749557418468
110_Wide,1923375000.0,1.0360015837791587,0.0016498034011420133,-49.81293066850829,0.09983201316303893,0.0017715699183135732,0.0002211008798937487,-117.43073674462036,4.822536454396485
110_Wide,1923500000.0,1.0426716353524053,0.0012252865602533363,-50.354281520411,0.07897751626390467,0.0017551007361612514,0.00010563144633700035,-115.30754404248614,7.261306337338899
110_Wide,1923625000.0,1.0367202421546728,0.0012283712131945209,-49.847261397924235,0.06452773776838547,0.001775985878131427,0.0001399371098584853,-114.44791263310361,4.569002844204758
110_Wide,1923750000.0,1.0476792821529457,0.001974305540874843,-49.97182669283601,0.10097749857653097,0.0017921544258030012,8.760032970507616e-05,-116.51093634402511,4.830558001119678
110_Wide,1923875000.0,1.041315502102049,0.0009877328567993616,-49.6870494610261,0.08096840102083717,0.0017852304831973854,0.00021179276610923002,-117.12114617966276,7.0208196544452575
110_Wide,1924000000.0,1.0438613876028864,0.0010804490011318377,-50.18420184101433,0.061638833304014436,0.001817100431429993,0.0001274756605528549,-117.44453081470155,4.691804930394068
110_Wide,1924125000.0,1.0536074394650494,0.0018623616648490442,-49.69868484336822,0.03768243406720401,0.0018366779010445195,0.00014912395982477083,-118.04125306903387,5.684537640951804
110_Wide,1924250000.0,1.055721024492359,0.0012068222282473047,-49.36213066653882,0.08519862770719294,0.001835614970069494,0.0001766361440489668,-117.3850765838173,6.83952160177484
110_Wide,1924375000.0,1.051704001531921,0.0013087345659043685,-49.99952091616568,0.059384803289479225,0.001869614462537539,0.000153526595557433,-116.523796390876,5.550285858535507
110_Wide,1924500000.0,1.0442547880171316,0.001418049640892661,-50.10363000890217,0.07806517872048195,0.001716137469558044,0.0001882453790811327,-117.75392860337176,6.258087452385007
110_Wide,1924625000.0,1.0439233990255103,0.0014754443300673016,-50.2626650803368,0.11061760443556196,0.0018896556709835429,0.00012130413107828679,-118.018967881911,7.490850104727295
110_Wide,1924750000.0,1.0414987610794284,0.001383286150457497,-49.70801027384205,0.06623949496883431,0.0018715163615202956,8.347195849687515e-05,-118.68769761697251,2.7563886295781046
110_Wide,1924875000.0,1.04552563359408,0.001573633037262074,-50.17652912166131,0.06535539100468371,0.0019480507061432751,0.00020054529943651212,-118.36083538594791,5.57579010184069
110_Wide,1925000000.0,1.0452895937786582,0.0012282947219132954,-49.865655850436355,0.06641488318103017,0.0018091619187221401,0.00019471773043411533,-118.93160264566109,6.303835394279723
110_Wide,1925125000.0,1.0428331347861841,0.0018761901739748669,-49.82323557417108,0.12330216364712576,0.0019070728740018595,0.00021630324794682368,-119.43211050956285,3.3792141832636413
110_Wide,1925250000.0,1.0472783389553444,0.0017130112160125056,-50.584509704823446,0.10685955892235055,0.0019073031289216107,0.00015943214155599586,-117.72068548615113,3.7410375002214216
110_Wide,1925375000.0,1.0579236609550067,0.0019272455974005153,-49.89942401470374,0.07893407103994153,0.0018553082958531202,9.28833088570786e-05,-117.58048730832776,5.177287847273781
110_Wide,1925500000.0,1.0518972931653734,0.001151951485789994,-50.27510741490067,0.1062023985700911,0.0017322266290828597,0.00016774001915579665,-118.11200445741511,4.209321397705867
110_Wide,1925625000.0,1.0395113153473796,0.0015432687074119675,-50.05679995309596,0.08503248308293584,0.0019327104588298008,0.0002400283296254366,-118.02323065775188,4.535125734399438
110_Wide,1925750000.0,1.0419381162619534,0.0013424519744446078,-50.10226972243861,0.05820125202715598,0.0018412327796856359,0.00019853676024234257,-115.498316763302,5.0292303152819215
110_Wide,1925875000.0,1.0449875870462297,0.0013145143915370091,-49.28584817619594,0.09577053389329297,0.0019747944019047428,0.0002656010570096636,-116.77234705260244,5.773448072500896
110_Wide,1926000000.0,1.0450933118596673,0.0017849930813996745,-50.711857350234034,0.06024911969796295,0.0019180321821287841,0.00020951851239661636,-118.30172360927352,4.271599999430515
110_Wide,1926125000.0,1.0343409848028349,0.0008408551070142609,-50.32609875172995,0.07314281872527588,0.001949794230537322,0.00017060389915857948,-114.48680826317587,3.764473053309301
110_Wide,1926250000.0,1.0412927555208502,0.0019234355645437482,-50.38387853089761,0.09267224964999364,0.001933661010454141,0.0002166827101684506,-117.16873996309327,5.931276221948244
110_Wide,1926375000.0,1.031971771850438,0.0016008398520826433,-50.030089965227965,0.036505246583286806,0.0019773397685419474,0.00020889811404209278,-117.33551525275696,4.573512954233549
110_Wide,1926500000.0,1.04760691606208,0.001495466613170991,-49.95084466827516,0.08473482792073002,0.0020287460453428927,0.00019112268164467444,-115.65742087220299,5.74825612786603
110_Wide,1926625000.0,1.0458659040617249,0.0013641286428361429,-49.92666029425978,0.06585136463425767,0.0019112013565797542,0.00014368304341566885,-115.23877084167638,4.643854957489949
110_Wide,1926750000.0,1.0345548927252546,0.00231909098720847,-51.00691250535071,0.08324933177140306,0.0019493654417661256,0.0001570196695027295,-116.41508852145641,2.329080693248295
110_Wide,1926875000.0,1.041595152287778,0.0010300411078607839,-50.57365871918505,0.09237605413245915,0.0019119253313791991,0.0001652370867496977,-114.49206699302859,6.604027793748349
110_Wide,1927000000.0,1.0353552319692452,0.001661022743737795,-50.69841536405683,0.11139707775383605,0.001974933204492181,0.00016380521765404243,-117.17351156050842,4.365373254965539
110_Wide,1927125000.0,1.0412890212062627,0.0016274350606749668,-49.71849355700241,0.0991943134575991,0.0019262045961906794,0.0001861091383852415,-113.22267590888198,3.9092518721758367
110_Wide,1927250000.0,1.034732386719933,0.0017274206497429633,-50.488928862575776,0.053229255337513215,0.001927814655710816,0.0002048752041601863,-112.22131888962106,4.966365114764386
110_Wide,1927375000.0,1.0325936407400076,0.002157701987891027,-50.47083798091976,0.11192156674354173,0.001928019550466443,0.00011045856964807534,-115.42986935975296,2.9485562476704743
110_Wide,1927500000.0,1.0259708726311045,0.0015398773167907655,-50.566276988542896,0.11901294836847592,0.0018787232937542734,0.0001354094321921031,-116.25802510260253,5.4595287549517755
110_Wide,1927625000.0,1.0337978726858357,0.0021165668702692,-50.51949173024215,0.07516182344376228,0.0020247045823807205,0.00017466625625201415,-114.73840064310005,6.053292643176031
110_Wide,1927750000.0,1.0380803646226497,0.001420975174898465,-51.353696695320295,0.07817152169423584,0.001951905581001958,0.00016505559779830651,-114.11392679115794,4.245126997110192
110_Wide,1927875000.0,1.03671326723397,0.0017199707247476394,-50.665276603759295,0.10900588089729907,0.0020175627201083285,0.00011788526499938676,-109.74741254439058,6.453859232900997
110_Wide,1928000000.0,1.0249311139267965,0.0022707708980834354,-50.50746142151143,0.08132608994858334,0.0020142720515667497,0.00010533983959696167,-115.00827739697655,4.98676348838949
110_Wide,1928125000.0,1.025196041433374,0.0017169097627006559,-51.18887820748438,0.09339392833951343,0.0020022462296539157,0.0002407519215608642,-113.89267201485045,6.577435166191716
110_Wide,1928250000.0,1.0309065131819264,0.0019650958581466076,-50.40053340900439,0.11317932675996827,0.0019977843779403165,0.00015104916473238984,-111.7791675994578,4.870421234856371
110_Wide,1928375000.0,1.018576889601051,0.0016523607096695753,-50.815828235573456,0.09008079057600607,0.0019547917854586443,0.00021249325676902478,-112.53455967412245,6.785134121154501
110_Wide,1928500000.0,1.0301264275465263,0.0015080035096840818,-51.05951510808129,0.11456303159492971,0.0018777262896420314,0.00019485963386490685,-114.48523453283245,4.812496607031621
110_Wide,1928625000.0,1.0252078523976236,0.0011384897607415348,-50.58645054474433,0.08635421231404909,0.0018172250706515393,0.00013798685388506318,-110.76922180914805,3.27238917558269
110_Wide,1928750000.0,1.0325811121430752,0.0015154849740239465,-51.370987730920014,0.07481106420874412,0.001897533376844454,0.00018261078485974495,-115.31924242046749,5.441371717753918
110_Wide,1928875000.0,1.0242182717936101,0.0016137569224903207,-52.65849409487733,0.036471870129030054,0.0019016336340647554,0.00016393128262994858,-115.15373193716792,4.8238861891660365
110_Wide,1929000000.0,1.021522076209301,0.0020182512454519097,-51.15920116269746,0.10808080668922503,0.001909481124408343,0.000193944460557666,-112.07495233081957,5.6086901549989285
110_Wide,1929125000.0,1.0283394327329864,0.001498860633796956,-52.1499987675643,0.08281166455414006,0.0019222755098836893,0.00012709512782174893,-113.26087523188586,3.3725670257257514
110_Wide,1929250000.0,1.0159858362149632,0.001531848685101693,-51.496727261020474,0.11646038323938392,0.0020218033422325856,0.0002026789851978084,-115.81955099479246,3.41520579540718
110_Wide,1929375000.0,1.024926176438191,0.0014663522357957705,-52.13526363439947,0.08643412811256072,0.0019556955703488874,0.00017830796932195508,-111.58509054378176,4.273622687865659
110_Wide,1929500000.0,1.0260653870777154,0.001458772106010205,-52.217586082055455,0.10205037320741468,0.0018137111504755502,0.0003037476676258711,-109.89127363413505,4.886850981311004
110_Wide,1929625000.0,1.022175689599514,0.0019972193893642524,-51.60008555160939,0.09835930388951061,0.0019264501165330683,0.00014525053535136006,-111.10540066177971,5.247188862194096
110_Wide,1929750000.0,1.0111865995360279,0.0016221209158163935,-52.33815818617706,0.07268188922275406,0.001843127863193659,0.00016657377238113701,-111.52870621957169,6.84224406779283
110_Wide,1929875000.0,1.0366872198617292,0.0015253660540066837,-52.43648915754103,0.10732083279997036,0.0018238599778941777,0.00011786665677171088,-111.98582953487289,4.132821864911864
110_Wide,1930000000.0,1.032461463073115,0.0021343076155111045,-51.823883771408966,0.06846354361035746,0.001902076653248881,0.00022127644861544358,-112.02113758784718,5.359395762597417
110_Wide,1930125000.0,1.011428899236561,0.0010785996307868366,-51.86265282346258,0.07033099709742527,0.001908086624968982,0.00016138645188054466,-107.83460906978513,5.340923729369796
110_Wide,1930250000.0,1.0188009470374946,0.0013626063828337065,-52.83824165711992,0.07798564325320609,0.0016704505258673264,0.00019746114979239345,-112.16966062970045,6.42478656145516
110_Wide,1930375000.0,1.0229345716068294,0.00230251482425316,-52.28528249728244,0.05873088907055139,0.0017415281529507653,0.00015703630300608105,-111.67697473180787,8.326331471578715
110_Wide,1930500000.0,1.0266271316281272,0.0017412668730077175,-52.04868784888275,0.08966214268390602,0.0017654960333607019,0.00016847606690966217,-111.93335346653892,5.916251912505973
110_Wide,1930625000.0,1.0201681125927307,0.0015894779970216546,-52.955282779423975,0.0669253412301962,0.001712333140149612,0.00024204221121908555,-107.05274629441517,5.605553593954252
110_Wide,1930750000.0,1.015096566898589,0.0013045796014263791,-52.76086328131202,0.1188007918849825,0.0017848834590164168,0.0001693753180475445,-115.59613571450811,4.187092490039152
110_Wide,1930875000.0,1.0283983936146623,0.0016835599698829338,-53.05047025832087,0.11796793817876472,0.0017461373237344256,0.00010908012538852865,-110.72048164123518,5.333696107815064
110_Wide,1931000000.0,1.0317821396095792,0.0018307912770215576,-53.179568643887045,0.05999577494243239,0.0017501917263127377,0.00020425940683650408,-113.26353550368081,5.8192126688168235
110_Wide,1931125000.0,1.018019633848857,0.0014668383097924344,-52.76123608063857,0.12182522219132437,0.0016307790356383754,0.00010419242524660191,-108.74587059734937,4.853114017712815
110_Wide,1931250000.0,1.0190439071063817,0.0022174173748603634,-53.22715737046346,0.12369270772301608,0.0016998057635809315,0.00020664720313445968,-111.58361642994333,5.290896255393889
110_Wide,1931375000.0,1.0183047733392219,0.0010138471464193894,-53.30230582439371,0.1386135377731109,0.0016031370704499826,0.00018588288188185227,-115.00106561923843,6.3862444774582405
110_Wide,1931500000.0,1.012412731471851,0.002087467698263587,-53.283312525377355,0.1004886722633611,0.0016691359646345532,0.00013269395409935212,-111.65209042629706,6.5997003965306975
110_Wide,1931625000.0,1.0214416695905248,0.0012837335433959558,-53.34710827076533,0.10612805256287304,0.0016195517700587718,0.00015814240217396118,-113.95224584866295,5.285525316340156
110_Wide,1931750000.0,1.0198541510302368,0.00211233574906642,-53.866267670162344,0.059027092267751616,0.001671057727169152,0.00014004123456124977,-111.77774073055546,4.7488160147248495
110_Wide,1931875000.0,1.0255277031526175,0.0013354503819309,-53.39587600419325,0.09361681607162058,0.00158062987059462,0.00014001920682658666,-109.83844400949532,5.584502933402208
110_Wide,1932000000.0,1.0180833715030304,0.0017285001331752783,-53.188736863742676,0.09214234610633792,0.0016005605943670365,0.0002493243886199727,-109.62860432014182,6.668844605578528
110_Wide,1932125000.0,1.0306803937691873,0.0011564271557285041,-53.908432639697146,0.1317403825709401,0.0015073119254733834,0.00018006225594359955,-113.92183795562133,5.01486679117334
110_Wide,1932250000.0,1.0181446240040133,0.001573234726195446,-52.89174152742773,0.10903432912116899,0.0014857984633498452,0.00017536560113364194,-107.32781678814172,9.483362671549683
110_Wide,1932375000.0,1.021405684007155,0.0021829640833734942,-53.64360176626606,0.07231341133794339,0.0014617247066689343,0.00020429784902388037,-114.01711718291995,4.751490800062663
110_Wide,1932500000.0,1.0310759819179078,0.0020511298673780076,-53.511111209831284,0.13259047596466106,0.0014244577712416713,0.0001451165302865483,-110.8974595981944,10.332620787729386
110_Wide,1932625000.0,1.0240634326055282,0.001485894052848927,-53.494776126182174,0.08040229749752585,0.0013984524630765364,0.00011979167786428499,-117.84637958850122,8.915023442365511
110_Wide,1932750000.0,1.0201779738139214,0.001843590087622271,-52.73881925416668,0.09953700503196775,0.0014495923878208529,0.0001483609383915586,-113.72160143119437,4.158269993113613
110_Wide,1932875000.0,1.0389124208234848,0.0017768260156020995,-53.87838182487117,0.0810145313025079,0.0015016728315834314,0.000161793924568684,-117.86115348625233,8.492539207078662
110_Wide,1933000000.0,1.01900215542049,0.0014286507968040256,-53.84979103553556,0.09717072588071078,0.0014669107913880778,0.00019847765240537838,-108.47182469735687,9.439003174972862
110_Wide,1933125000.0,1.0329526940542375,0.0010283052738269268,-53.93481686313904,0.10383399904077022,0.0014900766867141522,0.00016496120598478135,-113.88944678162372,7.257056465248718
110_Wide,1933250000.0,1.0233330570564032,0.001700897179942259,-53.73795950374056,0.09473241378382913,0.0014255318200271298,0.00013556635167828092,-114.53005111451294,9.333967509871325
110_Wide,1933375000.0,1.0356460641497613,0.002424598510987659,-53.5089465727757,0.05748030753038661,0.0013407538468680504,0.00021439844469944088,-115.70678899009383,8.494236992271633
110_Wide,1933500000.0,1.0295745881362623,0.0013226601160208763,-54.06562209835832,0.06811512303104895,0.0014147670757898526,0.00010854903199986296,-114.50047222241496,8.916511445890839
110_Wide,1933625000.0,1.0235631063844675,0.0018350376732938025,-53.94781047052929,0.12479064661397235,0.0013319297828591529,0.00015542605699206768,-116.28182424562024,6.672371825302114
110_Wide,1933750000.0,1.0254343997952684,0.002507926726297598,-53.93943567146583,0.061489334655656626,0.0014461850535741338,0.00017856244986990446,-118.12800365666871,6.70005722353123
110_Wide,1933875000.0,1.031481466041433,0.0017103207398751563,-54.21363364704993,0.07039971587888959,0.001453326831392225,0.00014792863489817418,-110.74247436422539,6.180555458535564
110_Wide,1934000000.0,1.0326096645220388,0.0017629660667599857,-54.04031727664994,0.11462832134485755,0.0012361442704101092,0.00016750538625463695,-117.82176042292438,10.208911678169875
110_Wide,1934125000.0,1.0220171652540324,0.001235119718766299,-54.01604230279675,0.08421052002619632,0.0013337379572940966,0.00016511084037715005,-117.26172310280076,4.021536316848762
110_Wide,1934250000.0,1.031813813019724,0.0012629775211008957,-54.666582063623196,0.08368889304453271,0.001258639636640654,0.00011515210017405801,-120.24980506917939,9.23165115598483
110_Wide,1934375000.0,1.032345211443339,0.001456112965759821,-54.15589740400874,0.10563909811196734,0.0011693495630417318,0.00019102351613436947,-115.96902153399469,12.588425203482851
110_Wide,1934500000.0,1.030337231657465,0.001257751147167712,-53.990549963825686,0.10037275899876648,0.0011737121443744455,0.00017195361570837981,-116.62602507315125,5.743910798136363
110_Wide,1934625000.0,1.0425019185887376,0.001236522022887137,-54.73334441131465,0.08234039742259694,0.0011391516522673798,0.00018238719405601366,-123.80695883345274,6.3018952896209965
110_Wide,1934750000.0,1.0297910680000248,0.001850387453128205,-53.877760712287035,0.08350445588673747,0.0012740693065086029,0.0001990567329183169,-126.6002132524261,10.29112620625914
110_Wide,1934875000.0,1.0216771762513004,0.002159816394897044,-54.365053429196905,0.11699867709260474,0.0011234384470726149,0.00017268354947279848,-115.55232070874723,10.12597739040093
110_Wide,1935000000.0,1.0202436501217274,0.002005221134972605,-54.50006102596272,0.10293032335397312,0.0011419481686938387,0.0001682022192384381,-122.11155567444628,5.106836099676641
110_Wide,1935125000.0,1.0294676617234497,0.0015819919641714977,-54.20630164046923,0.07644037622744385,0.0012110577008579964,0.00020188466698429027,-121.96938351387959,10.723996661483786
110_Wide,1935250000.0,1.0234316663463108,0.0019924565703922166,-54.49061404243655,0.08218530549188174,0.0011750965469067966,0.00012301538673981536,-121.33590989864894,7.954169302153375
110_Wide,1935375000.0,1.0416126290481522,0.002537171125098768,-54.61595811715801,0.10326896653186964,0.0011377039980548147,0.00015449407008734652,-122.24400385795457,10.36980043340758
110_Wide,1935500000.0,1.0285483665393906,0.0019157166298889843,-55.06859584704348,0.06767645037734767,0.001112725757905385,0.0002618127394586826,-126.52688235070211,10.230925035464828
110_Wide,1935625000.0,1.0324204095345728,0.001462885173084989,-54.475745886795195,0.07308789450632773,0.0010955827104300595,0.00011158842763393754,-128.26333810259231,7.98051104256739
110_Wide,1935750000.0,1.03681954089641,0.0017006690269810354,-54.37480279007508,0.09973707714855676,0.0012431059054219507,0.00010698256405097772,-126.42720988046449,8.64829682034627
110_Wide,1935875000.0,1.0336047235763108,0.0014228891972511276,-54.905188131524326,0.07726610233806849,0.0010660329521089255,0.00014648549636635223,-126.06226639320138,8.558144912704355
110_Wide,1936000000.0,1.041689982746333,0.001965295484094322,-54.82501739319748,0.06346108549484246,0.0011951452206710375,0.00016295751222769958,-128.96803491580002,6.959891117199844
110_Wide,1936125000.0,1.0264845028380731,0.0009949695439038242,-55.33814912250047,0.09589544609948653,0.001108672584912183,0.0001377622419863838,-132.0973630059374,9.129914041785552
110_Wide,1936250000.0,1.014564267818163,0.002223626051965698,-54.93275209337743,0.08411897203132092,0.0010631757565784214,0.00011212063668240853,-132.86094638894434,8.13741263200055
110_Wide,1936375000.0,1.0452539489882033,0.0008089722121841211,-54.960666060235,0.06176719724061323,0.0011584539383212374,0.00010494528350564118,-127.91676141455453,9.960941770226967
110_Wide,1936500000.0,1.0368428277577753,0.0011862221261771419,-54.89184459004369,0.10468224280245104,0.0011229854185712046,0.00018156693664151202,-137.60466311063163,10.528662649876308
110_Wide,1936625000.0,1.0388752859936903,0.0015526790216478944,-55.164251921607395,0.10693513086070325,0.001095537118916079,0.00012631738198079327,-133.83523824863818,8.315687093709673
110_Wide,1936750000.0,1.0347786050111336,0.0013998554625927612,-55.15330634786617,0.06891388808140027,0.0010656712827811648,0.00016210827529598452,-129.2749577022977,10.324516455652413
110_Wide,1936875000.0,1.0448637033692116,0.001532243263545782,-55.30808739849799,0.08374592953800056,0.0009047601465043242,0.00019409710232190874,-130.434501641376,9.743830129259246
110_Wide,1937000000.0,1.0346051473667273,0.0022192307170118557,-54.99949187135454,0.07011772514305416,0.0010416667012242645,0.00020831276955212156,-137.2564700967909,12.288756613953607
110_Wide,1937125000.0,1.0361260231012663,0.0014641664380026956,-54.83250351597593,0.10555272898000126,0.0011823824930186158,0.00018804996937436507,-129.9606704295526,8.588722404305782
110_Wide,1937250000.0,1.0423530294800667,0.0019079464683209699,-55.082708196223656,0.061897596253547287,0.0011264777667489767,0.00016151782016246953,-137.9381346740047,11.998490884316823
110_Wide,1937375000.0,1.0430043709684937,0.0014838669783361416,-55.29699475704033,0.1055814086013587,0.0011956387858964147,0.00011207876205049151,-135.18194067517544,10.609652639689868
110_Wide,1937500000.0,1.0484842068617817,0.0014690456820122607,-54.79301963224444,0.07240420202949663,0.0010949484155334797,0.00019407060491016118,-130.82095076653937,5.800370299786156
110_Wide,1937625000.0,1.0374551523125577,0.001653724417598203,-54.98001536142243,0.07955320914807323,0.0010589814793683673,0.00020188528887418294,-133.9779922723612,5.793973060964147
110_Wide,1937750000.0,1.049202675578853,0.0016478876033251355,-55.4003559064801,0.10488331866655723,0.0010952917636197217,0.00019397421804032882,-136.07514224705147,6.395201067158343
110_Wide,1937875000.0,1.0341669576492083,0.0021451045433479587,-55.172381635369916,0.06830208668996286,0.001061318429664548,0.00022109152074998984,-134.738793623193,11.517915620048132
110_Wide,1938000000.0,1.057318601776847,0.0016999120019511231,-54.8691086683622,0.0633988511670438,0.001074646184651266,0.0001607897486693302,-137.19872116816458,8.129605816197136
110_Wide,1938125000.0,1.051586687065324,0.001405637492321768,-55.27058644984351,0.10808816846519316,0.0011123659518072072,0.00016562817482534557,-138.6391932845301,8.2110642572575
110_Wide,1938250000.0,1.0475180874841155,0.0020955188958271106,-55.65377770514205,0.08831182716229607,0.0011184385841975562,0.00017094762017759606,-137.91302762605434,7.549631376397389
110_Wide,1938375000.0,1.0460934783319193,0.0015583813752138712,-55.35312812883159,0.10894208250199566,0.0010205372723988352,0.00013057908164392645,-131.23556689801342,11.936065835409885
110_Wide,1938500000.0,1.0457935995720944,0.0023746282168723414,-54.7680001743178,0.09973849699449969,0.0010743689099545915,0.00014906545360402325,-138.13541755695883,11.38083910671343
110_Wide,1938625000.0,1.0555670258781251,0.0020176826320872586,-54.46938335645497,0.09560528454551342,0.001154246719325719,0.0001344364041342454,-141.5293293080435,6.184873890407325
110_Wide,1938750000.0,1.0537193203592117,0.0010586849629894515,-55.35874952759687,0.10382750095143432,0.001199157626226979,0.00015375959625127752,-144.0338132900684,11.10867067934984
110_Wide,1938875000.0,1.055530065124978,0.0017301352263714316,-54.94652341281715,0.06985350515642388,0.001184591103267329,0.00022750868980797739,-141.41012606943542,8.7844919768654
110_Wide,1939000000.0,1.0567823438632902,0.001427433972937482,-54.77143636751311,0.1304106077664308,0.0010582799945914175,0.0002399591293479065,-140.11073077557933,7.305129509860883
110_Wide,1939125000.0,1.0545233164101002,0.0021899278382879563,-54.470684135237995,0.08191389686856317,0.0012046602272974976,0.00013848266806352477,-138.17152135353533,8.319156192840216
110_Wide,1939250000.0,1.041083141225063,0.0016902888847640236,-54.88488032953373,0.09641542050020528,0.0011954520672223046,0.0001044289236025012,-138.00401106839257,6.216523524171731
110_Wide,1939375000.0,1.053914507645213,0.0014999256732775403,-54.59075023574173,0.07509182829116492,0.001265117881846063,0.00019908098050442472,-141.85317624619515,7.743055282735748
110_Wide,1939500000.0,1.0521760029659217,0.0020727262909298215,-54.77626245780767,0.09252212584040932,0.0012040599701605293,0.00014737953525525296,-134.17625180670638,8.064268646435904
110_Wide,1939625000.0,1.0514619881427643,0.0017443872185426707,-55.517013058420616,0.06971783578798955,0.0011921115545112005,0.00013080947675837203,-138.94703185435048,5.217860085606304
110_Wide,1939750000.0,1.0567407959614072,0.002742441972171886,-55.176739086317966,0.10143259769427174,0.0013393287891477685,0.00016382604527707617,-145.1603077264617,8.394032917908596
110_Wide,1939875000.0,1.056332894222169,0.0015189966765243655,-55.24673767757593,0.061571713647891976,0.0012823997635555689,0.00018830562112140132,-143.7912178858714,8.29587064675718
110_Wide,1940000000.0,1.04522486267062,0.0017040825531695165,-54.647127761781,0.11568471892311698,0.0012871194447941256,0.00014361941443512995,-136.53708050847337,9.266905715978107
110_Wide,1940125000.0,1.0549360913880337,0.0013712202130092676,-54.95727325953663,0.08453116292223861,0.0012325235450593671,0.00021606705404430307,-141.67046946231434,8.859957093228129
110_Wide,1940250000.0,1.0455616384767707,0.00229834837041232,-54.99344249081016,0.1199929305093976,0.001249162306079337,0.0001271548586108794,-139.533899150592,6.656757313452491
110_Wide,1940375000.0,1.0483933849611184,0.001085796710767555,-54.87386031866292,0.12205035964329695,0.0013498791305235217,0.0002058181360804839,-135.8462666766481,8.575684178604897
110_Wide,1940500000.0,1.0500285685272657,0.001248891285841578,-54.65668509375542,0.11619120739422759,0.0013760665117968935,0.00024428492870938413,-137.14525433127608,6.192890266292476
110_Wide,1940625000.0,1.0377300685485795,0.001507413536303428,-54.639973280833566,0.1087150261699112,0.001303977432927252,0.00016235018822873494,-141.41601214256008,5.93986555399084
110_Wide,1940750000.0,1.0451840675579538,0.0012089235719028681,-54.54560476882126,0.10900573946605968,0.0013963899749487657,0.00012538973746285256,-138.39232861533296,7.520700408688222
110_Wide,1940875000.0,1.050718114879162,0.002058878724704482,-55.06631468083723,0.10216900237657596,0.0015603880171610647,0.00023391447038424633,-132.78759441370747,6.321323195775654
110_Wide,1941000000.0,1.0334640311451904,0.002517339219625852,-54.224479891974,0.1010731813443201,0.0015027843870561207,0.000142702808230612,-140.2353216827045,8.87190168000148
110_Wide,1941125000.0,1.0529867387277072,0.0017682641421829458,-54.71902685334547,0.10102392866553646,0.0014978416072715715,0.00018707519922617249,-139.13602728040735,4.887554144847278
110_Wide,1941250000.0,1.0258468099895919,0.0017760840406043036,-54.121170388133216,0.10557933684940368,0.0013493209189687143,0.00017764773075284478,-131.2842524555564,5.350168077633141
110_Wide,1941375000.0,1.0331040445751163,0.0024867812410616784,-55.10865096453003,0.0924301038468479,0.001580951780554034,0.0001746685485042737,-134.03970818538178,7.872588954393452
110_Wide,1941500000.0,1.0481521208295823,0.00265689408337344,-55.07419953404711,0.10633964549631464,0.0014558552562646723,0.000103107188351633,-133.83342089292765,7.670778940204993
110_Wide,1941625000.0,1.0354004645928858,0.0026317920120276,-54.37596817087849,0.12194560042950442,0.0015291795066090658,0.00015150398156444755,-132.39480181835074,8.719281626343554
110_Wide,1941750000.0,1.03397633150228,0.0021121141677577313,-55.06327281150133,0.08889388090562995,0.001622108950458432,0.00012785872036357834,-132.6060191962571,6.478056029917016
110_Wide,1941875000.0,1.0420247184990123,0.0016647396898463187,-54.38029099302439,0.10514076264079635,0.0016429310740349926,0.00015326256954216404,-133.43539312945703,9.41520169777995
110_Wide,1942000000.0,1.0406565942773174,0.0013817730764803405,-54.99175975662691,0.06232333364859094,0.001656134893989141,0.00017692292566051266,-131.00002880542453,4.8325419443918785
110_Wide,1942125000.0,1.0336659934917043,0.0012831694626782928,-55.09208544356121,0.12579274553213554,0.0017178235626306387,0.00018370142414566963,-135.60625889683322,5.228923674337706
110_Wide,1942250000.0,1.0364317971387724,0.0017508947451246475,-54.85021204656499,0.08887498815976849,0.0017790222693231065,0.00020940334432687828,-127.94683781634292,6.848257594874994
110_Wide,1942375000.0,1.0254654618505588,0.0019668149138233775,-55.017763732985756,0.07801530365657394,0.0017811424737908077,0.00012227069268988438,-129.23445985937462,4.789730703011474
110_Wide,1942500000.0,1.0320289248045031,0.0011305941916990576,-55.10448139311043,0.11002813487202538,0.0018633266050609742,0.0001910343157516644,-129.66701774780398,7.856249329851562
110_Wide,1942625000.0,1.0213411357166224,0.0017655964545997818,-55.6994759074923,0.11000401611290545,0.0018550829124148027,0.00015887683802751965,-127.10988003507258,5.111461062592799
110_Wide,1942750000.0,1.0279827004755409,0.0021059341705906005,-55.49655438511048,0.1339980162404147,0.0020303843990644773,0.00018901717683506955,-128.41744681023573,3.1674036598246094
110_Wide,1942875000.0,1.0320928846732855,0.0018180128919675104,-55.28949452593467,0.09537563636298844,0.0020483738819844525,0.00013742296842222433,-128.9578022838423,8.14499697627103
110_Wide,1943000000.0,1.0411004521932714,0.002241514742546528,-55.60059289736167,0.07742630213046628,0.0022252098563495,0.00024167344548681682,-126.83347703721779,4.589275152567801
110_Wide,1943125000.0,1.0190975338851571,0.0018597561040771884,-55.55712989300711,0.1259480731610927,0.0022178489439877765,0.00018583698887496183,-129.44592639391632,4.436937727032641
110_Wide,1943250000.0,1.0222559452570552,0.0017302255750972447,-56.0577050413198,0.12072831002903708,0.002298772250033828,0.00021603295318807215,-128.18702716602698,3.740907223245814
110_Wide,1943375000.0,1.0255973708961041,0.0009359239780876496,-56.7597738387427,0.12473621738077978,0.0023962245152954415,0.00020433444644743954,-127.9142193836153,5.860180252402328
110_Wide,1943500000.0,1.0284954239364978,0.0018444322886840413,-55.76352663707274,0.09532043676704882,0.0025682580713852618,0.00016666631338456848,-126.25231675649142,4.634499109197307
110_Wide,1943625000.0,1.0314213607902671,0.0019687967799029336,-56.11503925182894,0.07975386226218366,0.002709512246660358,0.00018698828070429926,-127.24011484833335,3.3994195789891903
110_Wide,1943750000.0,1.0241325860835042,0.0012626047591420826,-55.95649181631508,0.08056660106701312,0.002851983229595386,0.0001953019372971947,-123.92318010222854,4.260719899328732
110_Wide,1943875000.0,1.0212445402129313,0.0012154015901657041,-57.10330219537122,0.11892574213142881,0.003025213753051113,0.0001664204024692916,-127.70005140374303,2.9053184820464826
110_Wide,1944000000.0,1.0229121408599284,0.0012872539682202754,-56.79501837132206,0.10704533748174115,0.00332181463128001,0.00026526774527417773,-124.5595973088765,3.792063704276489
110_Wide,1944125000.0,1.0289715701800346,0.0011727438362600982,-57.12283748480416,0.10141453816581139,0.003492132188083315,0.00020597927511709608,-128.26917454251438,2.5558387770117177
110_Wide,1944250000.0,1.0242144890614076,0.0013522017972414611,-57.16994173395468,0.1175584359938592,0.00391971934709069,0.00023516363396200175,-128.2308327999845,1.9209738473037345
110_Wide,1944375000.0,1.0148848543033235,0.001305008289068238,-57.043863182641346,0.1093548574202509,0.004352293700152832,0.0001773355407098421,-129.0547971515737,1.4509638484314447
110_Wide,1944500000.0,1.006998820820847,0.0020667220278300633,-58.00643633341009,0.1026306352709467,0.004899953257166651,0.00015140928957727245,-131.78865191650272,2.1253838909863667
110_Wide,1944625000.0,1.0103448703235198,0.0014621178439196544,-58.06470702581392,0.08262562407383782,0.005617430469049797,0.00019252016583094404,-134.02612740334536,2.5416753462620947
110_Wide,1944750000.0,0.9989425247437383,0.0014526267864967352,-59.23578360039144,0.08995029150750872,0.006658957154625978,0.00015120722116799905,-138.6359992995281,1.46703490883611
110_Wide,1944875000.0,0.9801684058811184,0.002185000607083752,-58.885026658063055,0.10702643028229866,0.008343896756335465,0.00011051179366706786,-146.29510639581943,1.1369171898552597
110_Wide,1945000000.0,0.9600967916419377,0.0019196110724188445,-58.91654879084065,0.08608296652160466,0.010564254585439069,0.00021501400051186353,-160.55477343756408,0.942735668824457
110_Wide,1945125000.0,0.9288906533272733,0.001913376318618451,-57.80821746571163,0.09519551076959755,0.012501876053748421,9.029431938854218e-05,176.55391133359115,1.0647684670362991
110_Wide,1945250000.0,0.9418383339546983,0.0017468401311763486,-54.36735760758737,0.09471600421901878,0.011730637264731704,0.00022873496256435645,146.70104346209678,0.7873745960732759
110_Wide,1945375000.0,0.9741760758317048,0.0013025129229038168,-53.77378181219102,0.09094932958166192,0.009009835222350054,0.00023421880891182724,125.06615206850941,1.0358324331842834
110_Wide,1945500000.0,1.0025857718432154,0.001502820103609588,-53.6961088810929,0.08379808483899598,0.006628656792948886,0.00015012176317709175,112.18753666269671,1.5921263704778585
110_Wide,1945625000.0,1.011178075314332,0.0018214734105513166,-53.8960618998826,0.10597485017490217,0.00491380558929977,0.0002612336532590216,104.90961855853999,2.030513918124022
110_Wide,1945750000.0,1.0297199367171788,0.0019271022924833494,-54.81779738668989,0.10223726950943227,0.0037254181343728933,0.00014265845718036124,102.66041944804772,2.8138592923671517
110_Wide,1945875000.0,1.028613788289397,0.0009897215916868046,-55.096009151608136,0.057491892415521446,0.003090057230965319,0.0001854411924593376,98.770104896207,2.7557589859376685
110_Wide,1946000000.0,1.0327554332037256,0.0009978278791865976,-56.124492727553175,0.08786791362595074,0.002524005164667456,0.00014702676365597347,95.83540568181687,4.37036942410907
110_Wide,1946125000.0,1.0337914887309299,0.001822510135486961,-55.34102035530623,0.11098818471755975,0.002125667277905245,0.000150318688966746,97.74763254931901,5.340441977333528
110_Wide,1946250000.0,1.0388533794573558,0.001682251845700465,-55.99331118140057,0.07852214538521331,0.0016416460007051268,0.00022420469928091826,102.01591343660438,6.973496890529744
110_Wide,1946375000.0,1.025223141054753,0.0017069385704060105,-56.135544449185716,0.07923694943248132,0.0014370075283841556,0.00019874576681643076,100.10202234609848,7.091776258124465
110_Wide,1946500000.0,1.038399825828766,0.002127892291708548,-57.08435675160513,0.10152426937317367,0.0011666435645909272,0.00019774905089299234,99.22306570074326,8.28692122849021
110_Wide,1946625000.0,1.044221408645116,0.0017317981747810944,-55.83850357047912,0.10853376453688102,0.0010460288070655076,0.00012181643936567112,104.0625080342469,9.269310643354824
110_Wide,1946750000.0,1.048245874598572,0.0007340198310514702,-55.831228730662396,0.08987427736627589,0.0009450864786917108,0.00015152051940781877,105.87755658055396,12.473649197520967
110_Wide,1946875000.0,1.0497722472664544,0.002425400545373621,-56.58353686261588,0.12186302453074722,0.0008468717975770373,0.00014368038627891012,102.82165392513393,16.573562855432424
110_Wide,1947000000.0,1.0503665874431996,0.0018097118960093601,-56.12520280321095,0.07288948873112794,0.0007549763520501488,0.00025721837364326263,110.92952065988757,9.682703386128319
110_Wide,1947125000.0,1.0479963658411335,0.001594722615533402,-56.65063539158326,0.13472637763538853,0.0005349283325448329,0.0002190211410935171,120.10696324270964,24.587252092221412
110_Wide,1947250000.0,1.0532015481005037,0.0026771565848720956,-56.87154860968299,0.08458584986667787,0.0004784781989737151,0.00018256039976675585,122.14891034388063,27.142997613934774
110_Wide,1947375000.0,1.052260102865276,0.002169337254753946,-56.85507069662714,0.07833347043163627,0.0004861136712568741,0.00016798138797283234,132.56763244863467,14.952143762950492
110_Wide,1947500000.0,1.0569721419788398,0.001974555256877853,-56.9391862594752,0.08358760532959346,0.0003750223833811774,0.00014543417503339262,77.15647243721595,124.70683830162221
110_Wide,1947625000.0,1.056713724495448,0.0016594297637086016,-56.810573414411934,0.10545920219455993,0.00035375594626612793,0.00019772077390032734,137.65263404802283,21.25398480144355
110_Wide,1947750000.0,1.060774263308355,0.002336764795160953,-57.057600249274515,0.08128282943154674,0.000322216610674653,0.0001596963914557372,69.43269319177011,124.04202967466563
110_Wide,1947875000.0,1.0607405927233888,0.002417959980972692,-56.975999071346145,0.06756017086658589,0.0002706348741127598,0.0001300828740382776,25.862711821714818,155.58889467796607
110_Wide,1948000000.0,1.0541149881765068,0.0023344443185117857,-56.84164388583869,0.09668845005247806,0.00032239343578624403,0.00016351595901224343,45.47533831003822,151.52608515497002
110_Wide,1948125000.0,1.0585229106957155,0.0020633241465819216,-56.73025627056716,0.10694332302687404,0.0002504325010622042,0.0001659927267444247,18.78950973634848,135.35084297844907
110_Wide,1948250000.0,1.0617676513321683,0.0015483540434329053,-56.57132264691814,0.1362147179111911,0.00034791649808893813,0.00017478221775115677,-29.69603434179043,155.35640287830012
110_Wide,1948375000.0,1.0722960938373465,0.0013124242256945663,-56.67681309798884,0.11043618089613358,0.0003210314686281484,0.00011941760878595018,-48.930256075643804,142.70077719662112
110_Wide,1948500000.0,1.0610916458700859,0.002242191817801158,-56.608845016272014,0.08109280480261925,0.00045269541459715227,0.00011051699055294195,-56.4327410491984,142.43428482896852
110_Wide,1948625000.0,1.058700935095845,0.0019589371127862404,-56.15428280088387,0.07298164893790583,0.0005003078551977198,0.0001649109905790254,-102.93378326108655,100.54134118669315
110_Wide,1948750000.0,1.0567338129932065,0.0018686119480888354,-56.73482745075803,0.0866749835341562,0.00032233021951753806,0.0001215179174625504,-133.74919303622866,22.099175947412917
110_Wide,1948875000.0,1.061562814581144,0.0018610746141271145,-56.768983248124286,0.09177234919993311,0.0004568273882453523,0.00010714808317690072,-101.64848468942205,93.29709197623481
110_Wide,1949000000.0,1.0614891598101024,0.0014411472970143823,-56.382118684853104,0.08878136993639492,0.0004396526884771078,0.0001908542059373982,-92.55433854918847,83.01435071696734
110_Wide,1949125000.0,1.0589546467350754,0.0012661871134598064,-56.31901664214167,0.10576954423165923,0.00050152631841672,0.0002405210798237836,-93.09364394187605,97.88030828718396
110_Wide,1949250000.0,1.0654255239909838,0.0017286601617932619,-56.182384132779966,0.1016627623798794,0.0005208951496178003,0.0001403044264456949,-121.75300212878528,20.643828104019025
110_Wide,1949375000.0,1.0600747530083106,0.001980851677497873,-55.949536582119386,0.13777160502066518,0.0004959215785636231,0.00015341582717266007,-116.49051576593277,33.09622417107439
110_Wide,1949500000.0,1.058412939411345,0.003076900191041867,-56.39722077536366,0.11787286906232369,0.0004275132497980239,0.0001865840082007346,-131.7846052325882,25.493631502499095
110_Wide,1949625000.0,1.0628921826447906,0.0022304947573097643,-56.47595985093759,0.06251196695689888,0.0004751133740272718,0.000260534207109474,-90.27560761408888,88.2785128786875
110_Wide,1949750000.0,1.0598389892554245,0.0018191962918183452,-56.11021189968323,0.06887528786136439,0.0004760836018244385,0.0001538233497199516,-122.39193152197707,17.52567679533056
110_Wide,1949875000.0,1.0492214622879221,0.0012165631210265394,-56.472526812784125,0.0702659831062316,0.0005303692366622171,0.00014989273639681264,-107.73275400538645,28.352065548242688
110_Wide,1950000000.0,1.0445105635958636,0.0015400876475047504,-55.95643226448287,0.0896982144828001,0.0005144218903125934,0.00017281023898427613,-106.21970547275428,24.52454684816587
110_Wide,1950125000.0,1.0458683851978072,0.0022230855225787785,-56.534810765021376,0.10430239804697049,0.0005780298111230444,0.0002622896513160033,-103.95284036837901,16.600371517697504
110_Wide,1950250000.0,1.0575286575078695,0.0022878696897795656,-56.29185156504429,0.10981607358003255,0.0006379191642604525,0.00017520949860556386,-113.50951545970464,14.556223575898585
110_Wide,1950375000.0,1.0594298644861377,0.002762482170938678,-55.76570979518264,0.06839274834874075,0.00048287344601620903,0.00018619357858897263,-107.60081922225288,25.07263148202644
110_Wide,1950500000.0,1.0628279798004299,0.0012732999921913153,-55.6166323390161,0.11078090800936317,0.0005411304619555522,0.00010812181656449463,-117.17888570398158,22.213356613268537
110_Wide,1950625000.0,1.0674872070475783,0.0024595865593409834,-55.80083581140039,0.0989270989969857,0.0007251054311516454,0.00011020948821652373,-103.71987261735127,22.872846718322723
110_Wide,1950750000.0,1.042530518112114,0.0022386059842559813,-55.62761617644432,0.09807379621530621,0.0006094478811741398,0.0002381590086916085,-120.16731644527803,18.591550937747407
110_Wide,1950875000.0,1.055135259739431,0.0018185217350251733,-56.01866728255378,0.0948192698582175,0.0006179951547941582,0.00014889520369754472,-107.39722516113702,14.155653491052758
110_Wide,1951000000.0,1.0612887419109025,0.00216780689967208,-56.429029641745934,0.06072919367765201,0.000628869886902679,0.0001428937184054997,-100.81716996736928,17.12162152707651
110_Wide,1951125000.0,1.0401523939281405,0.002139571203764699,-55.89452229820217,0.06589152536746751,0.0006200109083925032,0.00018935894994614652,-100.37585181727351,15.737265719002417
110_Wide,1951250000.0,1.0469303527306997,0.002407409013979852,-55.941642635566986,0.07630499856295549,0.0006445142268599064,0.00017487795133992268,-102.84683445572159,23.747021830419655
110_Wide,1951375000.0,1.0428543897866756,0.0020076957924192486,-56.905552555846306,0.08246969143601621,0.0006366456447091643,0.00016456519709913409,-106.49752656957513,13.675724146128811
110_Wide,1951500000.0,1.043375397156436,0.0020809361877332667,-56.31889640783463,0.10683708799078726,0.0006582063531536303,0.00017157345798712672,-99.72302157024421,25.07759592937186
110_Wide,1951625000.0,1.0462760985461215,0.002327446148545863,-56.49923083327378,0.06708445627633335,0.0006467128041343449,0.00021995956004397136,-108.60496342907581,16.407113837763056
110_Wide,1951750000.0,1.0478858103832849,0.001027421969362483,-56.340447027631896,0.1147919770014731,0.00052155202186714,0.00018062668754508204,-99.46418235163334,23.683187498989682
110_Wide,1951875000.0,1.0297380216237009,0.002164973009223147,-56.54796013528188,0.08349707587688324,0.0005743757414811776,0.00023907834336505507,-104.56968910580288,26.091055073173656
110_Wide,1952000000.0,1.0467274043079895,0.0010649195080314477,-56.43396219062477,0.07708606249341211,0.0006665683085801794,0.00023463125987469138,-100.05653293308754,18.718674981103696
110_Wide,1952125000.0,1.0383744826254042,0.002534404722371778,-56.2211026472675,0.1107290395832805,0.000659857100107619,0.0002523642017418505,-94.80552313228667,33.482151639902796
110_Wide,1952250000.0,1.027281552422674,0.0014407503591128657,-56.41864243349509,0.07267067452370057,0.0006070151443688573,0.00024812226588441467,-97.3044630424883,26.036317886782737
110_Wide,1952375000.0,1.038777152797747,0.0013946176983109064,-56.974024283000496,0.10264110097045788,0.0005675843856211642,0.00015357179099834373,-97.5446322736664,20.039631923833642
110_Wide,1952500000.0,1.0317445711277116,0.002220051858772467,-56.45654599584098,0.14797981526932744,0.0006929403601499735,0.00017895776097519428,-87.14472232927427,13.641707056444485
110_Wide,1952625000.0,1.025391810824963,0.0023575492304827514,-56.79746064432545,0.06768392064241056,0.0006003214006541073,0.00018163446418558544,-104.87420183032727,21.129009092180702
110_Wide,1952750000.0,1.0245829138832885,0.0020283596612679497,-56.84044850343624,0.09777525662991313,0.000641168699656584,0.0002133305970265882,-98.3218315306006,9.530456734532999
110_Wide,1952875000.0,1.029933628319529,0.0015474909952427416,-56.594355224564474,0.1190243618985879,0.0005913930619941419,0.000227092630824343,-101.22368173136024,11.483043967099892
110_Wide,1953000000.0,1.02879065883823,0.002479694010587753,-57.21811701315853,0.06250130048059016,0.0007014536630252766,0.00018291581232406722,-87.10112702698477,11.952311430598536
110_Wide,1953125000.0,1.0378539090339927,0.001665596692555066,-56.91854656499562,0.07516150841091691,0.0005528083187033926,0.00018824032266438393,-90.38412763537411,19.373106156341052
110_Wide,1953250000.0,1.0369470316336105,0.0018985945092023669,-56.94188894325171,0.09635798508979652,0.0006106057588476134,0.0002194517303427946,-86.82243674503685,21.645877364700336
110_Wide,1953375000.0,1.0363478260795516,0.0018889760343769333,-58.215475567583816,0.09137816442724515,0.0006230529614173189,0.0002318443745472208,-96.21424191207731,22.056144352365163
110_Wide,1953500000.0,1.0302739776313672,0.001439184808310545,-57.616695692322615,0.10226858331496928,0.0005647072893027681,0.00010660539324481074,-96.36763078046965,13.964304598216772
110_Wide,1953625000.0,1.0320069500260236,0.0020806828382383255,-58.404296737385074,0.11811954450010616,0.0005923824449269843,0.0002073780909189303,-94.30766525769916,12.056142639960614
110_Wide,1953750000.0,1.034470312541783,0.001621110359147449,-58.44548014155927,0.0703055134512793,0.0005973667528622539,0.0002246785108777053,-88.85288308930944,25.807905720507392
110_Wide,1953875000.0,1.025133071028838,0.001464066689362322,-57.84704962304266,0.08073484265640445,0.000583651868233288,0.00011380350891616536,-84.5631516343024,15.550912194044137
110_Wide,1954000000.0,1.0329988674950343,0.002266091715852637,-58.603693986842984,0.10263606054388531,0.0006434702146346131,0.00015869561581197827,-100.71421890968638,15.653106928029295
110_Wide,1954125000.0,1.037560432193796,0.001807347386454387,-57.93270590427194,0.10642323505017816,0.0006532598549856163,0.00018006845335051883,-106.32551301440745,14.970701688143189
110_Wide,1954250000.0,1.0290300461939343,0.00199628955303042,-58.26740364752605,0.14215458581402254,0.000636864644950063,0.00018111278039129044,-94.09579675043437,20.53668650505794
110_Wide,1954375000.0,1.0283966458598357,0.002585093918023677,-59.20762661121755,0.06949269256357173,0.0005364541123040743,0.00018144483317722308,-90.20417646527433,25.94123752097402
110_Wide,1954500000.0,1.0326300342358656,0.001340217752994006,-59.052776142614775,0.0538136469093982,0.0005184063918921495,0.00011826131591174496,-89.31353993873711,11.955181146840744
110_Wide,1954625000.0,1.0441455595339306,0.001111060217306658,-59.47162355515036,0.08653799624396417,0.0006631893478457876,0.00018142501238280502,-86.79311722814055,18.192629047193684
110_Wide,1954750000.0,1.0295681401110999,0.001405920337332261,-59.19958073478281,0.10298314497794146,0.0005002848318865497,0.00015454081061990494,-98.36779413942055,24.162663187010086
110_Wide,1954875000.0,1.037340735684846,0.002619310098993461,-59.12135577511252,0.1135792597159794,0.0005831986538382797,0.00018107621669712472,-90.67935426112716,23.37811546327043
110_Wide,1955000000.0,1.0400756724873361,0.0016752616916305035,-58.760669249408444,0.11952378564445366,0.0005490556471936043,0.0001901565811619858,-83.471181333631,16.332006572279617
110_Wide,1955125000.0,1.0488103317917752,0.0020727109533742057,-58.52850656639698,0.12518085593856787,0.00045140644433853635,0.00023118973368460916,-99.64023433002811,20.60718804815134
110_Wide,1955250000.0,1.0328994528867848,0.001172854242890804,-59.29983307198392,0.12548054199041025,0.0005989504323165623,0.00017961534978674863,-85.33187356839424,34.079175559754695
110_Wide,1955375000.0,1.0578696937744392,0.0022790997412502406,-59.50132072609564,0.06627403289757548,0.0005017499232805886,0.000246548676828445,-93.4035744652511,26.16629997349991
110_Wide,1955500000.0,1.0461510849248026,0.0018913603779987056,-59.37850547904827,0.10203566607820522,0.0005423347002676005,0.00010501546305792638,-86.02553502176606,24.458676354481444
110_Wide,1955625000.0,1.0464172842482147,0.0020920154583814682,-59.613260693218905,0.10127830265811179,0.0006024257994871817,0.0002395282774835113,-104.10490902117803,17.272782894598908
110_Wide,1955750000.0,1.0511677633668508,0.003143293333896272,-59.56034196386009,0.10098816846163286,0.000628258552060457,0.0001709078338325679,-75.25730722436731,20.88975163414088
110_Wide,1955875000.0,1.0489547844813922,0.0017210007341413298,-58.888134875394336,0.11633043330716392,0.000422455024843599,0.00015834414378169604,-96.57710136298729,37.08899295259489
110_Wide,1956000000.0,1.0481434747981424,0.002272408307695361,-58.74539366996764,0.1283040209665436,0.0005477929519735272,0.00028922543818449633,-99.33992010266763,26.485359566381824
110_Wide,1956125000.0,1.052910637720491,0.002401698533624176,-59.46765837282777,0.11535399176117847,0.0005584704026265826,0.00023350465917886657,-82.38767702653385,13.706894542171419
110_Wide,1956250000.0,1.053979806092623,0.0017511260075793445,-60.11486219005124,0.10288077150862449,0.00041960506150616754,0.00011169924618756755,-92.94945964905202,21.666297720265995
110_Wide,1956375000.0,1.0529891558968463,0.0021272553226649045,-59.242599355246995,0.08229843789407203,0.0005787765412928846,0.00018424589359037483,-90.97431071605959,33.36544526527422
110_Wide,1956500000.0,1.0699307103063291,0.0015117157172196446,-59.53365622332434,0.11263041342481218,0.0005095942202095872,0.0001724339927909424,-93.58431547665967,16.989176743533445
110_Wide,1956625000.0,1.0573171036380127,0.0023479278225316353,-59.65857520264806,0.09589027397439687,0.000493500649541961,0.00022971144453265156,-77.87728885966962,18.14706320219185
110_Wide,1956750000.0,1.0617589569174037,0.002064589655430938,-59.61051444663236,0.07952072783719612,0.0004765807450198876,0.0001567538476143498,-86.52026275423596,30.393027337550016
110_Wide,1956875000.0,1.067772250195977,0.002097757748253312,-59.39404816895749,0.11006534987952803,0.0004836165472142461,0.00018396638701977347,-90.2418354736163,36.45507291788575
110_Wide,1957000000.0,1.0771656435028985,0.0021161067296495413,-59.40873763298743,0.06593268685868087,0.0005503689952112102,0.00018446167040913575,-66.25847641400851,55.871149682502846
110_Wide,1957125000.0,1.0683731335156725,0.0018087461602097068,-59.83329215926731,0.11172527644758146,0.00042227692304173183,0.00014735733106776842,-86.2547819075045,30.650344385421754
110_Wide,1957250000.0,1.0602186496669541,0.0018290610067950097,-59.56979239349802,0.10425179943783919,0.00045403394416619315,0.0001257058757998446,-97.78694721940327,26.413219298448485
110_Wide,1957375000.0,1.0736168737542624,0.002499413416243171,-59.05414641398509,0.09261347423837593,0.0005777559976475937,0.00011827721941460425,-98.3314486990559,12.807184491280985
110_Wide,1957500000.0,1.061914919729333,0.0017738278879998687,-59.042673792611126,0.11997378858398572,0.0004954067444051148,0.0002067544549788565,-88.50278782120652,28.332811419806482
110_Wide,1957625000.0,1.0693536918156399,0.0019278350647198728,-59.08496908541966,0.09596010099497987,0.0005187755898051089,0.00023135613124332765,-43.16562562462407,111.81861959253345
110_Wide,1957750000.0,1.0688746003833989,0.0016530258367723097,-59.217224477267386,0.13296545033545712,0.0005107337142125864,0.00018772293464970263,-88.78055441888783,32.14561898725329
110_Wide,1957875000.0,1.062893359157341,0.0016098604271918792,-59.19260365820189,0.11762843371282244,0.00048216203271539664,0.00014216628573746217,-88.91241926194813,29.811407882397237
110_Wide,1958000000.0,1.0755856530710686,0.002328737627209285,-58.96440975663882,0.07046124458597822,0.0004926462777383059,0.00016668563761143698,-86.01316933170199,30.18037392894471
110_Wide,1958125000.0,1.0716077006193387,0.001672830007801476,-58.48869378033754,0.07696226964842505,0.0004429476963700934,0.00015026691142663162,-86.81922392286285,23.565735181990604
110_Wide,1958250000.0,1.0705869857034196,0.0022662769787545668,-58.68955311639184,0.127521856151623,0.00039011013904216796,0.0001736929409708624,-87.85313952589199,18.204008782068335
110_Wide,1958375000.0,1.0619255567648098,0.0028024722096684153,-58.866140727394686,0.1069639319581252,0.0005514344365606697,0.00019466453929088245,-83.13592183376906,40.53151198585582
110_Wide,1958500000.0,1.077865522950438,0.001367621763349055,-58.49572970272029,0.11500266704022935,0.0005006773050336706,0.0001418421951903381,-102.30836248692584,26.723917701031585
110_Wide,1958625000.0,1.072658925869774,0.002098323556321489,-58.91091934140343,0.1180178890303332,0.00035067326334030775,0.00015273750700718058,-105.70327322242844,38.58267197066748
110_Wide,1958750000.0,1.0762460875339679,0.0019825364597966925,-58.63232073156432,0.11142865513874038,0.00037193798027368436,0.00014866644764009493,-78.9085550066602,37.75962113079158
110_Wide,1958875000.0,1.0696991604907369,0.0021289918433876212,-58.94478621677129,0.09126691916432421,0.0004067678353768662,0.00013096766992306557,-94.11558042835682,14.715071479043939
110_Wide,1959000000.0,1.0719097534423345,0.0019108222224101983,-58.0626501604068,0.11353501389936387,0.0004142364881410652,0.0002296120942718787,-93.2879306949898,37.23363123936592
110_Wide,1959125000.0,1.0624678177514946,0.0026465974712286586,-58.17980934464852,0.09628954014555204,0.0004683844206573839,0.00020834891117591086,-110.77415068488166,20.802600612723218
110_Wide,1959250000.0,1.0790154565347456,0.0022056957083422704,-58.24277375433839,0.12300396581177511,0.00046038201097628586,0.00014004605062879598,-87.48361144743645,28.0450095542832
110_Wide,1959375000.0,1.0626463750711919,0.0029731218984657146,-57.98400094910168,0.11879091543332397,0.0003995123957022911,0.00013639169959052475,-102.37905010234911,33.81972802013249
110_Wide,1959500000.0,1.064323291793172,0.0014482527229288168,-58.132712002859726,0.08603757057501193,0.00045433631892752253,0.00023139702085971776,-68.40324305735207,82.06384083769339
110_Wide,1959625000.0,1.068473377018318,0.001300763652964925,-58.61444591856242,0.1258624996807238,0.0005526736957454107,0.0001386066996021809,-113.18019247210039,23.50838562168702
110_Wide,1959750000.0,1.0537583029746225,0.0016868133826075911,-58.63769658597968,0.08370846841777635,0.0004654502742614368,0.0002436123561769601,-100.4938165187371,26.58813994854262
110_Wide,1959875000.0,1.0646907406299628,0.0016834897649119203,-58.69289801929267,0.09303067181985672,0.0004613571182412905,0.00015866270871057046,-105.98802239116807,22.623688685735296
110_Wide,1960000000.0,1.0604918469048519,0.00122348736689894,-58.13251017991432,0.12182253540678303,0.0003632630774900064,0.00016802304716064036,-102.29297061879721,33.03858389540042
110_Wide,1960125000.0,1.049042189703119,0.0010629194344801594,-58.57041686068739,0.10832541502131549,0.00042009341874797875,0.00015852023775038445,-118.19060954970013,30.884459299339003
110_Wide,1960250000.0,1.0527501019891385,0.0017800756169214056,-58.26083509936389,0.1284939981104378,0.0004490536459206233,0.00018126771839463703,-109.28884978547971,34.70833589388197
110_Wide,1960375000.0,1.0610462705614787,0.0020613463655842264,-58.24254775882887,0.09112857635611943,0.0003312620123362991,0.00017005091916967797,-76.15467231053373,94.01427774092113
110_Wide,1960500000.0,1.0509463596834558,0.001537481941311415,-58.39077384619536,0.08408145710262774,0.00042762977428461034,0.00017595329910611457,-92.9023734208136,30.275454525666024
110_Wide,1960625000.0,1.046521479183551,0.0010826906028310486,-58.20350943512124,0.10485032681364785,0.0005348514994945909,0.00011390708048553972,-128.5148944776668,23.12347647659304
110_Wide,1960750000.0,1.0316753343241867,0.0015537821938224248,-58.24465117840895,0.07647509941444107,0.00037553971696840894,0.00012526753450354817,-99.42026380739635,30.13925087386667
110_Wide,1960875000.0,1.0431990299361285,0.0011979419592801264,-58.66153895056362,0.0830587506559755,0.00036324297861628664,7.964818788423269e-05,-98.87778413311206,34.71024366718135
110_Wide,1961000000.0,1.0387609817465637,0.0012011456677769412,-58.030541448785385,0.10398375548011896,0.00047016033708243527,9.751812769200734e-05,-107.1368998386651,29.664558753042805
110_Wide,1961125000.0,1.0525308179733468,0.0020162597862930084,-58.74759349759419,0.10870045822756952,0.00043326720656948253,0.0002040526497466096,-83.6188603516376,44.11247797944877
110_Wide,1961250000.0,1.0355453218314101,0.0019054161763380694,-59.256218188561746,0.06333452914636617,0.0005187457536239398,0.0001434111957470188,-116.47967398251404,18.63489290510502
110_Wide,1961375000.0,1.0399382285035064,0.0011700417459717405,-59.127204596605615,0.056541810072425217,0.0004602220468717461,0.0002721013161487097,-90.58597804594892,28.218970150318498
110_Wide,1961500000.0,1.0271721820757205,0.0015842003005829856,-58.28724667671232,0.14037277577483745,0.0004923280504205149,0.00014850046840723642,-98.78250680008271,33.09656595370735
110_Wide,1961625000.0,1.0424608123381047,0.0017620081572026344,-59.23777651012835,0.06636618686016416,0.0004899227403459071,0.00015579011207045494,-113.98256572638482,21.041592475716687
110_Wide,1961750000.0,1.0247638319132144,0.002275652765094009,-59.038850805992695,0.06605450843824351,0.0004799378665544378,0.00022226650466757443,-92.30340107656366,42.990836188043794
110_Wide,1961875000.0,1.0400754716284772,0.0021847583712454044,-59.26915697710969,0.08628384228076233,0.0004227302001600493,0.0001444856131075496,-108.83093003794264,33.03333162915884
110_Wide,1962000000.0,1.0268273046659737,0.002263929587129839,-59.136519516894765,0.11180596351349194,0.0004824116820820113,0.00017319617734338797,-101.75169029718253,24.55850969354967
110_Wide,1962125000.0,1.0301217054101832,0.0016073574159483778,-59.25264494670629,0.13309813649032928,0.0005517483175404186,0.00016619733979135579,-97.09960641017263,15.621175354418348
110_Wide,1962250000.0,1.0318998563514312,0.0013604742418430041,-59.833471267254595,0.09244266849905973,0.0005043738809198203,0.00013324314554007092,-101.67818391925715,25.918435493153027
110_Wide,1962375000.0,1.0340475167725514,0.0013678808514463873,-59.22162725301873,0.12821894792293476,0.0005851164685905593,0.000130773204277698,-91.97019114240331,21.701648218703845
110_Wide,1962500000.0,1.0337817561763294,0.0019123425968533066,-59.85111541475612,0.06510874241310124,0.0005238611578584692,0.00020787391678914912,-110.68322671031169,24.797510886576056
110_Wide,1962625000.0,1.0245628834293181,0.0017557315062893804,-59.781410760128836,0.129912835770466,0.0004765013979633042,0.00019302008743856062,-115.22760954103089,30.52191734595708
110_Wide,1962750000.0,1.0372706353130374,0.0018052640921977286,-60.705138284872874,0.130824691207263,0.0003531452898501888,0.000136598489081684,-105.37902092225946,24.776341308561275
110_Wide,1962875000.0,1.0205749018966523,0.0011628733109936775,-60.80813928087302,0.10965359254380323,0.0004998641517325983,0.00017708906630566691,-97.54013712425372,36.27266768813918
110_Wide,1963000000.0,1.0243679784762856,0.001751297058565512,-59.71875652036229,0.1509419977913513,0.0004818796199679692,0.00019019735900340935,-119.93182196390028,26.17276551136286
110_Wide,1963125000.0,1.02280040958169,0.002179068016654738,-60.53719527137763,0.08755463754610349,0.0004979678889577614,0.00010754338520010622,-104.80621813346012,28.26025547484367
110_Wide,1963250000.0,1.0292040164963174,0.0016799225473365929,-60.25298358417955,0.089542667591075,0.0005182642145202358,0.0001719756084773118,-104.25350609705947,9.921046685910701
110_Wide,1963375000.0,1.0239622964030985,0.0015511568828733462,-60.04240614831397,0.09233282270317748,0.0004633154699451053,0.00017363489814040012,-109.21621451021666,30.394530944402117
110_Wide,1963500000.0,1.0352320793062177,0.001980677749214411,-60.1354581219708,0.0928765098189886,0.00048151678969136853,0.00018296814601864334,-103.98792814036297,37.86971820717561
110_Wide,1963625000.0,1.0199008548121078,0.0014182609839832306,-61.19581888246408,0.08052049166129961,0.0003895081884261979,0.0001516194842994178,-106.55157509870615,28.934512700416555
110_Wide,1963750000.0,1.031857731011343,0.001247739665173237,-60.8423711691978,0.1107435005094048,0.0004736287026163487,0.0001294187321054216,-114.90632987394139,22.056284065857017
110_Wide,1963875000.0,1.0278283168812388,0.0022812108331197235,-60.90775598817474,0.12019967230730705,0.0004644502261398661,0.00010443006529230366,-109.84794268162824,25.293295654588402
110_Wide,1964000000.0,1.0254174012951622,0.0028348796580646325,-61.29921368035188,0.10991576259386811,0.00048721790082396774,0.00012972727408734516,-102.01029609219712,21.92526691177862
110_Wide,1964125000.0,1.0420828420266202,0.001636908050135931,-60.70548444663576,0.08139597010298845,0.00044726518534478495,0.00014559299943654267,-98.44771985388974,24.66524438374458
110_Wide,1964250000.0,1.0275380826087535,0.0019848852223028983,-61.36741635632402,0.08878612828975815,0.000395067561081857,0.0001590988441838863,-111.66687270097555,25.844462012937782
110_Wide,1964375000.0,1.0260873676248394,0.0016671396389164902,-60.96080340071406,0.1082652358242918,0.0004471756707416019,0.00019548767209736888,-105.68186312785774,22.56805003022828
110_Wide,1964500000.0,1.0326510168829344,0.0017512046002121078,-61.356879939249374,0.09160921283882369,0.0004922405423713918,0.0001909043248456356,-101.08123041416681,18.40295682408854
110_Wide,1964625000.0,1.0370444564776864,0.00232714803657212,-62.14943688885197,0.10592392421507899,0.0005588786281493857,0.00012156999489170912,-95.33715999537368,23.529853857865213
110_Wide,1964750000.0,1.0385866203439662,0.0018021628185680052,-61.341244399350956,0.09880782864026486,0.00033402715580567195,0.0001484712733626831,-60.9038539062494,68.04182092460753
110_Wide,1964875000.0,1.0341243361900871,0.0022621790663934723,-60.62980176050947,0.12123914061578422,0.0004362493636526924,0.00019477659373418432,-102.8153081885548,28.213981138962417
110_Wide,1965000000.0,1.0390080196534885,0.002229855422564217,-61.144723731210426,0.09184587853146081,0.00047534680095320553,0.00015276583638808012,-82.5924769661339,41.44791344882285
110_Wide,1965125000.0,1.0306715936796902,0.002315546405163668,-62.01634196717291,0.08901551865662986,0.00044225375024007653,0.00013534561824792954,-96.45493180716241,31.67433489686135
110_Wide,1965250000.0,1.036616590675406,0.00195313411180651,-61.78513971706199,0.10770338830472653,0.0005033186819776975,0.00015396859192212713,-86.07554520090535,26.086578737327617
110_Wide,1965375000.0,1.0457930596613751,0.0013531318611743552,-61.92805048083163,0.10268500674907784,0.00047769694754676387,0.00016714470196137147,-102.99140573921908,20.385395579514498
110_Wide,1965500000.0,1.0439722918550676,0.0021689041679416707,-62.15214854610794,0.15426035669088412,0.00040517020322358396,0.00020096429980510862,-101.50446748558474,34.66559060503559
110_Wide,1965625000.0,1.0392654490138393,0.0026047753928239267,-61.80453099651711,0.102061978684154,0.0005187126977829926,0.0001649115587643572,-105.452342471246,26.083599118433654
110_Wide,1965750000.0,1.0422209075339959,0.002058134631387242,-61.916315411943344,0.052872993477298104,0.0005057340723684629,0.00016996209600409685,-119.07026711885143,27.119642337319206
110_Wide,1965875000.0,1.0345945757539248,0.002107149869678956,-61.460024527649104,0.13594952920680503,0.00040471563803932584,0.00016348169513886302,-113.03918656639573,28.076480429422983
110_Wide,1966000000.0,1.0416518049204877,0.0020363300132616945,-61.77455558446287,0.10169490213259777,0.00048637285376647364,0.0001677423758435802,-105.34674574825986,16.33505384267849
110_Wide,1966125000.0,1.0383048905390162,0.002425769102028196,-62.520993361772135,0.1361786815186957,0.00034653804168208554,0.00014287399990781075,-115.57609352241893,28.985093646309316
110_Wide,1966250000.0,1.0305038452020763,0.001793466277020354,-61.608187150511384,0.1269874964906532,0.0004232123143407216,9.473711625832104e-05,-110.37418968193167,29.004680689744013
110_Wide,1966375000.0,1.039666971203648,0.0018724219278444228,-62.44676119283347,0.08926423364026087,0.0003974892716464017,0.00014341624293732322,-103.97599252859114,30.002503650056266
110_Wide,1966500000.0,1.0494292379546175,0.001998591007900487,-61.409539635943126,0.10862371187128166,0.00039374975781285927,0.00011906441727488799,-98.51973950183256,33.84719997725315
110_Wide,1966625000.0,1.0389292853469512,0.0025930916013017684,-62.74042380796202,0.11734887990188202,0.0004000675270549753,0.00017687623402118922,-94.31268408441993,27.26772314473056
110_Wide,1966750000.0,1.0416882488335057,0.001952093817931519,-62.287164278823745,0.07663490073311333,0.00040529849102512053,0.00015846523392457835,-105.4009389800087,29.570090456654505
110_Wide,1966875000.0,1.051059027095353,0.0015557854620525586,-61.80287748255077,0.08084438275128791,0.0004704175043256175,0.0001606909198659798,-109.51808004648727,28.430689722523766
110_Wide,1967000000.0,1.0511731209628483,0.0010443358136209642,-62.35156265767596,0.11078940684630562,0.0003466202112038086,0.00017183535800190114,-81.65822043300565,92.10235099879895
110_Wide,1967125000.0,1.03756570545083,0.0014745324501963999,-62.12904706717087,0.17219538872794496,0.00048805608390543274,0.00018607192295454794,-96.92228914265932,25.953314108054442
110_Wide,1967250000.0,1.0528885913221504,0.0026513309027437256,-63.00802868488178,0.10602742201838879,0.0004493677739109096,0.00020682226439124225,-102.33038957909339,21.504991744040744
110_Wide,1967375000.0,1.0467943954070684,0.0018398276381577496,-63.213643853935565,0.12216332920172794,0.0004091893079045927,0.00014651020679068929,-93.0888802880097,44.324745143615104
110_Wide,1967500000.0,1.041558386325767,0.00210339945151424,-61.98651821894215,0.0930829839442933,0.00037571919919486703,0.0001602797071492248,-76.60272075382446,80.78168803470354
110_Wide,1967625000.0,1.0351964607947928,0.0011065860466836208,-62.68215597723845,0.11148712846988347,0.0005260533647261995,0.0002143851944156893,-120.88255474054002,26.07063685981097
110_Wide,1967750000.0,1.0390335844663536,0.0021334707809415343,-62.33694583750203,0.08596471470364125,0.00038669739054073,0.0001583798342546094,-108.28186095701845,28.149948534885496
110_Wide,1967875000.0,1.0372068974395063,0.0021481671461111365,-62.87088438429522,0.07783397538339598,0.0004350844114484501,0.0001553180984158141,-115.45710245764369,36.848329525049884
110_Wide,1968000000.0,1.0554771706198824,0.002206013724157712,-61.73472794032018,0.08518425631220332,0.00036188113013081675,0.0001787860629191336,-68.59011404152797,81.65062049964317
110_Wide,1968125000.0,1.044724325213615,0.002087691546859566,-62.2592552363295,0.040589460898016884,0.0003635315656975582,0.00016455923228475474,-79.74864162788865,78.29026522975245
110_Wide,1968250000.0,1.0438811525532483,0.001283945424752308,-63.04247795816994,0.13702221222075175,0.00027842394102899884,0.0001036850190795946,-124.34657737833993,30.889884984052653
110_Wide,1968375000.0,1.037802204016549,0.0009663763058505986,-63.05165543603526,0.12246613516653586,0.00035258902262324176,0.00016206418752060328,-97.96403332873795,29.370018377931714
110_Wide,1968500000.0,1.0474590142705904,0.0023237504267555782,-62.51356338144053,0.10222208859807942,0.0003677133439155656,0.00017386863609094585,-110.29005694897903,32.72861541498283
110_Wide,1968625000.0,1.0357452945289953,0.001591070382341517,-62.43867925112192,0.0790328135920815,0.00036457132498633933,0.0001343838993301247,-131.2316178821879,28.532595205805116
110_Wide,1968750000.0,1.02583566859699,0.002098576182067858,-62.787863668483936,0.08015932884221869,0.00036636646089783516,0.00018470587056217824,-90.78992467629969,94.58137303264218
110_Wide,1968875000.0,1.0536416337570167,0.0016781454996765604,-62.73436920705913,0.05259426724151062,0.00036367926103323767,0.0001795223267599487,-77.71579539330445,61.04673469816662
110_Wide,1969000000.0,1.041075215124254,0.0011066148353873215,-62.65904322002833,0.09468263519728705,0.00042165374486246107,0.00026827158647759077,-87.01731179520326,100.35732530380338
110_Wide,1969125000.0,1.044918651397351,0.0022862894238130263,-63.07772345593268,0.0794712518500609,0.00041710799076356017,0.00014233224605302152,-91.16269017311679,23.475224847508606
110_Wide,1969250000.0,1.0463259643817713,0.002156217887100654,-62.56346359025753,0.08769354080308069,0.0003897432685037054,0.00014429539215768202,-97.29715460716135,78.20283568074156
110_Wide,1969375000.0,1.0433437539716461,0.0019274007438037407,-62.67092943167684,0.09635565905344162,0.00043384226615840666,0.0002067943245999258,-78.98659276913806,48.417624268645994
110_Wide,1969500000.0,1.0427272527944549,0.0018243577502997275,-62.7926110222561,0.09722017668450188,0.0003612074993411867,0.00018579321200550965,-75.41695051074282,67.63856212316703
110_Wide,1969625000.0,1.0353927677390042,0.001702387333044564,-63.02308927646777,0.08542526554782005,0.00032014291094671215,0.00012455233825646168,-112.01124973919781,33.35233988091134
110_Wide,1969750000.0,1.0335998262083375,0.0016651847512521225,-63.26198689453697,0.0466832243442215,0.00037352135555698406,0.00017128339188465748,-94.13585856819702,29.869344757109722
110_Wide,1969875000.0,1.0400399974551586,0.0014184520083624888,-63.350902583055664,0.09638046012590575,0.00026141406402474293,0.00012667261018809074,-118.67477261790953,25.73721529424741
110_Wide,1970000000.0,1.0483368246999036,0.0026319464192103895,-63.27827491889194,0.13838382665716173,0.0004947888045545678,0.00019670951583568053,-114.99876461964413,26.195383183940404
110_Narrow,1895400000.0,0.649727805192785,0.0015647687845384572,-100.2339497942847,0.07985086407555454,0.009269594998823539,7.19784590198458e-05,-162.33047332099247,0.3831267814080658
110_Narrow,1895402500.0,0.6465618596518965,0.001426542752963976,-100.3422112465546,0.13188075789682993,0.00929724125701963,3.639798298286843e-05,-162.58277314873064,0.5140019863809796
110_Narrow,1895405000.0,0.646001129110308,0.0019053123643576453,-100.45262935587512,0.11182021891924451,0.00935124282827056,6.617565034802424e-05,-162.83430450583154,0.2098403519153204
110_Narrow,1895407500.0,0.641889582583579,0.0016249611471311498,-100.67491043496418,0.07657457327165898,0.009419084404378341,6.083336940344299e-05,-163.15701765518475,0.16525202724302865
110_Narrow,1895410000.0,0.6385508956920328,0.00196197316494069,-100.71283183332989,0.096716142210695,0.009443947784595959,7.643631184219958e-05,-163.3030858357302,0.32420434958902533
110_Narrow,1895412500.0,0.6366619199960514,0.0016785208237026768,-100.94103282388559,0.04755081465724259,0.009430406809703334,6.855795659834162e-05,-163.48633011288766,0.48934447397387953
110_Narrow,1895415000.0,0.6332717456095952,0.0018157237370991096,-101.12545511292707,0.07799918306495242,0.009413192824142286,5.014648165857153e-05,-163.90632246485393,0.3561407103776359
110_Narrow,1895417500.0,0.6317102973151774,0.0016636928310907895,-101.15892172204701,0.1095825384641804,0.009482607086731785,6.709296485022168e-05,-164.26055026364168,0.4282926474679583
110_Narrow,1895420000.0,0.6272215401859248,0.0018665134431326113,-101.34811038017298,0.09088898043607033,0.009505498934172843,7.756668112852292e-05,-163.80229696977077,0.3538887906037137
110_Narrow,1895422500.0,0.6242506349548942,0.0017699517333966818,-101.51114071570818,0.08490402993508087,0.009478869796225716,0.00010311399433126495,-164.04503745301082,0.28474712159702614
110_Narrow,1895425000.0,0.6222594102322179,0.0019476433226297536,-101.66297614774851,0.09197333029558408,0.009563064531597939,6.948017882896043e-05,-164.70164024185803,0.44201024111496695
110_Narrow,1895427500.0,0.6184665685944798,0.0017134566754548402,-101.8937549543954,0.10839563779955248,0.009575477678567954,6.486125078175307e-05,-164.81466318290072,0.3153837071539108
110_Narrow,1895430000.0,0.6157590712809338,0.0019529300104068417,-101.86135618177207,0.10904115701508672,0.009569350345999513,6.421747398056758e-05,-165.05102061973795,0.3523884534933217
110_Narrow,1895432500.0,0.6125530784573754,0.0018758887527026379,-102.08603348933443,0.08315211193774986,0.009631637743915594,5.965258380279673e-05,-165.4633019400524,0.2104534731915235
110_Narrow,1895435000.0,0.6098396604985348,0.0017853729061590282,-102.2442320937187,0.11295500945030826,0.009651561485230987,5.105540487619532e-05,-165.4962301949325,0.5506447760313836
110_Narrow,1895437500.0,0.6058696941194204,0.0016427606130203433,-102.47550090953499,0.09314967705444518,0.009694467927366597,6.694866724631478e-05,-165.49881310605198,0.36645697319720455
110_Narrow,1895440000.0,0.6019469069635419,0.0019981853814000678,-102.60651705132146,0.07461884826733331,0.009705922752518923,8.797918014413289e-05,-165.88573685145508,0.4041195223552627
110_Narrow,1895442500.0,0.5975360283666714,0.0021677094086898804,-102.63521996114454,0.09541506850457866,0.00972365828455054,6.307059289752442e-05,-166.30931134642168,0.37901488419395685
110_Narrow,1895445000.0,0.595527857845462,0.0020979170364875547,-102.88067012003418,0.11834301438519584,0.009730838660651135,8.13131470252503e-05,-166.2759387457881,0.47560992146055636
110_Narrow,1895447500.0,0.5939762246727531,0.0018629417284140028,-102.98237470356597,0.08099506611657904,0.009789727295964248,5.650306187065703e-05,-166.6891227145167,0.3999383083303617
110_Narrow,1895450000.0,0.5914778041471779,0.0019132252999115266,-103.03256100148447,0.07556687518993405,0.009839880121856888,7.422271528552459e-05,-166.94611197540613,0.4350842367024329
110_Narrow,1895452500.0,0.5867580875130599,0.0021597700039068,-103.32903943431884,0.11203369301169075,0.00983583196287854,4.892304018590045e-05,-167.16716230065015,0.35696834134977584
110_Narrow,1895455000.0,0.5841798847565732,0.002438592024472176,-103.4941261692315,0.1234075614130115,0.009852539055333263,6.253019133584669e-05,-167.32159619838927,0.4748596756533949
110_Narrow,1895457500.0,0.5812649149271675,0.0020723501968424487,-103.5372221626085,0.10317040644852572,0.009896209174758665,5.888250699123495e-05,-167.57817271131532,0.3314908229329952
110_Narrow,1895460000.0,0.5774541281065919,0.002386728157733697,-103.67552524650935,0.09554031369938443,0.009938108559479152,3.743295492429771e-05,-167.88200868888248,0.28200686348260284
110_Narrow,1895462500.0,0.5738976004305041,0.002449301983428073,-103.91700119239131,0.0948047289741385,0.009878740740175578,4.469271702653766e-05,-168.21281921674492,0.31710825868936726
110_Narrow,1895465000.0,0.5697273774739522,0.002113691052270249,-104.06492854096527,0.1047017323822104,0.009978718814715853,4.9749201564614955e-05,-168.40856564567508,0.35385445587695613
110_Narrow,1895467500.0,0.5670862468777169,0.0023538453418533935,-104.15069918135875,0.09403985748345656,0.00997138245067137,7.857488520136379e-05,-168.7476147627273,0.2881793610242262
110_Narrow,1895470000.0,0.563219639423318,0.0025838317353057793,-104.1634192247181,0.07411746363971583,0.01001665846173525,6.0397745839192366e-05,-168.73261954883108,0.3623988150064791
110_Narrow,1895472500.0,0.5598131342729413,0.0025491899699293433,-104.38168590498007,0.09435954585460297,0.010065750229978894,8.739721429043443e-05,-169.15566301338674,0.5002138626199751
110_Narrow,1895475000.0,0.5570527983153337,0.0022352674279111683,-104.58325295087548,0.08379633073132363,0.0100431157991614,3.851692974759973e-05,-169.33187879522075,0.46536928417097884
110_Narrow,1895477500.0,0.5532850284502476,0.0024187928178335412,-104.68690930004045,0.05041869710076039,0.01007615249509733,3.8191909891478054e-05,-169.7421350310166,0.42074229502253463
110_Narrow,1895480000.0,0.5501254435578047,0.002369244012594497,-104.85588376546346,0.10868824671564456,0.010149895886736808,6.905918304889535e-05,-169.69077689531485,0.26176571953235833
110_Narrow,1895482500.0,0.5444355529783098,0.0023902583656135313,-104.95821157013503,0.09964577278915686,0.010074775244231088,7.129223943216174e-05,-170.19388210498275,0.4908881524468652
110_Narrow,1895485000.0,0.5431128042628426,0.002622986700147176,-105.04692552838168,0.13196645408443822,0.010150574874564854,7.005509045522909e-05,-170.11630016665094,0.5282975691220824
110_Narrow,1895487500.0,0.5387969887769931,0.002527198137621541,-105.26546674436993,0.09681261574373097,0.010201952720479777,4.6081641034251635e-05,-170.69123825168148,0.5265033593663287
110_Narrow,1895490000.0,0.5347147604378731,0.002964781494561841,-105.46322835938575,0.0796191606719805,0.010209901868681388,7.084097806247637e-05,-170.9043643170188,0.4372687543833415
110_Narrow,1895492500.0,0.5304655919492386,0.003158329471310484,-105.51521757692943,0.13552310280274205,0.010210828309108022,5.364323784498266e-05,-171.0258617003246,0.44686282349435047
110_Narrow,1895495000.0,0.5281494933861189,0.002851419977916067,-105.6179351492587,0.1308486246839596,0.010275239638093112,4.611845931968875e-05,-171.39655090012621,0.47338700499389724
110_Narrow,1895497500.0,0.5234433734017976,0.003387180739961538,-105.74603073327339,0.1374742283377458,0.010307021659778865,5.5885086226898076e-05,-171.5750525307127,0.4655725364226984
110_Narrow,1895500000.0,0.5193032889702749,0.003365476522506324,-105.87803542567025,0.13592425956109183,0.010308047050473366,5.4046965925021965e-05,-171.84831711456394,0.4802588358613888
110_Narrow,1895502500.0,0.5171280967597124,0.0035827782281775146,-106.01361208215825,0.1380193927048399,0.010303788053175224,6.810778790474339e-05,-172.25247053725414,0.3799327335774738
110_Narrow,1895505000.0,0.5136027221433969,0.0032011147654539534,-106.05691571090942,0.12158555579009715,0.010375181150077357,4.0775615425053e-05,-172.49302119901017,0.3711267226224011
110_Narrow,1895507500.0,0.5091347224536492,0.0034977218288211203,-106.11879179279515,0.12749443068446226,0.010382974364436408,6.954742215061582e-05,-172.63044635057796,0.4617094711287065
110_Narrow,1895510000.0,0.504542571643913,0.003469124906755244,-106.41522851939789,0.0845104630811187,0.010417553685294326,5.983830303278393e-05,-173.27872389542935,0.4108915037786157
110_Narrow,1895512500.0,0.5007972992672358,0.003706521164560048,-106.47540045577162,0.1133113725849612,0.010423459011401438,6.850556424113314e-05,-173.29490814833986,0.3119416917770516
110_Narrow,1895515000.0,0.49770976609235307,0.003954882676910361,-106.61405070721307,0.12426370569145428,0.010495420737353657,6.0457852088506606e-05,-173.6370336107621,0.32047696416668225
110_Narrow,1895517500.0,0.49320858702656406,0.003658412199293537,-106.7728317116329,0.11571346439263376,0.010495866189661144,6.398049379484244e-05,-173.76819089581807,0.3043872143002747
110_Narrow,1895520000.0,0.4894407557793422,0.00381061249849618,-106.99618288094655,0.12864507263826858,0.01047159724489766,6.584278017818852e-05,-173.87057655652737,0.47755330434924437
110_Narrow,1895522500.0,0.48448056902279,0.004392530688964123,-107.14006027559144,0.11796715369741237,0.010504905016283407,6.626766316555643e-05,-174.47401470044062,0.5637813657166388
110_Narrow,1895525000.0,0.4813993754682798,0.00421212738775011,-107.03543149342826,0.08496812641109484,0.010548710958231452,5.486869136518667e-05,-174.53244215234884,0.30901015504770635
110_Narrow,1895527500.0,0.4777107243399846,0.004347731247147868,-107.06337431164695,0.1415974498385579,0.010548953157391362,6.517935110532009e-05,-174.97494171991607,0.298626581545101
110_Narrow,1895530000.0,0.4726985049975635,0.003934064999538785,-107.27540474818102,0.1320285683052383,0.010553637874567832,8.557944977082829e-05,-175.09782972567288,0.40514974225462047
110_Narrow,1895532500.0,0.46889967757953627,0.00393448799315745,-107.58093201878728,0.12537790377554842,0.010606869506440693,4.983689350704657e-05,-175.41840725142114,0.4366965601641854
110_Narrow,1895535000.0,0.465668774834643,0.003942697860098463,-107.5159475997853,0.10047594372254909,0.010628914889396001,7.51870292017867e-05,-175.71506795739572,0.4088039990458113
110_Narrow,1895537500.0,0.46180366944996415,0.004273200052514964,-107.59272971884447,0.10405412231118968,0.010622954216861397,3.690338463951922e-05,-175.95273234032842,0.3372187095950898
110_Narrow,1895540000.0,0.4569642192167229,0.004047614102215383,-107.68022747122448,0.08436617842000003,0.010641724040360104,5.2703930028282766e-05,-176.18910224210788,0.42015125082521493
110_Narrow,1895542500.0,0.45256179073322755,0.004021132581630985,-107.66546510159804,0.11436284055634603,0.010710036484928763,6.999001661942467e-05,-176.41334055190492,0.4534489268888316
110_Narrow,1895545000.0,0.44854906624882307,0.0038597362231013563,-107.81093059130525,0.12289619591419482,0.010721567676113219,7.937006740232758e-05,-177.00071737338868,0.47497865969867437
110_Narrow,1895547500.0,0.44425799095882157,0.0044985636494345215,-108.04261368440633,0.09505491305009871,0.010693074464259046,5.689017594385162e-05,-177.16965259752442,0.5888700525468155
110_Narrow,1895550000.0,0.44032053783122765,0.00397917026702021,-108.16649870351675,0.1319133869138679,0.01079434617285661,9.49299711858294e-05,-177.62895100848132,0.43136911022710434
110_Narrow,1895552500.0,0.436314650108135,0.004225738397914166,-108.13691865271389,0.11421707107626503,0.01079551406378095,2.8863159843222935e-05,-177.58104437809297,0.39824795286181974
110_Narrow,1895555000.0,0.43227313966358427,0.004176716882544146,-108.1726217363977,0.09686643951767737,0.010819972181411267,5.3133615927346175e-05,-177.7169054386136,0.33341360630111594
110_Narrow,1895557500.0,0.42757576024344773,0.0038762050557908934,-108.22027618026739,0.11504169029662228,0.01087048820844787,4.9634121082471245e-05,-178.32213791707002,0.4648928261084637
110_Narrow,1895560000.0,0.4219664092950898,0.004139489185356048,-108.35328973306967,0.061471692358627664,0.010869849413472287,7.210607183051668e-05,-178.7420362976723,0.2971127620492117
110_Narrow,1895562500.0,0.41865564750902146,0.004013274455475461,-108.39090913902542,0.12013238856175933,0.010946672989017319,4.608141468267122e-05,-178.64009637628325,0.5277557502836562
110_Narrow,1895565000.0,0.41470818067965287,0.0038973799565608694,-108.3591411945055,0.10236326416158363,0.010863067165173506,8.425122320264219e-05,-179.2108097903105,0.2745849344811181
110_Narrow,1895567500.0,0.4099998098488642,0.003699727753316838,-108.57727550433276,0.09262902711934318,0.010917272192646548,4.7209408724062016e-05,-107.34857479476807,151.35536658350497
110_Narrow,1895570000.0,0.4057855239099098,0.004000207923301335,-108.70365400485838,0.08591939900874583,0.010893711606863407,5.9436383373712304e-05,-107.64801475201553,151.40012066662337
110_Narrow,1895572500.0,0.4014354286246054,0.0038159985538241863,-108.49194836334951,0.10525515748177136,0.01097132087296961,4.383165099175455e-05,-0.015989186030458312,189.45156438072812
110_Narrow,1895575000.0,0.39559888192979864,0.004036084816400659,-108.58555056484713,0.09244635700973142,0.010984490957668748,5.972275519075788e-05,107.79165854706235,151.4248810228111
110_Narrow,1895577500.0,0.3929587700924687,0.00410895399995482,-108.61990546115335,0.11597599178025325,0.010984143622377403,3.268427561244821e-05,143.35397495131377,113.55143585592022
110_Narrow,1895580000.0,0.38710379778038473,0.003466236665783288,-108.67774661255267,0.10041595814002759,0.011032743126711082,5.851935436871535e-05,179.0665059544172,0.3566843880996444
110_Narrow,1895582500.0,0.38261494048609457,0.003723821211373986,-108.73304748676993,0.12258872409075351,0.011020822438980752,4.7726716647367436e-05,178.524661702595,0.3111680022279819
110_Narrow,1895585000.0,0.3778383955488041,0.0034999559176372057,-108.78879665320392,0.042804694974067865,0.011057044794894747,3.5060140975238414e-05,178.29868713533324,0.43831142099212045
110_Narrow,1895587500.0,0.37380956702663903,0.003695247374278508,-108.91531331756934,0.08306170338276764,0.011065153317774669,4.306959849034378e-05,178.31848700599687,0.23069832150126968
110_Narrow,1895590000.0,0.3691019080990984,0.0034311763342414437,-108.78814586200511,0.09731496348058898,0.011083271941779695,5.0771068617365105e-05,177.87003234391662,0.3181616225957084
110_Narrow,1895592500.0,0.36392159473331953,0.0033951727350530173,-108.5478441819642,0.08742011444998846,0.011085748913015551,7.747928958041384e-05,177.60364463155912,0.4581064739907215
110_Narrow,1895595000.0,0.3617649159954613,0.003744653125780878,-108.56034691549412,0.1075230203575709,0.011111438832466373,7.59110522867072e-05,177.34432242291587,0.36013144506408284
110_Narrow,1895597500.0,0.3561810198155222,0.0033250389884683226,-108.7574329910347,0.10155123439644229,0.011164668438912353,7.769883507366408e-05,176.96276851370848,0.387276166930708
110_Narrow,1895600000.0,0.3510934846178254,0.0037397083846068047,-108.79818454105406,0.12009626658549982,0.011162921722455466,6.42070897957275e-05,176.6844917231255,0.3377691585411173
110_Narrow,1895602500.0,0.3471633568433076,0.003155356104292577,-108.7107228720697,0.11849702516882188,0.011159469457917754,4.207508178819398e-05,176.50794014041767,0.23998482908141225
110_Narrow,1895605000.0,0.34239015462367767,0.003471948674424573,-108.65729458291824,0.08363359252015447,0.011194870805429517,5.1699949763711065e-05,175.8744883892715,0.29993551017877007
110_Narrow,1895607500.0,0.33839459496255125,0.003542949145930331,-108.40236188283633,0.11838050584863706,0.011246320610228852,4.057544150839924e-05,175.9819237652875,0.43106815168222085
110_Narrow,1895610000.0,0.3333000221112663,0.003606755726663944,-108.47466176277051,0.17282653471935513,0.01122057047521239,6.930501086454645e-05,175.54966419177578,0.30822730041978225
110_Narrow,1895612500.0,0.3274224318144135,0.003020143666830827,-108.44977144201457,0.12415802282520524,0.011280159760337595,4.855299848266488e-05,175.2157066098579,0.3949259688667413
110_Narrow,1895615000.0,0.3231465850674417,0.0028611430265743664,-107.9617482279585,0.13276725709806816,0.011304065940814291,6.771622897111532e-05,174.96485620610346,0.4832555038711882
110_Narrow,1895617500.0,0.3189921292974527,0.0033311504459217576,-108.18042433857681,0.1446107321692827,0.011289855244495144,4.988638040901171e-05,174.3285956036841,0.4389522405879753
110_Narrow,1895620000.0,0.3141718244658687,0.003065803262356309,-108.00251173898985,0.224016422903941,0.011335259742844713,7.084826424408042e-05,173.9729398839427,0.42789173256214913
110_Narrow,1895622500.0,0.3087327125620433,0.0029030413978049243,-107.95793953675272,0.18607483439225495,0.011302914871150172,7.34508239222835e-05,173.7114883033948,0.2838810104717848
110_Narrow,1895625000.0,0.3048723633642361,0.003043264892031573,-107.79535849728215,0.20834059050484963,0.011322171248457451,4.373144770898158e-05,173.56175997793858,0.294091961004729
110_Narrow,1895627500.0,0.29921119986835515,0.0028976224648159118,-107.62644538027455,0.21160535601402633,0.011326086792443584,6.478563599407338e-05,173.02228061123563,0.24966203227711367
110_Narrow,1895630000.0,0.29708565331675385,0.003375575652926633,-107.45860246839841,0.1773229246117602,0.011367516331175694,3.447472354228524e-05,173.01626677243752,0.31054703880878654
110_Narrow,1895632500.0,0.29223615613036324,0.0028962970932899005,-107.36814513685582,0.22253986501217732,0.011394077406990912,6.0343710134891796e-05,172.74764561010846,0.34298671094322697
110_Narrow,1895635000.0,0.28609746690014437,0.002942579323541983,-107.05422208540143,0.19157270390892517,0.011381866130035282,6.0275348290581666e-05,172.40256174743374,0.3581917781163867
110_Narrow,1895637500.0,0.2841897035431845,0.0029857595450873795,-106.93328339793135,0.1868097564052754,0.011394212800833428,7.263749783424272e-05,171.89433504490935,0.4016224709377262
110_Narrow,1895640000.0,0.27724211829890255,0.0029435271701973363,-106.63694683486248,0.2017915928186956,0.011419156259573376,7.589558167125076e-05,171.7540140540122,0.2718766273890669
110_Narrow,1895642500.0,0.27263369808653154,0.0026607404373100046,-106.16656408639061,0.25681390068469084,0.01144787553708399,4.5468151239013886e-05,171.362071306744,0.24930097006458857
110_Narrow,1895645000.0,0.2680327620003259,0.002652055240844114,-106.23812428278725,0.11520104032263619,0.01140702730741747,6.155549536890838e-05,171.20334591348822,0.40720358146258695
110_Narrow,1895647500.0,0.263577551283924,0.0027549745053802965,-105.7583233072785,0.27340484749839833,0.01141884813767023,5.995951811176173e-05,170.66769352520578,0.28771857477315754
110_Narrow,1895650000.0,0.2594156367132985,0.0023635146083971804,-105.21328785401982,0.2809726636078083,0.01144192146073751,6.620305067569369e-05,170.4683600934092,0.2909668659454699
110_Narrow,1895652500.0,0.2535820976894078,0.002803061648915903,-104.97721443941671,0.2296867924701197,0.011487808614466164,5.636902951545819e-05,170.15043075400675,0.32909775540736314
110_Narrow,1895655000.0,0.24910000613409658,0.0025214956725274434,-104.50067248444354,0.2453253674054894,0.01148820974304367,5.085318237722615e-05,170.01560755889753,0.2823920992621152
110_Narrow,1895657500.0,0.24580553010756684,0.0024498412142070288,-104.25871961329472,0.264261217495276,0.011444849063981712,8.751564257666588e-06,169.3727246020655,0.36713500549095673
110_Narrow,1895660000.0,0.24206430703171225,0.0020113648206526577,-103.96180038718524,0.22962997747164812,0.01148841804973255,2.0042877821260914e-05,169.03467421931455,0.350610117483093
110_Narrow,1895662500.0,0.23692489560789592,0.002424744529073174,-103.50643528765143,0.21297008030490727,0.011558494601292867,4.680250034154788e-05,168.67641114474597,0.35872234263909375
110_Narrow,1895665000.0,0.23098024660429975,0.0021892620224991002,-102.24929341858503,0.2940140456242022,0.011512430558896256,4.500056826837972e-05,168.31293351000846,0.40485410911466524
110_Narrow,1895667500.0,0.2271983493111007,0.0022626725589527706,-102.30672761852458,0.3174584375365046,0.011542332306310358,8.151678058668093e-05,168.05802121978363,0.31723010293525544
110_Narrow,1895670000.0,0.22243750871756882,0.0018305211357687466,-101.55517020960674,0.29894447528395895,0.011524740528106576,6.000761520754743e-05,167.60544965823917,0.23255495223709313
110_Narrow,1895672500.0,0.21867043220850066,0.0019159251531247318,-100.92350552085583,0.41858375885575994,0.011537886639906507,5.682267252908171e-05,167.4924965364337,0.3199506242087374
110_Narrow,1895675000.0,0.21395948207127086,0.002058971548824353,-100.06128634276514,0.33524791809666765,0.011569915859163763,4.009256873994868e-05,167.06939930266614,0.29369945390462676
110_Narrow,1895677500.0,0.20910909173303185,0.0018087708230896972,-99.93202894465598,0.34241265700874585,0.011588618508332926,5.109945857874712e-05,166.85111623674598,0.40867361013005343
110_Narrow,1895680000.0,0.20523183425420632,0.0014940174698321507,-99.16599118544403,0.358807207358137,0.011537131725434066,5.441532096616781e-05,166.44860410567873,0.38150178194482187
110_Narrow,1895682500.0,0.20257282321244394,0.0021089188517421443,-98.1819779195742,0.44612566715222646,0.011569856324886812,3.870977494759459e-05,166.18311919615792,0.20609775131005803
110_Narrow,1895685000.0,0.19970038006150725,0.002007513703092797,-97.50251893557622,0.5051810660924462,0.011597870136697991,5.583404086622388e-05,165.42647111273587,0.32120744866968415
110_Narrow,1895687500.0,0.19238349777551,0.0022435560640107132,-96.32727942552364,0.4867921656107564,0.011623493342697293,5.241791927285013e-05,165.4265204281267,0.3620234897314775
110_Narrow,1895690000.0,0.19074403191693956,0.002284195509909391,-95.46743431784438,0.5517810468098935,0.0115781491413181,6.286912184138733e-05,165.1006422074964,0.29995407248986966
110_Narrow,1895692500.0,0.18498168826480757,0.002217924076537506,-94.23445594663544,0.683790413222805,0.011628138049969705,5.362683911085455e-05,164.8255240531362,0.4370070640096681
110_Narrow,1895695000.0,0.1816885779284925,0.0022863535005905556,-93.75659678982421,0.7125175859901764,0.01164610779629106,6.543485132165477e-05,164.39556246940475,0.3961379163092775
110_Narrow,1895697500.0,0.1774743977854361,0.002163532484644121,-92.69461170360418,0.7749936274850099,0.011607572279624265,5.1543553074161763e-05,164.0341502438681,0.43483229438414656
110_Narrow,1895700000.0,0.17362643932687025,0.0023276171466415033,-91.00869743345754,0.8192615374227945,0.01161678225044672,4.5462897868919235e-05,163.69601205972862,0.3351109196723068
110_Narrow,1895702500.0,0.17255163441069687,0.0025520855330279676,-90.33855141133994,0.8211974146034836,0.011607854202681657,5.433726366972384e-05,163.45760397066957,0.4414026106330012
110_Narrow,1895705000.0,0.16807860110390196,0.0020792508922079203,-88.92026825502728,0.817615953631641,0.01167288878581605,5.374126114779554e-05,163.28031040702348,0.32599142835773415
110_Narrow,1895707500.0,0.16536498634322455,0.0023743833711726324,-87.40714843392051,0.8694801408115134,0.011626196444051596,4.7785841203934456e-05,162.77333907003248,0.49331683407884397
110_Narrow,1895710000.0,0.1618813790477753,0.0020669746657994773,-85.8756301784788,1.1685077274916316,0.011662578387442534,5.259879650413341e-05,162.34476195360543,0.36215562785536937
110_Narrow,1895712500.0,0.16042397663407906,0.002427843095325883,-84.61293359486227,1.1019862616029419,0.011607370478696172,4.159846918333335e-05,162.1260118033286,0.16530752224387754
110_Narrow,1895715000.0,0.15769009202788753,0.0019008479259619525,-83.01708328036136,1.3233393244641678,0.011641444286323945,4.8109573502478956e-05,161.9164977212477,0.4893878467619806
110_Narrow,1895717500.0,0.15360564967911902,0.0014693168770237696,-81.35777612538861,1.1952571088093575,0.011678171757656439,3.8404746475299915e-05,161.5944643257505,0.45070587495010084
110_Narrow,1895720000.0,0.15189487909139418,0.0018379659079540026,-79.92525789639804,1.3601330155567535,0.011688560060140851,6.18640462972588e-05,161.11957830441395,0.5083357099558936
110_Narrow,1895722500.0,0.1503990667438868,0.0015985476061100296,-78.21883280832041,1.3117169170826692,0.011650905317299681,5.908226621745321e-05,161.06006263497892,0.3987431494256335
110_Narrow,1895725000.0,0.1482988413198871,0.0014052653109304682,-76.2773368554903,1.5150079358266617,0.011663162833911667,5.3570169185883e-05,160.42685803659316,0.294186102277964
110_Narrow,1895727500.0,0.14543188288874642,0.0016457786903301729,-75.00639152611168,1.6172167771348376,0.011650059560195332,4.723050248983106e-05,160.36739175186338,0.35379502241045474
110_Narrow,1895730000.0,0.14308405966267745,0.0014510042025507532,-73.49407479567562,1.6416856589038364,0.011638782969917928,6.284520211087335e-05,160.03122400364884,0.3226767282017322
110_Narrow,1895732500.0,0.14168021957428675,0.0009675087910464106,-70.64501037615483,1.6849468267396566,0.011686190379195518,3.6990241621537336e-05,159.50229476765537,0.343858447959965
110_Narrow,1895735000.0,0.1420858564356422,0.0005700058723917717,-68.141297939677,1.7801516614337407,0.011692706206586046,3.8751088080932246e-05,159.269781667359,0.43503503536653626
110_Narrow,1895737500.0,0.13977937341809882,0.0007931099240206112,-66.89169821048449,1.9240209250639504,0.011656840165021892,4.2800777352639944e-05,158.79929035835747,0.2361882887745263
110_Narrow,1895740000.0,0.13952072057219758,0.0009939209471000795,-64.62103334357046,1.9279888379277552,0.011705938462447253,5.347782275122074e-05,158.43176974566114,0.49532055074245396
110_Narrow,1895742500.0,0.13887777418279482,0.0006963755558495443,-63.29868575923161,1.9023645119954384,0.011596139702433427,5.693583195864307e-05,158.3584833134799,0.4139683570540864
110_Narrow,1895745000.0,0.13994568137955168,0.0007479476640255343,-60.597854918140335,1.786807809123402,0.011666042088592125,5.661249432973058e-05,157.89821578700258,0.3944498321960623
110_Narrow,1895747500.0,0.13859965953267442,0.0005698029401155366,-58.36574164100024,1.8348906951278894,0.011678440089097087,4.045041513634813e-05,157.65449991947477,0.559289541831656
110_Narrow,1895750000.0,0.13842589681213774,0.0009800054808459704,-56.31656029576579,1.8472395942774473,0.011689817667162714,7.077274529547455e-05,157.30145794128978,0.39668614448719547
110_Narrow,1895752500.0,0.13861132484495858,0.0007530478808760303,-54.93180509368171,1.7438711948651757,0.0116615835543723,5.109607902141177e-05,156.7807298277988,0.46291395667801594
110_Narrow,1895755000.0,0.13943217149986303,0.0010168527946816293,-52.579302436304225,1.8979583227184857,0.011655951028572935,7.565113452190852e-05,156.55356232364738,0.4063428140885803
110_Narrow,1895757500.0,0.14078686075987007,0.0010212626325929756,-51.08749262701575,1.767118289228016,0.011652574810652645,4.2563357535832624e-05,155.958841899364,0.381949157914671
110_Narrow,1895760000.0,0.14193616294076705,0.0014236575761170846,-48.49787683076068,1.6801372646355412,0.01163176839089155,7.19380897561153e-05,155.76244189975864,0.47030583332641973
110_Narrow,1895762500.0,0.14528638788424458,0.0015199324292510085,-46.663636212775145,1.7458874002902258,0.011641749055388326,4.78889247341496e-05,155.40733949973935,0.32998447335529096
110_Narrow,1895765000.0,0.1452181481237758,0.0015899911454909544,-44.69388276271759,1.6690739467115174,0.011588699694140147,4.164621692788141e-05,155.05077757876845,0.38905525941756197
110_Narrow,1895767500.0,0.1481623641900845,0.002193358940341639,-43.18158890485634,1.4943960209029412,0.011592917230056171,3.973154751704085e-05,154.9072998967329,0.5185863660300363
110_Narrow,1895770000.0,0.14924272211957504,0.001919029431994848,-41.37979445323181,1.4890740270697826,0.011628407210549866,7.211923512874542e-05,154.52511666940723,0.271985194809313
110_Narrow,1895772500.0,0.15268380000030474,0.001926682357163278,-39.55552146304645,1.3775087012935503,0.011609292717096834,4.1582432751563956e-05,154.36729297492985,0.48145702100577187
110_Narrow,1895775000.0,0.15374162495109944,0.0019121337740605946,-37.56823749935507,1.3537633860456246,0.011650096267233696,6.534715390967516e-05,153.78181219963878,0.42461580295454165
110_Narrow,1895777500.0,0.15581213187108198,0.002521007178588829,-36.4119141655342,1.243787719487322,0.011609750825055516,5.992488744091555e-05,153.29875490822283,0.4532136337833081
110_Narrow,1895780000.0,0.15820681878713128,0.0023713915126153686,-35.02551052977008,1.2654165690095274,0.0115853167449685,3.9836858965174694e-05,153.3070936673423,0.33996333102404164
110_Narrow,1895782500.0,0.16274832084606225,0.0024696628843632975,-32.87014002657306,1.1845220051128147,0.011607166616574778,4.380318336075627e-05,152.6997005151192,0.26533860897958716
110_Narrow,1895785000.0,0.16399668061641096,0.0022518847457916255,-31.911367085818323,1.137620194244537,0.011633400230770542,6.503282779846313e-05,152.60570852898513,0.2612352468821398
110_Narrow,1895787500.0,0.16718936155372735,0.0024008550869421474,-30.85644309216045,1.0278155440075745,0.011554790675209042,5.4016429546439866e-05,152.21858552568992,0.2752639874591247
110_Narrow,1895790000.0,0.1699414404334836,0.002429096641612438,-29.247010418925424,0.9424835995344865,0.011528567847146839,4.967139605904675e-05,152.07456323462378,0.3458096914289432
110_Narrow,1895792500.0,0.17314267965719413,0.002656122740418251,-27.959125347709623,0.913241530939161,0.011566567021546443,6.147583200201445e-05,151.31923580652239,0.33716782464824413
110_Narrow,1895795000.0,0.1769973152837341,0.0026770267624563458,-26.366883163043504,0.7930937134833229,0.011555280249151824,6.181999025892369e-05,151.20161443418795,0.48875038506668605
110_Narrow,1895797500.0,0.18000792545231178,0.00298685054407907,-24.836658398810094,0.840359986366193,0.011563535220240118,5.2292388248165964e-05,151.04522227542353,0.4160062273287708
110_Narrow,1895800000.0,0.18375079779400266,0.0027189607358727823,-24.484446742595008,0.7184879352623679,0.011554058097382169,3.753116094798648e-05,150.63063753076318,0.5797450261038423
110_Narrow,1895802500.0,0.18814239246862977,0.0030792682780448454,-23.626073249539143,0.7350420484706355,0.011517113436482113,6.350419530632995e-05,150.31668607209178,0.34349719407186147
110_Narrow,1895805000.0,0.19192070513157203,0.0030752677885878456,-22.280020664899574,0.6374826761887719,0.011519435856873424,5.972546395450729e-05,149.9077853154526,0.408441605127963
110_Narrow,1895807500.0,0.19457693861971226,0.0031849090853477667,-21.93082269109101,0.754135151603358,0.01147659228153454,3.4575170680001925e-05,149.7254538357364,0.24308332536198815
110_Narrow,1895810000.0,0.1994199121687266,0.0028325200398756013,-21.370064488059846,0.610248965370521,0.011490053319392414,5.321662947211814e-05,149.28832237883444,0.32410399943288415
110_Narrow,1895812500.0,0.2045605427810643,0.00298110213578569,-20.208362118541174,0.4900900575331299,0.011477599999281721,6.188450465242118e-05,149.09404080737798,0.48600218214662727
110_Narrow,1895815000.0,0.2093779068120602,0.003242308568535876,-19.783983209065674,0.5219955766454772,0.011487327198528624,6.201833764104192e-05,148.54939273034157,0.3057076078001631
110_Narrow,1895817500.0,0.21191602414666677,0.0032136981118619516,-18.773771444503748,0.47109502965561323,0.011449526239716406,6.175682376662215e-05,148.17029244192696,0.3826753488336788
110_Narrow,1895820000.0,0.21555688999808045,0.003138347122359343,-18.22152750510276,0.5096360476061129,0.011431877246829515,4.5456300342483183e-05,147.9543711167019,0.2066914793620142
110_Narrow,1895822500.0,0.22097035801760728,0.003223816404749627,-17.747122713317218,0.5593786447042004,0.011401256300677079,8.37833627032486e-05,147.69394706457956,0.35281737882292197
110_Narrow,1895825000.0,0.22542299603091961,0.0033013634966163846,-16.946788353546495,0.34619421775125003,0.011414033634478743,5.5023253105010615e-05,147.1895580450664,0.3935838155826838
110_Narrow,1895827500.0,0.22953309717774487,0.0036162766216556144,-16.744031593402894,0.5134239972511825,0.011405944869665688,5.157388793740905e-05,146.92180375724175,0.33647371113134344
110_Narrow,1895830000.0,0.23656712705535426,0.0029633519987562725,-15.990241041600365,0.42294477761226756,0.011409622981283661,4.606616018798723e-05,146.5525645113454,0.5576202713165225
110_Narrow,1895832500.0,0.23704669691090008,0.0036516060251875915,-15.511129626785543,0.3037805528170206,0.011374922889219121,5.704952589102334e-05,146.28020632472808,0.22501329276892068
110_Narrow,1895835000.0,0.24516091940304877,0.0033616807524020566,-15.58972107716434,0.3424176865163404,0.011356141093075242,7.000835968535774e-05,145.9279788944745,0.4226604344535495
110_Narrow,1895837500.0,0.24741955654904607,0.003807327390300694,-14.275880218017372,0.3083310737439559,0.011330264291178716,4.248304585920485e-05,145.70924532095304,0.27448734805168845
110_Narrow,1895840000.0,0.2496162026392835,0.003427678258500703,-14.769066657723473,0.3061032447584352,0.011284132968573592,4.530514650486339e-05,145.2248942188809,0.33070148458479787
110_Narrow,1895842500.0,0.25604695943688416,0.00345417614404656,-13.661709252643869,0.3137110731475844,0.011312991423337419,5.003421378798189e-05,145.15743412949087,0.4370850426823825
110_Narrow,1895845000.0,0.25901839762097195,0.003966287043460329,-13.329939246442262,0.23151329019654301,0.011284614662991648,4.7185181646059484e-05,144.81873600588705,0.6439219325471325
110_Narrow,1895847500.0,0.2651421396582545,0.0035578396059486313,-12.838464060370743,0.23828596975068037,0.011242687123430128,5.7876198199187646e-05,144.28508873563663,0.4545994254595859
110_Narrow,1895850000.0,0.2707699132479654,0.0032999530607440786,-12.757877582518288,0.21533250813377225,0.01127103679027422,8.675537954897464e-05,144.14938139090236,0.3544076346674094
110_Narrow,1895852500.0,0.2752037093789435,0.003539249869109933,-12.353955805045416,0.24163891065608634,0.011291794948444586,5.215193287379494e-05,144.05544570776786,0.5070222786203142
110_Narrow,1895855000.0,0.27813581284539757,0.0037216331302543037,-12.613207863346705,0.1404040439432538,0.0111948365523656,5.032244127312022e-05,143.68556594517415,0.40231308132938204
110_Narrow,1895857500.0,0.2837997797284319,0.003272313014754912,-12.146251526255178,0.23066477015371784,0.011227676682131899,4.674273455081344e-05,143.1882690144241,0.36235192623091766
110_Narrow,1895860000.0,0.2878338849344989,0.0033631463983721044,-11.83424719988522,0.20460914175063077,0.011166426659448786,4.368786738762203e-05,143.16663853792875,0.42129458304854417
110_Narrow,1895862500.0,0.29312831426746216,0.0033715190947224247,-11.775064623784088,0.1627594417513599,0.011167103653200044,6.523249155330339e-05,142.83854439286245,0.4141958639761742
110_Narrow,1895865000.0,0.2969928908767088,0.0034811814879527627,-11.443373243746663,0.14813999917540036,0.011163054962527107,3.544814315340816e-05,142.34241343997712,0.3859910325888839
110_Narrow,1895867500.0,0.30184598319343153,0.0030350502402859644,-11.25411006741654,0.15644179327308294,0.011170040654240288,8.327415522188899e-05,141.98763023860067,0.4135835211143212
110_Narrow,1895870000.0,0.3045802240788361,0.0033551982095767078,-10.86691585184725,0.1442074421583732,0.011099962413201016,8.840846345458363e-05,141.6660302239831,0.27020782572047725
110_Narrow,1895872500.0,0.3103148033569217,0.003198128530167188,-10.976854054379933,0.16664263947076693,0.011101270412257143,7.529903816663211e-05,141.6008839805255,0.2620390082595013
110_Narrow,1895875000.0,0.3156667270410291,0.00309299164660457,-10.988470185767374,0.19021852609627554,0.011114450067161902,6.074861153856928e-05,141.20762740691853,0.24026101765182134
110_Narrow,1895877500.0,0.3211182709990943,0.0033242114457360207,-10.601389863795353,0.1569432957218788,0.011116977652879778,5.849367331174171e-05,140.7419971131942,0.356637341090418
110_Narrow,1895880000.0,0.321850610649178,0.003096635606258767,-10.849600703379094,0.12933153872880498,0.011028320824422639,4.544563917869695e-05,140.71836208187722,0.318067837466774
110_Narrow,1895882500.0,0.3285631919111846,0.003018371075208369,-10.436025210214094,0.08276875642837646,0.010994538094435263,4.95243461327847e-05,140.46982318412222,0.3055812863043341
110_Narrow,1895885000.0,0.3334946397968517,0.0028491954415482573,-10.149057874114567,0.06751158223734453,0.011080916935184558,5.410260734151756e-05,140.0022433062113,0.28793111683162803
110_Narrow,1895887500.0,0.3387477015827545,0.003087775939844215,-10.459592726404303,0.08814885648280515,0.01099377024541531,5.4379063904095546e-05,139.62113821587454,0.2775619197752363
110_Narrow,1895890000.0,0.34206975358632613,0.002532071056685173,-10.506180721037547,0.1410181527011158,0.010942932819538018,5.1034681664163564e-05,139.31210012533776,0.33705304352360765
110_Narrow,1895892500.0,0.34678301023165964,0.003027045246686589,-10.410011396990548,0.16535078043442342,0.01094536919413163,5.154435862457936e-05,139.2882144038505,0.30640380172046366
110_Narrow,1895895000.0,0.3512274142692687,0.0027068611018445524,-10.315902430900499,0.09897901801591198,0.010936479524156262,3.1253495982771394e-05,138.9333337544511,0.2566789534902289
110_Narrow,1895897500.0,0.35403665440444126,0.0029028350237958636,-10.529587909916827,0.12024421786500633,0.010906679002763606,4.6937306892152365e-05,138.6486038147797,0.13513518588994045
110_Narrow,1895900000.0,0.3589403401038438,0.0032369678887171557,-10.380505711806471,0.06878456688758146,0.01088279762805228,7.071858375370874e-05,138.1400377126915,0.3779026476136058
110_Narrow,1895902500.0,0.3614277873439367,0.0030415770884849535,-10.340171618375395,0.10443225874254462,0.010859042448493016,6.333232481738905e-05,137.78010152387932,0.2400083075778812
110_Narrow,1895905000.0,0.369308725932921,0.002640583620293642,-10.29282872196031,0.08620171057679181,0.010843109800898695,4.075849359243411e-05,137.49422061272108,0.4798658340641685
110_Narrow,1895907500.0,0.371728587734421,0.00294198562879617,-10.441484220104664,0.09551948135814547,0.010803003646610626,5.181023536857085e-05,137.03103794953012,0.3562664602577383
110_Narrow,1895910000.0,0.37772225960529804,0.003311861494585998,-10.530573605506675,0.1025923618412112,0.010837439428378748,7.420278388598048e-05,137.12947195145262,0.3751787709553956
110_Narrow,1895912500.0,0.38084145541543357,0.0029470455968627777,-10.32465094393694,0.07620881894944255,0.01078283557486255,7.174380055922282e-05,136.87668382364748,0.28452610407865964
110_Narrow,1895915000.0,0.3856580832375982,0.0030158717888372436,-10.480861498824225,0.09921483478124099,0.010740773218319698,4.294952077321884e-05,136.18327127812842,0.568858783092464
110_Narrow,1895917500.0,0.3896758664721047,0.0032606305710358484,-10.469969284847126,0.06976136528508092,0.010746926772113018,4.318085084107024e-05,136.16626693242884,0.3664997194529269
110_Narrow,1895920000.0,0.39538447656196407,0.003511379931992872,-10.81926489103837,0.06970979355028051,0.010722605898897902,4.0913859872688534e-05,135.70044919979182,0.31618576893776495
110_Narrow,1895922500.0,0.40078029592038356,0.0030632131871226793,-10.03718013732651,0.09394242860086334,0.010711787772940424,6.704387050808557e-05,135.56771511201353,0.3519050163320233
110_Narrow,1895925000.0,0.4042977109690691,0.003145067958136222,-10.485687246906078,0.06774406590562208,0.01068463878399302,7.296969333760357e-05,135.1988728508989,0.37847891417771845
110_Narrow,1895927500.0,0.40643402551997343,0.0028832772009671184,-10.546566156365351,0.10675805971010012,0.01062351211983135,6.237970383660421e-05,134.76722213726026,0.363183162557226
110_Narrow,1895930000.0,0.4110171875694324,0.003058352420601212,-10.460954975829655,0.10955478501511237,0.010625394351288472,5.1979768648602095e-05,134.58114927265365,0.4489733051283488
110_Narrow,1895932500.0,0.4147388840249169,0.0028546385538973395,-10.647865733656678,0.09470341620702287,0.010587797896891415,6.574707545676983e-05,134.64314863058266,0.36773874292752795
110_Narrow,1895935000.0,0.42035451475113295,0.0031562962992774256,-10.424201881161684,0.08448078717333088,0.010599801348272781,5.0889226145796324e-05,134.168626290635,0.4348967566176519
110_Narrow,1895937500.0,0.4235972062703814,0.0028309957696278356,-10.57814828372944,0.06786892319984254,0.010590888397855922,6.608940014285178e-05,133.92074201454255,0.47256587506982056
110_Narrow,1895940000.0,0.4293110570067404,0.0028255579791521034,-10.769248674929617,0.15672629119110712,0.010518148319663337,8.219082094329817e-05,133.42798136596312,0.5418652800201232
110_Narrow,1895942500.0,0.43256236988535157,0.003011563428691824,-10.827088013376995,0.0979629604651062,0.010540203432772021,3.741699622277866e-05,133.35891919498826,0.2806850423718361
110_Narrow,1895945000.0,0.4364355469642902,0.00281009412934139,-10.953630492928804,0.1229071533775641,0.010481180006702541,6.623481467925071e-05,132.6887991639256,0.1197481665663603
110_Narrow,1895947500.0,0.44198337940743737,0.0030221356261552436,-11.062747755085933,0.08051927989833987,0.010440692575732916,5.109729824859711e-05,132.77622895584213,0.547534544773173
110_Narrow,1895950000.0,0.44698709146773674,0.0034740914104010824,-10.817675768991975,0.10465326475577283,0.01042763410505586,4.692606038888699e-05,132.46293562155776,0.35833114244912156
110_Narrow,1895952500.0,0.44895821552521076,0.003623594700488545,-11.145434736344606,0.08170578423540573,0.010453985375268982,5.321185104331547e-05,132.1603383257748,0.3374350081315339
110_Narrow,1895955000.0,0.45431665284058864,0.0029198946314797115,-11.052945894023061,0.0915916774533183,0.010435163321396731,5.7496849361550134e-05,132.06082876820275,0.4613498819358876
110_Narrow,1895957500.0,0.45505899569592645,0.003155724995552209,-11.08060222196615,0.08904868168762715,0.010398821879303261,5.8355939886303605e-05,131.6256598365079,0.3373957377027853
110_Narrow,1895960000.0,0.45864271182245453,0.0033053188920796096,-10.994112828339869,0.08407473210628073,0.01033501043291408,5.4741176104086354e-05,131.80727313710366,0.21684194533115056
110_Narrow,1895962500.0,0.46269182278302035,0.0032365247317776074,-11.472654261824571,0.1146485202794724,0.010269333219517573,5.8839381973773544e-05,131.22361542780388,0.5061800613939925
110_Narrow,1895965000.0,0.46963916567681396,0.0032305791272953075,-11.543383752122844,0.12234606517252455,0.01028328584093281,6.255591763841008e-05,130.74458086721478,0.37940970894123976
110_Narrow,1895967500.0,0.47046717040949404,0.0032407713812014297,-11.684626783888026,0.08253505150077711,0.010289433611676169,4.726089101068182e-05,130.4357938529855,0.36901831904968774
110_Narrow,1895970000.0,0.47749593062269835,0.0032329688273829687,-11.733914601486036,0.11345123614705707,0.010249885137772934,7.481562083156573e-05,130.51407010790433,0.33370831894318376
110_Narrow,1895972500.0,0.47793838618232043,0.003301097039751348,-11.573414405909134,0.0948747778725013,0.010222897280180948,4.227642015776297e-05,130.20217266604476,0.47270493463137914
110_Narrow,1895975000.0,0.48408025798678217,0.0034484128425146337,-11.916856191193173,0.12086100901571609,0.01020695429674708,4.4388779165162236e-05,130.01384215812828,0.6282672306382212
110_Narrow,1895977500.0,0.4901124583564098,0.003336425515912829,-12.330443767830104,0.09535611720215684,0.010217297239634082,5.093028863542472e-05,129.46376585497782,0.40096669453387535
110_Narrow,1895980000.0,0.4925242013032462,0.003413327859056781,-11.966373663311206,0.09240162590123127,0.010156072204100154,6.807777335053379e-05,129.4163027908097,0.2904973703690936
110_Narrow,1895982500.0,0.49465491721121757,0.003351517694159391,-12.155170418716938,0.1485588379439736,0.01013269618377014,5.562631000015433e-05,129.24610472422214,0.3618914474332038
110_Narrow,1895985000.0,0.4965321419908574,0.0034634818088552363,-12.297216911647473,0.08429670758928821,0.010058376600501044,2.7572589044576922e-05,128.8506474037587,0.33544828815462546
110_Narrow,1895987500.0,0.5046894252341865,0.0033427861235067057,-12.493422701685999,0.12613721606946926,0.01009917216550266,6.071948742556932e-05,128.6594450172455,0.3399845634620781
110_Narrow,1895990000.0,0.5091605413122964,0.003441001047741207,-12.295936305529626,0.14035667667850615,0.01006816651804356,3.106134206762978e-05,128.59831035750378,0.5239454966714815
110_Narrow,1895992500.0,0.5080570871501408,0.0034121612066927765,-12.427809034003719,0.1352195750983927,0.010014441541593259,8.308140373088314e-05,128.13554368984995,0.3979033003633928
110_Narrow,1895995000.0,0.5136018139566662,0.003433918381151263,-12.672236065205366,0.15177406748933528,0.009999245309603916,4.9721089717737695e-05,127.8893588274452,0.3950119892176723
110_Narrow,1895997500.0,0.5159548988002044,0.003314346953895939,-12.908237101995917,0.14285165059979033,0.009990728930108349,0.00011409068843356679,127.51070300022302,0.3740515232923372
110_Narrow,1896000000.0,0.5175738614125218,0.0029511895304627773,-13.127537708208024,0.13052099883392065,0.009939473168579167,3.286110907230302e-05,127.5245333134436,0.43453502951874473
110_Narrow,1896002500.0,0.5250083228958585,0.003392861219092175,-13.190214021915182,0.14391865840957876,0.009960124714848065,6.729300876169545e-05,127.15164469119674,0.49575574929411903
110_Narrow,1896005000.0,0.5262476010321219,0.0036984540542582874,-13.44430297647935,0.1722382395575625,0.009891490368525975,5.2525354467797524e-05,126.70971489815638,0.30817244732360044
110_Narrow,1896007500.0,0.5315600900197122,0.0033392888615827727,-13.542761474307728,0.14735956309831977,0.00987591308177307,4.885532885405491e-05,126.73689324535135,0.5213106692598998
110_Narrow,1896010000.0,0.5344008708817267,0.003256102248789049,-13.418087451856252,0.14263498879502393,0.009830187785739021,6.698265329972227e-05,126.5441735616902,0.3647203581212866
110_Narrow,1896012500.0,0.5392503150263753,0.0032233042180813327,-13.721505019856146,0.1322354517723995,0.009865077851876573,7.280949967069095e-05,126.08695984383111,0.4043239950461076
110_Narrow,1896015000.0,0.5403793494146192,0.003335954880099809,-13.758420713608972,0.11932604707295927,0.009812427981228312,4.169470260643195e-05,125.91553866794247,0.5507872643191527
110_Narrow,1896017500.0,0.5460293081749772,0.0030411949446863843,-13.992451856529847,0.12349071125887176,0.009807757350516845,3.2761905635962226e-05,125.55195861433432,0.6118461246980849
110_Narrow,1896020000.0,0.5478191812178593,0.0030316738282153044,-14.12417841529908,0.12999385435705568,0.00971473128224361,5.85544951873958e-05,125.58979410485472,0.5180083838584174
110_Narrow,1896022500.0,0.5507316436528843,0.003037677015367975,-14.185318363550058,0.1063762120589481,0.009702062371043645,6.905667272502534e-05,125.34141995602397,0.2597520553351412
110_Narrow,1896025000.0,0.5545352571751905,0.003108078267897872,-14.476004270272549,0.1481108999647472,0.00968916886070595,7.13879757024818e-05,125.00928581541847,0.40464821105334337
110_Narrow,1896027500.0,0.5555716416786286,0.002893132489104413,-14.480611906049676,0.14036368549189163,0.009632950173933626,5.216496957397545e-05,124.420738371451,0.37025954458136306
110_Narrow,1896030000.0,0.5584044067822815,0.002628769936709587,-14.316658454212135,0.13461325703721325,0.009646229444402417,6.152455229568945e-05,124.7598588691271,0.42692051365833245
110_Narrow,1896032500.0,0.5632742581345005,0.002788912075938264,-14.524258952064814,0.13357636006561474,0.00960535495078008,4.153395974510442e-05,124.4171915119799,0.46734451754180073
110_Narrow,1896035000.0,0.5677208743411694,0.0028356403627531625,-14.468214616731736,0.10901154968457084,0.009611137336077005,4.305798874914579e-05,124.21472577707085,0.37847387424641576
110_Narrow,1896037500.0,0.5701510455936495,0.00297561127616799,-14.638199972625852,0.1274812424742953,0.009528718229531375,6.330336385472966e-05,123.82793638943795,0.35328897613800336
110_Narrow,1896040000.0,0.573245504294406,0.002945098362079104,-14.963199065251022,0.11278738661275342,0.009540354044980968,4.931562558905023e-05,123.51490980904092,0.5323862247838798
110_Narrow,1896042500.0,0.5777384949169135,0.002543476470171633,-15.447926992126098,0.11982793297437692,0.009514980942181778,3.868894680835706e-05,123.07771722511247,0.4116067037929546
110_Narrow,1896045000.0,0.5802192134713623,0.002690597447118832,-15.016250127598783,0.09879304799222348,0.009496629822162952,5.0357669454264585e-05,123.28627109412142,0.4813910658530839
110_Narrow,1896047500.0,0.581374893545951,0.0025613574379505645,-15.360864753906577,0.10777443059243597,0.00945778528244145,6.869496435099778e-05,123.02849943983578,0.5668737276125743
110_Narrow,1896050000.0,0.5852069428637021,0.0027363486605653745,-15.673011175093588,0.12707093384034002,0.009425371923204678,8.846329794266943e-05,122.63213150302424,0.3020314394061881
110_Narrow,1896052500.0,0.5880386714180732,0.002412110169658898,-15.5168145183425,0.1296048561069765,0.009382145674920002,4.8505385602657996e-05,122.54460152089251,0.3235156095516149
110_Narrow,1896055000.0,0.5911814755802133,0.0022912805173448867,-15.590503519221606,0.11188806355745981,0.009412282882196919,6.303214283276575e-05,122.5929886830482,0.2948314764075904
110_Narrow,1896057500.0,0.5954945437610295,0.0023130317613728347,-15.93536403711884,0.11020572412075015,0.009413783150151029,5.375333397054031e-05,122.0141813797217,0.4264875504322698
110_Narrow,1896060000.0,0.5981221869900002,0.002273237809263028,-16.28701756631872,0.14269437461402018,0.009366715646235214,6.692406539190279e-05,121.49061650791333,0.2945312688657916
110_Narrow,1896062500.0,0.5987688098348833,0.00233342500851241,-16.30172976220149,0.10288077867886136,0.009284334549501273,4.285047830733476e-05,121.76560777490229,0.29122739883110715
110_Narrow,1896065000.0,0.6047523267989418,0.002340688782741155,-16.14844406522671,0.11293957922421716,0.009275026872941898,4.517618122781971e-05,121.33336430207733,0.24295831611669283
110_Narrow,1896067500.0,0.6064070275492586,0.0025062711481618027,-16.047652873541917,0.1270614888097674,0.009255356918472289,5.86975881159321e-05,121.52610964684969,0.43186616282456813
110_Narrow,1896070000.0,0.6109027963849952,0.002100676416549094,-16.95460091504725,0.0880369309832604,0.009194940449548139,6.639308184785801e-05,120.63484595877351,0.6111362340245416
110_Narrow,1896072500.0,0.6129290092644499,0.0019255530096821268,-16.426150542196748,0.10008769304818373,0.009212785743235478,6.009195500999036e-05,120.87813275824064,0.3001426534367162
110_Narrow,1896075000.0,0.6141485030208597,0.0017031422430531897,-16.739675589053824,0.13607440338328214,0.009193493155768506,6.823108668753628e-05,120.8412954075691,0.2727869005346555
110_Narrow,1896077500.0,0.6164592287251646,0.002396819495006075,-17.0155252760861,0.10954127136878955,0.00914518242777197,9.301425883902198e-05,120.36655912601117,0.4768627118867922
110_Narrow,1896080000.0,0.623257525016599,0.002424670514428944,-17.003892974855205,0.09037859574556324,0.00913172815338327,3.482281295820355e-05,120.1764244614352,0.30173018842289856
110_Narrow,1896082500.0,0.6209508215144364,0.0018468165936933862,-17.432739395056117,0.08720376294995379,0.00908276503118317,6.205573594860311e-05,120.04790271806392,0.3713333140593605
110_Narrow,1896085000.0,0.625751816341204,0.0024299883207124623,-17.113278851708202,0.08249126567976073,0.009069405021909708,6.610237420396679e-05,120.11174229528969,0.4030603835741024
110_Narrow,1896087500.0,0.6270712615545199,0.0021634027410332556,-17.346855169335196,0.14199241930812892,0.009025320340697387,6.165816480524379e-05,119.7371089002603,0.1203723244825946
110_Narrow,1896090000.0,0.6325802312908221,0.0022448598424311635,-17.556649666530948,0.17008694665149018,0.009016202233415416,8.009496504301168e-05,119.37134268275908,0.2885968664518335
110_Narrow,1896092500.0,0.6335937381119686,0.0020256641998613717,-17.704613709202224,0.09679830860964798,0.008997023862062734,5.563060345272259e-05,119.35452873916489,0.2806545324563576
110_Narrow,1896095000.0,0.6349308347564913,0.001781176727466938,-17.654124734557836,0.12804174135320331,0.008988672479617859,7.026614458766136e-05,119.05958672886612,0.2919166814630345
110_Narrow,1896097500.0,0.6386978327040921,0.002153240163218458,-18.008671683953647,0.09650690800906511,0.008990851698821535,4.679944181026865e-05,119.00794150243304,0.4384251612232026
110_Narrow,1896100000.0,0.6391200710823015,0.002050075682175094,-17.998850695593607,0.09569428615986376,0.008898855694990566,8.97565872629454e-05,118.60938968537491,0.3463587025432333
110_Narrow,1896102500.0,0.642970611863548,0.0017444380317804208,-18.343083078363755,0.11265270148022355,0.008913620382133048,7.500445661737103e-05,118.7358828313394,0.34815806256380044
110_Narrow,1896105000.0,0.648592375382872,0.001940631291632135,-18.255766017076546,0.11491436728463204,0.008896608826894957,5.31160675008572e-05,118.1972226890839,0.3273941486840875
110_Narrow,1896107500.0,0.6490609742469023,0.00146875884489079,-18.335196393619416,0.14813162678459815,0.008853999860567879,3.47098155608743e-05,118.02263266678526,0.5065154152183378
110_Narrow,1896110000.0,0.6493568118198149,0.001836244330783501,-18.679026088993375,0.11460035620169093,0.008836049339561907,3.406494003763327e-05,117.5883744044709,0.32503641364701086
110_Narrow,1896112500.0,0.6546027478105935,0.0016482328609954595,-18.7867877850877,0.10137136642283374,0.008809740953186464,6.704170177366785e-05,117.40642000093922,0.5438393455177077
110_Narrow,1896115000.0,0.6572519640281019,0.001771529040276388,-18.893649312689714,0.05624212583103578,0.008768782711738867,6.6137446660544e-05,117.3476409415816,0.30160541186385975
110_Narrow,1896117500.0,0.6629576007758158,0.0018529305868399174,-18.9362498110892,0.11150447020642973,0.008750457632602968,5.38299844159035e-05,117.35019999429156,0.4557635310393453
110_Narrow,1896120000.0,0.6643359282736297,0.0018227654209870393,-19.249464237829148,0.0658592517242889,0.008709220682915877,6.544290826702951e-05,117.19690886920174,0.46901450776113146
110_Narrow,1896122500.0,0.6634930316819252,0.0012154801340073366,-19.135263832274347,0.10227667947410554,0.008694252210847209,0.00010436462082646442,116.97963494993124,0.37551404449551534
110_Narrow,1896125000.0,0.6658930992082275,0.0013808978305748813,-19.194764819529432,0.111497156917756,0.00867220776093674,5.2809857068809155e-05,117.01679251886722,0.36611991619686873
110_Narrow,1896127500.0,0.6717800819822717,0.0015434377437102997,-19.304620794760336,0.12059387539768565,0.008690128346040868,5.1378441445933825e-05,116.65177454693173,0.3966011036123181
110_Narrow,1896130000.0,0.669783602313217,0.001714225455964745,-19.3860485001386,0.0723132036035615,0.008651529979158768,4.8729481097234506e-05,116.51679311874706,0.466726107451762
110_Narrow,1896132500.0,0.6745645429616982,0.0015086088826967582,-19.79646327220455,0.09662611411943278,0.008618709794120487,6.36715833512137e-05,116.42444377933404,0.31142130997716194
110_Narrow,1896135000.0,0.677837223794148,0.0014560533761733428,-20.35515401691278,0.09164736954179543,0.008599570851550024,6.802225836381792e-05,115.76680675277464,0.4719906773655095
110_Narrow,1896137500.0,0.6795771710913577,0.0010620545508886528,-20.023262848952882,0.11524739944603839,0.008526423431690308,4.240626401168354e-05,115.97173284217084,0.30522534498859116
110_Narrow,1896140000.0,0.6806713706759453,0.0012590790561292924,-20.08885395411246,0.10799832593027274,0.008554297532449143,7.239385898408305e-05,115.64127611245893,0.4543624871582404
110_Narrow,1896142500.0,0.683792722637985,0.0014813800152992196,-20.202694902874065,0.08085846763573865,0.008487377805293732,4.335026874902472e-05,115.40794483947808,0.4501766222066332
110_Narrow,1896145000.0,0.6862055176111913,0.001142068779045932,-20.476827748647327,0.11921291841968273,0.008425023820358646,5.325350965432677e-05,115.0675205369714,0.4854449192330672
110_Narrow,1896147500.0,0.6864115629872288,0.0010752292030944595,-20.441748796607186,0.07528326026757413,0.008463788341385576,3.982757265086483e-05,115.08793818614387,0.23516235474734629
110_Narrow,1896150000.0,0.6899838364270016,0.0014905133781288923,-20.60568842469601,0.09191531119676881,0.008417107952679371,9.149455532067511e-05,115.15608238216144,0.41695076188035174
110_Narrow,1896152500.0,0.6939946018259344,0.0016809823334011029,-20.42062084403222,0.08115957381585977,0.008426756472875921,6.352516108433314e-05,114.90843617862018,0.46135401887498634
110_Narrow,1896155000.0,0.6943571002308355,0.0013091184785526994,-20.753441495225978,0.08672755480698097,0.008364300735521447,5.93749803052358e-05,114.672141918287,0.23579838516975568
110_Narrow,1896157500.0,0.6959079350035642,0.0014707321173068443,-20.760545353707663,0.1108115507540366,0.00835322939394843,5.473821003909946e-05,114.32555449282744,0.42949778008845513
110_Narrow,1896160000.0,0.6977893357081956,0.0012772890133014676,-21.02750222368891,0.09577483639027774,0.008348033794315294,4.9274927528722735e-05,114.28940417013021,0.34852849865722196
110_Narrow,1896162500.0,0.6998163529107653,0.0012708379996294698,-21.115115632090397,0.11198999730431819,0.00834379233794934,6.774587946378445e-05,114.24723931150093,0.44585794637230547
110_Narrow,1896165000.0,0.7029791469886673,0.0015483734668659188,-21.508379038014567,0.06844660298066234,0.00825747804252779,7.217828956997871e-05,114.02712572592044,0.506684867579369
110_Narrow,1896167500.0,0.7051497435591614,0.001328035321130519,-21.56237183626474,0.07536042081436437,0.008303873541204829,5.18592468964611e-05,113.5256053771143,0.40365511401047494
110_Narrow,1896170000.0,0.7098760895073696,0.0011231457878739357,-21.493997499329925,0.07689406406603778,0.008279131156511004,5.816743956663427e-05,113.63033893830635,0.5783421679703282
110_Narrow,1896172500.0,0.7066427689580237,0.0017124243300845456,-21.621326803525953,0.06180676588119417,0.008200493487187757,6.458061819672017e-05,113.49535457944603,0.4984465561403742
110_Narrow,1896175000.0,0.711889642566579,0.001568371283580954,-21.703968365784405,0.08684401316452998,0.008193488518254742,7.697570778406577e-05,113.15581944203517,0.39075022364614265
110_Narrow,1896177500.0,0.7134905500069574,0.0015757878267207853,-21.969100644758207,0.10239343567650383,0.008201821785804305,5.723445555889395e-05,113.1524296894108,0.4523586327489852
110_Narrow,1896180000.0,0.7134190740712943,0.0013523995975917229,-21.99134919899599,0.06426319471627268,0.00813777542512498,5.11610026866582e-05,113.01979530510917,0.3453489192519207
110_Narrow,1896182500.0,0.7174055731197319,0.0014255344108049831,-22.061297642210178,0.12159601694312827,0.008146983912341716,5.434123722958719e-05,112.56771691019071,0.40563087344191706
110_Narrow,1896185000.0,0.7195048947896653,0.0015278868636255441,-22.29057585810861,0.08653122881141023,0.008110368377167235,4.482319098296438e-05,112.5784976302127,0.45558639129254364
110_Narrow,1896187500.0,0.7219861056620629,0.0014901418651127997,-22.310381434697234,0.11604630983783759,0.00808943998412892,8.105623746455142e-05,112.26000354182695,0.3164240787850164
110_Narrow,1896190000.0,0.7234266892488347,0.0013697223037278355,-22.29251963505477,0.08139888765542169,0.008092585710128065,5.0558700173032284e-05,112.48120789514601,0.35937659662404636
110_Narrow,1896192500.0,0.724782587067975,0.0012512652432985056,-22.459842382318467,0.09423095953420889,0.008045504411991124,7.417865044365208e-05,112.16115719613622,0.4894339560744557
110_Narrow,1896195000.0,0.7240974894798212,0.001925276458040036,-22.760777741195543,0.10768282580098949,0.008019173223495109,9.008060996044796e-05,111.7093928984962,0.545028370693682
110_Narrow,1896197500.0,0.7282473408145756,0.0018377028484735762,-22.904553209078845,0.08583310904329876,0.008012579809978817,7.01549076551012e-05,111.89655117019561,0.4894245211884658
110_Narrow,1896200000.0,0.729239695831078,0.0015080221943851238,-22.706562209449793,0.13491427930617464,0.007962213792748316,7.764389718764213e-05,111.56755937707683,0.4452283359007492
110_Narrow,1896202500.0,0.7276765764628441,0.0014952916460005566,-23.352837929695646,0.11804800564830055,0.00788632556295982,6.821546335306415e-05,111.32132473944706,0.36525311234922875
110_Narrow,1896205000.0,0.7335983241332856,0.0016049669569154982,-23.307438983328822,0.12751574552422437,0.007947953926337492,3.118095358176558e-05,111.48375024315911,0.4119020084397021
110_Narrow,1896207500.0,0.7359616601402008,0.0014423297103926594,-23.13206759426336,0.07311263201502846,0.00791541080354123,6.420000295619817e-05,111.09140753502648,0.44505752233254353
110_Narrow,1896210000.0,0.7339475291005445,0.0014728407523376976,-23.530989764695132,0.07915756386297061,0.007856815432734867,5.932559803768841e-05,111.08206616650993,0.35287077376501624
110_Narrow,1896212500.0,0.739168077092803,0.0016444120792468812,-23.43766374565135,0.11091065340926315,0.007836101944973608,8.619696034676417e-05,111.15563208377927,0.4299101237271784
110_Narrow,1896215000.0,0.7404988417003154,0.001302489329798952,-23.354162004378566,0.0983812787276549,0.007838844740394658,3.8707440042518293e-05,110.6222971367222,0.40978588165876767
110_Narrow,1896217500.0,0.7447805174596183,0.0016676087034125202,-23.592295572347453,0.1104182519206872,0.007830668529515708,2.1554674008926007e-05,110.84660226701692,0.42134195936004315
110_Narrow,1896220000.0,0.7411900800659906,0.0015213498210902836,-23.66508714203144,0.12580619393650208,0.007800879902999625,5.437295575608723e-05,110.24676218198596,0.4080877982958914
110_Narrow,1896222500.0,0.7459316624002995,0.0018671671611372317,-23.903721724855185,0.11844524013653632,0.007769494318274837,7.654127713543575e-05,110.23260566648557,0.39036124273650624
110_Narrow,1896225000.0,0.7479758473482697,0.0021473882347084355,-24.273326427955087,0.11775878451773701,0.0077332890185187,6.835125508328744e-05,110.16121887701571,0.4742468798760551
110_Narrow,1896227500.0,0.7525990979058433,0.0011760886205568586,-24.263362978224304,0.07645109822741974,0.007725326832885989,5.2643473516891195e-05,109.78871620086278,0.6339405952981981
110_Narrow,1896230000.0,0.7535588976582507,0.001956004793416745,-24.318326151806403,0.09406021968447122,0.00772750237551291,4.783809258018933e-05,109.77739083434369,0.3520906577098928
110_Narrow,1896232500.0,0.7532419315193248,0.0017098478705221938,-24.52186782262995,0.09271430871577865,0.007660869530349326,7.355939648595684e-05,109.70944785397458,0.5777983935475499
110_Narrow,1896235000.0,0.7552610102986621,0.0014154131508116311,-24.493587888150383,0.09021537384901845,0.007646448443883248,4.482008553984813e-05,109.61464690222495,0.4123760851071083
110_Narrow,1896237500.0,0.7538989473932052,0.0013767901261472469,-24.63366324257316,0.09540166734178329,0.007627492339110776,6.453232993746648e-05,109.52168277871333,0.3807833982557839
110_Narrow,1896240000.0,0.7618916360624565,0.0015437834690124514,-24.821434941093642,0.09888915458999122,0.007665620509853765,6.3593551730626e-05,109.23231281793798,0.4001831135635297
110_Narrow,1896242500.0,0.760465455379,0.0016856802336214212,-25.20599510124241,0.09401630691866729,0.007612580319483702,4.101624982657807e-05,108.96063996645621,0.6153872722986972
110_Narrow,1896245000.0,0.7643051252628126,0.0011880032450647616,-24.96379651272111,0.10776337129380319,0.007601720731896214,5.641725217485784e-05,108.76306773222743,0.48148275086668074
110_Narrow,1896247500.0,0.7616535113578703,0.0013967644930729906,-24.7935606156799,0.08425916474312667,0.007581801864778399,6.104991449201084e-05,109.11215012414738,0.3131085542744325
110_Narrow,1896250000.0,0.7656637235369778,0.0011239504369985808,-25.387084762336922,0.09812903517347739,0.007514528044999078,4.2482978050976766e-05,108.63482529086653,0.34427991043381084
110_Narrow,1896252500.0,0.7680479073409978,0.0016456559248817571,-25.637043954087652,0.10284923599833425,0.007501773973014619,5.852699166735564e-05,108.14806933103506,0.31840634006608737
110_Narrow,1896255000.0,0.7697926686927032,0.0013679562651785647,-25.43154073417223,0.07936184765004871,0.0075194950092875865,4.23583152076208e-05,108.77645929711812,0.2924202771424698
110_Narrow,1896257500.0,0.770456264112702,0.001400748149884076,-25.567102475524816,0.1223265452775802,0.00747840712215196,5.727451817519535e-05,108.29437007086274,0.3315736017920154
110_Narrow,1896260000.0,0.7717801191010383,0.0015662454666166173,-25.50481086173288,0.09080727951065044,0.0074453510385042035,7.031282008875863e-05,108.06021757321716,0.4837543999134253
110_Narrow,1896262500.0,0.7706274787874607,0.0014290014157307116,-25.443432082625424,0.11354386846486689,0.0074554006419991145,5.3749252819914455e-05,108.10312198346998,0.6328434908125068
110_Narrow,1896265000.0,0.775766318723371,0.001210762082911465,-26.018703813229468,0.09301238500827931,0.0074166583833020485,7.116233368893917e-05,107.91964893810781,0.5200386528384772
110_Narrow,1896267500.0,0.7766024785147453,0.0017708982562354687,-26.08736908481026,0.10991680569860998,0.007399327761207041,4.9030222355848296e-05,107.44131398557545,0.6515942792128331
110_Narrow,1896270000.0,0.7792783352669841,0.0012982081801362103,-25.909409103153024,0.06576475646093267,0.007365711817396106,7.482258935629013e-05,107.63580793758013,0.48957248293007416
110_Narrow,1896272500.0,0.7801862883572237,0.0010989535520443076,-26.25314706164474,0.07775343746626524,0.007391216818286894,8.339512925786211e-05,107.69720622132172,0.5165404036439682
110_Narrow,1896275000.0,0.7809967885188771,0.0012148917302944294,-26.31958019996996,0.09048167626351439,0.007300376576759257,4.0749341353054945e-05,107.51858069703262,0.3821149259205985
110_Narrow,1896277500.0,0.7824916204451133,0.0013280110456106828,-26.16110864224283,0.06269497332090526,0.007297263308342062,4.35444166914917e-05,107.24895463294554,0.3397483451310307
110_Narrow,1896280000.0,0.7863718023512192,0.0013852528798224983,-26.361981550950564,0.110049127023488,0.007279110907002514,7.845465013971946e-05,106.78510664450529,0.3372693807394776
110_Narrow,1896282500.0,0.785043283752008,0.0012167397050099565,-26.50539611864353,0.0874514853285944,0.007253472804722837,6.441224154042748e-05,106.77146026300224,0.37890462658381013
110_Narrow,1896285000.0,0.7849488778913866,0.0008654537694027655,-26.717375480000392,0.1004676849394391,0.00720399721969034,6.207609364436507e-05,106.98622520142813,0.4878728850598745
110_Narrow,1896287500.0,0.7808583109609206,0.0010237615703827842,-26.783681186240297,0.09707369096075046,0.007202971029950084,6.348118150289856e-05,106.71561116467988,0.4125038799845116
110_Narrow,1896290000.0,0.7861197766209523,0.0012888340282112614,-26.723675513659362,0.06942625587838892,0.007161843884197089,7.196210133008882e-05,106.67334210434919,0.5047697163922475
110_Narrow,1896292500.0,0.7900858279295034,0.001128793475151627,-26.959015240484753,0.09669035546390486,0.007169808241669788,5.432184013981349e-05,106.2640813267025,0.6184683751898078
110_Narrow,1896295000.0,0.7913668768643002,0.0010704331452827639,-27.181850527515678,0.0885624284613298,0.007158328768969207,6.078790668893655e-05,106.35390602718644,0.47716780932015634
110_Narrow,1896297500.0,0.7963014050323339,0.0011896007542528306,-26.984929931966985,0.11037197869660834,0.007146584720084009,4.127615653253515e-05,106.06895861721057,0.47357547125526184
110_Narrow,1896300000.0,0.7958925299425643,0.001287547477095783,-27.353692731745664,0.07567537051038804,0.007126088470669443,4.676003590173592e-05,106.09466148465725,0.33099387600498853
110_Narrow,1896302500.0,0.7949888901700181,0.001050284462234665,-27.271150280653796,0.06383427667850808,0.007131071736926023,3.644907494210379e-05,106.10317539053976,0.46043507377568454
110_Narrow,1896305000.0,0.7969744051217745,0.000730315228669757,-27.181473542215542,0.07093635540735883,0.007130038725315892,7.6563926679186e-05,105.76428484354928,0.47226536284160026
110_Narrow,1896307500.0,0.7982752346316684,0.00103359075773907,-27.388928603404594,0.07305277380178954,0.0070855048561938375,5.435829609188245e-05,105.70739746008533,0.5423771387457944
110_Narrow,1896310000.0,0.8005610746149084,0.0010644768354660225,-27.78912560036412,0.11191252439766311,0.007017080299790603,7.379807898284114e-05,105.18671162496703,0.4707746731960011
110_Narrow,1896312500.0,0.7988437992816269,0.0011736960534452945,-27.8224475439228,0.08344844051247786,0.007057106400610104,6.471502077802503e-05,105.25148745500059,0.31685144998467174
110_Narrow,1896315000.0,0.8039481500545579,0.0009774628188479887,-27.611483113087555,0.08345783212480955,0.007041637363879579,7.531423950668401e-05,105.11089912081584,0.4361110811318475
110_Narrow,1896317500.0,0.8061911208685467,0.0014536957613015139,-27.955021608806142,0.0661907134835154,0.0070035828216232264,7.363966207472308e-05,104.93357472181697,0.48853888812399404
110_Narrow,1896320000.0,0.8031265566826014,0.0011254226695099725,-27.997332401450812,0.08632096395626082,0.006969823662933406,5.6923002044936035e-05,104.89659550297193,0.31151208878207864
110_Narrow,1896322500.0,0.8060467964982669,0.0010296488857737133,-27.82673156244278,0.05678698290848335,0.007005219027037553,6.0179427559057116e-05,105.0304499940212,0.3739504571161376
110_Narrow,1896325000.0,0.8074833729269395,0.0008380789567986697,-28.2718133995555,0.046703888101159066,0.0069325769575890785,4.708925258464833e-05,104.69293297426081,0.3604630852364801
110_Narrow,1896327500.0,0.8081466672208064,0.0009885151313338287,-27.882591561007413,0.09907590111719203,0.006928900600710411,5.484834589664928e-05,104.95097242707529,0.43506970186198146
110_Narrow,1896330000.0,0.8097048368579721,0.0010031614011687523,-28.296266870892975,0.07855575727507644,0.00689045017905065,7.108537143552004e-05,104.5021620342621,0.4467354869482342
110_Narrow,1896332500.0,0.8119107251511631,0.0010556312729893603,-28.368451015555895,0.0689653769322096,0.006859273967931325,3.586555398672638e-05,104.48615531363556,0.6143456771776615
110_Narrow,1896335000.0,0.812500987759449,0.0012643261342021996,-28.466573948868994,0.09002097353670778,0.0068785751044021185,6.646548740620265e-05,104.65192978192991,0.4591232036521414
110_Narrow,1896337500.0,0.8093075820446632,0.0008856903762555415,-28.77222099595574,0.08942994142891997,0.006825242717506403,4.066554314211232e-05,104.30218337809053,0.3256991776341743
110_Narrow,1896340000.0,0.8163854405814491,0.0010194592468487631,-28.684730547998242,0.10255115622102227,0.0068290365352984325,6.560091835653736e-05,104.63733188677536,0.27995417279637325
110_Narrow,1896342500.0,0.8150799530989451,0.000701907320849451,-28.86801609961257,0.09033232009556373,0.006797834906537022,7.090273080640314e-05,103.90852450300137,0.4433951021690842
110_Narrow,1896345000.0,0.8171062849328073,0.0012237547988760112,-28.88337753360591,0.07120508289042678,0.006835480756537533,5.5567956772826336e-05,103.93628850471771,0.30768916257705814
110_Narrow,1896347500.0,0.8193647127866598,0.0009909919604916611,-29.14289142353742,0.07367233815531612,0.006783929165719115,5.7635919237490366e-05,103.73600536490788,0.6647194365320227
110_Narrow,1896350000.0,0.8216785224096754,0.0007252417336952653,-29.223895979021666,0.0580531956134104,0.006796040428214493,7.118810657672849e-05,103.49433781125235,0.2684555269394015
110_Narrow,1896352500.0,0.8221384668189374,0.0010495026875085723,-29.056401943549226,0.08581096330497397,0.006714849502558092,8.715385691888109e-05,104.0099851164031,0.45363936906394275
110_Narrow,1896355000.0,0.8225999734649259,0.0009918812141969098,-29.039501566174597,0.0769092394340068,0.00671866263296826,5.790918719673643e-05,103.57216176027057,0.3877592516129803
110_Narrow,1896357500.0,0.8210471353357052,0.0010282190416732817,-29.538384757750038,0.04478757507631901,0.006673292905114176,6.503991250805093e-05,103.07354066746085,0.4963304930932917
110_Narrow,1896360000.0,0.824188893307224,0.0011874965256254992,-29.422119236153282,0.07303506167727059,0.006711044679754859,3.532152678454762e-05,103.46592340612362,0.5017463840309413
110_Narrow,1896362500.0,0.8250077563172149,0.0008269046182033778,-29.671603371356312,0.05224315296391941,0.006711855573283094,7.671798302880715e-05,102.8697461875335,0.36908923962248363
110_Narrow,1896365000.0,0.824747082937961,0.0008128118819383896,-29.673599085162714,0.055681835645332876,0.006610243337758527,7.330465691251751e-05,103.24866625849536,0.7335700981443547
110_Narrow,1896367500.0,0.828379224820631,0.0008585260729938603,-29.872001448466364,0.08597321988213237,0.006623170631086752,6.27099369658396e-05,103.06697506494132,0.2729421694575798
110_Narrow,1896370000.0,0.8260978160248251,0.0011308031117122311,-29.725705775089864,0.08333366212892473,0.006591518577718655,3.983737534171919e-05,102.60369122501614,0.3460507549067899
110_Narrow,1896372500.0,0.8328477176635096,0.0012335745359071195,-29.65372342264348,0.06909425088136255,0.0065940515560180355,3.881837371471644e-05,102.61606064520768,0.5021773311343402
110_Narrow,1896375000.0,0.8275172582620629,0.00096521458545221,-30.027133603785042,0.07161302195711011,0.006595910337510951,3.3471618074081145e-05,102.91382120563699,0.6230192497276908
110_Narrow,1896377500.0,0.8298166986015083,0.0007390264023810783,-30.04281908119157,0.05166062204006018,0.006558985175769284,5.477719920347058e-05,102.66745443213831,0.28347566193413704
110_Narrow,1896380000.0,0.8342007646971514,0.0009051205745492985,-30.05616694124876,0.06773046335717779,0.006561538058214677,3.8753067928326104e-05,102.4341641174657,0.7295218224095292
110_Narrow,1896382500.0,0.8318782937153235,0.0010149805881950191,-30.32094505605352,0.07356998673992866,0.006534654002333935,6.969742998386753e-05,101.9405722535668,0.41929855322408005
110_Narrow,1896385000.0,0.8365656604220042,0.0009797931910533332,-30.342820536843934,0.057935492038737296,0.006502120829658365,5.200155035424836e-05,102.11655016299042,0.5175951581653029
110_Narrow,1896387500.0,0.8340431057452169,0.0009599918909727309,-30.48885150646262,0.07489325430970696,0.006479822907668704,6.834754944744605e-05,102.14993585182481,0.4004558322911841
110_Narrow,1896390000.0,0.8369551454926815,0.0008657782457426953,-30.604558497092643,0.07687137883126562,0.006436891270092541,5.395928402415525e-05,102.05078652658788,0.658438211441719
110_Narrow,1896392500.0,0.8348217022012197,0.0009848793476461665,-30.615461047110028,0.0868778502570552,0.006458292027603927,4.00191795733029e-05,102.03044625891889,0.4811451689613447
110_Narrow,1896395000.0,0.8400346705311544,0.0009871258353567264,-30.676113160070493,0.04745914538352282,0.00642873315787371,6.334519268293612e-05,101.94287781864146,0.4980616061744123
110_Narrow,1896397500.0,0.8420241499000232,0.0008685211704907243,-30.936533481344366,0.04646870314583399,0.00640792918792422,5.607526024385151e-05,101.24085351550362,0.5947297940124888
110_Narrow,1896400000.0,0.8402441235245629,0.0005896223285679086,-30.971471666545693,0.05023559102334046,0.006400337853469273,5.387542421280347e-05,101.14899799614801,0.6084625071322235
110_Narrow,1896402500.0,0.8430770404657724,0.0008521041200928208,-30.52957001634405,0.0512528924991958,0.0064239331736736065,8.256861939842021e-05,101.43482224765698,0.5736658757397762
110_Narrow,1896405000.0,0.8413793881391896,0.0009665949261526947,-31.120285149385882,0.0676979271070327,0.0063739073683944086,6.049040859053086e-05,101.48391526600491,0.4547210261165008
110_Narrow,1896407500.0,0.8487728323527319,0.0008127362793288727,-30.965788511745544,0.06392115510767084,0.006396818807361926,4.047837897034723e-05,101.5763198970278,0.4860415126807732
110_Narrow,1896410000.0,0.8475127175258047,0.0011699571726602135,-31.250589856102977,0.05858301115731113,0.006357782148698055,6.847025665296722e-05,101.01137753244232,0.4528696439491872
110_Narrow,1896412500.0,0.8424867455599435,0.0008857387267990333,-31.33310371754391,0.06304051172205288,0.006300755645993069,3.7457910436473096e-05,101.01685063502126,0.6236806150198125
110_Narrow,1896415000.0,0.8473019245003705,0.0011532909839734673,-31.437617531842662,0.06773824777004617,0.006304752025804548,6.653860058896198e-05,100.92815646794863,0.43339853880352064
110_Narrow,1896417500.0,0.846085813115393,0.0007579744235877399,-31.429035484059142,0.04814229873016934,0.006276332029452462,6.748866850749795e-05,100.46411855625374,0.4617369371848036
110_Narrow,1896420000.0,0.848688706638293,0.0010326787463260285,-31.44479107645689,0.06136117174972851,0.006280733061244826,5.2697073161751594e-05,100.66462957281637,0.7774446982688344
110_Narrow,1896422500.0,0.8496909966125814,0.0011336152290607575,-31.770420383268913,0.08287563187620901,0.006232705512396608,6.473844590117089e-05,100.59992846628171,0.6567885176356403
110_Narrow,1896425000.0,0.8472749022136035,0.0011229163345471622,-31.68248133818842,0.06410035975625045,0.0062363514391839524,3.396329407251004e-05,100.32856602555646,0.40194025004295314
110_Narrow,1896427500.0,0.8518599927290225,0.001143343947409215,-31.510186889275587,0.057105541187189426,0.006256379364991397,3.429127269804916e-05,100.20271461133852,0.4862946151244916
110_Narrow,1896430000.0,0.8523664199122922,0.0011857637871357455,-31.50414758814963,0.0410767142810925,0.006170787802330324,4.367526902952554e-05,100.11376642910842,0.5542509917050252
110_Narrow,1896432500.0,0.8549308407949359,0.0005321905582913897,-32.1495566675047,0.07572514020664241,0.006225394258200276,5.08366894056639e-05,100.05135071178806,0.5548192093423836
110_Narrow,1896435000.0,0.8551166951821444,0.0010696006485902694,-31.837904590028547,0.057144317018085276,0.0061585457709317,8.877755650451382e-05,100.4609171625788,0.5962282255586613
110_Narrow,1896437500.0,0.8575854557257501,0.0005409817323892039,-31.577239289985606,0.060962189163226946,0.006178478073762258,4.711977639147091e-05,100.43298822722618,0.6605635976176519
110_Narrow,1896440000.0,0.8567264143177953,0.000984906345902171,-32.34883694921706,0.054057167928580695,0.006120194614249589,7.701175733641688e-05,99.47833241458814,0.653132917430454
110_Narrow,1896442500.0,0.8552918047262023,0.0008591374937428329,-32.02129133731121,0.0662808362283931,0.006137551093457067,4.0523053530586124e-05,100.08436400772803,0.5878800787700111
110_Narrow,1896445000.0,0.8610791892931249,0.0006818855411957215,-32.31711714708143,0.057000955235971644,0.006125616148536231,5.856564214257973e-05,99.62499706734198,0.2844207555056513
110_Narrow,1896447500.0,0.8598345588767401,0.0013503666953591585,-32.33353412540241,0.07028537992902809,0.006104864981565028,6.125248544110767e-05,99.75016594159207,0.5454856550595517
110_Narrow,1896450000.0,0.8568577423889562,0.0005238546668155642,-32.67652953204752,0.06143534473782453,0.006073178665614185,4.828873002393821e-05,99.19702041749997,0.48869473838865674
110_Narrow,1896452500.0,0.860754240868469,0.0007346761181866586,-32.371993377438336,0.07900250643080589,0.00610551822981807,5.866426730074842e-05,99.51186358934993,0.4713073835028144
110_Narrow,1896455000.0,0.8646010955635318,0.0007227294722304016,-32.50287209685018,0.06548287764994473,0.006102880356795547,5.643305140115468e-05,99.30608875122502,0.6483689996940226
110_Narrow,1896457500.0,0.8594351471707247,0.0007518467524085366,-32.72324997686722,0.07513421565136555,0.006003136974837424,3.820944801608341e-05,99.3870529556166,0.39243890453950947
110_Narrow,1896460000.0,0.8633002273320817,0.0009850745043616898,-32.732261340136525,0.0811053172981637,0.006039524616214719,7.308437293835912e-05,99.26844638020462,0.4568656996923428
110_Narrow,1896462500.0,0.8641703668167158,0.000992347287756839,-32.768505801769756,0.0743526223108958,0.006000623347074696,4.001979762606604e-05,99.19871170626718,0.7440677581601589
110_Narrow,1896465000.0,0.8639438002118086,0.0007793730723016743,-32.79883998785518,0.07272281245864647,0.0059868800464437716,4.5450094574879246e-05,99.28007285275125,0.3714869900439399
110_Narrow,1896467500.0,0.8638413913841271,0.0005024929586482803,-32.790162608991324,0.05690610668996952,0.0059641065849734415,4.731597644589135e-05,98.75472581551861,0.46899193297275993
110_Narrow,1896470000.0,0.8680683205033088,0.0007445295522230394,-32.60269123487696,0.03238668443718774,0.005965136896785439,3.611715419615563e-05,99.0403072430172,0.4243950615921828
110_Narrow,1896472500.0,0.8697477038796565,0.0007966386543662001,-32.86796065963019,0.0781540502667663,0.0059916108987707216,7.46555450621481e-05,98.84101375255689,0.5031770975215105
110_Narrow,1896475000.0,0.86913722722171,0.0011043336640774446,-33.23547587632374,0.057810021462614665,0.005938307413671091,7.246914409920403e-05,99.00869566625059,0.6824282210802343
110_Narrow,1896477500.0,0.8735128638870551,0.0008209946176470034,-33.617465225701345,0.04506400486748481,0.00589727636811592,5.0720201533658924e-05,98.40551055234098,0.4948732117553563
110_Narrow,1896480000.0,0.8703852998393437,0.001041325617905404,-33.393633097988435,0.039332444564968004,0.005924662322574724,5.203379298291879e-05,98.1365945241119,0.48898629137580407
110_Narrow,1896482500.0,0.8703407535128259,0.0008034917343097949,-33.26551833411748,0.07441990507060209,0.005914205472434574,4.6326263779628636e-05,98.41018417071592,0.5883652266910934
110_Narrow,1896485000.0,0.868876943888876,0.0008683608608180318,-33.32644494940026,0.05798512744779641,0.00592676270371111,4.634357913493453e-05,98.34469224811025,0.5282583124388238
110_Narrow,1896487500.0,0.8718247915842426,0.00044683049732984457,-33.39044054211401,0.056658580870658865,0.005856392998394756,7.117779957564598e-05,98.71448519156034,0.6985668435596672
110_Narrow,1896490000.0,0.8717356709933599,0.000737177835073592,-33.680704975418905,0.06675859347963707,0.0058571824523977415,6.579701990511684e-05,98.09079547042337,0.37822636267149956
110_Narrow,1896492500.0,0.8741494865539028,0.0010984651768389676,-33.56011351134013,0.0623637372635943,0.005876682727801478,7.803082475103766e-05,98.0119230810682,0.5067693166224562
110_Narrow,1896495000.0,0.876515839083402,0.0009217070813316927,-33.68748802164292,0.04485996351661492,0.0058320272917652405,4.932811462161964e-05,97.76952642422891,0.5791709197366651
110_Narrow,1896497500.0,0.8733140057819372,0.0009780180435866863,-33.65531935958045,0.05272559768294163,0.005802183672977582,6.455255943170203e-05,97.64278606643668,0.4573436569511342
110_Narrow,1896500000.0,0.878531973255521,0.001152468384937448,-33.56922652886584,0.0664873049312953,0.005783255780661809,5.326850178298844e-05,98.1846216406298,0.4248751200921389
110_Narrow,1896502500.0,0.8777118848887118,0.0010548896102956023,-34.04091175866485,0.06972890810566974,0.005765023204293468,5.684950979653684e-05,97.87823525398424,0.5258465642769463
110_Narrow,1896505000.0,0.8780247163175441,0.0006479074494203668,-33.962551745165335,0.06398832194378146,0.005787282566313984,6.703530283402421e-05,97.46850012024525,0.7276904920759496
110_Narrow,1896507500.0,0.8784779035827043,0.0008885047334133133,-33.92697607137995,0.03484744617179798,0.005743612524872263,6.959349893049533e-05,97.62613219737771,0.5225494770764328
110_Narrow,1896510000.0,0.8774307226771312,0.0009672517970134473,-34.10261138972514,0.06283832062339562,0.00571220590755161,5.5586567281468375e-05,97.43224457065405,0.6643669145412716
110_Narrow,1896512500.0,0.8823183334626225,0.000687414040490533,-34.06897706457172,0.06434312011390769,0.005758380467567947,8.369650095198044e-05,97.74735990217906,0.761953182390457
110_Narrow,1896515000.0,0.8816863592145844,0.0005424294778818674,-34.19499700650017,0.07440929037522266,0.005718637125084636,7.626511823585836e-05,97.3107989361467,0.548144031431968
110_Narrow,1896517500.0,0.8775098392319768,0.0006613823792829454,-34.23452559645495,0.07157446015995465,0.005665296314862147,4.581897855459278e-05,97.40394305334125,0.6765458290552511
110_Narrow,1896520000.0,0.8797205931859974,0.0008885327811744098,-34.374436078056675,0.09617238592368903,0.005696688478368434,2.9867099517150543e-05,97.1033562329171,0.4036054087405116
110_Narrow,1896522500.0,0.8818636114551549,0.0008127687147084904,-34.312258220831666,0.07733905706604664,0.005679996852165862,5.2808233471813036e-05,97.37018707834059,0.5716522934934807
110_Narrow,1896525000.0,0.8865648866007182,0.0007156841317602567,-34.487863283022655,0.05898903920370433,0.005671593971583834,4.8685604793967144e-05,96.99949314820721,0.6149191966766958
110_Narrow,1896527500.0,0.8865324235582237,0.0009931671131624452,-34.58483264714188,0.05729341690458229,0.0056863067986214705,6.420579027571368e-05,97.20192829445593,0.42385375916587154
110_Narrow,1896530000.0,0.884871297611242,0.0008626985190711917,-34.57872666522477,0.053253174031250274,0.005663404788485924,4.021700345914155e-05,97.06888589832066,0.22753195999615944
110_Narrow,1896532500.0,0.8852401216355181,0.0009794925129249321,-34.71226118256416,0.08361203583854264,0.005600197771227334,4.870261672799358e-05,96.67934675958708,0.5120870331131319
110_Narrow,1896535000.0,0.8840594522148812,0.0008011932834218043,-34.59320717254377,0.06290523160163157,0.005623590396813924,7.019735005833565e-05,96.44835353323172,0.48058518064665917
110_Narrow,1896537500.0,0.8834281122082623,0.0008544066736938064,-34.6931940845582,0.055753929840919675,0.005563631705719165,5.070774399558301e-05,96.51745190030036,0.48871611474529614
110_Narrow,1896540000.0,0.8889402849961527,0.000814789851783918,-35.02867257146679,0.05929622130101526,0.005575253192796397,6.368843082535712e-05,96.5197849308035,0.5713335771053645
110_Narrow,1896542500.0,0.8855865910264913,0.0007989585243285415,-34.86709478313182,0.0588153155084441,0.005574069003205135,7.683469354488446e-05,96.72833259063323,0.7783023686859243
110_Narrow,1896545000.0,0.8848011511816158,0.0005178571156534497,-34.88871407963673,0.06014292250038987,0.005522719039666854,3.206604829105164e-05,96.5968692272076,0.4286009468602031
110_Narrow,1896547500.0,0.8888913818723589,0.0007281219266724306,-34.909715666205926,0.052735988647300495,0.005521827908466254,5.8234924557743284e-05,96.05376219573682,0.6911118172278065
110_Narrow,1896550000.0,0.8893838002387697,0.000708763680253881,-34.920403590367464,0.05193627140415252,0.005531411290258831,5.1323031486984416e-05,96.35607731822134,0.5090424735756376
110_Narrow,1896552500.0,0.8868680996749714,0.0011653396867258086,-35.03712989841604,0.05681939142475161,0.005483495738411842,3.783041397928859e-05,96.12031949734116,0.4740671370639132
110_Narrow,1896555000.0,0.8929741247521074,0.0010974435067174727,-35.16655052132606,0.06025151888020113,0.005488607149985083,5.28577664762865e-05,96.21605163493474,0.43677668325310925
110_Narrow,1896557500.0,0.8918044708199816,0.0007049767047482045,-35.12776704813956,0.05276589010288372,0.005460750708792543,6.898846844014869e-05,96.32032546433229,0.613406900260486
110_Narrow,1896560000.0,0.8931272317494161,0.0008358992825729085,-35.50046873974362,0.05851077365946928,0.005489004757516049,3.834445148038236e-05,95.44766524091254,0.7917084843967143
110_Narrow,1896562500.0,0.8952596394038639,0.000725024045295307,-35.24466423839173,0.06641059214960475,0.005495494670539725,5.59542385000102e-05,96.09351265456881,0.5379151667152545
110_Narrow,1896565000.0,0.8975508518944666,0.0007692206857532636,-35.336113435344686,0.05464318091741091,0.005458897539150305,5.35525526031654e-05,95.98470103472823,0.6723205477208034
110_Narrow,1896567500.0,0.8901399082166799,0.0005598345869938342,-35.49159080092072,0.07264240365198955,0.005392824997804055,4.746261968002354e-05,95.80257460221182,0.6452544393949656
110_Narrow,1896570000.0,0.8969651896672824,0.0009694969447278567,-35.53310515889204,0.059731969585873214,0.005421102694995006,5.381480350575562e-05,95.5580119266277,0.6390614658758877
110_Narrow,1896572500.0,0.8966518546029985,0.0007379242275963141,-35.65867843133832,0.08557277142761215,0.005437459456586219,5.776338384111178e-05,95.28053306896145,0.5294920788110427
110_Narrow,1896575000.0,0.894089126368105,0.0007944971346468076,-35.5286228938793,0.06445804976297116,0.00538487805682336,4.9391173168520656e-05,95.58330297086877,0.7118162468358128
110_Narrow,1896577500.0,0.8983637052618929,0.0008094840158580617,-35.88007908663471,0.04502031492525943,0.0053937532080636395,4.935764864976118e-05,95.38030946115221,0.4843910084720577
110_Narrow,1896580000.0,0.8945998372400855,0.0009206268275808555,-36.07126669824713,0.07297793408712147,0.005345450947312085,3.3431185865712455e-05,95.21490060872804,0.7973336746328198
110_Narrow,1896582500.0,0.896975302389468,0.000579324134908475,-35.813810812673154,0.06506930024061837,0.00536055920402978,5.695427258416413e-05,95.2203635514818,0.7214536443336407
110_Narrow,1896585000.0,0.9037788670128124,0.0006022488833969092,-36.06551323280088,0.05011358387258607,0.005347010072713488,5.888230642788508e-05,95.019445225842,0.7635585080168856
110_Narrow,1896587500.0,0.8976747682170868,0.0005536137281566569,-36.24232997785773,0.06435227981015723,0.00535304873475871,6.14389230883943e-05,95.48234099174915,0.4614414033337186
110_Narrow,1896590000.0,0.8973433175000397,0.0009156352509387186,-35.83464615551795,0.0704306340399863,0.0053551940342901885,5.2311396745093214e-05,95.42957303871378,0.5845489411953535
110_Narrow,1896592500.0,0.8985793977549063,0.0006934575163474911,-36.26120779478242,0.0717394357855435,0.005309176952587107,3.071519159520234e-05,95.1793274101863,0.5415700932971779
110_Narrow,1896595000.0,0.9022988721039921,0.0005776886735584321,-36.35884567675854,0.05332453962482227,0.0052930837886024165,6.934298114175862e-05,94.85385500496449,0.5912347521378607
110_Narrow,1896597500.0,0.9014996714003517,0.0008937816370775712,-36.2270071084133,0.049259978614164826,0.005301991310267635,6.712684317502292e-05,94.95194589674064,0.4579147388786893
110_Narrow,1896600000.0,0.8991770207095277,0.0007767778800899898,-36.29570063705759,0.06102808331689396,0.005266821480620468,6.33606516651362e-05,94.99860628751759,0.6347601545558511
110_Narrow,1896602500.0,0.8961333144190988,0.0008375688171686443,-36.63547229433239,0.0406132686692995,0.005227139139434956,6.762060602059676e-05,94.79759227485033,0.5362519034225058
110_Narrow,1896605000.0,0.9000255630321272,0.0006798665298820756,-36.428691561661466,0.0454847645356339,0.005256181771307584,4.627415351880027e-05,94.82595515176115,0.5286054744907859
110_Narrow,1896607500.0,0.9030987690124316,0.0007268954039195733,-36.57887788235788,0.045483728702500045,0.00524481187483386,3.706227784117344e-05,94.72609061362387,0.6157067244177526
110_Narrow,1896610000.0,0.9059277607148788,0.0009396119132802601,-36.577770228062306,0.06417026254433397,0.005276634595210972,3.5719255438811374e-05,94.42024149778459,0.41984777040955945
110_Narrow,1896612500.0,0.9063615893936757,0.0006164659884247699,-36.48141889489818,0.0589437931094767,0.005245773607995215,6.896052191597595e-05,94.14151573234876,0.6378491469307246
110_Narrow,1896615000.0,0.9105979016498907,0.0006313967009428605,-36.72749041027881,0.04614329024951991,0.0052098773054910525,5.917071390085374e-05,94.36200632901173,0.5964150718088299
110_Narrow,1896617500.0,0.911297403606637,0.00052666105974172,-36.80940975101182,0.032747564497609995,0.005216221740038116,6.420801178561799e-05,94.22967151683045,0.7989219350594282
110_Narrow,1896620000.0,0.9071654088811139,0.0008641306461559563,-36.932830375291275,0.0667637013495648,0.00521342701210163,3.9855950999524556e-05,94.36271491771578,0.5017496101753444
110_Narrow,1896622500.0,0.9062308660727749,0.0006472679498031065,-36.9246457610011,0.05848612446245521,0.005164901054175698,4.787314403138905e-05,93.81111661984089,0.47129682492386793
110_Narrow,1896625000.0,0.9061122429693087,0.0005027143233733599,-36.73501167463769,0.048059960134069005,0.005154528624199478,7.51777295635284e-05,94.34780316777348,0.573718375329508
110_Narrow,1896627500.0,0.9046388917786203,0.0009523353603159305,-37.08948094905451,0.058957231568559774,0.005134246765008219,7.335213124843618e-05,94.07483290171831,0.6247912967695946
110_Narrow,1896630000.0,0.9068056067364283,0.0008749666395324707,-36.84009197267787,0.03485362974186589,0.005164612817926664,5.5333424791217454e-05,94.39668262655894,0.47984167536458533
110_Narrow,1896632500.0,0.9063873038724793,0.0005650439531125055,-36.88764451153757,0.04303737222741839,0.005153394839542314,4.462242320017354e-05,94.10420767510433,0.8217208913059209
110_Narrow,1896635000.0,0.9117979741094735,0.0006075946683821556,-37.04386235283194,0.036523338489053404,0.005126841918234889,4.814252584582052e-05,93.60484586125506,0.8130696424170043
110_Narrow,1896637500.0,0.9085486813764473,0.0007306387967977565,-37.133627707107664,0.0612674112307214,0.005101766690128825,4.4709259494712077e-05,93.93066657147426,0.7452275528780239
110_Narrow,1896640000.0,0.9089071226465126,0.0006776864301685652,-37.45021600092257,0.04904713880850198,0.0050809737897527475,9.530585210848392e-05,93.45390810106196,0.6026440748311517
110_Narrow,1896642500.0,0.9136193498131979,0.0007968510562371414,-36.998343772207335,0.058997240494701106,0.0050912147960924204,6.18297602741665e-05,93.7988028816042,0.6005825190341793
110_Narrow,1896645000.0,0.9098969683444393,0.0006846838417482829,-37.47390184380673,0.03962770095932187,0.005061964366916945,6.429863036358039e-05,93.43963747737786,0.5797092497744467
110_Narrow,1896647500.0,0.9107036533611836,0.0006159904048474705,-37.56839949626198,0.07158935450864257,0.0050619468684484645,4.139843391868025e-05,93.56523862014276,0.6868321385626466
110_Narrow,1896650000.0,0.9114433480329485,0.0005281626691206125,-37.278175576851375,0.03094674499864734,0.005040107839583201,8.166663571940859e-05,93.67181665283029,0.9091822676520454
110_Narrow,1896652500.0,0.9117175541684808,0.0007080213819819957,-37.7210134888522,0.05997021961819545,0.005033868778179307,8.9877649908549e-05,93.39073065616672,0.4796232555535858
110_Narrow,1896655000.0,0.9156832802283413,0.0003829227445479327,-37.56972358728874,0.053463076884932854,0.005020208262476322,5.783944619710408e-05,93.39690496722267,0.6991846712345595
110_Narrow,1896657500.0,0.9145669163267907,0.0008937133591205075,-37.36423624340973,0.049374115753389874,0.005054614742197768,4.960676902489267e-05,93.47225471596725,0.38693149041479286
110_Narrow,1896660000.0,0.9130018490795336,0.000684433750127013,-37.46115813589095,0.05210761012606312,0.004996502430329216,5.760809655894549e-05,93.24987306708448,0.6688218452860849
110_Narrow,1896662500.0,0.9168560091611092,0.000536567187456766,-37.73384450002717,0.031218206625036143,0.005035543681195554,6.401568678120083e-05,93.29711999696362,0.763903364355173
110_Narrow,1896665000.0,0.9132673960470155,0.0006305419254370439,-37.87365182495975,0.05590400519177487,0.004989678807483972,5.433429476892034e-05,93.27671592685425,0.6487842288554675
110_Narrow,1896667500.0,0.9135248216699561,0.0006568433597048144,-37.6759764521771,0.06560151126112133,0.004942467051061144,4.147405292478429e-05,93.54617884573067,0.6756901108765748
110_Narrow,1896670000.0,0.9193482780538303,0.0006305165495436619,-37.891989550070676,0.035910921941965324,0.004957078874325089,4.1130773544300386e-05,92.76742666175478,0.5922807596322912
110_Narrow,1896672500.0,0.9166357276423013,0.0008572779005445664,-37.68064551074884,0.056107599924444584,0.004967006328113227,4.372232675476087e-05,93.18687778211259,0.7175761808376951
110_Narrow,1896675000.0,0.9153756330716541,0.0005361526421383897,-37.95154901708576,0.0602306348307539,0.004957586967270306,4.891661972677926e-05,93.01569401245021,0.5929792616033934
110_Narrow,1896677500.0,0.9190547219658312,0.0007430165420165321,-37.9840477664169,0.05603785158529545,0.004911859343837619,5.418229154031797e-05,92.63489271861275,0.7221926698476696
110_Narrow,1896680000.0,0.9136356985371918,0.00027394707163686644,-38.03230925222487,0.054441004642643766,0.004906425979334518,5.64122525587766e-05,92.79275469789786,0.45362458436286746
110_Narrow,1896682500.0,0.9182262432914207,0.0009239475768421162,-37.99089675686345,0.051272513719391136,0.004897916059766913,4.480166551415937e-05,93.12054760341697,0.5459714945242512
110_Narrow,1896685000.0,0.9177640689552842,0.0006784268764082537,-38.35640653720902,0.05638342395353331,0.004886795554428394,8.324515131332703e-05,92.42164302296995,1.0202264634232283
110_Narrow,1896687500.0,0.9218235865732903,0.0006947358773807218,-37.992397258823075,0.0511938126448725,0.0049171092303654474,5.478760554191104e-05,92.38824131007716,0.6145848881076795
110_Narrow,1896690000.0,0.9187056860325341,0.0007059053480947032,-38.37621613264506,0.042187012339979645,0.00485131685854243,2.814921809645617e-05,92.59859920107202,0.552517974040846
110_Narrow,1896692500.0,0.921683514325812,0.0009561550460171763,-37.94584635849088,0.043579375193639754,0.004893685892462582,6.111540186579669e-05,92.61110248051256,0.538160016492833
110_Narrow,1896695000.0,0.920826188754541,0.0007609353446514497,-38.48654276205725,0.044012896517769934,0.004877415984269325,5.288935796269128e-05,92.48158319015492,0.4627003010764824
110_Narrow,1896697500.0,0.9232239065549758,0.0004700205577528979,-38.017277295942684,0.04020570561485988,0.0048877645720646476,4.3105707991507524e-05,92.67875046212221,0.6334122218164502
110_Narrow,1896700000.0,0.9245631894092292,0.0006993482016205753,-38.29983411299119,0.028359796992848296,0.00487524767011933,7.801337763982473e-05,92.48968963602427,0.5746383996553386
110_Narrow,1896702500.0,0.9222540425643762,0.0008834436387079184,-38.662631015781216,0.038407215325072616,0.004840236769710137,5.3262824487879566e-05,92.10415775235894,0.7566256843773297
110_Narrow,1896705000.0,0.9235274977065769,0.0007428541457186258,-38.4051216598575,0.06759300543270338,0.0047692547184204764,6.373586873710708e-05,92.51671231070671,0.6136390260578222
110_Narrow,1896707500.0,0.9288359209555559,0.0007783049853692178,-38.45984954025256,0.04233149275893355,0.004839798451052521,6.62563907906498e-05,92.12228759236248,0.7674717672089629
110_Narrow,1896710000.0,0.9221889311454928,0.0004621430877950097,-38.660814964684285,0.05063649821226839,0.004800367687571517,6.012235427963402e-05,92.33004717738106,0.7172864113166233
110_Narrow,1896712500.0,0.9286842810713033,0.0006301233488035265,-38.61186307079929,0.05137512513972028,0.004824356501430561,7.162327293502404e-05,91.97231846819504,1.0835935274912127
110_Narrow,1896715000.0,0.9282247325588141,0.0007222490882221043,-38.71932026772249,0.035426533378290485,0.00476215820514438,4.062201954298302e-05,91.97001389485814,0.6995811327401071
110_Narrow,1896717500.0,0.9229725992162476,0.0007185090716679789,-38.94268067769329,0.05918517304152311,0.004791765717615968,3.819226939720207e-05,91.28841445998832,0.5624940241325846
110_Narrow,1896720000.0,0.9273664184445053,0.0005083752054112054,-38.80320679509898,0.05358769171726941,0.004769064624930134,4.8830071896077455e-05,92.1424323076564,0.686374124227794
110_Narrow,1896722500.0,0.9256827669426552,0.0005297013635273552,-38.95832556117203,0.06956350740720128,0.004776277117923449,3.9943543009104905e-05,91.68008704751433,0.713235754632829
110_Narrow,1896725000.0,0.9275793453768536,0.0003065665968280934,-38.84193233655435,0.04590749045215779,0.004746933844966647,5.495829075119355e-05,92.11317392021584,0.8770443075297752
110_Narrow,1896727500.0,0.9295171657307173,0.0006082561669374396,-38.992549977650945,0.035489212894401295,0.004732637672527985,6.168314627357858e-05,91.15969472199185,0.6750008139447755
110_Narrow,1896730000.0,0.9272070863771937,0.0007275860012937874,-39.1819613390241,0.05625635479386618,0.0047303311606710285,7.102759012426774e-05,91.80247419389447,0.6890130247143433
110_Narrow,1896732500.0,0.9263531196946992,0.0007939386952253322,-39.15528863820573,0.02761263090553019,0.004715758705835161,5.6764568145837174e-05,91.64854187166193,1.1829122003656212
110_Narrow,1896735000.0,0.9249555513778583,0.0004905062756152713,-38.99476577477777,0.05931502808069883,0.004691560074745719,4.75449725577916e-05,91.33673090430177,0.6329418189458285
110_Narrow,1896737500.0,0.9291888208089338,0.0005845715130840071,-39.10965567717575,0.074535839722713,0.004682644520447762,4.4453373174641975e-05,91.46663161892769,0.7975907842847202
110_Narrow,1896740000.0,0.9308706786238391,0.00039588865882182273,-39.30245877271558,0.05911864198374665,0.0046923752243524805,4.652957695917184e-05,91.33559267192334,0.7034933279868987
110_Narrow,1896742500.0,0.9325171113633041,0.0007077068933741309,-39.12754018314902,0.044654977544677094,0.00469063482729712,7.275908959818911e-05,91.77094130125994,1.1604914586336057
110_Narrow,1896745000.0,0.9296431093040464,0.0005902068082552911,-39.27812081575413,0.05546362521597555,0.004633612490595873,3.61384190612503e-05,91.32974776598391,0.7418549217399076
110_Narrow,1896747500.0,0.9305869350629841,0.0010079805360019138,-39.45736429927289,0.05196321719911335,0.004646686878859271,5.1191461065526577e-05,91.79562326500002,0.5754448189689251
110_Narrow,1896750000.0,0.928303311086134,0.000947795190954198,-39.337546296135436,0.03068381231933874,0.004649882360878154,5.465957378506245e-05,90.80446879126491,0.8019860392131535
110_Narrow,1896752500.0,0.9336350753468945,0.0006942557033591246,-39.29017082419033,0.057133121218399266,0.004646835334999855,7.160299762689479e-05,91.34584397114645,0.762849822204351
110_Narrow,1896755000.0,0.9319285847665306,0.0007799909895034004,-39.49936171911807,0.04011845301491372,0.004648286053249492,5.7828143374255504e-05,90.74393589821146,0.5465925980559547
110_Narrow,1896757500.0,0.9290623250005678,0.0008539265147734594,-39.58218619038567,0.0524053691101484,0.004618656175449372,5.503863574981687e-05,91.04744497878916,0.7875316159896412
110_Narrow,1896760000.0,0.9297387797803747,0.0007131258525902612,-39.645777373961884,0.03248714238984088,0.0045683458986736,7.615525387644185e-05,91.05318651830676,0.6898013069476009
110_Narrow,1896762500.0,0.9340567266807699,0.0010273151681848274,-39.743823236361784,0.04941878881539676,0.004621882934268779,5.027635730426464e-05,90.35417602471381,0.5897338416200375
110_Narrow,1896765000.0,0.9311543986091976,0.0007591160955600269,-39.627466782744065,0.05430118665695193,0.0045714995052988875,4.809942304152939e-05,91.1904001812049,0.3367473013478825
110_Narrow,1896767500.0,0.9361415606409079,0.0007773517086301615,-39.50863380223888,0.06779192638893948,0.004586712685160636,4.451827251979931e-05,90.84239761583217,0.5092319980518617
110_Narrow,1896770000.0,0.926805532509206,0.0007387351901637749,-39.434195971270505,0.038596532067339755,0.004532322787179955,4.51540307148595e-05,90.88970938961205,0.6166898109971747
110_Narrow,1896772500.0,0.934924835366315,0.00037072898512533034,-39.54227235865383,0.03284889043620087,0.004586909395785029,5.446341873127598e-05,91.48309749819427,0.6241284000046015
110_Narrow,1896775000.0,0.937995692673051,0.0005652055858167396,-40.09199235311804,0.034667129661185424,0.004594091754717267,4.418329735644789e-05,90.47117423351298,0.8556470390895851
110_Narrow,1896777500.0,0.9329428615252054,0.0005530097592872733,-39.58119801664198,0.051344719475350076,0.004559476192735144,5.9499991147311117e-05,90.69006607790683,0.7493570229600658
110_Narrow,1896780000.0,0.9371483776939213,0.0004999744564290667,-40.25443873436826,0.043065238612631875,0.0045211117566159335,6.386165479707988e-05,90.45528507312972,0.8332214566056347
110_Narrow,1896782500.0,0.9330672918195848,0.0006168932802060433,-39.583447267585726,0.06641496157683649,0.004559985364936109,6.634302468620309e-05,90.95981855978783,0.7178257111026
110_Narrow,1896785000.0,0.9366011318977311,0.0005210198889070023,-39.8963429734689,0.0530317770105897,0.004530704150283868,5.5425721237902394e-05,90.728899693298,0.7777054267667142
110_Narrow,1896787500.0,0.9408619955479912,0.0006821843847011238,-40.12524171573154,0.040754803240697766,0.004549963456598586,5.369602838832355e-05,89.64521516415613,0.7673299961398773
110_Narrow,1896790000.0,0.9425847881016486,0.0009078588960897883,-40.06621332518059,0.02913508508492923,0.004531974849228871,6.162267310135357e-05,90.36302377891555,0.5535802226758474
110_Narrow,1896792500.0,0.9412547125900486,0.0007037172662208992,-40.46390197726023,0.07551637866147565,0.004485723307803179,0.00010173172838010003,90.39456027387513,0.5218036418412025
110_Narrow,1896795000.0,0.9357105061331722,0.0006864750678194834,-40.38256984971289,0.031375761256870444,0.004479964234483658,6.098211920068083e-05,90.25469452802467,0.6361819390431968
110_Narrow,1896797500.0,0.9397868217413311,0.0007840881882148177,-40.32441870243487,0.05100860912969716,0.004491977980726608,4.071866476964981e-05,90.36441463287449,0.5193468269890008
110_Narrow,1896800000.0,0.9375418273473498,0.0007410090840845322,-40.286474097303625,0.05038091068505586,0.004489211358755624,7.647672928978601e-05,90.14328164599239,0.774363308904766
110_Narrow,1896802500.0,0.9368348359108541,0.0007961119967314044,-40.677901355645666,0.03449623884195038,0.0044348354272060455,7.3565875911373e-05,89.80594259842265,0.8442794210038788
110_Narrow,1896805000.0,0.9362392230277466,0.000872886929194925,-40.49853118101393,0.039461325352560375,0.004439335303764893,7.532456257409359e-05,90.11052063870436,1.0641602402155814
110_Narrow,1896807500.0,0.9373580196665783,0.0007772630818294236,-40.57330309274287,0.055030482261064446,0.004455038844588324,6.632148411259518e-05,90.45274371728088,0.6541417606068567
110_Narrow,1896810000.0,0.9424812804088427,0.00038502952302502536,-40.62395900798349,0.05093844525884451,0.004433639798063123,7.439302280695552e-05,89.61914115554984,0.8148938405301369
110_Narrow,1896812500.0,0.9369955519891152,0.0004778919693519751,-40.407717387961554,0.039401449511981164,0.004428057751897985,6.799216380267411e-05,90.19505654368324,0.7562774266780334
110_Narrow,1896815000.0,0.9371105834152137,0.0004274263986296389,-40.459326242165524,0.03877183069606324,0.004383577825513201,6.0827784375486456e-05,89.72705349886051,0.669830886462562
110_Narrow,1896817500.0,0.9390680822595011,0.0005574898961099978,-40.742092970786665,0.02733664322114379,0.004403083814854324,5.903868340946372e-05,89.8648662936132,0.7268089202357141
110_Narrow,1896820000.0,0.9433644443830329,0.0005857108101075948,-40.92253617641059,0.03196406726032275,0.004394587210935377,4.770950582488441e-05,89.74609827421547,0.8225929080959544
110_Narrow,1896822500.0,0.9392536341214712,0.0006070267460934056,-40.68389670097566,0.044118710880430734,0.0043961665188350894,5.746781497136519e-05,90.16067774104135,0.4360514818096607
110_Narrow,1896825000.0,0.9416812843950627,0.0007429206835012287,-40.591967316876335,0.05345714377885376,0.004407247063075215,4.085295799124915e-05,89.76344245565727,1.0266577186957468
110_Narrow,1896827500.0,0.9435608695527437,0.0007126966413891629,-40.55531157941263,0.04095203258519247,0.00440907612895019,3.805752351470241e-05,89.76218011403708,0.5617857926946009
110_Narrow,1896830000.0,0.9426358632750991,0.0007276105637606582,-40.40984658955447,0.051518828573393335,0.004367860119050545,5.2921227688369776e-05,90.12103395660311,0.9256291233439793
110_Narrow,1896832500.0,0.9447352011290938,0.000541156489163322,-41.01378779718865,0.029357600434130195,0.004343163023894748,4.1153877690924575e-05,89.42941253912862,0.7472441611638361
110_Narrow,1896835000.0,0.9454544527694744,0.0007281640548830885,-41.07563038505024,0.04193510809070905,0.004334595105283262,7.082882758118677e-05,89.25317837653624,0.8607060770290659
110_Narrow,1896837500.0,0.9458053804153997,0.0004832611934174843,-40.95333463684949,0.05406931405466432,0.0043381711569416455,5.25578460526074e-05,89.17722976810921,1.0028289016321301
110_Narrow,1896840000.0,0.9415982048197595,0.0008737831848782436,-40.90355629582451,0.040463674374691366,0.004331279939064135,2.8225664885503196e-05,89.19588051882198,0.6717705474046264
110_Narrow,1896842500.0,0.9477512293970927,0.000751644059635054,-40.800548891900384,0.04375582149712631,0.0043502905505710225,6.246186656823181e-05,89.28896707012056,0.3672942506478884
110_Narrow,1896845000.0,0.9441136711315264,0.0006721718894090976,-40.92975471738554,0.0436775597661694,0.004342049584460348,5.921984162834645e-05,89.03073292100855,0.9086589471658241
110_Narrow,1896847500.0,0.9442902223152708,0.00059525606825056,-41.003687758377474,0.053359671757133485,0.004281647057738952,5.7299637795198424e-05,89.6310163778129,1.0293271270756426
110_Narrow,1896850000.0,0.9393511629988416,0.0004330250417992798,-41.08113975925625,0.0427415081574033,0.004307470848418794,5.987337337307847e-05,89.54646003558418,0.6141061283484182
110_Narrow,1896852500.0,0.9466199585479319,0.0005788394701219835,-41.13960634455366,0.03790408807135688,0.004310652352002145,5.4013068197670255e-05,89.58497070897441,0.9588541106038302
110_Narrow,1896855000.0,0.9481321548394429,0.0007707658535941371,-41.26669022756166,0.03593422708365053,0.004294067332907465,4.743808662783005e-05,88.61799918742678,0.7856274457839616
110_Narrow,1896857500.0,0.944048806731378,0.000534789935413839,-41.25423369170145,0.031061449189083472,0.004283605089512767,6.399194247115788e-05,88.5204225896517,0.535048173627645
110_Narrow,1896860000.0,0.9430313982064777,0.00043765398032756514,-41.1562934727736,0.06368504036575953,0.004286617460439681,5.1963258907809326e-05,89.12012254979912,0.6446935365373411
110_Narrow,1896862500.0,0.9440118860121942,0.00044691900019755166,-41.49014631810581,0.035288355382667,0.004224882574947746,7.893438733869333e-05,89.05260925654846,0.7550262236230881
110_Narrow,1896865000.0,0.9477520584970885,0.0006220223893568976,-41.30073203539709,0.033958288210111126,0.004237289742061768,6.064118098027434e-05,88.86909625023944,0.9728669577208271
110_Narrow,1896867500.0,0.9459535604882264,0.00039433433686150455,-41.41900302433083,0.04863790209733559,0.004266653599459071,5.0674630702096326e-05,88.72199010943723,0.7497663295473125
110_Narrow,1896870000.0,0.9471048222917693,0.0005902652948648493,-41.545548876428995,0.04897273320897079,0.004245624926687334,8.695587275831925e-05,88.72609003900689,0.7336263169860556
110_Narrow,1896872500.0,0.9477932517257405,0.0007866988961047401,-41.56480904867318,0.04032751807815113,0.0042294304721212745,5.4793195159615345e-05,89.17803257341731,0.7448301436830108
110_Narrow,1896875000.0,0.95152522579574,0.0004612593869196003,-41.281616978014355,0.04130080634948584,0.004223884298286171,3.6904536256874834e-05,89.3092216792234,0.6724610546942501
110_Narrow,1896877500.0,0.9509083846474099,0.0007621225173890266,-41.616425450204176,0.055124389450485346,0.004231484867062949,6.481712638269081e-05,89.14467629096013,0.6888325775746614
110_Narrow,1896880000.0,0.9489676647986938,0.0005954832428996702,-41.64756263865106,0.03461716223382372,0.004194275793994664,4.928359534042568e-05,88.73241008956916,0.7911509737104235
110_Narrow,1896882500.0,0.9497782762113172,0.0006350764629044252,-41.6903099612678,0.039037567045408776,0.004236003839268987,7.844966413376397e-05,88.72457374776494,1.2386555121037857
110_Narrow,1896885000.0,0.9508444846748876,0.0007077589612325556,-41.55872551508524,0.05147956255574403,0.004204625354460895,6.0520576208313956e-05,88.2879047034396,0.988325110703049
110_Narrow,1896887500.0,0.948993763744569,0.000531163232320225,-41.617179215495256,0.03461037264411546,0.004174313836077717,4.6714385592986394e-05,88.79014116175085,0.5169986027669926
110_Narrow,1896890000.0,0.9504094465446741,0.0008579062924865618,-41.55229343600406,0.043434827667153716,0.0041666336415696345,5.555731120491326e-05,88.9742436199698,0.5471058872686171
110_Narrow,1896892500.0,0.9517299912266106,0.0006647036062733865,-41.86107047077044,0.030880696035058927,0.004142128991667026,8.489928954313635e-05,88.40554176406599,0.5582129165187963
110_Narrow,1896895000.0,0.949559263667563,0.000868294849036694,-42.01541085500709,0.03947765317663177,0.0041327312492328815,5.21028173313084e-05,87.97464406726172,0.6641925684363257
110_Narrow,1896897500.0,0.9479232047627226,0.0006557291209857613,-42.021286260196106,0.04503943157002536,0.004119015676721913,7.606756384645542e-05,88.22898865339732,0.7035360533853873
110_Narrow,1896900000.0,0.9506991166565406,0.00041744661726365645,-41.77964680263801,0.054166006056715135,0.0041497860646505826,3.7013501038448686e-05,88.28194201142101,0.8832232424695686
110_Narrow,1896902500.0,0.9538330989484886,0.000696668914720505,-42.06651524588303,0.037351325485356184,0.004140729053769427,8.620218897837247e-05,87.72493441458934,0.8184350309655629
110_Narrow,1896905000.0,0.9475771814982998,0.0007436668648825675,-41.81358951712339,0.04262177359308336,0.004102416931492074,5.222460645312421e-05,88.26105975756644,0.5727638400270346
110_Narrow,1896907500.0,0.9539089334507574,0.00047326991649404527,-41.89199328028352,0.04364252050432394,0.004087650681512648,4.944727246654693e-05,88.74528250258658,0.6118780139471148
110_Narrow,1896910000.0,0.9539741282663452,0.00048437646835014286,-41.954467898104035,0.04599298999650614,0.00413251525909414,4.1253986428703083e-05,88.45322825478922,0.7432314417291553
110_Narrow,1896912500.0,0.9535070327038565,0.0005642887002926177,-42.16892587485182,0.03112587827908935,0.004082281493576292,5.0563716084012924e-05,88.32907779767075,0.9574187384232081
110_Narrow,1896915000.0,0.9491013946458553,0.0007058369283043057,-41.9980629221534,0.037066141035906996,0.0040710821896939526,4.848920611134603e-05,88.53872776406388,0.7703299682923145
110_Narrow,1896917500.0,0.9548581330223201,0.0006145901936280419,-42.25518426210335,0.04315073403030348,0.00409930759251752,4.7838576581907116e-05,87.83697436478452,0.870431358130442
110_Narrow,1896920000.0,0.9546540350753157,0.0007648789690330058,-41.857543824278935,0.041130909946901634,0.004092934871254253,4.969253057015691e-05,87.79156888938148,0.8736337083319017
110_Narrow,1896922500.0,0.9528864811778722,0.00044751373022179375,-42.03233509335182,0.04243166806722343,0.004058722245998098,5.583280664371893e-05,88.49400298828571,0.47767802303824786
110_Narrow,1896925000.0,0.9538887821162616,0.0007704982437578433,-41.96287261710486,0.03362732560058053,0.004071874083505188,6.058794381917716e-05,87.84620387099378,1.219146510495008
110_Narrow,1896927500.0,0.9549758691123423,0.0008304212678671417,-42.343997827909945,0.05812954539939957,0.004082102748406503,8.963573646221374e-05,87.61294374006815,0.6815229445542372
110_Narrow,1896930000.0,0.9509402534275107,0.0005903321723944627,-42.059383281989994,0.04107877975594893,0.004088095383125278,5.3319214074564135e-05,87.89835032367971,0.721033197438852
110_Narrow,1896932500.0,0.9555818067265355,0.0006945717571069396,-42.11689306354909,0.0580205696671914,0.004056746745171095,6.386788996986696e-05,87.82934450845649,0.5231865022624743
110_Narrow,1896935000.0,0.9541001358755212,0.0010220523043657115,-42.561462215146896,0.0451675306300689,0.004043720945420439,6.353962471499679e-05,87.49091187923548,0.7265039109295285
110_Narrow,1896937500.0,0.9529853631338662,0.0008237551216347022,-42.52079678202838,0.05641734854741211,0.004022792749853104,5.0458456828652106e-05,87.49617789576322,0.6235818488653434
110_Narrow,1896940000.0,0.9528636143323976,0.0006955197809016398,-42.47413876610982,0.06254620297044608,0.0040759842270640155,5.317745971494431e-05,88.00091031617131,1.1707515126400418
110_Narrow,1896942500.0,0.9590416320214018,0.0008399919058593613,-42.53511439096674,0.03545811926847778,0.0040190378079975825,6.533787076668722e-05,87.6688308963198,0.9911073572990715
110_Narrow,1896945000.0,0.952586204823101,0.0007020888235501854,-42.401350688329025,0.041369080727011565,0.0040229074399875005,5.086272932715477e-05,87.73030464860041,0.561718630311524
110_Narrow,1896947500.0,0.9523361651871901,0.0009054213823128366,-42.350197496059494,0.05031999794181504,0.004013815779334002,5.972165134644116e-05,87.25986960838821,0.7410917271334893
110_Narrow,1896950000.0,0.9572170517452543,0.0008559825674217118,-42.4016076965858,0.05367989726043614,0.004014310287749918,5.1703630659624054e-05,87.86927318755373,0.6168283737224394
110_Narrow,1896952500.0,0.9536452866656964,0.0005331613799878754,-42.51711559549236,0.031124367049280552,0.003968558392498523,5.88684719623812e-05,87.93680541472881,0.9647301807217425
110_Narrow,1896955000.0,0.9532863972847814,0.00046849861365354717,-42.366939616637076,0.039186712932751416,0.003975002916847863,4.6370735849592595e-05,87.30415330084422,0.9614597745712534
110_Narrow,1896957500.0,0.9598313401836754,0.0004892946530094884,-42.5401071771477,0.04167193626596694,0.004017202132237459,8.747476972441268e-05,87.26023232172687,1.0691275576654296
110_Narrow,1896960000.0,0.963200783651696,0.0004945755051857105,-42.55922728404275,0.058735333844190135,0.003958589065537708,6.249367665467905e-05,87.08375763703953,0.9423023310681105
110_Narrow,1896962500.0,0.9563784768891122,0.0004561455978021765,-42.872523925606714,0.05310705910429917,0.004002892894207352,5.3860238644338614e-05,87.38660154180717,0.6264594495492611
110_Narrow,1896965000.0,0.9607967005620514,0.000629731245103737,-42.464525809196864,0.044942516938020954,0.003974551384185625,3.4234278998659846e-05,87.23060685244671,0.8201422908031356
110_Narrow,1896967500.0,0.9593861794349854,0.00040312332468338664,-42.509775604815104,0.032255661419478825,0.003922828486963164,3.580693064231532e-05,87.4700711340182,0.5378100516801367
110_Narrow,1896970000.0,0.959362051557409,0.0006099126761644492,-42.53691179899378,0.022689637958690907,0.003916142052366576,5.641731527060143e-05,87.20972920777514,0.9677747365614797
110_Narrow,1896972500.0,0.9592351613654704,0.00041747666418311786,-42.75484239572169,0.0603223656504444,0.003927698847708583,6.203508495935358e-05,87.28963074580776,0.7303137804645933
110_Narrow,1896975000.0,0.9508910372730781,0.0006597870579759467,-42.88816005574415,0.05520750200903262,0.003923157584827906,6.328160081886912e-05,87.51570414277734,1.0512368978847615
110_Narrow,1896977500.0,0.9632460892424229,0.0007971235066815259,-42.8069871059815,0.041110119012645316,0.003955074250405576,4.4115465978821515e-05,86.99367677000936,0.7810403052162576
110_Narrow,1896980000.0,0.9590767218142673,0.0007011919443344349,-43.022394248674715,0.03220877942423573,0.0038759189321383347,6.96278247208327e-05,87.13775362912655,1.0160885022282795
110_Narrow,1896982500.0,0.9555189632498796,0.00041856718420477373,-42.86918682606249,0.033799454552409916,0.0038870769230139927,4.717548968166089e-05,87.17610199234194,0.6287449326201322
110_Narrow,1896985000.0,0.9560296104426016,0.0008222423518126577,-43.05953629614756,0.04289368529248746,0.003877940670256661,5.156571045102565e-05,86.82504808098258,0.8135799578622882
110_Narrow,1896987500.0,0.9632911664893515,0.0006775901654608501,-43.20139303252172,0.02495468818591126,0.003912056933149359,5.8655345244643034e-05,87.45836753489058,0.9910369560194175
110_Narrow,1896990000.0,0.9611599150580493,0.0005362025230995344,-42.9073502125842,0.03842945227744727,0.0038925954797500747,7.059925989543771e-05,86.70298340752575,0.7459531499705335
110_Narrow,1896992500.0,0.9603973530695074,0.0005900643374567505,-43.1047079841516,0.03889489402738441,0.0038778215549702287,9.105574952946316e-05,87.26247838343201,1.0877746406655457
110_Narrow,1896995000.0,0.9624498088567445,0.0005460523655222061,-43.05133569944862,0.052560439945588296,0.003921101329231535,3.908049037765454e-05,86.85787294791562,1.123813296918763
110_Narrow,1896997500.0,0.963176137770988,0.0005821012884500399,-43.13798542641155,0.04814138168235846,0.003892809131072558,7.08715916321612e-05,86.77677239181851,1.3203877073456387
110_Narrow,1897000000.0,0.9595276916600946,0.0003777639527631529,-43.386290699241634,0.06118078768168273,0.003860828116369036,5.205542363869858e-05,86.72108908110144,0.8117262970344203
110_Narrow,1897002500.0,0.9629905901688276,0.0007054159354867361,-43.30717264666647,0.03662236104842754,0.003839202087288482,6.372665997948372e-05,86.89801989698651,1.3692792453262466
110_Narrow,1897005000.0,0.9602318527249112,0.0007626644820803727,-43.20613137538289,0.029803276732280597,0.003838725931198608,3.2363272338506274e-05,87.54040316939714,0.6332117002961852
110_Narrow,1897007500.0,0.9624168034180796,0.0008025086388465712,-43.131336440426615,0.04363816831786741,0.003815944297883386,7.685691637067517e-05,86.84117203732868,0.5066855159872109
110_Narrow,1897010000.0,0.9652164110643952,0.0007885809152831284,-43.268342141211335,0.03753705649468108,0.003830260194417683,5.052779932843105e-05,86.69591906251264,0.8609704632464509
110_Narrow,1897012500.0,0.965214035813518,0.0007082279083229356,-43.4960680833907,0.04561580673468115,0.003863882987219144,5.018133807854367e-05,86.61290313712476,1.110039470485106
110_Narrow,1897015000.0,0.9609977248823736,0.0005254486134865056,-43.44471830759049,0.056502632187065555,0.00383627854593465,7.103661762640308e-05,86.22063048789215,0.8694206039674385
110_Narrow,1897017500.0,0.9604843142354133,0.0005475673770510761,-43.3413603457924,0.03821864180042716,0.0037955340224234686,5.042616022094922e-05,86.57679208745111,0.937389545179842
110_Narrow,1897020000.0,0.9648081156985142,0.0008533837840041347,-43.56699225289118,0.037752585891949006,0.003833313564741095,8.739453228976515e-05,86.85165814835841,0.9240124978447481
110_Narrow,1897022500.0,0.9639798902462633,0.0006949012868027554,-43.521397886409304,0.046250184189370214,0.003792298861740424,4.759460761903426e-05,86.47604635521095,1.1114583379697107
110_Narrow,1897025000.0,0.9641971156377727,0.0004571943864969281,-43.33727337191028,0.0605747860412551,0.0038034987276778396,5.587412873392453e-05,86.62442891395183,0.5038636981327892
110_Narrow,1897027500.0,0.9616106674099427,0.0005547976716270785,-43.44338367726163,0.03750003528772425,0.00381605182736132,5.508063210211187e-05,86.63245927092736,0.46497569555193624
110_Narrow,1897030000.0,0.965194938840414,0.0009957906895496854,-43.595133520579125,0.03245729782571737,0.003785117338712189,4.119389043856254e-05,86.17521653519333,0.8642149376021799
110_Narrow,1897032500.0,0.9667899177005856,0.0004019881462532137,-43.46132335559024,0.03599807411717967,0.0038021360599445678,6.831013457875077e-05,86.76617149975017,0.8828212847840077
110_Narrow,1897035000.0,0.9655140923867152,0.0006606488625589924,-43.56685764352532,0.06354819383418522,0.0037750863431588615,6.193616185130331e-05,86.53247270772016,1.071160585735343
110_Narrow,1897037500.0,0.9658920861633254,0.0003794254441896777,-43.79088789135744,0.033200574797887177,0.003756744645100965,7.83989822858549e-05,86.12516956549109,1.151536871410933
110_Narrow,1897040000.0,0.9666089548245946,0.00047820761728821655,-43.74170807786132,0.03607224049600534,0.0037538874490999534,4.5133149287362294e-05,85.72493145864573,0.7150073678381538
110_Narrow,1897042500.0,0.9649446056836513,0.0005715539613115653,-43.63882243754029,0.0411349044425608,0.0037799338481092314,5.12796053583787e-05,85.61418653401293,0.8379016810912355
110_Narrow,1897045000.0,0.9647798531722337,0.0007646450313406353,-43.4757605429552,0.05458284382737971,0.003762683606166401,8.027020985650299e-05,86.42042253139101,0.6161742530983139
110_Narrow,1897047500.0,0.9669868101080465,0.0006353165656699673,-43.746860843047166,0.03640990588714774,0.0037675414139063334,4.084899212655901e-05,85.43931074031222,0.944750334505286
110_Narrow,1897050000.0,0.9632424931453674,0.0006999192084204949,-43.72227967091423,0.04153172620498165,0.003713177981923113,4.772097798563883e-05,86.18464514770395,0.723525417728058
110_Narrow,1897052500.0,0.9689215860587022,0.0005926683462395783,-43.96336575771709,0.05497365239890551,0.0037415343737395167,5.11729232195235e-05,86.34258721814363,0.7159710422547957
110_Narrow,1897055000.0,0.9734526349119227,0.00043490340972808105,-43.7232279249115,0.04233472037761824,0.0037167604618818443,6.86888777657969e-05,85.38877805867213,1.0565313327295414
110_Narrow,1897057500.0,0.967736453755102,0.0006981742984680788,-43.77668845415685,0.05361824202230719,0.0037124717537686657,3.3154442004785604e-05,86.05831042062267,0.952941189115995
110_Narrow,1897060000.0,0.9692080711857152,0.0004179364450411733,-44.003146081375434,0.0510860648062158,0.003718337719634227,5.296250325482488e-05,86.17874053816367,0.8746279154689772
110_Narrow,1897062500.0,0.9662493682633218,0.0006992844536029153,-43.881147834048086,0.05966402240118234,0.003691514592152496,5.844371091231833e-05,86.62344995070634,0.788411380524614
110_Narrow,1897065000.0,0.9648907430587736,0.000662509965560852,-43.959877182210036,0.032774693784850845,0.0036927821572737087,7.769368326627707e-05,86.37438593232648,0.8050031828183818
110_Narrow,1897067500.0,0.9642046948092842,0.000738815285031154,-44.0812939392961,0.03043653359803817,0.0036536671884645254,6.03008622706933e-05,86.38663381086872,1.0702259572695632
110_Narrow,1897070000.0,0.9698240983124886,0.0005500031383053982,-44.27616098856337,0.03887326554630318,0.003673370896983312,5.389230294984462e-05,85.65026545977048,0.7964539750294221
110_Narrow,1897072500.0,0.968277402885835,0.0006106339851958806,-44.050658464506476,0.0420134069496024,0.0036769674103460633,5.2513717051790533e-05,85.96822597865521,1.008967551415787
110_Narrow,1897075000.0,0.9704716480619111,0.0006968286296714946,-44.002889655727536,0.026193333372630655,0.0037043629770122425,4.713520696659921e-05,85.38901277817843,0.7416752331793114
110_Narrow,1897077500.0,0.9685494874103705,0.0007754210347779123,-43.94816273969652,0.04826222749280249,0.0036803934955421023,5.5456877272398475e-05,85.68056651222588,0.9730297392505283
110_Narrow,1897080000.0,0.9676468386537307,0.0007070782299039802,-44.13506437296279,0.030442051697100625,0.003677711740066583,7.594952863291289e-05,85.767846302533,0.7283161661941125
110_Narrow,1897082500.0,0.9704288877457841,0.0005603918384954564,-44.19292489475564,0.054769817180376774,0.0036465074521959888,4.719583950395087e-05,85.31254571472758,0.7390711205628349
110_Narrow,1897085000.0,0.9718685630185416,0.0005507731115813546,-44.33273698217255,0.042464299934554146,0.0036689743995730844,5.9473438113298506e-05,85.46131454061083,0.6743014450447312
110_Narrow,1897087500.0,0.9705605419236971,0.0008218611820601165,-44.31374051606774,0.034747210799161245,0.0036584102316656593,4.977746543107045e-05,85.55808359108342,0.8446664754808569
110_Narrow,1897090000.0,0.9705805567350573,0.0005535087333004002,-44.11579996556568,0.021887828695874224,0.003697942355994423,8.797500684893743e-05,86.27501197695182,0.4900972095401634
110_Narrow,1897092500.0,0.9709824370100557,0.0007307607191974176,-44.254512037850475,0.035060986608650015,0.00363122069576644,6.713618683270609e-05,85.66958680000245,1.0655206179110865
110_Narrow,1897095000.0,0.9737129761181014,0.0007096748759452434,-44.24479122200557,0.054674712929038326,0.0036364948994498077,7.225788087776266e-05,85.84883298165815,0.8584937682858285
110_Narrow,1897097500.0,0.9705895229974265,0.0005969465780982353,-44.109032419161984,0.026098045438955126,0.003621913205576815,6.674625094176002e-05,85.67201729113745,0.7558932431134348
110_Narrow,1897100000.0,0.9674779332570729,0.0006349533925599261,-44.370467272410224,0.03868568910951457,0.0036401170161274366,6.8328700748831e-05,85.28792881210182,0.6849808500967127
110_Narrow,1897102500.0,0.9769078277742453,0.0007371190488367428,-44.374926489117904,0.041499635508905515,0.0036057229610869865,3.507560845353946e-05,85.08744022595828,1.0901714536301281
110_Narrow,1897105000.0,0.9690824494401636,0.0006352360823040381,-44.6077492898548,0.035664668730081235,0.003569576356818687,6.550471331736015e-05,85.34162572578288,0.9565007012593676
110_Narrow,1897107500.0,0.9721770824881439,0.0007707827935586308,-44.51376900056743,0.03253948404557166,0.0036178175723144933,4.748906280711682e-05,85.51538726772046,0.822498879949687
110_Narrow,1897110000.0,0.9754420222292118,0.000608859587889033,-44.67233600133735,0.03277960496537125,0.0036192894070960053,6.0460586007869e-05,85.15541473043113,1.0298603094201801
110_Narrow,1897112500.0,0.9656019314423613,0.000525995526017543,-44.451704586925516,0.046471397677116125,0.0035484918136178102,6.789036970266437e-05,86.20612085957104,1.3088867723655198
110_Narrow,1897115000.0,0.9720666801380643,0.00041707100261841257,-44.72341612868792,0.02645593889701463,0.0035379978982363757,4.383422788518694e-05,85.42785659103946,0.6872197409228193
110_Narrow,1897117500.0,0.9719788463054666,0.0007009933484924041,-44.567476048081936,0.03698932146222355,0.0035558044969981203,5.592856970194007e-05,85.21392514085616,1.1314948423020155
110_Narrow,1897120000.0,0.9716970918082234,0.0008294536633035137,-44.81330321626629,0.039092929257865096,0.0035606854500455265,5.0639355899065956e-05,85.22770294978008,0.9602232775748136
110_Narrow,1897122500.0,0.9747871577208169,0.0004889677269162293,-44.66036493176079,0.0247228124756948,0.003574025187398064,6.653520939324813e-05,85.22992701544358,0.9513106990338831
110_Narrow,1897125000.0,0.9708714068457538,0.0006808170445533866,-44.76737054196521,0.04212821431685422,0.0035588638596649957,5.074587374876556e-05,85.2176961617094,0.8778620441775631
110_Narrow,1897127500.0,0.9721248491994382,0.0006657518208714499,-44.73716060642141,0.04491430766404017,0.0035443722008523665,6.109374561917276e-05,85.10298235253784,0.8153470584739932
110_Narrow,1897130000.0,0.9714793767926974,0.0005885146658410287,-44.4634430516887,0.02849853033708415,0.003556179641206912,6.158482662888585e-05,85.1244245928633,1.2920017916379685
110_Narrow,1897132500.0,0.9675636309717226,0.000953714204885584,-44.687837933003706,0.03453679868563684,0.003511978536178186,4.1513356262232565e-05,85.38497031161346,1.068621218183404
110_Narrow,1897135000.0,0.973279940596514,0.0005130733777585481,-44.66977709041814,0.02996134210504006,0.003546767491657092,6.074667617449866e-05,85.33759256995623,0.8650382499304677
110_Narrow,1897137500.0,0.9742538269033301,0.0008082975951116301,-44.75469672258283,0.029302890632435574,0.003515093288218844,6.061073762175522e-05,84.79214009867705,0.9463730636402455
110_Narrow,1897140000.0,0.9733254734750199,0.0007052185679361009,-44.76807448965394,0.03845686115941708,0.0035081528963734725,6.864998137719382e-05,85.02879081685418,0.7012743844550708
110_Narrow,1897142500.0,0.9746106438029174,0.000543905767884495,-44.97990352661337,0.052433789922011025,0.0035250166287879993,3.374221301153008e-05,85.39954784617927,0.6203446632178359
110_Narrow,1897145000.0,0.9761472231214905,0.0006388729370519802,-44.8680487837286,0.05235910516794596,0.003520487080499248,4.8891287711613895e-05,85.09671311550201,0.41252819986173467
110_Narrow,1897147500.0,0.9751392568732843,0.0008718049339411316,-45.00843243099627,0.04680525318470883,0.0035209260441304564,8.014424704637035e-05,85.08479036810148,0.5357405543600974
110_Narrow,1897150000.0,0.9743707586059303,0.0007514707161605568,-44.90513838149348,0.03338417555940476,0.0035052959495744974,6.247437119488943e-05,84.58077305575827,0.759784517146254
110_Narrow,1897152500.0,0.9750829368320857,0.0004224217605497348,-44.76025888871557,0.02895601471824198,0.0035304222933643177,6.685189964128627e-05,85.0698001163859,1.1220622532057702
110_Narrow,1897155000.0,0.9752188951675154,0.0003653773356189179,-44.95098350030796,0.040513729662670916,0.0034728698080560764,6.976551571692887e-05,83.92924100791612,0.7934270337061774
110_Narrow,1897157500.0,0.9772280865357016,0.0004086807283913684,-44.99343839978678,0.05015885832126252,0.0034453517085812225,4.348394874272638e-05,85.09877992414883,1.2773178426074843
110_Narrow,1897160000.0,0.9718380297382637,0.0007435521077231325,-45.08304130898142,0.04191423292796105,0.003459592279815101,5.9932663199458e-05,84.96408808872253,1.2427261067739601
110_Narrow,1897162500.0,0.9799355245288014,0.0005991788960293352,-45.11282464418755,0.047981647285569806,0.003480780311870841,6.077244429835275e-05,85.04284261633964,1.0143832212077153
110_Narrow,1897165000.0,0.9729715462333611,0.0006174884855307029,-45.05705610427107,0.04844762898651872,0.003491365768745907,4.978704366232428e-05,84.56191879063715,0.46309656041196023
110_Narrow,1897167500.0,0.97536842404428,0.0006900758875276226,-45.00354877257739,0.029236202507102852,0.0034657541466756427,5.594213639829802e-05,85.41847549267887,0.804436300464528
110_Narrow,1897170000.0,0.978164267514859,0.0007163513232037226,-45.05470882729915,0.032302973070876984,0.003488587653918129,4.608238421018593e-05,85.27835268158013,0.9052363018825136
110_Narrow,1897172500.0,0.97230589839086,0.0005057504617264769,-45.07790199135691,0.03975569189784579,0.0034410005746208405,5.1567505560105264e-05,84.59325542699872,0.727026527412742
110_Narrow,1897175000.0,0.9778147128735968,0.0005283848683044594,-45.20486850796853,0.02991338101470427,0.0034524348769144754,3.662335444218624e-05,84.73650716959526,0.9068148499751226
110_Narrow,1897177500.0,0.9748073937395291,0.0006493627507425949,-45.16852568976563,0.04592298459990289,0.003452744339533147,4.292931077752247e-05,84.77271710164288,1.6866153275367557
110_Narrow,1897180000.0,0.9794787776167287,0.00072214307449792,-45.140280903125905,0.041649747375495566,0.003449684902886874,6.239694876607475e-05,85.06643060569341,0.9062754971860953
110_Narrow,1897182500.0,0.9769822414003458,0.0006233027538317211,-45.57989957340114,0.03801934887885991,0.003452513642678236,8.040886708123077e-05,84.7552689445076,0.789910590749759
110_Narrow,1897185000.0,0.9738674578241044,0.0006756376420204705,-45.490127703695954,0.04261495987356544,0.0034441366043996458,5.8742756765799054e-05,84.5051748298398,0.7272281213773871
110_Narrow,1897187500.0,0.9763994324760044,0.00046264638566425437,-45.330542601668846,0.041507451262296984,0.0034400350539197403,2.6758994254606225e-05,84.53657004201924,0.8653374905372169
110_Narrow,1897190000.0,0.9751209189547387,0.000649387915420593,-45.49781813196303,0.03470564142024762,0.00340357638105339,5.460603369485968e-05,84.52199577023535,1.1095997355239668
110_Narrow,1897192500.0,0.9769544149868746,0.0004630882628372382,-45.47823089270284,0.02503220294716029,0.0033905277321309717,9.302139950335622e-05,84.1388597312508,1.2517736652176257
110_Narrow,1897195000.0,0.9789065783542398,0.0005473295700053638,-45.540774048965524,0.02862593360416736,0.003396761480662749,4.866471040155479e-05,84.86400528716095,0.7348353087045784
110_Narrow,1897197500.0,0.9794007388619556,0.0005376382003129942,-45.70787027530345,0.05582157486051175,0.0034045752055691637,7.577726729455142e-05,84.08556931296441,0.8212373362718008
110_Narrow,1897200000.0,0.977279826701335,0.0005032868641590342,-45.442383511832396,0.036493101567159264,0.0033899264105232045,5.479239158799759e-05,84.30757867189266,1.0234160446558007
110_Narrow,1897202500.0,0.9758051340912678,0.0005555483501554407,-45.60098781421576,0.03572338346579224,0.003377130082674392,5.3327361849208555e-05,84.40803243105829,0.9414913534171965
110_Narrow,1897205000.0,0.9762382913235431,0.0005159494746958903,-45.59031519555972,0.05100975413620324,0.003409783240261219,6.129611493809705e-05,84.90295762066368,0.8245637004825795
110_Narrow,1897207500.0,0.97932948711478,0.0005375883894231704,-45.594272960517614,0.03900953944576317,0.0034136507055423705,6.208001651612967e-05,84.64591161274123,1.0760803474807605
110_Narrow,1897210000.0,0.9771267532860914,0.0005841811711173516,-45.525057433248854,0.045670096006052714,0.0034138561084691797,5.877438699666595e-05,84.18964768619288,1.0086573548711277
110_Narrow,1897212500.0,0.976313645959205,0.0007287960011227643,-45.452385149527004,0.04877036424017722,0.0033793132039818866,2.2506782709574557e-05,83.70887866373825,0.5762299918792354
110_Narrow,1897215000.0,0.9765308463294036,0.00044530524801008605,-45.3813100310625,0.0442697198986842,0.0033511591495751277,4.9645509298188444e-05,84.0805684800807,1.2216305379678718
110_Narrow,1897217500.0,0.9783347197046263,0.0004529747988066907,-45.460533397926284,0.03293601025190886,0.0033688907827017084,6.66868392945449e-05,84.37962177510698,0.8424534207447841
110_Narrow,1897220000.0,0.9783847275813671,0.0007661873541198966,-45.7073580979653,0.0325353149298225,0.0033679563693082746,5.648584343305514e-05,83.88587490870981,0.8204632450620915
110_Narrow,1897222500.0,0.9787809236113787,0.000576370050360847,-45.83968599191367,0.035215761938868,0.0033559409973901656,5.462889895618103e-05,84.06837744930306,1.3379087464089705
110_Narrow,1897225000.0,0.9791231925106227,0.0006755296947627609,-45.831762954877206,0.049221179312237476,0.0033490793944175,7.311286114185803e-05,84.23798560332143,0.7677826364952539
110_Narrow,1897227500.0,0.9797137529929644,0.0006921850479498289,-45.832727123781886,0.04929035450796514,0.0033207359168490186,3.659767251104168e-05,84.01589098551888,0.6342421296829638
110_Narrow,1897230000.0,0.9830511296326773,0.0004842258677483383,-45.85063536304299,0.02457492149266719,0.003346000978579763,4.8439128091547556e-05,83.93055757481521,1.0736451999966998
110_Narrow,1897232500.0,0.978002073842005,0.0008282137529017978,-45.56787359904929,0.05498669019586827,0.003341903923774618,5.433814722001684e-05,84.02401700362492,0.9166452597840613
110_Narrow,1897235000.0,0.9827213757520831,0.0005188973796468093,-45.744025180768176,0.04755207459335582,0.003358600011536756,6.254035074392816e-05,84.21379739576474,0.8051119756513758
110_Narrow,1897237500.0,0.9832552414967035,0.0007026941085003851,-45.71524569569033,0.04763655805386012,0.0033301074302432435,4.272487806913218e-05,84.32649524429831,1.0697187502104155
110_Narrow,1897240000.0,0.9764375570139864,0.0006769338118529573,-46.07625998138345,0.04824972968176687,0.0033209719101073396,4.216719355043454e-05,84.46531088519141,1.3213980599328092
110_Narrow,1897242500.0,0.9806941964674396,0.0009154600430396675,-45.72009743780629,0.04752964070828111,0.0033110972448140426,4.23275302133786e-05,83.95228044275812,0.9858369790523962
110_Narrow,1897245000.0,0.9801428033082042,0.0004411015733862305,-45.97412434859271,0.04542967914823905,0.003314294284565494,4.7184511276555646e-05,83.51825204236516,1.2349242367085191
110_Narrow,1897247500.0,0.9821898685274026,0.0007263110735624711,-45.808290739391055,0.048241148769904235,0.003299534547182845,6.123865514340487e-05,84.00909531599407,0.8895524566104368
110_Narrow,1897250000.0,0.9809056475463258,0.0006217726853137594,-45.90976488612065,0.04154820166938653,0.0032934318870139114,8.053684016121377e-05,84.38896929383374,0.6987349580251806
110_Narrow,1897252500.0,0.9792497300472123,0.0006092878185829507,-45.998946151734216,0.04138882503418557,0.003294537692311806,3.8863573967603016e-05,84.08264312975842,0.7345023072523603
110_Narrow,1897255000.0,0.9815540882131548,0.0006161322725833365,-46.11830181150987,0.03469907538631245,0.003282224578965716,7.033529755425918e-05,83.65114230017981,1.199734951247139
110_Narrow,1897257500.0,0.9803736676402176,0.0007014587785938608,-46.15172895710233,0.0490886678988836,0.00327713029241135,2.7525909484487895e-05,84.2387201499897,0.8368151551441186
110_Narrow,1897260000.0,0.9818582426086185,0.0003769120740358691,-45.95970780597309,0.04672356676381089,0.0033290040904101143,5.847565614038242e-05,84.08165652373387,0.7730676372949506
110_Narrow,1897262500.0,0.9839991987719993,0.0007101999591670189,-46.10420709024421,0.029281969605578377,0.003341371381284761,6.12163767311079e-05,84.26758169970338,0.928251920943558
110_Narrow,1897265000.0,0.981927501318162,0.0008707994618115154,-46.15856282008525,0.03644954027042707,0.003260797854088414,4.44409892464069e-05,83.2189480278554,0.807595886119713
110_Narrow,1897267500.0,0.9838540438859738,0.00046569173089486493,-46.066660082966756,0.03791824284869706,0.003262233258178631,4.462214282246837e-05,83.79368374666747,0.8898128078813778
110_Narrow,1897270000.0,0.9818511140981615,0.000690912047556101,-46.13796053365717,0.026954133030587614,0.0032413834571782363,4.7524482083037424e-05,83.82132581348027,0.981972405103484
110_Narrow,1897272500.0,0.9814143407911111,0.0007313758056073251,-46.137088328822806,0.02143205478896138,0.003274677568817844,5.690335826851799e-05,83.95541794276996,0.6169715366157955
110_Narrow,1897275000.0,0.9844462289527489,0.0007085259194147039,-46.27637007710808,0.05287420341569853,0.003307517966809554,4.3892549873401884e-05,83.3570497316882,0.778662918107023
110_Narrow,1897277500.0,0.9820562119231833,0.0004666144076667846,-45.91686693247588,0.03988917585067052,0.0032388777746478305,4.838353588021035e-05,83.92829457061777,0.9375938709558853
110_Narrow,1897280000.0,0.9796602050668352,0.0005260796034972225,-46.060449972980436,0.03881149500361813,0.0032341861432198427,6.2759302510532e-05,83.35827015243693,1.1556713177954454
110_Narrow,1897282500.0,0.983280967924377,0.0005172511020041668,-46.34207367156792,0.03892238249728539,0.0032184436438061144,6.960219931075287e-05,83.50049267165808,0.8467081444399811
110_Narrow,1897285000.0,0.9855238891959662,0.0003943562342872895,-46.40446059800929,0.051622444018108095,0.003234890449016755,4.1223609597515995e-05,83.30750565250327,1.1118689622134974
110_Narrow,1897287500.0,0.9869789116976229,0.0007757509785820601,-46.34098056553961,0.022709949074542792,0.003252899428635733,6.198451831224297e-05,83.75447144091233,0.94302268181193
110_Narrow,1897290000.0,0.9882551764142954,0.0003820870493558968,-46.38689342449929,0.04783758511034173,0.0032591571159759566,7.770263375356475e-05,83.70815515846283,1.1977091011601164
110_Narrow,1897292500.0,0.9823856648446718,0.0005537113278699716,-46.32460258317253,0.05733300551686592,0.0032246847172497897,6.825116442411787e-05,84.1558913413421,1.2339286326626036
110_Narrow,1897295000.0,0.9826677008233108,0.0006045944617673347,-46.61226630171163,0.03876926763792395,0.0031976645186478853,7.744862623312022e-05,83.02935007345744,0.5956637089585274
110_Narrow,1897297500.0,0.9842738676504531,0.0006426432200678226,-46.27293934272868,0.05035157242914257,0.0031975807845252735,4.276084785929849e-05,83.32017669067115,1.2640726212993791
110_Narrow,1897300000.0,0.985252287138096,0.0004276445300813993,-46.324890170609564,0.03754437788529641,0.003214590332783568,5.585637510281992e-05,83.2689987444551,1.0383762363802078
110_Narrow,1897302500.0,0.9862362967510637,0.0004922536300102042,-46.585772359139185,0.03352292909436434,0.003196103321493209,5.79474157483583e-05,83.03915584428695,1.247155743381378
110_Narrow,1897305000.0,0.982018190789025,0.0005739791255656628,-46.3770923367798,0.030061316805876648,0.003177841201063945,4.7412876820283575e-05,83.07822729053109,0.6470399106528198
110_Narrow,1897307500.0,0.9838279909004405,0.0006500411558391073,-46.48019834571971,0.02474632440702079,0.0031838526583480645,6.995002837909765e-05,83.68157387011202,0.635726863307781
110_Narrow,1897310000.0,0.9831793556154562,0.000511211035870912,-46.55283980674701,0.033079657444149715,0.003186741906031621,7.231350741877734e-05,83.19034779528428,1.0234828790907122
110_Narrow,1897312500.0,0.9857796792789029,0.0007099749110051086,-46.87038486872944,0.04901394658430221,0.0031761042860319034,7.254580764322826e-05,82.65694816394273,0.6642204846286762
110_Narrow,1897315000.0,0.9862311831141811,0.00047402320730088166,-46.74335601106229,0.04906044778992042,0.0031538757635172455,5.6414100705753455e-05,83.25005969019298,1.3304166332507645
110_Narrow,1897317500.0,0.9871073714110118,0.0008477259099919002,-46.603891597096236,0.05077745090968652,0.0031770280380936794,7.35253879483189e-05,83.61296871614942,0.861767773816259
110_Narrow,1897320000.0,0.9829458870070168,0.0008728608459324306,-46.50005194970241,0.05534723565479981,0.0031404113105437687,5.2897410900682097e-05,83.35030000404313,0.7279365030231282
110_Narrow,1897322500.0,0.9887753164302007,0.0008002603164027248,-46.64373308576229,0.03797554735319374,0.0031352086212715234,5.641638138454918e-05,83.14526618127165,1.2042011037744933
110_Narrow,1897325000.0,0.9903069519527328,0.0007598784906247589,-46.760459428292734,0.040112737193478014,0.0031644849007056008,4.750642944268974e-05,83.1866121019149,0.753038068811369
110_Narrow,1897327500.0,0.9855343049877227,0.0006061233995812255,-46.552165229082256,0.03572296487656361,0.0031611449695680034,3.787660185930402e-05,83.4205510793332,1.3892731374599203
110_Narrow,1897330000.0,0.9822844724234785,0.0007259549548111779,-46.746742971533266,0.02999206790443487,0.003130796288846117,6.566688459434747e-05,83.42615533482274,0.7669754444402987
110_Narrow,1897332500.0,0.9862094402212273,0.0007245171423180481,-46.59056958964853,0.041361176922719366,0.003133349047057858,7.605179882591658e-05,82.79306617072564,1.0248165901628903
110_Narrow,1897335000.0,0.982538992762972,0.000758477448052101,-46.77282815711589,0.0357635006386047,0.0030986280870932323,6.77202346369218e-05,82.62388998013444,1.2448410413639188
110_Narrow,1897337500.0,0.9872695963830175,0.0006147121889083638,-46.483899409473764,0.03789750595811079,0.0031414467237642564,5.621854354998792e-05,83.38486056618783,1.0784746566902794
110_Narrow,1897340000.0,0.9853347819421676,0.0005905613009062298,-46.597083522670424,0.02701605198107484,0.0031117016289584822,4.9842222441848735e-05,83.06401533835746,1.2200192895638005
110_Narrow,1897342500.0,0.9904814859032971,0.00036649543013628726,-46.98544322545582,0.03789460251259505,0.0031353311798594974,3.565128462186717e-05,83.16068713253297,1.2565692393425074
110_Narrow,1897345000.0,0.9908956307362647,0.0005232528458122594,-46.633142379970735,0.0361275483496047,0.003119654211516515,5.39093940877982e-05,83.03400575618024,1.1676845331945063
110_Narrow,1897347500.0,0.9876172498534528,0.00038340616542289406,-46.87637592689829,0.029944586558865855,0.003129145492777102,5.602521958944153e-05,83.28837696781768,0.8913361980857604
110_Narrow,1897350000.0,0.9890595667415492,0.000616382313640235,-46.743933754671815,0.04249155126243212,0.0031141646283240646,4.918390976088494e-05,83.28294872127465,1.0211554211161271
110_Narrow,1897352500.0,0.9875747815653038,0.0006016080805891914,-47.13198646228139,0.03780869295848691,0.0031076281485459753,6.0167620464069305e-05,83.02901463283499,1.1594394467888058
110_Narrow,1897355000.0,0.9872262791718045,0.0006906103534414929,-47.05305771081663,0.04332429246793656,0.003120573730454459,3.417488360492417e-05,82.53224720090792,0.9294887692749647
110_Narrow,1897357500.0,0.9837916228811215,0.0003504079940923864,-46.89115961236457,0.03642104102487481,0.003132725383690071,5.823083096605591e-05,83.21622480418705,0.9173336057347528
110_Narrow,1897360000.0,0.9910172650789119,0.0005879261635628879,-47.05923522989467,0.031695705065050775,0.003134226062012168,5.725839907356867e-05,82.31049093162322,0.8294755993074469
110_Narrow,1897362500.0,0.9856521057848302,0.0006377437858200312,-47.05308826789292,0.023418420959364628,0.0031292378010857945,5.9755006236952096e-05,83.31380868933638,1.253445339891706
110_Narrow,1897365000.0,0.9850764037724058,0.0003747223829739699,-47.06903858475322,0.023864651303541488,0.0030721626552204476,4.102135585726083e-05,82.96960474850336,0.6214798216358292
110_Narrow,1897367500.0,0.9880650119281943,0.0005865100328010362,-47.0651426086436,0.03332016418612245,0.0030663098519206258,4.1538727452326636e-05,82.79786704951643,0.5965895666955786
110_Narrow,1897370000.0,0.9878121105861705,0.0008873587226208261,-47.28064835332251,0.038303282373888095,0.0030819734470164195,5.718368372467729e-05,83.05945463117405,0.9890925713034947
110_Narrow,1897372500.0,0.9904571095294982,0.0005125249173488642,-47.200034097484384,0.03779657693101228,0.003082689264718599,4.7430197316924666e-05,81.81683348919643,0.7551962868085161
110_Narrow,1897375000.0,0.9867021726069711,0.000692022212722285,-47.25552640450383,0.02982195553764327,0.0031053579302784784,4.212104671354562e-05,82.52547138113451,1.1987830339553731
110_Narrow,1897377500.0,0.9928672619276283,0.0005252440955191731,-47.06468189727846,0.025955813252368332,0.0030738076056280655,4.621990677183365e-05,82.57381761575128,0.8297332016414694
110_Narrow,1897380000.0,0.9854169166993574,0.00045134869215947347,-47.38791912511831,0.029407108618287547,0.0030635725255665045,5.2001714496595616e-05,82.22066732097908,0.9268866028934404
110_Narrow,1897382500.0,0.9883953939200404,0.0006029965175726961,-46.98912578532688,0.04294312901132867,0.003057356484456905,6.294089725737661e-05,82.97481515080224,0.6008194088029672
110_Narrow,1897385000.0,0.988500131039331,0.0005856885926475152,-47.19252204975187,0.027714377277572165,0.003062169009077611,6.649392121932381e-05,82.75241728611056,0.8206864418673988
110_Narrow,1897387500.0,0.9909186568588277,0.0007817334342960514,-47.49160332199493,0.05349442608710944,0.003083974409933666,6.886369656845756e-05,82.73122122982319,0.901323074710024
110_Narrow,1897390000.0,0.9898927955678468,0.0004666110825120426,-47.133493109783075,0.027500141709458276,0.00304841956298267,3.468979495923749e-05,82.82354398176642,0.5376917722970584
110_Narrow,1897392500.0,0.9918935712866164,0.0005892848705622551,-47.176082390233965,0.02820043813962603,0.00305511992490741,5.300309250550942e-05,82.42726851217384,1.091836369161073
110_Narrow,1897395000.0,0.9875702635942853,0.0006582741601545486,-47.399846823033194,0.03216309185911419,0.003040144164479833,5.560440404496709e-05,82.29942567695832,1.035906154959241
110_Narrow,1897397500.0,0.9910524321940574,0.0005638391798410528,-47.1341818801635,0.03752279184586417,0.003078131758377339,4.4312351312131626e-05,82.74566303880648,1.0189150128660682
110_Narrow,1897400000.0,0.9922764157608839,0.0005979640081222076,-47.31497504018225,0.03615631733183853,0.0030553278486643554,5.278254843236925e-05,82.26726810804554,1.6351265501100585
110_Narrow,1897402500.0,0.9861963205167638,0.0006757991769412827,-47.20043131592817,0.06678454139814989,0.003035214741130845,4.033162827857556e-05,82.8340666415087,0.9839173181594166
110_Narrow,1897405000.0,0.9952646426937666,0.0006747883358156709,-47.24149913508236,0.03845072970496599,0.003046014257013051,8.579964843970967e-05,83.2964971800265,1.103680647792044
110_Narrow,1897407500.0,0.9902194469707523,0.0008178150785302544,-47.31913596795898,0.046071320002871216,0.00300934078282861,3.900892330066778e-05,82.19422374984417,0.8413905373548287
110_Narrow,1897410000.0,0.9935822488855371,0.0002665985075121642,-47.26853012104414,0.038150797020204304,0.0030319310701719363,3.082432403401867e-05,82.33138202886903,0.9640699160815915
110_Narrow,1897412500.0,0.9878362494832458,0.0006399823144035553,-47.46256910090163,0.04225529104443462,0.003020455643871528,8.119927966454304e-05,82.62728583904683,1.357230987366861
110_Narrow,1897415000.0,0.9909035425900122,0.0004279335534262266,-47.471341881053156,0.04155499461631239,0.003011148408487624,2.6910629913628225e-05,82.41847362043981,1.0330513048862802
110_Narrow,1897417500.0,0.9851382207684329,0.0005015913709159021,-47.76356789812836,0.033514063728932245,0.0030073975789768363,4.625098030300099e-05,82.49971490489132,1.2143826537427636
110_Narrow,1897420000.0,0.9872607258637339,0.0006059425369357223,-47.57216144612544,0.03965244057633907,0.002991819054057615,4.4148344852501825e-05,82.71214784527497,1.2506503145921897
110_Narrow,1897422500.0,0.9890485003511108,0.0004402985764473425,-47.783424399492084,0.03583051233068871,0.0029996077281788315,4.8156708905693504e-05,82.56600707458223,0.9069820678878602
110_Narrow,1897425000.0,0.9924474264962436,0.0007020484197322513,-47.64578402674887,0.04122778612266684,0.003017257964824982,8.246195365376718e-05,82.25005418867482,1.0004474978921454
110_Narrow,1897427500.0,0.9922348535617465,0.000531031374615413,-47.5301981442998,0.04440733520110708,0.0029993267324148593,6.145535636508767e-05,81.93797717989523,0.9005327165019718
110_Narrow,1897430000.0,0.991396340963625,0.00045013495470699644,-47.559135915267206,0.04040377778467912,0.002963650714484332,6.672574898290141e-05,82.43600661623465,0.7269088733315183
110_Narrow,1897432500.0,0.9909583870302656,0.0005744348104961248,-47.652516912690366,0.03273347705249403,0.0029815916982228654,5.149700052284837e-05,81.78929247811004,1.1826045903239886
110_Narrow,1897435000.0,0.9946399504835521,0.0005731309018063458,-47.499172972039624,0.03026858596377601,0.0029983400559621203,6.315311010128402e-05,81.54147103911333,1.3237227462275336
110_Narrow,1897437500.0,0.9889927691084752,0.000450803370099855,-47.56815037183224,0.041841014680832116,0.0029736452152496575,7.554743628222229e-05,82.84705309750514,0.8907344558268097
110_Narrow,1897440000.0,0.9971024973908699,0.0006590814357131238,-47.847558038092565,0.0204798546552943,0.003012542396409977,7.507658033066193e-05,81.11843221205892,1.3914683803155994
110_Narrow,1897442500.0,0.9903333850522217,0.0005670073748991152,-47.607804685126425,0.02971886489457222,0.0029987623841680215,6.234362012766403e-05,82.32752436184688,1.1356081439681704
110_Narrow,1897445000.0,0.9935586955051803,0.0007053856690024575,-47.56417039827456,0.0399061409602009,0.0029863192837352027,7.826403557377481e-05,82.31286686685944,0.9687336345624592
110_Narrow,1897447500.0,0.9936097252661957,0.0007647796625684365,-47.67158810077787,0.032293205081985264,0.002963150103470149,6.635207431236215e-05,82.54411103766638,0.9738413873615425
110_Narrow,1897450000.0,0.9863161849600741,0.00041569715198670043,-47.6373802527888,0.03672363370673184,0.0029351137878177815,3.810466877419664e-05,82.2632938489189,1.2880121802402589
110_Narrow,1897452500.0,0.9948773425498618,0.0008914219068559085,-47.96242588851077,0.03380218763732983,0.0029201962642820384,5.160655118697446e-05,81.84410083329108,0.8677740216144688
110_Narrow,1897455000.0,0.9906352135036057,0.0005234366400629963,-47.835261934092955,0.026602897503147305,0.002951374784457224,7.170967402302088e-05,82.19752655842312,0.942476494836479
110_Narrow,1897457500.0,0.9929074622432504,0.0006976474226291226,-47.677989122272244,0.05580564310903879,0.002958217278936897,6.0090565730234884e-05,82.27884794050826,0.9772572167693687
110_Narrow,1897460000.0,0.9958691346772202,0.0004577947727350444,-47.84458692962333,0.06477898381729662,0.0029332990383778264,5.5853442358028295e-05,82.44623454096285,0.7434293489761502
110_Narrow,1897462500.0,0.9917117420293927,0.0006757584064871266,-48.027617401676814,0.02288584888343419,0.0029165626722807347,5.779650455525697e-05,81.82081951582626,1.0827342350239462
110_Narrow,1897465000.0,0.994469540888822,0.0006810929944074228,-47.71855517396776,0.026627234939741014,0.0029074965964626556,6.999969386146289e-05,82.51605484019143,1.5879368941188874
110_Narrow,1897467500.0,0.9913702471176751,0.0005767094194419023,-47.722968067927845,0.029849063386874666,0.002942952823290063,6.964332843497598e-05,82.69227292487096,1.3364638192751102
110_Narrow,1897470000.0,0.994137455008606,0.0006313263128941031,-47.819709523116195,0.04689155936364458,0.002914928140562496,8.304131302379018e-05,82.09621488695032,0.9638765665768462
110_Narrow,1897472500.0,0.99337337107056,0.0006871922861380177,-47.82940626956142,0.020770744292112578,0.0029347981432476127,8.053818348859771e-05,81.54421490631884,0.9280385246328133
110_Narrow,1897475000.0,0.9930921476047435,0.0007134468494333517,-47.87539924818472,0.05181667391406383,0.0029307766488489493,3.091081638489328e-05,81.71252415940495,1.223540785351874
110_Narrow,1897477500.0,0.9937471700808388,0.0006136246732404176,-48.11317975555245,0.04432746677011686,0.0029095937404542576,7.281526176959008e-05,81.19802199559582,1.1103759808134208
110_Narrow,1897480000.0,0.9930181385265028,0.000547648951440334,-48.11330255112488,0.050584668193894865,0.002918567464612734,7.168723121633391e-05,82.00438996247678,0.9586324309614824
110_Narrow,1897482500.0,0.9902370925876818,0.0009468049182432684,-47.944933977422664,0.0337740067174647,0.0028763818535018303,7.656261449408407e-05,82.11231590147204,0.732891625116414
110_Narrow,1897485000.0,0.9993259636089217,0.000846026574540356,-47.86613760164248,0.021463041834944695,0.0029242618774504,5.0890858243336854e-05,82.02642663986143,1.2270634293465552
110_Narrow,1897487500.0,0.9973644397009408,0.0007751513611553587,-48.02202153989169,0.03390833278821052,0.002888799998737839,5.021740004979453e-05,82.01633734996769,1.2603648711759405
110_Narrow,1897490000.0,0.994652267178607,0.0005808194735626804,-47.90421153087952,0.038140171855871347,0.002898819036030551,4.576517341220322e-05,82.01549692169353,1.0191775773166896
110_Narrow,1897492500.0,0.9968247481408069,0.0007212246799723952,-48.04698413913159,0.042629698051323654,0.0029212714760945705,5.9815043459735406e-05,81.89563839205759,1.0294565584283326
110_Narrow,1897495000.0,0.994281882419104,0.000706335122607424,-48.165668616837785,0.037136919046445394,0.002909795954074021,6.076828489022655e-05,81.51052676968379,1.2740979718556862
110_Narrow,1897497500.0,0.9991854656543191,0.0009482561645056599,-48.00291638687909,0.028595391927170248,0.002898775842721352,3.0337736832569312e-05,81.52367518625779,1.1895316729312218
110_Narrow,1897500000.0,0.9928009362157693,0.0007368263304746202,-48.102674177460514,0.03584905969429209,0.0028885303045511073,5.0894650014622095e-05,82.62324553485853,1.344876018081551
110_Narrow,1897502500.0,0.995004231906375,0.0006610040543001911,-47.73373958686218,0.04623389594881025,0.0028810317388772385,4.179394199270278e-05,82.12920565404353,1.0971061900682566
110_Narrow,1897505000.0,0.998896650671428,0.0006279826511461245,-48.14027839081386,0.033743066309201195,0.0029030243721650945,5.537827990924494e-05,81.76384804055579,1.2556715718108598
110_Narrow,1897507500.0,0.9954106158445392,0.0005560308833729936,-48.179305847478005,0.035811830006489666,0.0028567055438923853,7.99111545536112e-05,82.00260897011901,0.6677121157618874
110_Narrow,1897510000.0,0.9942461981144912,0.0007655339086494349,-48.34841831697691,0.025803525261320258,0.0028704364202065263,6.035959374147941e-05,82.02200642009053,0.8627036222898382
110_Narrow,1897512500.0,0.9956854633014136,0.0004976930052499118,-47.91308920916325,0.03595479153590344,0.0028630757833811083,8.198599410582241e-05,82.17584033999792,1.1308150655513487
110_Narrow,1897515000.0,0.9959369417471295,0.0009684986695052978,-48.06068395781017,0.041590372947469256,0.0028508527343049338,9.816247178346822e-05,81.35196810811377,1.1464754656752616
110_Narrow,1897517500.0,0.9957615190732344,0.0006760012686601181,-48.03348566085268,0.039899991331721875,0.002818546525791812,4.4367629569645335e-05,81.26580308668615,0.8883641781912841
110_Narrow,1897520000.0,0.9954361646709766,0.0007094414563067833,-48.095329828979736,0.026867410782420387,0.0028720943448260587,6.239141978499754e-05,82.41330172699494,1.18023966196766
110_Narrow,1897522500.0,1.0006435002264904,0.0006496912398309288,-48.43528560036352,0.032676325765449724,0.0028408224051989376,4.6607842222078655e-05,81.90323300402885,0.9522014238575648
110_Narrow,1897525000.0,0.9917616836335976,0.00039367869666255556,-48.57894444499923,0.014982248484438002,0.0028601485965792923,5.943183537804001e-05,81.6617121355052,1.197335938400696
110_Narrow,1897527500.0,0.993193716625471,0.0006168437957694248,-48.11827414551767,0.02964077687527444,0.002851080124254364,4.8656920595106964e-05,81.51528918300716,1.0699749239509264
110_Narrow,1897530000.0,0.9938696072392685,0.0004997823286749059,-48.01078546846196,0.03929205858925563,0.0028316925969772556,4.9765685880587225e-05,81.42070285643437,1.3546414483710236
110_Narrow,1897532500.0,0.9943215226053372,0.0006134266752762164,-48.22337148557544,0.04593856996427993,0.0028856469197339973,7.269079156688892e-05,81.3795029584174,1.0551262828462042
110_Narrow,1897535000.0,0.9999347372702206,0.0005802400920060909,-48.247905699105,0.03409825485590068,0.002850363176038356,5.259264179779974e-05,81.32938092926824,1.363818599550718
110_Narrow,1897537500.0,0.9921224941237939,0.0006059110517331971,-48.31506508351902,0.03510170509316397,0.002831954891301383,4.684783912719713e-05,81.32467343186995,1.5154980109413165
110_Narrow,1897540000.0,0.996165387483593,0.0004271946084619125,-48.18814444473065,0.03672839490902738,0.0028366804862937655,2.571375820939686e-05,80.66244065880505,1.1569662378412173
110_Narrow,1897542500.0,1.0006365395433494,0.000808359757303724,-48.41158746432782,0.026096290969401126,0.002798480289272709,4.077131982314355e-05,82.03264251603005,0.9224998673525391
110_Narrow,1897545000.0,0.9958924756226315,0.0008847264497339714,-48.52122588789459,0.029032143449750206,0.002799695204443821,4.806176779636828e-05,81.59735184010391,1.3166088102095403
110_Narrow,1897547500.0,0.9961972286855939,0.0005312968920130461,-48.15437306649292,0.04105916014297023,0.0028386129840998644,5.372668459754067e-05,82.34879019198372,1.2400085016162417
110_Narrow,1897550000.0,0.9978945925602958,0.00041414919184415004,-48.61757616238229,0.04167872956191678,0.00281880750817546,5.579001100035722e-05,81.44611591738337,1.2050147960762445
110_Narrow,1897552500.0,0.9989911332017138,0.0008535082987205615,-48.57024360696435,0.032121784749059516,0.0028475806415294083,0.00010083065786488745,81.04830787838827,1.6025462439172304
110_Narrow,1897555000.0,0.9976285410633007,0.0006169854300336988,-48.718915728432414,0.05337545431345264,0.002817688280433164,7.927841490962406e-05,81.56797191239293,0.8850311326759227
110_Narrow,1897557500.0,0.9992201191073754,0.0007507992779499537,-48.62351164184104,0.03572405623559005,0.002811014603917259,4.854495605065226e-05,80.72543235467312,1.3468322812947027
110_Narrow,1897560000.0,0.9990662973999397,0.0007857867915507043,-48.412014589444745,0.05002991778916659,0.002798205523098202,4.808898944588879e-05,82.0280474923589,1.1955052233509822
110_Narrow,1897562500.0,1.0021674448081086,0.0007053331075365938,-48.40725698165221,0.031107565459883777,0.002785500738515018,3.447738476493783e-05,81.71842115902508,0.6523897009099031
110_Narrow,1897565000.0,0.9967627465392981,0.0008009304658509593,-48.4359539306751,0.02246719993810847,0.0027713359508694515,3.692727123529281e-05,81.35465339002505,1.204305821463929
110_Narrow,1897567500.0,0.9991512382345253,0.0007354072711477744,-48.54705139321422,0.030638928273147303,0.0027766567467580588,6.353139030398328e-05,81.86537494836044,1.1340418492024271
110_Narrow,1897570000.0,0.9971756011359788,0.000596271974637349,-48.87622998912254,0.03481997406340749,0.002777208540484252,3.53318581417425e-05,81.32336731636488,1.2756562189786065
110_Narrow,1897572500.0,0.9980571610811225,0.00023052582264011928,-48.72930023018688,0.03701540229167345,0.002800998980750146,4.9881524478334256e-05,81.45577488462936,0.9168564979429447
110_Narrow,1897575000.0,0.997307638057407,0.00047188946362531286,-48.78691105843007,0.037906232758657454,0.002812999199251329,6.601442541048762e-05,80.96647041817144,2.0967605490784456
110_Narrow,1897577500.0,1.0022851514628126,0.000834598501751063,-48.57447739475576,0.04110180433967324,0.002779765850522762,6.685597083529301e-05,81.39402606411562,1.1410534968579247
110_Narrow,1897580000.0,1.00185928700856,0.0008569687484872477,-48.52133196839668,0.04861411511949618,0.002772098597895303,5.1777771239073225e-05,81.78881412886028,1.3563186904625222
110_Narrow,1897582500.0,1.0022035921772319,0.0008948884700621647,-48.73503348628235,0.04521401506926442,0.002776012127599439,3.826168627589686e-05,81.41741682414003,0.9364937421479781
110_Narrow,1897585000.0,0.9961542698811079,0.0006333297268647927,-48.60374901537996,0.041899345117698404,0.0027489348528175017,4.282859139137704e-05,81.26230235552515,0.9012264646740259
110_Narrow,1897587500.0,0.9985212755037466,0.0006467954979176695,-48.63842486252216,0.03837966944040949,0.002756656923977855,6.138146075185399e-05,81.07770462547845,1.31217579973362
110_Narrow,1897590000.0,0.9958107179246163,0.00075397674826332,-48.61557718034013,0.05596694807380671,0.0027543542313419552,3.508345506364205e-05,81.49884359359287,0.6332227304192467
110_Narrow,1897592500.0,0.9996327108379228,0.000733847001927896,-48.64821506623133,0.04788757681109713,0.002768018275572843,3.5832820651893275e-05,81.35059948344521,1.4444711182136636
110_Narrow,1897595000.0,0.9972527718138198,0.0007838724537012387,-48.614708547223714,0.039918566759989296,0.0028054825299616715,7.72699873773624e-05,81.84722295587149,0.968955740817863
110_Narrow,1897597500.0,1.0005624015864234,0.000801017423500802,-48.63199368272053,0.04263147693995641,0.002776093240750242,8.347253407053743e-05,81.81467706095681,0.9464341696495964
110_Narrow,1897600000.0,0.9998654228292994,0.00037289244794229,-48.816364635006146,0.033727565465710804,0.002771470697792106,5.272763692214203e-05,81.02158880465937,1.862012213323712
110_Narrow,1897602500.0,1.0048056867380788,0.0007802805158943761,-48.67651751952798,0.04014993310239245,0.0027573539693630344,6.287702297572843e-05,81.23907085354347,1.0835775588799654
110_Narrow,1897605000.0,0.9986042086331881,0.0005346779778532872,-48.790286382905116,0.05647377675166437,0.0027225079805490195,3.017401683018766e-05,80.54324507464156,1.0818954552977686
110_Narrow,1897607500.0,1.001122601454973,0.0005255464582127043,-48.6310407778643,0.04874892309879437,0.0027571168465167313,9.387015439418576e-05,80.37546985430255,1.3495629313521178
110_Narrow,1897610000.0,0.9960945523460268,0.0006788777417942487,-48.805344014698974,0.05623866615210589,0.002703916093574041,5.142608399585197e-05,80.87859214704649,1.1505826537750012
110_Narrow,1897612500.0,0.9986300983113733,0.0006105060584299197,-48.82889046876385,0.035791771249682275,0.0027397501856180166,7.08361037328782e-05,80.854221913243,1.563521378651855
110_Narrow,1897615000.0,1.0006325532651037,0.0005810716192595815,-48.874675669050866,0.028578714646359145,0.002759328871217992,6.035291043210603e-05,80.95973241325105,1.2871383773599423
110_Narrow,1897617500.0,0.9950066193402726,0.00045457877673398624,-48.9434617966552,0.02516921478162305,0.0027379946523570626,6.868336929179622e-05,80.36575836238661,1.08322013691123
110_Narrow,1897620000.0,0.9988090358619518,0.0004256952410809822,-48.62720655232585,0.03310229178855019,0.0027210296921558867,8.751825811578269e-05,81.36780478269263,1.0148243534033463
110_Narrow,1897622500.0,1.0010513586531133,0.0005383808970571896,-48.78429297538587,0.02557794202053647,0.0026951059579464563,5.98849490265993e-05,80.76280150282889,1.2079829545063756
110_Narrow,1897625000.0,0.9981818075098468,0.0005818025368797826,-48.89858500062828,0.029008472967394908,0.0027133756846759627,3.552399704849946e-05,81.13282235712254,1.2577691683383443
110_Narrow,1897627500.0,0.9978748171639948,0.0006162004511198644,-49.13138539406721,0.037848387246576215,0.0026950959497425973,5.825006165013208e-05,80.23338513481,1.3018102089443149
110_Narrow,1897630000.0,1.0065824740543514,0.0007184098522872675,-49.03024155101233,0.03613553276874286,0.002730705641780585,5.277982298310768e-05,80.77578112303492,1.171541025180514
110_Narrow,1897632500.0,0.9994108558462855,0.0004664585559742402,-48.89587900793563,0.033569428796811934,0.002725185574457726,5.636288256838476e-05,81.05204409336388,1.228367673000739
110_Narrow,1897635000.0,1.0029901804788541,0.0006853902554605891,-48.96173219192047,0.03168966104185419,0.002708256968360248,4.3859493606575815e-05,80.59093725871851,1.0891774278736983
110_Narrow,1897637500.0,0.9988713278821567,0.0006234452386711949,-48.90687284256371,0.042128933529015526,0.002689891824634217,6.333152390845112e-05,81.37197833750596,1.1216908602211093
110_Narrow,1897640000.0,1.0027072411309697,0.00044840899414686267,-49.19583422995594,0.020171530841663243,0.0026938800905758732,5.152517352146034e-05,80.62170868334964,0.9741739094693207
110_Narrow,1897642500.0,1.0015229284560914,0.0007756950231076377,-49.06057814985072,0.028733350686784898,0.002690159154457688,7.973691899508855e-05,80.77992128588411,1.649234765208092
110_Narrow,1897645000.0,1.0005726087484885,0.0005557867285542856,-48.95580733996531,0.046456459740988214,0.0027080993570560816,4.4702391929916086e-05,81.3776543432295,1.4953308629097035
110_Narrow,1897647500.0,0.9981270104374491,0.0007233737053522661,-49.17121098911994,0.03443824497933821,0.002664805728061457,7.117440864364573e-05,79.89637573769366,1.0173367643301356
110_Narrow,1897650000.0,0.9957516284533974,0.0008046169400200371,-48.98280061983393,0.03494442669927038,0.002672547342739519,4.6011616451054384e-05,80.80383944238744,1.249525208821789
110_Narrow,1897652500.0,1.0046656849542028,0.0007827667430823274,-49.1117084706804,0.02805430441450393,0.002715627934005083,3.0287680468762754e-05,80.95252827203927,1.4460895154621953
110_Narrow,1897655000.0,1.002218272991717,0.000654822086366519,-48.92926251668704,0.03147524074309051,0.002706993857322799,7.293483792078354e-05,81.0238438846034,1.7717638200855415
110_Narrow,1897657500.0,1.0022474762902382,0.0005003438962750034,-49.03928564130611,0.03489086891372971,0.0026767814957639985,7.332896503899854e-05,80.58388411360309,0.8343408648313569
110_Narrow,1897660000.0,1.0047417728284058,0.0005210493248043654,-49.228594549614655,0.02326232301925132,0.002678878693234148,7.052899583324162e-05,80.79734212231305,1.317078990020448
110_Narrow,1897662500.0,1.0028069924054663,0.0005751170309632637,-49.24144652032312,0.03679515705313992,0.0026552411991096047,5.4589461440219756e-05,81.10122592256612,1.362016086700483
110_Narrow,1897665000.0,1.001516141977191,0.0006089326769759889,-49.270394243395984,0.028595704690561614,0.0026644549633502886,6.45046079198077e-05,80.29928538474722,1.7822964050689718
110_Narrow,1897667500.0,1.000776569814077,0.0009469710676936046,-49.53950900034589,0.046057929112995936,0.002677235738070237,6.297311853608521e-05,79.55070833222517,1.0096500463709943
110_Narrow,1897670000.0,0.9996885409225273,0.0005024880013773436,-49.147629705548674,0.04552592371483,0.002638573275951438,6.254898287005878e-05,81.04026338422533,0.875301540794099
110_Narrow,1897672500.0,1.0047600561297063,0.0006051954683249759,-49.232138861721914,0.04380433509079807,0.0026567023700256077,4.89023633051365e-05,80.32138332252624,0.8454855034262245
110_Narrow,1897675000.0,1.000321254085089,0.00038376907209550026,-49.36260771911709,0.03170252924790425,0.0026468709710391167,3.901287980871248e-05,80.22693956883361,1.238137165518655
110_Narrow,1897677500.0,1.0037239121329808,0.0006011197972176263,-49.30070893885853,0.029176190578274624,0.0026770254785543146,7.24808003422496e-05,80.17614095051952,1.203680920662664
110_Narrow,1897680000.0,1.0068695112508683,0.00047654082827941013,-49.06557032209218,0.03916997382005445,0.0026749506728800257,7.840931882963889e-05,80.35953669528729,1.1607272126282597
110_Narrow,1897682500.0,1.0077687447374517,0.0003396536464722325,-49.279713082897985,0.054570824165577604,0.0026647434458507684,5.644646291879151e-05,80.41665597562934,1.1512747956725282
110_Narrow,1897685000.0,1.0033743318005364,0.0007431612824779229,-49.69729342615311,0.046521109417044904,0.0026385655962017462,4.9190937485531155e-05,80.42779271946821,1.3261074443835672
110_Narrow,1897687500.0,1.0019161424857168,0.0005345760357919574,-49.485581882758204,0.038331310210470766,0.0026354387769623017,6.655230446313448e-05,81.39782963454665,1.6810085833541002
110_Narrow,1897690000.0,1.0013030260365294,0.0005558679209923871,-49.477994740046746,0.0370538787173349,0.0026436294172525977,4.6813074272915116e-05,80.92644198466715,1.1346128025878546
110_Narrow,1897692500.0,1.0035978549888132,0.000605064223090307,-49.2573958514357,0.035977013821516364,0.0026299766550474703,4.665756594650852e-05,80.9493869150754,1.104053974141771
110_Narrow,1897695000.0,1.0034057510464063,0.0003895902215384228,-49.27708927418577,0.038011788004137924,0.0026539146149277,4.814085941058621e-05,80.23761742991313,1.2375640887521748
110_Narrow,1897697500.0,1.0008245955174537,0.0005976188256628961,-49.39460013419346,0.04506132610698965,0.002593660322365109,4.274345230664783e-05,80.88148801657981,1.0515357136706123
110_Narrow,1897700000.0,1.0016486717943338,0.0005876049189349125,-49.18449789895918,0.0511156784520171,0.0026190281263918282,5.658660367149027e-05,80.50141260551938,0.6698902906987734
110_Narrow,1897702500.0,1.004791671520188,0.001068775384738004,-49.51623272013007,0.019973779205026423,0.0026386215457096587,4.0137776355190623e-05,80.29229268963147,0.739646939234097
110_Narrow,1897705000.0,1.0051941335662549,0.0006522015785222179,-49.4292806411642,0.03913828262170257,0.0026277148951440125,3.247373542047017e-05,80.97973584105422,0.8096651589538145
110_Narrow,1897707500.0,1.0029864708846743,0.0005594099808551628,-49.4023061821541,0.035911503292376724,0.00263154905739302,6.721140937614667e-05,80.99030746729875,1.11134926814258
110_Narrow,1897710000.0,1.0023854212772894,0.000678049469483329,-49.42869874107777,0.04547182852767536,0.002605763191178091,6.0246450273510425e-05,80.63623436342979,1.2142803089176246
110_Narrow,1897712500.0,1.002828029225229,0.0006709286543291029,-49.55770366117147,0.04291132222310978,0.0026091369632962914,5.8046462584053364e-05,80.3350884253515,1.454880132128775
110_Narrow,1897715000.0,1.005468461097381,0.0007396655564264062,-49.333366394045974,0.045670181352461404,0.0026012235777973214,6.475502714670144e-05,80.8316042498357,0.7024418094048538
110_Narrow,1897717500.0,1.004960893271465,0.00037738987650784596,-49.477264888249294,0.030498172744625695,0.0026204786146004533,4.51133373840388e-05,80.01370161619049,1.7723302204428089
110_Narrow,1897720000.0,1.0022966244958176,0.000704838032927093,-49.425226572734466,0.04695035112557513,0.0025917935136650088,6.894379303627362e-05,80.32830405427939,1.140031160058253
110_Narrow,1897722500.0,1.0068437087191202,0.000786558158514316,-49.378657715521264,0.024933588252867542,0.0026263400672241646,2.7712817672972196e-05,80.63050230274601,1.1138875284731775
110_Narrow,1897725000.0,1.0046096115932799,0.0005796347267336553,-49.44135960477197,0.04724299999626346,0.002584964889356086,6.88878064086676e-05,80.47180917817748,1.8600882060616948
110_Narrow,1897727500.0,1.0026304840835099,0.0004683706831862387,-49.43968137379111,0.05229532911998286,0.0025744712945458314,5.4669029945581484e-05,80.823754761797,1.626604677519306
110_Narrow,1897730000.0,1.0047295376770555,0.0006746947981918217,-49.42613119961912,0.029979517435039748,0.002602627296980495,6.48420241554203e-05,80.69590092625086,1.6650562297976983
110_Narrow,1897732500.0,1.0049066605464094,0.00040192251226234407,-49.38584597686996,0.03298349315650415,0.002609521906930129,6.114300602451641e-05,80.93038364339792,1.2534331175948
110_Narrow,1897735000.0,1.009515718004758,0.0005139258357092808,-49.656223341130676,0.031532378707689504,0.0025790417065324803,3.8008054315201e-05,80.08788347539783,1.3737775084851775
110_Narrow,1897737500.0,1.0092838780464792,0.0006157327908461928,-49.56522557417542,0.026401653812514997,0.0026016494008202426,4.152769799873584e-05,80.61586347087712,1.6244307321592844
110_Narrow,1897740000.0,1.003581247294043,0.0005016108108077682,-49.50927117270001,0.04443385662784431,0.002586400193918252,7.9923493766854e-05,80.70716671729723,1.3279959334641955
110_Narrow,1897742500.0,1.0032651629276697,0.0005391584964826023,-49.416126115020795,0.02193296935382691,0.0025910718003366445,4.411300181037781e-05,80.8427227072938,1.4624425837223827
110_Narrow,1897745000.0,1.0060427142779542,0.0006796654774127354,-49.54906710417863,0.05412229544998796,0.0025677442477631345,7.543671386294855e-05,79.72695590458721,1.0194926190914237
110_Narrow,1897747500.0,1.0085938960337781,0.0005663429322966487,-49.52848109903823,0.01823517509157373,0.002557566215570769,8.669613019652289e-05,80.57117277623175,0.8601402365450431
110_Narrow,1897750000.0,1.0084394409184303,0.0004911964294181799,-49.6006906831159,0.03116739348054963,0.0026057343097607736,6.750517803926837e-05,80.07074174169043,1.1431811211097727
110_Narrow,1897752500.0,1.008836865902482,0.0007164011925118621,-49.76246515887007,0.03510196996434205,0.002532756236358664,6.133129313790257e-05,80.28506164466432,1.0995494167894893
110_Narrow,1897755000.0,1.000186926689321,0.0006290477320006193,-49.966983511690465,0.02751488044275527,0.002522579697534615,6.841082560964095e-05,79.96265170666618,1.198302384114699
110_Narrow,1897757500.0,1.0010469784531757,0.0006001007710947175,-49.71332999119861,0.04777224526042942,0.0025588962453288104,7.038297750156326e-05,79.78282205258068,1.3990949119832952
110_Narrow,1897760000.0,1.0059892846193907,0.0005066641895387402,-49.630749048307365,0.03313660598730132,0.0025625772425129055,3.7593376615273273e-05,79.99628136479349,0.9237682818646369
110_Narrow,1897762500.0,1.0097573519849041,0.0007476085205562885,-49.97959098831787,0.03861948947060746,0.002562283563371976,6.413507549905175e-05,80.734138806503,0.8242303542417769
110_Narrow,1897765000.0,1.002309431132754,0.0007950798201675977,-49.80740016916701,0.04544488803797226,0.0025487669984632947,5.138453868486469e-05,80.0916711118487,0.9691058007477528
110_Narrow,1897767500.0,1.009346676976969,0.0005080950916660333,-49.76357921184495,0.03720781328779812,0.002542504661917736,4.8956070769547425e-05,80.59293113192228,1.225120208204604
110_Narrow,1897770000.0,1.0066186948856752,0.0006701585823227387,-49.882796223885975,0.03695118349998864,0.0025673384944324457,6.609697720535811e-05,79.83022641583636,0.7176059972264904
110_Narrow,1897772500.0,1.005867020743867,0.0005429225581270569,-49.74922729901694,0.03402302444556417,0.0025574295028384644,4.5181046745802114e-05,81.15404977800372,1.2426096243010514
110_Narrow,1897775000.0,1.0076436983277348,0.0005735274148463184,-50.184402982838535,0.03176735933888013,0.002528668642735364,6.285750026125539e-05,79.52032931606692,1.3127965609503005
110_Narrow,1897777500.0,1.0072171233058635,0.0005461594764420323,-49.77435391052315,0.03982526764932955,0.0025142598942914096,5.669892587990414e-05,80.22916265272619,1.5444713177442158
110_Narrow,1897780000.0,1.0064110379767746,0.0008780645550031667,-50.00121562919385,0.023173703254224506,0.0025349046564083185,7.05424798568694e-05,80.6828185997648,0.9367638374990176
110_Narrow,1897782500.0,1.0108390175055786,0.0007941135990491835,-49.75249977337136,0.031081954876994833,0.002546093690706433,6.110388242297692e-05,80.53071518444952,0.8959203888658086
110_Narrow,1897785000.0,1.008098844792803,0.000695131485690659,-49.84622702838911,0.047900911241131286,0.0024861979794875274,6.528175106735447e-05,79.6519645054185,1.8321377856472594
110_Narrow,1897787500.0,1.0094072591546093,0.0005616121447726295,-50.05054950427202,0.04264684762766502,0.0025399298377834865,3.5826772746335886e-05,78.73623870100914,1.3036613334275864
110_Narrow,1897790000.0,1.0096587110740096,0.0005466286506061401,-49.93840968586262,0.03865964183626245,0.0025769324174250226,5.2647151665977235e-05,80.40797754283447,0.9605641287367152
110_Narrow,1897792500.0,1.001503874419514,0.00047680203737933494,-49.98681974535498,0.03334755924507603,0.002514384753093776,7.245122821508865e-05,80.51316792988557,1.7340144223404623
110_Narrow,1897795000.0,1.0059445960289697,0.0007248026310100809,-50.091954290295,0.04263270241842182,0.0025537761671004223,3.64982791225495e-05,79.74735736136662,1.2395683067328307
110_Narrow,1897797500.0,1.0095834682318299,0.0007831345349966662,-50.18287331843501,0.039153373540939014,0.0025342361136824866,4.306026953286712e-05,79.7143730124407,0.8900373352730734
110_Narrow,1897800000.0,1.0053740584872761,0.0007003725257976441,-49.901482339643195,0.04473377135912512,0.0025147154246172574,4.607267794377428e-05,79.97671199245916,0.7757662550945371
110_Narrow,1897802500.0,1.0074818347882877,0.0005965929313396049,-50.03341209650313,0.0337573712016042,0.0025195333743487864,4.0215062546267706e-05,79.88342014461023,1.45193652439093
110_Narrow,1897805000.0,1.00797307321224,0.0006838804268621341,-49.89576037445024,0.027699205555726674,0.0025120829334618656,5.9530773953764664e-05,80.0426187015483,1.037654686554042
110_Narrow,1897807500.0,1.0079544976417312,0.0006691175292049161,-49.882189609437425,0.034710047781790876,0.0025387067167230697,5.201366988402756e-05,80.18672211050759,1.370564497487629
110_Narrow,1897810000.0,1.011196915499336,0.0007285541022727579,-50.12951359783474,0.027039967522960524,0.0024845487786885495,4.4731015239255125e-05,80.44623704157586,1.483307730489568
110_Narrow,1897812500.0,1.0101388600594645,0.000496131351937562,-49.88701052411398,0.04274976392393524,0.0025446498120818618,5.9509074334240744e-05,79.83853020756136,1.1421322953304989
110_Narrow,1897815000.0,1.0096258423539521,0.00036752321457461147,-50.16391843226907,0.022769298774667074,0.002492973181994212,5.839799242929072e-05,79.87653423582552,1.6717635831645838
110_Narrow,1897817500.0,1.012523488550792,0.0005454722697501963,-50.1439784528359,0.01966315967289673,0.0024631303247171664,4.845537080007806e-05,79.82288220834093,1.1900376390439398
110_Narrow,1897820000.0,1.0105404240166138,0.0005723701555260207,-50.05448237404475,0.04605072726436237,0.002518090198711029,8.83298787988613e-05,79.47509164895563,1.5161322281471457
110_Narrow,1897822500.0,1.0113768683334623,0.0006756183099512819,-50.12088194519178,0.039054894744337355,0.002487330539373915,6.44639218975665e-05,79.63002659556226,0.863698957702144
110_Narrow,1897825000.0,1.0116050251832174,0.0006837101633525533,-50.17461167554954,0.03391857824009712,0.0024748645430463408,6.340564803185125e-05,79.25415143629704,1.164921762186485
110_Narrow,1897827500.0,1.0088172847098837,0.0005391478055867693,-50.041802726852396,0.04216204932175567,0.002495708555726091,4.429157797192312e-05,80.79791781747207,1.0016355427690462
110_Narrow,1897830000.0,1.0118279763755553,0.0005729044815812185,-50.341282537587865,0.033918602452932586,0.0025221958797015686,4.564942337893965e-05,79.93852217302876,1.040476843826427
110_Narrow,1897832500.0,1.009447263718462,0.00052787864728413,-50.157411697120125,0.036293366337480586,0.0024752441749573677,7.082793124548213e-05,79.23758127456684,1.2064017391014559
110_Narrow,1897835000.0,1.0092450374800979,0.0010536466316365433,-50.33751193639602,0.03980833537926238,0.0024882340820920356,4.3726363849049896e-05,80.29141194576823,0.9640545395072435
110_Narrow,1897837500.0,1.0084400216377745,0.00073028861208655,-50.1935362597626,0.03827675428195233,0.002460479746806925,6.530543284351686e-05,79.79495746047847,0.7785527859618396
110_Narrow,1897840000.0,1.007842980586907,0.0006179220040358406,-50.19075010789769,0.030400910356437088,0.002497867319955096,5.406792648258074e-05,80.15147658043914,0.968661519542159
110_Narrow,1897842500.0,1.0084466868961541,0.0008351085394157597,-50.22183403681844,0.03292059189289138,0.002478777002767802,5.966541952633047e-05,78.97905537126177,1.3679597041575158
110_Narrow,1897845000.0,1.0059415542419958,0.0007565816745157381,-50.07731267316327,0.0347852243593055,0.002474543722727845,5.0413701909660725e-05,80.02445157365946,1.8438666869378415
110_Narrow,1897847500.0,1.0098146308858784,0.0008617947262700276,-50.04107236097923,0.03265610805559648,0.0025061305768854436,6.132539505369024e-05,79.95481323005723,1.1398679163045722
110_Narrow,1897850000.0,1.011573484830645,0.000673367871480033,-50.389802286703755,0.031964200425162834,0.002461137204440111,2.6216681046168223e-05,79.63681106707665,1.2221713794634708
110_Narrow,1897852500.0,1.0121716109738426,0.0006074326795619736,-50.37431613671227,0.03018542623990134,0.0024774808592691227,8.746859917049757e-05,79.23725541470156,1.6257128201387336
110_Narrow,1897855000.0,1.0119701197657,0.000530328808926897,-50.3095051233711,0.03226612770889069,0.0024800387649405787,3.483699006571542e-05,80.00916894362446,1.329892179413255
110_Narrow,1897857500.0,1.0097199059862918,0.0005039519131634862,-50.22996051089477,0.045815555384504776,0.0024622041900020115,5.113870431518759e-05,79.61229657146784,1.604544790317586
110_Narrow,1897860000.0,1.0115958877031552,0.0006927418196974998,-50.62005626214449,0.028569496131617935,0.002479070498572155,3.590838007360357e-05,79.82939625623689,1.328631347273607
110_Narrow,1897862500.0,1.0094505079159115,0.0006545096680200553,-50.32445382298187,0.03766407360938425,0.002472474708972272,6.653825026298646e-05,80.0851578389441,1.3960822462932028
110_Narrow,1897865000.0,1.0115101772183572,0.0005797613914742457,-50.3334111762947,0.028133619589582937,0.00246507313079331,6.256511641672227e-05,79.63244479819448,1.4133364259836056
110_Narrow,1897867500.0,1.0085015856509065,0.0006593246680983379,-50.29206690017553,0.04258148723780171,0.0024378924235976475,4.253239052473783e-05,80.59010652567686,1.0855589880900325
110_Narrow,1897870000.0,1.0086466757344061,0.0003984420751119089,-50.47672963570463,0.04028338128722172,0.002456534014077642,5.045850946873896e-05,80.3298259344419,1.217975575596274
110_Narrow,1897872500.0,1.0121803006199763,0.0005504776679780218,-50.32015638024977,0.04720466926084042,0.002450373459608724,7.619196891616413e-05,80.49894079746444,1.4166584689616821
110_Narrow,1897875000.0,1.0095702308489092,0.000607153064821386,-50.1433611523875,0.03975085538913124,0.002439233000641366,6.134061924081675e-05,79.70684998931972,1.2309285817847684
110_Narrow,1897877500.0,1.0140481972228628,0.0008703107510623022,-50.510892704838085,0.02768106669925847,0.002416957804653637,4.8149620287311406e-05,80.36283401475626,0.8065318274203308
110_Narrow,1897880000.0,1.0075392410802009,0.0007899215435042595,-50.37944277313144,0.04842263562707365,0.002411342617172573,7.445843310147314e-05,79.49922690659733,1.3014712255368897
110_Narrow,1897882500.0,1.0139569410387896,0.00047128517265098015,-50.30572071189613,0.034620559052002293,0.0024227972800110586,6.646519125945748e-05,78.66323368035356,1.2570998320431985
110_Narrow,1897885000.0,1.0125622921559196,0.0007095045439119788,-50.37312264223841,0.04705824474183226,0.002459261130774771,4.691604309840402e-05,80.3289726864123,1.317446975275388
110_Narrow,1897887500.0,1.0105498495410241,0.00044413188513243805,-50.50361476332898,0.02771571931225207,0.002454284826164134,5.1673738243794395e-05,79.84725730737264,1.397799637266919
110_Narrow,1897890000.0,1.00975305471552,0.0005051513366820514,-50.4961808668181,0.03826844658787132,0.0024397555825530553,5.9389180015082806e-05,79.69696143412992,1.7078696518674237
110_Narrow,1897892500.0,1.0131190062409425,0.0005333787326954807,-50.47573491524512,0.0317075334192846,0.0024267634778434976,4.239477743434481e-05,79.61955909489349,0.9514820413098719
110_Narrow,1897895000.0,1.0098752912334639,0.0004176028981179502,-50.51363350841147,0.02894086166491462,0.0024183718297120503,5.778250676467699e-05,80.16338391624609,1.2169331983851313
110_Narrow,1897897500.0,1.013638177209064,0.0005677158604667274,-50.605033097523695,0.043657920467298494,0.0024003432639412856,7.836532939932121e-05,80.23423076011518,1.3675403599368336
110_Narrow,1897900000.0,1.0120779095972063,0.0005965574638483198,-50.7188308535029,0.0249078289652424,0.0024273545968113972,5.527603634117364e-05,79.48613413180776,1.9316841551436
110_Narrow,1897902500.0,1.0126510837091116,0.0006832008751992398,-50.32495575286222,0.03890672771681697,0.0024537668441639367,4.149244801145473e-05,79.15720164732394,1.44628207452628
110_Narrow,1897905000.0,1.004564933391354,0.00064039598336285,-50.82702149885493,0.03645022882248681,0.002458301525725812,5.7757535540581034e-05,79.11396186251555,1.4391641145664567
110_Narrow,1897907500.0,1.0111661655928583,0.0005500320283333062,-50.59067589562027,0.042370726130345766,0.002408601735614488,6.230857609094749e-05,79.73009841969343,1.5295737345920715
110_Narrow,1897910000.0,1.0133149737688825,0.00033634124858211673,-50.44687374683843,0.037551178933399425,0.0024101196671468044,7.771670805289581e-05,78.95911461057621,1.012209542638107
110_Narrow,1897912500.0,1.0084568481859901,0.0005517486906422782,-50.76991023724842,0.044284767795713505,0.0023729666759199283,5.1154322435554356e-05,79.10709994292306,1.5369975460422334
110_Narrow,1897915000.0,1.012686429217822,0.0006124159671753488,-50.62649681118985,0.03806379386190756,0.002424801273936784,6.474699169611369e-05,79.56731822982442,1.1000000991172674
110_Narrow,1897917500.0,1.0147457511520823,0.0005422722415095141,-50.527408712790404,0.04013905871004871,0.002410260655332685,5.856648681218507e-05,79.83603658214341,1.6643995777046021
110_Narrow,1897920000.0,1.0146414491501843,0.0007734713581808608,-50.52923786482313,0.04462760219682842,0.002395213389614564,4.453235021796893e-05,78.71380773233462,1.7361134656484047
110_Narrow,1897922500.0,1.0110134786974772,0.00030265580405641496,-50.84208986076592,0.035194806359279594,0.0024148223030120894,6.616542960017289e-05,79.15325174106847,1.6519479478302368
110_Narrow,1897925000.0,1.0130769577517076,0.000891146345511697,-50.80408681088534,0.035412753223599616,0.0023814666436051245,4.534532480404743e-05,79.24257093815449,0.9832653415351105
110_Narrow,1897927500.0,1.0077542436879394,0.0007133013470207558,-50.57057503038977,0.03876909245075275,0.0023702618276930194,8.041350848635623e-05,79.83640348530443,1.5043029531868939
110_Narrow,1897930000.0,1.0083669868796323,0.0007624187630493754,-50.668549343958226,0.033664180267466544,0.002379976735120722,8.73578822877833e-05,78.73816602011107,1.5832789841665802
110_Narrow,1897932500.0,1.0094960243316242,0.0003774418696300754,-50.83405229693041,0.049852322841279086,0.0023726116513430383,7.17746545111209e-05,79.21869973700308,1.4968455532994722
110_Narrow,1897935000.0,1.0138258286727329,0.0005656914722607091,-50.71789972546084,0.030429631430910677,0.002396361167929441,6.853492544562521e-05,79.74016002966775,1.1238048424629956
110_Narrow,1897937500.0,1.0113183292026062,0.0005769651420645332,-50.80542960232974,0.03733321762879372,0.0023536572715406215,6.558682207003304e-05,78.94228291922501,1.661770565631771
110_Narrow,1897940000.0,1.0149719878540306,0.0005756769978845659,-50.79953676444912,0.0229863476163721,0.0023745433808278335,8.191684224097571e-05,78.39512083210028,1.923261965115689
110_Narrow,1897942500.0,1.0120270521102932,0.0005713570774096397,-50.74177718412001,0.03900066225435962,0.002382418583135229,6.054809141697699e-05,79.17282217051962,1.526019377126527
110_Narrow,1897945000.0,1.0134901107963847,0.0005856540167499655,-50.93588127296006,0.03353768228342734,0.0023669009238447983,6.391237777546242e-05,79.85111302085186,1.3961434038406897
110_Narrow,1897947500.0,1.0165868166973857,0.0007630831285502686,-50.47801661706142,0.04643587878552585,0.002404357354069075,5.0861551040909015e-05,79.62705217681379,0.8482888861750633
110_Narrow,1897950000.0,1.0146684787535643,0.0004593339420383164,-50.49656019817258,0.04281772022671341,0.0023725010941983357,6.876622228887536e-05,79.78421294212491,1.4560400531793336
110_Narrow,1897952500.0,1.0118975278734132,0.000637186188142837,-50.79202760511581,0.041904408328300634,0.002395501427329938,6.538224736129236e-05,79.57469487942697,0.8695763718960042
110_Narrow,1897955000.0,1.016442580746129,0.00035193104554937004,-50.71170002201505,0.03666655646576483,0.0023545226062228384,5.7979504705327615e-05,80.17470083980231,1.2349607004054906
110_Narrow,1897957500.0,1.0144457368476474,0.0006019151695719211,-50.83158804336312,0.05302671136299666,0.002347433410582299,6.784522888234154e-05,78.94054555080238,1.6321679755848864
110_Narrow,1897960000.0,1.0108463702417743,0.0005573918146465907,-50.81421334672523,0.036092503366787584,0.0023375846953485537,6.501851929495652e-05,79.90496293923536,1.6738123828299776
110_Narrow,1897962500.0,1.0122721787944773,0.0004928460754179021,-50.7818856216678,0.04346380439274812,0.0023705118500747255,5.750075073243937e-05,79.10080108752106,1.8372499355191418
110_Narrow,1897965000.0,1.01226832556363,0.0004095053778737776,-50.855670892013116,0.03661380050430222,0.0023408010081063394,6.0936633089590315e-05,78.75421945693557,1.3193257591864698
110_Narrow,1897967500.0,1.0129194853874466,0.0007524731651282665,-50.86580142084949,0.04306206526944719,0.0023547734097132083,6.47243809697469e-05,78.5324372859592,1.7081921993816278
110_Narrow,1897970000.0,1.010802865307964,0.0005985700748552658,-50.79755392216964,0.0238097826172744,0.002334255422204525,6.8486762628308e-05,79.10824420666023,1.1438470175380169
110_Narrow,1897972500.0,1.0132204058846452,0.000545220190919425,-51.025979064149944,0.041056536876856585,0.002357311947665567,4.5056971821679584e-05,79.11258321910235,1.4685210094699335
110_Narrow,1897975000.0,1.0142057935936821,0.0007506011983911557,-50.86929640184055,0.03742478457512121,0.0023371708006569296,5.153692899143494e-05,79.0584834786693,1.4085071499491517
110_Narrow,1897977500.0,1.016789090327716,0.0007637244825907852,-50.90344286202179,0.03296535725089312,0.002365779666608052,4.411952070930208e-05,78.71695959016255,2.058311005185888
110_Narrow,1897980000.0,1.0156351931482133,0.0009226219012196164,-51.06321351585663,0.03981179167893622,0.0023454769692509148,4.8930562050375616e-05,79.37862054875782,1.0807618089846855
110_Narrow,1897982500.0,1.019154818587404,0.0007152593635704372,-51.24091916678756,0.04462105207655391,0.0023666012105072985,5.274649062089048e-05,78.87158151360065,1.3859968982058462
110_Narrow,1897985000.0,1.0172690881625672,0.0005471922938946127,-51.123870043697096,0.03165063051698507,0.0023137165438221596,6.447737427813584e-05,79.16310441058033,0.6652538237335349
110_Narrow,1897987500.0,1.0145024786587313,0.0007037103850846895,-50.793397554591486,0.03976142174354405,0.0023210353365496718,5.6330622556432314e-05,79.76558967817444,1.3627007388739076
110_Narrow,1897990000.0,1.0148157203056023,0.0005334731412373162,-51.150670364609816,0.031087544915104428,0.002339526222647496,5.86411663910356e-05,79.40119583861765,1.0330914717505313
110_Narrow,1897992500.0,1.014922319754866,0.0007156150332749354,-50.87066711316221,0.037347313934116576,0.0023144008703047583,5.8626293700327734e-05,79.18701043719068,1.2963921098343099
110_Narrow,1897995000.0,1.0116414721462246,0.0005825000364433787,-51.035813072822585,0.02769101955965795,0.0023424058703159895,5.994611905283813e-05,79.91584643545967,1.4199960794137119
110_Narrow,1897997500.0,1.014024134831946,0.0007857360275485933,-51.08398618362858,0.02870040209032202,0.00233269372175324,3.889200655663415e-05,79.9116064326262,1.5940617712778526
110_Narrow,1898000000.0,1.01836261456744,0.0005650212839662069,-51.18116665178106,0.040470332502754315,0.0023449176915729566,5.713120408169622e-05,78.94671866039893,1.8217280143452903
110_Narrow,1898002500.0,1.0166510494084335,0.000924548797451424,-50.9969470850777,0.04567321135963754,0.0023221659926062226,6.425137313188136e-05,79.25299707117834,1.4012280140300757
110_Narrow,1898005000.0,1.0118886573778842,0.0005627655113084562,-51.18127453881961,0.03560665068528889,0.002315843248459918,7.032532949079217e-05,78.67806120683497,1.275242354561508
110_Narrow,1898007500.0,1.0120770926192133,0.000681634617397709,-51.062716362552905,0.030096619953376688,0.002311067320571108,5.567556417666232e-05,78.90192765684819,1.7464896589485428
110_Narrow,1898010000.0,1.014978625858745,0.0007597533969725325,-51.19004844881996,0.03878604626945989,0.0023268144820001446,6.619920188392354e-05,79.77730723182604,1.3992353371056316
110_Narrow,1898012500.0,1.016669956276538,0.0003665499998596974,-51.3673567903865,0.045819930423166004,0.0022734049979070137,5.9708690487016676e-05,79.20079007745628,0.7254234713594451
110_Narrow,1898015000.0,1.0132270231506229,0.00047996769061062124,-51.23116255024759,0.03741652609491803,0.002317383340447598,7.115370141014523e-05,79.33542549885648,1.7063413247225367
110_Narrow,1898017500.0,1.0133862613826117,0.0005856981866887998,-51.411693419340196,0.02395969613724177,0.0022867936455673987,5.992327352932813e-05,79.02096496701598,1.5490506462652598
110_Narrow,1898020000.0,1.0167814282252619,0.0006040057596571187,-51.099524306420264,0.02438721599123036,0.0023257394876356483,5.902826696188892e-05,79.79849588600413,1.2463008965782831
110_Narrow,1898022500.0,1.016124975175947,0.0006577022089098659,-51.25524778649792,0.03623965901112614,0.0023139344815441697,7.927076192377722e-05,79.02866721140751,1.6167257136158182
110_Narrow,1898025000.0,1.0128512976246562,0.0007130708726784538,-51.18095337766683,0.02311046414724667,0.002298637234384728,4.985848618565867e-05,79.74397316066913,1.2318544606414752
110_Narrow,1898027500.0,1.0153937505686088,0.0005157951883459469,-51.27162623784598,0.0261763200874981,0.002287200461184629,5.474450732515491e-05,78.85455277577886,2.126987905873931
110_Narrow,1898030000.0,1.0186395295093686,0.0005684992785625213,-51.31708021860784,0.04242347309406985,0.0022751074740660995,5.1911723562080116e-05,78.1354421318452,2.2536329898893936
110_Narrow,1898032500.0,1.0132595718746458,0.00083594915540401,-51.227461941425304,0.05795108003323986,0.002266912696106246,7.203559223585368e-05,79.48117858699112,0.9904384081962044
110_Narrow,1898035000.0,1.015076285636435,0.0006302056142278352,-50.93174022935242,0.03438127662399741,0.00228995997080327,6.973064170116308e-05,79.49286712899801,1.4156458740053248
110_Narrow,1898037500.0,1.0163529423001854,0.0007453237119113392,-51.356076136253236,0.03960994384760735,0.002307370654735469,3.1645408584678826e-05,79.11686499422294,1.1860858464041832
110_Narrow,1898040000.0,1.0188163810911564,0.0009567735516050312,-51.28690568752855,0.04169764914819745,0.002267279066834412,5.263340269480691e-05,79.2049094400027,0.9993857673200329
110_Narrow,1898042500.0,1.0160216042781898,0.0007990465708165817,-51.19249718814519,0.045210412640655256,0.0022995458514422917,7.34322335506061e-05,79.80120957551647,1.6356979115590862
110_Narrow,1898045000.0,1.0118310546493805,0.000504303005854401,-51.274963349020105,0.02540133651649627,0.00230767490009717,5.838454428231471e-05,78.94158064849694,0.8186503781164731
110_Narrow,1898047500.0,1.0181079888548408,0.0009690174123367552,-51.111636379471136,0.04656816877220668,0.002267469406652333,6.090399355548585e-05,78.24757769253455,1.0224040339044875
110_Narrow,1898050000.0,1.015455321223156,0.0006504467188548595,-51.107481176841794,0.02937234781242729,0.0022800403444803974,5.461431675014982e-05,79.05656315406479,1.5946477305977311
110_Narrow,1898052500.0,1.0199708212248253,0.000917438562979689,-51.308751313265944,0.05252044474356381,0.0022436410027969135,5.303120637486293e-05,78.39948248876802,0.8655841244300873
110_Narrow,1898055000.0,1.0200906861791958,0.00042017464297958076,-51.38319830671686,0.03056651313768245,0.0022819007383114774,8.390861439348559e-05,78.77446899412774,1.3381234445490102
110_Narrow,1898057500.0,1.0166480026204316,0.0006406743822548402,-51.288129777909774,0.031024008455892597,0.002272848058135838,3.265880163902369e-05,78.33616009136591,1.1854735023905063
110_Narrow,1898060000.0,1.017872758700373,0.0007558344479970288,-51.39258186706379,0.041110141046988485,0.0023081609371215055,5.016038747944445e-05,78.52675399153088,1.6730438136273373
110_Narrow,1898062500.0,1.0171974145174822,0.0005497813959206605,-51.362158248575405,0.03599991657302172,0.002266293352916582,6.826368521880189e-05,78.80434542072199,1.656005401404385
110_Narrow,1898065000.0,1.0155123541126025,0.0010568849855748371,-51.1768098408499,0.03604321193473488,0.002257696971761586,6.920243142592921e-05,78.17751560497912,1.5300609325989292
110_Narrow,1898067500.0,1.0143671204395452,0.0007062533111319626,-51.50796119915556,0.04516323799282809,0.0022469641479063163,6.058009934636281e-05,79.12107156415799,1.9802206642123366
110_Narrow,1898070000.0,1.0181374699045955,0.0006589780242522327,-51.452103857623584,0.03209290454167041,0.002266156019595267,6.250203057301289e-05,78.82991345357037,1.10375471594459
110_Narrow,1898072500.0,1.015834124667227,0.0007165063534234651,-51.10881731287141,0.031533709274853224,0.002251748812831183,1.7928826315009593e-05,79.20516159636233,1.0863730653022483
110_Narrow,1898075000.0,1.014968649965581,0.0005363182810981129,-51.45533008418025,0.028170311970182747,0.0022247224170286,5.981091274023509e-05,78.222380590268,1.4198305159146853
110_Narrow,1898077500.0,1.0166084934557547,0.0006216651619181507,-51.42268730230554,0.044983441693664555,0.002304008240898115,6.042136021422161e-05,78.0586720660855,1.3041271071953504
110_Narrow,1898080000.0,1.021755610305087,0.000797068769853918,-51.33036188534349,0.020412694298498645,0.002267713109179922,7.104792800595886e-05,78.13267451656486,0.8928016363451861
110_Narrow,1898082500.0,1.0187950873806557,0.0006094582023595076,-51.407652253088806,0.03469222357720706,0.0022934484389147062,6.135418604732754e-05,78.41098441213188,0.9475194363618316
110_Narrow,1898085000.0,1.018729090078424,0.000664602021050836,-51.37136248093083,0.034985154106770694,0.002271945441599531,5.325447152502867e-05,78.68248113782748,1.2747054426570814
110_Narrow,1898087500.0,1.0172693463997848,0.0008749283444661967,-51.43658494744215,0.03310142377256372,0.0022971414020515986,5.597789262336958e-05,79.54724656359893,1.5142277440800669
110_Narrow,1898090000.0,1.0189749235474,0.0007589238045076083,-51.38615369298778,0.04660729713580906,0.002209739200687685,5.838975741199272e-05,78.82537976590206,1.365150292588445
110_Narrow,1898092500.0,1.0160761147369712,0.0005878992634321396,-51.66694813941965,0.047525413905362544,0.0022384796904436626,9.251452201184975e-05,79.81959952596173,1.841262670501324
110_Narrow,1898095000.0,1.0171227234193214,0.00047259585124441824,-51.6242165463715,0.04986452368924362,0.002227767589052272,4.5874823243479464e-05,79.05581175026178,1.1903732750953293
110_Narrow,1898097500.0,1.0148995088796045,0.00040674682425664106,-51.32117793717311,0.03233219045356985,0.0022274423079947413,6.198865981797932e-05,78.73640825580723,1.5053396129735328
110_Narrow,1898100000.0,1.0168350464125493,0.0007166142478179062,-51.58648974526435,0.04776438326692459,0.0022033184709661785,9.194533304951918e-05,79.22292002787307,0.7534610454410305
110_Narrow,1898102500.0,1.019639006512016,0.0006746910613727549,-51.79998841324416,0.036324299423457114,0.0022447440116376725,5.107762999378795e-05,78.19244420324976,1.9051718975404954
110_Narrow,1898105000.0,1.0148877193313108,0.0007196796004045215,-51.45471686283059,0.045977969533835726,0.00221911954363865,5.9989876786297616e-05,78.6218797371952,1.5941167037225614
110_Narrow,1898107500.0,1.0167539713305027,0.0006537575632186836,-51.61470798590305,0.038100117926112086,0.002240066573315441,4.177394532262247e-05,78.52155255903901,1.3268942687519734
110_Narrow,1898110000.0,1.0168395137592046,0.0006024489210572708,-51.431326590818934,0.034255704903788896,0.002235564295513771,6.910534500851581e-05,78.50962242453069,1.8101823054310209
110_Narrow,1898112500.0,1.016989862091682,0.0007428265292572675,-51.323695152253485,0.03723312014581408,0.00222116072064139,5.027278104276612e-05,79.78375004748419,0.9747807138426539
110_Narrow,1898115000.0,1.0153374893899563,0.0003887142771128073,-51.563184447407025,0.03981216874588966,0.0021980440404871108,6.233375193840952e-05,79.1683985473328,1.449360462196461
110_Narrow,1898117500.0,1.0182828545475269,0.000434715196363204,-51.60059644282203,0.026564022469167427,0.002233397592355795,6.63954252743037e-05,78.78429347129148,1.03008131456545
110_Narrow,1898120000.0,1.0155098534238878,0.0006204432970475838,-51.646710423744445,0.05574548717867806,0.0022224264486881587,5.889286852676867e-05,79.17753661825478,1.4234243352101432
110_Narrow,1898122500.0,1.0179174965178535,0.0006750031406843074,-51.56831461652569,0.03904745384448573,0.002176892514854046,6.20385515314393e-05,79.43611234428019,0.7824335630574681
110_Narrow,1898125000.0,1.0133759752915799,0.0006537080510199177,-51.5361716332911,0.03140770108887089,0.002222777014030998,6.361147532603387e-05,79.50001605124845,1.9460753037540583
110_Narrow,1898127500.0,1.0200082783014475,0.0006407641496334624,-51.611599519339556,0.043562838195572606,0.0022243287620901473,7.005528579957799e-05,78.50045405355826,1.5499565140786564
110_Narrow,1898130000.0,1.0200446778080126,0.0006367130732178873,-51.57673301471615,0.026185522471120205,0.0022195059247599406,5.1056793462075436e-05,78.05536356178455,1.122864532077277
110_Narrow,1898132500.0,1.0225195969182237,0.0004307235723689655,-51.38541613206358,0.03355394686849131,0.0022323589326592092,6.338177751125725e-05,78.67443583330285,1.384775254805965
110_Narrow,1898135000.0,1.0183196039724387,0.00043506464824081,-51.691828894641425,0.02503858540235443,0.002244024734009655,4.092343986397415e-05,77.59195326351694,1.4680190888213516
110_Narrow,1898137500.0,1.0214801360648915,0.0004754263741519653,-51.437578682502576,0.04084200271055362,0.002218014786211796,6.793741914727213e-05,78.4961935121219,1.1675167259906536
110_Narrow,1898140000.0,1.0184223209250567,0.0004534145269607508,-51.6514259884822,0.039417919148629306,0.002215001513338155,6.273039903676304e-05,77.98391802660281,1.0782418306960908
110_Narrow,1898142500.0,1.0189986730492369,0.0006021960163113872,-51.489159458967364,0.033016892834108955,0.0021971134743606464,8.197649864434066e-05,78.10927465060922,1.4173610946588338
110_Narrow,1898145000.0,1.018738132462604,0.0006421779228327489,-51.54294590395947,0.027992468588994103,0.002189161533082185,5.718532827710841e-05,79.40319143608484,1.5595178276432349
110_Narrow,1898147500.0,1.0189964572819903,0.0009160017117105955,-51.49691811722406,0.02753571849590353,0.0022007827441562983,7.022074078238234e-05,78.3323364061474,1.499571913686865
110_Narrow,1898150000.0,1.0204862680211035,0.0004428983565201359,-51.836335873946354,0.03828213915489626,0.002196148906714104,6.268619273418582e-05,78.64892050169783,1.3695071745420087
110_Narrow,1898152500.0,1.0194264243743996,0.00044462723657906445,-51.55095301780862,0.017703414733237114,0.0021553292606387104,6.263784491624697e-05,78.19444723937258,1.1259178109841805
110_Narrow,1898155000.0,1.0203042237166926,0.0007935587093148138,-51.82894772152656,0.051321801278624596,0.002197094737307256,4.493608043190875e-05,79.20267259287576,1.8053574461155886
110_Narrow,1898157500.0,1.0152137199309335,0.0007719633899539115,-51.71149692160087,0.044525328852563155,0.0022042272418136785,4.652391240604207e-05,78.18420032730624,1.0876269939661887
110_Narrow,1898160000.0,1.0206336969188428,0.0006197678478667991,-51.657749013973756,0.027317158230097647,0.002200825518077176,7.470513651969505e-05,78.68134841019585,1.7731125840327293
110_Narrow,1898162500.0,1.0225197108220072,0.0005512305986349877,-51.46806637696627,0.03271473218473277,0.0022195905188464233,6.0643448417009886e-05,79.61103972707693,1.153456981396069
110_Narrow,1898165000.0,1.0165878209090442,0.0005302877123402424,-51.752431270562155,0.036802901345491974,0.0022100116704220204,6.011498822194675e-05,78.85591247437746,1.003340703211395
110_Narrow,1898167500.0,1.020846861858911,0.0005693463216821524,-51.821904644589736,0.02759854341278976,0.002217131334860294,4.032506081846524e-05,78.77767374482801,1.7554057581870293
110_Narrow,1898170000.0,1.0180813072634047,0.0004904755058609849,-51.95418635233726,0.02882532449346863,0.002197272279986657,7.52484324147589e-05,78.89946341671896,1.152859743840736
110_Narrow,1898172500.0,1.0247782720849452,0.0007853902455420809,-51.7271952639383,0.0349875860217928,0.002219762863476765,4.903889553355787e-05,79.30380278058419,1.1362955491530013
110_Narrow,1898175000.0,1.0163125122275911,0.0007457325404138505,-51.824793319719,0.027709391163154483,0.002195291617792709,5.472030271724994e-05,79.10864179678022,1.2397379343293542
110_Narrow,1898177500.0,1.0177458031970288,0.0005983163148705596,-51.72079845748552,0.05252220247016495,0.0021779251196570896,4.126877089384527e-05,78.35141445772439,1.4809437172560433
110_Narrow,1898180000.0,1.0148489381901376,0.0005687624728305959,-51.69635655465477,0.037879484221659106,0.0022067587722757534,7.702058278887612e-05,78.6641670554181,1.1294961912149812
110_Narrow,1898182500.0,1.0229375805953937,0.000503068124436915,-51.81345312073468,0.03086949866678586,0.0021918229284595843,3.4002071606185964e-05,79.0179954275817,1.3190730522441696
110_Narrow,1898185000.0,1.0200983104202528,0.0007525098247117341,-52.139066481628056,0.04111322413742563,0.0021924239646479685,5.248957826584925e-05,78.42647701014675,1.14777704403405
110_Narrow,1898187500.0,1.0147995764566218,0.0007011576489490143,-52.02859505332079,0.03062189075773416,0.0021459758965313267,6.374574894488971e-05,78.91146361427816,1.8487905047869384
110_Narrow,1898190000.0,1.018867549222915,0.00080135249123996,-51.51597801776466,0.03797646613247871,0.002178294893052527,4.756465782629259e-05,79.0097527171971,1.5163476550914834
110_Narrow,1898192500.0,1.0163769902357482,0.000654498267463059,-51.759264606058885,0.02568392248988937,0.002163989143570082,6.926540463087688e-05,78.9869492904974,1.61551112662798
110_Narrow,1898195000.0,1.0167446598117582,0.0008080526719498861,-51.67284441037533,0.030491179795876535,0.002136745337282473,4.935313833209626e-05,78.44181081247271,1.8844435759289913
110_Narrow,1898197500.0,1.021186302846163,0.0004046470476214361,-51.60610605664532,0.027365449341958514,0.002190693824850861,4.042123982917726e-05,78.2961244258306,0.8774238928018621
110_Narrow,1898200000.0,1.0260308141233554,0.0008047392294738038,-51.82239745748243,0.025454589126216128,0.0021916302978968122,5.572566372395428e-05,79.30549038524852,1.2147971327644413
110_Narrow,1898202500.0,1.0218501990509026,0.0004321348391452798,-51.98759960055969,0.037488991492221756,0.002157890455588154,5.4082720596400965e-05,78.6441296542201,1.1531710119805563
110_Narrow,1898205000.0,1.0219304766897281,0.0007549905202250915,-51.845914161558724,0.042332698133007975,0.002145762968178998,5.8747480176948515e-05,78.23385017998747,2.294006792689036
110_Narrow,1898207500.0,1.019498906200598,0.0007283933569600865,-51.792952814076244,0.036273752676109,0.002159505690352272,7.410283979235355e-05,79.06839188685294,1.4662332665666415
110_Narrow,1898210000.0,1.020071399433189,0.0005488294319127366,-52.10848854875255,0.053345550902497194,0.002157338436340811,4.7770714023824995e-05,78.0930251717165,1.3380433598358925
110_Narrow,1898212500.0,1.017751043476655,0.0006871797941641105,-51.79328403118577,0.028429321493305935,0.002124398968460753,4.429781696298602e-05,78.47148751714066,1.4022182978639495
110_Narrow,1898215000.0,1.0178550666706436,0.0006833863538787668,-51.93228066854855,0.021017071235147212,0.0021783229862052697,4.123348398032448e-05,77.72582307974226,1.8364128471622285
110_Narrow,1898217500.0,1.0203991301658015,0.00046466338119690594,-51.922495216459424,0.03673950183637336,0.00212879497453097,5.928451558470572e-05,78.12125356415608,1.2178186530486512
110_Narrow,1898220000.0,1.020593059621385,0.0006181240674970761,-52.193559570265045,0.04300229420808527,0.002169237885956066,6.404988519225711e-05,77.79302737524104,1.4068130610499465
110_Narrow,1898222500.0,1.0217524133058908,0.000631035738454551,-51.85262424226701,0.04060075298098075,0.0021503836758513407,6.063430470153745e-05,78.81093189440017,1.4962448285095264
110_Narrow,1898225000.0,1.0178130663933318,0.0007351368467549581,-51.94966023804521,0.046254078136908024,0.0021394829108803124,5.4859618743690044e-05,79.07018828751059,1.2652667786342562
110_Narrow,1898227500.0,1.0198345138035019,0.000695477253409194,-52.01953959665384,0.02772023739151776,0.0021351848195996005,4.76616019380836e-05,78.60960096956669,1.1096685550205259
110_Narrow,1898230000.0,1.0209598667408715,0.0005678699765884839,-51.97986703356321,0.05070714598595411,0.002150426776089263,5.262711109271545e-05,78.56270344086425,1.229979779091988
110_Narrow,1898232500.0,1.022934977180262,0.0006628052541807042,-52.16794888114897,0.038748959864242906,0.0021451757643156893,6.794849873303459e-05,78.27093465222617,1.8029351670020692
110_Narrow,1898235000.0,1.0180225775506475,0.0005794567460345327,-52.14254295467165,0.03081656082977133,0.0021185559825392174,5.9330038468897816e-05,78.63093524111636,1.603657569998009
110_Narrow,1898237500.0,1.023659439304145,0.0006810525656979446,-52.12316873204725,0.030708816520052355,0.00214758639011569,5.685958792297081e-05,78.65080320654394,1.9106378270730318
110_Narrow,1898240000.0,1.0206836594965603,0.00035478875723762843,-52.117546981728545,0.025342333236780125,0.0021454743304671797,4.44084671932366e-05,78.07417713417945,1.7652685470539142
110_Narrow,1898242500.0,1.0222220343448527,0.0004890176839040609,-51.99241843328174,0.03826659639035736,0.002132067235867839,3.975356612245602e-05,79.05089039112556,1.1133442112012348
110_Narrow,1898245000.0,1.0213458676041118,0.0003897868576351334,-52.27107321352544,0.03207215107612564,0.002132462306464535,3.6987647636657204e-05,78.25491901105985,1.9275078794725633
110_Narrow,1898247500.0,1.0180221945951873,0.0006189535286644645,-52.11658114175125,0.041442908348414846,0.0020945568217267648,5.886087370823948e-05,78.9073031067209,1.0853919857384435
110_Narrow,1898250000.0,1.0215622196369374,0.0005582837753540766,-52.117031962291485,0.031164323777003542,0.00209965167521534,4.881528217535853e-05,78.51214343171326,1.220550877886329
110_Narrow,1898252500.0,1.0195197611989724,0.0006193417919846934,-52.17698481907328,0.045028063866756854,0.002146616522302974,6.016934647521437e-05,78.05176458035763,1.5269639300107942
110_Narrow,1898255000.0,1.0271400349556836,0.0004674478406143676,-52.146877602125166,0.036977114906999974,0.002126047553806377,5.687843554622953e-05,78.4048199525281,1.267451351294061
110_Narrow,1898257500.0,1.0243405264163936,0.0004740146990304816,-52.01467685513139,0.023425291085869708,0.0021530079264873605,4.488905820695186e-05,78.03066769635512,1.2064635553758363
110_Narrow,1898260000.0,1.0213792745324453,0.0007570294648756606,-52.257898449279665,0.05066867919096301,0.002132179816930175,6.363886556619596e-05,77.38395828666971,0.9845443089349161
110_Narrow,1898262500.0,1.024633956563859,0.0007907817668772712,-52.307639501223576,0.029414755171016254,0.002111668556394625,4.419786003467022e-05,78.18814939885681,0.9910543542700944
110_Narrow,1898265000.0,1.02483601912962,0.0007008970720744884,-51.88630829823841,0.031028140931737527,0.0021280372156604246,6.998300277691829e-05,78.85593750620009,1.0823200100480357
110_Narrow,1898267500.0,1.0193759058255099,0.00042431248896100947,-52.22035505144165,0.04009702682633095,0.0021344164672514815,6.244229911409044e-05,78.36556921035303,1.548399519072345
110_Narrow,1898270000.0,1.0260110566249212,0.0006990335573826849,-52.06542675003596,0.01721535041314153,0.0021215542660426253,7.219769744854335e-05,77.49999005637972,1.586981619102983
110_Narrow,1898272500.0,1.02124534631047,0.000491473583892392,-52.28736884882737,0.023362626265195762,0.0020975565707102586,3.531740043172137e-05,78.05630450119669,1.8007421297432586
110_Narrow,1898275000.0,1.0240954764687256,0.0008350000960157393,-52.15492352303451,0.040580642160304034,0.0021253442291875855,7.145852082438108e-05,78.28991763093198,1.8283995148369316
110_Narrow,1898277500.0,1.0247262381192295,0.0005701763418104449,-52.16233365564364,0.030453405717403976,0.002129925258945652,6.592201251494496e-05,78.75785731309182,1.546515188515288
110_Narrow,1898280000.0,1.0232492546254048,0.0006493270006128927,-52.27535340059221,0.028894314531590096,0.00209369401421537,6.297584946347555e-05,78.47164918585267,1.4023607173066337
110_Narrow,1898282500.0,1.0229153692296087,0.0007505215963695073,-52.54568335879695,0.040359493897312165,0.0021144461782585285,7.053693572901736e-05,79.37534305725237,1.115669048924362
110_Narrow,1898285000.0,1.0250877493251176,0.0005003692386869738,-52.185741377472965,0.026455354511942298,0.002131651600283071,4.591418372858191e-05,78.8373239438113,1.4584969230602192
110_Narrow,1898287500.0,1.01898645751272,0.0006758125981389158,-52.194487713386415,0.05322480106430954,0.002053651966550865,6.838134555647587e-05,78.97010171838556,1.2375569915801121
110_Narrow,1898290000.0,1.0226354487139675,0.0006875903755258072,-52.03790732549362,0.03822695554375687,0.002115453621364043,2.718007290540767e-05,78.5333161767485,1.8154877003244332
110_Narrow,1898292500.0,1.0222958862157523,0.0007976688898185938,-52.396077950531755,0.037484100757106564,0.0020785326134347692,4.288833026750626e-05,78.34942319653635,1.2752904593982768
110_Narrow,1898295000.0,1.0251459877715665,0.0009348024523834772,-52.19625628626926,0.03633400310715836,0.0021152862356681296,7.327980795975402e-05,79.21268024531072,1.4765302483648477
110_Narrow,1898297500.0,1.0217637769784025,0.00033672925731537226,-52.05714250161938,0.027886510245419046,0.0021226791426158897,4.7937678156509564e-05,78.35367376805307,1.090620334690321
110_Narrow,1898300000.0,1.0195787726612646,0.0005201520246157593,-52.21901252627981,0.03156505205799637,0.0020763086633526643,4.375039668680031e-05,79.10562606872126,1.5094630488388023
110_Narrow,1898302500.0,1.0280860342249096,0.0005557922583790761,-52.309070879260865,0.048558081297189845,0.002056334336468599,3.231237629517865e-05,78.1820394222921,1.2932571717795196
110_Narrow,1898305000.0,1.020745144159882,0.00044141232559382433,-52.20739958297404,0.03124594082752543,0.002093154462490714,4.219125530941002e-05,77.68835575393592,1.5404591656328097
110_Narrow,1898307500.0,1.02366766103063,0.00041231041444062005,-52.173820018346106,0.054799751741616096,0.00211529059316715,4.7782161673298485e-05,78.09850530291935,0.9348713988214783
110_Narrow,1898310000.0,1.0254966361795204,0.0005233711312900791,-52.452841904724444,0.03877961269972599,0.002105181057226221,3.312326796874018e-05,77.92683680669302,1.5438045734214296
110_Narrow,1898312500.0,1.021159021942012,0.0004254955805860733,-52.51791879428241,0.035528755438376386,0.0020792517719011644,5.824415614469017e-05,78.0188617331395,1.4474550253781928
110_Narrow,1898315000.0,1.0203873309860725,0.0009057242853136213,-52.29983934843274,0.0381834047223792,0.0020865723455274245,4.247327790412492e-05,78.65582783129133,1.8023877759425817
110_Narrow,1898317500.0,1.0221894089422943,0.00027772809362930806,-52.261869670423735,0.0409124826201752,0.002075346397109877,4.2229555697393345e-05,77.97415186178381,1.164351076136565
110_Narrow,1898320000.0,1.0228977157790728,0.000709651073855353,-52.405144247880834,0.03891268959158169,0.0021077123436775555,6.637909576394369e-05,78.1430921764,2.1022418578671673
110_Narrow,1898322500.0,1.0242915635828875,0.0005971752234792401,-52.36477737954279,0.03143829336543525,0.002089433147037831,8.445895627956837e-05,78.46760654592096,1.6466483716132876
110_Narrow,1898325000.0,1.0230491996884838,0.00042207108039385395,-52.293854745294034,0.02340504477489267,0.002104555133311253,4.123387850745866e-05,78.86363678346466,2.1507295681492744
110_Narrow,1898327500.0,1.0260029577205891,0.0007881208335476663,-52.45571712382318,0.042930935491761725,0.0020788734934285616,6.398758704273407e-05,78.10716243407667,1.5303129534854665
110_Narrow,1898330000.0,1.0210607214314766,0.0007073603463995565,-52.45671419782359,0.03873658033550357,0.0020746686147357684,5.489060027943208e-05,78.52867139857794,1.775268129041784
110_Narrow,1898332500.0,1.0237837352735575,0.0007089005011866255,-52.3599678451144,0.038401509297933116,0.0021153905642853034,5.383957166554471e-05,78.65760203714689,1.6035963607677526
110_Narrow,1898335000.0,1.0216797119916639,0.0005406910446952874,-52.24426569791579,0.03464557245444907,0.002060313561064918,5.410246729016467e-05,78.88042960164084,1.133674480830383
110_Narrow,1898337500.0,1.0229459365149445,0.000534147557370678,-52.53454663771737,0.0393270854435719,0.0020601202255167484,5.534992908161556e-05,78.7831485799973,1.4085928447969014
110_Narrow,1898340000.0,1.0222167470599761,0.0006928690405226414,-52.36546641643871,0.03064388428924381,0.0020646913298481106,6.453671143318014e-05,78.17324333243744,1.6832990013082967
110_Narrow,1898342500.0,1.0220570378339904,0.0006922991870215613,-52.6362525830933,0.03834785248442503,0.0020665139878978623,8.013428981485689e-05,78.11796022074651,1.6720488084732135
110_Narrow,1898345000.0,1.024486156287288,0.000637562399115782,-52.36847568370796,0.037568386277066705,0.002068639312115753,7.426776235279966e-05,78.43052571011785,1.5259110243565908
110_Narrow,1898347500.0,1.0246830874029853,0.0005402193239103604,-52.511196560473294,0.03353920330641635,0.002056924177161851,4.343064579180522e-05,78.63640271070268,1.9084060244169843
110_Narrow,1898350000.0,1.024280315815873,0.0004455444830621599,-52.480588278544744,0.030714109688985174,0.0020394805549172044,7.941875213511336e-05,77.89607108857304,1.5919226293886386
110_Narrow,1898352500.0,1.0237640165464361,0.0005267084142060881,-52.4195414914539,0.022635052316051677,0.0020627302791218255,6.62868099723498e-05,78.98008716006876,1.2319661752039275
110_Narrow,1898355000.0,1.024224774089002,0.0006076586435358736,-52.54494242643004,0.024548000702569985,0.0020657732536807716,6.327070749936257e-05,77.69790532725499,1.0086900988057863
110_Narrow,1898357500.0,1.0274924796041403,0.0008868761579731985,-52.40909759163764,0.020507686136810845,0.00208878895894869,8.565235599512651e-05,78.41207915682708,2.258185820098379
110_Narrow,1898360000.0,1.024219941855474,0.00033383605470406214,-52.493742714693816,0.032922590245484426,0.002061083532006971,4.8749338631430355e-05,79.34525470914505,1.7321564672780294
110_Narrow,1898362500.0,1.0247631127472439,0.0006487930380946128,-52.331516510700915,0.029962525438604327,0.002031348463499752,5.275193561619994e-05,78.76776085383663,1.82396960367512
110_Narrow,1898365000.0,1.0265147014232459,0.0006122331490062685,-52.57285385840514,0.02595692394929622,0.0020424833998536314,3.549013056208331e-05,78.54997179258537,1.3351972071452043
110_Narrow,1898367500.0,1.0245720140106884,0.0006019163069642838,-52.73054175268458,0.03958795148575836,0.002049535041729645,4.5287395470220484e-05,78.47968401684223,1.5143192716656586
110_Narrow,1898370000.0,1.025164383097519,0.0010116378433520856,-52.50739275281476,0.04290611066980468,0.002069883444691767,5.532897200567512e-05,78.72546777666197,1.5189298970921248
110_Narrow,1898372500.0,1.0200175109359235,0.0008839607227096177,-52.384314544174465,0.05054124260466344,0.0020679251939981396,6.219232207788069e-05,78.64424819353793,2.0333178897303674
110_Narrow,1898375000.0,1.0221714037161915,0.00041730911754933906,-52.63253543288752,0.03864250980448941,0.0020077869775860444,4.1319403179946686e-05,78.15204161523809,2.3635823206333457
110_Narrow,1898377500.0,1.0227899135974157,0.00046016360863876475,-52.68371320502143,0.03879073911871568,0.002025633097446697,5.870099137069979e-05,77.43903390824626,1.112211217408375
110_Narrow,1898380000.0,1.0208985413788327,0.0008184486448252084,-52.35352312197774,0.03446681271726127,0.0020377290292135745,6.906167672817288e-05,77.30006423673657,1.4298776094647947
110_Narrow,1898382500.0,1.0231642578873275,0.0006496667872690208,-52.5728826787854,0.027017028639083725,0.0020473324197078646,5.179108447878643e-05,77.79645252866943,0.894345371835752
110_Narrow,1898385000.0,1.0288148351743782,0.00048293295892994336,-52.71590479533037,0.02873168026798498,0.002023678051142279,2.7750863359886208e-05,77.23994154680675,1.4409164203846092
110_Narrow,1898387500.0,1.0279457984944207,0.0005188733534342502,-52.81093032884941,0.032596593819178905,0.0020284005428632644,4.571884072758816e-05,77.66222254315797,1.1383318067382766
110_Narrow,1898390000.0,1.026097999144746,0.0006062657793409388,-52.671079129787195,0.03988187265426799,0.0020683726942302486,6.56193164497878e-05,78.66350362356211,2.092637452381472
110_Narrow,1898392500.0,1.0227482670970793,0.0005702725477491111,-52.75023600209135,0.04045671219035929,0.00202890366277532,4.824678704225663e-05,77.90363982205672,1.1938160422026771
110_Narrow,1898395000.0,1.022695786234475,0.0005137167273320753,-52.689660047430685,0.034061716740377834,0.0020116134181301032,9.241707671754176e-05,77.62129011200187,2.5887091475038315
110_Narrow,1898397500.0,1.0224067835739383,0.0003915988222711324,-52.312586105804755,0.03082495964108102,0.002015011332259015,5.6296915374997146e-05,78.7203218901474,2.122663944600221
110_Narrow,1898400000.0,1.0277235053645595,0.0004522399096801626,-52.44265048168621,0.04776626586672312,0.0019837921264130825,4.073644974620944e-05,78.5298572645062,2.3444601338732363
110_Narrow,1898402500.0,1.024035583143487,0.0006443821670294354,-52.63309690299391,0.02943054622781316,0.002037222377821973,5.135539711220615e-05,78.58400260202622,1.6286972271573181
110_Narrow,1898405000.0,1.0274563993603996,0.0005288457964488809,-52.703971967579776,0.033304771471709,0.002019223528618174,5.596023134861087e-05,78.24620339791223,1.3170567426101354
110_Narrow,1898407500.0,1.0283323336823484,0.0002311446311255196,-52.605079648360025,0.029696958851489385,0.0020179609004869967,5.847088524527053e-05,78.01956832282501,0.9595442733110715
110_Narrow,1898410000.0,1.0281639594852732,0.00026043813230019927,-52.599940810859,0.033832401210466025,0.002023992983670088,5.094853202300873e-05,78.13481977798595,1.1825791321800392
110_Narrow,1898412500.0,1.0257003768186637,0.0006608328672418709,-52.78072666996281,0.03489471164838028,0.002030415104200067,4.17135146317208e-05,77.6685287444599,1.5133589442802615
110_Narrow,1898415000.0,1.025759888909189,0.0006719143532942725,-52.71631409884779,0.04373359416617576,0.002015118526891854,5.536251566636974e-05,78.11665959530117,1.5123132418530199
110_Narrow,1898417500.0,1.024925884801443,0.0007131140304347359,-52.77397155260983,0.035168578683663,0.0020334136631854722,3.8835026753193096e-05,78.1807599870487,1.1021699221500312
110_Narrow,1898420000.0,1.0229376171438025,0.0005042214690861545,-52.82550739845348,0.044835184106471825,0.0019849179034110024,6.327018239794692e-05,78.37435903260203,0.7668251429544463
110_Narrow,1898422500.0,1.0244301365121977,0.0005985223116363247,-52.71227544634275,0.03124783188025636,0.0020207170370582883,5.889187371279129e-05,77.7280686330179,1.2168472828543033
110_Narrow,1898425000.0,1.022841708700286,0.000393839067011765,-52.8315512720394,0.0356956812284767,0.002050924011706815,2.9247395073045184e-05,77.61073671005238,1.7666542144378585
110_Narrow,1898427500.0,1.0286113948607012,0.0007254400727312614,-52.72430799633395,0.034065059212241594,0.001992517952117009,4.685377053749747e-05,78.18978503666962,1.5280904245547622
110_Narrow,1898430000.0,1.0264643828864577,0.0004654970391245747,-52.83125667214144,0.04020460556468414,0.00202543606161292,4.809272789546941e-05,76.68983995119774,1.9697905088470007
110_Narrow,1898432500.0,1.0260662078605498,0.00039367597627818364,-52.71101597010692,0.03746934678345134,0.0019865697905450744,4.601394975777295e-05,77.71168289742577,1.1537087706511906
110_Narrow,1898435000.0,1.027247757077939,0.00047672942383914234,-52.54366483882881,0.047436478568014466,0.0020330917075526444,5.926068509399075e-05,76.90751980793303,2.2472667778225945
110_Narrow,1898437500.0,1.0264150656037279,0.00042555820701857425,-52.77754012751474,0.03332140382639663,0.0019869493273545285,6.564825862223294e-05,78.33995163058482,0.6783135812970955
110_Narrow,1898440000.0,1.0293717420307456,0.0005350935217590567,-53.01247716192731,0.028819932507012428,0.002003103851800975,5.879703886320615e-05,77.7633147594701,2.0684785578620026
110_Narrow,1898442500.0,1.0213293960837462,0.0006908593051461389,-52.73977540155736,0.03460702823621157,0.0019942079199382914,4.529603499496921e-05,78.65228544287966,1.1949325828166955
110_Narrow,1898445000.0,1.0286864877228918,0.0004438404829444502,-52.72244119809665,0.04001754713172008,0.001979253849412662,5.6180873319599594e-05,77.78411655152354,1.728545682018322
110_Narrow,1898447500.0,1.0269517245770694,0.000443521815115154,-52.76423488840999,0.03585545901400558,0.002031690803376984,6.546749885923149e-05,78.26252848885224,1.699009970867515
110_Narrow,1898450000.0,1.0279752830895958,0.0006251659769482742,-52.83770438511377,0.040869003892206025,0.0019786883158364557,8.865984677025428e-05,77.37754065845073,1.6851847689614328
110_Narrow,1898452500.0,1.0284534246074262,0.000436731060150172,-52.91014006798519,0.022549372364311787,0.0019749670837067197,5.1377202654471844e-05,78.84000881160156,2.44819847041884
110_Narrow,1898455000.0,1.0280155802441533,0.001158697247530958,-52.67215374543025,0.024153363429570845,0.002015635254278236,6.112124548504497e-05,78.4932157501728,0.9924743611182334
110_Narrow,1898457500.0,1.0279089412135791,0.0005910100495457887,-52.954081563291226,0.028500979161235597,0.001959969556152513,3.9346746756277493e-05,78.74308009961032,1.3340889881439149
110_Narrow,1898460000.0,1.023546995918914,0.0005183234118532078,-52.86471454839304,0.02250274075134748,0.0019963890441038867,6.392058351123469e-05,77.39942854249517,2.4171430550738298
110_Narrow,1898462500.0,1.0296957862808278,0.0005710406039589922,-52.960361603061784,0.01888323483926841,0.0019865948757458304,4.9383591706012215e-05,77.43310838740378,1.2085126996029198
110_Narrow,1898465000.0,1.0269219619095529,0.00044956013764368155,-52.89232377541888,0.03801545230575308,0.00198041310022705,8.418610617053948e-05,77.90805488748555,2.088836697969598
110_Narrow,1898467500.0,1.0272851843211954,0.0007300260550196248,-53.00891822692235,0.029196596808401684,0.002016150298554053,9.083994767155824e-05,77.21416055334593,0.8288909305460553
110_Narrow,1898470000.0,1.025301893005243,0.00041064045693524364,-52.81431664534099,0.03997197970214506,0.001996487730203393,7.468382346112464e-05,77.61828091760374,1.9651594040510527
110_Narrow,1898472500.0,1.0220267547699113,0.0007796661386102658,-53.06233719831713,0.029880084842341625,0.001988604846693784,7.400164568754523e-05,77.16096577862378,1.4448236926073632
110_Narrow,1898475000.0,1.0286370166721641,0.0004347375446112255,-52.92784021713748,0.02798347961850003,0.001991377752967589,4.202265811484433e-05,77.17510766171016,1.9894146757807436
110_Narrow,1898477500.0,1.0262371415023355,0.00037322498181359165,-52.75226390947338,0.02746900615187499,0.0020276720530140913,5.56223672158158e-05,78.2587490744101,1.2440617685794786
110_Narrow,1898480000.0,1.0275473262813182,0.00046894364080930215,-52.85659173185891,0.02824802004814964,0.0019203042828529707,4.1469942440546514e-05,77.5346649071078,1.2485066864676495
110_Narrow,1898482500.0,1.029100241296194,0.0006844992060072854,-52.97797434836916,0.022347357043702953,0.001978571604864287,4.820580709475253e-05,78.28707007687628,1.9840151593398054
110_Narrow,1898485000.0,1.0260421381681437,0.0005343330603739373,-53.05441725830645,0.03672251479672666,0.001964664013027908,7.128700972613668e-05,78.28566078196093,1.710495506224738
110_Narrow,1898487500.0,1.028491078945288,0.0006503745944379123,-53.04119083239212,0.0471978957912301,0.0019535089441883534,7.40212295033365e-05,77.92043553066726,2.039308057477054
110_Narrow,1898490000.0,1.029403796022859,0.00048576788458263003,-53.09376330730155,0.02295181454135515,0.001994723362798877,6.688555580088911e-05,77.15610144627617,1.352399216614386
110_Narrow,1898492500.0,1.024982487966486,0.0009647471857692778,-52.98409726385919,0.016921838599805714,0.0019666049388974145,4.340129152317097e-05,77.9351260265389,1.100408124116312
110_Narrow,1898495000.0,1.0239356975039486,0.0009114940563810007,-53.10312923376971,0.035051036161450076,0.0019301179763175215,4.9924230738195665e-05,76.74934887031623,1.7654343821056016
110_Narrow,1898497500.0,1.0305022760563505,0.0007217188035107003,-52.81474155810594,0.04034355538419364,0.00199453355434803,4.206929346789503e-05,77.02567305169062,1.3255186362931326
110_Narrow,1898500000.0,1.027546868261152,0.0005428762777863527,-52.81735089508327,0.02923792486254002,0.0019524401695038053,7.060035833426366e-05,78.06484104532623,1.9197782590578216
110_Narrow,1898502500.0,1.028184028111154,0.0006972434489212974,-52.9213260305679,0.03012910487621058,0.0019509740671277867,5.129971935221707e-05,77.78544289755172,1.2233039150836795
110_Narrow,1898505000.0,1.0283889181314465,0.0006173284776496802,-53.08590822640596,0.04094453436660897,0.0019458994478156247,4.648636417409735e-05,76.55200472105963,0.8840557488864362
110_Narrow,1898507500.0,1.0223401332673814,0.0005184962057312559,-53.04312636499435,0.03257763715892224,0.001971144676684852,7.203182361538954e-05,77.8576462527829,1.31454457130506
110_Narrow,1898510000.0,1.032597261222623,0.0007997305241057149,-53.15136889788624,0.03622836080543887,0.0019752487570690635,6.900918231818365e-05,77.83870337442434,2.063241111951757
110_Narrow,1898512500.0,1.0282774291673147,0.0006578069771543205,-53.00413133973151,0.022794760267689965,0.0019312835030375914,4.494608143591318e-05,77.95652804178826,2.2617526011111178
110_Narrow,1898515000.0,1.0331101373226401,0.00045241294470936647,-53.07855550320192,0.039336960366834935,0.0019341953397342573,4.915851259962628e-05,78.0991028842115,0.8212335880719328
110_Narrow,1898517500.0,1.0246287870143134,0.0007884998876227073,-53.18705450189143,0.03187113226980791,0.001956450304447348,4.699213285278434e-05,78.73716570441213,1.2886080225822474
110_Narrow,1898520000.0,1.031684321619217,0.0007628447300093157,-53.399313054159606,0.027752151201899018,0.0019355454824292895,2.102360993577936e-05,77.38801447582452,1.5689189268026582
110_Narrow,1898522500.0,1.025696325126652,0.0008397333463619231,-52.987679839529626,0.02219102250281328,0.001966941820864502,5.7480049731236326e-05,78.02426287879527,1.125468844110835
110_Narrow,1898525000.0,1.0265066725922212,0.0004130205354898663,-53.06330444148535,0.04098248373393449,0.0019521286799088376,4.855643625876364e-05,76.94079830062621,1.6607462980038834
110_Narrow,1898527500.0,1.023487581880015,0.0005869366170713824,-53.282686505292176,0.03485246021388879,0.0019455633558845902,4.044234939566218e-05,77.62760226599944,1.4544377214265451
110_Narrow,1898530000.0,1.027267748127045,0.0003776645418739895,-53.141155579220246,0.033092185372230375,0.0019431263882095117,5.318180407935016e-05,77.60792844117557,1.1576010806020864
110_Narrow,1898532500.0,1.0305819217457786,0.0005673801334798204,-53.02156067150668,0.03240977148494034,0.0019589452512135167,6.283760355343434e-05,79.28946698069406,1.648517213023995
110_Narrow,1898535000.0,1.030069456169477,0.0004830199359913216,-53.32848242499738,0.022695357942122404,0.0019644946870954615,5.700172859129217e-05,77.96255475013524,1.1529093791195428
110_Narrow,1898537500.0,1.0282186756763863,0.0008558637342090556,-52.88317810624027,0.03107371090881997,0.001971864478467758,4.50642273358666e-05,76.90397857795513,1.5080966640302556
110_Narrow,1898540000.0,1.0284071148208493,0.0006256933975811605,-53.04050142473134,0.035509074124657064,0.001979138881197661,5.527442351428102e-05,78.38196596779798,1.2468361478729542
110_Narrow,1898542500.0,1.029031691227959,0.0005562677941718229,-53.167778997759726,0.033115313273002815,0.0019434035466579928,6.012602901411697e-05,77.58589444066246,2.0538110773702054
110_Narrow,1898545000.0,1.0250586790072271,0.0004967773802677494,-53.261441053805456,0.02671548186674531,0.0019423988050575969,5.9835689338473394e-05,77.32443142177992,1.3617949928949489
110_Narrow,1898547500.0,1.0252333062084202,0.0008167181150934438,-53.314157821642716,0.03819545847400439,0.0019630263205532533,7.271057581659693e-05,78.9091751928917,1.7213299965776363
110_Narrow,1898550000.0,1.0279885404601992,0.0005197961750000875,-53.27103373692811,0.035785284703821536,0.0019393406827040646,5.090432865521176e-05,77.58164953652333,1.578860947354237
110_Narrow,1898552500.0,1.0296519510786648,0.0005750891709149938,-53.01539109266755,0.02264945373854462,0.0019316226627291,5.444998017563661e-05,77.81549530983489,1.869302688595108
110_Narrow,1898555000.0,1.0304123484161285,0.0005357131881542739,-53.107687148682714,0.037127948322238584,0.001962455096321939,5.4624749052805484e-05,78.59971192106461,2.0422083489327503
110_Narrow,1898557500.0,1.02499232813417,0.0005241033018626432,-53.178349736237315,0.03486202146491281,0.0019214793205894335,5.680886771082542e-05,77.15943884131015,0.898862404807656
110_Narrow,1898560000.0,1.028674466078385,0.0005388858665754394,-53.30756204430966,0.02941572127619232,0.0019056474514124052,8.311293091635468e-05,77.7448563430947,2.1297567743922103
110_Narrow,1898562500.0,1.0257171596410788,0.0004843445884464897,-53.092463509425414,0.0415584869729387,0.0019266473724716944,6.655296350082906e-05,77.57972234371226,1.6047545240693637
110_Narrow,1898565000.0,1.0271024271913987,0.0006300413944739926,-53.083088037452136,0.03678596807386481,0.0019087010439979833,6.328433407331353e-05,79.18893486796867,1.332854754989171
110_Narrow,1898567500.0,1.0251731126995285,0.0003878000077214466,-53.2697333895338,0.02896247335602013,0.0019230933075386769,5.229964320769533e-05,76.65188337941076,2.396833409661227
110_Narrow,1898570000.0,1.0318283093035885,0.00043707214394053955,-53.26959132418001,0.041490261368507225,0.0019149709259974955,6.27795292226655e-05,78.08282487942186,1.2938884858387294
110_Narrow,1898572500.0,1.0283440106270898,0.0004893636576505294,-53.0785829989607,0.04075161329727779,0.0019165346334642874,5.15554180615519e-05,77.75412853478618,2.0664128710621648
110_Narrow,1898575000.0,1.0285331453634097,0.0007305830087050923,-53.263131465054734,0.044172538121303576,0.001939262456097845,6.057820751503645e-05,77.80559619975074,1.7012075406029457
110_Narrow,1898577500.0,1.030579770225321,0.0006080631978403337,-53.29152314387777,0.03963483591723842,0.0019193333300671432,6.087924592482285e-05,77.51889994721867,2.4234012683603994
110_Narrow,1898580000.0,1.0268728759650463,0.0008023321887673437,-53.01823692222321,0.02535099070266075,0.0019569651642553716,4.5245336119969055e-05,76.89226825592765,1.3555174978741387
110_Narrow,1898582500.0,1.0271202836682933,0.0005858141583442385,-53.17413278183899,0.02795647459773119,0.001950655629507127,6.019423443966376e-05,77.59005596220602,1.2396877936247812
110_Narrow,1898585000.0,1.023683239931873,0.0005690076109725077,-53.34082613676536,0.03336501738000621,0.0019183589629028122,4.6799084191348605e-05,77.91112553789401,2.0153635939917045
110_Narrow,1898587500.0,1.0302123402048433,0.00040216703393087595,-53.32258085177585,0.025037928475389538,0.0019447685647091476,3.7792815547123974e-05,78.13032558833798,1.4210149041189608
110_Narrow,1898590000.0,1.0262876600602948,0.0005071512764749913,-53.29890896089859,0.044747475395236096,0.0018928029856082559,5.3271117846598527e-05,77.25871652939202,1.468994551437824
110_Narrow,1898592500.0,1.0267029216874124,0.0006607432231159951,-53.22002013216335,0.043049514759966774,0.0019077178336384098,6.087171944063303e-05,77.60123666982531,1.3271599113628685
110_Narrow,1898595000.0,1.027901801572419,0.0006610140242910557,-53.281611383678936,0.03112509360255835,0.001909207060924128,5.9535521901402654e-05,77.53660377670971,1.039333296451694
110_Narrow,1898597500.0,1.0273628910040205,0.000762692606053001,-53.373675865693535,0.032084379592619804,0.0019192590123853859,4.673121314852467e-05,77.41776873979468,1.9256559762567564
110_Narrow,1898600000.0,1.0285679790120912,0.000525505187979989,-53.1188988649606,0.05012856581894246,0.0019188071576716845,7.157957558141062e-05,77.6806656653557,2.192847601162238
110_Narrow,1898602500.0,1.0238301841635307,0.0007016055809440866,-53.238061370990636,0.02517875221792701,0.0018974699833541812,5.397166915628393e-05,78.65659779812434,1.570365933674784
110_Narrow,1898605000.0,1.0376174639614781,0.0006809432851205917,-53.241156274086556,0.033190442433070975,0.001912059451000916,4.768346530569438e-05,78.29487777052668,1.7304265684899995
110_Narrow,1898607500.0,1.0350286356119824,0.0009896101903613265,-53.31944479298672,0.03039707469746851,0.001920031975043142,7.146026424418992e-05,77.16861277352336,2.314228517892602
110_Narrow,1898610000.0,1.0335917322232353,0.000337077001274273,-53.74816094561146,0.025594048885552285,0.0019149073386847857,3.93272878296704e-05,77.35359619380466,1.5720507186611903
110_Narrow,1898612500.0,1.0329367064850912,0.0006735381377269499,-53.49316794690955,0.029151322030775365,0.0019003832160225174,4.954975547823452e-05,76.55478940543824,1.8474430936999509
110_Narrow,1898615000.0,1.028931287078255,0.0005486390574219916,-53.316762675682675,0.035310448927191346,0.0019292095198373705,4.335292833190082e-05,78.90676650679042,1.1419596673996297
110_Narrow,1898617500.0,1.0319289603521957,0.000934078449300015,-53.159921683400626,0.033380525351470666,0.001906930028673017,6.370257125106103e-05,77.44739297887001,1.9759360040512088
110_Narrow,1898620000.0,1.0302524674351592,0.0005121241926018708,-53.351176796159706,0.030328840039693456,0.0019052970841891882,5.5948052233684135e-05,76.87145183202975,1.7981220916693066
110_Narrow,1898622500.0,1.0304934240594323,0.0009016090112803767,-53.65147380457961,0.03957070678170244,0.0018946970678708078,5.6053787891925334e-05,77.05926540980289,1.7451825168806105
110_Narrow,1898625000.0,1.0305384508122726,0.0005526661388463445,-53.403147558152575,0.05625548348260192,0.0018857441050853514,3.248152977955393e-05,77.80278025789386,2.7527633482007694
110_Narrow,1898627500.0,1.029936319008253,0.0004934606773708203,-53.31679338794187,0.045044302611779205,0.001895271440150118,5.041785104444806e-05,77.85313016841717,1.153232484163678
110_Narrow,1898630000.0,1.0269422765590508,0.0006624857568078864,-53.45638915495539,0.039723817503502665,0.001899337996168793,7.793879580978066e-05,77.55432295089359,2.1602954252196973
110_Narrow,1898632500.0,1.031671758727572,0.0006175164378333806,-53.47613323378198,0.03603429292102767,0.0018859585084091976,5.494917204526885e-05,77.9172853581884,1.4336859192885743
110_Narrow,1898635000.0,1.0327253331112114,0.0005042605036070158,-53.48657622873652,0.030154555522990407,0.0019019589780703574,4.831322231321307e-05,77.9220926539212,1.9558887025738037
110_Narrow,1898637500.0,1.0285200371332712,0.000562248121218352,-53.49133256651367,0.036876671353243795,0.001858232074542982,5.782726653253109e-05,78.67086190492324,1.5740274194182204
110_Narrow,1898640000.0,1.0273115738874983,0.0006996984409015017,-53.40755936924948,0.043555788738233944,0.001863849676316358,6.448142744149283e-05,77.51311814719733,1.9183192992237381
110_Narrow,1898642500.0,1.0307870100520016,0.0006859989619606735,-53.63913190563925,0.0393029060457816,0.0019119443101243726,5.296667812798369e-05,77.96397515392442,1.5955371855618832
110_Narrow,1898645000.0,1.029170034255345,0.0005599698335577004,-53.568743375346855,0.04733505016244108,0.0019084228538582845,3.992083326395587e-05,76.85659756001613,2.0534710886088097
110_Narrow,1898647500.0,1.0316777821323722,0.0007226457662523106,-53.361246935905356,0.021872721680237125,0.0018936407326960495,6.55372072726378e-05,76.92733966528895,1.1208652855115901
110_Narrow,1898650000.0,1.0297946073472977,0.0005426472097826554,-53.2533788448039,0.039949623040940116,0.00191701181679769,5.0239013529527845e-05,78.03227594024884,1.6767615142466072
110_Narrow,1898652500.0,1.0309095944661655,0.0007994337524386594,-53.58980521659724,0.029809167977162872,0.0018715544379850867,6.882338652807619e-05,77.35192130813596,1.796045748265295
110_Narrow,1898655000.0,1.0317224466488983,0.0006829930791225931,-53.311138369788395,0.028857470525702734,0.001863538315064316,5.083798906137837e-05,76.76718927873912,2.2241304512630986
110_Narrow,1898657500.0,1.0309685036837204,0.0004947774536957183,-53.38285945921413,0.04726647595443827,0.0019009952079456999,4.707655345184073e-05,77.03607308021651,1.375838307369005
110_Narrow,1898660000.0,1.025965453596886,0.0004880360982687723,-53.404570419854764,0.03687911554237966,0.0018763131128346844,5.243549718040306e-05,77.0158770266874,1.633297420297391
110_Narrow,1898662500.0,1.0304649955447491,0.0005268113328738152,-53.64125628721645,0.040605497020352495,0.001872396995151509,6.711799455592675e-05,77.65426147079364,1.5476699160869996
110_Narrow,1898665000.0,1.02823253913084,0.0007004634728071743,-53.66974457718312,0.044130877528648964,0.0018924295789511617,5.3231273940269996e-05,77.84444187895753,1.5098384413512576
110_Narrow,1898667500.0,1.0315320487034088,0.0005479737878587569,-53.597570631002164,0.04305610901108563,0.0018540993006241342,5.141224717773866e-05,77.09597989246578,1.8400008299031887
110_Narrow,1898670000.0,1.0304312460867329,0.0007034515137179161,-53.762841447141035,0.027677251161256616,0.0018906991571769102,5.55389072525983e-05,78.09382663741673,1.7556732368527361
110_Narrow,1898672500.0,1.0325093284935065,0.0005597038636856288,-53.68220511981027,0.038803061896407,0.0018874903538920987,6.533389324698551e-05,77.3793672015974,2.1681527762710657
110_Narrow,1898675000.0,1.029114890120158,0.0005545665518073593,-53.62203608105172,0.026770604315054205,0.0018561149965304767,4.8790768498828314e-05,77.31915887998062,1.5445325013558042
110_Narrow,1898677500.0,1.0337083006313055,0.0005105170459133043,-53.72137529613953,0.043098829821590044,0.001908307441033196,7.142898237069801e-05,76.19152844733789,1.9748216428890912
110_Narrow,1898680000.0,1.0354672081359941,0.00044626893979913786,-53.59789146457142,0.02846950079191067,0.0018719927291788575,5.2699410254520065e-05,77.86362919751384,2.1188533574979873
110_Narrow,1898682500.0,1.0315995608587822,0.0003522699932776903,-53.498243801481856,0.03511492907293802,0.0018678947535638538,7.04238104027321e-05,76.96612620304306,1.6809048479336302
110_Narrow,1898685000.0,1.0315156879713845,0.000611044002250766,-53.63803863219904,0.035155039997240824,0.001887464446881533,6.96335538141892e-05,77.33480399613642,1.465129515667684
110_Narrow,1898687500.0,1.0318512025116588,0.0005454033835749112,-53.50201288741779,0.04521150137895945,0.0018761527875195594,6.035997883739581e-05,77.49288539555576,1.4184224947522917
110_Narrow,1898690000.0,1.0332905431338772,0.0005597462798519328,-53.61552381239863,0.03211710840304783,0.0018879731298156077,6.032041940215792e-05,76.74927118216857,1.9262098946087896
110_Narrow,1898692500.0,1.0274923970181806,0.0005276097345500924,-53.70941575392797,0.03765756581549742,0.001854959138283697,6.839720686555746e-05,77.34366609487033,1.7170648228128649
110_Narrow,1898695000.0,1.0273250151956113,0.0010010182653130935,-53.626061424199165,0.04446187830412803,0.0018822693270556337,5.078722100381575e-05,77.31385927246635,1.8236157157918937
110_Narrow,1898697500.0,1.0348835833304553,0.0006349006343970541,-53.46322579270782,0.032127730271734344,0.0018882385419466494,4.4958381168602e-05,77.73991479470943,1.6668872851612655
110_Narrow,1898700000.0,1.0283498926725367,0.0007434593285495392,-53.71080048736265,0.02667931039554906,0.0018789105635011363,4.824978675934186e-05,78.28011017930216,0.8570724113677862
110_Narrow,1898702500.0,1.0297585130903575,0.0009086211736687781,-53.2744892360324,0.028738415477575,0.0018809945962239428,4.5397773034701693e-05,78.19067638299823,1.6592965600790608
110_Narrow,1898705000.0,1.0356051928939431,0.0004745703416526883,-53.84665966721477,0.020882927716782948,0.0018664930811151956,4.738313260364204e-05,76.7008370288772,1.621460314436691
110_Narrow,1898707500.0,1.03257972689692,0.00043868409716421076,-53.64696857084708,0.04326869889853595,0.0018214001618231624,5.34712735544933e-05,78.3793394799027,2.446687500507052
110_Narrow,1898710000.0,1.0309195269422393,0.0007719528011236183,-53.631340004993255,0.03824473782825681,0.001852049193214953,4.279548782345475e-05,77.37436981874679,1.3576965280614774
110_Narrow,1898712500.0,1.0327308401528352,0.0007731211909740239,-53.56700383155569,0.023535474537264626,0.0018550696081139305,6.515174357990959e-05,76.69397263431883,1.6755227398959247
110_Narrow,1898715000.0,1.0315678385709883,0.0007116422668615551,-53.46035655066485,0.021394968439266925,0.001829195685445372,4.468726902307907e-05,77.50066888766756,2.7664424449140834
110_Narrow,1898717500.0,1.030508106602387,0.0007801046084274734,-53.89817716009641,0.030915844548258135,0.0018466752961185133,7.807174294142697e-05,77.17522722257695,1.584368639771219
110_Narrow,1898720000.0,1.031778082918175,0.00034979516204572327,-53.762461829419216,0.02576474559315651,0.0018788042833037856,5.5699234769560044e-05,77.40953836510171,2.5917168860946282
110_Narrow,1898722500.0,1.0316243107491654,0.00039644037529193644,-54.02546538182564,0.03478980156987304,0.0018572014826986386,4.0415988183377166e-05,77.17867387552087,2.039741848618552
110_Narrow,1898725000.0,1.029500682321394,0.0004617753996809715,-53.47123136224363,0.0439558003870956,0.0018066570527481012,6.03715740251579e-05,77.80228354653995,1.7076518498435547
110_Narrow,1898727500.0,1.0347578091784069,0.0008566192453292662,-53.753382011982445,0.0327967454284894,0.0018964094891236755,3.300018179831076e-05,76.32224616273703,1.8658058009545233
110_Narrow,1898730000.0,1.029676108518183,0.0007099297941865106,-53.89656393853215,0.05805011901149888,0.0018341295653684026,5.230149936745553e-05,77.88745429245448,2.2197199220632036
110_Narrow,1898732500.0,1.0338052151058874,0.00043070738296199204,-53.76931711282326,0.053690719786648626,0.0018581140869529205,9.590904672038409e-05,76.80042175480685,2.0777556761855958
110_Narrow,1898735000.0,1.0272108267085984,0.0007879229262052122,-53.70768522523575,0.04281858654887807,0.0018215206206335678,5.071660541796688e-05,77.15832452832554,2.3401612785964643
110_Narrow,1898737500.0,1.0377793782306788,0.0007776704250021838,-53.709825442642405,0.04025432158457754,0.0018372598212366407,8.626156490512995e-05,76.76080026819466,1.9009443798491754
110_Narrow,1898740000.0,1.033481911260332,0.0006509258084446561,-53.731268229528936,0.024125937541449385,0.001871701298522962,4.272689846783011e-05,78.06406208274997,1.2851532753275063
110_Narrow,1898742500.0,1.0279390758231297,0.0004935446515794463,-53.55591544747847,0.030457603745710365,0.001836392093680955,4.667825976062862e-05,77.3032212171723,1.945487351670968
110_Narrow,1898745000.0,1.0306130055421097,0.0007360889824502762,-53.85601612867778,0.05355833384504541,0.0018434967219525301,3.678762802409266e-05,77.44749628654938,1.3750061827021371
110_Narrow,1898747500.0,1.0351044973798829,0.0006432712795236907,-53.706570205105464,0.018254097858284874,0.0018087365286248217,7.948856035044639e-05,77.9364355479927,2.497280651827916
110_Narrow,1898750000.0,1.036270527416789,0.0008217127539971913,-53.754368084781106,0.01641526116495858,0.001856619612270913,4.6527754501678376e-05,76.97758448025809,2.5036942036415866
110_Narrow,1898752500.0,1.0350014432500698,0.0006177503078637465,-53.62832317032867,0.029777706053621896,0.001797533885006794,6.341266774743095e-05,78.00446691048418,1.760083889284582
110_Narrow,1898755000.0,1.0282031511066247,0.0005536473855962909,-53.70906233245167,0.029530931896986055,0.001856546234053244,7.775123042469625e-05,77.60520772060693,1.0743862313359767
110_Narrow,1898757500.0,1.0302581481605282,0.001069715214622484,-53.8793506326855,0.02365235822765208,0.0018392330128007475,6.543211459357103e-05,76.47390593085905,1.3102567154935643
110_Narrow,1898760000.0,1.025591202593865,0.0004934377662147514,-53.902702776973264,0.03772047259786732,0.001798920861715416,5.791042198048382e-05,78.59390855417838,1.5502425921284035
110_Narrow,1898762500.0,1.0373860376029316,0.0006714016054292051,-53.71235617944092,0.037419317160898295,0.0018376807878744375,6.389533393801054e-05,77.71281155117221,1.9217907209606058
110_Narrow,1898765000.0,1.0331085559819049,0.000749919473627125,-53.75335394336058,0.0304268571629903,0.0018550319555957434,6.885433862365517e-05,77.12128575578448,1.6346641605736418
110_Narrow,1898767500.0,1.033576400794959,0.0004948695877610038,-53.692582867618135,0.024595459194089803,0.0018301845564147703,7.085864205857474e-05,77.36520164168509,2.1138846399946396
110_Narrow,1898770000.0,1.0281007672240834,0.0006007520141092787,-53.918736005687585,0.04180479199087593,0.0018126657923011912,6.427191268753229e-05,75.92468504977325,2.5383718793468826
110_Narrow,1898772500.0,1.0336746134624992,0.0006359478072856196,-53.820970528237346,0.025195783802261396,0.0018150408390488395,5.085877841929443e-05,77.27929951190124,1.4318055859591268
110_Narrow,1898775000.0,1.03047539303423,0.0007817905686088787,-53.719300010821065,0.036084664176364384,0.0018372369147344528,4.066111713615891e-05,76.94439840584144,1.3856850813483603
110_Narrow,1898777500.0,1.0353945833091092,0.0007262025312988796,-54.007841458601355,0.039709306345232044,0.0018644620517989756,6.441377191365784e-05,76.6711288010769,0.8693846722866283
110_Narrow,1898780000.0,1.0325888711387665,0.000686736320159791,-54.01183305304992,0.024824991344970928,0.0018191234667022205,4.9149660528924545e-05,77.53107632548543,2.23912813706252
110_Narrow,1898782500.0,1.028842357702998,0.0007488430991900402,-53.950794988131236,0.02585040248205084,0.0018412527800431675,4.301035530879521e-05,77.25728844615124,1.8470798626160074
110_Narrow,1898785000.0,1.0347283233933666,0.0008389756121923895,-53.7532195171392,0.03252954765608007,0.0018434272537238513,3.085883334750567e-05,77.44149971118891,1.6255023591725544
110_Narrow,1898787500.0,1.0303417945499143,0.000996607193741994,-53.85245958531907,0.033367771118706376,0.0018144360364361891,6.146107453956857e-05,77.16555933388611,1.9140692816734077
110_Narrow,1898790000.0,1.0331264165406928,0.00047004469139136736,-53.85791889554688,0.03199822081455753,0.0017989697924710964,5.252682853350237e-05,76.97992982094843,1.729975623185994
110_Narrow,1898792500.0,1.0307080788556346,0.0004249731173161782,-53.90371260388773,0.050584398011307,0.0018160766366125513,5.8232453836453506e-05,77.7264805601138,1.3163207550221976
110_Narrow,1898795000.0,1.0342261504118553,0.0006111802920283944,-54.06399117693849,0.04085369678201461,0.0018155030154496197,2.9479211424376592e-05,78.12054472117289,1.5822759053005089
110_Narrow,1898797500.0,1.0329678768479795,0.0005348375110793301,-53.854089612402845,0.039722031586623664,0.0017802151055714055,8.503939480737214e-05,77.79073853910066,2.4812848847756706
110_Narrow,1898800000.0,1.0326104309915853,0.00032419531578921574,-54.01325712109296,0.04159183811365279,0.0018033064560570187,5.3141048605004006e-05,77.32634472491989,1.4889309583604602
110_Narrow,1898802500.0,1.032230546414232,0.0005794546942471719,-53.93979727388671,0.03556741142123238,0.0018279269729938894,6.345125587508203e-05,78.20300062537505,1.6465620936263066
110_Narrow,1898805000.0,1.030746083359121,0.0003577943396531287,-53.75143663216578,0.024952289141477648,0.0018093173518822488,9.292538206303474e-05,77.45897513255585,1.4665404206356136
110_Narrow,1898807500.0,1.030448706596654,0.0005420727726595988,-53.95433760623335,0.05184612343199678,0.001817629183399055,5.3348422839113534e-05,77.96988800935921,1.2451115441270233
110_Narrow,1898810000.0,1.0365997095344337,0.0009355405648556642,-54.088018076938376,0.05167326947529573,0.00183710489438484,6.904298567627643e-05,77.16597741258576,2.321965679465098
110_Narrow,1898812500.0,1.0378159692679378,0.0005788975588807008,-53.990378596017194,0.032099651108159856,0.001768479536501958,4.3463268601189454e-05,76.84642223011359,1.571812143748979
110_Narrow,1898815000.0,1.0329412462683385,0.0007808212978179366,-54.06792970520918,0.03561446119713496,0.0018221024245296377,4.6431237912499614e-05,77.6376815943346,1.5965594754829642
110_Narrow,1898817500.0,1.0356831464069851,0.0006286213365649491,-53.82546539889239,0.03350460396441314,0.0017916119681251404,5.183156006988311e-05,76.51398315788899,1.3402683679283627
110_Narrow,1898820000.0,1.0279683447870516,0.0006352665132899433,-54.061800865661425,0.024271681136034604,0.0018042518968401455,5.88283072368627e-05,76.91932919038848,2.2306214693942445
110_Narrow,1898822500.0,1.0296059624007665,0.0006813228807856942,-53.93855356166445,0.021858714399642806,0.0018043174133647352,5.4028402009997155e-05,78.29767656970508,1.9768562483419345
110_Narrow,1898825000.0,1.0327436044702138,0.0004011020410342438,-53.95609592737114,0.030773501522770752,0.001796804600968834,4.453322965224401e-05,77.69515948771343,1.8635815459581198
110_Narrow,1898827500.0,1.0354652037328034,0.0009854992039552146,-53.925336503273954,0.028571897083556026,0.0017794607170103012,4.819971040705445e-05,77.21463138322468,2.338244217472645
110_Narrow,1898830000.0,1.0327683131449272,0.0006823652030853715,-54.012638204341506,0.05028141974663572,0.0017944810371399774,5.4901358254928986e-05,77.38331166732786,2.430544913414518
110_Narrow,1898832500.0,1.0309438887926536,0.0005142408442506184,-53.9667842180063,0.03152106257308107,0.0017699463019574188,5.930551063248201e-05,76.80825787908853,2.189366139853487
110_Narrow,1898835000.0,1.0356107319434735,0.0005772344850657366,-53.95691234869262,0.03610376920873244,0.00176239970892266,4.420089932410415e-05,77.10732847642905,2.19350655508297
110_Narrow,1898837500.0,1.0338808458495312,0.0006793611652788102,-53.76870148225177,0.02980746921630543,0.0017822976437743743,4.203651509546001e-05,77.7584740800098,2.274898044616652
110_Narrow,1898840000.0,1.0369571842555534,0.0010502994299602657,-54.04995138707902,0.029645916728811693,0.001792272637223783,7.561393787205028e-05,77.88569762442718,1.5067245288986013
110_Narrow,1898842500.0,1.0361379438077614,0.0008328961833176738,-53.99171076549967,0.03380913157912015,0.0017987681133516979,4.8491847488912016e-05,76.90237734910836,1.4263155602953341
110_Narrow,1898845000.0,1.0360138337426859,0.0006605385706993063,-53.94773647208207,0.026733617266400347,0.0017700453533459704,5.8727353792134805e-05,77.15669803977795,1.915592133614276
110_Narrow,1898847500.0,1.034362675472499,0.00044717876493328534,-54.15501257885682,0.0353436734791295,0.0018225744613844276,5.264115113903147e-05,76.70252195743905,2.1184321407610467
110_Narrow,1898850000.0,1.0324523404260328,0.000380925579733666,-54.15811046681793,0.04024639042178655,0.0018273542300287792,5.2404196645644147e-05,77.75942041642122,1.6338990513414413
110_Narrow,1898852500.0,1.0349490167348878,0.00042296079104006885,-54.16166086657589,0.03548506359030463,0.0017835071040178732,4.386443041676016e-05,76.76571822968286,1.3180034274944672
110_Narrow,1898855000.0,1.0333239475820266,0.0007686585091063916,-54.006089106412404,0.03475459137577579,0.0017954672783241637,4.789009433480347e-05,76.0003484596604,2.13981450003757
110_Narrow,1898857500.0,1.0339044007659937,0.0006771657320481016,-53.88464949200762,0.037891488741528784,0.0018262232796615642,6.531573687802345e-05,77.12748105137746,1.2715025929176802
110_Narrow,1898860000.0,1.032152135699724,0.0006389567433808893,-54.11811264672523,0.06040391331458271,0.0017758731313291265,5.0631993856857255e-05,77.09380655823495,2.026831240593813
110_Narrow,1898862500.0,1.0345358791271586,0.0005412578754256476,-54.16313621915793,0.029958615034715263,0.0017838830356369758,9.470157745352006e-05,76.90766652163435,2.0184082233812584
110_Narrow,1898865000.0,1.0350127769318136,0.0007472666909635186,-54.11329265228327,0.030668914813392196,0.0017682529785156206,2.410239470035425e-05,77.66991859921498,1.7619418627469752
110_Narrow,1898867500.0,1.0340686895212985,0.0006851444615777431,-53.95524808029062,0.031076546248772468,0.00178115847308784,6.26719475348716e-05,77.48339845738661,2.402649529069638
110_Narrow,1898870000.0,1.0331082663321813,0.0005700999517487663,-54.30127736245089,0.030990402131173485,0.0017939808601413532,4.3699788351850756e-05,77.58133422341132,2.6520347932621005
110_Narrow,1898872500.0,1.0370999697151326,0.000835465735861233,-54.07373554866842,0.02817762625951545,0.001791664765286675,3.689225237189668e-05,77.02694107766537,1.8510948510208982
110_Narrow,1898875000.0,1.035147048448286,0.0006061271701210493,-54.173138494218705,0.029053435425855447,0.0017669443210246495,8.63348458526939e-05,76.40347655666989,0.9971784432675174
110_Narrow,1898877500.0,1.0345953314368346,0.0006243333132778494,-54.17065433012495,0.05697554565773821,0.0018006234327434402,5.6828587544508e-05,76.78892491027368,1.772134318270835
110_Narrow,1898880000.0,1.0326380914891975,0.0006764230654613555,-54.17702282003662,0.02691574190903998,0.001793462399824138,5.299625237962897e-05,76.86012583237908,2.5866454705900113
110_Narrow,1898882500.0,1.0375710150944812,0.0008099167067728924,-54.15434467096069,0.044327954317693145,0.0017626295385792588,6.569336028967453e-05,76.82490644534751,1.5208337443262039
110_Narrow,1898885000.0,1.0332326931622182,0.0011891253982710382,-54.01401172047136,0.033988634746247456,0.0017725651163897143,6.198013671451306e-05,77.3921853254347,2.0704632658903117
110_Narrow,1898887500.0,1.0334738831218035,0.000473767714222097,-54.189313812859396,0.03133271291679437,0.0017793575461786146,6.395986491954187e-05,77.34738257520391,1.5668093286676699
110_Narrow,1898890000.0,1.032147865328419,0.000719509943450957,-54.16435531402132,0.03582759927626351,0.0017562975424722184,7.172587502594361e-05,77.85673693909308,3.106329334718212
110_Narrow,1898892500.0,1.038123230477637,0.00038360335821031655,-54.00440823532931,0.05543835963781088,0.0017868721869335811,6.203011171661441e-05,77.85406783771603,1.159949273792666
110_Narrow,1898895000.0,1.0301372152281052,0.0004697622684060594,-54.22233484606939,0.029220779222701873,0.0017640596379963325,6.635928153785865e-05,77.3314356660979,2.0236418595954255
110_Narrow,1898897500.0,1.0366881439905362,0.0006157381669620633,-54.07297737145999,0.03610711252912967,0.0018014155805729927,4.4418682918684555e-05,77.55743148939598,2.001283548033693
110_Narrow,1898900000.0,1.0316914458345368,0.0005947890337189869,-54.26385033466619,0.023152100508223684,0.0017429730848204452,5.7196163828297736e-05,76.80943694256632,2.0889027243685367
110_Narrow,1898902500.0,1.0344700601829708,0.0008873267648311287,-54.251019796985325,0.038899662977312136,0.0017646068659017608,5.6039955360514436e-05,77.49069957797694,1.6018178661856195
110_Narrow,1898905000.0,1.0354197797422133,0.0007893584751264233,-54.28506060940761,0.02642662189572962,0.00175391534034287,3.9038205427770966e-05,77.66430423773575,1.5888558050023296
110_Narrow,1898907500.0,1.031292181068055,0.000658190170869415,-54.12579362320748,0.033660035788821284,0.0017367442026144382,6.71883460300531e-05,76.50265745382835,2.2782010328899616
110_Narrow,1898910000.0,1.0392800167007268,0.000660311243555434,-54.282497141517254,0.030684697341916478,0.0017658629419317032,6.172006505726943e-05,76.7218999386865,2.1085530282470866
110_Narrow,1898912500.0,1.0311186905255116,0.0006909339530467949,-54.31190620859391,0.018792509739009977,0.0017515497413348215,4.368752915263439e-05,76.73370555686323,1.6429294482861463
110_Narrow,1898915000.0,1.0393109998750296,0.0006797251400704963,-54.151481678843645,0.02914048915760857,0.0017934342087637697,5.353951403781442e-05,77.34824561868479,1.4231817772523845
110_Narrow,1898917500.0,1.0355474712042536,0.0004722373334088703,-53.98411795273231,0.042164669428600414,0.001753633852801072,0.00010555483499779104,77.01239062581342,2.151499263843687
110_Narrow,1898920000.0,1.0384944844124382,0.0009955745777548242,-54.18543813019742,0.03436297856835856,0.0017616438690470232,8.196755358321998e-05,76.6432748433869,1.605168967107285
110_Narrow,1898922500.0,1.0350674836110874,0.0008093658876991909,-54.156934229534,0.03936435019745623,0.0017792911221581097,4.5087729167206355e-05,77.25987721768915,1.6868208155869762
110_Narrow,1898925000.0,1.0378455203515549,0.0004194797566967162,-54.055248123032115,0.04933338725452718,0.0017493387914677364,5.500298014213791e-05,77.27534983019677,1.8752187719011875
110_Narrow,1898927500.0,1.0358227068164851,0.000732256026511645,-54.20442125042983,0.03318947515980011,0.0017839436865649465,4.52184398726562e-05,77.18270845115082,1.6462049398967362
110_Narrow,1898930000.0,1.0382682823384997,0.0008504051801044046,-54.23844599731963,0.03362183619231351,0.0017730817105970666,5.802978665308319e-05,77.79486506019644,2.5075209016940216
110_Narrow,1898932500.0,1.0362672334147254,0.000701164169025791,-54.18662462616742,0.047198152905679636,0.001763916340778442,4.2637529326442e-05,76.59033205214715,2.7677217174598896
110_Narrow,1898935000.0,1.0357748739329289,0.0004746360693911473,-54.49302823004941,0.03987237565286462,0.0017733305695510598,4.964944262597677e-05,75.75156314871664,1.9596055203132774
110_Narrow,1898937500.0,1.0355267491168316,0.0006161869308690156,-54.306132041799835,0.0319782368780613,0.001770425486217706,5.694022312047278e-05,75.8457242970276,2.147493783733307
110_Narrow,1898940000.0,1.0373149620665514,0.000570034538620844,-54.11498081120749,0.036263370976271296,0.001713878866268231,4.4963246366139006e-05,75.80061772734011,2.0015817835821688
110_Narrow,1898942500.0,1.0333183577307659,0.0007609135874057746,-54.06937900502361,0.03842978871205833,0.0017543508179195357,7.598296184539561e-05,78.22028645344386,2.153585126116737
110_Narrow,1898945000.0,1.0367567286161408,0.00041855761939112477,-54.4967407852926,0.03608310653719435,0.0017279189511241455,6.242892973332309e-05,76.58235609955065,1.2309941971946374
110_Narrow,1898947500.0,1.0401791898856405,0.0007916004020389722,-54.258621552223424,0.03557308373111356,0.0017391079222477514,5.806427318498647e-05,77.78676695114524,2.0630799264227666
110_Narrow,1898950000.0,1.035760546974166,0.0008264344572851345,-54.25345169723194,0.021717784650095235,0.0017680662543782043,5.2918288319384254e-05,75.94105743224772,2.155249179426911
110_Narrow,1898952500.0,1.036986088991133,0.0008253854022868648,-54.21762669062902,0.04645392694587122,0.001749987743325949,4.328083457720589e-05,77.18608695931474,1.3715388146968586
110_Narrow,1898955000.0,1.0339029049714104,0.0007628149127160898,-54.316774894659105,0.04244502752205984,0.0017150156343677338,4.6488305561565904e-05,76.9535936230119,1.9653262410547299
110_Narrow,1898957500.0,1.0388108697367757,0.0007207951842588121,-54.628891439138286,0.027467663912311896,0.0017578386472682857,5.594629342845903e-05,77.77749122552368,1.5718724827957948
110_Narrow,1898960000.0,1.0392537625837246,0.0009179972223394526,-54.36899399987852,0.03689300820305338,0.0017910041020697447,7.296815643535138e-05,77.7687312050814,1.9961713915268482
110_Narrow,1898962500.0,1.0367286070556712,0.0005178930895601975,-54.47406869957345,0.024479116524696014,0.001745852260713967,5.3363588620711184e-05,76.50692901275477,1.1829255957300642
110_Narrow,1898965000.0,1.0348177913041723,0.0006040066219006332,-54.435513815486416,0.029484991818348696,0.0017150968772973562,4.507846349146126e-05,77.33848759156483,2.3582665416738604
110_Narrow,1898967500.0,1.0365072171031646,0.0007049746610411856,-54.41121140124577,0.02788623963476123,0.0017216426181202486,8.574589599060243e-05,76.68430480651146,2.9920318995195685
110_Narrow,1898970000.0,1.0365519829626242,0.0008906629301183255,-54.2306390708639,0.04118937077117268,0.001745250094464799,4.749992852820407e-05,77.55508741019315,1.890539522853654
110_Narrow,1898972500.0,1.0358915489741398,0.0005231903477574097,-54.62462147856763,0.02296747945205301,0.0016939480284600132,4.4367480098633595e-05,76.30599469710666,2.9597457204815836
110_Narrow,1898975000.0,1.0374154621910598,0.0005008693331245612,-54.43659230951408,0.03737538598614103,0.0017123145984651337,7.994279966483218e-05,76.9146969056363,1.9534427449491236
110_Narrow,1898977500.0,1.0377330482262366,0.0005576002281426217,-54.40463569849263,0.03240102855769608,0.0017728774847210246,6.424418387234429e-05,76.78788156293237,1.6121880592645776
110_Narrow,1898980000.0,1.0355185828796993,0.0007660642617023775,-54.26381582146932,0.046656032931923386,0.0017116811272204452,4.0555197399590076e-05,78.05320576753661,1.1834243099607173
110_Narrow,1898982500.0,1.0361572479866157,0.0004734473964101113,-54.253267341165134,0.038343201658149244,0.0017313755896257363,6.083378167443717e-05,77.68282974545122,1.8473175094190886
110_Narrow,1898985000.0,1.0335808634012777,0.0006511925960159513,-54.3050048399593,0.021102433683413902,0.0017479854171221986,4.7672546739546256e-05,77.78790600482179,1.6691520794999017
110_Narrow,1898987500.0,1.0326959047589475,0.0004351276129370529,-54.569172266134586,0.04365678060087564,0.0017361418644435329,9.331950811445958e-05,76.91441370483321,2.1578788954932833
110_Narrow,1898990000.0,1.0376318417653316,0.0005116828213070902,-54.70416921449365,0.03177424208511548,0.001766126603543545,6.465869006916972e-05,77.14638310499957,1.5523866728301001
110_Narrow,1898992500.0,1.0376153412028717,0.0005844857955904546,-54.327858019209636,0.038099203141338224,0.001730578271311524,7.843974409130284e-05,78.30643708974497,3.1205072143343835
110_Narrow,1898995000.0,1.0374756163207421,0.0004109908818384462,-54.28194210358122,0.03219771013643616,0.0017577434144261305,3.037367593993023e-05,78.40686302883239,1.6802234607136932
110_Narrow,1898997500.0,1.0347036656634903,0.0007526095660201073,-54.417609417488414,0.03005449116833793,0.001733754207176424,5.9304552786960954e-05,78.23010522326616,1.5947014761623595
110_Narrow,1899000000.0,1.036663528215113,0.00036741468322865116,-54.31583909394979,0.03865389432401846,0.0017091460926614013,5.2434925995128056e-05,76.84932579856591,1.8626704635821179
110_Narrow,1899002500.0,1.0349085120796357,0.0005448809081113262,-54.63200456294397,0.03588752295517127,0.0017297921261187957,2.871433327438512e-05,76.11645516030545,1.6810452208278803
110_Narrow,1899005000.0,1.0388452404144077,0.0006314963698109292,-54.33825000872066,0.047865985966114466,0.001741907710200775,4.332580862787566e-05,75.75864489686867,2.1469595420701992
110_Narrow,1899007500.0,1.0366834644225766,0.0007303256307053184,-54.58265719749342,0.03954222567346028,0.0017350038639047656,5.083312838609358e-05,78.02884211263853,1.8978772094746779
110_Narrow,1899010000.0,1.0383607458294781,0.0004968170812847707,-54.40836119382238,0.056620158075140856,0.0017337703529103567,9.153683560778846e-05,77.1561418182383,1.8444818339048568
110_Narrow,1899012500.0,1.0409036910464118,0.0005723492438415394,-54.54285029939674,0.0436508199452949,0.001757260193512242,8.348523926626626e-05,76.21544935805237,2.2762659645772447
110_Narrow,1899015000.0,1.0348953161852794,0.0005454886656751959,-54.45247280201781,0.0434981536273334,0.0017264416102856048,6.55932208501018e-05,77.42819433972123,1.2683325460866137
110_Narrow,1899017500.0,1.0348133626617497,0.0007736710429214245,-54.410573216046885,0.03704872260672724,0.001712080804654793,5.5139513175198545e-05,77.73681539721586,1.0804542560214603
110_Narrow,1899020000.0,1.0330628986630745,0.0005719659306865543,-54.39214686949313,0.03566396436191595,0.0017329828525470463,6.0757169762360915e-05,76.93141244785868,2.062556697298174
110_Narrow,1899022500.0,1.039290003995987,0.0005736511588404338,-54.75960852883367,0.029908664208818436,0.001710698947687498,6.452988744256165e-05,76.6801565403888,1.4293734111001106
110_Narrow,1899025000.0,1.0368583660862836,0.0006109804000781177,-54.358341833572,0.027132036078095598,0.0017290634750414715,5.408291483052722e-05,76.77418546490989,1.7918537825975307
110_Narrow,1899027500.0,1.036451212666427,0.0007334081800877349,-54.401116534229736,0.03398863144991946,0.0016902302494506613,4.240159622606399e-05,76.76875191268431,1.930768123171823
110_Narrow,1899030000.0,1.040267246372618,0.0007536286943332911,-54.62308574044958,0.02781628664323265,0.001709759700938893,7.062149948362381e-05,76.72892711371799,0.7537738467930754
110_Narrow,1899032500.0,1.0358620685804376,0.000445925886882083,-54.484173206600985,0.04069093540268196,0.001714881902912216,5.5374306825102796e-05,76.47618296124847,1.968644513928998
110_Narrow,1899035000.0,1.0375756980776107,0.0007003178960011685,-54.55858561726558,0.02898814970083777,0.0016985780657560044,7.066026447534786e-05,76.89736457794474,1.9498619511101576
110_Narrow,1899037500.0,1.0389421045367613,0.0004781179782578677,-54.5613162088643,0.026572718972135034,0.0017279044126648343,4.823809090824053e-05,76.61831878253847,1.3239459217122458
110_Narrow,1899040000.0,1.0386547813649192,0.0006198182674411584,-54.64508751193416,0.0343187199913783,0.0016887585386690044,4.2493232627536904e-05,75.69640600720079,1.3107940094842163
110_Narrow,1899042500.0,1.0372722703539756,0.0007789068134931906,-54.52195464902399,0.02898582751004813,0.0017003377187676568,5.613242131937188e-05,76.89949502853226,1.3052126218711102
110_Narrow,1899045000.0,1.0398608617150529,0.0005658867810441216,-54.46616193490466,0.03868513508916794,0.001695430128279105,4.380776326358567e-05,77.23785120353762,2.374201065670472
110_Narrow,1899047500.0,1.0396589617776166,0.0005317864254847396,-54.896196270587005,0.03672218659408235,0.0017243041293729788,3.5775489389405034e-05,76.1075474208948,2.11319305420353
110_Narrow,1899050000.0,1.032590171342171,0.0008673024384886274,-54.53069200544626,0.037431548752965345,0.0016807580696120207,7.08240104806269e-05,76.59387618855291,2.646683594180982
110_Narrow,1899052500.0,1.037958466247313,0.0005258248614006765,-54.349407884824096,0.04083484787454778,0.0017247381513848996,5.977067000219568e-05,77.17302181075063,2.207182929048702
110_Narrow,1899055000.0,1.0383942474158927,0.0007153804880766634,-54.6425771185415,0.043141714799570526,0.0016946809097149254,6.86207909224692e-05,77.32997316374818,2.230603307831659
110_Narrow,1899057500.0,1.0354035306223652,0.0008170393838332926,-54.54976566559982,0.02192593922907272,0.0017008985455767628,6.333292138894643e-05,76.95081134907723,1.8146336204800488
110_Narrow,1899060000.0,1.0366390001009094,0.0005462465084446591,-54.36919519077601,0.032941893605428665,0.001718864627832383,5.288042814635488e-05,77.23525978065223,1.9836920941858476
110_Narrow,1899062500.0,1.0374596752989769,0.0004826732601298895,-54.597739377572225,0.045172857517520884,0.0016856591596783746,3.9666026631606604e-05,77.21271424406793,2.2418072303738135
110_Narrow,1899065000.0,1.0421292525498307,0.0004863733052408373,-54.533690226049764,0.030973146847515426,0.0017059121017710028,6.61964908115646e-05,77.33180574361106,1.3217668551472321
110_Narrow,1899067500.0,1.04069230158167,0.0005928266807523563,-54.55288667250311,0.02685047697907584,0.0017066827080565725,5.1216465806677605e-05,76.71753902915685,1.9757351063989828
110_Narrow,1899070000.0,1.038508834017997,0.0005824197690483226,-54.854329542774074,0.03621873642493327,0.0017023124259694217,7.259602156923172e-05,76.56338124451077,1.5259752052611886
110_Narrow,1899072500.0,1.039085757361756,0.0006550134125036805,-54.54298600700129,0.044860783606908705,0.0016715757652204294,4.292770927299534e-05,76.76994343710146,2.57504666128471
110_Narrow,1899075000.0,1.0367602689460793,0.00043182436022136134,-54.60326991637862,0.039122908427259795,0.0017066340454318207,6.274671597760237e-05,76.57052290541824,1.060755431182568
110_Narrow,1899077500.0,1.0360630399238409,0.0007649299928042097,-54.508347753042095,0.033073622583855315,0.0017167387479391839,5.972628039905402e-05,76.8926613104598,2.4265092650832
110_Narrow,1899080000.0,1.0379757162873389,0.0004245130177504162,-54.608411982527926,0.03884118220639146,0.0016769634210683625,3.31878876031797e-05,77.11242342671281,1.414971545553211
110_Narrow,1899082500.0,1.0427584332955817,0.0005609847990403127,-54.5236292274358,0.0619846041032104,0.001705278681240572,6.531567399385367e-05,77.41833946190832,1.526406472057391
110_Narrow,1899085000.0,1.0387863950985592,0.0005767994021048455,-54.82453466629707,0.036211555859454236,0.0016633770558037724,6.983216830971738e-05,77.37509184539961,3.637031960138182
110_Narrow,1899087500.0,1.0359226717902834,0.00020042476512985527,-54.619096875816936,0.03654856680413111,0.0016723210930518551,5.694706172233663e-05,77.54171288596709,1.7083570426310777
110_Narrow,1899090000.0,1.0391009291391367,0.0005493211841818043,-54.61974948650706,0.032125762316461616,0.0016435110292506371,3.5199643295667894e-05,77.48685344979722,2.2419558742807766
110_Narrow,1899092500.0,1.0365889022648498,0.0005542814829550711,-54.30998755480708,0.03170181105283516,0.0016723395103161297,3.7541917348907935e-05,77.61135979597859,2.6765942054728997
110_Narrow,1899095000.0,1.0411281495122893,0.0007810818808001043,-54.71991208099036,0.026286992486566785,0.001691731689417148,5.822481249055542e-05,76.79085983084542,2.301651326860594
110_Narrow,1899097500.0,1.036118196768154,0.0008563758025012567,-54.61032929237182,0.029706756602556224,0.0017038537115823158,5.348634692550044e-05,76.26299269789422,3.2488211738065726
110_Narrow,1899100000.0,1.0380183725592174,0.0005133221713737787,-54.56173987696533,0.036023413348996856,0.0016871387080156955,4.720735984850468e-05,76.60890259810162,2.568003253935415
110_Narrow,1899102500.0,1.0375478275176586,0.000641218471723949,-54.531554268187584,0.020178521527899635,0.0016631493956680873,4.104129740707496e-05,75.92672902659227,1.964880539246271
110_Narrow,1899105000.0,1.0394553928345889,0.0005631956407789695,-54.7752601486826,0.03763107415626743,0.001679544232566394,5.357213814036661e-05,76.69197955839995,1.8970311790959526
110_Narrow,1899107500.0,1.037740207453502,0.0007624449353853239,-54.78610774514584,0.043342011947829745,0.0016840235760673186,4.86966856813557e-05,76.58429471296596,1.0479583903667897
110_Narrow,1899110000.0,1.0373168647549624,0.0006760304535900244,-54.6444422397672,0.03216901759888133,0.0016905289788977608,4.213753110999025e-05,75.5667639741011,2.1624416641918556
110_Narrow,1899112500.0,1.0374865230509125,0.0004930561521366672,-54.594743909259144,0.0296488991365316,0.0016833718098019897,5.391276700200458e-05,76.32380989618078,1.8107681371397222
110_Narrow,1899115000.0,1.0383161388020177,0.0006267375624854046,-54.72443563037811,0.02682634895627036,0.0017232940610005247,5.5320120221301866e-05,78.1120125655911,2.255612505689911
110_Narrow,1899117500.0,1.0402191859860768,0.0004428492103701903,-54.54558231915929,0.030897336853268342,0.0016871139673081065,5.506736005999817e-05,76.22321561656027,2.152918995545992
110_Narrow,1899120000.0,1.0392886292533574,0.00039703734092083425,-54.39942623999521,0.030805675241437583,0.0016702271349605616,4.492924495036405e-05,77.7789949648028,1.758462466113141
110_Narrow,1899122500.0,1.0330814614740578,0.0007319818339852794,-54.67945603645767,0.03072141573229465,0.0016759869496508159,4.904207744414425e-05,76.56178074533123,2.6513636484092844
110_Narrow,1899125000.0,1.0404916488736615,0.0005132884072890355,-54.699531455026374,0.04610275212047364,0.0016844222394897784,7.717989938636993e-05,76.20084995067226,2.229335062685956
110_Narrow,1899127500.0,1.0393982549964902,0.0005431072720111048,-54.46063369734699,0.050007666650745186,0.001692326957359177,4.552903244560236e-05,77.25096518012175,1.3239236549998548
110_Narrow,1899130000.0,1.0384348424122307,0.0003722479030230462,-54.74991697814014,0.03625383008430137,0.001687141247075847,5.4466793049377846e-05,77.25537352351763,1.6878503105239355
110_Narrow,1899132500.0,1.0396328642552144,0.0005027872891009186,-54.66097349155319,0.03880398045025043,0.001697270808675354,4.795963573051349e-05,76.63023035195435,1.5541380894681858
110_Narrow,1899135000.0,1.0386419435746965,0.0008041442110514385,-54.925467533814896,0.028929205205482783,0.0016580839007259679,4.9098737018723385e-05,77.56537648850707,1.6081599331371668
110_Narrow,1899137500.0,1.0396916659066646,0.0006819548037966235,-54.81490571722846,0.03255667100756253,0.0017000760639099277,3.924281088177362e-05,77.21168096891464,1.0929042644954872
110_Narrow,1899140000.0,1.043193727775153,0.0008060297083284305,-54.80078164495833,0.04782783413762291,0.001677317814965866,7.719936492728033e-05,76.0994366678805,2.1627403849618836
110_Narrow,1899142500.0,1.037879696587075,0.0006168087719387003,-54.75127061786682,0.02591117605885532,0.0016746439636991534,3.1078255622509437e-05,76.4314480408716,2.4463176202918735
110_Narrow,1899145000.0,1.0420565097131536,0.0005499219701052731,-54.924882150062075,0.0313395491016044,0.0016675603463965154,5.726667159479734e-05,76.97733947297338,1.6075256327188279
110_Narrow,1899147500.0,1.0371884541305034,0.0006283033461925997,-54.73250825345304,0.03257586868683152,0.0016686223694550924,4.2451682593503683e-05,77.64242727931516,2.1892330817035504
110_Narrow,1899150000.0,1.036489725412669,0.0005304842763334134,-54.65179883940206,0.02989591401276877,0.0016656259592198015,4.484916839503603e-05,76.36608023487823,2.3970211884617965
110_Narrow,1899152500.0,1.037791754764996,0.0006622553801359782,-54.63520490919572,0.02756162784145807,0.0016952240346300934,5.981251017345778e-05,77.365964106335,1.6590423262191505
110_Narrow,1899155000.0,1.034693143764816,0.0004572161349263616,-54.66571322718686,0.04280591841008956,0.001654584947987353,5.10832867051128e-05,76.58721808767963,1.7283762390570911
110_Narrow,1899157500.0,1.043140614952021,0.0006105461038298962,-54.78665898606542,0.03275986785060649,0.0016486213906546853,8.805026953234056e-05,77.09791231999856,1.3464822552785407
110_Narrow,1899160000.0,1.0376000492774808,0.0007991529357031086,-54.65122545191633,0.04037088820756122,0.001661379447054585,3.9800895620644785e-05,77.07661314920622,2.2606836406951767
110_Narrow,1899162500.0,1.0379713338847278,0.0007867330572727331,-54.9109834435427,0.03311803462979511,0.0016785238267846584,5.4332702320202464e-05,77.05100737633984,1.748562174548003
110_Narrow,1899165000.0,1.0370131622691736,0.0004173952807934811,-54.940995927337894,0.026852403634205414,0.0016292681514292002,7.766658483565728e-05,76.53776530754924,1.8064022020431993
110_Narrow,1899167500.0,1.0368072622677604,0.0006270418593078436,-54.852730636118906,0.0350515100606822,0.001633478469478796,4.0607062846409384e-05,77.43988572076859,1.5990431519208264
110_Narrow,1899170000.0,1.041391558268699,0.0006915006843804996,-54.870986981279046,0.027683459499878632,0.0016475202391410854,6.356205749629464e-05,76.74691512234917,2.445675967703259
110_Narrow,1899172500.0,1.035861861829039,0.0007899952202772583,-54.75938954664558,0.03550397576199199,0.0016370861958045005,7.419460624633071e-05,76.86236706714683,1.3702788245380029
110_Narrow,1899175000.0,1.0439027694396827,0.0006261432055245379,-54.989670820714586,0.030844117702285585,0.0016595504227558209,5.868421000703414e-05,76.38563389907641,1.808352203816502
110_Narrow,1899177500.0,1.0407975206248488,0.0006306162326469633,-54.63719884712644,0.041156452000015956,0.0016419685390602786,5.024008135456334e-05,77.2686448868151,1.4187196454844573
110_Narrow,1899180000.0,1.0412641487778513,0.0007755082538224082,-54.81792662663892,0.03231894945934135,0.0016677375127787122,8.765516207330653e-05,76.63886330967976,1.5657402201287296
110_Narrow,1899182500.0,1.043515103602429,0.000680462903347434,-54.60864031080156,0.022779571886255547,0.0016439007479225201,6.730982894052477e-05,76.55269628048109,2.137767529250307
110_Narrow,1899185000.0,1.0408208174957145,0.0007499392899952001,-55.02281253015374,0.029198155586676516,0.001639114508547536,3.432038568746642e-05,77.33090544227436,2.010362763774767
110_Narrow,1899187500.0,1.0432215529341884,0.0004648133127388563,-55.12701167232598,0.03471455021155494,0.0016632263378648312,6.134399782952258e-05,77.12244146834092,1.9444612407577404
110_Narrow,1899190000.0,1.0377161489012265,0.000462641393638001,-54.67170218728262,0.023322201542142366,0.0016483482179055137,3.891297450939379e-05,77.1930644632944,1.622960149625635
110_Narrow,1899192500.0,1.0346951734645364,0.0006478095743339235,-54.73000780274011,0.029740684577460284,0.0016633648575293126,5.6385816914058985e-05,75.65994515297866,1.4595347059641501
110_Narrow,1899195000.0,1.0414166762562282,0.00046844342663772756,-54.865858112586004,0.026740871815066975,0.001628487895356848,4.8709488534563075e-05,76.88436150354458,1.2489697798692274
110_Narrow,1899197500.0,1.0427095450390613,0.00033205457793340163,-55.12151508872242,0.04926818470920843,0.001646041281226586,7.540437227594238e-05,76.69953170211178,1.8020213909161733
110_Narrow,1899200000.0,1.0392677142416018,0.00048451624367652036,-54.529821729125,0.039162564329888364,0.0016470585916957164,6.359178802979948e-05,76.80488010476589,1.5731811706054868
110_Narrow,1899202500.0,1.0419877122012378,0.00048802318429501444,-54.781211731618555,0.03934302342917108,0.0016453941160588955,5.928979644541893e-05,76.06402816576161,1.1693724917823687
110_Narrow,1899205000.0,1.040616572574156,0.00036339820629396115,-54.916349496024125,0.03375104570544049,0.001636384552468048,3.820315362074209e-05,76.39162918370562,1.4635195909945973
110_Narrow,1899207500.0,1.0423789091970759,0.0006443801110379669,-54.94370522109871,0.043569167453254676,0.001623781618340108,5.3992965672270034e-05,78.6490186179016,1.8287959922420973
110_Narrow,1899210000.0,1.0384354652614975,0.0007034554003982964,-54.922120034504665,0.04234628284614312,0.0016622739207709388,6.696640249670888e-05,76.59226708889918,2.152444079696753
110_Narrow,1899212500.0,1.0394044368342505,0.00036325220172459303,-54.72794479378906,0.054508827547615546,0.0016571022638714888,3.002935191181107e-05,77.01458380959062,2.5388159712818292
110_Narrow,1899215000.0,1.0386952273436307,0.0005016923436635637,-54.845038195772325,0.055174460162062997,0.001621388756592206,6.568300106873088e-05,76.99678748102072,2.5577850674382914
110_Narrow,1899217500.0,1.0412502014029288,0.0007707414627954759,-54.864709285790624,0.044392981539920724,0.001653855301904221,7.743258820618934e-05,76.89591429095636,1.855358036342219
110_Narrow,1899220000.0,1.0333774636939068,0.00034819889077378446,-54.81456758688481,0.025936692318420267,0.0016891821523006393,4.2261040655355914e-05,77.26180460043389,2.0431738901051815
110_Narrow,1899222500.0,1.0382607460255422,0.000756320810618514,-55.04384495358612,0.03219632020237162,0.0016579749571050406,6.643624441823995e-05,76.3647721040507,1.9459882191245668
110_Narrow,1899225000.0,1.0422901852917692,0.0006791406536206405,-54.93814049958578,0.026630904924092577,0.0016357277865913242,3.8493031799069405e-05,77.10754921480098,2.120034554001988
110_Narrow,1899227500.0,1.0408513684449971,0.000588301201402416,-54.906107163612546,0.02936026877887314,0.0016220948337310633,6.972399883741532e-05,76.32997134215933,1.3255099328373952
110_Narrow,1899230000.0,1.0391223140640014,0.00048218792002290456,-54.82210162967525,0.03359286454822974,0.0016531497097558054,4.538033725335465e-05,78.52090986708002,1.9779057986294881
110_Narrow,1899232500.0,1.0361058778402494,0.0007872946542783522,-54.94418809768601,0.028790505477649678,0.0016219401336165253,4.246268772165799e-05,77.28819733939486,1.5766796057273522
110_Narrow,1899235000.0,1.0412842574080368,0.0007880936206433072,-55.311899849239374,0.03843452937447676,0.001627521269139469,4.7836879038536156e-05,76.9318871225236,2.4285733990790486
110_Narrow,1899237500.0,1.039880234484934,0.0005044767345961983,-54.949872680719494,0.025926512744138847,0.0016332054075689252,5.21140427685991e-05,78.02366562509364,2.024199804681433
110_Narrow,1899240000.0,1.040378246435481,0.0006489994984281936,-54.93727589972252,0.03458014580345467,0.001621962486073234,4.751237945779208e-05,76.71857626871395,1.872534101170897
110_Narrow,1899242500.0,1.0368158233782283,0.000629412278066126,-55.062954418981356,0.03948699257888312,0.0016272119732747283,5.2341279686682545e-05,76.9494892400773,1.4265307986319322
110_Narrow,1899245000.0,1.041781212437785,0.000608742560776983,-54.990993487256574,0.03250167372901296,0.0016154364630473744,6.427225403952135e-05,75.41547178223828,1.9876330636892345
110_Narrow,1899247500.0,1.0406293853537179,0.0005585845311467743,-54.90339065944358,0.03287126203721782,0.0016609379843184654,4.316960338836238e-05,76.18487961593507,1.5442621217744052
110_Narrow,1899250000.0,1.0410922753204293,0.0007580798629248072,-55.1056057926599,0.04063603278023777,0.001648467584172481,4.66024926003117e-05,75.32426954725338,1.8101467771358104
110_Narrow,1899252500.0,1.0397280330913539,0.0004809952787982425,-55.02014465908305,0.035417114074486,0.001667411888118226,5.496536607953466e-05,76.02879842400414,2.1137754183936757
110_Narrow,1899255000.0,1.0454839360462842,0.00049954011819209,-55.163073279306246,0.03964024276679158,0.0016593171754960476,6.403138191120304e-05,77.04197401373219,2.066582872781064
110_Narrow,1899257500.0,1.0418002816411067,0.0006554904048557479,-55.061525455627184,0.04167303433737545,0.0016551878551425035,9.171053233572704e-05,77.31635655687663,2.5982443819951673
110_Narrow,1899260000.0,1.039383592897136,0.0007064184432273467,-55.076655653474994,0.04690270380829946,0.0015826657309362707,3.545335125236342e-05,75.91455682240436,1.686562145326736
110_Narrow,1899262500.0,1.038191292850557,0.0005435260383309997,-55.13675375954878,0.042930703065056086,0.0015876013105335831,7.036120105765695e-05,77.41001728346298,2.6386349244920244
110_Narrow,1899265000.0,1.0393420951423127,0.0006411049812597171,-55.122406096536615,0.03643432027882594,0.0016551724135612155,4.5361150441765865e-05,75.9163383075005,2.311756316636946
110_Narrow,1899267500.0,1.0417554838128547,0.0004918044462870301,-55.098340865376834,0.043861670800284885,0.001648032325216502,5.445464464451348e-05,75.86019791676912,1.4011772705342795
110_Narrow,1899270000.0,1.0428009562007594,0.00046163074830091227,-54.80859394999353,0.044550596618676226,0.0016388307551772514,6.483806957170103e-05,77.07137972541639,2.172042702465601
110_Narrow,1899272500.0,1.0374053568615431,0.0005026213968982831,-55.29333380696926,0.028152625678984022,0.0016135848357219976,6.726761348697938e-05,76.47381040663234,1.9094615751605972
110_Narrow,1899275000.0,1.0394980553818496,0.000711767820144695,-55.0007034767088,0.04008876497842905,0.0016267976268725334,5.9927273624860675e-05,77.59312027976256,2.3893346312180976
110_Narrow,1899277500.0,1.0420825315504316,0.000653852063104053,-55.076298252971405,0.027254898150706766,0.0016473876115809078,4.5369081939046916e-05,76.49815737561069,2.8102124083661684
110_Narrow,1899280000.0,1.0393229534302182,0.0009256239270808007,-54.92564889157302,0.027300911812125708,0.0016384243664683638,7.60861505057604e-05,77.63438258325348,2.3944321467207077
110_Narrow,1899282500.0,1.0391281838391504,0.00043013825092642124,-54.91159361641424,0.03772068434446855,0.001599186803240746,5.8916338470671686e-05,76.89234135305763,1.96179110513311
110_Narrow,1899285000.0,1.040230539496608,0.0005204745729059148,-55.017430582737724,0.025176646702590323,0.0015971311498620179,6.784110158559407e-05,77.44252879909573,1.8409536902987387
110_Narrow,1899287500.0,1.0440612576811825,0.0006117522188087813,-55.2430430383882,0.022159721101084516,0.0016361895916223211,5.245155095854403e-05,76.8275309404449,1.827627016562194
110_Narrow,1899290000.0,1.039135947683785,0.0007325970647346081,-55.06683885523751,0.03112699195352454,0.0016192048696645712,5.1402384796290385e-05,76.92733941107433,1.9306889915235037
110_Narrow,1899292500.0,1.0399319922953527,0.0006260193050709759,-55.0749603714513,0.02811680034667133,0.001623637167582207,5.581744852638474e-05,76.35763934894507,2.5882025680310847
110_Narrow,1899295000.0,1.0366853528653595,0.0007837531463735201,-55.1772975752252,0.031570240243964105,0.0015904622938524259,5.008419067269595e-05,75.71004205334026,1.6871758780266217
110_Narrow,1899297500.0,1.0442203608636293,0.0006688707213046398,-55.08598259805004,0.024720974125639752,0.001625065793431839,6.357715479409126e-05,76.58223004567522,1.9638969906087258
110_Narrow,1899300000.0,1.0422220191250047,0.0009503281913472325,-55.36403056605532,0.037346705309664774,0.0016017175641973376,7.032599758411239e-05,77.22100175646922,2.0963272817510963
110_Narrow,1899302500.0,1.0427364829960701,0.00042543813957974743,-55.27783049260337,0.03767696288154822,0.0016159825547956334,4.442189569090407e-05,76.90968760267525,1.2337814838472967
110_Narrow,1899305000.0,1.0403058698288137,0.0007170973422042334,-54.94941486122557,0.048724850825494416,0.0016192911970810081,3.842563472991756e-05,76.76972193870664,1.4058425661894816
110_Narrow,1899307500.0,1.0412357037245459,0.0006377515925466002,-55.1091059593452,0.03846168071195952,0.0015979025378966521,6.477983854170891e-05,77.49761277768195,1.9633136729740592
110_Narrow,1899310000.0,1.0408633486824028,0.0006159309085237671,-55.1477785828731,0.03282793835623884,0.0015893565859468215,5.173796323856317e-05,76.59761971425593,1.6259225695196093
110_Narrow,1899312500.0,1.041643614828552,0.0006269343880467505,-55.17804832112145,0.04215848868825812,0.0015974006276862128,4.440988911233975e-05,76.16405862842949,1.9405427121547514
110_Narrow,1899315000.0,1.03864184320707,0.0006351132601245359,-54.96479967108776,0.031826049276360506,0.001610808471561177,4.251554851640436e-05,76.34916301825152,1.1899694943062928
110_Narrow,1899317500.0,1.0409571551193704,0.0004786390679710177,-55.27050261908636,0.03891690904076956,0.0015919859630967857,4.3641879617563254e-05,76.5226655972267,2.6804109588155276
110_Narrow,1899320000.0,1.04369663670446,0.00033762720321081326,-55.20117935100934,0.03288741864380698,0.0016147998628967546,4.4177291521596245e-05,77.56106581863581,1.9999139983712986
110_Narrow,1899322500.0,1.0415317426644919,0.0006286771700088884,-54.94132798557106,0.04102671078268535,0.001594197982986232,6.552697720947973e-05,77.84171075287975,2.183202821803881
110_Narrow,1899325000.0,1.0452092978978538,0.0007411886758175071,-55.02825315529862,0.0316592732441123,0.0016285753922816778,6.017730097307709e-05,74.88415956690307,1.767370313111932
110_Narrow,1899327500.0,1.0431044213823704,0.0005654578145209828,-55.11223168115702,0.04050089583057808,0.0015893845584128313,6.580354330440404e-05,77.65649174151646,1.964576936198291
110_Narrow,1899330000.0,1.0410223923634905,0.0005129231085839285,-55.10014735587175,0.035181154659306296,0.001599339853295613,6.453247289611478e-05,76.69837354876002,3.255402518113803
110_Narrow,1899332500.0,1.0443672282927814,0.0005989473592866141,-55.19103708662864,0.03253171204720211,0.0015783826340417266,6.749597057708468e-05,76.8812400051113,1.9254657090601373
110_Narrow,1899335000.0,1.0387213731503664,0.0006034957751455058,-55.429269591609746,0.015692324729954805,0.0016210554426009664,6.431422236152945e-05,76.96618912724645,2.4694316435244716
110_Narrow,1899337500.0,1.0440531416569545,0.0008550436384418375,-55.04318140703795,0.024843202320639978,0.0016170721976197346,5.234849317738244e-05,76.89074849718911,1.5635632453092865
110_Narrow,1899340000.0,1.0386608937565802,0.0007734195539859967,-54.99095193195531,0.015413912236414343,0.0015865029717150943,6.299246074275471e-05,76.19016357108944,2.1264055807030884
110_Narrow,1899342500.0,1.0427083686162604,0.000600541408414738,-55.234785518993455,0.03885810406193701,0.001569611748591265,4.075144168021249e-05,77.42530253719212,2.3173950216444386
110_Narrow,1899345000.0,1.041084568855221,0.0007822224350487119,-55.15506525499397,0.03586625568951063,0.0015847876534361566,6.643915177729758e-05,75.9192522599862,1.648847102024352
110_Narrow,1899347500.0,1.0402480920200585,0.0003925264840011055,-55.2032316723772,0.03343645001716797,0.0015789301236123234,2.999299129737242e-05,76.94511834822258,2.3438284030770107
110_Narrow,1899350000.0,1.04096838857201,0.0004381601567516404,-55.42252831016377,0.030729808134635404,0.00159962315498166,6.58711206832115e-05,76.88217729827062,2.1528122598459922
110_Narrow,1899352500.0,1.039301718105379,0.0005761183673710451,-55.37633753217743,0.03884596517989947,0.0016091021692718871,4.6531670507180356e-05,76.58595369248155,2.0834478392409728
110_Narrow,1899355000.0,1.0433422480723182,0.00046124404598073683,-55.16764067652234,0.03349831934142236,0.0015933747502276398,7.190987003449004e-05,75.57225197754069,1.4717542539135715
110_Narrow,1899357500.0,1.0418870114510626,0.0006918972829837068,-55.200548433059716,0.03899467051586982,0.0015876890732996831,5.2386787102105264e-05,76.00655649557098,2.8594404310583927
110_Narrow,1899360000.0,1.0461351522631728,0.000457043417052358,-55.4110517779943,0.029531623552301597,0.0016160095804945034,3.6279939165339494e-05,76.44316980593811,1.7929830157060473
110_Narrow,1899362500.0,1.0419945275392464,0.00038791353479325865,-55.28004982143441,0.026935520530979605,0.0015851094818550814,5.265566466195539e-05,76.9182357905049,1.9495736480748724
110_Narrow,1899365000.0,1.0388111682495498,0.0007013149301483826,-55.159645622706144,0.03642206460577474,0.0016043405508581795,6.0145007778878305e-05,76.92285321686944,2.4981391870489493
110_Narrow,1899367500.0,1.0426610768485447,0.0006331229268558046,-55.20178738901693,0.027732510525951232,0.0016200774316455938,5.77025577677622e-05,76.68165064023087,1.8605541079477415
110_Narrow,1899370000.0,1.0407252689932827,0.0005386238299877217,-55.383354180048485,0.02793502524117014,0.0015723589646447077,5.722516698504514e-05,77.35574921616315,2.441726868852982
110_Narrow,1899372500.0,1.043474040987552,0.0008349424433543436,-55.27009975546333,0.044264734971050344,0.0015827938452997624,4.769412153319723e-05,76.46639622463687,1.559375030116129
110_Narrow,1899375000.0,1.0361725778571698,0.0008850085835784555,-55.33559229596395,0.03134689710957444,0.001574014911576069,6.101598114307e-05,75.91232700097999,2.3782929592820765
110_Narrow,1899377500.0,1.0451778516124446,0.0003942026479920667,-55.33260740966422,0.03443514108777089,0.001523824713170006,4.230064816209536e-05,76.68165382579258,2.0494864775452006
110_Narrow,1899380000.0,1.0455274083166344,0.0006949467736569024,-55.22251423281956,0.03525525711860433,0.0015884956169307308,5.103744854812144e-05,78.20650371841225,1.7305725447080849
110_Narrow,1899382500.0,1.0429210715113266,0.0006349579680645306,-55.31425765765134,0.027613811301138148,0.0015558712633236419,4.790370941919348e-05,78.61014797753558,1.2956825716012719
110_Narrow,1899385000.0,1.0391101337035855,0.0005775251958182828,-55.38289099269607,0.02657084185692826,0.001583604453107705,6.725594648196156e-05,76.68537744687951,1.523556476183827
110_Narrow,1899387500.0,1.046147161087979,0.0007212606653234664,-55.37764151562477,0.03274342382058425,0.0016050947387811331,4.950710512317186e-05,77.03227308744633,2.9705792815446563
110_Narrow,1899390000.0,1.0437964619677291,0.0006778571469900577,-55.53154134880418,0.044504773271939975,0.0015770614544223522,4.918129270692161e-05,76.73514295258545,1.7497364616498798
110_Narrow,1899392500.0,1.0440351153012135,0.00037723697410999013,-55.253904688053275,0.03960427100214337,0.001576674850964012,7.617769844330804e-05,76.28604044222794,1.6679505935512835
110_Narrow,1899395000.0,1.0418137932683629,0.0007483859610302844,-55.15371749864257,0.03468388438737968,0.0015743813171657395,6.104066733648823e-05,76.21417616156214,2.6411257018283703
110_Narrow,1899397500.0,1.0418938477203035,0.00045421158556563563,-55.62432377904008,0.01912101649630529,0.0015722503926782407,7.805797104432125e-05,76.58096689653006,2.2009849557626646
110_Narrow,1899400000.0,1.046630571020649,0.0006072386290189447,-55.161706710187254,0.039927228460260165,0.0015792334881303224,5.8046312713071623e-05,76.75092401214715,1.7614990848479413
210_Wide,2540000000.0,0.9907178490037625,0.005499710647291157,-135.92205562704294,0.2764086420121397,0.0018079297917025553,0.0004666435111112106,-127.85299980946819,107.28624057365268
210_Wide,2540125000.0,0.9816984821408742,0.0022046777544417824,-136.26243716189927,0.23672796066879762,0.0019401487769114016,0.00041370135219590204,-128.17324492243176,108.07110489612329
210_Wide,2540250000.0,0.963283615508827,0.005243578684398937,-137.25660360692842,0.13729756913673605,0.001879223283854014,0.0002903104527469215,-129.9953264731015,107.89660251102543
210_Wide,2540375000.0,0.9804899608863051,0.003374032717172766,-137.4935275063027,0.2554512408792949,0.0019450817199605991,0.0003151372118055442,-170.45040949779167,4.683527902502705
210_Wide,2540500000.0,0.9504752899775201,0.0023685654608307455,-136.9039908365577,0.2622355209824349,0.001956731868330636,0.0001833395998486791,-99.78855015913072,143.30785144638477
210_Wide,2540625000.0,0.9464008534476125,0.003967323291356874,-138.26295211237613,0.17604559566601102,0.0017954690041293863,0.00037878772842115597,-130.12982096030004,107.92162214977978
210_Wide,2540750000.0,0.9623923671384081,0.0036071864157567256,-137.8108400091301,0.15976858416847842,0.0017970501970654019,0.00028865584325010464,-98.71423072727904,145.62446508018354
210_Wide,2540875000.0,0.9626806326660149,0.0033141459772888264,-138.34559986343166,0.225753528132469,0.0018033292810474152,0.0003899517011530783,4.994444099474151,178.584744449665
210_Wide,2541000000.0,0.9448926483517568,0.004020162377501632,-138.01249365255455,0.20729720646466904,0.0018698423292400476,0.0003448491422405278,-98.68953996970225,140.3535647186806
210_Wide,2541125000.0,0.9537059164995062,0.0031870410796276056,-138.9311316385716,0.18858578840890106,0.0019341071959523945,0.00033934384927467536,-168.8103286734767,9.929713193225307
210_Wide,2541250000.0,0.9467915378769323,0.0024335135944570426,-140.68327025990274,0.18611829141937042,0.0018772198054398414,0.0002021986833082181,-132.37589837358405,109.77200948686537
210_Wide,2541375000.0,0.9452792765197621,0.004126043831947229,-140.01475529479302,0.2839348507969491,0.0021262010504769007,0.00020888546626626428,-128.37294824133383,106.83034499907532
210_Wide,2541500000.0,0.949619682667683,0.003727369923072883,-140.38916316165762,0.23114537416347747,0.0019822532391734283,0.0003552442270108473,-62.126060303351785,164.1540349868131
210_Wide,2541625000.0,0.9507551388796801,0.003873576839015013,-141.36843571512486,0.24479505509011282,0.0017974105906808887,0.00034368727336738756,-131.62534701580807,106.68017081452099
210_Wide,2541750000.0,0.9463986419955754,0.0047558244508843885,-141.66474593777463,0.27834336907825585,0.0018988435009925516,0.0002961798064696595,-129.26040793879196,108.42776332821596
210_Wide,2541875000.0,0.9670702260119816,0.003210634575309199,-140.47689826435575,0.28111669416597423,0.001979986320715277,0.00030403557226871215,-64.22125846386014,164.9542652526281
210_Wide,2542000000.0,0.9460698879096248,0.0036540814998121626,-141.68515714624544,0.30930478903861436,0.001982877371137526,0.0002503594632485299,-168.9958874304894,5.9456696267901945
210_Wide,2542125000.0,0.9406000365710223,0.0037150390064942355,-142.8334382475514,0.20879069601703257,0.0018781077783534012,0.00048775711288804376,-130.8182416605681,107.73383860280852
210_Wide,2542250000.0,0.9845364443804829,0.003668101169430506,-142.9103265400008,0.1979821351592613,0.0018674040903519293,0.00038043417170075075,-62.70261308301331,163.37392458254726
210_Wide,2542375000.0,0.9509925534252024,0.004462391061218098,-142.43138222429116,0.1900805394446864,0.001830746055514762,0.0003103341579506148,-59.08606695860271,163.01379013347687
210_Wide,2542500000.0,0.9683376103457466,0.003069011360409565,-143.8864731302551,0.1617258693260112,0.0019134357353143116,0.0003799028771384726,-162.248460900584,7.1796358274940975
210_Wide,2542625000.0,0.9578641260142282,0.0031698377413144625,-144.10682426315412,0.27523776805352623,0.0019181182853015598,0.00019976332484737962,-100.00248232809194,145.4392813659733
210_Wide,2542750000.0,0.9568102574752257,0.005119533152426624,-144.361750371901,0.17903867012674862,0.0017747988668753772,0.0003441822241518466,-167.06377438818578,8.375867075984853
210_Wide,2542875000.0,0.9569138647855114,0.00220323587243187,-145.95581305752543,0.21635882929307831,0.0018909493904691284,0.00033843902437340743,-99.0932451525907,144.07812767638936
210_Wide,2543000000.0,0.975043990179478,0.0027242629829123295,-143.10061449702448,0.14913278306956146,0.0018763510906787471,0.0001866056580571041,-130.4006461218909,106.48173808157841
210_Wide,2543125000.0,0.977734961470842,0.003024405326428012,-143.8353687618295,0.24939632701974646,0.001899249570766359,0.0002322303967622482,-98.89368751094382,141.70727027631975
210_Wide,2543250000.0,0.9779339161073236,0.003057355917182952,-144.18071629337777,0.165413452371481,0.0017611378917756898,0.00035977186735363005,-163.07137013279146,8.037113897876562
210_Wide,2543375000.0,0.9656387156998996,0.005378698934057049,-143.52200237638584,0.1713921252703605,0.0018492069011063201,0.00041128443773033016,-163.62408680271386,9.64288367104624
210_Wide,2543500000.0,0.9687275630893054,0.004495102772329113,-145.1774262527541,0.15289898486651607,0.0017681450262361004,0.0002274663996803692,-94.99295753608662,142.70289953619186
210_Wide,2543625000.0,0.9947900364027907,0.0040318669520566395,-145.4086527131648,0.13538014586246655,0.0017780092883894893,0.00018980243197190495,-62.24931583994677,161.28372628192116
210_Wide,2543750000.0,0.9846934633109673,0.0031477372303121078,-145.3821988256628,0.1492359957908946,0.002085310592316029,0.0002527237916703464,-134.76672692137188,110.36403410017965
210_Wide,2543875000.0,1.0114136597393073,0.003641169250264243,-146.1551715183239,0.2166852896108113,0.0019113137383211935,0.00021292836151081334,-162.4725501404149,8.369619025992955
210_Wide,2544000000.0,1.006617499264621,0.004462895416011288,-145.36404060817375,0.1494895554412924,0.001788398822500928,0.00044051410227243957,-133.07064675700622,109.31203210765193
210_Wide,2544125000.0,1.0008982759967109,0.004092672959996816,-145.7012397900957,0.12222784382350817,0.001825457532264449,0.0002501400205857879,-155.46797492409468,10.722534035734332
210_Wide,2544250000.0,1.0043985462268634,0.003717422365487274,-146.94526564465062,0.2193569323006418,0.0019864644722383143,0.0004278454355407128,-163.63723746395198,4.703794391839473
210_Wide,2544375000.0,0.9982501767971439,0.003279400109146676,-145.29915591162688,0.08572335578538581,0.002079238128629131,0.00031300605316641686,-129.76291709480395,108.24038408433053
210_Wide,2544500000.0,1.0298726079311051,0.0029790131236680207,-146.37213897720176,0.24335740952290302,0.0018308813614424783,0.00011295672262275668,-94.60066189152587,142.74536285761397
210_Wide,2544625000.0,1.01734402224057,0.004175393569870042,-146.34847842260564,0.27184663877989185,0.0018850402985761928,0.000296616119462033,-97.53877875234204,143.04908849523
210_Wide,2544750000.0,1.0405947681115022,0.0026920620735989367,-146.8720539558501,0.1330792007972439,0.0017160423701358027,0.00035032579405465294,-160.80947262177364,11.062051360507239
210_Wide,2544875000.0,1.0353356382305587,0.00296210429591328,-146.3109553684401,0.11908188515301295,0.002048682615461499,0.000286069561445744,-162.1644677129889,5.408836053001194
210_Wide,2545000000.0,1.0271146663312427,0.0026822126928559447,-146.1209668946135,0.1653152897130403,0.0018541771467281067,0.00037570821013023747,-165.35138745901259,8.742989394942521
210_Wide,2545125000.0,1.027568124668788,0.0022207700644355996,-146.45881820660875,0.17813564104518312,0.0018184460336546878,0.00023917165310982134,-163.3010833293579,8.806183101341357
210_Wide,2545250000.0,1.0218217286847078,0.004460029266260027,-146.18787613135126,0.15373165360055416,0.0017530726910592474,0.00037234346817632954,-91.6876304877098,142.0783922681736
210_Wide,2545375000.0,1.049582769805398,0.0030218430547886083,-145.72541451508465,0.13040926992022162,0.001874097990626946,0.00034639578152460165,-130.52723822463383,107.87265115522696
210_Wide,2545500000.0,1.0489745295182957,0.0031858933981165232,-146.59999566823947,0.21865364631309137,0.0016588277817547168,0.00016757559684092946,-127.6979769436113,106.72069011982494
210_Wide,2545625000.0,1.0564484282163653,0.0037059613116722733,-144.85565750097018,0.12381125903193782,0.0018125042213735898,0.00023071014669354088,-129.7482459648615,105.77867521426023
210_Wide,2545750000.0,1.0482544261107338,0.004714736808335552,-146.1675733503403,0.2465533270925534,0.0020075222670216586,0.0002599103792397953,-159.04862470903961,10.042543791691523
210_Wide,2545875000.0,1.0427460171704475,0.0016983145324523984,-145.0908496934461,0.10896190875870326,0.0017595354063646128,0.0004946043913149331,-159.4774243800418,8.552343270757394
210_Wide,2546000000.0,1.0445961473812562,0.0032593350291446966,-145.03049828029268,0.2572678674771425,0.0019402773409209827,0.00028626335015662324,-164.6346035008396,7.681385629007512
210_Wide,2546125000.0,1.02889773326999,0.003364520169510823,-145.12132676594092,0.24161332348334114,0.0017838210224266128,0.00032420949858877975,-129.19864549768712,108.07366281608797
210_Wide,2546250000.0,1.036200685619762,0.003958492310494491,-144.72153418235126,0.2245291561245298,0.0017626613217024975,0.0003885489717722699,-128.8572113550454,106.73642183463072
210_Wide,2546375000.0,1.0509423087445837,0.0022534005200179857,-145.50238229349964,0.21570777905403776,0.0016656176569422082,0.00036053066687752767,-162.44945434481866,9.457018224650698
210_Wide,2546500000.0,1.051069266545666,0.004046587104372139,-143.85522306420822,0.22054377114930623,0.001751991107690497,0.00020892105748584675,-162.04948241321958,9.792346081550427
210_Wide,2546625000.0,1.0585640826143252,0.004001039632657615,-144.21667914895983,0.22660259670272903,0.0017724234544726403,0.0002826648669938154,-129.3922001895113,108.23603651516501
210_Wide,2546750000.0,1.0445015143561531,0.0037188429205739035,-143.5806021666305,0.19208181099254534,0.001712061670056234,0.0002735636268314461,-93.622945208638,141.75074331963359
210_Wide,2546875000.0,1.0260401052858392,0.0013504719597313025,-144.96056807292868,0.26086457341575103,0.0017429969207604379,0.00024927217358589195,-164.7597736592323,5.2846661572459706
210_Wide,2547000000.0,1.0383872170499302,0.003550001852566457,-143.89005149739944,0.11307468805974738,0.001869501613672556,0.00028681006859497223,-133.0990466172544,109.61639768033429
210_Wide,2547125000.0,1.047065309397013,0.0024451158794024726,-143.88086914457338,0.18979803593425892,0.0017999070997255801,0.00029526807579498737,-63.18294370149379,166.42245700890385
210_Wide,2547250000.0,1.05238314892259,0.0033633794537676043,-143.7930275049924,0.17515651290909282,0.0018729431053041237,0.00039458554870435846,-128.97278062794626,108.28693183926653
210_Wide,2547375000.0,1.0166845947315712,0.0023995367858953656,-144.1426933182843,0.2146727819407156,0.0017824882593335091,0.0003770474515991081,-129.4944516332551,106.4893516188454
210_Wide,2547500000.0,1.046644074633482,0.002473059780722264,-145.32214384636976,0.19351386363254655,0.0017676535787937223,0.0002551981858012334,-166.44407201648923,4.783198645435667
210_Wide,2547625000.0,1.0248215611025626,0.002360718079523632,-143.56055198101643,0.22181673536471513,0.001766948337285978,0.00020161268440146993,-161.16703338934886,7.225977909543542
210_Wide,2547750000.0,1.039253837148497,0.002685885774365132,-144.73193804893555,0.17465517144045065,0.001850541202721271,0.0003461187890232473,-127.22642871924292,108.0074444168177
210_Wide,2547875000.0,1.0243831410279456,0.0027339783451722503,-145.02487640993712,0.18291062921459297,0.0016354618339066002,0.00037544067428842105,-97.21153150427457,144.67540091138105
210_Wide,2548000000.0,1.0261732353623203,0.003156782332094499,-144.29628391151635,0.24498585409821252,0.0018013140591124077,0.00021925542936078807,-161.75554064298188,7.753034056883921
210_Wide,2548125000.0,1.020027269334702,0.0020911038117766866,-143.00472255494736,0.24516922517931328,0.0018167091310514723,0.00018899971406198646,-160.74594770445987,6.853365400046885
210_Wide,2548250000.0,1.0100205125656092,0.0030642235756048776,-144.45657748267925,0.20816522089411899,0.0016649319309629696,0.0003544805221691363,-129.53925311945648,108.1726298812138
210_Wide,2548375000.0,1.016291654504668,0.0039483157872391905,-144.4807315425015,0.1428679758101904,0.0017101026334773925,0.00032156902063441796,-99.39980118988578,143.8480988071325
210_Wide,2548500000.0,1.0119233070689806,0.003554783203171529,-143.584171784487,0.1051559108718891,0.001900985116041144,0.00023130544827634148,-161.45573840604985,11.139100979962173
210_Wide,2548625000.0,1.0018122663157008,0.003513498503870756,-144.05812524207184,0.20074031267954687,0.0019771464208322817,0.00026277939221763244,-164.5395495085833,6.904768770054852
210_Wide,2548750000.0,0.9991114441375215,0.0037099023586159223,-144.70780177397393,0.2098735844121416,0.001776064171416834,0.00018904189791361727,-169.06148246453316,5.963392475616253
210_Wide,2548875000.0,1.0022482899779859,0.0026527204663269028,-145.03065009517462,0.19534186436326945,0.001617397622180113,0.00019366233431010108,-24.650752081065043,173.32264563518032
210_Wide,2549000000.0,0.9866515438928154,0.002282987104857979,-144.98725409924705,0.20769919962389236,0.0016074872043724201,0.00027171314460313364,-97.41507412441162,145.92450912779637
210_Wide,2549125000.0,1.0155288785186278,0.0027094148250813074,-144.93630436203014,0.2592710876106188,0.0015897347886584532,0.00020914277797651673,-131.97492773551232,108.31591194625334
210_Wide,2549250000.0,0.9947016948079082,0.004183238937115873,-145.58932690828553,0.1307240774632878,0.0017284613021735292,0.00037441268951964,-31.301851811483036,177.99851837225955
210_Wide,2549375000.0,0.9904431467431362,0.0040554394452747685,-145.29334804877354,0.19362027628381398,0.001884750434853519,0.00026238426655940514,-61.61966912874335,164.40292838990328
210_Wide,2549500000.0,0.9901482784168925,0.0038475004213785096,-145.36064992644575,0.13413214389359804,0.0016463897599318569,0.0002556851242094856,-67.85247347455906,165.7609922672514
210_Wide,2549625000.0,0.9830219629159436,0.003387994249773436,-146.309552897284,0.16283966924845397,0.0015292615879341344,0.0003465760953449424,-128.56246870777406,106.88958111639215
210_Wide,2549750000.0,0.9999710016388121,0.0023815320732486376,-144.82761374784667,0.12433698134828491,0.0016696996767361233,0.000297146843918219,-130.49308045768805,108.65416400019302
210_Wide,2549875000.0,0.9919266642074007,0.0029804052687885277,-147.04558031669293,0.21127185730458742,0.0017539869995709795,0.000278105743995496,-68.58537792067997,169.47809053737134
210_Wide,2550000000.0,1.009769325038954,0.00302246461298614,-146.7010575074996,0.21407750757459415,0.001765116799259195,0.0001648823164339984,-135.70069026875746,108.04362549893918
210_Wide,2550125000.0,0.9840747334428332,0.004203478580676813,-146.1122820527246,0.23326146867248276,0.0016364270895090748,0.00029002028931457045,-166.63255216711298,6.473625029637805
210_Wide,2550250000.0,0.9740545424134962,0.0024122862572911762,-147.77911268252421,0.10682080251725445,0.0019076958293344744,0.0003229356425372809,-102.91375048971919,143.6727038112757
210_Wide,2550375000.0,0.9746884811020321,0.0029746443890889805,-147.90291464566596,0.09122333892711137,0.0018716676859776066,0.00035076863939883997,-100.84736183921667,146.44159052379084
210_Wide,2550500000.0,0.9904648667823411,0.003632012992612773,-148.19613947291984,0.20031311799676843,0.0017804083107756305,0.0002184166203966552,-99.16882377373463,146.36374906511983
210_Wide,2550625000.0,0.9830557069537467,0.0029270547261767794,-148.44629034071679,0.11581991335323216,0.0018868464743249332,0.00022581855263960901,-99.13617618869219,146.06247536098925
210_Wide,2550750000.0,0.9808179727839876,0.004043625117385187,-148.18332925839354,0.11213569240330927,0.0018195534566058163,0.00023950062062663336,-135.70464422614805,106.3361954635786
210_Wide,2550875000.0,0.9742326755107175,0.0028392054625078177,-147.5794605307205,0.2596668768530569,0.0016066259310964328,0.00028490294366216546,-130.64167739042324,107.48820199563094
210_Wide,2551000000.0,0.9817579196749795,0.0037002467772195243,-148.92519113397483,0.16241107792627557,0.0017895499041753794,0.0001796530363073987,-164.8073941044835,8.585444381981056
210_Wide,2551125000.0,0.9621050321510402,0.0013832990489237999,-149.2112226991648,0.21849838530262466,0.0019068853747372086,0.0002484003484821425,-102.09672543856124,148.15913241826124
210_Wide,2551250000.0,0.9626478321407438,0.003990316325595236,-149.65252316303346,0.1306892719960833,0.0017608354042493455,0.00033157478388807474,-133.3522950056158,104.26752666031382
210_Wide,2551375000.0,0.9662030408632389,0.0030665779488317935,-149.47318073765607,0.2193535178538529,0.001879821994996792,0.00033776421202316107,-139.35281034846724,110.3768437233011
210_Wide,2551500000.0,0.9790856261028913,0.0025905134378233635,-150.57224494228058,0.1040437799559738,0.0018487601398025323,0.0002142192985601605,-68.20865465299646,169.3866859626367
210_Wide,2551625000.0,0.9911620947934945,0.003617495809856923,-149.98458643624062,0.1941728561537478,0.0019458303672761116,0.0005108729814721701,-64.94508483667572,168.3129188924887
210_Wide,2551750000.0,0.9938252975164634,0.004488230339057666,-149.68696269856122,0.22263955928188262,0.001891661945183079,0.0002767736974711432,-133.78014749353926,109.00790495223282
210_Wide,2551875000.0,0.975016454524605,0.0032023095912754834,-150.55962991979183,0.09103207880550346,0.0019958262097511496,0.0002832488428578241,-136.2778323684081,108.66396132178153
210_Wide,2552000000.0,0.9860991487644011,0.0036057937131603922,-151.89638273208436,0.14009838202273847,0.0016493889327997223,0.00024104710404210223,-68.04625075427833,167.57735809051633
210_Wide,2552125000.0,0.9883749055267129,0.0030215832489415458,-151.09199983102448,0.14192653941208572,0.0019127820852419277,0.0003315280440435226,-29.480876593156005,178.56116142635864
210_Wide,2552250000.0,0.9891886557180088,0.00215615824776498,-150.85466650825492,0.1918941402510681,0.0018715076477905143,0.00014161166956540072,-167.7922664889144,5.4681956141945784
210_Wide,2552375000.0,0.9964057141459854,0.003916200229254597,-152.43167844458668,0.12440444974145479,0.0020037846321712075,0.00019289950471592737,-66.95717516590585,168.22344293043113
210_Wide,2552500000.0,1.0096110184953315,0.005315302253587316,-151.23155726220273,0.22105448395172397,0.0018689623561602166,0.0002624676948187307,-63.64447876639883,164.7125815569054
210_Wide,2552625000.0,1.0137246515004565,0.0026849383916662476,-151.5799676351908,0.1437695255387942,0.0019284707423031999,0.0003516461571594877,0.8200025681809023,181.21059906896411
210_Wide,2552750000.0,0.9895939069954804,0.002445112688387584,-153.0097821279796,0.16826326361478514,0.0017439015794145608,0.0002290004826529449,-68.55080828001454,169.04736094172392
210_Wide,2552875000.0,1.0188353201526374,0.0034537189020260248,-151.85503596618344,0.17629167018464445,0.0020079580110684,0.0002110519540312148,36.87998496906993,178.47097595164482
210_Wide,2553000000.0,1.0163317799299068,0.0023744989410795156,-150.7875183248533,0.2242196960455291,0.0021237517916863056,0.00037614158023771256,-67.56914579211521,167.04212519578257
210_Wide,2553125000.0,1.0138289692859024,0.003038784865154358,-151.3034942731772,0.18164536279923676,0.0021150094110107334,0.00031258562279037904,-69.66442445080374,169.2337684319706
210_Wide,2553250000.0,1.0077660581018584,0.0026423079157108505,-151.4783138549023,0.18566115716456122,0.0021098780616857155,0.00023139717103547007,-102.7366050577399,145.77570133849855
210_Wide,2553375000.0,1.0277330955283368,0.002095531693727141,-152.40304099385688,0.12863554120078233,0.002168328528195993,0.00031047140705369743,-66.24091261990434,166.4134458598363
210_Wide,2553500000.0,1.0077462552091307,0.002393096202762571,-152.93523679610053,0.16989341729602048,0.002090485750876306,0.0002534358702504434,-0.7995098574411117,183.32016810994463
210_Wide,2553625000.0,1.0180753421167246,0.0019333308538573245,-151.5629897661444,0.15652758319216697,0.0020742237838820374,0.0003618515076664476,-105.06920445511771,142.94693085173083
210_Wide,2553750000.0,1.0069950943373338,0.0033794179513842856,-153.00354353416256,0.08978238013382486,0.0019104111304066333,0.00023292998860300896,68.96626637685861,168.89192118981646
210_Wide,2553875000.0,1.0196406755470753,0.0028778838865181665,-151.92028503747196,0.20773138921505135,0.0020408032984954834,0.00031038569485796754,-31.140090186172667,179.24971245013836
210_Wide,2554000000.0,1.0370018653778579,0.0032635195450061785,-153.02636036561734,0.13051566876461537,0.0019852747699267465,0.0002006705934411459,0.3908516658729127,183.6837268254504
210_Wide,2554125000.0,1.0388136505226377,0.0034072659993486963,-153.02830232699958,0.11508250942257799,0.0021705722946459612,0.00029467323609483727,1.1325053677987966,182.41216957973194
210_Wide,2554250000.0,1.0239187453005876,0.0031098238762257003,-151.8498525196464,0.21912455129736888,0.002207514291300376,0.00023335906583626644,3.365218545521839,181.75932317801238
210_Wide,2554375000.0,1.0253389759911162,0.0024422392069809143,-152.79762593322098,0.20334550237239607,0.002275901152081354,0.00031720615551687195,-102.91214091913483,144.97456151976635
210_Wide,2554500000.0,1.034835820704616,0.0027345293775238254,-153.67861030919448,0.16124719493195291,0.0019426434052440746,0.00030224238121572954,-0.1099183927567509,182.21551494686128
210_Wide,2554625000.0,1.0333814671919008,0.0028076300457172596,-150.87096547069692,0.14997276553185107,0.002079469684675445,0.00024262416949539687,-70.36905277709008,167.16381231086453
210_Wide,2554750000.0,1.0513146676977287,0.002988152066859684,-152.31734180654558,0.18634342612993526,0.0022510751622181625,0.000450408939380386,-104.5219427169033,148.6245008194206
210_Wide,2554875000.0,1.0488218073504452,0.0023384915953036374,-153.0125919748036,0.18845052306263466,0.002230585633652301,0.00031516814041457927,-34.48550939244612,177.67094529158982
210_Wide,2555000000.0,1.040378477888555,0.0020740415787653603,-153.43482938083437,0.1428440549158628,0.0021575170981309216,0.00018065535678142935,-2.0573547623196164,183.44829298905847
210_Wide,2555125000.0,1.0422323747770021,0.0023322391307295035,-152.09314524005376,0.164262391490654,0.0021667469707711317,0.00030267938761336077,-64.58555212320317,167.28038150000114
210_Wide,2555250000.0,1.0492784903175374,0.003172169385129352,-152.41071809766703,0.13357477240966484,0.0023752098171933834,0.000315041743907582,-32.91865043603922,178.482244861467
210_Wide,2555375000.0,1.0581978840547428,0.004205658230555384,-152.80427704172538,0.11862712930950345,0.0020936982045641015,0.000229836786369127,-102.4700763004383,147.54687615898303
210_Wide,2555500000.0,1.0366323847721266,0.0033932459898615157,-151.70975928734077,0.1509911311508174,0.002257527061410408,0.00032587628496102104,0.18169382382380092,183.78723872805082
210_Wide,2555625000.0,1.0523210533547214,0.0025300875944032335,-151.6025226663776,0.18640134390643948,0.0023399492664544,0.0002462666776782562,-136.0913821087275,109.70352214112071
210_Wide,2555750000.0,1.0454140605300672,0.0009022599357620023,-153.04366898215687,0.19407688607363976,0.002295768135353253,0.0002872080371151969,69.90117169601527,167.1807342378524
210_Wide,2555875000.0,1.025890473591186,0.003326302891499221,-152.86912049929953,0.1329452584223186,0.0023006209701225888,0.00034081462628870096,34.325056146765064,179.76262209635422
210_Wide,2556000000.0,1.0622765791719866,0.0036586575379310466,-153.36924164264374,0.21487070634816893,0.002361061773051595,0.0003136717606313474,-35.13213809661778,179.24128501367343
210_Wide,2556125000.0,1.0459232068509599,0.002969427762114036,-152.42247063043166,0.2363117815691799,0.0024478205251132045,0.00022974696148480856,-32.913079419115455,180.15241810583777
210_Wide,2556250000.0,1.0307473113613728,0.0040532476180670015,-153.9758338028622,0.1942426924757544,0.0024865194802969645,0.0003356393754252054,1.8252856757569447,183.47379650707958
210_Wide,2556375000.0,1.033248527256601,0.003351367477476551,-151.26459787985067,0.09536119541715436,0.0022141843871253926,0.0003315386320128367,-66.787905809789,167.912460605776
210_Wide,2556500000.0,1.0718036117748744,0.0030201591610656067,-152.88612196388056,0.17672957238018117,0.002495500869517436,0.0003243589179171615,-67.36904162315174,166.6605800714472
210_Wide,2556625000.0,1.0295299017934576,0.0036411119675079655,-153.01820330934495,0.21594200573791056,0.002396951555230061,0.0002643812559702899,37.51220759336725,178.4316455097302
210_Wide,2556750000.0,1.0342412997873651,0.00248721158564928,-152.9541416086817,0.14237577613854602,0.002488185347596591,0.00027580421508996726,-102.49173172280587,148.1973287099939
210_Wide,2556875000.0,1.0245792647307714,0.003477709417196964,-152.66456711196884,0.06257880875404016,0.0023929197961988645,0.00026373367109535457,-70.03981023009545,168.01634019654983
210_Wide,2557000000.0,1.0511410303341968,0.004092927350179282,-152.6729418705018,0.1229814619200307,0.002586960474176528,0.00023170774180443022,-34.148089670777026,181.74363823735067
210_Wide,2557125000.0,1.0096901998768675,0.0023692178208994637,-152.42517524108888,0.1537377210735825,0.0025853066335758965,0.00027709186536630816,-102.00048307641308,147.46898878394205
210_Wide,2557250000.0,1.0483752543826583,0.00249038626554555,-152.8241540311636,0.17637284393145422,0.002654686657616276,0.00036329586911654715,-67.52651866015225,169.43373890689983
210_Wide,2557375000.0,1.0378610165172961,0.003187553746858343,-153.8229556015016,0.15879732370328786,0.0025198444073819964,0.0003292821874644953,-66.7500369820394,168.2768053150193
210_Wide,2557500000.0,1.0386611457068136,0.003123816978498898,-152.28943039841997,0.22283121442893228,0.002472778778727069,0.00028943042758872823,34.34080893127972,177.9018808124925
210_Wide,2557625000.0,1.0319136149881754,0.002822924570963317,-153.84652079486492,0.12663882684866898,0.002661791879212584,0.00026502590057702214,-102.92741544886536,146.31505265147652
210_Wide,2557750000.0,1.0371889936947813,0.0017357982011574269,-152.67705175064697,0.21791243948087685,0.002535623385004373,0.00036858646123418947,-171.45602415015617,4.552352159620407
210_Wide,2557875000.0,1.0219891258089921,0.00428506491798124,-153.71878734574315,0.13597334041190115,0.0025213159685384848,0.0002227662115245644,-33.458050932904236,180.58642959602122
210_Wide,2558000000.0,1.0167164414270304,0.002887821585876082,-153.55469430155392,0.1503925982571219,0.0025971563276415916,0.00031615134705244736,-102.490322065154,145.77976992177423
210_Wide,2558125000.0,1.0226246252361593,0.003395569676161932,-153.06544696133835,0.1526355956967192,0.002907455180380364,0.00026949630242020713,-137.54843606443822,110.49880272920606
210_Wide,2558250000.0,1.038387080068746,0.002735941057515258,-154.11732653127285,0.17495431827646465,0.0024464468594110125,0.00023127805852330503,3.615938306683853,184.26235146266416
210_Wide,2558375000.0,1.0476144775666043,0.003813857439121076,-153.20929689606993,0.11632612003147999,0.0027426009893408852,0.0003447031733358357,-139.13858023868815,110.96656257323077
210_Wide,2558500000.0,1.0289060539690047,0.0023863269881601624,-154.04701325442304,0.14903725424270806,0.0026986572701724913,0.0002782851353157889,-139.41748844987885,110.21252321371595
210_Wide,2558625000.0,1.0305604149880183,0.002672827056578103,-152.84010100183713,0.18753513420355633,0.002730483963861323,0.00018159920692366772,-68.7419932314985,169.3466981387367
210_Wide,2558750000.0,1.053564813421015,0.00316028586678447,-153.91334621026326,0.18873744841915688,0.0027286434489446646,0.0002898406342114343,-139.01173837945566,111.21182993707713
210_Wide,2558875000.0,1.0205968239317094,0.0022387538272326153,-154.60109799082664,0.19101929422690694,0.00276005073292263,0.00034739706286188756,-138.57850038604275,111.80175209893464
210_Wide,2559000000.0,1.0452980654115898,0.0012226132556715894,-153.53700823604603,0.13142788760905835,0.0026865673517838706,0.0003274230187353583,-68.53612837620048,170.06241196118472
210_Wide,2559125000.0,1.0473447966136782,0.00587226452606288,-153.6618887987303,0.16619984796936582,0.0027155376140184104,0.00028786853120277696,-65.9902361378532,167.64937680187714
210_Wide,2559250000.0,1.0174948670789978,0.0019200239860087131,-153.96747897238816,0.11476401820845133,0.002801577659767211,0.00041931020564544446,-171.1862273415684,6.068489290150409
210_Wide,2559375000.0,1.0518771317149094,0.0025296215803909047,-153.83474864617284,0.15936329553692544,0.0027441587083160616,0.00030989822355180675,-174.4283921622605,3.277469368384559
210_Wide,2559500000.0,1.0415422917527049,0.004206819741473387,-154.6417025286391,0.17219362007770114,0.00286335943215568,0.0001879868755977063,-103.99834614972748,145.16341868541863
210_Wide,2559625000.0,1.0234579280881757,0.00258951348043073,-154.59903684937115,0.15920403517580284,0.002724656016969552,0.0002774032083547599,-101.37512487366445,147.4761116618342
210_Wide,2559750000.0,1.0393875477885193,0.0021375012097905543,-152.63862570587708,0.15267625831276463,0.0027011724256527083,0.0003654513896239837,-135.57534127462995,110.92833517340694
210_Wide,2559875000.0,1.0366373156695037,0.0027636064994673443,-154.6614648875177,0.1854133818854552,0.002888930593704907,0.0002014386213902477,-137.9876123771158,109.80638674987053
210_Wide,2560000000.0,1.0450774541914465,0.0015630133235195994,-153.48900349785762,0.13324667555847158,0.0030579229362426136,0.0003382532124633825,-170.63912886476987,7.074200866820759
210_Wide,2560125000.0,1.0620765148166011,0.0038307078490234206,-154.64491070608804,0.12890778585855325,0.0029437107574326643,0.00024194133481405706,-137.02833523454245,111.24060489478903
210_Wide,2560250000.0,1.0493847495557986,0.0029274794712994333,-153.8509573011437,0.1954671420025809,0.0027693315726249447,0.0003205415895802452,-136.63882990220065,111.34451989423468
210_Wide,2560375000.0,1.0499727902336629,0.005627806538614955,-154.27541489831714,0.13725755808051565,0.002907042205877511,0.0003505336991187038,-136.0395065272457,109.85922705177836
210_Wide,2560500000.0,1.0294758710427494,0.0045841011360367,-153.85604137461192,0.15950725174799482,0.0028314362416311974,0.0002833446691708545,-136.2139431102948,110.63321898931689
210_Wide,2560625000.0,1.0591211579295299,0.0038211643293735997,-153.89125475085518,0.09162392028207948,0.0029635867369074255,0.0002304948216575961,-171.8333666735165,3.9065004168102857
210_Wide,2560750000.0,1.0506479420773003,0.002402683447381648,-153.38090165138772,0.15033140544086107,0.0029050956998424586,0.00022175937462161528,-134.6798179407368,109.16005106210771
210_Wide,2560875000.0,1.0351830935616606,0.002279219167004381,-153.73399025713584,0.13630624688476897,0.0029559389161351326,0.00027787483440882584,-168.98412739843758,4.598986340802674
210_Wide,2561000000.0,1.0294870567806593,0.0018407474591356843,-153.944120129729,0.19321152909881914,0.002981893229745415,0.0002263679297704306,-171.87056944516502,4.334233068478886
210_Wide,2561125000.0,1.0555936478701755,0.0035510464553081193,-154.60012064954034,0.14999935896075406,0.002975664933124414,0.00019800659192102278,-102.02882754385152,148.00818327745245
210_Wide,2561250000.0,1.029435568341178,0.003925853445121428,-154.73566784182103,0.14124692900123023,0.0030337749331319575,0.00029046917136250444,-173.00397861133595,4.394924270200542
210_Wide,2561375000.0,1.0693961773521181,0.003840117913945896,-152.91120613538422,0.21270265519929568,0.003057832982986565,0.00043270129208355425,-133.4750875634336,110.22403429912477
210_Wide,2561500000.0,1.0401811866964759,0.003042877397142908,-154.9812512155905,0.12037710832324074,0.002955678222052351,0.0002822015983154674,-170.4423090377675,4.367508397517719
210_Wide,2561625000.0,1.0305836754951903,0.0024290024513826335,-153.99905824362727,0.15106177398792844,0.002935321118580931,0.00035058289951130187,-169.96655857363493,5.617432184500388
210_Wide,2561750000.0,1.0405233846090882,0.0027842202668462803,-154.0677929474741,0.06674762802949041,0.002903631829674761,0.00025677015393229163,-135.54919691947842,110.07311117245263
210_Wide,2561875000.0,1.053723627784792,0.0036933816741721334,-154.30367397280537,0.1468218617980006,0.0029728701824685393,0.00033038241679943985,-136.20128944528014,111.00985051075487
210_Wide,2562000000.0,1.0350590441431615,0.002695883543839134,-153.90561369118888,0.16983892442855678,0.0032944599120047872,0.0003681289474781797,-169.26214569081986,5.2669576969477205
210_Wide,2562125000.0,1.0402421835070652,0.0035106497340996615,-154.18375078623546,0.15658121621443333,0.002951531463368244,0.0002363898495172743,-172.0185516068075,3.8247656832278856
210_Wide,2562250000.0,1.0429696121609824,0.001464127544532169,-156.09910645149097,0.1150351508264219,0.0031198981948409514,0.00035829536146348687,-102.91936659864348,147.54487257285695
210_Wide,2562375000.0,1.0340277306288663,0.0031248147933508573,-154.651950052452,0.11524094909856471,0.0030467163887871306,0.00018141583370492298,-172.39471130022972,4.753923242454978
210_Wide,2562500000.0,1.0503420056252775,0.0029179179346485095,-154.8218809312318,0.06126325269121364,0.0030242379926001153,0.00020174762470837033,-169.90129402936523,4.774232634699844
210_Wide,2562625000.0,1.0552365413235538,0.002437024546506777,-155.09993227658515,0.126320877492859,0.0031093669323030994,0.0002282378840243919,-138.25511511018536,111.2499810990713
210_Wide,2562750000.0,1.0245701333575978,0.0025176316917703582,-155.72107022829272,0.12514387445942912,0.003084187431729369,0.00023096527775174445,-172.76920581215256,3.4989770511419787
210_Wide,2562875000.0,1.0329164343370072,0.002267146114629832,-156.70138802682746,0.11410709553689932,0.0030143945661651704,0.00045323556737203707,-167.8493727700071,7.121506703183311
210_Wide,2563000000.0,1.0292388169859206,0.0027211034495233017,-154.7624887450788,0.13971669506479828,0.003183560416883437,0.0002222234483479994,-136.6919633962444,109.33374539862673
210_Wide,2563125000.0,1.0204750513889917,0.0023995163381073203,-155.45304475446767,0.22510714567683243,0.00301212384095077,0.00038986138556736745,-33.20961809418737,180.51307683726256
210_Wide,2563250000.0,1.031828249330131,0.003181912184328539,-155.10852748112478,0.1322581893548648,0.0030452640347993203,0.0002306930304906816,-136.58129616629475,110.95554772713784
210_Wide,2563375000.0,1.0484449854513882,0.002405548847616406,-155.14792295685064,0.2203579729877785,0.0032394305930143856,0.00023208314333812038,-102.2884914215646,148.4832911701618
210_Wide,2563500000.0,1.012287063173909,0.003228140835300175,-155.93856109217862,0.16317543368069262,0.0033666008672915792,0.00022367697921140962,-138.24212946903765,111.30692999506135
210_Wide,2563625000.0,1.030153611435651,0.0014660273187716841,-154.99422563786186,0.1546589215003779,0.0034500231373808293,0.00029804600926232685,-170.79093034230755,4.113828968139742
210_Wide,2563750000.0,1.0409680348901689,0.0038168359387107556,-155.87027652731936,0.14278258020086573,0.0031170343196694,0.0002359751866742651,-171.22826084650808,4.044519053633249
210_Wide,2563875000.0,1.0169498976356004,0.0018527561622697145,-155.78703514968663,0.16678952111763637,0.0031837813071116856,0.0003789850205103432,-172.68431494710558,4.8797005012840335
210_Wide,2564000000.0,1.0248729538970576,0.0030073633686956763,-155.63907809553626,0.17180393484852827,0.0030944168548398833,0.0003049250480438115,-170.39922760387952,5.121363236299285
210_Wide,2564125000.0,1.0176701943308406,0.0024077612213887277,-157.08986653501952,0.18066637757865403,0.0031827183236073195,0.00026150170066055044,-138.54459211505522,111.75607049385592
210_Wide,2564250000.0,1.010099271010375,0.002493027631420172,-157.379008150214,0.16027082932451622,0.003401396084777055,0.00030284240241796456,-101.75119844154085,148.1298204790505
210_Wide,2564375000.0,1.0052482977074586,0.004260881301079839,-156.6155213579366,0.10591603134967133,0.0031611471143409833,0.00027693337935321533,-30.95998032654301,179.47592425446166
210_Wide,2564500000.0,1.0079459679980667,0.0022983689085952206,-156.5007271954345,0.20902198740918884,0.0032025836385523544,0.00042768020377756605,-136.58867831254773,111.33971077124103
210_Wide,2564625000.0,1.004672546782568,0.0019647694277721505,-156.32354651573596,0.18010678630492707,0.00328174205309841,0.000317852637734966,-137.81007675408125,110.96884074559344
210_Wide,2564750000.0,1.0082599039347508,0.003121720621521928,-156.68401392193516,0.12340110065121794,0.0032989049151555825,0.00035289914676967866,-138.80650264496967,110.51241019916223
210_Wide,2564875000.0,0.9971193493539958,0.0037672243167572654,-156.8580857745336,0.22577231331931785,0.0033350689409705797,0.00026944290664963026,-173.57413918355067,3.614679405682248
210_Wide,2565000000.0,1.006459592289206,0.002320948000819662,-158.53086772018327,0.12804498334315378,0.0032320435122921575,0.0002823368872960626,-67.32502890798538,169.76584978276918
210_Wide,2565125000.0,0.9921769178102964,0.0027574527237763744,-159.01651551106707,0.09465913202048158,0.003608052087567582,0.0003097382493235445,-139.54184902552115,111.52859476030555
210_Wide,2565250000.0,0.994745983170527,0.0039016260079820105,-158.36562300354714,0.16778374473840119,0.003460807132423004,0.00022377966575135122,-31.06142803955639,179.79795470275354
210_Wide,2565375000.0,0.9928899917116238,0.0029794800644690257,-158.2819162071645,0.16476653243223818,0.0034660872072719466,0.0003739956810784222,-171.13125139677967,5.639562865748265
210_Wide,2565500000.0,0.9907379545918408,0.0029718710971035046,-158.91340054596876,0.15154051686937725,0.003367843697524318,0.0002508718498768134,-67.91978569800813,168.26342217773313
210_Wide,2565625000.0,1.00576733355085,0.003607244248422014,-160.04921159895716,0.10033896475949775,0.00357508469326459,0.0002801261439282643,-68.79104298474303,169.6065461022055
210_Wide,2565750000.0,1.0206186278201166,0.0031339461592096093,-159.54324546390902,0.2041748363484698,0.0035481249862347377,0.00022341300088715764,36.97673586918905,179.89102719911088
210_Wide,2565875000.0,1.0042766067446924,0.0029925304010628797,-161.0748385875925,0.21258544606347293,0.00359860806420739,0.0002760335542370063,0.28649862927557307,185.03598436010773
210_Wide,2566000000.0,0.9849052703553992,0.0035876698835565195,-160.23605753224203,0.16759442876488692,0.0036907218218145948,0.00030177334495821144,71.70352853082123,170.46778885890353
210_Wide,2566125000.0,1.0167002707033554,0.0028132754435583754,-161.58819939938428,0.140021559520535,0.00377776140859236,0.00030143802877933336,-71.16651061792442,171.09967150683812
210_Wide,2566250000.0,0.9915405753156589,0.002305022294986211,-161.37618612614133,0.19825731843170388,0.003833231373922362,0.0004709634748671465,-35.93748122593293,183.38867370654307
210_Wide,2566375000.0,0.9859081413387666,0.0031875636137492984,-160.91483856974085,0.15594704544219326,0.0038434906209070447,0.00016152734561961036,105.06044688992553,148.59965606081195
210_Wide,2566500000.0,1.010045311391117,0.0035703882338930432,-160.91743874679295,0.1702534439389713,0.004011733738466543,0.00020907042571271514,68.96645997142684,169.6806552681634
210_Wide,2566625000.0,0.9701012661650689,0.002840872029282689,-163.09050039965274,0.19601267881244233,0.003915605717215848,0.00017599254638847258,104.05138720001266,148.46374828897976
210_Wide,2566750000.0,0.9933903891016489,0.003648094335750927,-162.65894256855444,0.20578674768228522,0.0039573624213890095,0.00017475201249959245,175.54692673612266,3.7696043601460345
210_Wide,2566875000.0,1.0076839121390213,0.0040754985824777165,-163.62985652287622,0.2462694747909515,0.004111703408275388,0.0002091897834182616,174.98875187450577,3.7620148942251364
210_Wide,2567000000.0,0.9908560978441413,0.003208294898575558,-165.32345189257134,0.19266273126476843,0.004515539244488245,0.0003081639665667435,135.48599004606234,110.21307555339408
210_Wide,2567125000.0,1.0041819164105958,0.0017119650042482129,-164.5382347336837,0.32130645562224436,0.004532706681950062,0.00033687780176426486,135.8004809146076,109.63821922454223
210_Wide,2567250000.0,0.9906851624474163,0.003140297360218846,-164.76734215659704,0.14205143890876798,0.004646859335376868,0.00029626106038212294,168.75526993073268,3.4928557005515457
210_Wide,2567375000.0,0.9917327524286478,0.003420630165501258,-164.95141985036716,0.19830069145868084,0.004902076449209303,0.0001772399952233748,167.74333926233388,2.9895313848547036
210_Wide,2567500000.0,0.9642324692087474,0.002775258504270782,-165.91245395528296,0.16260608414010996,0.005072287598005053,0.0002583009546547515,162.67043064682235,4.538834892434155
210_Wide,2567625000.0,0.974331164970035,0.002297050322367468,-167.0827324161933,0.25563534397522314,0.005087316358619738,0.0003421111201194489,158.39595315577824,3.558431196093248
210_Wide,2567750000.0,0.9739795634205987,0.0035531362522534453,-167.92522692196445,0.204352640180494,0.005576117184853146,0.00015981617016844746,153.7870217845812,2.361865002999037
210_Wide,2567875000.0,0.9438275829421151,0.0026066969567674,-168.36157358816678,0.3004277457503334,0.005907298420775268,0.0003143864179207126,149.80388015308785,4.548573092678141
210_Wide,2568000000.0,0.9058120764544448,0.0022975367698675345,-169.83229114495862,0.1578527825445703,0.006135201431955925,0.00024214708414479217,139.57173273189025,1.9269427741426581
210_Wide,2568125000.0,0.8369766244775583,0.0023648223715698824,-169.29147034505138,0.21450393969224543,0.006254672753961623,0.00029864112890279105,129.67288450296275,1.8151024079882319
210_Wide,2568250000.0,0.809408770480766,0.0023207208235850067,-166.72156300452562,0.23991177502430744,0.006308563776878194,0.000265257620549976,118.15186092541107,2.626248474388876
210_Wide,2568375000.0,0.7898389016940506,0.003057105820188513,-161.08997424922197,0.34645007702147945,0.005788086140162767,0.0002780171704292995,103.03667679315942,2.8978310076514804
210_Wide,2568500000.0,0.8017665531398035,0.0039027634412603773,-156.905509988647,0.27935845801664994,0.004860876335182595,0.0003806034039169556,85.69457416440488,3.078468223896411
210_Wide,2568625000.0,0.8707266244940377,0.002461322451984772,-153.7433615153685,0.12043831873704428,0.003846693656277912,0.0002891789225286344,71.91633268179302,4.116011264233804
210_Wide,2568750000.0,0.9142809888821087,0.0040937141830366145,-153.10627478727383,0.21797997110362763,0.002610456622878405,0.0003182769271446552,58.16150360861414,4.477663626076646
210_Wide,2568875000.0,0.9454692722538115,0.0030943720442599214,-153.77945835464885,0.18462242942684598,0.0015990495079621814,0.00031926011387583837,53.25284811557052,10.172644299712934
210_Wide,2569000000.0,0.9838885832992379,0.004269810094795649,-153.91552792970342,0.282844168795924,0.0009959709118464743,0.0004695209693107678,54.996099296119745,27.04495016249085
210_Wide,2569125000.0,1.0385552572732801,0.0032682711887346665,-155.40797515794566,0.18954095112482702,0.0005650891052048562,0.00019811416708056387,37.70602350900676,55.470178616859585
210_Wide,2569250000.0,1.0433350564855415,0.0024822279970381426,-155.47160582494783,0.22312848186361434,0.000587949649008058,0.0003206830495674444,-5.701083610075615,109.96144589950376
210_Wide,2569375000.0,1.0361712174251958,0.0028139504068695107,-156.29682482360047,0.16813174676360798,0.0005785362855060238,0.00016904887287128167,-57.645871650404075,129.33509138493355
210_Wide,2569500000.0,1.0541348823384051,0.0027892367142976745,-155.30403350798483,0.15022194090178695,0.0010181832820666372,0.0002926489773235613,-24.18109420223017,165.0137700184238
210_Wide,2569625000.0,1.0450331434061486,0.004140726482951741,-156.52295772905947,0.15318998322518598,0.0011250634999159237,0.00034163067465786825,-157.26873899649354,19.946800094117506
210_Wide,2569750000.0,1.064821980366498,0.0024757497859617702,-158.70946059194085,0.164096964955083,0.0013570655583914591,0.0002900316314684745,-93.38677811898239,142.15939223393258
210_Wide,2569875000.0,1.074051809854205,0.003900512820356056,-159.20797669069228,0.16871025254936808,0.0014644568367661222,0.00039453188711316146,-96.00473684673179,144.52438202978496
210_Wide,2570000000.0,1.0616779757428545,0.0023895202095726123,-158.09500233605084,0.15647901018474417,0.0015101888883955667,0.0002797654301165809,-162.41614029174931,7.1784841498531335
210_Wide,2570125000.0,1.04535038128568,0.003943039146172355,-158.81053236065367,0.16690860110403408,0.0018448468282289338,0.00019082060820158918,-101.44353437877886,146.2612116357922
210_Wide,2570250000.0,1.045783349283265,0.0022773257228340493,-159.57584283938013,0.1525461490638907,0.0018500021096974574,0.00017690883479518004,-166.39576509470842,7.069811284665484
210_Wide,2570375000.0,1.0866341258390508,0.0044304598958707095,-159.78093611658022,0.1914581953885741,0.002021370133520657,0.00030446460879360136,-133.0565420520549,106.78075290088519
210_Wide,2570500000.0,1.080179270051244,0.0022442957427334215,-160.55632692407758,0.2317140249394296,0.0020621895221263143,0.00021126413195223087,-135.9860013169817,109.04175916926087
210_Wide,2570625000.0,1.0433480844503285,0.003721429945982848,-159.3258367228766,0.16205675536087616,0.0021562826987924747,0.00022455159346419348,-169.5458369270853,7.2978779144610115
210_Wide,2570750000.0,1.0549403210713109,0.0020206928257861813,-160.3757179072972,0.17023711728291327,0.0021492023806540107,0.0003985033353116429,-29.015174776726788,174.66168761646543
210_Wide,2570875000.0,1.0556826986511878,0.0037687073327273006,-159.0860872560706,0.20691688785069665,0.002343928408615544,0.0003170254322811037,-102.13407881584806,146.78214487640253
210_Wide,2571000000.0,1.0558133311896638,0.0012217552098383374,-160.8968120389688,0.18427018944758028,0.0024527052825014848,0.00026687693150524895,-170.95847573191088,4.816706152893294
210_Wide,2571125000.0,1.0513491076173176,0.002296481812271585,-161.16499295023192,0.17884739023472526,0.002598286454883197,0.00035227397804349266,-68.24696045679318,168.22401244991482
210_Wide,2571250000.0,1.0827392058441059,0.0029905090387605574,-159.51429635963828,0.18616807735457355,0.0023859553597642413,0.00031781859956483017,-174.31231635304164,5.548286246389039
210_Wide,2571375000.0,1.0855955428790782,0.0022400052973294204,-160.8401566972241,0.09753190039467324,0.0027198472531213473,0.0005367182931798279,-67.37155695404934,169.67244195708918
210_Wide,2571500000.0,1.0527347656386576,0.0029491101046213095,-161.8341208383637,0.1872886550347047,0.0026213000657171657,0.00031700288133164524,-65.63783153375134,168.04712227369617
210_Wide,2571625000.0,1.0561419620648436,0.003181578049666831,-160.4814206402252,0.15172462002032663,0.0029288564067380734,0.00025157683933323306,-174.39538610300104,4.633977451057663
210_Wide,2571750000.0,1.0464732784529955,0.0019633147388292203,-161.2143744046342,0.25044767898122244,0.003089430055163505,0.00035730338545146106,-102.54121343695815,147.26746874886868
210_Wide,2571875000.0,1.0688625311951043,0.0036087988507929373,-161.4489741998107,0.20281925257055874,0.0030577591914354623,0.0003022943041376519,-32.82285393424611,180.56826047572864
210_Wide,2572000000.0,1.0738029023601492,0.0035337298462086433,-162.24222538813947,0.15519312624989196,0.0033162415238129155,0.00036857556146029373,-68.05224899562594,169.77959932160368
210_Wide,2572125000.0,1.0642584926485328,0.0041434242761033725,-161.77419636117716,0.1615973727035428,0.0031807439721498435,0.00042344504327592125,36.616548752488896,180.58222223751818
210_Wide,2572250000.0,1.0562412599724698,0.00260480271023054,-161.82511517879345,0.16478587577932,0.0033116474135302214,0.0003333605507391518,-68.6122076597679,169.49518002074439
210_Wide,2572375000.0,1.062711013390332,0.005039891218060707,-162.2500487151747,0.1377179050452241,0.003451493173887773,0.00042673890667827664,-34.02932113807663,182.24281280386617
210_Wide,2572500000.0,1.0488370933145839,0.0045688195279044354,-164.06132816290435,0.2629624249067518,0.0034570848952621956,0.00022227481755555427,-35.5613353245274,181.6751254273935
210_Wide,2572625000.0,1.0399246062091936,0.0033950351569410372,-164.40407290842296,0.18033752478561443,0.0036822058963905378,0.0001918487476554439,-1.0447348575970097,185.68946241628342
210_Wide,2572750000.0,1.0580760740228965,0.00397147812007519,-164.5006161266865,0.1799467904633747,0.0036425445418377784,0.00017220736758012813,-35.010278556583955,181.99679053497618
210_Wide,2572875000.0,1.035683961578358,0.0024248985692219317,-163.3941430649271,0.2782788846717437,0.0035925841292050458,0.00024085709931284977,105.12742703804815,149.60301094554617
210_Wide,2573000000.0,1.0302169280512659,0.0039955361257357795,-164.33390099633252,0.1753435851389975,0.003840842739360497,0.0003498292564702179,70.29893484987832,171.23680802273805
210_Wide,2573125000.0,1.046479719548598,0.0034278421934947406,-164.94531042169376,0.15608752907686974,0.003996218129704139,0.00020001626054554132,72.08702062350332,171.53335009604626
210_Wide,2573250000.0,1.0418717927153807,0.002168748099931812,-165.19543174017366,0.22482529130466986,0.004049578153268006,0.00026428837583918107,34.78879076056391,182.05911016733293
210_Wide,2573375000.0,1.023268073535381,0.004904546491683408,-165.49741374404346,0.13663164903326433,0.003954369722968683,0.00026616642260269153,0.0030892455882138847,186.55941406745268
210_Wide,2573500000.0,1.0278989683120232,0.003053719627494981,-165.88185000237533,0.13051707067545432,0.004182933966197012,0.00036366040615698887,35.00465023052553,181.18256380172312
210_Wide,2573625000.0,1.0257011563633947,0.0026967102362793955,-166.96758227967143,0.18618891426084044,0.004245914176667668,0.0002673332342719521,139.97088097118345,111.43365315418382
210_Wide,2573750000.0,1.0223006499015455,0.002468107197881116,-167.6958949837665,0.2194543448959433,0.00440553575218359,0.00032515328372856414,140.98628743671603,110.62676133511944
210_Wide,2573875000.0,1.0062318731739843,0.0037306035005683197,-167.36317921947457,0.2132312206245366,0.004447628538401633,0.00038803177344359373,104.9057622402081,149.07146521751028
210_Wide,2574000000.0,1.0333898110130806,0.002706246757851439,-169.03200662672975,0.1731286347208974,0.004489681950243885,0.000240641385883161,172.78136877199964,4.0955529441028595
210_Wide,2574125000.0,1.0361642015103265,0.0034564005333916348,-169.70664695908368,0.16327981012387935,0.004738861342483036,0.0002541083778888179,104.68829312772873,148.13858496888875
210_Wide,2574250000.0,1.0109606308448194,0.0034359052450492703,-169.5910844323907,0.23014849786079916,0.0048918110860476606,0.00026897263069897257,173.4277214992177,3.5189061820555736
210_Wide,2574375000.0,1.007366676944735,0.001700773667618059,-171.1085375409747,0.22471238687201278,0.004823246018851036,0.0003671431107863623,172.59721781570914,4.864536970290845
210_Wide,2574500000.0,1.0121977468722392,0.005726473574313852,-170.51424730528203,0.22036590534584605,0.004806251551236332,0.00027487732219527407,139.12983543557118,112.01817044312094
210_Wide,2574625000.0,1.0196127380779842,0.005423138582004485,-171.0219081753736,0.20271878658844344,0.005098748305111288,0.00028818219185005093,139.688886953547,111.35532697295741
210_Wide,2574750000.0,0.9926793372280952,0.0037644477501808135,-171.74152156915494,0.25932995729913205,0.005144268048397128,0.00043229565249648004,174.38167115184552,2.014645046108048
210_Wide,2574875000.0,1.0153956633279202,0.0027065820392390754,-172.58076459757606,0.19995431651094878,0.0054606154288606035,0.0002492041404960635,171.9453770169724,3.3535495713454586
210_Wide,2575000000.0,1.0081925082056111,0.0013394930243102912,-173.95338110216767,0.18499843435204333,0.005409962023005064,0.0002766693607036602,172.45020515039567,2.619325799691675
210_Wide,2575125000.0,0.9921763693074095,0.005247196708647169,-175.29509135133702,0.17987546483746936,0.005358368451435699,0.0003284192702368238,170.73130353498755,1.5644053640966022
210_Wide,2575250000.0,0.9883173560710781,0.002951893690068289,-176.0890420287407,0.19195682221135346,0.005890619093114882,0.0004118777841443097,171.65189332719484,3.579880026562624
210_Wide,2575375000.0,1.02038267535454,0.003593852560484091,-177.1546525879667,0.15676176647944043,0.00598916996500721,0.0002746346076019601,169.0898003044906,3.7629375929217455
210_Wide,2575500000.0,0.9984297011446163,0.00437423037544889,-178.14093875483394,0.2098706002030482,0.006149914265997084,0.00027089357439305165,170.402664722225,1.2873684202272853
210_Wide,2575625000.0,0.9866642646097524,0.0023423196396636513,-179.46566747474247,0.1412119775575868,0.006314589072764613,0.0002703830333236797,168.50424204599506,2.7086130606965924
210_Wide,2575750000.0,1.0013352441460717,0.0043544705452570045,-179.75609946855326,0.13860265517811707,0.006455701096284407,0.0002523268284744894,168.40466662041402,3.7798867297026053
210_Wide,2575875000.0,0.9927393205863189,0.002819039376049911,178.8634577553209,0.23688155348480314,0.006639870904706989,0.0002550128174293514,167.15445844304546,1.9347949924452303
210_Wide,2576000000.0,0.9837831545415454,0.004702928098040199,177.62289294837126,0.29493117319012,0.006907774116899293,0.00018793327122733952,167.1656361131991,2.8721229301554616
210_Wide,2576125000.0,0.9842109974869279,0.0030911034584090403,176.4135074909212,0.23314375140740914,0.007000269316252569,0.0003587145322333749,166.27496439524955,3.3330312825114574
210_Wide,2576250000.0,0.9882311077037771,0.0033885673778097118,175.98351142172237,0.19152328619303305,0.007083042339676162,0.00032074635002832865,167.2807822144631,3.240744067395865
210_Wide,2576375000.0,0.9807745463959575,0.003753808578505116,174.42187496260536,0.19335901709915024,0.007345693874252948,0.0002893870161756039,166.92499130411127,3.7301520255103138
210_Wide,2576500000.0,0.9876174013697665,0.0031227974368661995,171.83975385031036,0.2104744951076745,0.007783255510282283,0.0003877278248431934,163.49792795975574,1.856801623896385
210_Wide,2576625000.0,0.9817137995467745,0.004636069834779091,170.84165878955588,0.16614251265053853,0.007811668313327151,0.00033710153895312705,161.86385104932393,2.0144343444722175
210_Wide,2576750000.0,0.9874532631312438,0.0032198122222713175,169.2986026487189,0.22360600238597791,0.008085220485098405,0.0002976843977717932,162.5460944314483,2.045605482772172
210_Wide,2576875000.0,0.9627074400046145,0.002095224053026446,166.8511154718108,0.16377340107452745,0.008395275256953154,0.00032808743324136544,160.9763200987958,1.5294789040331362
210_Wide,2577000000.0,0.9764415053603374,0.002716652416532801,165.93603624703297,0.17685853887205524,0.008766048748504363,0.00021421519012742487,160.56066190850564,1.963146037384665
210_Wide,2577125000.0,0.9640852493879539,0.0034166059550242837,163.51258841921253,0.17099072774326377,0.009060510780169244,0.0002918397153279869,159.7132483671307,1.9931044887383995
210_Wide,2577250000.0,0.9554700472431572,0.003912628949713142,161.22622643061482,0.23241166208635652,0.009496091743422662,0.00026561052501007393,157.9764774980999,1.5311381080003847
210_Wide,2577375000.0,0.9436829950348621,0.003264550220658871,157.33824103556177,0.2061985039700877,0.009650990296013675,0.0003428180172963318,155.74630950735343,1.4099794060441464
210_Wide,2577500000.0,0.9456703864826779,0.003974660205223392,155.23902614196572,0.2146632576497262,0.010134683644472633,0.00022784288541815605,154.21382859216698,2.248501341995828
210_Wide,2577625000.0,0.9460169654397731,0.0029842529205698952,152.5782168366125,0.21559432023730912,0.010484351510487502,0.0003161693397303892,151.60231726730248,1.0619376645804528
210_Wide,2577750000.0,0.925141958980684,0.003221108814773094,148.50016459162603,0.3111393279471018,0.011149273669687335,0.0002579253007285915,149.88638598054487,1.6780793548965518
210_Wide,2577875000.0,0.9065032652790884,0.00539339402339105,145.39915934609076,0.28141243673932476,0.011417077253615418,0.00027175404488416976,148.88745575150983,0.8986637444590928
210_Wide,2578000000.0,0.8875970194383959,0.00199697416162333,141.19567941272996,0.25416963076900395,0.011877478513658637,0.00024749590786769164,145.95652495794573,0.7472228853702396
210_Wide,2578125000.0,0.8797192815052722,0.0031573598789807885,137.12933382960472,0.17354695589815822,0.012419689499179898,0.00022070455064581118,143.99976215937414,1.2595594881401717
210_Wide,2578250000.0,0.870676650018567,0.00496336416768833,131.85435368784326,0.1993308541107891,0.01299878467953388,0.00036959356108338324,141.09281529528525,1.35566703236117
210_Wide,2578375000.0,0.8397479685953574,0.0038349881976701694,125.35983706732543,0.20491588807060865,0.013596056737562121,0.00044646494547578034,137.34387508115486,1.1733767183903583
210_Wide,2578500000.0,0.8089424887539333,0.0037751128397011855,118.5890875760116,0.2817362100289738,0.01385470416206373,0.0002642702399184449,134.2014664002229,1.5392326179458835
210_Wide,2578625000.0,0.7699443555665667,0.0032688507297983418,112.21673653392926,0.29801334624639486,0.01438121342946237,0.00036672067755261407,131.36011880578587,0.7449611935372141
210_Wide,2578750000.0,0.7596825139846525,0.002739097536971699,103.73649102085626,0.3413077993305314,0.015418336904063853,0.00022278416338708548,126.96728622660521,1.133569909465922
210_Wide,2578875000.0,0.7211010265936476,0.003842444675276283,93.42936468223044,0.24675025691309782,0.01566553667550445,0.0003294178870265315,121.57506086933145,0.9296103896772662
210_Wide,2579000000.0,0.6957927106757055,0.0028447692601821757,83.44766975793617,0.15741732571582467,0.015940268359143986,0.00026732212447743044,117.96421856687375,1.1408312427960434
210_Wide,2579125000.0,0.6765315427120799,0.0027242968869056238,70.51670282441066,0.41981584697176516,0.016335353641395614,0.0003980133890789497,111.3200747383996,1.016826552802187
210_Wide,2579250000.0,0.6435281311186567,0.004226037100754002,57.837743278158285,0.1523192087639111,0.016357142084304235,0.0003099927914807374,108.33828951634797,1.144531102995561
210_Wide,2579375000.0,0.6340317944541132,0.003956291206425421,42.96594619734545,0.3512476596224771,0.016471848879666625,0.000257020827529915,101.67688312177792,0.7849741058299924
210_Wide,2579500000.0,0.6368496513456628,0.00316847496373822,27.819317499629673,0.3792458239939892,0.016255640897623148,0.00033018808731161,95.79959800181489,0.8060250414987329
210_Wide,2579625000.0,0.6380235228905188,0.0025646951127492007,13.544705977700431,0.2613542706404757,0.016309082800362765,0.00017161245424395945,91.39700640940207,1.079373638973684
210_Wide,2579750000.0,0.656378985488941,0.0022317854265767917,-0.7217971813462267,0.30188990739134813,0.0160740074806491,0.00032129995558841725,85.94225005438868,0.8359186292447595
210_Wide,2579875000.0,0.6886772318638256,0.0033732002501216446,-13.72482828923225,0.3030590427654093,0.015375154608802896,0.00022667831026866987,80.13440902870445,1.322780669029254
210_Wide,2580000000.0,0.7176300988501837,0.0037264011196694283,-25.399008989364916,0.2005614457359034,0.014854039209466813,0.00028101261816983154,75.14937273772316,0.939973647108539
210_Wide,2580125000.0,0.7518887824542385,0.0030251793273071703,-35.85536941917968,0.28124060713445204,0.014168121278935035,0.00030200979386079064,70.72240162814542,0.9096085982481699
210_Wide,2580250000.0,0.7764940592796863,0.002505739824038337,-44.35505040104656,0.2784036538589948,0.01341018373528394,0.00028996683696116136,66.16921676595263,1.506950108834752
210_Wide,2580375000.0,0.8115297514168758,0.004051310311645876,-53.53192164128739,0.19193483847449586,0.012615373469584686,0.00031730676290926257,62.5952689238995,1.2488997758665723
210_Wide,2580500000.0,0.8544794125950795,0.003023191337154906,-60.08151975253426,0.18574383116418963,0.012098933304473454,0.0002724550369577079,59.17750177824913,1.41688818012521
210_Wide,2580625000.0,0.8565104779965066,0.002416156410841371,-67.4358227753474,0.26350019731802066,0.011333082119750464,0.0004155806448251123,54.886826434814495,1.6168590426469305
210_Wide,2580750000.0,0.8763678136699524,0.0023638861958879395,-71.32750972281524,0.24055307310721247,0.010552488534612277,0.00023692632174839888,53.42895922217748,1.2071916116075463
210_Wide,2580875000.0,0.9286267113526796,0.004294643151382424,-77.12696503461493,0.18518308733160038,0.010205785863333938,0.00031087934606344143,49.460194797467466,1.1699140120065419
210_Wide,2581000000.0,0.9143856172239011,0.0034375135565188454,-80.85270816691211,0.294431235382777,0.009335402802799594,0.0003017063689170352,47.31401261695397,1.6027912736551335
210_Wide,2581125000.0,0.9128990718202873,0.0036962125476998355,-85.90574487711586,0.24800729776203903,0.008627223193974513,0.00028525722093522505,45.29897453800815,2.7983522329591817
210_Wide,2581250000.0,0.9533345576133968,0.0028951727150298657,-88.24379158602052,0.19583719186034487,0.008401492857000845,0.00023934385646629062,43.009620148071726,1.475888133865017
210_Wide,2581375000.0,0.9753784560923143,0.004175400878257097,-91.51717286077167,0.25713428655426185,0.007976824541983642,0.00043989159886009057,40.19408326539882,2.1524612825773812
210_Wide,2581500000.0,0.9231869789340572,0.0037487082662433398,-96.00804870063408,0.29696743920365976,0.007239127616775155,0.0004906722782038026,37.24700356390478,2.3337129063872437
210_Wide,2581625000.0,0.9903350292034062,0.0022905648209075448,-97.37175209404282,0.196186774589069,0.006990897785966585,0.00021042474763213547,37.8062758209379,2.6602187847580887
210_Wide,2581750000.0,0.9627958247748638,0.0035737425931421803,-100.26442542024888,0.16383393919111225,0.006356997268028785,0.0002781982364273745,36.064073143154545,1.3343823523460872
210_Wide,2581875000.0,0.9529455181848264,0.0026358225773795763,-102.48234330954642,0.23806412639587368,0.006029431568435566,0.0003078369415576272,34.286636552309346,3.1197476021997637
210_Wide,2582000000.0,0.9727765506191669,0.002961303720409601,-104.66911134242541,0.11609153337735202,0.005745656955136532,0.00037137096284847124,33.579027962661705,3.1064858761446024
210_Wide,2582125000.0,0.9887766720972048,0.004189045994777929,-106.66863772560528,0.2535093518982063,0.005644888291779244,0.000257045110636578,31.82935798188923,2.9785040515799124
210_Wide,2582250000.0,1.0225781678065302,0.002750798860354645,-108.41173166408554,0.2597174578679608,0.005212040910335232,0.0003368206362542681,29.63838246678285,3.5359796637305037
210_Wide,2582375000.0,1.007396297876677,0.003001515404473964,-109.51120440939695,0.17275399124452762,0.005013490940624978,0.0004604422122201779,29.607080539448297,2.7508492420846347
210_Wide,2582500000.0,0.9857737700289241,0.0036530400298107027,-110.09737954167223,0.2424252283498788,0.004489349246398887,0.000301249212024179,27.689171242290257,5.850463806713677
210_Wide,2582625000.0,0.981220254242982,0.0028063974747416565,-113.54559848516378,0.2075891119133626,0.004161234093495409,0.0004154892716436616,24.762965444287747,4.349763924930379
210_Wide,2582750000.0,0.9763331300052257,0.0047626330177130225,-116.02252443915302,0.2117399534656853,0.0039893658640069215,0.00034278251993880314,27.516330308227193,4.544122969443895
210_Wide,2582875000.0,0.993580305525483,0.004577003789111383,-117.29043751420377,0.22320627582843547,0.003998757558188554,0.00018886963443479594,23.809875649048085,5.891451495352163
210_Wide,2583000000.0,0.9717309595117565,0.0036497955255665525,-117.08864404829345,0.2374537891526682,0.003752979028674424,0.00021941054247250449,23.06769692326378,4.482816126785319
210_Wide,2583125000.0,0.9887839313112521,0.0027618400265449422,-118.26430190533002,0.19415316188888346,0.003578813618907874,0.00024612653353019517,23.919553136068526,7.896801450866676
210_Wide,2583250000.0,0.9844808110515699,0.0029279933102199936,-119.13825333778391,0.22341342802699007,0.003359559356062961,0.00045933537799319084,21.270207458310704,6.6362580653461345
210_Wide,2583375000.0,0.9919881406620629,0.003506988968670389,-121.0859016736428,0.19334754917181768,0.003152176170203291,0.0002391188692585546,20.026383164106825,4.1993909924802315
210_Wide,2583500000.0,0.9868116005592197,0.00412483120502075,-122.3928510439874,0.2040985404606959,0.002973012252946808,0.00032430004129839984,19.855875412109434,5.933400873858836
210_Wide,2583625000.0,0.9995233305786435,0.004528742451582085,-123.51491206768014,0.31491695531450836,0.0028167214058392323,0.00017923131210084876,16.657629589603506,9.537523590149245
210_Wide,2583750000.0,1.004388222465182,0.0037305700077827713,-122.05126622693453,0.21362659489784433,0.002706813691103762,0.00024803172278615586,20.348033779885803,6.883567811329362
210_Wide,2583875000.0,1.0097663489482351,0.0036731637116325867,-124.4317580918864,0.2257360514371706,0.0025454006780789126,0.00032317678830107285,13.824238664310498,5.35225901554885
210_Wide,2584000000.0,0.9723086040214561,0.0042789183944270505,-124.98967783113152,0.21544965367537017,0.0023898597902582935,0.00032786768746405256,10.695755978584227,9.182314967684192
210_Wide,2584125000.0,1.0083147287867247,0.0032255009501118252,-126.04143562292084,0.16267100200431373,0.0021800338727235645,0.00032394358163371936,7.948497859071732,6.696311961397608
210_Wide,2584250000.0,0.9836640885118637,0.004306312318392799,-126.61446590844497,0.16883206008249388,0.0022370462266543367,0.0003490862382937925,8.209128023119716,9.199191210972378
210_Wide,2584375000.0,0.9830375084155747,0.00267103592292421,-127.10019379083263,0.26437366255908534,0.0020284511154250585,0.0001960281415458079,6.827316028008621,13.121999219778477
210_Wide,2584500000.0,0.9869953235420983,0.004322306639035066,-129.54482983228633,0.2440122560711805,0.0018993845813330987,0.00022388353975040957,3.5246364841683495,11.767458178597971
210_Wide,2584625000.0,1.00256343454105,0.004515635276788905,-129.79236273952466,0.20407937124856906,0.0016108121570490228,0.0004110281665161738,-2.8374219763190376,14.063799124369964
210_Wide,2584750000.0,0.989104894691748,0.0035578958465988454,-128.95202867445332,0.20347475748630783,0.0015979257508425095,0.0002572808872014412,2.172927139440753,10.010250126377501
210_Wide,2584875000.0,1.0064233202129718,0.003326546747320416,-130.81485194046834,0.27137263244334364,0.0014095284814156575,0.00028091515600388154,-10.728776485876033,21.15068602897721
210_Wide,2585000000.0,1.0038891862539958,0.004281609339896349,-133.0536326351066,0.17373201717242603,0.0015323283479480496,0.00031882929815871383,-18.484552319788946,14.536962209529783
210_Wide,2585125000.0,1.005647631427206,0.002666454884252231,-132.13085810785765,0.1647861389151159,0.0008573800048744946,0.0004134305203494026,-27.3215048619192,10.944480591339232
210_Wide,2585250000.0,1.0088418756466024,0.002597940728754,-133.2547953026279,0.12820811887673947,0.0007848823477226631,0.00025057493841462703,-44.034346153270256,27.81676420234906
210_Wide,2585375000.0,1.0108656718711717,0.0023054321330512745,-133.63768414722648,0.25970384582065154,0.0008180506587374453,0.0002895352569820908,-101.690123409904,16.75202916834344
210_Wide,2585500000.0,1.0091200696579867,0.005726914223831323,-134.64857272843608,0.20134724666496967,0.0011921952653133011,0.00029000087063432326,-140.47220767192402,9.815599269451315
210_Wide,2585625000.0,0.9995216565650168,0.004031365041028094,-132.7946549218962,0.2776966065475113,0.001695814823067875,0.00021421891779527138,-136.4455411363258,110.60470026240046
210_Wide,2585750000.0,0.9891106211438911,0.0043284994455575695,-134.50916046749776,0.189958298828681,0.002542905053704749,0.0001777770600404784,143.89592501395617,7.913061298747873
210_Wide,2585875000.0,0.9883537792653295,0.0043770572219752404,-135.874743640762,0.15924570439533908,0.0026474750884167625,0.0004478013123580217,111.98935249481289,6.3780606435296106
210_Wide,2586000000.0,1.0096883530783487,0.004322356921970313,-137.07613471100876,0.2028753930690664,0.002492925717583465,0.00023296337254992715,87.23282131678269,3.4183056130134646
210_Wide,2586125000.0,0.9780176518572206,0.0027817590692019267,-136.73285813781155,0.255073513600496,0.0020572554306265574,0.0002050890908506336,75.42606602499409,13.013491879658504
210_Wide,2586250000.0,0.9919363308227473,0.0031580497989749236,-137.12899321748503,0.1709388999765579,0.002019331920498982,0.00017427890943774805,66.55677052395723,10.14137929522834
210_Wide,2586375000.0,1.003431238181126,0.0043730527517204494,-138.34264321346242,0.12463845426375011,0.0018495168576918325,0.0002751921694398026,57.38905076666997,8.649315084971882
210_Wide,2586500000.0,0.9998568175550819,0.002461288192232278,-137.56102418433662,0.2830814561443816,0.0016259204015798517,0.00024051390024719545,55.211711021148524,17.063364580351838
210_Wide,2586625000.0,1.0009254959278806,0.0038235349082243603,-138.72480533841997,0.14737899485872002,0.0014811672430266442,0.0002780869414118077,51.57279234971647,14.943261374419993
210_Wide,2586750000.0,1.01707699019236,0.0041630196760856315,-139.7613146744348,0.16237337438195615,0.0014472943619318116,0.00037895283383022866,51.28329610648957,17.53047119795776
210_Wide,2586875000.0,1.0056666671003702,0.0025920311812229068,-139.6212319361661,0.2292048014987565,0.0012803401932211054,0.0002216350215391326,49.68740278340039,14.069566022986818
210_Wide,2587000000.0,0.9898604205622755,0.004519480191216142,-139.2035666363193,0.18705792835942353,0.0011568450640388611,0.00024665066207945447,64.35091433430624,21.093716144291477
210_Wide,2587125000.0,0.9927054874498048,0.0035374586668428464,-140.88769812484932,0.16573856396268438,0.001127909246731668,0.0002647970044056296,46.77643115983559,15.947147039438446
210_Wide,2587250000.0,1.014209119216532,0.004508048670412639,-141.08304292300093,0.19864569169572055,0.0010066723298130253,0.00033734491675490875,53.54242300122786,21.918921426401187
210_Wide,2587375000.0,0.9971366259485226,0.003013758858457337,-141.82954868809438,0.1564991127360472,0.000850788499952008,0.0003957432532397776,51.48405818347473,29.505718182608096
210_Wide,2587500000.0,1.0142727814504764,0.004749420252064989,-142.32366933244492,0.203642866639498,0.0009088026349615094,0.0002531887899890799,49.4514974165426,15.36248616765558
210_Wide,2587625000.0,0.9823939099709753,0.004348406583337409,-143.5630510468395,0.19638790374273327,0.0006350027437160866,0.0003170324988798139,59.72430814272043,48.192471113821476
210_Wide,2587750000.0,1.0020221168615262,0.00454245636148464,-144.9895454857622,0.16819809268415717,0.0008551056351991098,0.00022731959003166645,51.866343780920616,15.883020792488685
210_Wide,2587875000.0,1.004104311603268,0.003627534295397612,-142.78344404644903,0.18167010583560728,0.0006779574635300311,0.00022477789720851354,53.74144201543382,60.86168739395079
210_Wide,2588000000.0,0.9916334064823353,0.0041280062163445135,-141.83190316868513,0.20007645684179012,0.000610785681391874,0.00014711549939761605,54.995696037644116,40.98836051783736
210_Wide,2588125000.0,1.001280171658389,0.0030769310676233633,-144.50790229163857,0.21819608470705396,0.000681543105924961,0.00026825800641473523,63.613477961733366,27.061585925862886
210_Wide,2588250000.0,0.991511748922038,0.0038788461145786786,-144.1764053612941,0.1659409542657873,0.0005800209088333351,0.00025738498142313784,74.17832310983619,52.837426700519124
210_Wide,2588375000.0,0.9760265481372731,0.004041887218616807,-144.04507742295652,0.18401293767757285,0.00042615740606705485,0.00021405391756621354,73.64225083368218,49.866253711721846
210_Wide,2588500000.0,0.9832922871666798,0.003523946885017823,-144.97367492968087,0.16268091891217482,0.0004034932564728967,0.00017682431240593187,69.14189743884806,99.52833843807025
210_Wide,2588625000.0,0.9978797287791625,0.0022585158296431454,-144.41425965803072,0.2597134428220938,0.0006842866823979407,0.00022165564778908538,96.96480244963307,59.93130272741887
210_Wide,2588750000.0,0.9915459066393876,0.003495374042831186,-145.06153817481692,0.2058992308342826,0.0004829438428921042,0.0002566979902497537,37.50590024334358,131.98089987181555
210_Wide,2588875000.0,0.9910269508686735,0.004822624075760718,-146.45103634080056,0.15035553170371133,0.0005408045684581248,0.00028960678679819743,69.07631194133569,99.75685456611427
210_Wide,2589000000.0,1.0049841170993923,0.003148552450449765,-146.52565668599044,0.2153578336441007,0.0005423286815172382,0.00029116664727460906,65.90578480786466,101.40126933012237
210_Wide,2589125000.0,1.0048901615649248,0.0035179262610875966,-147.59023579035465,0.14925436629017183,0.0005252531035883326,0.00016731548242310154,10.778658944818016,122.1245909484516
210_Wide,2589250000.0,1.0060691763856868,0.005209847787951477,-147.29718197037468,0.17886234098327392,0.0005855620781419183,0.0002469442601567891,3.762933641433668,144.9907131254479
210_Wide,2589375000.0,1.0027716670024915,0.0037456637676951095,-147.40079074493127,0.2714844478741456,0.0007354648432563798,0.00029044072980407166,102.3558441566225,85.41722335051789
210_Wide,2589500000.0,0.9972850982022069,0.0025189208639720333,-146.96345555254592,0.2119840864423117,0.0005450865870589453,0.0003034982184972497,25.78947111470213,135.7968754654451
210_Wide,2589625000.0,0.9933399800701661,0.004346188682085723,-147.51296538939178,0.25690968789381924,0.0006412278457236021,0.00027718466005869567,96.06794248803799,131.2109284318816
210_Wide,2589750000.0,1.0048922747195872,0.00301769288944768,-148.91773590461926,0.18042411408390907,0.000660137688803636,0.0002069496870045102,120.73221158178711,104.89021437154236
210_Wide,2589875000.0,0.972779826086085,0.002841460153616187,-149.23576402338512,0.10520944878908907,0.0006637221357187042,0.00021689691357971132,-7.498313450776513,162.64591834354914
210_Wide,2590000000.0,0.9745423879419991,0.0027845206773413037,-151.49046122597898,0.18585523008284588,0.0005899168740497571,0.00033879802735903297,31.21604667341194,171.33937886573693
210_Wide,2590125000.0,1.0175742705383093,0.005863965492101283,-149.87880262490503,0.24129231289459785,0.0007297344979426136,0.0002002463017890891,61.90044328000645,136.22174373848927
210_Wide,2590250000.0,0.9971815319516263,0.0033631884296814883,-150.14812484621453,0.1393412094011703,0.0009056184862340142,0.0003205518871141133,95.93018539982774,144.2046522069875
210_Wide,2590375000.0,1.0003429319359556,0.0031580641093022694,-150.76406396379218,0.2825140256910976,0.0008058358235745958,0.00031421229011813364,-11.22765165498193,155.21499421640635
210_Wide,2590500000.0,0.99394121590706,0.0024128431648775986,-151.08026168328564,0.22298277857538112,0.0008531284482402516,0.00036146627261749895,0.08333052367465257,172.9826922691416
210_Wide,2590625000.0,0.9690974080292728,0.003251607594004672,-150.29104627444553,0.2960790169541106,0.0010282364064730335,0.0002791309932276184,40.757239359188205,160.372174549663
210_Wide,2590750000.0,0.9915394870931366,0.004011109246028616,-152.72305455658918,0.18796830645779253,0.0008799737707468793,0.00026445136861020927,91.80317922828841,138.37669105718138
210_Wide,2590875000.0,1.0163926914865302,0.00275071630945781,-152.79551954251338,0.1432086257710131,0.0009514125202545713,0.0003653431358928357,-36.039705114246594,168.22015707889142
210_Wide,2591000000.0,0.9842303218978076,0.003642409515628713,-151.37508234290883,0.21463342361885798,0.0011242111913876446,0.000266167104267644,70.19317291608085,159.39551387384978
210_Wide,2591125000.0,0.9727513119797964,0.0016719235049013712,-152.33741910530256,0.1543776362867313,0.0009670280754356076,0.00034082477188148065,26.937850969055738,170.95222720373985
210_Wide,2591250000.0,0.9919994635610816,0.0032577145963447584,-151.6210571640855,0.19332759978681383,0.0012912808978243731,0.00040684841209660913,26.79103182654796,169.89339215550945
210_Wide,2591375000.0,0.9873008576378876,0.00386874872446323,-154.40156100195608,0.127888493389807,0.0011734934870331443,0.0003111744019152465,68.60371508511332,158.0011220741341
210_Wide,2591500000.0,0.9885101447064536,0.003282688355122279,-153.77571485515662,0.30039411216308987,0.0012632470236365663,0.00035828149303947335,65.64848173152329,159.38222765637343
210_Wide,2591625000.0,0.988040480043213,0.004018755625378051,-154.83527736859386,0.2201999494540151,0.0013370768406766652,0.00018454708851705986,-67.02859652062834,163.03295200811212
210_Wide,2591750000.0,1.0158181862648754,0.006262437117578753,-154.52037701646447,0.1576908768249427,0.0015125624049779505,0.0003148263398349948,104.52197582132868,144.92815486080718
210_Wide,2591875000.0,1.0329374008025254,0.003980506576824859,-153.87343443039117,0.24237263731502603,0.001568169034128011,0.0002832061729264682,131.7964929499766,109.64025580605815
210_Wide,2592000000.0,1.00195737811216,0.0029037031830980438,-153.74701678243775,0.2874135139223002,0.0012559320808193516,0.00048128603238505816,0.19079345373419015,173.1736057548425
210_Wide,2592125000.0,1.0088210022495927,0.0026039536652628504,-156.01163407319436,0.15696657356839064,0.0014074550013016048,0.00019738851925433495,-1.1227753731386116,180.1755840464306
210_Wide,2592250000.0,1.015437614671143,0.0034556609148136924,-155.3527309686254,0.18383885173334094,0.001608899342288464,0.00033639166877242927,104.91182397726855,143.75590940321786
210_Wide,2592375000.0,0.9965922760475985,0.005377387427105815,-156.41627603103956,0.150826776113562,0.0014839865838963565,0.0003209585578691587,33.98297219419676,172.07621110278305
210_Wide,2592500000.0,1.0135722179424314,0.004597391059036827,-155.8210094150696,0.2349010019413747,0.0016936024621015567,0.00021423005529490368,-0.18440675505318324,182.075533411524
210_Wide,2592625000.0,0.9983067663497455,0.0032305151533827394,-157.26399686006997,0.16603429244661105,0.0016300193726210815,0.00027727621455974765,30.946645234417772,177.32395778515328
210_Wide,2592750000.0,1.0203815336073963,0.0063920477225443,-155.53178490499724,0.2263356001821895,0.001799120604905724,0.0002632407412711116,37.37929635303481,177.29038745234314
210_Wide,2592875000.0,1.0092220598022492,0.0037603551755836,-157.35584988957555,0.2732149951565144,0.0017034142737531854,0.00029652425858161445,32.24123141756699,175.80632325736582
210_Wide,2593000000.0,0.9976616853645424,0.0033766306579173914,-156.45866907135917,0.26548945975165233,0.0019214419745936524,0.0003444096877523936,69.6532906377525,162.2834659196786
210_Wide,2593125000.0,1.0056472121182123,0.003825859860929937,-157.33415091695642,0.2928324071298856,0.0017821185371415926,0.00033144167976083716,-32.58655828728856,177.4769355482238
210_Wide,2593250000.0,1.007768942657246,0.0025451670647208048,-157.32438672844916,0.09528692465502488,0.0020849035906547898,0.00042513278997841807,34.0350728420075,182.37262048270225
210_Wide,2593375000.0,1.0051669785671113,0.0025640062758499633,-159.53033169124964,0.24567822246191573,0.0019282022654231721,0.00015280940771591803,-1.9162473198500123,182.25461892481067
210_Wide,2593500000.0,1.0105598167659915,0.0020683660655556792,-158.72834466017238,0.18901946634443123,0.0020493900879430963,0.0003604736632234179,-67.93610209698078,164.95155994715404
210_Wide,2593625000.0,0.9860475073516055,0.004107708416754857,-158.257490756926,0.24993304669913693,0.0020164974964094785,0.0004123393956618959,0.3914867008794971,184.02833913632503
210_Wide,2593750000.0,0.9972327366467701,0.004261832017633216,-159.67266641782362,0.21983823397781438,0.002233875108874189,0.0003234018342474234,-35.25254300368411,181.98716103398627
210_Wide,2593875000.0,1.0163618981574998,0.0023475150517949074,-158.58269113623803,0.21146570169687695,0.0022459448425203176,0.00032615689526113587,69.6734674850781,163.72394950474575
210_Wide,2594000000.0,1.0224685121952743,0.0035937575546942982,-159.14503137815723,0.1946737104551659,0.0022920485253859904,0.00029939970894570455,35.89226879506691,180.84029397264763
210_Wide,2594125000.0,1.0072667908481006,0.0020960127682629636,-159.47322926282712,0.1525061295866559,0.0024169997012563746,0.00028764981448021706,-70.12097565763031,169.29411170493339
210_Wide,2594250000.0,1.0285996639809705,0.003743251294793795,-159.08874046224548,0.21212686353362548,0.00242425026264172,0.00022530043895893084,69.3268112373936,166.22077817243442
210_Wide,2594375000.0,1.0013709841460652,0.002504879585422027,-159.73434656103623,0.18271351217985507,0.002414122176540988,0.000280817376841784,-35.9947933577546,176.76191903901227
210_Wide,2594500000.0,1.0191615905521636,0.004406483895325627,-160.04157872045465,0.2125495477222402,0.0025353553745297293,0.00039600307350713253,-35.48186285980447,181.34543094298266
210_Wide,2594625000.0,1.0207105010478064,0.001947491239717514,-161.06053446943176,0.13978413130679299,0.002675557957157694,0.0002524464936102531,-70.10562020121854,169.17187364936558
210_Wide,2594750000.0,0.9949673734993414,0.002932857117133817,-161.555073180686,0.10790716798260809,0.002556105391266304,0.00022389068423868313,1.0104967208604876,184.2959441671029
210_Wide,2594875000.0,1.0147947401824455,0.004000336807368502,-160.68178749158056,0.2750264899542314,0.0026765816394377744,0.00031559652543989013,69.5874523383846,167.61060679579973
210_Wide,2595000000.0,0.9878548314699639,0.0029552969091211296,-161.19984581145886,0.18723264242172738,0.0025825720456777064,0.0003820302385137342,1.7985572381218702,185.80770067260673
210_Wide,2595125000.0,1.0001220659883305,0.0036301159742569335,-160.8854082679727,0.16529803734572512,0.002669862066008592,0.0003228375798273485,-105.13659903181244,144.98493201897463
210_Wide,2595250000.0,1.0092403034915367,0.004029292415126356,-162.39910420389407,0.15828417712588463,0.002748641080431594,0.0003878862672155648,-35.39773019180274,179.67482586708854
210_Wide,2595375000.0,0.9909808447624852,0.0038286822007034304,-162.77618194521963,0.18575411625483992,0.003007122477049192,0.00030451413306524587,-35.384168953394756,180.58462627439636
210_Wide,2595500000.0,0.9948636739528556,0.0036236159776611193,-162.1972398780766,0.23678612665926982,0.0029483944109132037,0.00026809152875506694,1.4538693083622263,185.84683954502566
210_Wide,2595625000.0,1.006982873068562,0.0035812907274789738,-161.49179961832533,0.17916039286344276,0.0030704945022019354,0.0002848894349355603,1.5363635323673777,183.91493706426613
210_Wide,2595750000.0,0.9875593955102832,0.00390651581412521,-163.07139607648924,0.16307597675861352,0.0031857559280516956,0.0003561735740522993,106.00704975019977,146.95626267394906
210_Wide,2595875000.0,1.0151657479517187,0.002989360900893966,-163.44550975898272,0.1995217162495966,0.0032726032374217283,0.00032187304102622433,140.15623745357863,112.25679114008186
210_Wide,2596000000.0,0.9869092271864426,0.002248827947233103,-164.21045809860541,0.13374464107743383,0.003182388686427553,0.00026549197567017326,102.51908844136713,147.98573435699237
210_Wide,2596125000.0,0.9905871268686404,0.0032829689227622527,-163.91463425220837,0.18728118082405035,0.0034239960887014332,0.0003056144932436367,33.50691198223821,181.5560479391044
210_Wide,2596250000.0,0.9935224624661971,0.002189541605408954,-165.7252139552415,0.24632291995810093,0.003302386501049099,0.00029517496806998137,-70.95510792855465,169.8297323734174
210_Wide,2596375000.0,0.9738162945285902,0.003590238965624226,-164.3683695843739,0.15808511177176543,0.0036419395659565133,0.0003803558458788689,35.78685420397223,179.73133297606324
210_Wide,2596500000.0,1.0041283287355196,0.002247001322686996,-165.22423459587478,0.1992856337526597,0.0037127831255320807,0.00035453906868638976,71.55249900908511,169.6922192444768
210_Wide,2596625000.0,0.9887014799733161,0.003010076390050217,-164.94567394805338,0.11150085042421214,0.0037871750972279725,0.00022904172747491194,-0.8415016801646772,185.83683670506286
210_Wide,2596750000.0,0.9790406017858166,0.002563472450327536,-166.43552628090984,0.1868346809342914,0.0037293936014759378,0.00023422131821163752,104.38267626290133,148.0635343768134
210_Wide,2596875000.0,0.9600968110845084,0.002510370036299504,-167.69568695328576,0.19288903307445496,0.003672406039547198,0.00022253285620456398,70.07527772514139,169.4071822947203
210_Wide,2597000000.0,0.9621554870226006,0.0031925610213465465,-167.19213586461848,0.22169984514842805,0.003817616212593853,0.00033317702612377555,70.17279165910627,171.22697432536708
210_Wide,2597125000.0,0.9589149220665336,0.004038884864892129,-168.41347129810308,0.17770979943288537,0.0039933304154464245,0.00027129226464725877,104.5378885811233,147.1815666051406
210_Wide,2597250000.0,0.9613695644308534,0.0033684978076292424,-169.2913336388817,0.19461696250110383,0.003941873512657927,0.0003674748697105545,139.97232506490678,111.58777793649035
210_Wide,2597375000.0,0.9509535838082038,0.0036530291051033487,-170.1944876106827,0.13005221778728857,0.004320394532365968,0.00034186929650039294,104.40462625330494,147.15938656465102
210_Wide,2597500000.0,0.9700314524396099,0.002521315946334499,-170.85367516482094,0.23082895023326125,0.004475362371082515,0.00036070882717281646,140.01014070498388,111.51033187688348
210_Wide,2597625000.0,0.9545085814880452,0.002568981977084189,-171.72458917857415,0.15967255247739767,0.004477602694613369,0.000218446937098283,105.4833801432207,149.2168085862763
210_Wide,2597750000.0,0.9645621653344792,0.002770481599661252,-171.90023639733997,0.1735745076976208,0.004599700198378263,0.00025025957654731295,137.1099572388041,111.04666470975067
210_Wide,2597875000.0,0.9428396226024146,0.004026182004143795,-172.08527475303606,0.13842331379175662,0.004435387228160651,0.00035741235529868233,104.40927520563729,148.85179191434432
210_Wide,2598000000.0,0.9436763977643904,0.004677870757360371,-173.5537227572231,0.23385264566686312,0.004966416844247886,0.0003094035145279676,99.90738003366336,147.27468634415342
210_Wide,2598125000.0,0.9394982173902948,0.003234710535250144,-173.95978319206057,0.23765306940537617,0.004850138756949163,0.00026701714595753434,175.09450769157124,2.7346508600224495
210_Wide,2598250000.0,0.9401943916543645,0.003181266041849963,-174.831367333933,0.16894364445783186,0.005221555663134629,0.0002697028196617706,175.238634143144,2.98986265748067
210_Wide,2598375000.0,0.9340295968546001,0.0031425300592546755,-176.75620008822588,0.3166580015911767,0.005019588602432699,0.0003341958493464563,172.02658554867062,2.958783477928104
210_Wide,2598500000.0,0.9350780844127761,0.004187737847353386,-177.12366107884836,0.1567153826993798,0.005637847220503637,0.0002512539646952186,174.24776599760867,2.9914324346751227
210_Wide,2598625000.0,0.9375891285585822,0.00276048776022074,-178.72668011237857,0.23237390621405934,0.005504245047631971,0.0002142976688090929,170.39572066705082,3.864775618972656
210_Wide,2598750000.0,0.9218844392844079,0.0032256850263973113,-179.29630866589656,0.1804952606289942,0.005579882032886007,0.00026966247969892494,173.55487431457874,2.221945118107443
210_Wide,2598875000.0,0.9296615144135124,0.004192444167402593,178.9618740761632,0.1848599411665883,0.005950313260536594,0.00020518427253536588,170.3081334546049,2.6029159066693763
210_Wide,2599000000.0,0.9358641013230813,0.0019495680404632222,178.79434110441417,0.1735669464920676,0.005990755186778643,0.0003571756553744172,171.47367306539843,3.350994327110217
210_Wide,2599125000.0,0.9238113058751538,0.0035944545688340536,176.93476586514166,0.16165510011076684,0.006251908521020915,0.00022591003477358983,166.79969277230998,2.2965358311056936
210_Wide,2599250000.0,0.9160697692515212,0.0041337550844197605,176.47666511137817,0.23850340513970936,0.006648502224014496,0.00028042891398758927,168.56296435947135,3.1293690090551354
210_Wide,2599375000.0,0.9255500289626835,0.0020193030057011033,176.12401299324557,0.27832269318013697,0.006740139558611917,0.00020075192198955593,168.3524414717165,2.7669804227139605
210_Wide,2599500000.0,0.9283766487239349,0.0019307303555008972,173.5789124504119,0.19990400024230598,0.006995274136782325,0.00028003222149956873,167.35933257325672,2.2960386042188388
210_Wide,2599625000.0,0.9114823153352787,0.002771568317547211,172.1201307676625,0.1547737256682136,0.007112571664616421,0.0003513831763229318,164.40460824227023,2.4268293346061736
210_Wide,2599750000.0,0.911750006666389,0.0027795901180241184,169.9810524711023,0.19140250253930502,0.007625092038551293,0.00046741662154568163,164.8809165411191,1.8142391044894983
210_Wide,2599875000.0,0.8972604421575002,0.0043987327939410455,168.35100595826006,0.23420516013989678,0.00776718485515575,0.00036895326665480093,162.22328982394504,3.6812574068013464
210_Wide,2600000000.0,0.9019725372034962,0.0032668811046517106,166.41042491445714,0.13331497891555086,0.008155255775966161,0.00022474760635934077,161.5838393748099,2.3519223556398625
210_Wide,2600125000.0,0.8916991306088591,0.002402845164421097,164.9411108360266,0.18326540079120823,0.008417239990052547,0.0003615588786454656,161.7744688125315,1.908983390734337
210_Wide,2600250000.0,0.8815455663413793,0.003188041983828598,163.29689363911808,0.22379296601407858,0.008670373941851755,0.00017346846445421475,159.54448637721202,2.12972358976059
210_Wide,2600375000.0,0.8758924231271378,0.0039611400507773365,160.87151334499325,0.1099022569935969,0.008972981356901394,0.00036327321368454077,157.2678330892549,1.6580334157938095
210_Wide,2600500000.0,0.8694147614460578,0.002419773103821253,158.1743189404455,0.14859698596407936,0.009620622355835214,0.00048081482704160337,156.11652010279667,2.2565580455007512
210_Wide,2600625000.0,0.8622191638915666,0.0033565007900267377,155.16844560739878,0.2591617647836694,0.00999516669974035,0.00033642781290028293,152.03286118355342,1.6284898650499653
210_Wide,2600750000.0,0.8433872045168955,0.003490146050754258,153.12472267739744,0.19994349925265706,0.010360016438460544,0.0003260485099202203,152.46705438052854,1.6557598192718526
210_Wide,2600875000.0,0.8267909608222985,0.002163023645947657,149.8222479318531,0.2865929820742642,0.010811241957387656,0.00026687326241289045,150.78691982373513,1.3455525878793844
210_Wide,2601000000.0,0.8142824830763187,0.00248562595062428,145.63601873074526,0.1916820996357353,0.011312769494033965,0.0003266375184671374,145.91670425080017,1.8707593321693257
210_Wide,2601125000.0,0.7930814578904523,0.0021487813035502923,141.40013486880775,0.30041743569834994,0.011965735434806581,0.00026456122265849246,143.7246714059204,1.535331199817593
210_Wide,2601250000.0,0.7672330415053675,0.0025831048750394867,137.19932304078912,0.21844174765649155,0.01252869640832776,0.00016269428116507873,140.7628349036334,1.0340447481082364
210_Wide,2601375000.0,0.7413763250023988,0.003146808598117873,132.6305308573595,0.2068177847792862,0.013054000156549544,0.000283586945161711,138.6849248968013,0.8684920646347425
210_Wide,2601500000.0,0.6952038662942697,0.0036828216500103235,127.16761818030793,0.25599440968122134,0.013705490552900417,0.0003138181520053124,134.480477559241,1.0538846277628005
210_Wide,2601625000.0,0.6498271018605812,0.004104640854190121,119.74971614133936,0.36679850179250945,0.014284423628056098,0.0003965679746635602,129.61400361544779,0.5691760340074487
210_Wide,2601750000.0,0.6055859767061788,0.0039048637557854596,112.65853742735517,0.3645258880449542,0.015088784467350765,0.0002533312778348078,125.6293683165041,0.8989666384840048
210_Wide,2601875000.0,0.5401663624467327,0.0025170553617269785,103.30109431957422,0.35325832919433137,0.015412388537036867,0.00033527156744852463,120.90978554536903,1.7265323713250949
210_Wide,2602000000.0,0.4877761932175971,0.0012655641020550953,93.44885763493147,0.47570056956141676,0.015990194565729348,0.00034505209268597423,115.32536501087064,0.9315716518886216
210_Wide,2602125000.0,0.4269834544382262,0.002476687368607204,77.19548612975773,0.33764343630222626,0.016706930768373724,0.00024747918517181933,107.83736396809812,0.9130609089779417
210_Wide,2602250000.0,0.37286236838046516,0.003233274723120565,60.64574045886452,0.36622962137409004,0.01684426554686913,0.0002173301980458575,102.84996887281541,1.3059217360624276
210_Wide,2602375000.0,0.3276718503888359,0.004811000384599218,38.96733177835048,0.5789312781468113,0.017092001662957493,0.00029745213517752306,96.74791524690407,1.334156833016312
210_Wide,2602500000.0,0.3192850069607379,0.0027406263748672123,13.387134079021909,0.6182009083868649,0.01663230595987058,0.00042012559546695686,90.30854312148853,0.9230110015500923
210_Wide,2602625000.0,0.3392598842780895,0.0024321131297966366,-11.56708568246232,0.6809869963697711,0.01658362827601474,0.0002058573030511737,84.74627013099618,0.9172236422061492
210_Wide,2602750000.0,0.3819116952122105,0.004333291031014201,-33.9244871093661,0.6918803753030417,0.016473189196902147,0.00021246452362042912,77.51090846134697,0.6738662727247752
210_Wide,2602875000.0,0.4435390675898588,0.0033374370746640566,-48.12701294994515,0.4459631114176769,0.01573430432785828,0.00040388988196681907,72.01380684966344,1.0342951944593426
210_Wide,2603000000.0,0.5013206864820541,0.0036476201907411298,-61.15314006899345,0.5497956701718806,0.015311718018147312,0.00031593100547006774,65.4002554197855,1.2434315177580335
210_Wide,2603125000.0,0.5524974047755259,0.0030747300462333053,-71.75818024669319,0.5781327494704998,0.014562397534574376,0.00031605146175265887,61.4684468120559,1.0013512320047675
210_Wide,2603250000.0,0.6111720394260552,0.002994010203766567,-79.34410476047105,0.2118128999683425,0.013647856760096428,0.0003834776118956533,56.22766852029528,0.8431589660211566
210_Wide,2603375000.0,0.6612002253972684,0.0030121349411114237,-88.03369531763488,0.1942298148273972,0.012932698105843079,0.000271662446350547,52.479940053888996,1.4439044311648104
210_Wide,2603500000.0,0.7022588796500195,0.003505220460388046,-91.98037649317448,0.2831683843489499,0.012232543295591716,0.0002582353625050848,48.29766500161304,1.244199953451748
210_Wide,2603625000.0,0.7549479367929973,0.0045842667089087885,-97.54647743434258,0.23461886549969652,0.011744965868338762,0.00023601798422585716,44.610708937239764,1.687351255817189
210_Wide,2603750000.0,0.7655951311739473,0.003452620221843553,-102.33837531658932,0.20424962330368426,0.01094695523558524,0.0003568765217093557,41.22624669425505,0.8814779020981774
210_Wide,2603875000.0,0.792094340278116,0.002821862261622909,-107.34292594765779,0.2106142110936349,0.010595580907782585,0.0002874048174485295,37.30334098895189,1.9219580895899746
210_Wide,2604000000.0,0.847521188859514,0.00444263002980785,-110.48173674621319,0.19940864773246428,0.009994202497523464,0.00030412666609783086,35.53481327609619,1.5669483604971643
210_Wide,2604125000.0,0.8239471430427062,0.0034348140325993278,-112.43329376230238,0.17681118070390398,0.009338898792453082,0.0002720960841901495,33.249767151785896,1.6268943579141688
210_Wide,2604250000.0,0.8615285911706977,0.003304755358159268,-114.80791184672887,0.1995711193587207,0.00902756058206681,0.0003804972117426096,31.121999479540868,2.243637042451555
210_Wide,2604375000.0,0.8994480573089285,0.004084803006008288,-120.12354057056623,0.12659297065672925,0.008713821545619343,0.0003684241682194157,28.731996309993047,1.8910906234905147
210_Wide,2604500000.0,0.8957494617198909,0.002494388612021293,-121.58512312451042,0.2311738740556983,0.008193042443490568,0.00041833429493842175,26.39909169556894,2.5667765859776384
210_Wide,2604625000.0,0.8996372337400615,0.0030274845175902957,-122.56195340921045,0.2667569070852694,0.00793895045104119,0.00032133289025804005,25.087036405244028,1.6550736133814454
210_Wide,2604750000.0,0.9234522686700958,0.0028098113777525863,-125.57999191869511,0.2123758292585433,0.0075743143817521355,0.0002623116540885806,22.92691339305913,2.743410076767281
210_Wide,2604875000.0,0.9212422703308162,0.002769703886097733,-126.39318325058976,0.15753029285537104,0.00716147095287193,0.0003482616569349072,23.097962484163446,1.8691267000460623
210_Wide,2605000000.0,0.9266132180368561,0.003568202371702008,-128.56777816624975,0.2003566408499507,0.006785368430354095,0.00025119122305559515,19.18817930983441,2.703829003264354
210_Wide,2605125000.0,0.9400588384757931,0.00231966493912641,-129.38957288938738,0.15593204873082794,0.0065767424727011525,0.0004139691556180496,19.54137834324225,2.1256899247702585
210_Wide,2605250000.0,0.9498348611655435,0.003948710618005181,-131.45106024049696,0.17720900528274736,0.00664716374021676,0.0003476307217027516,15.400578669864188,3.2756403380124923
210_Wide,2605375000.0,0.9474702937110017,0.0039778809368229235,-132.91786042169406,0.18557187635599123,0.006171332258874368,0.0002650125691209024,15.544785521920303,1.970911312624793
210_Wide,2605500000.0,0.9474811810119232,0.003312934027660057,-133.5326979567966,0.1421990621808268,0.006123998831135849,0.00026262777393594656,12.473510160302427,3.606249567422099
210_Wide,2605625000.0,0.953974506165737,0.002827121049043799,-136.78443655399042,0.1348219356484421,0.005711893356901601,0.0004057778393146463,13.893003408620672,2.146924048983845
210_Wide,2605750000.0,0.9699699607563551,0.00385946177484256,-136.17624626280906,0.18194905699237804,0.005717262972774007,0.0002601070833263504,13.479818285862851,2.8387448996376214
210_Wide,2605875000.0,0.9502237606600239,0.0027471125146461407,-136.68648188445147,0.1448310051895563,0.005379051039696862,0.00030492090459192277,11.986088590957326,3.0088771159203063
210_Wide,2606000000.0,0.9414019580288201,0.00233825380446655,-137.05721424976997,0.2383634741731996,0.005056007076494653,0.0002782149869571435,12.893528481342612,3.4898027793526554
210_Wide,2606125000.0,0.9526245333781485,0.003293051587187573,-139.08892071767303,0.2299336282182995,0.004991043814123057,0.0002855296238654458,9.144664308723218,2.615087168680643
210_Wide,2606250000.0,0.9477841665820917,0.002402274301325058,-140.49596685568446,0.22249730933354991,0.004759936305088002,0.0004256155456406788,6.381151506050063,3.509086969090945
210_Wide,2606375000.0,0.9629999010668444,0.0031831135766900542,-140.90948782418542,0.1582458737224135,0.004791201242747512,0.0002125129517104288,8.556293650910666,2.503839953046927
210_Wide,2606500000.0,0.9439608432950828,0.002653237136245234,-141.13560081693484,0.12431655299693813,0.004525807359655728,0.0002867915343505522,7.482110390378951,3.973538118729557
210_Wide,2606625000.0,0.9649488156457445,0.002995537220588936,-141.3976593411524,0.18704011807545448,0.004554260022951051,0.0002101531610819452,7.509831639409897,4.114772679957923
210_Wide,2606750000.0,0.9798296565474442,0.0033216149498949696,-141.52318499450996,0.2365981514836235,0.0045724171577212315,0.0002773005265666206,7.554949591088804,4.631711287266759
210_Wide,2606875000.0,0.9708314130442361,0.0022685175242511974,-144.34991090516982,0.14106809513763158,0.004238082240990833,0.0002165953513373563,6.809429110270177,4.482995076247855
210_Wide,2607000000.0,0.9531492875545917,0.0030722498434128938,-146.48939069127812,0.23877491949300125,0.004214787465630664,0.0003450368016068223,3.6880759014057007,5.060279785617828
210_Wide,2607125000.0,0.9805529542417009,0.003300702706070702,-146.39255802312715,0.20073183475582987,0.004116369294725113,0.0002631942578515223,4.399396967244381,3.7837830010608564
210_Wide,2607250000.0,0.9532499134132161,0.002368319557753394,-147.79082461282292,0.12929344588165814,0.0037956162997953014,0.00029640245288799715,6.301119662738221,3.947067452426457
210_Wide,2607375000.0,0.9626353916003143,0.00453446353929354,-148.16588735726938,0.2111139237820831,0.0038173734150373224,0.000227842430988746,2.1465601870279247,3.5133070568433067
210_Wide,2607500000.0,0.9694429904557814,0.0042990005632307544,-147.909327330157,0.16133455918887696,0.0037181791710593584,0.00015708994835697527,3.382200174012432,4.95884220767061
210_Wide,2607625000.0,0.946124724394429,0.0022444889380094234,-148.80996773686945,0.09656455124917065,0.0035466978916647365,0.0003430210325163951,5.732724982895735,4.463251490407714
210_Wide,2607750000.0,0.9745050869019163,0.002763701503517415,-148.62128662441006,0.10691703941053014,0.0036817631732186714,0.00035694504720925555,8.964726771701631,5.268786307853625
210_Wide,2607875000.0,0.9815772467019825,0.0036807007677021443,-149.04480516335485,0.1313610757487201,0.003588178410584053,0.0003321187750767445,3.2842608010964662,6.724973177739234
210_Wide,2608000000.0,0.9689937553652443,0.004394799196347588,-148.43359904921311,0.19795732689617784,0.0034106074787869675,0.00030271899765973276,7.112445341828143,5.359285230158152
210_Wide,2608125000.0,0.9577150247733849,0.0024382032512182098,-150.9093943694346,0.2451479803980478,0.003229958288561041,0.0002525454022794146,4.4147556949457645,5.248681589265781
210_Wide,2608250000.0,0.9797126520781976,0.003139337243200287,-151.14478747929417,0.1206292911659642,0.003276347857352396,0.0002441237915119781,6.713690987120955,6.7309758517821265
210_Wide,2608375000.0,0.9645667949242089,0.00291024986792182,-152.03610198333354,0.128241442217151,0.0032008866377813863,0.0003060864008326273,5.847643274264547,4.073846651320537
210_Wide,2608500000.0,1.0012225012271627,0.002835477931132973,-152.5678978856745,0.17623168758159802,0.0032132297257232113,0.000275463364429871,6.149053162789226,3.6483159784686414
210_Wide,2608625000.0,0.9805621784467096,0.0034292668141902923,-152.43327167775263,0.24795821158590373,0.003079739204828028,0.00030771836633822696,5.6332915519921345,4.612788547352131
210_Wide,2608750000.0,1.0197529273495682,0.0023168109623038064,-152.46861669997338,0.10713089529590977,0.0029898019438718,0.00031256631913109174,5.288393322051991,3.5288298209390563
210_Wide,2608875000.0,1.0047375832763017,0.0026329122367507404,-155.69645440798317,0.23548912608802694,0.002960438577775908,0.00017216496744549921,2.858998798102212,4.563678979814786
210_Wide,2609000000.0,0.9790457118611292,0.0028573966991808273,-154.92455906370614,0.1415190349764516,0.002781714963647483,0.0002355493778525132,8.006504033218773,4.046646055699319
210_Wide,2609125000.0,0.9769976532461576,0.003958386896792938,-154.40848487656427,0.1816576326531507,0.0027586934783625306,0.0002486471819637125,8.047543286883958,4.014957683066261
210_Wide,2609250000.0,1.0058718068545596,0.0022142016951854325,-156.14989728847436,0.19578795215464218,0.002636662549193499,0.0003120859746987534,3.5685905472247987,3.4344396353897997
210_Wide,2609375000.0,0.9839972167013591,0.0031001522004983294,-155.93147180983715,0.11209400482354369,0.0026108805172114103,0.0003546095270017043,4.088287533834055,5.91222544711934
210_Wide,2609500000.0,0.9969283687438415,0.002879481174631385,-157.05420137483895,0.13455928060437528,0.002483044378792598,0.0001936373465874712,6.1905857318021535,4.394353316638712
210_Wide,2609625000.0,1.0039389856199135,0.0021641176386962614,-155.76026438326676,0.1536612264770315,0.0024819605825174276,0.00040723010222325147,5.288816848711807,9.148634903524691
210_Wide,2609750000.0,1.0298776602116249,0.0039024024847265,-156.40290972432462,0.11774044647952374,0.0024363723515549076,0.00017836052524290998,11.838603476667949,7.871917487752542
210_Wide,2609875000.0,1.038468362807525,0.0031738102455120265,-157.58880183710866,0.19996907280491194,0.0023678962680177334,0.0003197510377105696,9.696955407300818,9.262829468656365
210_Wide,2610000000.0,1.051856424325235,0.0022729318561319775,-158.25630948688132,0.21357119230885596,0.002403025018736667,0.00023140287435922187,9.12695762238944,7.646204658604849
210_Wide,2610125000.0,1.0239893284366879,0.0032527386465321193,-157.7713719953639,0.1325843082165713,0.0022873736745921184,0.0001725313452138994,8.179136616049462,9.117726635719544
210_Wide,2610250000.0,1.0212248959130141,0.002685142556875433,-160.2381032044354,0.20833666276740082,0.0020339551246753057,0.00022746111923751722,10.289348336951374,6.474287970327359
210_Wide,2610375000.0,1.02446594689031,0.0024609524142737856,-157.89482839155167,0.16264745206767697,0.0019700546415704033,0.00025606312963020707,6.162335639436482,6.79213885271988
210_Wide,2610500000.0,1.0483372540892733,0.0025019022908051767,-159.82588312374568,0.1442399348809011,0.0018583669644607846,0.0002974036053463733,9.640979632068815,9.379535486205272
210_Wide,2610625000.0,1.0366331227654881,0.0028444586232427077,-159.16834929177134,0.1421160309615378,0.0019130450128394846,0.0003249712871614935,11.373560561963385,11.113139315429706
210_Wide,2610750000.0,1.032956614804438,0.0024645100503254387,-159.8310181910445,0.1323556154363536,0.0018959891265204374,0.0002872104643678881,15.623692822725923,10.774285314424162
210_Wide,2610875000.0,1.0404762262709173,0.004125458362645004,-159.91372421746314,0.1927064532261647,0.0016808983886724487,0.00024471625101338756,13.891587303421014,9.447072107824397
210_Wide,2611000000.0,1.0233446280224503,0.002588573771974247,-159.6722333269433,0.15558784809538206,0.0016297246530807782,0.0003691233172720872,25.55965549572632,8.98226089295139
210_Wide,2611125000.0,1.0299878061656211,0.0036644378896715404,-160.0105771247821,0.1375812804336069,0.0015513062280643564,0.00028312171463649636,17.94193483019566,11.118196309661561
210_Wide,2611250000.0,1.0346463200659843,0.002148788569499708,-159.78660802791282,0.18901791864946219,0.0015510826255221589,0.00028610437284850806,10.326691942282364,18.12774390013334
210_Wide,2611375000.0,1.0418607830658306,0.0035630414383787776,-160.38773428606785,0.14586123794136835,0.0013532878209874012,0.00022040934129491417,15.439460012723602,12.436320600394714
210_Wide,2611500000.0,1.049643837971003,0.0031007094113549606,-160.50040167217662,0.12487323820136674,0.0014689951242723926,0.0002497582379447409,18.187253816308225,15.055903298651657
210_Wide,2611625000.0,1.0836282758139804,0.0028421736347372406,-159.08859841104953,0.16450186541956044,0.0014352157973429103,0.0002420317275783311,17.500678599708884,14.874714386918033
210_Wide,2611750000.0,1.0449933634651911,0.003157125518578357,-159.79455900289497,0.13336962702554764,0.001343281358244007,0.0003092445368435457,22.609878019631616,13.114013536232012
210_Wide,2611875000.0,1.0545441263462876,0.0032030995954909175,-159.45402674315426,0.1447659589162347,0.0010148318951549188,0.0002687025100741354,26.795613588109852,16.4445856128501
210_Wide,2612000000.0,1.0736006662316695,0.0024522576989504893,-161.38370338128885,0.21486924172865618,0.0010879253981696195,0.0003677158419502624,19.993058535023263,13.148565165333444
210_Wide,2612125000.0,1.0310250893228032,0.0017353800887693635,-160.3642435419913,0.16689828299092513,0.0011532296606269333,0.00020302763535015583,24.497731372026127,18.821754325461953
210_Wide,2612250000.0,1.068835461583807,0.0033166546519824854,-160.569791171066,0.305841022368111,0.0009421149833139273,0.0002687475573423292,26.361879389660643,27.015651672330698
210_Wide,2612375000.0,1.0345199179085172,0.0033434820635488373,-161.8318981990211,0.2013858239082993,0.0010918541838336236,0.00039119921743947263,27.054718457474582,25.686866201921685
210_Wide,2612500000.0,1.0488098956408967,0.0025620276990226585,-160.53399145636953,0.10642867111833883,0.000941127911995227,0.00023660484749898227,31.77979365244668,18.564064673767994
210_Wide,2612625000.0,1.0376667765259644,0.004177783245429694,-163.03110526706283,0.17260474855247349,0.0009605987662967557,0.00026673224892473114,47.761199171178205,13.835990809308822
210_Wide,2612750000.0,1.0455448334374824,0.0038788680114427614,-162.87321976034357,0.20488702173655873,0.0009490266357964418,0.00035801130309533576,46.202257154955134,20.249664510315245
210_Wide,2612875000.0,1.0462744667435673,0.00413612945253409,-161.7833944412625,0.16189950210405915,0.0007389564168347529,0.0003118982675214892,40.25182279455971,40.86969345506052
210_Wide,2613000000.0,1.0426793057257377,0.003234387656862143,-162.10417841750436,0.18179413985478357,0.0008187891556432544,0.0002698923585978887,67.3659413493861,28.26210455351879
210_Wide,2613125000.0,1.0480167671271663,0.003653594754587552,-161.82562872612402,0.2762167712838153,0.0007270514529525907,0.0003626817712483387,62.25605457666374,29.991375110426553
210_Wide,2613250000.0,1.062736177810583,0.0017759019084315362,-161.76969743009312,0.13385100770977687,0.0006993218514029203,0.0002696059400129697,72.70728929003091,22.952630778570242
210_Wide,2613375000.0,1.061076393114206,0.003640559928304691,-164.03187849369073,0.19662387607301862,0.0005907926469678567,0.00024278443250681033,61.786686962191624,45.06851599840474
210_Wide,2613500000.0,1.0431031000846451,0.0020958089826045518,-162.2842990437797,0.14788688092051536,0.0005526888883291697,0.000184950414334285,63.95322563957798,46.53872593432272
210_Wide,2613625000.0,1.022527716220244,0.002475743760465698,-162.34711401910963,0.18005020922482887,0.0006404519081016198,0.00021542392144208446,63.16625674006342,82.19784633910915
210_Wide,2613750000.0,1.0448354400771258,0.0035826623632296078,-162.71576322438744,0.16282747282301016,0.0007157170837172216,0.0002848759254293779,56.82829614134396,87.99848841935197
210_Wide,2613875000.0,1.034092114467387,0.0035468997162050966,-162.88943929958606,0.10855003407797235,0.0007070770652117133,0.00022862719588567836,106.61538432715197,31.182717157279594
210_Wide,2614000000.0,1.0286737394920666,0.0027810008617327607,-164.45846919385863,0.1537074128916823,0.0006027625441794013,0.0002896655756404335,98.38374061810768,26.221255118124933
210_Wide,2614125000.0,1.0204928677872456,0.004664028343749556,-164.74013595261192,0.2996407901889906,0.0006905601108157731,0.00018044185421770893,112.78191903756964,14.089511006436842
210_Wide,2614250000.0,1.0121049775935933,0.0033552027795378104,-164.34382119567016,0.2924477466067436,0.0006488948774780387,0.00022564736999151991,121.2464026595715,16.248228115176097
210_Wide,2614375000.0,1.044134519174249,0.00338674015535332,-164.59840799815655,0.15728787539597033,0.0007566478366100212,0.0003315092091423662,124.04592294186126,21.29596511948486
210_Wide,2614500000.0,1.0291118457784243,0.0028375163522914404,-164.88256540256987,0.13365426573564268,0.0007734752038315423,0.000307515368062068,133.88708102488746,25.361087711413372
210_Wide,2614625000.0,1.0583736924331824,0.00287073653872448,-165.12521138831863,0.14806641404689783,0.0008363654924622265,0.00031298801080455586,91.43316136925469,93.54735281369447
210_Wide,2614750000.0,1.0069552293774038,0.0028600247559586625,-165.12060474473694,0.20121652430514098,0.000838766848120577,0.00021897519545236235,104.49457129430016,95.80765710538121
210_Wide,2614875000.0,0.9849898194917404,0.00440055523926693,-166.06031292516664,0.1730705088856362,0.0009347167103141423,0.00038720765216137046,42.75798639944147,147.8192580962559
210_Wide,2615000000.0,1.0128554783544388,0.003144899871035733,-166.40784527117577,0.19658385285736715,0.0009891610335212837,0.00023888331761759367,136.36122552195798,18.516503699628842
210_Wide,2615125000.0,1.0178152367184512,0.0028880643200140973,-166.86738348258538,0.28173434991419277,0.0011819344042783052,0.00032843075653097025,147.9059067792834,15.520641674764928
210_Wide,2615250000.0,1.004793557718663,0.004517474956515085,-168.56126224062388,0.21403745095639296,0.0010915977263118728,0.00027828893110902773,76.22400066233467,131.21099319438153
210_Wide,2615375000.0,1.012659803334734,0.00414091533353997,-169.2430272131569,0.24855125649556434,0.0009844796499781177,0.00039210287094539346,121.23878254797351,104.00718188006759
210_Wide,2615500000.0,0.989853358235197,0.0022139614788572242,-168.31025743139745,0.26895542935934386,0.0012238065205095944,0.00012713399571795292,147.66812824074955,16.725687337591758
210_Wide,2615625000.0,1.0025775319497243,0.003146124622859232,-167.9586560844191,0.17069013708681757,0.0013082241442422804,0.00020898165086094786,118.51447212543533,105.00305753029178
210_Wide,2615750000.0,1.034317737919618,0.006003607376267149,-170.51835000250534,0.17557813501031602,0.001449215356438654,0.00030605082257037167,146.71552972293185,13.785949714498155
210_Wide,2615875000.0,1.0299928350391414,0.0026993963679449173,-171.42634116847958,0.12564879314200927,0.0014326410379501865,0.00020843437257159,159.68595884256442,11.77569193899866
210_Wide,2616000000.0,1.0129836505310028,0.002578347177811931,-170.9796458789301,0.14769693584971685,0.0015963174012134653,0.00028466531009057526,152.3272307552765,12.797545342967162
210_Wide,2616125000.0,1.0065967717658704,0.004124632521512842,-169.81543485340853,0.20396817316532354,0.0015893921460071224,0.00038470202275282323,91.59675799865516,135.6855186819061
210_Wide,2616250000.0,0.9770969406145054,0.0036060726129913275,-171.68507378805603,0.2419918749990712,0.0016411638152052457,0.00012342734290498992,125.9019549301449,104.67353525497329
210_Wide,2616375000.0,0.9864465629315005,0.0036592563265758975,-171.3949270992592,0.20946312926729663,0.001785557566337898,0.00024567141370574304,151.9313268290745,10.155758868144982
210_Wide,2616500000.0,1.01079326815406,0.004039704172123416,-172.59306405278537,0.16311306455741093,0.0018088281061909455,0.00027845694179904143,153.83716456638464,8.58696725407287
210_Wide,2616625000.0,1.0190931084259043,0.004854372488081657,-173.1691258031486,0.21819134151140152,0.0019988255705939467,0.00035125632794966356,158.2829966313076,8.492083774993569
210_Wide,2616750000.0,1.0086872785905066,0.0024866567978606645,-174.79684843249245,0.25570194899078147,0.0020710108922736984,0.00029969087232201814,160.2516809241349,7.715440936149611
210_Wide,2616875000.0,0.9810319235666785,0.004279679300925981,-174.6586452786437,0.13154423452239203,0.0021162515439386506,0.00036671784920264084,161.34094465796795,8.4981575563249
210_Wide,2617000000.0,1.0139656652823668,0.004030252535801803,-177.07788579506968,0.22475697768119376,0.002221030782832848,0.00043433752595287714,156.4856205235938,6.977438605935306
210_Wide,2617125000.0,1.0176408314689143,0.0040487260155007915,-175.44327493134367,0.21884537505369855,0.0022879983539074683,0.00039649488834697487,158.55544672461698,7.8266896778367325
210_Wide,2617250000.0,1.0170805808606305,0.0029860825389839084,-177.5640382070722,0.2258835968054184,0.0025548250384610184,0.0003378974618103688,163.38987488395955,8.693345272011037
210_Wide,2617375000.0,1.0013549212519484,0.0045401576191247085,-178.91775475864378,0.2184136911441311,0.0025455168648257265,0.0003143870381603273,159.6110322416537,9.088220264167127
210_Wide,2617500000.0,0.9942855253883444,0.004177356446237326,-178.68054690647037,0.1993831381223599,0.0023382874024711017,0.00025686531870436574,160.05465363143813,7.427527711499953
210_Wide,2617625000.0,1.025857039579992,0.004339671736529177,-143.77846809984288,113.73744691486847,0.0025884403248967285,0.0002783657809702048,164.3314835633117,5.928942149731095
210_Wide,2617750000.0,1.004132412715173,0.004291051398795717,-179.47386101053507,0.20704480372360998,0.0028243540243927173,0.0003096637137273188,160.93093535939911,8.056304915731625
210_Wide,2617875000.0,0.99714390961727,0.0035690969488839748,178.04124094121667,0.3403407237415202,0.002828116288578815,0.000326253384107631,163.28361450357443,5.836983807123759
210_Wide,2618000000.0,0.985870829594671,0.004025018116977049,177.09924492974707,0.22563964989876498,0.002865683092223444,0.00036121725193725973,157.92595059933475,6.938436223228581
210_Wide,2618125000.0,0.9985541718436286,0.0028866054410601714,175.84721048808757,0.19731181790918856,0.003174204464493882,0.00025385950745609743,164.3533993794954,4.785148313160206
210_Wide,2618250000.0,0.9932504582075621,0.003131153521298159,175.98827554857633,0.2401587168216317,0.003374913261753519,0.00030558283391525433,157.20010765117345,4.570469178176575
210_Wide,2618375000.0,1.0077541846243845,0.004230817926874177,173.89950715902114,0.12095697232085718,0.003368541091906147,0.00021778146327342592,157.98380068990537,5.3955889365164404
210_Wide,2618500000.0,0.9934133846913908,0.004666737502623317,172.99485633805287,0.21060635188686386,0.0036618684832616676,0.000348550365325417,157.78639572504719,5.624504060795129
210_Wide,2618625000.0,0.9974095357735452,0.003220206498528487,173.15521424000565,0.32525775257694667,0.0038861429416794185,0.00037035632580421365,159.92605458522695,5.925865151468058
210_Wide,2618750000.0,0.9891273764580835,0.0029722279308830395,171.08294404575537,0.2240401312099614,0.0038434138761784986,0.0002731859975215066,157.09249820930498,4.177176759367808
210_Wide,2618875000.0,0.9969943262929288,0.003657385692115206,170.0260616654941,0.3071031954640081,0.0041429802784176736,0.00021238854080573495,155.72877151927352,5.480304686884111
210_Wide,2619000000.0,0.9776519350987335,0.00300837304933997,169.41579793118376,0.3860734592023101,0.004157720903269819,0.0003524528309837932,157.9250031264217,3.3211188068065174
210_Wide,2619125000.0,0.9741259721161627,0.00513380744685973,167.12336367671594,0.11002086260587371,0.004489349829421555,0.00034244151086514486,155.5600724669078,2.4378523174545332
210_Wide,2619250000.0,0.9822583116838327,0.0028673551845718468,165.49821281799638,0.18168803653638185,0.004653031429057371,0.000421896871154653,152.85702110379302,4.768886093145307
210_Wide,2619375000.0,0.9736370251459603,0.002829983928063246,164.28445077666396,0.17642654443399547,0.004922122661613397,0.00030632751487818426,154.1836872244803,5.278595611591767
210_Wide,2619500000.0,0.9734831821914073,0.0037079664217387134,162.33002389735063,0.22542476607994738,0.005302129623985057,0.0002828699271985641,153.4021532255615,3.4337412221254437
210_Wide,2619625000.0,0.9453038826420254,0.003608173136262402,160.25160108204602,0.19769352519692243,0.0052583090160856355,0.0002688724694529107,150.87148676365294,4.3708803172742785
210_Wide,2619750000.0,0.937548787094069,0.0029284979246933357,157.67929875677186,0.23179601141872805,0.005515374018725896,0.00030013576221737655,151.23024398262316,2.9544550574907658
210_Wide,2619875000.0,0.9376319658703716,0.0025798704302376213,155.79738419670255,0.34392779100475834,0.006135510033355723,0.0004393900001097263,148.5261412761879,3.145447697314704
210_Wide,2620000000.0,0.9413251464758635,0.004497581385058891,152.5303855397614,0.17429752306934385,0.006108374181626354,0.0003167173795362809,146.6532196213375,3.478831174940095
210_Wide,2620125000.0,0.9188397229051221,0.0038949510387872627,149.62537178333685,0.3037498359366862,0.006767962461635213,0.0004166384108348627,145.42331300219803,3.530436536359031
210_Wide,2620250000.0,0.9006433842917045,0.0027415216522599776,146.56554992486448,0.22763020608843376,0.007355760241337216,0.00030266050574481105,143.81966634267275,2.8047996206463583
210_Wide,2620375000.0,0.8847780180911547,0.0030995106635792937,142.56581499614748,0.393749243201881,0.0075329822851051345,0.000324984189680293,140.61103029629504,1.5651266525231236
210_Wide,2620500000.0,0.8547872973297566,0.0032984448832290305,137.56627357355327,0.1800609006059899,0.008107572567448774,0.0004412991014288124,136.13651958780042,1.47816210717112
210_Wide,2620625000.0,0.836028885983338,0.003527374455574397,133.62563251578442,0.3151228190769735,0.008375850250365628,0.00023275331371319232,135.5801623332997,2.1947649489347376
210_Wide,2620750000.0,0.8151362304788459,0.00422921752149661,127.7599597089955,0.3995996813616717,0.009040497430127347,0.00020206076276550172,132.15193421548082,2.0056404513883836
210_Wide,2620875000.0,0.784245504102203,0.004339284726496432,121.60212851913356,0.19918016273427033,0.009877735515313827,0.0003168011663207673,127.56969613882819,2.1407776735944215
210_Wide,2621000000.0,0.7560885201092202,0.002551322713305351,114.44083216013867,0.3449475504691539,0.010264439758716151,0.0002661486859386236,123.45652502222978,1.7948053882460033
210_Wide,2621125000.0,0.7016826919309403,0.0037823584889020525,106.31846573707885,0.5580862083464618,0.010337307498124426,0.0004874521332714133,121.16545601526887,1.8200519354575324
210_Wide,2621250000.0,0.6621740147163357,0.0034440494833104535,95.85083145259915,0.4731922591990016,0.010856054481838538,0.0002785562667226704,114.46675736367708,1.3939808879418851
210_Wide,2621375000.0,0.6297465275301399,0.0038541538483045142,84.41484680019859,0.7757248528536133,0.01164697761386007,0.000269501915447634,109.39949251220547,1.776325352915094
210_Wide,2621500000.0,0.5867109021873002,0.004067603439385042,71.72430048101288,0.5125993109773472,0.012137070825459017,0.00047315614476969284,105.82459172031594,0.9601887394609911
210_Wide,2621625000.0,0.5665721688390651,0.0048330817197189,57.90783377907031,0.6471961194970078,0.012772805004565783,0.0003277294362491218,101.33888370208702,2.196605220335188
210_Wide,2621750000.0,0.5550047683103926,0.0018338052969937059,42.009487456897496,0.5944588838622468,0.012616476039980971,0.0002888404026330391,95.09626070555336,2.0014082055615603
210_Wide,2621875000.0,0.5479568286836517,0.0009066941632234916,25.590049450953213,0.6685487856105713,0.013006081639894515,0.0003808690101331096,87.76553133157464,1.2723428631986684
210_Wide,2622000000.0,0.5629779382503006,0.003569053118138088,8.774652323892981,0.6313315284182168,0.012779393621574035,0.00031748814650649606,82.63902783562625,1.503840861904281
210_Wide,2622125000.0,0.587329349985844,0.004759617563106885,-6.360101563570355,0.7110083118039493,0.012948576313668513,0.00019905954391947038,77.53987661258303,1.2276082182809003
210_Wide,2622250000.0,0.6095110657591912,0.004518688568368263,-20.25407592212549,0.6121259927274327,0.01277738957368342,0.0004018968867353894,71.27024807528002,1.568134984694373
210_Wide,2622375000.0,0.6647771407189519,0.003781438229278995,-34.088395807662025,0.4564168285979923,0.012530505948847933,0.00024516020072170463,66.44080013801778,1.2487546215561962
210_Wide,2622500000.0,0.6898702083321189,0.004503911879504659,-43.538431921690574,0.4876698041474197,0.012111510413109424,0.00034421063123934965,60.67970059329242,0.8713972243838801
210_Wide,2622625000.0,0.721204990412352,0.0034414092607767807,-52.086864294713976,0.4982302030495171,0.011701387481754427,0.00023905610928279012,56.01730552086881,1.3621658246661845
210_Wide,2622750000.0,0.775855372710644,0.0042304148058577,-60.42122779678379,0.286536798162982,0.011231726290696856,0.00028899387100566096,53.84538390604189,1.513639135660859
210_Wide,2622875000.0,0.8033841859784517,0.003268945377626497,-68.20796703071655,0.3242754161897181,0.010792377992508413,0.00034195814169412834,49.163325615377644,1.1676289517113783
210_Wide,2623000000.0,0.840484516825348,0.0036915925777396413,-75.38965871845629,0.24127041919736153,0.010608858715198354,0.0005094914793732232,44.99539216012747,1.257542179304831
210_Wide,2623125000.0,0.8533553406573212,0.002598329431913429,-80.40495690651264,0.28108648602377717,0.010145817494611587,0.000204186739217973,41.074841846723395,1.5034469401821364
210_Wide,2623250000.0,0.8735314863185945,0.003445937662723543,-85.71873875409756,0.3452240167153192,0.009861376537637474,0.0003106049717754341,38.41346055110035,1.9559563091750585
210_Wide,2623375000.0,0.8865427661014808,0.0012561196881296006,-88.27461397032533,0.19696967098523385,0.009304486927018265,0.0002702884782735331,35.758458593431044,1.8673530557144278
210_Wide,2623500000.0,0.9084738712265606,0.004225269114722978,-92.77256042734263,0.2826391526317659,0.008951157272525406,0.00021083508052199498,33.67441478770938,2.4059010721205087
210_Wide,2623625000.0,0.9243074838240654,0.0013926267579791002,-96.39448542553404,0.1817617704612084,0.008715886523780483,0.0003882737131373606,32.3456466778579,2.85633230628951
210_Wide,2623750000.0,0.9249285801510553,0.004250279946736538,-100.39393707845552,0.1881138517839452,0.008356524979032408,0.0001702436509451413,28.516848767883037,2.6304393501899432
210_Wide,2623875000.0,0.9586196708440564,0.003569762137842506,-103.41524883984381,0.18541253782065983,0.00843470750318333,0.00038286468637813864,27.34354338703813,1.4723867440008631
210_Wide,2624000000.0,0.9465819187709494,0.003693338270998296,-105.75409375936775,0.1867366979308704,0.007734586110106954,0.00027710452378026023,25.010174286145165,2.481701712606762
210_Wide,2624125000.0,0.9545380897161814,0.004451011812088329,-108.6101393622794,0.3066287741597457,0.007644772231451067,0.00025822792923399,24.090051642033966,2.1908010912478337
210_Wide,2624250000.0,0.9494545839325811,0.0028918247923509738,-110.20172368612045,0.15361487764867512,0.007320827024430918,0.0004059145323180965,22.087638402219962,2.119276693908876
210_Wide,2624375000.0,0.949235020086647,0.004353315911330482,-114.11667209959623,0.2527230076493032,0.0069321815108531176,0.00021441345139333728,20.437690556335355,3.2469163120657276
210_Wide,2624500000.0,0.9867482675363339,0.0032710172871221943,-113.08040196693645,0.2244504376587441,0.006900506907936598,0.00039599859903642723,21.34951280697838,2.4466707430300016
210_Wide,2624625000.0,0.966445119309459,0.004630861392486912,-116.46380534695703,0.2829954642990877,0.006800174249961002,0.00027979301377790717,17.686611532989733,3.254867402637647
210_Wide,2624750000.0,0.9715212687782672,0.004162537034029055,-116.6713518685739,0.22311063012597218,0.006436842971515215,0.0003637134949791065,17.182075098332056,3.140182035271539
210_Wide,2624875000.0,1.0181156775118787,0.0038351458243923377,-119.21116263977825,0.17385586588938848,0.006484526671160494,0.00028160193516400833,17.345903093146195,3.26009023311876
210_Wide,2625000000.0,0.9913001876507246,0.0030160076974525473,-121.57578813675201,0.20975269845214273,0.006127321410544329,0.00046839091913591897,15.42993939170023,4.195377019410983
210_Wide,2625125000.0,1.0023077232195585,0.004084470072624854,-122.55979580124746,0.2545419145421798,0.0059441417048641055,0.0003994498876809714,12.976848148341222,2.8138605577193654
210_Wide,2625250000.0,0.9763456143774831,0.004529088964407245,-123.9844048856724,0.1985899239918648,0.005769299626943045,0.00040328538126765414,12.472798909964505,4.063751411853378
210_Wide,2625375000.0,0.9962233254830954,0.003990200909669455,-124.85017215657756,0.24949676443024504,0.0058289436591122965,0.00023834838029585637,13.462936652126034,3.0478468060052455
210_Wide,2625500000.0,0.9861882587368976,0.004330880514762267,-127.04075299486325,0.1856113145213793,0.005629946102171932,0.0004648504828372175,13.040093213150154,2.9423276521769046
210_Wide,2625625000.0,1.0256012708608593,0.004279476782067029,-126.66138466392144,0.21009551118363223,0.005651741884251161,0.00041509373693242297,11.609727449772864,3.6477935627294853
210_Wide,2625750000.0,1.0336623329487185,0.0045124749124618386,-127.53771242992818,0.22172046408571291,0.005626343367540309,0.0003210966176034702,11.929783800476129,2.916716930252892
210_Wide,2625875000.0,0.9996771934128807,0.0030533981864557936,-129.34250666248403,0.15889547053493483,0.005300510979688449,0.000285839965420017,9.90334463911931,4.1097090241996685
210_Wide,2626000000.0,1.0218946271694933,0.004589030836100425,-130.3394302623747,0.20836229368676504,0.005242242694179242,0.0002144386020430708,8.959526241441754,2.471632089173498
210_Wide,2626125000.0,1.0064485294733712,0.003685123511356763,-131.69938273584455,0.12866828818840073,0.0052035190916362665,0.000373599901683805,5.727654625338144,4.383373724499775
210_Wide,2626250000.0,0.9825056057838791,0.0027176571737941345,-133.52649965734153,0.14775624955406927,0.005073489361421589,0.0002640950291415996,7.180559648613593,2.2257624018642566
210_Wide,2626375000.0,0.9911728088285905,0.003410512818988502,-134.32293231226595,0.21954923403923116,0.004809622324569978,0.0003122445472598976,4.755701623852032,3.0309690664963687
210_Wide,2626500000.0,1.0016751011247549,0.0028796885561108688,-134.86270514474015,0.2698499111406183,0.005024010493747864,0.00030493356535124993,6.39737373079933,5.07751510867337
210_Wide,2626625000.0,1.0390378989788027,0.0025743186802741056,-133.96989848009812,0.31510024540735715,0.005137404684347038,0.00033666630633632757,5.763835182559425,5.727844627787692
210_Wide,2626750000.0,1.0192952793633427,0.00491875272386648,-134.70399597603623,0.229869173175389,0.004752214039072363,0.00034626744275394157,5.792918337957334,5.139533021799688
210_Wide,2626875000.0,1.0206798682212868,0.004725727698789923,-135.53417130276011,0.25599085792395027,0.004759806652233263,0.0003035755603560046,5.594315151306113,4.007583111280264
210_Wide,2627000000.0,1.063442563480837,0.0032173575721223357,-137.27734579662138,0.32805997905253514,0.00474014373741443,0.0004085557585918217,5.403746395864278,5.177488369409001
210_Wide,2627125000.0,1.0271547080139585,0.0032251080526171207,-136.94072409000427,0.24570281642290615,0.004329316193065057,0.00020233939916249863,1.140862218407299,3.473600890928438
210_Wide,2627250000.0,1.0723907173650968,0.003925955426046846,-137.49473595403174,0.2120036868747016,0.004756133527861811,0.00026048061784539653,3.473052822016759,3.395643362649978
210_Wide,2627375000.0,1.0708121136613102,0.003810453425080026,-135.34845346382068,0.23425554247228106,0.004621115439589029,0.0003280667443436848,6.149824337502174,4.73928050156068
210_Wide,2627500000.0,1.0376097870392273,0.004189928846723207,-137.30937339601908,0.1680191039787614,0.004466452445458439,0.000368768513878419,6.494728313708019,2.929023417520951
210_Wide,2627625000.0,1.0747465347669911,0.004935495920287474,-138.65184613111376,0.14555962284514484,0.004487130180409843,0.0003502125400950575,3.317414338884402,3.741709862948102
210_Wide,2627750000.0,1.0436723565541002,0.004940268660773787,-138.69595689311723,0.16117248922977337,0.004411536736155285,0.0003604769603545966,6.526539460805258,2.6947032977906265
210_Wide,2627875000.0,1.0669785238243858,0.0017510613091181822,-139.43948357015327,0.303380078657709,0.004340945877077587,0.0005043673449660302,3.6749025881503816,3.6877102225654217
210_Wide,2628000000.0,1.1056367778913196,0.004864611635853506,-137.73219141531547,0.19068222430296708,0.004166997292298647,0.0002609706242207425,6.306807946711007,4.888920582290053
210_Wide,2628125000.0,1.0344668940515471,0.003247883107579407,-139.4081826766087,0.24319486649898645,0.004134648762162665,0.00032437616564918585,5.011374919656173,3.804614034322603
210_Wide,2628250000.0,1.0935607700262533,0.0028983547862495994,-138.50639064128663,0.12520501183695854,0.004271837168066291,0.00038444554109869577,2.7194902969345596,4.375463256061682
210_Wide,2628375000.0,1.0771854359415265,0.0052827491566842895,-140.2189075872936,0.26476092539011686,0.004176124288423353,0.0002867162106255028,4.074129813033074,4.244825998973917
210_Wide,2628500000.0,1.0678111666460937,0.002910668935615791,-140.77804476127022,0.13170299720358336,0.004008911918253085,0.00024574687660977075,4.857559124510317,5.3991921753767915
210_Wide,2628625000.0,1.0538561634139743,0.0033182377282180756,-139.54563402035745,0.2116359350057492,0.003912664995400183,0.0003170611618915907,6.78019095021502,5.342014926244976
210_Wide,2628750000.0,1.0960513062910664,0.005609853262220796,-141.7927986676152,0.2386572163202015,0.0041819917428847116,0.00026331554858587185,0.8867591312986625,3.756322255642168
210_Wide,2628875000.0,1.0801418647965775,0.0048851567378018065,-141.59838641367338,0.15769546555438968,0.00418534871887574,0.0002541489851250607,2.388600849066075,7.445975898974136
210_Wide,2629000000.0,1.106306240053408,0.005484857172375437,-140.6524446762548,0.1526226977996174,0.0038970714113713396,0.0003986321993593941,2.774199794948982,4.037527222255606
210_Wide,2629125000.0,1.072069315993166,0.004530528026054668,-140.71091187858133,0.19385986060290442,0.0038379315795539696,0.0004019835180455815,3.1117349022834935,5.103985063769939
210_Wide,2629250000.0,1.108034074671575,0.0033955821892227354,-140.96537642969565,0.24554922504008173,0.004127824377105208,0.0004030814892748189,0.5248619295712076,4.140767065929741
210_Wide,2629375000.0,1.0813489939264298,0.003688810798823484,-142.13474829475328,0.09465369367784872,0.003884790987742116,0.0004152596747242203,1.1350613984498512,4.8020573025151405
210_Wide,2629500000.0,1.0825542414736629,0.004408019515651689,-142.06061198579428,0.1942636535867188,0.003896312260410112,0.00042614090382340895,2.548877420890847,5.120146989669375
210_Wide,2629625000.0,1.0759904181674245,0.004144297207898222,-142.09216330646308,0.1811904372530678,0.00394864737013684,0.0002590336327272083,1.6598986900561081,4.923119505851357
210_Wide,2629750000.0,1.0791485131382366,0.005002458957755689,-139.94926272649406,0.18938191165512974,0.003831327217966816,0.0003741584100070723,3.0837029895842147,7.886818660582121
210_Wide,2629875000.0,1.056422208447905,0.005060439307368547,-142.11471220492552,0.134684470115217,0.0036783869621148844,0.00022556872134110896,3.822054511135968,5.3372337153402425
210_Wide,2630000000.0,1.070098697361209,0.004767099187322347,-143.26775057700945,0.21585306817563008,0.003632875710566537,0.00025875644948427707,0.4961775518977517,6.287355573949886
210_Wide,2630125000.0,1.0648587707683421,0.0023271464389982345,-141.64754046051667,0.2116309041501841,0.0036391133085426175,0.0004888857966493985,7.831357395484869,5.101885847627824
210_Wide,2630250000.0,1.0468043076127185,0.004124774228416268,-142.88522660291545,0.21162575731398597,0.0036034821120650862,0.00035257539504828336,-0.5503205872615542,2.665996224598267
210_Wide,2630375000.0,1.0613612363455414,0.002689045292480197,-142.62365110739034,0.23380582701903432,0.003730882142685589,0.00026311660005765225,0.11572010746363721,5.258325687744935
210_Wide,2630500000.0,1.0606956724694236,0.002165667116729633,-142.61324723824958,0.16670918421766118,0.0036353725922581618,0.00026266586775492334,3.0302114104817712,4.37735773642351
210_Wide,2630625000.0,1.0368779895922478,0.00270670782300426,-141.98554896238466,0.18797474961499663,0.003735525122744991,0.0003568618770484502,3.2768836572300337,4.700834584700729
210_Wide,2630750000.0,1.0635067321478555,0.004628656659496816,-140.7430438985842,0.25030816665475486,0.003624792166235168,0.00038422983949404496,2.426906448189352,4.884246412604694
210_Wide,2630875000.0,1.0833606610441775,0.0045431771722111046,-142.17425936866627,0.21684080065896533,0.0035541328565559032,0.0006049880207418501,6.269037144926614,5.025016462485136
210_Wide,2631000000.0,1.0580554624769436,0.004040096159974344,-142.8694065963095,0.23744241611065353,0.003675233434337579,0.00033422545240802,4.157303460869858,5.807999901204124
210_Wide,2631125000.0,1.0612332910449673,0.002999129447479081,-143.5388412726561,0.2128210687597619,0.0035890383078115823,0.00032167530537682376,4.638437860346159,4.370205344082942
210_Wide,2631250000.0,1.0280552153023084,0.0029860119325868053,-142.64406493089166,0.32752846035404004,0.003510916634907674,0.0003046262916844822,7.240579375462723,3.7401799975225374
210_Wide,2631375000.0,1.05761162321801,0.0035922242486080796,-142.51726138801277,0.10925289000158751,0.0036023934316939286,0.00040252839644026433,3.897733289531101,3.632246400138862
210_Wide,2631500000.0,1.0410308812689373,0.005111217947642612,-145.1388064337552,0.19976776353156855,0.003289591659911273,0.0002930187083002174,7.166643237353419,5.185243474875976
210_Wide,2631625000.0,1.06048236088083,0.0044609896134035374,-144.6720346712608,0.22814234077277434,0.0033461423253892232,0.00021562305198164595,6.995542986454117,6.079679485495873
210_Wide,2631750000.0,1.0287956857856484,0.002770780388557882,-144.21558321236606,0.15913442227759178,0.0033616041505654917,0.00034066211163788523,6.871813706147246,6.127577767758152
210_Wide,2631875000.0,1.0349104909904292,0.004176951812232339,-144.62229591120175,0.26413018277117195,0.003365554049459524,0.00041297491669385324,7.24727573475465,6.211319124083129
210_Wide,2632000000.0,1.0368856896303245,0.004508524115926221,-145.05596562494773,0.27879541581806583,0.003439513899776981,0.0004992406067515339,6.758470777275717,7.977956838054477
210_Wide,2632125000.0,1.032500070176837,0.004841937072772038,-146.8501259727796,0.2404587506196718,0.0035210150303285085,0.0004230854997190438,3.113259440553097,5.782973880971467
210_Wide,2632250000.0,1.0250003649053023,0.004806527678397136,-144.71717785424497,0.22053206974589912,0.0032561854640193485,0.0003192013327600491,5.132188833993832,4.146048335798875
210_Wide,2632375000.0,1.018785520651149,0.0040911956065094665,-146.71677806054043,0.23384677056944425,0.0032597512689465495,0.0002427830815188802,7.354025059546463,6.825688083204689
210_Wide,2632500000.0,1.0541767846591719,0.0049842417520089026,-145.23565190894735,0.15167700598375983,0.003254154501156766,0.000539917704386108,4.395096536067587,6.457908741650003
210_Wide,2632625000.0,0.9914396620938973,0.004102653322824048,-148.05738964312138,0.20935992374331033,0.002968798575114867,0.00039359001368528053,4.302889015854197,7.215639062475969
210_Wide,2632750000.0,1.016371499860162,0.004571306234516761,-148.67647892383582,0.2122241243548462,0.0030892411043063743,0.00026534945607537393,4.9765778595645775,5.708213816880809
210_Wide,2632875000.0,1.0279627818952544,0.004743947284935546,-145.6038672611156,0.23986064899370643,0.003371118223526162,0.00024273997804797294,6.621853757272368,7.154628078687131
210_Wide,2633000000.0,1.0271866926920878,0.004179168706796559,-147.87738467025875,0.2647841622228442,0.00315585128038252,0.00035473173711806114,6.690056474894127,5.656274626784286
210_Wide,2633125000.0,1.0003077775997506,0.004421442493398492,-147.9003419753688,0.30535314259052604,0.0031904003772626494,0.0003225550353804025,6.991577364280734,5.972647232825261
210_Wide,2633250000.0,1.0184225419108766,0.0064079850632355806,-149.53906553375836,0.20457562346877514,0.0031070588322966346,0.00034322229514803076,6.723373019088868,5.16484695264376
210_Wide,2633375000.0,1.0237891421777827,0.0028796572979011632,-149.08072928154746,0.2803668855380653,0.0029930090153857734,0.000244427874285697,4.231407706995885,5.644966461798834
210_Wide,2633500000.0,1.0176319764970951,0.0025565666967594337,-149.45683289553193,0.2702878426310513,0.0029174593363323073,0.00033066167319164934,8.697035134693227,7.647875338797159
210_Wide,2633625000.0,1.0312598583263068,0.0036602516669837428,-148.9154219361763,0.21226874641041862,0.0029278005182099623,0.0004544659986336925,5.8442966639514555,6.16152469781092
210_Wide,2633750000.0,1.0040792808160552,0.003514144547101951,-150.01824313022132,0.18330157151448281,0.003078561026644714,0.00035089966255027636,9.028217328626825,3.9763094771022343
210_Wide,2633875000.0,0.995676430443539,0.0040370207970100045,-151.52612895450264,0.31754475507914504,0.002796469736745904,0.0002491059865617748,11.878622155187498,6.124168410826502
210_Wide,2634000000.0,1.0351603093179198,0.004077994408624794,-149.2984332501144,0.2357033454448469,0.0029655851026613397,0.0003606735653504693,9.084917273601363,6.793781377169845
210_Wide,2634125000.0,1.0286632803133746,0.0037100299900561656,-151.88520908637133,0.09833275167415029,0.002972004415708441,0.0002945262711440084,11.020340183663066,12.225876862182472
210_Wide,2634250000.0,1.035817918036106,0.0041714072127605525,-151.8148791244817,0.15010091251006868,0.0028194164907036556,0.00031129340043347623,9.68579223768876,7.010153130949137
210_Wide,2634375000.0,1.0239024531531464,0.003972572743994815,-151.8177990462829,0.33143110673655973,0.002694594759676986,0.0003040185322731008,9.841002126953402,8.60279853782763
210_Wide,2634500000.0,1.0431378650126477,0.005580008600911817,-152.8060953916513,0.21955954450290946,0.002741132095948935,0.000392575362131315,7.487345135993596,7.2336780520599895
210_Wide,2634625000.0,1.0516533399284034,0.004431560729352127,-152.3139409447514,0.24088334608285197,0.0029868090774873603,0.00036715324870845433,7.579792353285755,6.0878900392685935
210_Wide,2634750000.0,1.0147988043298726,0.0037639774952593218,-153.90812860848064,0.22319403173051128,0.002607090452212848,0.00028700900760438274,10.623007973441633,9.672409314928831
210_Wide,2634875000.0,1.0589819426163454,0.0037167958916945482,-153.12876911503378,0.230918836541026,0.002749248471348007,0.0005748617157906597,5.729350002068804,11.386962947282155
210_Wide,2635000000.0,1.0206852541960312,0.004353851622418911,-152.18101191101232,0.19859049550546445,0.0026400241022228373,0.000245070336698427,10.467329132240858,8.502802752456942
210_Wide,2635125000.0,1.0632542874759876,0.002135935903138417,-153.2217746442894,0.21859433815271037,0.002737515341046998,0.00030329948870203493,8.085854174214601,8.349924009687943
210_Wide,2635250000.0,1.0564401142117892,0.00514146206067811,-153.97728851561234,0.1789237323821269,0.0025501059127582396,0.0003327700833765612,6.976234239276338,9.592837830622958
210_Wide,2635375000.0,1.0751843680191615,0.006412349606124478,-154.2455589571186,0.2939975108414561,0.00272534979765549,0.00030892944528518036,10.196126418813643,4.361732742480908
210_Wide,2635500000.0,1.0696627201067304,0.003553884757006564,-154.09433026989058,0.20749864554853448,0.0026505704101725002,0.00040737679545727116,2.0323077876147275,6.741032695204301
210_Wide,2635625000.0,1.0330342385263338,0.004652080758123646,-153.9973626796234,0.1300679108810652,0.0024481354321513127,0.00038020228983011797,6.0895571391202745,12.319889682991574
210_Wide,2635750000.0,1.0710061820221186,0.003589489599495292,-154.61036587384504,0.310122906819484,0.00274801897010141,0.0003132624713877665,6.81345453070611,7.586197247684368
210_Wide,2635875000.0,1.0985183455415932,0.00542552626942124,-154.2337045936234,0.2183731447101637,0.0025867255584035736,0.0004584652730431042,6.694156551132529,6.2683248404715455
210_Wide,2636000000.0,1.061032158313615,0.004014915083069283,-154.73947552297028,0.25511827732561615,0.002677569217438747,0.0003180440708792898,8.521367968353095,7.636671398069404
210_Wide,2636125000.0,1.0732098785865158,0.0030266375480267173,-155.99019710559975,0.1596678596332384,0.002557513138750954,0.00032992590361870255,4.822374883782778,9.11904663691018
210_Wide,2636250000.0,1.0497504043503556,0.004682562598290777,-154.59357602298618,0.14093491442810946,0.002572515502372609,0.00037254607624795453,7.731961611791795,4.967976844337962
210_Wide,2636375000.0,1.059911453490785,0.003916223145105787,-152.33787973378986,0.2701145565876924,0.0023794175724142297,0.0003066111909584795,10.69263561265779,9.709382117156652
210_Wide,2636500000.0,1.0490764994478095,0.0035241417540986,-152.67168496645604,0.3180671709033191,0.002288286730288363,0.00037009962740481705,6.644792745651927,9.912387461957469
210_Wide,2636625000.0,1.0938809066217559,0.0023908224382662045,-153.14307168400742,0.25756184865223375,0.0024506121893404418,0.0003737970596174047,10.086898361328162,7.033985072200493
210_Wide,2636750000.0,1.0964907012533565,0.005234293174624123,-152.01852546714485,0.18131275477984124,0.002384830689695483,0.0003791221829000265,11.979548561450315,9.989715539556103
210_Wide,2636875000.0,1.0751327481497517,0.003692738548769372,-153.45808447758452,0.1286171287514487,0.0025237993194901155,0.0003116340416661593,4.5372119200070395,8.29311504348613
210_Wide,2637000000.0,1.0915182033931348,0.004253652492839325,-154.09179066561347,0.2247873657673246,0.0023717697670275198,0.0003207943393503589,6.160133444406733,8.132926067783455
210_Wide,2637125000.0,1.1217812383065695,0.004521071427285047,-153.28439168173884,0.2346107255724678,0.002587764967776497,0.00028343009491505275,3.2423675320650696,8.066999990010608
210_Wide,2637250000.0,1.07792654902729,0.005353825923755005,-155.18700506760842,0.2084735588899766,0.002302455267234098,0.00038078902131197224,5.739905744449065,11.073244346002271
210_Wide,2637375000.0,1.1110892278978985,0.006628693950499055,-152.67331075873807,0.35715849114816617,0.002413133556721828,0.0003829940203287345,3.756809853860654,9.702678719370509
210_Wide,2637500000.0,1.0874013192718217,0.003698210151093257,-152.32370335536496,0.17261360884202404,0.002436909726446646,0.0005446134218838908,6.152997262677609,9.845823246146997
210_Wide,2637625000.0,1.093998832375077,0.004143903222104507,-153.4366534806628,0.21994596609383962,0.0023726117226419846,0.0003397312164185253,5.751887909311658,9.556423139386988
210_Wide,2637750000.0,1.08432425549612,0.0018971400322646008,-152.16117546636278,0.27096947588565556,0.0024608570935816185,0.00035677230921979,6.408476341696256,8.09171989701121
210_Wide,2637875000.0,1.089784741180155,0.004314281869636813,-153.56884512064102,0.33998829619889936,0.0023602153112307453,0.0003596224392598213,4.540010098359112,10.096563026171946
210_Wide,2638000000.0,1.099386380761511,0.0033940916802855823,-154.60895261604168,0.2913884979180867,0.0022994006552220954,0.00030657510051000067,0.05445948780767733,8.46219597148014
210_Wide,2638125000.0,1.096693638927825,0.004271959086347633,-152.28819484619888,0.2305438931034155,0.002410932630768531,0.00035916918515401154,4.004606549213319,10.165062765558499
210_Wide,2638250000.0,1.0795514459412003,0.004107177614218286,-153.16916043290408,0.19847794524715673,0.00256800277251357,0.00031737504691758885,3.456025058669548,8.931074058414058
210_Wide,2638375000.0,1.1126469213812367,0.007201629567752677,-152.7165657806621,0.2569753597805011,0.002379848620073493,0.0004461368814588139,2.1394331502847064,8.463091850699495
210_Wide,2638500000.0,1.0886492479582992,0.0032894661410099862,-152.60713637555494,0.24032787213055118,0.002284016919557181,0.00015169213338999554,2.6383354592725508,7.63556378124624
210_Wide,2638625000.0,1.0930275010794253,0.00607325450044832,-151.9762291823075,0.19153635968112082,0.002448775281921346,0.0002898029233588521,-1.9972119210127217,11.136572387816313
210_Wide,2638750000.0,1.0659337915820555,0.003175699186157643,-152.43804385700705,0.30664036140156714,0.002280222643732063,0.00048192984784254457,6.105400368416813,9.42397601837058
210_Wide,2638875000.0,1.0698193590931142,0.003405708834375881,-150.26620627049311,0.19951815894451727,0.0025083191354033,0.0004805483264994674,1.160661971177036,10.730329291707987
210_Wide,2639000000.0,1.0710400813437553,0.00527087130689192,-152.47994756895773,0.24347022685098546,0.0023437093980817297,0.00048301687307065544,-1.7168453084497202,10.946520887000974
210_Wide,2639125000.0,1.066454611579256,0.0050752398319926706,-153.67150671877178,0.11219251856458654,0.0025495240367713404,0.00023850929562169032,-1.8210325982022466,9.215012715297435
210_Wide,2639250000.0,1.0398580691478476,0.0061534532640677144,-153.49953008400428,0.11971283879483112,0.002400729047747435,0.0005569433104449974,1.0061096917070418,8.08604107011358
210_Wide,2639375000.0,1.0213407767638534,0.00611595829989415,-153.20449738206466,0.3152455786858754,0.002649861361181383,0.000398480465314143,-2.624343477160535,9.705092249828619
210_Wide,2639500000.0,1.0497572892887805,0.0031969527577281605,-151.24726091066861,0.3020857843920173,0.002580461188533889,0.0004669060498916111,0.6823923029655012,6.737050705095997
210_Wide,2639625000.0,1.0121467042259467,0.003612502516495095,-153.44860316929731,0.26466910395709764,0.002334566848475933,0.00033355791222540053,0.03284555410766577,10.26055894726892
210_Wide,2639750000.0,1.033489517965521,0.003038299485653174,-152.34967190166523,0.34032831556861637,0.0026296282922344577,0.00044284831933380996,2.269579191588156,5.138277786968846
210_Wide,2639875000.0,1.0501997928596967,0.005289471207150798,-153.8050304602413,0.3312193167848894,0.002715269680423886,0.0002891070315655811,-0.7458826463705719,10.25741559551109
210_Wide,2640000000.0,1.0531453948028966,0.004926900560367963,-153.39741136902015,0.24815796218711428,0.0025548594929653686,0.0004142431445835416,-3.5475651575592493,7.741613000723858
210_Narrow,2563900000.0,1.0158067362189818,0.0014189803750231627,-156.01494666323512,0.09208186109239269,0.0031201087550063898,7.323337921634051e-05,-172.18900666857084,2.22554471274533
210_Narrow,2563902500.0,1.01907090455361,0.0009823830878005666,-156.33885436795984,0.08363565646805556,0.003236502729951785,0.00012488254966518475,-172.9449160460947,1.3572956989003608
210_Narrow,2563905000.0,1.0177068881337445,0.0015005502467509639,-156.17177991699293,0.05844247022262117,0.0032040077753249263,8.574264156830284e-05,-174.08676695394286,2.108793791190906
210_Narrow,2563907500.0,1.0152933302430898,0.0007784139046281644,-156.0625871656888,0.07212601687562498,0.003209953058515974,7.922927550374789e-05,-173.55315068002992,1.2784526195142107
210_Narrow,2563910000.0,1.0151555009559543,0.001122387896844582,-156.02419079378424,0.03430933099839633,0.003152503982676389,0.00010803083536876262,-173.02695857786034,1.6794941951447382
210_Narrow,2563912500.0,1.0145060839284765,0.0011860765075083451,-155.8533951991537,0.04627980660258083,0.0031727295524432587,0.00011018886884971179,-173.33950102524872,1.7991724719567002
210_Narrow,2563915000.0,1.0155586164207122,0.001132215551917896,-156.3373362146373,0.06462605812990643,0.0032362769919469085,6.469476974311907e-05,-173.28115365804064,1.570679295413628
210_Narrow,2563917500.0,1.01945070574213,0.0016842546214577954,-156.21689014537912,0.06012479393225802,0.0031985788426627452,8.272593161482962e-05,-173.28308622276825,1.8657676972712094
210_Narrow,2563920000.0,1.014218103634543,0.0009531974362213152,-156.2338311138096,0.06266268153835862,0.003158695927784536,5.147449443330345e-05,-173.38973239722597,2.4240952556001174
210_Narrow,2563922500.0,1.0162613210171085,0.001114213715178402,-156.26222254185924,0.058251328734886254,0.003185448868524036,9.959199181746654e-05,-173.36973932757272,2.0778333799495567
210_Narrow,2563925000.0,1.0149433421143552,0.0010307465506755246,-156.23673678673663,0.0404209331690107,0.0031655777200047825,0.00011765024666900028,-173.80479437603927,1.5661944552720057
210_Narrow,2563927500.0,1.0173052680860188,0.0007012169361869111,-155.79905635463166,0.09088348202063473,0.0031206459056102925,7.198424431994856e-05,-172.68293855361344,1.5177875170161446
210_Narrow,2563930000.0,1.0134493057237033,0.0010137684261336862,-156.37402045255283,0.039389351319103275,0.003120096227377544,6.504127395888583e-05,-174.14738229213242,1.0727355384950361
210_Narrow,2563932500.0,1.017119536517762,0.0010218732650546657,-156.44077235656184,0.07444453801419212,0.0031998141070195534,0.0001110145202512113,-173.6908280108171,2.216152568565972
210_Narrow,2563935000.0,1.0126723242562479,0.001400764871811068,-156.25704558941803,0.09488371214493983,0.0032166059626953587,0.00015193472716903652,-173.62207260879146,1.9707389867637528
210_Narrow,2563937500.0,1.0100173045214909,0.001719647499069126,-155.6738699812792,0.06313313677793735,0.0031904167355399694,0.00012091671767942189,-172.47382890357554,1.5812584311486777
210_Narrow,2563940000.0,1.0157729778359343,0.0012677966071454744,-156.16193775977925,0.06737442808763452,0.0031703416115400752,0.00014347180882409653,-173.31687256258,2.2903153066696507
210_Narrow,2563942500.0,1.0142921746762579,0.0011421039048589883,-156.15021104170694,0.06290183041215518,0.0031572052728310934,0.00010570471791396736,-172.7807250384402,1.7242206962542987
210_Narrow,2563945000.0,1.0146753510374642,0.0011364161171711136,-155.60951834421,0.06068768832681171,0.0031262408218290577,8.742858978164411e-05,-171.83386319326686,2.1114111731953136
210_Narrow,2563947500.0,1.0208697284538089,0.001212931387245129,-156.01428816805412,0.046796226402853365,0.0032163268102427946,9.307981199571643e-05,-172.44238727757764,1.4287485721835202
210_Narrow,2563950000.0,1.012664579539999,0.0007335125854087066,-156.14626326115365,0.06455190931817827,0.00318764984271107,0.00014054759617225678,-174.4994614016768,1.8119770987955146
210_Narrow,2563952500.0,1.0188800814508827,0.000965542961315036,-156.1511896464657,0.09484350387777707,0.0031638055634689035,5.884983917606428e-05,-172.50521339573604,2.8497000381745092
210_Narrow,2563955000.0,1.0200893968191433,0.001051795176398527,-156.5377612454835,0.08024479396136641,0.003163062955880494,4.359082247516147e-05,-174.10717051609123,1.8090686354743235
210_Narrow,2563957500.0,1.0199088435433572,0.0009610763420460432,-156.27174824368686,0.05658435053635251,0.003177761162414577,0.00011489774823861876,-173.41370628573318,1.296808976679259
210_Narrow,2563960000.0,1.0123026143976261,0.0011378469596396673,-156.10511254378648,0.10543543253881672,0.0031778627709786347,0.00010719981638211172,-173.11240656677654,1.8345460731533383
210_Narrow,2563962500.0,1.0179432756949174,0.0009237307086436522,-155.6567758526805,0.08030232224517936,0.0031748060703896937,8.858551232847625e-05,-171.29887764641174,0.9069526804339277
210_Narrow,2563965000.0,1.0248230776205423,0.0009996326551928415,-156.46791727587697,0.05102708722239305,0.003206535632309459,8.801086884688084e-05,-175.0389284570694,1.372387096605454
210_Narrow,2563967500.0,1.015997333140773,0.0013809899365667142,-156.35805655725892,0.07523137491000599,0.003207499766970534,0.00010538813373273538,-172.59951051839028,2.6717197294417736
210_Narrow,2563970000.0,1.0080382751388803,0.001298849269524011,-156.51667084226705,0.040669759332390164,0.003171937900967296,0.00010190811242044694,-172.81624167855858,2.0672862661310383
210_Narrow,2563972500.0,1.0223818489476673,0.001070741977828489,-155.95323074585605,0.06196104323419937,0.0031931812495770854,0.00012649284173802154,-171.88943558599965,1.4809214000544282
210_Narrow,2563975000.0,1.0199454862027957,0.0017441503543684051,-156.46834058748564,0.07392994555882763,0.003126161578171752,0.00010150161818424624,-173.47825071800526,1.7126958390452807
210_Narrow,2563977500.0,1.0122159737092826,0.0015249863904638842,-156.37701130912217,0.06376540269082566,0.0031902896730313,0.00011120249942661416,-172.93691022255695,1.7349159436422383
210_Narrow,2563980000.0,1.0169062799792248,0.0009954121310623391,-156.35997445934782,0.07923229220464051,0.003178783987220348,0.00013963277377082323,-173.24890063081773,2.9422279631678245
210_Narrow,2563982500.0,1.0141865978193003,0.0014213837812813283,-155.82203748174294,0.09672510138709701,0.0031854010571552927,0.00013351192012658428,-172.66343029554406,1.6561886834001642
210_Narrow,2563985000.0,1.0145050849464972,0.000718643259560006,-155.8088626384561,0.049034716259128246,0.0032000424832216243,0.00010623465924058001,-172.36108201143023,1.6526365494196629
210_Narrow,2563987500.0,1.027516876684699,0.0009758291148373895,-156.48024854460135,0.04983492014857191,0.003143994704165577,0.00014599533354953164,-174.29552274831352,1.9378515828105083
210_Narrow,2563990000.0,1.021981475218842,0.001016512861375244,-155.96826538111813,0.06894239867837978,0.00318154055813874,0.0001126852917621782,-172.83688402047545,1.1861465250280305
210_Narrow,2563992500.0,1.0151131489671064,0.0009930393915144977,-156.35458073825546,0.045998738283346954,0.0031757600069392735,7.859605014262042e-05,-173.9475281045506,1.7637861596131295
210_Narrow,2563995000.0,1.0216916106541303,0.0017555781249933779,-156.60220296739956,0.07771510575390389,0.003142832782147077,5.3227958496378076e-05,-173.64473590222485,1.7731090206320201
210_Narrow,2563997500.0,1.02266775997424,0.0009362162080213609,-155.94567807211374,0.0757262108190875,0.0032158365628348357,0.00010334420851518275,-172.59435648735416,1.2496035665453484
210_Narrow,2564000000.0,1.018121377582678,0.0011082263983099635,-156.58093168440212,0.052841886528447304,0.003203995715212191,7.940426983308018e-05,-173.79342521950466,2.182916268552486
210_Narrow,2564002500.0,1.0140496816857987,0.0007470677626641045,-155.91187823901657,0.08612184833422754,0.00316500068131867,0.00014481650997175632,-172.71003058214237,1.8447016678527617
210_Narrow,2564005000.0,1.0107717629880753,0.0011272695237300593,-156.4878048528414,0.050171311396611275,0.0031486218752443834,8.819874015002293e-05,-173.15653364877105,1.8700279631602275
210_Narrow,2564007500.0,1.0175617352427997,0.0009266636583678573,-155.88083551056826,0.04885813416369922,0.0031736878321931513,0.0001533441125981287,-173.21698420851504,1.4432799115656705
210_Narrow,2564010000.0,1.015616579042327,0.0016405614821827996,-155.89216753922352,0.045609666152458074,0.003170887449160224,9.264048858328781e-05,-173.021519553138,2.2156706744269954
210_Narrow,2564012500.0,1.0081206552235542,0.0011506832668572943,-156.63997702833274,0.03797005728061663,0.0031351280292898436,0.00011331849310563365,-173.01378259089972,1.5157293589301153
210_Narrow,2564015000.0,1.0154631467533441,0.0016647733151069024,-156.4384853812963,0.04442218220950429,0.0031588539769415876,7.770344005237835e-05,-174.409749312491,1.3773365633174661
210_Narrow,2564017500.0,1.022943753519231,0.0008330111068329828,-156.41337425006637,0.07726577362510761,0.003167275426803915,6.41338330984814e-05,-172.941354382872,1.8638525216371775
210_Narrow,2564020000.0,1.0098508859449968,0.000751407011904786,-155.6755289271234,0.06060725031942577,0.0032002846853674037,9.726803807914564e-05,-172.34683258671407,1.373879396580767
210_Narrow,2564022500.0,1.010904420094118,0.001084770820046827,-156.4497210041499,0.050823782389125674,0.0031922805474946946,0.00010782280875925793,-172.7428786647963,2.3382232336340723
210_Narrow,2564025000.0,1.01008818874931,0.0005957784090274139,-156.28336818554294,0.03693856577462391,0.0031630459651916633,7.44063258030791e-05,-173.78567081001336,1.6700470405410313
210_Narrow,2564027500.0,1.019658752139872,0.000731856664323143,-156.30530026197266,0.05874941685335638,0.003174511035962151,7.107726939746116e-05,-173.8065419266983,2.6414069276622785
210_Narrow,2564030000.0,1.0135646667547544,0.0009835309604985729,-156.43826201820355,0.052306567419968156,0.0031340804016384335,0.00011921520731782552,-173.45524466758854,0.8510367835069204
210_Narrow,2564032500.0,1.0157108839033495,0.001187808793834315,-155.9280105292224,0.06037572291328531,0.0031478325884502305,9.44137850546863e-05,-172.56716576686267,1.0001932102822728
210_Narrow,2564035000.0,1.0188185965845622,0.0005701988976563009,-156.45128298265368,0.07393572845328496,0.0032252541817806638,0.00010651812378003913,-173.77524873779856,1.167224967805604
210_Narrow,2564037500.0,1.0151952589105622,0.001268996140018602,-156.29509647375627,0.04038786954806511,0.0031930088188227446,8.963067320218349e-05,-173.62204243107857,1.0513984913587313
210_Narrow,2564040000.0,1.0107316670647342,0.001394590455692808,-156.338468967307,0.04688602781768587,0.0031372236856308895,8.009671255151215e-05,-172.0982080195779,2.3060496230356273
210_Narrow,2564042500.0,1.0082595885756296,0.0010941017581441526,-156.06001745761776,0.06109999811680261,0.0031650116249800565,8.001665513304909e-05,-172.68540820504643,1.614213022411347
210_Narrow,2564045000.0,1.0264621476646978,0.0008264974700834909,-156.43922706042434,0.06647782626547279,0.0031455477727660025,0.00012963060022203436,-174.81396744786423,0.9893020661716593
210_Narrow,2564047500.0,1.014236501654243,0.0007282407805289031,-156.34064047544908,0.07903422739111847,0.003166435299215019,9.26754204059812e-05,-173.37973456947202,1.6546008882290792
210_Narrow,2564050000.0,1.0104891042508022,0.0011284496368841302,-156.47131309068365,0.08024397658056871,0.003164493441294906,7.040003158719852e-05,-173.39702424413954,1.661024513248329
210_Narrow,2564052500.0,1.0143702410413162,0.00090564952976612,-156.72845327972388,0.07203981684480433,0.00316391882312666,9.608255418795412e-05,-174.63046423844727,1.3685996077294493
210_Narrow,2564055000.0,1.0213407643347296,0.0011293349742934947,-156.32350801781718,0.06823574034877299,0.0031793884426369714,6.386659234719826e-05,-173.61615217292893,1.4075431718583749
210_Narrow,2564057500.0,1.014531039198732,0.001298755078248037,-156.49135977129907,0.08449707164979076,0.003190372618657709,7.701550422880936e-05,-173.0070172499711,1.7160207831261585
210_Narrow,2564060000.0,1.0129920058401647,0.0008229687152764146,-155.98048897971307,0.07636423938233526,0.0031966210600310593,9.250836454866765e-05,-172.99586968899598,1.5449347379955867
210_Narrow,2564062500.0,1.0128820055081098,0.0013706779462300165,-156.02490314694717,0.08142260703033308,0.003222953698320594,0.00012076470184790401,-172.62920286345036,2.581928612558119
210_Narrow,2564065000.0,1.0143797031901731,0.00099959282944055,-156.57029901838257,0.04896722230825422,0.003135285648632143,7.988531627951938e-05,-172.6491363061599,2.0922367010897305
210_Narrow,2564067500.0,1.0163360165409943,0.0011912313371126649,-156.47538258962592,0.07182481011182586,0.0032181825683425726,0.00010402497466492257,-174.02952025788073,1.7441558064273979
210_Narrow,2564070000.0,1.0103636395162037,0.001239502870740338,-156.49516768144107,0.08010150539879413,0.003134470137371717,8.33796882689158e-05,-172.92186292184115,1.7268600388301871
210_Narrow,2564072500.0,1.022693257502923,0.0010708364836592983,-156.18248027179135,0.06216319715277933,0.003189472876574562,7.655753027820492e-05,-173.0659310319857,1.2610306606549015
210_Narrow,2564075000.0,1.0177370592271284,0.0008865845690639594,-156.34614420863164,0.06242224311539768,0.0032227019149690403,9.106363240984237e-05,-172.13967031653488,1.3904325946653773
210_Narrow,2564077500.0,1.0168041147927585,0.0009945173342716343,-156.6141057258465,0.0611920395275096,0.0032606438432850452,7.361270210825375e-05,-172.49017593073665,1.161239264177772
210_Narrow,2564080000.0,1.0080810988826194,0.0010595254670902764,-156.06940805097292,0.06704179295197248,0.0031744644021340167,9.426940438608424e-05,-173.80483345380085,1.3645451445129828
210_Narrow,2564082500.0,1.0137459499631611,0.001323127334634999,-156.490028694509,0.07932678330993283,0.003167100276007279,0.0001018191976798263,-173.07359854367954,1.8324395037043435
210_Narrow,2564085000.0,1.0184173932862515,0.0010462794267966815,-156.3488160423474,0.06966346245636863,0.003192084368150001,8.244376164960887e-05,-172.7672138696198,1.9727100936596775
210_Narrow,2564087500.0,1.0191369222272726,0.0017214616576938426,-156.06911208825585,0.054937491004571994,0.0032855294134798933,0.00012991874269130377,-173.44809785398127,1.573620211935204
210_Narrow,2564090000.0,1.0116526497531957,0.001114203513770549,-156.7140610681342,0.0644969864845658,0.0032085378172113663,6.852538921021213e-05,-173.0925735604727,1.9453896633741747
210_Narrow,2564092500.0,1.0155223730050789,0.001163302082094279,-156.39626749851385,0.05106825382792786,0.0032396977702957228,7.173152444960811e-05,-173.45335637726293,1.2780497231145587
210_Narrow,2564095000.0,1.0148477726951597,0.0008774373560469655,-156.27601602033434,0.05445615742175795,0.0031209734566348987,0.00013842682918687772,-174.46587495768185,1.9187284461543772
210_Narrow,2564097500.0,1.0090042517471471,0.0008599614291461394,-156.5640050636614,0.06283419590169936,0.0031822002759424855,9.32891436502396e-05,-174.06851628286168,2.4199064509373245
210_Narrow,2564100000.0,1.0178657457718074,0.00099816168934388,-156.62909703546046,0.0584501010782198,0.003189169487555079,0.00011858084807799338,-173.6730153691929,1.116644541817205
210_Narrow,2564102500.0,1.0156577148290946,0.0015990629282093137,-156.41101070291384,0.07242958048894776,0.003206927848758143,8.993091189459314e-05,-173.18062235072256,2.192687368209554
210_Narrow,2564105000.0,1.0154806273533323,0.0013838214920720866,-156.46325634227483,0.04423794719740839,0.0031932408173508775,8.296709032830737e-05,-173.31139466379108,1.8406683220353717
210_Narrow,2564107500.0,1.016733748904545,0.000573589903246147,-156.6931699407197,0.07122700949196678,0.0031682180804325282,0.00015070884461910937,-173.27109546602637,1.742490699106409
210_Narrow,2564110000.0,1.0156303374807967,0.0012000598605705066,-156.0576468167908,0.052102494813124026,0.003194204580079926,7.779390921777724e-05,-174.01087258352658,1.3391869179499194
210_Narrow,2564112500.0,1.0139781462982422,0.0009527812584154948,-156.37589438698615,0.05011837346538579,0.0030862429815206906,0.00010691211250731664,-173.53987147858425,2.148213439320536
210_Narrow,2564115000.0,1.0076682152683898,0.0010947385488792863,-156.42900240467029,0.08292207369510281,0.003165800262111044,0.00010841364096364553,-172.40431344147564,0.9056003758828904
210_Narrow,2564117500.0,1.0113449786022886,0.0010582862402049222,-156.36744259445558,0.05410634447631241,0.0031467478178042498,0.00010946110864353915,-172.9244661454741,1.8423297755956436
210_Narrow,2564120000.0,1.0144690113263852,0.0009609866849076003,-156.25376317747055,0.05296776415943813,0.003182531518797093,9.37715921949924e-05,-173.54712871730436,1.047236931622159
210_Narrow,2564122500.0,1.017601840910522,0.0013056698516299902,-156.62329587743403,0.05673724147035344,0.0032009635064495006,8.062597891556237e-05,-174.33655326425594,2.351179401689476
210_Narrow,2564125000.0,1.0202002034816675,0.001661936933812911,-156.46453713245344,0.07002885869031103,0.0031777748875424076,9.860634208420701e-05,-173.61130627529454,2.4271607492099467
210_Narrow,2564127500.0,1.0157446709591198,0.0015813458481685702,-156.45282597826926,0.06760803099565642,0.0032429024121178518,0.00010500246012035572,-174.01090102962698,1.3180993033563533
210_Narrow,2564130000.0,1.022303996790234,0.0013096169985846648,-156.35067562884998,0.0735202804851103,0.0032094827488047496,6.691458899511958e-05,-174.30592771804882,1.8335869828850726
210_Narrow,2564132500.0,1.0259126350523473,0.0013927577954732414,-156.71206984455125,0.0802516085640271,0.0032471878368157863,0.00014729981267151652,-173.24051161821467,1.687302756992374
210_Narrow,2564135000.0,1.0185105949096067,0.0015504609793534694,-156.41355652240202,0.05187823774551216,0.003189740255028098,0.0001155935636100949,-174.7380475371773,2.1274528781941657
210_Narrow,2564137500.0,1.015633584974573,0.0012552808249952825,-156.41617690528813,0.03027090805234722,0.0032010402513729867,8.820635691582493e-05,-174.1107535683273,1.6168099162459575
210_Narrow,2564140000.0,1.0077318735991976,0.0012061472102080787,-156.75581644072673,0.08710561533644418,0.0031997260262955902,9.176384173260877e-05,-173.69501092470696,1.366820925953699
210_Narrow,2564142500.0,1.0158237946759663,0.000768170248519168,-156.18330443801474,0.07605624485823613,0.0032712560509963262,9.536385027996901e-05,-173.82951281235955,1.4368349824839355
210_Narrow,2564145000.0,1.0090449955303002,0.0014073623245292228,-156.0770292039585,0.05519484317276606,0.003171336070843129,9.99939490232698e-05,-171.92435277620243,2.095453153998786
210_Narrow,2564147500.0,1.0108971760979921,0.0011003189933775713,-156.3583148951408,0.07198423936975926,0.003183271876667925,9.387274548273241e-05,-172.1995358656568,1.5510733378746446
210_Narrow,2564150000.0,1.0080629589442323,0.0014857366935236104,-156.69849853834475,0.06229777832899551,0.0031479680677271283,0.00010063447142696023,-174.00913017565162,1.7329162450167137
210_Narrow,2564152500.0,1.0195223285080388,0.0010525213635486034,-156.3281305706447,0.06812065079319801,0.003208216486299982,0.00010777674927156113,-174.02910018873436,1.663280937866229
210_Narrow,2564155000.0,1.0086454544589032,0.0013258829661078272,-156.47675027303256,0.06194886236128711,0.003119802773657263,0.00010381550681061383,-172.98394021685266,2.051041385293199
210_Narrow,2564157500.0,1.0159743930285914,0.0003851977494223647,-156.2086706295695,0.041792163182874015,0.003178223135201359,0.00010320283486960714,-173.01427747624015,2.29562450089293
210_Narrow,2564160000.0,1.0170794802449026,0.0015334841747447917,-156.50627292467013,0.04493792848283235,0.0032140996807967534,0.00010146277728848064,-173.73331472804242,1.7751854850832458
210_Narrow,2564162500.0,1.015391724014522,0.0012174006279828105,-156.2674668915333,0.07354363461834472,0.003278363995709992,9.323056490416762e-05,-173.52285184672363,1.7611283174132917
210_Narrow,2564165000.0,1.019810677708509,0.001504312960236135,-156.78419656848823,0.07814111355134094,0.003227413931599046,5.19658210832348e-05,-174.57884662439918,1.150143264644744
210_Narrow,2564167500.0,1.0128243631364668,0.0011484254510001695,-156.41126651944435,0.04031729413424339,0.00318405099051373,0.00010915033944574054,-173.2127348865721,1.495706819123805
210_Narrow,2564170000.0,1.0180575012238302,0.0009894354469612257,-156.48107208744614,0.04533960728748314,0.0032302855545281077,0.00014343452689923297,-173.45432909457372,0.9308049330171522
210_Narrow,2564172500.0,1.0097458308899314,0.0013288956013607792,-156.72181857703455,0.033705289791843895,0.0031925301900459116,0.00010026260933086866,-174.0864413772596,1.543524883248403
210_Narrow,2564175000.0,1.0148183348192341,0.0011961521506167988,-156.94357894631227,0.07331314142488347,0.0032299446908698034,0.00010315133064594543,-174.37005623998766,1.3537791592012474
210_Narrow,2564177500.0,1.0103247219504383,0.00031143434585776086,-156.8922045029161,0.07097447587755826,0.003128833181815085,0.00010886115069538414,-173.56715900330275,2.659071365551753
210_Narrow,2564180000.0,1.0075744251898353,0.001431488172865937,-156.43380795463207,0.05526926438200846,0.003160981993689639,0.00010277767267521098,-173.4746625276673,1.5212050962080732
210_Narrow,2564182500.0,1.00892897841683,0.00103552116270269,-156.63852646516597,0.0530652941334082,0.003152410184246756,0.00012636567652388734,-172.35292189352572,1.8339107765249985
210_Narrow,2564185000.0,1.018521460781098,0.000949608251499683,-156.38873017805946,0.03744977831511712,0.0032259456072411662,6.709826222832164e-05,-172.48133291802307,1.8449351143627575
210_Narrow,2564187500.0,1.0142808220736779,0.0008449645145275589,-156.47032503912044,0.05655429236208899,0.003150748670041962,0.0001185498455228212,-174.07609126173725,1.429741002068891
210_Narrow,2564190000.0,1.009439814270368,0.00113110176568133,-156.67268808531702,0.07459332718525372,0.0031823912617456956,0.0001375865580470927,-173.57876133839008,1.7196765469758455
210_Narrow,2564192500.0,1.0160673746075846,0.0009814879922899129,-156.01040484413272,0.04990425591892255,0.0032149593261869692,8.180933266675416e-05,-172.90084576200877,1.995098812567334
210_Narrow,2564195000.0,1.017322253759878,0.0006543868972271105,-156.6202845058068,0.09462390696914079,0.003201614393436872,0.00010731493781932094,-172.61588449577593,1.737455878317615
210_Narrow,2564197500.0,1.0259876000782338,0.001520540182424594,-156.8706124599425,0.0800208369217083,0.003290878214446622,9.959446671752058e-05,-172.97220237093265,1.9244913485288264
210_Narrow,2564200000.0,1.0041670855063287,0.0010588147158255745,-156.93549655904866,0.07141385668799055,0.003181085306493877,0.00010007670908550888,-173.28809760445645,2.252521864271319
210_Narrow,2564202500.0,1.0128065187084907,0.0013043185754197835,-156.99965578843722,0.049285983633581165,0.003161080306186464,9.264002216690603e-05,-174.4778416649152,1.8305804113613393
210_Narrow,2564205000.0,1.0094249627799803,0.0012631720530756519,-156.9606345015712,0.08913366507123963,0.003211345198777701,0.00010752143306269255,-174.27911542481542,1.6424143041022434
210_Narrow,2564207500.0,1.012045756800505,0.001298972758331308,-156.45415173857032,0.037492396112377036,0.0031785312476435073,0.00012911159916998238,-173.7442847732188,1.9024030373727678
210_Narrow,2564210000.0,1.0175436348401121,0.0012279990252305072,-156.41667004186925,0.07548379868929758,0.0032077409117449314,0.00010927503603881672,-173.3675400317602,2.048905235031603
210_Narrow,2564212500.0,1.011521192922772,0.0010509792126363107,-156.59814827159047,0.06670132791617467,0.003209413009779219,9.533758271632967e-05,-173.7042229235421,2.3306522534146614
210_Narrow,2564215000.0,0.9978849355574158,0.0007931717247558171,-157.0460247211524,0.07222376758138599,0.003153498005345683,0.00012725397637505906,-173.37710963518322,1.479526155966235
210_Narrow,2564217500.0,1.0098344019703358,0.0011651095139003473,-156.55307372485433,0.05441123282103403,0.0031677626016556795,8.281395522896665e-05,-173.67885781238854,1.8392361979463214
210_Narrow,2564220000.0,1.021186433585362,0.0011573096120998418,-156.6998636445515,0.07121691486871082,0.003205124012345557,0.00010485289086349259,-174.71663812922566,1.180728271751441
210_Narrow,2564222500.0,1.01107295322757,0.0016149133161053645,-156.88602221697747,0.06072462262594878,0.0032175165998574603,0.00011673867146285912,-172.37081988563585,2.112613811899067
210_Narrow,2564225000.0,1.0102899098584726,0.0006915409938054586,-156.48798442825762,0.09715891319691107,0.0032339483716979263,0.0001174887075670041,-172.3871972483968,1.9050680133646576
210_Narrow,2564227500.0,1.0229924887047632,0.0011352923611371453,-156.61480528871175,0.04705067189305322,0.003180975615230553,5.669753541061671e-05,-173.662041346355,2.3920396834370035
210_Narrow,2564230000.0,1.0162531055557407,0.0008452276710700358,-156.65231363343435,0.05721356752580643,0.003256527249153936,7.5347360375173e-05,-173.41509275257874,1.6809200717948531
210_Narrow,2564232500.0,1.0162633658644569,0.0009359677556982413,-157.25859266990474,0.05417987366753398,0.0032014339146545223,0.00011719127475199078,-174.2710034655101,1.6269883586459197
210_Narrow,2564235000.0,1.0163281449185761,0.0009945345462673237,-156.525105219639,0.06595003105889168,0.003172929384958287,7.361943963390586e-05,-172.46322642614194,1.3599971892441434
210_Narrow,2564237500.0,1.0117151593764169,0.001228516432360522,-156.9589347659003,0.07240704008596419,0.003220046792975115,9.78487451192532e-05,-173.34637955196538,1.7562482452332726
210_Narrow,2564240000.0,1.0130704346963242,0.0012468505764712723,-156.26087278040973,0.05520367795122469,0.003215234927766497,0.00012232205503838643,-174.0258013584065,1.3489400072146995
210_Narrow,2564242500.0,1.0088139473554445,0.0010618265940559302,-156.44123985003188,0.05143198942938063,0.0031266683497779666,0.00016508605224757465,-172.28950492803665,1.8782889612766047
210_Narrow,2564245000.0,1.0102746869019872,0.001339895965973046,-156.84173628598708,0.06543082669214212,0.0032259183951600006,5.414907821128367e-05,-172.3582970353395,1.838100027188325
210_Narrow,2564247500.0,1.014802814770368,0.0016230962768675492,-156.97941767037463,0.057311989610984555,0.0031829620703318464,8.534390046661147e-05,-173.87335221287847,1.7473917269160901
210_Narrow,2564250000.0,1.0079930199826568,0.001202499549567657,-156.7509851858014,0.06681686302852609,0.0031674769048398044,0.000138441522965167,-174.22061982300227,1.5543257547851572
210_Narrow,2564252500.0,1.0112086286951265,0.001127232851456027,-157.02083492491298,0.06948487310480135,0.0031795504880020933,9.557479455360053e-05,-174.19631308139418,2.591149714582439
210_Narrow,2564255000.0,1.0061624349594018,0.0007695061817628883,-157.08342851092476,0.08095792069262817,0.0032445004316324004,0.00011943947716568845,-173.86080546324567,1.7845659362307342
210_Narrow,2564257500.0,1.0108207725852318,0.0012372388869259575,-156.90502949843804,0.05364281595863912,0.003209346710542323,8.840498179073075e-05,-173.13352800525283,1.8124004238092726
210_Narrow,2564260000.0,1.0110062684228713,0.0008266971869839518,-156.79401593242824,0.06062032599777872,0.003223223840539869,0.00010695786396142913,-174.25650360742014,2.0259549150916882
210_Narrow,2564262500.0,1.0152586070122165,0.0012235450536344985,-157.18814418374055,0.07013469371072822,0.0032359560406628194,0.00016981150180750364,-174.10064905171,1.2348248435952944
210_Narrow,2564265000.0,1.0031604088920196,0.0012703397145818554,-156.91916022205976,0.042242391967473786,0.0032103617986997774,6.28817012453365e-05,-173.67486554907427,1.147038904252695
210_Narrow,2564267500.0,1.0083275904470952,0.0010720320078904796,-156.65119411163363,0.04086311687141165,0.0032048236731627633,0.00013498864449613206,-173.2107687129867,1.6627932483817671
210_Narrow,2564270000.0,1.013006116090839,0.001292990276983793,-156.61283452632262,0.047027016416825176,0.0032038543734101196,0.00010854078419374126,-174.43583788237498,1.6740236975904816
210_Narrow,2564272500.0,1.0133479306206263,0.001164497880845131,-156.83250344603448,0.07319317569136281,0.0031878160194409883,9.169538471872202e-05,-173.46645855631766,1.2766254423762555
210_Narrow,2564275000.0,1.014188914961442,0.0008755498775170498,-156.97760260792597,0.06200581508480243,0.003230859130500638,0.0001104712936769687,-174.04112046183076,1.6943774260037026
210_Narrow,2564277500.0,1.014773326931152,0.0019250790321497084,-156.15212737190492,0.04222060677576675,0.0031621927845107197,4.800023358539552e-05,-172.37598235750377,1.2850845304435332
210_Narrow,2564280000.0,1.0157217162630605,0.0012290876410064983,-156.72700573640623,0.028370957654266407,0.0031881257971987154,9.859727750501982e-05,-173.15169090679836,1.5068511058251135
210_Narrow,2564282500.0,1.0104538466525441,0.0010211038251136686,-156.5964120522493,0.06876633898334863,0.003152457017508597,0.0001191184828466526,-173.7260481790867,2.0882856237714464
210_Narrow,2564285000.0,1.0187398916060568,0.0007966800127615191,-157.2886054460142,0.08057341623055726,0.0032338977384597212,8.443933856841238e-05,-173.38897019738496,1.9816651273932424
210_Narrow,2564287500.0,1.0091940844009581,0.0011780316373877315,-156.9196436606177,0.07360902720534858,0.003189419952038583,9.413466280350388e-05,-173.25290035123254,1.6374203648326717
210_Narrow,2564290000.0,1.0181815893295967,0.0006106711742116755,-156.94122505044217,0.047538640326304143,0.0031940179878316593,4.7699906113705286e-05,-174.1101925979892,1.1901786211812648
210_Narrow,2564292500.0,1.0161938664941894,0.0011811605022310904,-156.73715911526708,0.057729928070484667,0.003215511260175213,6.40740522653736e-05,-174.74380843480975,1.221649788855421
210_Narrow,2564295000.0,1.0034027467276998,0.0014223546451907468,-156.37064289028947,0.07085241172824477,0.003181834279044848,5.483459539460737e-05,-173.31325321454946,1.8441299278032763
210_Narrow,2564297500.0,1.0097747142784266,0.0013769950245686815,-156.915383770539,0.08313414625436226,0.0032252853412019973,0.00010636230176059645,-172.6660144451905,1.3905858359091505
210_Narrow,2564300000.0,1.0161245160575354,0.0009218898782679282,-156.96683294074873,0.08012255882706008,0.0032681854084590147,8.162181189187144e-05,-173.96347869941405,2.2326007795542906
210_Narrow,2564302500.0,1.0135864054933046,0.0017658360342322431,-156.18895011899434,0.08348247334397546,0.00322986959582153,7.211045975848532e-05,-174.33531640158986,1.948059562152675
210_Narrow,2564305000.0,1.013237539897486,0.001360627290139963,-156.77750327830276,0.0617851414122423,0.0032486102119756183,8.38932184983072e-05,-173.87378241529018,1.5089087075813168
210_Narrow,2564307500.0,1.0166224046676873,0.0011444028407818939,-157.35819757396123,0.06241640892380664,0.003194879959823594,0.0001132392689769613,-174.99325284728886,1.5221611238873052
210_Narrow,2564310000.0,1.016492924125058,0.0013163198294141676,-156.7544599528,0.06362788558642456,0.0032100996305607084,5.637237696471162e-05,-173.50571387013557,1.4702549335891018
210_Narrow,2564312500.0,1.0251521178586727,0.0012816165256078935,-157.10731134055476,0.052401221963091243,0.003295803016198751,9.146941338844479e-05,-174.15434048708326,1.354263891291137
210_Narrow,2564315000.0,1.0118257793321295,0.001598139769518067,-157.36493441943463,0.060680145195568955,0.003213614320773132,0.00011572340955949072,-175.40060979703824,1.879760800701989
210_Narrow,2564317500.0,1.0105177187019962,0.0010503898085162731,-156.90670718517651,0.052585712142334026,0.0031287002243308823,0.00013421558492747828,-174.89268356144223,1.2409306448463486
210_Narrow,2564320000.0,1.0128926798237285,0.0014370308398729598,-156.9485382508299,0.10551365226699641,0.0032098230049970025,8.419874551608643e-05,-173.0394574973488,1.6779517690861872
210_Narrow,2564322500.0,1.0109835450254236,0.0009016256106798124,-156.28604153269194,0.05363467808187536,0.003217022696075311,7.785376444555989e-05,-173.9428989451431,1.6114971244368275
210_Narrow,2564325000.0,1.0093145584819598,0.0013651069346149723,-156.68609102611734,0.1073047238878281,0.0032270075588957028,7.32126121917134e-05,-172.7226105893331,2.1953217122292883
210_Narrow,2564327500.0,1.0166574536568311,0.0010412079086359093,-156.66388224050402,0.06378864205660503,0.003265002359979464,9.214695246848892e-05,-174.68568233249786,1.5148725159097225
210_Narrow,2564330000.0,1.0080653811198106,0.00125329812547874,-156.9974639315149,0.06848958869501767,0.003162189212328563,0.00014091091708385946,-173.49002497139688,1.7774817556287015
210_Narrow,2564332500.0,1.0170951491982179,0.001064124190742643,-156.9843636051951,0.048863398665942144,0.0031894122838588483,0.00010853950436459767,-174.44983032194034,1.0780091249034591
210_Narrow,2564335000.0,1.019477716300051,0.0008863694306578908,-156.7187232899987,0.06064031291947606,0.0032462738121131892,0.000108952066238106,-174.0354220947342,1.3762622249122884
210_Narrow,2564337500.0,1.0179073852039162,0.0013027696333628015,-156.83279424217307,0.06249642800835879,0.0031616831798181996,8.251571615396803e-05,-173.4839650466603,1.7785507592017218
210_Narrow,2564340000.0,1.01509171454777,0.0010676136730993328,-156.53685824556914,0.08127127395980789,0.003230729665342282,0.00010279937067765731,-174.9554254131781,1.7806627059603652
210_Narrow,2564342500.0,1.0132776034764495,0.0011232345651045984,-156.97999122948175,0.07503675421080767,0.0031947353301801143,9.011046257369963e-05,-174.30240171529928,1.927259496545508
210_Narrow,2564345000.0,1.023377172186177,0.0014882517164348265,-156.56355637684382,0.04306380199210425,0.003222461426374566,8.984486234635257e-05,-174.91365007076135,2.2937411702117263
210_Narrow,2564347500.0,1.0172820200410473,0.0016205134741096242,-156.46916631368762,0.04521648990792911,0.003250285458413627,5.980719541953721e-05,-173.12384083816457,1.7229118722745334
210_Narrow,2564350000.0,1.0156716006892041,0.0013997603610029254,-156.95318660293506,0.05823484270896033,0.003205279887901074,0.00010644231228007422,-174.23578247452903,1.449556889327608
210_Narrow,2564352500.0,1.0080148194980691,0.0013181898095963656,-156.37570755169057,0.07016641775571464,0.003262406210877568,6.909589841388067e-05,-172.31362954453695,0.9733173142890165
210_Narrow,2564355000.0,1.0065293355681724,0.0007713648899023445,-156.6209068355236,0.09390928315140204,0.003234237527941543,0.00010264728648233907,-173.45892488675793,2.4708086751880636
210_Narrow,2564357500.0,0.9994243670506512,0.0009882395105298386,-156.7252695555992,0.07177802750076934,0.0031554253291431957,9.54525096227399e-05,-174.24361222855913,1.602831332430234
210_Narrow,2564360000.0,1.0200721872225031,0.000958190088836205,-157.08527939739236,0.06914143555692555,0.003221485098376509,0.00010109875247561014,-173.79783765026735,1.4498368676185234
210_Narrow,2564362500.0,1.0199534599305886,0.0011376353869108086,-156.5119028810134,0.05751556744583434,0.0032349613739277583,6.440193356726316e-05,-172.65360510684334,1.8831453103487554
210_Narrow,2564365000.0,1.0134191057341029,0.0012802338322447598,-156.86947759467074,0.048233227869265656,0.003189299889901347,8.574850253782688e-05,-173.67561694815834,1.291299360795754
210_Narrow,2564367500.0,1.0031062745806123,0.0010445946455645795,-156.75144963611913,0.044614666065013305,0.003247486550061474,7.13467285224674e-05,-173.6490846411845,1.9266925240633295
210_Narrow,2564370000.0,1.0131656156071112,0.0012214273559916443,-157.12616779557837,0.035612532975375345,0.00321322077439349,9.176469177184583e-05,-174.88779587263653,1.962347658563037
210_Narrow,2564372500.0,1.0041741149065246,0.0007834134208441025,-156.18264353226348,0.07161511662840804,0.00322681277936126,0.00013710816388942052,-173.28949706350488,1.9711062678507134
210_Narrow,2564375000.0,1.0044920825158374,0.0012388800128319687,-156.7157403217264,0.07239966905368958,0.0032896046705859832,7.269938929072283e-05,-172.593238409267,2.130890625932673
210_Narrow,2564377500.0,1.01358586781727,0.001196333018865123,-156.64783504000005,0.07108008702763646,0.003214313265485052,9.810581553783955e-05,-173.70852721148117,1.571857802456569
210_Narrow,2564380000.0,1.0123944562221143,0.001136718391826116,-156.202503609949,0.07600325804565561,0.003227364973450279,0.0001018401495754794,-173.60940317641646,1.715206810967884
210_Narrow,2564382500.0,1.013243203229983,0.0010298107769471873,-157.1412819907356,0.041180524254131004,0.0032120728744089344,9.184249432443188e-05,-174.14953628827132,1.383049297082095
210_Narrow,2564385000.0,1.0094551367721847,0.0014209432624775896,-156.93367113142813,0.06471335365437426,0.0032487437444554336,5.3171681407250886e-05,-173.06683960684185,1.816707774035892
210_Narrow,2564387500.0,1.0075411731438773,0.00137037815154475,-157.37482093494177,0.11479665151269525,0.0031966979488346117,9.134086494329005e-05,-173.7289500961082,1.2291511082849447
210_Narrow,2564390000.0,1.0045780761302867,0.001706703714326684,-156.88593304844844,0.06677773526873958,0.003190881366832553,0.00012986615109214674,-173.46535214508788,1.4827915154233882
210_Narrow,2564392500.0,1.023330408251075,0.0007171482343927639,-156.67653514987387,0.05986657456093211,0.0032735946420473757,6.0029402512594264e-05,-173.68278906191327,1.8764243546583408
210_Narrow,2564395000.0,1.0164309575174602,0.0015764530690319007,-156.8142138886533,0.059431461603251044,0.003282469794594478,6.762892834691503e-05,-173.44388438708938,1.6420135676655505
210_Narrow,2564397500.0,1.0125696028861073,0.0009489150973363737,-156.57820787701266,0.0863557991324395,0.003194492512748826,9.185683259566576e-05,-172.79273272577257,2.5837186455049292
210_Narrow,2564400000.0,1.0171331817573437,0.0008832900257173414,-157.01614579378545,0.07246318185122698,0.0031899118121382227,9.723724577676436e-05,-174.66620308802675,1.5959490184578813
210_Narrow,2564402500.0,1.0106821985768475,0.0015078969846038998,-156.58599078561184,0.03833195889887292,0.003261221028712445,8.336657364523755e-05,-173.502514509152,1.8444484174848383
210_Narrow,2564405000.0,1.0062398091107756,0.0011324966245769463,-157.12145349573285,0.06221264679061243,0.0032085404840201176,8.098646694363645e-05,-174.2891414789941,2.1352811720186375
210_Narrow,2564407500.0,1.003014449887149,0.0009494429799769557,-157.21146779396705,0.041587647525239586,0.003186598684725467,0.0001055704467568031,-173.8410487641005,1.3750112641412624
210_Narrow,2564410000.0,1.008467352505995,0.001084424267056418,-157.11353788120485,0.059415584967769004,0.0032455955032355053,0.0001287288946842742,-173.59973487604293,1.4066864426285994
210_Narrow,2564412500.0,1.0103144705392797,0.001442946075280919,-156.70361389041653,0.04802304965275339,0.003284880357182436,0.00013721494296845444,-174.39655843488052,2.4550389666481185
210_Narrow,2564415000.0,1.0032841184523482,0.0012409525740577204,-157.29380371859335,0.06212973954573342,0.0031887467684176152,8.272712261509987e-05,-174.71278245934602,2.1090853325357175
210_Narrow,2564417500.0,1.0096070084035664,0.0013485988288689894,-156.75262826317712,0.03460310650473116,0.0031928586193445637,8.85024052911273e-05,-173.26993597994365,2.219405900065119
210_Narrow,2564420000.0,1.0054245491824845,0.0011959816496792278,-157.09824099829484,0.07779494210056491,0.0032687903382107282,6.833466214558359e-05,-173.54394795194315,2.090837628243335
210_Narrow,2564422500.0,1.0077078774662769,0.0008855683533186015,-156.70468460214346,0.06164514071354932,0.0032320223641749725,0.0001441788426087629,-173.54459750170693,1.6644628022965573
210_Narrow,2564425000.0,1.007334621369195,0.0008193514237359315,-156.60418418980308,0.05494534541725077,0.003185904869930363,0.00010111632298719577,-172.98207042626774,1.9632798978808337
210_Narrow,2564427500.0,1.015960877179664,0.0007732098383398031,-156.9323908014986,0.09067726008815448,0.0032424366590005564,8.839286889025103e-05,-173.28855921032778,1.400314054323112
210_Narrow,2564430000.0,1.0119044334893017,0.001395926992202825,-156.675135849901,0.043711106295138226,0.003222235345415735,0.00012056761497287495,-173.36646983069605,2.2641724731463078
210_Narrow,2564432500.0,1.009455523875227,0.0012040576929227226,-157.08715780262628,0.050693983518022186,0.0032302155240505432,0.0001009935821310047,-174.68084756606777,1.8565437678848906
210_Narrow,2564435000.0,1.0164398965351675,0.0009400382539414402,-157.47729471768733,0.0738897450449984,0.003195332879844359,0.00015220589102638346,-175.17756067473326,2.1881309504489947
210_Narrow,2564437500.0,1.0109734870556215,0.0012696930241163412,-157.12243227286024,0.02922882223911693,0.003263629443848036,0.0001802389447713786,-173.40311169487126,1.3913380383264236
210_Narrow,2564440000.0,1.0176140673187266,0.0011248847158156765,-157.11024068316007,0.048353356042393394,0.0032335688026228623,0.0001091691913306235,-174.7212985351537,1.714109754559344
210_Narrow,2564442500.0,1.013939178808836,0.0013575333411376055,-157.321488779901,0.10150453571153317,0.0032295986679381924,0.00012452816919137743,-174.47414393045563,1.7794873250885541
210_Narrow,2564445000.0,1.0123083665412147,0.001097431621173509,-156.66735179173313,0.04287536013511515,0.003197392203655588,0.00011906577775360452,-173.7015193050415,1.9058222860777634
210_Narrow,2564447500.0,1.0236454793224712,0.001035500930302023,-157.14710807782512,0.06298279551814175,0.0032579717665888962,0.0001261488504202874,-173.35729179456146,1.331734863550338
210_Narrow,2564450000.0,1.0197626479656563,0.0008734243603469553,-157.24105609802035,0.056497240701718895,0.003273776187063961,0.00010524419710202773,-174.05672958889136,1.6991512373006554
210_Narrow,2564452500.0,1.0060093919618616,0.0013133909845144346,-157.53306444653902,0.0538273260275326,0.003216141682121179,8.961335907177368e-05,-174.27287134010325,2.6181151160215004
210_Narrow,2564455000.0,1.0106867015469034,0.0006370769460187991,-157.4433800351043,0.06493729188850261,0.0032346114852372264,0.0001123436154695333,-173.99120196856677,1.9257974907830102
210_Narrow,2564457500.0,1.014130919003709,0.0009094740175506898,-157.35238218975704,0.0795840718283055,0.003255652993129477,9.48529718467505e-05,-173.28656318214846,1.4448574945839254
210_Narrow,2564460000.0,1.0000681930517659,0.00155509521396604,-157.051938943478,0.06985137369747861,0.003258249491597783,0.00010403124692918286,-173.78502834853097,1.6770933250969797
210_Narrow,2564462500.0,1.009226905413331,0.0011351049491072642,-157.39160323851283,0.06714264535048056,0.0032330569933030715,0.00011369566626425133,-173.7450668217,1.0328114530969936
210_Narrow,2564465000.0,1.0100568040274194,0.0007928505064165642,-157.21507573751262,0.09137983067821166,0.0031926210338619316,8.4064711517474e-05,-174.80957361710267,1.2683897428547606
210_Narrow,2564467500.0,1.0139014698520876,0.0013597203293393308,-156.91894361055554,0.06528364180615444,0.003259894410001955,0.00010387933573657511,-173.32618340965132,1.982545115653335
210_Narrow,2564470000.0,1.014089177942634,0.0012678191161778734,-156.78350631446753,0.07881910453201862,0.003341350325039818,7.391418019897153e-05,-174.38726500484705,1.7377738969242418
210_Narrow,2564472500.0,1.0075722006603058,0.0008279760924260725,-157.03375049093955,0.06734267851648872,0.0032609518602274763,9.98833808007601e-05,-174.07929321697213,1.1092634033423756
210_Narrow,2564475000.0,1.006078785045327,0.0013956185244513816,-157.07572514506992,0.060354254865413605,0.0032803054964365705,8.697081597973926e-05,-174.00328402311635,2.132794029847093
210_Narrow,2564477500.0,1.0047714595885944,0.001017769834751531,-156.92108720416323,0.05957262251614965,0.0032382773045268208,7.275824920547983e-05,-173.52083684687136,1.3268038015419183
210_Narrow,2564480000.0,1.010992834128658,0.0018449626923062606,-156.95344341308055,0.07497720807854816,0.0032646729189439293,0.00010612527477200106,-174.4049673040056,2.143486568872696
210_Narrow,2564482500.0,1.006710832792621,0.0015784559421669355,-157.4612467764717,0.062456410417814176,0.0031718371780204585,8.395850912896006e-05,-174.37681684336232,1.8642069212078733
210_Narrow,2564485000.0,1.0106119499894666,0.0008124783666066462,-157.36464126827372,0.06548855670885874,0.003248873658720737,9.450885227555991e-05,-174.3846422417151,1.6945423046317034
210_Narrow,2564487500.0,1.0075962140652999,0.0012168682992979738,-156.80950719625233,0.04263751248793406,0.0032543343959112966,0.00015764257343419313,-173.40628187588038,1.1927325474389932
210_Narrow,2564490000.0,1.0081121503174282,0.001253282616483733,-157.04477219967714,0.08632775229463556,0.003266318698010695,6.669026852331452e-05,-174.04045713457432,1.0150688374408317
210_Narrow,2564492500.0,1.0054714943655447,0.0011443760194057792,-156.8171041901706,0.0892683576073007,0.003219829274343461,0.0001088714629636711,-174.94295383200154,1.2679198156265599
210_Narrow,2564495000.0,1.007202860215413,0.0007571019185923555,-157.15763931636153,0.056576476999786365,0.0032284541954424465,0.00016505236286176763,-174.45573925550403,1.9282830315020016
210_Narrow,2564497500.0,1.0078721988076642,0.0013192387980861604,-157.23480488606197,0.04494671534727723,0.0032676063319962523,5.146248523437846e-05,-174.18156869749907,2.1247250795025225
210_Narrow,2564500000.0,1.0053028846627323,0.0010812669346471565,-157.7043628677394,0.04631949964795208,0.00323155386950988,7.408213558706383e-05,-175.34923988876216,1.5074695372584435
210_Narrow,2564502500.0,1.014123241698652,0.0010288604352467518,-156.6392789284437,0.06515645936949162,0.003321890007820528,7.36221155447194e-05,-173.55928289414743,1.494946441543076
210_Narrow,2564505000.0,1.0086169800946205,0.001248233112680112,-157.30813689950105,0.0690569300655021,0.00320107279334274,0.00014781000762618786,-173.7101647177414,2.7054188255416456
210_Narrow,2564507500.0,1.0064536949957312,0.0007397795129676851,-156.645280377778,0.03526989688342597,0.0032205889091026342,0.00011341381581718705,-173.2682763438843,2.582945532081013
210_Narrow,2564510000.0,1.0160177151554597,0.000978400285497472,-156.89659868430823,0.07032725167923372,0.0032320969464348457,0.0001610273330927272,-173.88048507090681,1.8920308918121562
210_Narrow,2564512500.0,1.0041734543248342,0.0009664920310596547,-156.9745684078689,0.10102914605182996,0.0032359539646853795,6.17804695987916e-05,-173.9509599024231,1.8537721011642327
210_Narrow,2564515000.0,1.0061122397579858,0.0007341303637290101,-157.2272932407699,0.06310331509070051,0.003251975826700539,6.736444638612575e-05,-174.43484692231272,1.6745106871299862
210_Narrow,2564517500.0,1.0090871223482334,0.0011460259757309866,-157.18135907624372,0.05779354194650974,0.003276047301209296,0.00010316612448102425,-174.28096552963524,1.5333553647749405
210_Narrow,2564520000.0,1.0074937517187867,0.000818206454536852,-157.07211077311416,0.08502365875500902,0.0032423226114992633,0.00011015865572230482,-174.16942008128444,1.5631188975470474
210_Narrow,2564522500.0,1.0132197563248995,0.0009314247078957546,-157.22478900415868,0.05540037793111512,0.0032301066823935006,0.0001062180111635087,-175.18379745389038,1.367613391849648
210_Narrow,2564525000.0,1.008534638763016,0.0011439756449777981,-156.98792240577998,0.06951866292323729,0.0032623055006333872,7.527082886569944e-05,-174.36576065806446,1.1276300814394034
210_Narrow,2564527500.0,1.013898816629955,0.001050818089374886,-157.67680619151633,0.10567644930189843,0.0032769955409162567,9.386898967739024e-05,-174.91264283443113,1.4241627735504938
210_Narrow,2564530000.0,1.0133181010274501,0.0009482825717269192,-157.44438149083285,0.03422766421723955,0.003273243562843202,0.00010690591324094492,-175.0170757623493,2.4196889297347726
210_Narrow,2564532500.0,1.0065273671798258,0.0012419985895386141,-157.57618009772406,0.09811220072499266,0.003215944578472009,7.38019788622626e-05,-174.15490957734013,2.542484664089067
210_Narrow,2564535000.0,1.0088044930578492,0.0013683630241822294,-157.1110583582166,0.07065602338215504,0.003199357802327603,8.779140404901746e-05,-174.1792458159534,2.3067840879074897
210_Narrow,2564537500.0,1.0193815134974136,0.001119648801897926,-157.04794115148715,0.07196829899232746,0.00328989003380331,0.00012507965755112623,-174.54518056406295,1.5518862598018248
210_Narrow,2564540000.0,1.007447924838958,0.0006039308495056605,-157.65740479009415,0.05875897572241331,0.0032516268255001,8.436561438609493e-05,-173.8426491393554,1.7029750377589166
210_Narrow,2564542500.0,1.0071961565097287,0.0006603170503768097,-157.11363243003981,0.08381077957777477,0.0032318543342870674,0.00011895268869997888,-174.68659507034374,1.0300843509517268
210_Narrow,2564545000.0,1.0127973883600285,0.0013650142395774,-157.22278380299053,0.05461165910718527,0.003231024361422411,7.707494120455563e-05,-173.64485580756653,1.513069805466409
210_Narrow,2564547500.0,1.004498895023978,0.0011726807559560492,-157.83618064097402,0.04894076864736452,0.003242520635182316,0.00010565489057634862,-174.67149267309847,1.394017274782261
210_Narrow,2564550000.0,1.0127360803518068,0.0007976901381807242,-157.11254309207985,0.05810965283812406,0.0032312679400824944,9.685706066261329e-05,-174.24643943297687,1.9385549715986317
210_Narrow,2564552500.0,1.0037218250628919,0.0007123499913997057,-157.0153892652948,0.060228191494483996,0.0032690452160615844,8.696663549612889e-05,-173.58316614045668,1.7864628543032806
210_Narrow,2564555000.0,1.0026804090075263,0.0009813443843455952,-157.0236906409227,0.029601113182977503,0.003250506464589233,0.00012781764131016156,-173.52352241514612,1.8600907830067708
210_Narrow,2564557500.0,1.0068361055088688,0.000973240406619608,-157.56854174033404,0.09297112478465759,0.003263321903044504,0.00010528882243484348,-174.8056702727103,1.5900799166604194
210_Narrow,2564560000.0,1.0108648933670188,0.0015412664373847427,-156.73803329558763,0.055816049870838075,0.003341730966128344,8.727180599782947e-05,-174.5086878148584,1.353461246556957
210_Narrow,2564562500.0,1.0218150061212175,0.0014956453886384254,-156.91219636023385,0.04001474723068503,0.0033332362721409637,6.89921272761215e-05,-173.83501785001923,1.2852598176325527
210_Narrow,2564565000.0,1.0031559499335942,0.001220744495325043,-157.67404035972797,0.07183850566983034,0.003231020665738322,0.00010786148549875509,-174.19275745981,1.574385550505797
210_Narrow,2564567500.0,1.0201938490522136,0.0009612172866685124,-157.25417932268425,0.04655027743940073,0.0032696548377892055,8.712605335821542e-05,-175.06302379517905,1.8719578408220627
210_Narrow,2564570000.0,1.0097217090100747,0.0008559727542411988,-157.33182439144483,0.08548326911732719,0.003239088503474376,0.00011295173014208556,-174.21110367602355,1.3268201934354442
210_Narrow,2564572500.0,1.0134056967678817,0.0009183961591714525,-156.965494842166,0.05690006645070316,0.003288311457345595,0.0001168069565646497,-174.51662678308153,1.3379718287260833
210_Narrow,2564575000.0,1.0071088446368914,0.0012039837698158825,-156.8443484204066,0.060791074703752855,0.0032460225069288057,0.00011793280711505937,-173.78709841601034,2.0672290385149674
210_Narrow,2564577500.0,1.0000960293946524,0.0017690963869913682,-157.56859514409115,0.08388507874196877,0.003298848678544689,8.980342236535247e-05,-173.7741552559931,1.4066189959905737
210_Narrow,2564580000.0,1.00943729499079,0.0008099205989388057,-157.16339767518622,0.03571431172377937,0.003301063284653352,9.927465048611484e-05,-173.97507987648962,1.0632566298518986
210_Narrow,2564582500.0,1.0096680409562926,0.0014254002058240991,-157.0699276312375,0.05865740471193263,0.0032772005763379674,7.934433326851797e-05,-173.5964122851767,1.8783575929326584
210_Narrow,2564585000.0,1.015124369140122,0.0013060680142574887,-156.9004504121206,0.061211513397797235,0.003243516608686454,0.00011229192077069316,-174.11042941306738,1.8521636180046157
210_Narrow,2564587500.0,1.0094717744055741,0.0015233857189052198,-157.4452717256075,0.05383392526911962,0.0031864986229011147,9.249028366674064e-05,-174.52731940169738,2.29354173553168
210_Narrow,2564590000.0,1.0091335139579196,0.0008717644228866846,-157.4688025704725,0.08033486874507208,0.0032018402657399614,6.834743540159526e-05,-174.44283753189197,2.057453887994919
210_Narrow,2564592500.0,1.0064703913919528,0.0013955736782885716,-156.93543570757964,0.05868626485290927,0.0032061060323740286,0.00011855845467341765,-173.91329274796243,1.1899603235412066
210_Narrow,2564595000.0,1.0125675339244593,0.0010884837189956025,-156.79039728973962,0.07388577685461482,0.003229584501449561,7.620049580711484e-05,-174.5288828502509,1.6181294930694525
210_Narrow,2564597500.0,1.007350960746519,0.001131091050474222,-157.51687136597948,0.059351685561721046,0.0032488120453464547,0.00010606689431534427,-173.52733942789726,2.078180786828073
210_Narrow,2564600000.0,1.0121912919621656,0.0017698839282912823,-156.70964673432826,0.06917276621339802,0.0033085862254997587,0.00013005313700209121,-174.0880104543188,1.4684535892766921
210_Narrow,2564602500.0,1.012775183184454,0.0009920887982124973,-157.42083037485466,0.0995621096407601,0.003266519183803512,0.000131367537439055,-174.7503754150361,1.2274451225744623
210_Narrow,2564605000.0,1.004566063364994,0.0014756998709859071,-157.40640339003266,0.07570379675966131,0.0032891160599144154,5.0648926359086025e-05,-174.6441332798079,1.8647680065887149
210_Narrow,2564607500.0,1.009733902213121,0.0011429168696651887,-157.37673897680372,0.06949389452402764,0.003265198452142429,0.00011584058451223609,-174.4353302814548,1.8898248209532544
210_Narrow,2564610000.0,1.0129433863633166,0.0012465290783821514,-157.50119045556477,0.055956749238324256,0.0033131384877286116,0.00011307076749938562,-175.446298438373,1.8409167906936987
210_Narrow,2564612500.0,1.0120504876735104,0.001256769335621157,-157.53019717570518,0.07958857876470901,0.003285867277644367,7.219694017692237e-05,-174.5319071654839,1.7136519912748538
210_Narrow,2564615000.0,1.0064199182390388,0.001254491217030557,-157.72446546924047,0.08149801782106102,0.0032551878286451994,5.2024807313330175e-05,-174.77701468988653,1.4556651969661227
210_Narrow,2564617500.0,1.0141698670048525,0.0008984324536650189,-157.48208718069796,0.04719035785394322,0.003283057557012076,0.00010727109193142071,-175.56188752119738,1.5907619951018674
210_Narrow,2564620000.0,1.0112901880424436,0.0007870390246935246,-157.45878901296743,0.04306805139297984,0.003311995739560209,0.00010821888349531178,-174.5185244749613,1.5240143475715728
210_Narrow,2564622500.0,1.0073108205634995,0.0012769814831765328,-157.61346308199785,0.06548625794129648,0.0032604684031707046,0.00011281523141518274,-174.0087339928355,1.8048732660175857
210_Narrow,2564625000.0,1.0041920736306413,0.0013714758321223012,-157.4966382098794,0.07229932739688023,0.003270506418528654,7.987106420143567e-05,-174.6252772460056,1.4535117637057484
210_Narrow,2564627500.0,1.014416264131599,0.0009802667722622344,-157.31859450952737,0.06937430412441145,0.003280360108999768,0.00010101092880315819,-173.1306104983398,2.0504794219625833
210_Narrow,2564630000.0,1.0063929195666987,0.0009867728974543605,-157.58937777742486,0.07663948149954472,0.003158866445436152,5.954664877078906e-05,-173.8812717545861,1.910465872532292
210_Narrow,2564632500.0,1.0127094930451137,0.0014366764301637193,-157.0410692983666,0.05514431055479772,0.0032681914978458615,6.438035418530991e-05,-173.81277020057425,1.5800823885413267
210_Narrow,2564635000.0,1.011752955164549,0.0008169412661039071,-157.4644039616138,0.04803633256544862,0.0032885534263187286,9.725288332460573e-05,-175.76128968555872,2.0541250230315167
210_Narrow,2564637500.0,1.006546198265245,0.0012442560001641903,-157.00101611361328,0.07181486272072787,0.003259249323562566,0.00010528996497160681,-173.13045533677217,1.4673974026301162
210_Narrow,2564640000.0,1.0074481528451327,0.0009220725086863522,-157.33601018707537,0.05728540277563755,0.003221377409810194,6.723614919561546e-05,-174.47898564725057,1.3796863318577648
210_Narrow,2564642500.0,1.0092977364422249,0.0012637150594178405,-156.80070023000974,0.07114434383436238,0.0032103839855320247,0.0001034797231372798,-173.86536868175745,2.1228805032307907
210_Narrow,2564645000.0,1.013135038085016,0.0009284779869421973,-157.36183487460127,0.06819370214107996,0.0033065472836310817,8.225142405518206e-05,-174.8296362813205,1.3295906623915372
210_Narrow,2564647500.0,1.0065378907332894,0.0013196968922835272,-157.65170144061426,0.05010529224565536,0.0032731669854537972,0.0001356864699730288,-174.36063511730043,1.9273930557363206
210_Narrow,2564650000.0,0.9984950584425509,0.0011394994422213442,-157.84116989624434,0.06825927262831089,0.0032605226394302167,4.8958492074888196e-05,-174.6871206336172,2.056177082626674
210_Narrow,2564652500.0,1.014741490623371,0.0008002863703379319,-157.3547245551069,0.05688458209899437,0.00325165536497394,7.368848691095317e-05,-174.18710768160287,2.0330241126452666
210_Narrow,2564655000.0,1.0060041780526465,0.0009506417689837047,-157.32363007929405,0.050584269130739545,0.0032494486171557465,0.00013685242808419846,-175.08124406629173,1.1292761166006815
210_Narrow,2564657500.0,1.0057153652003727,0.0011306940206525617,-156.56748516810995,0.049321835814881976,0.003318386890147058,6.668917934431033e-05,-173.25362253293915,1.9218834503077393
210_Narrow,2564660000.0,1.0109532809707331,0.0012544838460552122,-157.46876881191002,0.06128250679613724,0.0032512393144910785,0.00012074447637096302,-173.47801244734887,0.8057206700633596
210_Narrow,2564662500.0,1.011047032071694,0.0015327005254157154,-157.59826275328612,0.0522875588567297,0.00323119163275968,0.00012591006034715383,-173.84665667597395,1.708049948484958
210_Narrow,2564665000.0,1.0065259540069194,0.001149447793315262,-157.7081681330841,0.07146509198164308,0.003243516554392098,9.976545639315281e-05,-174.29760015339457,1.836503857981113
210_Narrow,2564667500.0,1.0125956862792753,0.0014733486767909644,-157.45970614979018,0.04751654197950527,0.0032257119398937783,0.0001049615025274575,-174.74280103407452,1.7893090515268333
210_Narrow,2564670000.0,1.0202389795263995,0.001514563154736524,-157.25146707417665,0.060937905356193985,0.0032393753865158697,7.730014396723459e-05,-173.63977430634336,1.8316032496784351
210_Narrow,2564672500.0,1.011297984552208,0.0008980236770745431,-157.6704490762162,0.057084872455973074,0.003239085689600042,0.00011628825109867548,-174.1125218462914,1.2218325916395907
210_Narrow,2564675000.0,1.0078645814742098,0.0013114622861994166,-157.95328407524727,0.07291722387612101,0.0032856378538771683,0.0001328213519216323,-175.21861959000063,1.6448031424101106
210_Narrow,2564677500.0,1.0114448878961277,0.0008496776024833459,-157.08784649913125,0.05121066079167702,0.0032914960006095568,9.621297267765175e-05,-174.49786138950122,1.7990538934798397
210_Narrow,2564680000.0,1.0052929525318757,0.0016072045769513837,-157.496250724429,0.0452563556996172,0.0032437220681118878,6.455859896355615e-05,-175.22187206310969,1.6720141661262955
210_Narrow,2564682500.0,1.0042674847562927,0.0012250880849223955,-157.50387088406148,0.04798711011481062,0.0033326329643677873,9.614476183888017e-05,-174.56105728135918,1.561292435089301
210_Narrow,2564685000.0,1.0142888373074732,0.0012468902419499564,-157.0907967564134,0.07833360215813778,0.0033458024884136517,9.349360825423067e-05,-174.66351226662854,2.146966559382681
210_Narrow,2564687500.0,1.0050392436554294,0.0008181381142676891,-157.2754453126967,0.04226310799059182,0.0032808397877172007,9.963678547490692e-05,-174.2043830067933,2.2528808538327785
210_Narrow,2564690000.0,1.0075567537562544,0.0011345557638008106,-157.47002159880972,0.05733159763808318,0.003263157025279559,0.0001196863121837286,-173.83641150839645,1.8443332624093363
210_Narrow,2564692500.0,1.006912923223206,0.0014481866224442324,-157.12291431890827,0.05556064367891446,0.0032942902022800994,0.0001228117747909577,-174.07559017274116,2.0967783562756357
210_Narrow,2564695000.0,1.0097200843127416,0.0016060904007288471,-157.2900865240123,0.07290265448602022,0.003293041235729909,7.299224788117702e-05,-174.98456555087932,0.9277227511427824
210_Narrow,2564697500.0,1.012477539117855,0.0010194243173834573,-157.18731262116845,0.08458575086896813,0.0032733123085307487,9.286689338560637e-05,-173.52504135089725,1.1087983253626184
210_Narrow,2564700000.0,1.0139454402698265,0.0012189272996967443,-157.30485815257632,0.05995466507870794,0.0033323004153147356,7.731177520694239e-05,-174.2907240866774,2.163409730376377
210_Narrow,2564702500.0,1.0070358808159374,0.0010999271897924273,-157.43176932462566,0.04942093644676858,0.0032759852934201947,0.00012622202147378653,-173.81718117440644,1.6911550910736728
210_Narrow,2564705000.0,1.0084667542576313,0.0009153203410603506,-157.58651313929,0.08459467978991879,0.0032913384224179947,8.972374541965857e-05,-175.70125723304665,1.6503734910398993
210_Narrow,2564707500.0,1.015891901373144,0.0012795073064723994,-157.610006474609,0.06996344770189487,0.003293584650138679,6.293638015167261e-05,-175.0749323570611,1.4730565374668516
210_Narrow,2564710000.0,1.0116044186594777,0.0011567376315974808,-158.30474847954088,0.062235306926304315,0.0032729369668968943,9.098179364755027e-05,-175.65548906850069,1.4296303381993873
210_Narrow,2564712500.0,1.0103809090655984,0.0009113625357240771,-158.16529197429347,0.05467901575180677,0.003311666224950973,9.316907795763383e-05,-175.61483772816385,1.7362447878479892
210_Narrow,2564715000.0,0.9998505057440048,0.001573654136646494,-157.33656993702388,0.03840354785693458,0.003312382509904007,7.310871030847842e-05,-174.88207740037652,1.458136377343806
210_Narrow,2564717500.0,1.001160315470808,0.000869839868370748,-157.4954311104608,0.07387336409363451,0.003275398438530131,0.00013187572462374167,-174.30009180830976,1.961612641473516
210_Narrow,2564720000.0,1.0085624725193176,0.0007622802963418631,-157.84243366504643,0.035137769243900316,0.00328916003216566,8.182867904779982e-05,-175.86694014600954,1.544459660199183
210_Narrow,2564722500.0,1.00890364677074,0.0013509076990050955,-157.49252979415664,0.04122870359811725,0.003327999142902229,0.00010581443164418608,-173.87601874466787,1.0669021590904813
210_Narrow,2564725000.0,1.0047543512516266,0.0009065213709263383,-157.8375770233639,0.05453087113947275,0.003294446509332313,0.00010563219004045642,-174.93441726732536,2.4180706983474156
210_Narrow,2564727500.0,1.0028261537498286,0.000943080363726707,-157.45602331748157,0.03424907093478557,0.003283893020544282,6.711187291099402e-05,-173.81488295576463,1.1953053467352621
210_Narrow,2564730000.0,1.010988413701714,0.001197891993243496,-157.3392937518382,0.08716379128096405,0.003294718049340517,0.00010948282791973497,-174.2876848739559,1.6207662017926368
210_Narrow,2564732500.0,1.0047490391033909,0.0009139825723770826,-157.32094493532097,0.06809155883120309,0.0032701656590423634,9.357629636638232e-05,-175.22919132172692,1.5244951288015023
210_Narrow,2564735000.0,1.0097615565189457,0.0012077970712561176,-157.21213044852422,0.09481675585044466,0.003344272965457711,7.819944566902168e-05,-174.83706335707657,1.4090804976640185
210_Narrow,2564737500.0,1.005792804635473,0.0010677845538714856,-157.69084582542246,0.05196074302918877,0.0032673767389737244,9.811931680285957e-05,-175.05070726109545,2.060301022707372
210_Narrow,2564740000.0,1.0023429473189451,0.0012141276413072527,-157.53488058084685,0.05410436232468431,0.0033148687498430053,8.149528172764778e-05,-174.90875935376428,1.6167355286810916
210_Narrow,2564742500.0,1.0055097470079,0.0010925081827020523,-157.3754805819731,0.06919001820408872,0.0032657754732775207,0.0001363926891103073,-173.6030215265291,1.092756937121437
210_Narrow,2564745000.0,1.008762051423076,0.0012225607854003382,-157.53969787779977,0.04639309488052341,0.0033300921071347522,9.083208361928805e-05,-175.6662488660244,1.0689213487614722
210_Narrow,2564747500.0,1.015235343434943,0.0009888161833610395,-157.83800534727672,0.04942702340123245,0.003303927050363936,9.397245320508427e-05,-175.0709911588069,1.7371732374494258
210_Narrow,2564750000.0,1.015393291367561,0.0010552050610750927,-157.93446643276872,0.05560391831990943,0.0032847220127060046,0.00010412078422859106,-175.1972140960771,1.7355899154481602
210_Narrow,2564752500.0,1.006182476334201,0.0009852720584797654,-157.03405556162443,0.08105461246011744,0.003270662607197137,6.808055147995782e-05,-173.4497594044102,1.2645815131727638
210_Narrow,2564755000.0,1.007221797955659,0.0010914452810458048,-157.24968903706562,0.06832219741115295,0.0032860219504823773,6.643230095733175e-05,-174.07687176676447,1.4277762549814916
210_Narrow,2564757500.0,1.0045486999822193,0.0012424586363555957,-157.93079555745229,0.07208718007410898,0.0032871769870645743,8.647667155458527e-05,-175.1372928997745,1.5756483212304373
210_Narrow,2564760000.0,1.0020029083505002,0.0013193201024745357,-157.91697775989553,0.06735453514017234,0.0032525153606040758,0.00013790989452731252,-174.80213818646985,1.1400048821624655
210_Narrow,2564762500.0,1.0112481419131336,0.0009204190831959286,-157.47152029047396,0.06225470600062737,0.0032930913392199895,8.42634082059915e-05,-175.49137812250137,1.612909052987809
210_Narrow,2564765000.0,1.0088456566632062,0.0013665568956770786,-158.0405940230001,0.07203627547963777,0.0032612247021077357,0.00011457189461991176,-174.40993907632185,1.690045844130272
210_Narrow,2564767500.0,1.0097757525336586,0.001032903169894797,-157.26125499658923,0.07703556139673677,0.0033092660894622292,0.0001368154928578317,-175.05589617891806,1.71954113952229
210_Narrow,2564770000.0,1.0106434047089214,0.001233875799990775,-157.68683862095895,0.0910835376330107,0.0032885491745320555,9.922763100816574e-05,-175.06157370795535,1.647570336361722
210_Narrow,2564772500.0,1.0145559640090094,0.0013634960352829771,-157.43307637656855,0.07623749609389718,0.0033237287619528808,0.00011924720940053446,-174.58517594655018,1.3498712058687192
210_Narrow,2564775000.0,1.0055972239841289,0.0009773513677643968,-157.78325174016302,0.07669714768553544,0.003313340497273088,6.290501522213099e-05,-176.2980040206734,1.4308727362515659
210_Narrow,2564777500.0,1.0049065018958245,0.0011683141129105532,-157.9534290759344,0.07833193037883174,0.003282693010194962,0.00011442872141762897,-175.10133573275291,1.5579722599601387
210_Narrow,2564780000.0,1.0044411942466587,0.001219276188971698,-157.4115649416462,0.07084614627270337,0.0033287199134604366,0.0001624684614330522,-174.7303694801371,1.7887113856427843
210_Narrow,2564782500.0,1.0052593258346696,0.0008899435888497341,-157.5768090453218,0.08947422653097967,0.003280780884130011,0.00011943799539105643,-174.60769640207658,1.7525547764389777
210_Narrow,2564785000.0,1.0111457344669748,0.0013329235515331282,-157.42935583954122,0.07280977277627576,0.0033163900214989656,0.00012853891747343735,-174.08469837078266,1.529182324121231
210_Narrow,2564787500.0,1.0085210679243908,0.0012840582360775202,-157.5228008787158,0.06445763369586668,0.003281149151514744,5.7734884391587e-05,-174.2521824380063,1.8332493605947777
210_Narrow,2564790000.0,1.008217483146026,0.0009512037710181796,-157.86289837045425,0.05208145136037599,0.0032850358724585724,0.00010364268652217851,-176.28048987455747,1.7993074022645146
210_Narrow,2564792500.0,1.0016509211191222,0.001342084951375466,-157.92671918540697,0.052087065182242216,0.0032402127739485165,5.7334766526170056e-05,-174.64597624182582,1.2792132495000654
210_Narrow,2564795000.0,1.0024452915813162,0.0010625817226975211,-157.79915335896945,0.06851635813078649,0.0033518681543987464,9.340969540872563e-05,-175.99800775413357,1.6067253498108012
210_Narrow,2564797500.0,1.0026118195178828,0.0010484108460041559,-157.87026084630384,0.06725809713687873,0.0032594905068663673,0.0001191477324125316,-174.13144535192055,1.3511942355538629
210_Narrow,2564800000.0,1.0077155097433192,0.000911021585853821,-157.4470871577132,0.06787121281619814,0.0033180300635788874,7.606305076509164e-05,-175.51999952703318,1.2363491756579994
210_Narrow,2564802500.0,1.0016831004599511,0.0008358860106098567,-157.7249026338059,0.09294600030732841,0.003233104208093856,8.382227318775365e-05,-174.77589034037456,1.265195720255628
210_Narrow,2564805000.0,1.0005271058126322,0.0013458824993383763,-157.8566299218843,0.04053460290357808,0.0032938051679047855,0.0001199947799625732,-175.6288885269771,1.8336783445561327
210_Narrow,2564807500.0,1.0005634984601337,0.00133069214523275,-157.17633234826053,0.0746296308074614,0.003277511795134906,6.823802522300396e-05,-174.35913843298604,1.6874550030597864
210_Narrow,2564810000.0,1.0120072795009252,0.001606974367388337,-157.89544847523482,0.1000868966676719,0.0032712072552287547,0.00011516012407951999,-173.8206381650071,1.9188950969808023
210_Narrow,2564812500.0,1.00900782710768,0.0014709848918921782,-157.50174393415406,0.05695795131547242,0.0033629651292948213,9.600314493423403e-05,-174.46506039483896,1.5025894908754842
210_Narrow,2564815000.0,1.0104445773814357,0.0015035335954315496,-157.57968996572598,0.07166506368014075,0.003335744724101196,7.696168923057704e-05,-174.72724359247695,1.641740648171486
210_Narrow,2564817500.0,1.0005477472995725,0.0009706214382229153,-157.67344362654507,0.05707225337837898,0.003345608143292619,7.508724810769175e-05,-174.19704585263543,1.853412179621848
210_Narrow,2564820000.0,1.005793778356319,0.0010590602842839249,-158.05909184237112,0.0372383449916512,0.00327590016685564,0.00012209885913898983,-175.01264106454857,1.5382140865061167
210_Narrow,2564822500.0,1.006509941161894,0.0011533293153503743,-157.75988983316105,0.08438050724153055,0.0032791731163201655,0.00010567420443652992,-175.16541404518838,2.1601734316037873
210_Narrow,2564825000.0,1.0131071341616733,0.0010724145705144773,-157.52498232729107,0.0544903234358128,0.003271080416424649,0.00011923267958712076,-174.2562635301917,1.6821333154101274
210_Narrow,2564827500.0,1.001910594220123,0.0008015995076959894,-157.94643486923658,0.06890176463013017,0.0033457103808573942,0.00013301221668504353,-174.91773306108436,1.596118741681986
210_Narrow,2564830000.0,1.0172136479427591,0.0009445812314250859,-157.59185427827185,0.07197626141790558,0.0033142551070829956,6.880714106716165e-05,-138.9691415331384,111.99004153514133
210_Narrow,2564832500.0,1.010839656964929,0.0012316158709519147,-157.98153198745803,0.0870504469789121,0.0033190295226165722,0.00012124232318255543,-175.23382036118423,1.8679879663221077
210_Narrow,2564835000.0,1.0043281408866953,0.0007290634686107965,-157.891079159679,0.05995659546783574,0.0033128689006645144,5.7500837795403414e-05,-175.24393430316425,1.3383706038566945
210_Narrow,2564837500.0,1.0002150360013276,0.0012735391295881763,-157.23675217431327,0.07497052309208517,0.0032910498768724717,8.20634834786206e-05,-174.59155599062677,2.2180155720427672
210_Narrow,2564840000.0,1.0053085910688886,0.000827707180228127,-158.46327234367,0.07481621369472408,0.0033476111827709957,0.00010647155592181145,-175.44038509068778,1.19493210335827
210_Narrow,2564842500.0,1.0053297060919366,0.0012145741886725606,-157.99873004654665,0.04546155345394219,0.003310681764307321,0.00010930011395970246,-174.99216528110762,1.290258469061996
210_Narrow,2564845000.0,1.0094135539687608,0.0015452912228473817,-157.73615304141848,0.06347677167294348,0.003307314750379647,0.0001287066078767651,-174.9559335914249,1.5274573290074374
210_Narrow,2564847500.0,0.9990108145668342,0.0011131758951322263,-157.96536800076615,0.07303574564776087,0.003231688058177358,0.00010547076264125426,-175.37651356104288,1.492650611245415
210_Narrow,2564850000.0,0.9912521652965459,0.0008533075801743475,-157.70732570676503,0.05579042566585068,0.003250365070807424,0.00010051494091593197,-175.1143409451709,2.701156696712618
210_Narrow,2564852500.0,1.0081596875135341,0.0008488017914526109,-157.39539519477194,0.059008905438746595,0.0032818801936989337,9.991459622053068e-05,-175.44286312649018,1.4399277631166714
210_Narrow,2564855000.0,1.007301023240402,0.0010599622166638813,-158.0848780811891,0.08768553603307414,0.003316052933543768,7.864539432797423e-05,-175.47208540496106,1.7856363192255906
210_Narrow,2564857500.0,0.997560425501554,0.0009055245685130822,-157.57558233134196,0.06553119062698808,0.0033266733547755003,7.303020112087027e-05,-175.55902325858148,1.0188495182464554
210_Narrow,2564860000.0,1.0028736938542102,0.0012387223145080648,-157.44530586650123,0.051639463566820205,0.003294696314296788,7.762374461502567e-05,-174.06538892275177,1.152333249984407
210_Narrow,2564862500.0,1.0042316426104203,0.0014562183284443468,-157.76536518150672,0.03783087191203202,0.0032930183706880727,6.86726467715043e-05,-175.12055432560157,1.3376571998393916
210_Narrow,2564865000.0,1.0106332022416549,0.000989642481183185,-157.87777064899683,0.04042739907260714,0.0032745213665259787,0.00011841041254378583,-174.93751942934122,1.004281332769735
210_Narrow,2564867500.0,1.0071683331221528,0.0010078555911804468,-157.9227136575701,0.06511440647480778,0.0032975829586178295,6.911993155768933e-05,-175.40130066407656,2.273366486173082
210_Narrow,2564870000.0,1.005942857151521,0.0009481374699747258,-157.79139692687633,0.07312971144383262,0.0033693536629662924,0.00010338420135255388,-175.68200228988093,2.43385422234561
210_Narrow,2564872500.0,1.0070809646670658,0.0015622423321107217,-157.7495266724847,0.0641772143871527,0.0033042567253990626,8.950839863967032e-05,-175.00102695327544,1.287862902408145
210_Narrow,2564875000.0,1.0077702100845973,0.001094115617215192,-157.9614385887972,0.04909018009945622,0.0032904305514064045,6.84622960560604e-05,-175.87968679037306,1.5153158089328855
210_Narrow,2564877500.0,1.0084034078862714,0.0015312489554452542,-158.404767791003,0.05801764998452078,0.0033056426365598475,9.045510796981148e-05,-175.91015174684304,1.6231393899731112
210_Narrow,2564880000.0,1.0134261527550168,0.0014323809243403055,-158.0870780948747,0.09965717403136887,0.0033344690684271173,9.251242720574726e-05,-176.17972607630242,1.2351766864331564
210_Narrow,2564882500.0,1.0070917513197986,0.001119412867489446,-157.31857124175463,0.10345542631567134,0.0033122309488881436,6.209002627222292e-05,-175.0622303530789,2.003449351991153
210_Narrow,2564885000.0,0.9985425903220342,0.0010736178372204453,-157.9485951646479,0.07879405517411002,0.0032909791827243472,7.700068674729537e-05,-174.8968027851102,1.509811050292938
210_Narrow,2564887500.0,0.9973269655000973,0.0010608081086086877,-157.74848917883423,0.06775773778248546,0.0032661607217534007,0.00010438574442450993,-175.10080060453035,1.7795795000843222
210_Narrow,2564890000.0,1.0016782787501566,0.0009818462709277307,-157.54308832771898,0.07052890177265382,0.003326360078614298,9.030819452685432e-05,-174.55762941664258,1.6791311467491752
210_Narrow,2564892500.0,0.9971022636151736,0.0011919746047997835,-157.6997010859753,0.06588840771023804,0.0032894969306775644,0.00013885753216015076,-174.09191636114227,2.1276193845748823
210_Narrow,2564895000.0,1.00032532393601,0.001051939373095794,-157.48733570157378,0.10325280334241314,0.0032894533953466993,6.861422548392896e-05,-174.22501146531127,1.5027121786200053
210_Narrow,2564897500.0,1.002451547659509,0.0012179674328316977,-157.71867701480045,0.10381298421364148,0.0032858039068331957,8.222546766899578e-05,-174.69011186873666,1.5523816134567416
210_Narrow,2564900000.0,1.0029919586421394,0.0013745258983707367,-157.9047076008825,0.07674743375288814,0.0033048682449233744,7.747555886002828e-05,-174.94290778626748,1.34181879797045
210_Narrow,2564902500.0,1.003637293281862,0.001361141648159404,-157.82548833063802,0.060412942544779635,0.003299606266252861,0.00010127330836062643,-175.62784514189042,1.774337903700201
210_Narrow,2564905000.0,1.0039159680513055,0.0009851355410446202,-157.8193695803921,0.05652839760426783,0.003309536374424316,7.81021426711305e-05,-175.44984510249773,2.109151252292147
210_Narrow,2564907500.0,1.010462407316374,0.0008908400139473302,-157.9143624463328,0.07723027242645399,0.00336749859691266,0.00011521125214370033,-140.0241840242667,112.38722390263007
210_Narrow,2564910000.0,1.0116459494784489,0.0011849035199849973,-158.2564938837727,0.05170611090823352,0.0033037354755885667,5.242206112218945e-05,-175.78974391941935,1.3320789995956142
210_Narrow,2564912500.0,1.0043498960055333,0.001314266321210169,-158.06651241343926,0.05608621261128892,0.003284829541732404,9.078564210364981e-05,-176.15014347587183,1.1345339313034382
210_Narrow,2564915000.0,1.005168439021605,0.0014617471283848485,-157.2838189243293,0.06155832006484904,0.0033335436006773985,6.29238076160039e-05,-175.078498799977,1.1524815331845513
210_Narrow,2564917500.0,1.0072185293550926,0.001251632131229056,-158.07211026096118,0.07459962374531413,0.0032706416388633085,0.00012175412182982257,-175.49684016243032,2.1767682320719572
210_Narrow,2564920000.0,1.0006641092528665,0.0014165878091077387,-158.08606009732247,0.05004378668610099,0.0033417742421152407,0.00012179794847823837,-174.79763772782968,2.1781262573985543
210_Narrow,2564922500.0,1.013247150684367,0.0012860086811393066,-157.3306752650272,0.0633498346971854,0.0033386718008522986,0.00011201858660225722,-175.59192140866497,1.6532109949985376
210_Narrow,2564925000.0,1.002192481099272,0.0010307747574495121,-158.7000926237138,0.08134256734593849,0.0032815405417517944,8.993202033243e-05,-176.2423788836573,1.6369951681038362
210_Narrow,2564927500.0,1.005817256997588,0.0008684854234250429,-157.89000050425355,0.06754359601211089,0.003331682552981141,8.117112588818673e-05,-176.0844278314977,2.0165742066617636
210_Narrow,2564930000.0,1.0032381152838956,0.001221307775587529,-158.1326389452979,0.0614778897133314,0.0033476003877217406,9.896226425457717e-05,-140.61350817465993,112.56799927331562
210_Narrow,2564932500.0,1.0035519178890606,0.0012141089716199618,-157.9813103141544,0.0592006019892179,0.003286343041356432,9.059644367295373e-05,-139.7992225667736,111.47014135251239
210_Narrow,2564935000.0,1.0093252637437684,0.0010010611305891995,-157.32845789377635,0.06281291762211096,0.0032870955736004283,0.00011416441997927308,-174.69962235271558,2.4089065650857973
210_Narrow,2564937500.0,1.0026391568016209,0.0009578975655042882,-158.2643740932119,0.040054293499893284,0.0032511989469097605,0.00010247389510046243,-174.89363441677622,1.7623060342073107
210_Narrow,2564940000.0,1.0005334007555438,0.0016907671951491684,-157.6686873699877,0.04995901154540832,0.0032951690308870773,0.00010732843783213124,-174.61958217365265,1.278293921769791
210_Narrow,2564942500.0,1.0012596725753904,0.0013189470297104169,-157.85773439566486,0.10204735870477674,0.0033012241685147336,0.00011355241881477094,-174.5830149109559,1.5314303095570276
210_Narrow,2564945000.0,1.009707704159246,0.0010085556753315975,-158.08430328801091,0.0895648583257197,0.0033476415770050632,7.947571158239e-05,-175.2853335818218,1.39366770608585
210_Narrow,2564947500.0,0.999689094693321,0.0013154870259964487,-158.37714467142862,0.03999006353194443,0.0032702832220132517,0.000162837496596007,-175.82957133922454,1.5297882371940028
210_Narrow,2564950000.0,1.0053527553933599,0.0011198284969363818,-157.8101762915449,0.05095461223541493,0.0033306275379138967,0.00011663450881492306,-175.25296815700554,1.9575080745808637
210_Narrow,2564952500.0,1.0147923425932888,0.001175177251453325,-157.99047638872662,0.04607397327951499,0.0033721749256091444,0.0001113821105328075,-175.13621579267664,1.2588167770067336
210_Narrow,2564955000.0,1.0084428681428865,0.0010769086760894627,-158.08040056215032,0.09041033597504669,0.003334893182218705,7.833731896726706e-05,-176.44267918612397,1.6808602130116033
210_Narrow,2564957500.0,1.0040382357169058,0.0012800580428158992,-158.29580942389865,0.05987097885289873,0.003336138589185928,0.0001425352803205687,-175.2329441409077,1.4581104516525956
210_Narrow,2564960000.0,1.0102715427074442,0.0008721953779650539,-158.28346019561607,0.055131246602686514,0.0032690487363534666,0.00010040090077643473,-175.54360796425198,0.7833223532334694
210_Narrow,2564962500.0,1.0007176967131424,0.0012146422868528565,-157.47670892216718,0.03871511653717173,0.0033511795030322015,6.704713412149478e-05,-175.05534629563098,1.6589139127025423
210_Narrow,2564965000.0,1.0147475026903443,0.0012319605042424757,-158.08047035224743,0.10576306895848397,0.0033294439628236247,8.725359817555935e-05,-176.39161725660384,1.6279156874824634
210_Narrow,2564967500.0,0.9987092829209727,0.001024083524631327,-157.9869833182295,0.05924546224700397,0.0033526908981801845,9.006413411521681e-05,-175.25481561061645,1.845103039407998
210_Narrow,2564970000.0,1.0016404802501297,0.0014043104727393067,-157.93131239309545,0.0812463976485151,0.0032685612782377567,5.388792986604353e-05,-176.03712559078866,1.5930981697940485
210_Narrow,2564972500.0,1.0016488163177566,0.0012006492971186164,-158.13748965233904,0.08249147149944591,0.0033256283066913214,0.00010239076565983987,-175.63993749819403,1.260966939538317
210_Narrow,2564975000.0,1.012249778370732,0.0010282388518670475,-157.65275536488673,0.04310198974115734,0.003360958017723546,7.269589999848475e-05,-174.8416657733332,2.0367366479800553
210_Narrow,2564977500.0,1.0043255024745446,0.0007989793824848075,-158.1356207144126,0.0339314863182701,0.003256991506037606,7.629853624933004e-05,-175.30076004193265,1.2843642174907393
210_Narrow,2564980000.0,1.006400995429796,0.0015022687728794845,-158.1632271892909,0.0797799401872072,0.0033225408804463804,0.00010923482809406003,-176.43101350005242,1.070509382446877
210_Narrow,2564982500.0,1.0056044496204826,0.0009135315311281689,-157.8233821854669,0.08324775938434151,0.00331777259240212,0.00015469767555377698,-175.19325322303078,1.4413683969840816
210_Narrow,2564985000.0,1.0071509420305307,0.0015071592474434061,-157.96503186086431,0.04720435498038275,0.0032954940927117553,0.00013575445850599617,-174.79283112067662,1.3885982395924001
210_Narrow,2564987500.0,1.0022443760910904,0.0010117855081369599,-158.150807106827,0.08099883370523683,0.003246453036606504,6.35866030367762e-05,-175.5047233934788,1.110950102769515
210_Narrow,2564990000.0,1.0002011775336663,0.0017744093146332416,-158.16940601332234,0.056558148518295166,0.0033196150739958504,0.00010204965007459837,-174.7250439223293,2.1890938407301213
210_Narrow,2564992500.0,1.0100126172108537,0.0009937565393056253,-158.04843276296327,0.04986830980805026,0.0033468468441039912,6.475622412101687e-05,-175.78767929470362,2.6949778047539024
210_Narrow,2564995000.0,1.0041563112447185,0.0010862655603595171,-158.0037702222118,0.059170774709038206,0.0033367431595362593,0.00011650351243239082,-175.40159843180393,1.2087114301516237
210_Narrow,2564997500.0,1.0033582899157747,0.0012519231336708821,-158.24645949599935,0.0707034745937418,0.003321396180653766,0.0001391452254760973,-175.61953349150622,1.6118610899205454
210_Narrow,2565000000.0,1.0086495596886502,0.0015561576749843836,-158.49408375309181,0.08355855700773862,0.0033403937578680796,0.0001322047474570474,-175.48876636451894,1.3542791029261607
210_Narrow,2565002500.0,1.0112397340856865,0.000987408521616487,-157.8632005780383,0.03246683611478239,0.003338692003968584,0.00013095094069698804,-175.65247567450362,2.2248994157669624
210_Narrow,2565005000.0,1.0022261090041555,0.0012517585006726927,-157.77714489219883,0.05415205054170673,0.0033711236983201566,6.87881776587415e-05,-174.67605541662874,1.7359383807364892
210_Narrow,2565007500.0,1.0002963672389922,0.001130796556507069,-157.99793038285512,0.06439284480868682,0.0032682215322762382,8.52306160153983e-05,-174.72256057313078,1.8683603014298722
210_Narrow,2565010000.0,1.0040673256022998,0.0009796437002065634,-157.61596697437662,0.08888379246109322,0.0033241160535804753,0.00011716294038412373,-175.60752836489323,1.9900470354341022
210_Narrow,2565012500.0,1.0098730918223526,0.000989447168593008,-158.25489476927302,0.0883393291887279,0.0033667739220576845,9.69134419651948e-05,-175.73819740102198,1.8225773233255227
210_Narrow,2565015000.0,1.0007380501745564,0.0007848119437974674,-158.01766283573792,0.06435153720755707,0.0033681764232948567,0.0001236316954155346,-174.55432657004363,1.8378789334749774
210_Narrow,2565017500.0,0.9993892826845745,0.0007413547130477772,-158.28324858040932,0.07339064079069398,0.003309892070260988,9.010803509763853e-05,-175.19222689206566,1.3584284632311932
210_Narrow,2565020000.0,1.0054195138679107,0.001240139366711263,-157.9162415716258,0.03734912359621371,0.003347294127509198,7.71396993405953e-05,-175.25308498880472,1.9885867976851306
210_Narrow,2565022500.0,1.003882479334171,0.0017329204015709874,-157.73873022497511,0.07483795227484764,0.0033586368469302975,6.645826677143741e-05,-174.3705435491131,1.1134845953214083
210_Narrow,2565025000.0,1.0101633251591162,0.0010396489771429098,-158.6742784758126,0.0720757824143274,0.003252849692815671,5.912259148934178e-05,-175.29995591650447,1.9292323421508442
210_Narrow,2565027500.0,1.0155217491927266,0.00116107124113461,-157.97904208306204,0.06141587466608095,0.0033609368540493995,8.397250048775966e-05,-175.35496003372546,2.239680442922585
210_Narrow,2565030000.0,0.9957145036700474,0.000968374317116137,-158.36390990387727,0.05241727701257956,0.0033278319311194214,7.665493991354182e-05,-175.5874838878715,1.235331445164066
210_Narrow,2565032500.0,0.9936970524845885,0.0010817980135756611,-158.2182332988891,0.06535925087017128,0.0033392000085366827,0.00010704077072955718,-175.61787642662296,1.794032164215676
210_Narrow,2565035000.0,1.011742272539687,0.001235728910423176,-158.05957984997477,0.04393296235046656,0.0033319871012368004,6.974905216222415e-05,-175.87453262157186,1.669739077652866
210_Narrow,2565037500.0,1.0037949198394625,0.0011033862610219075,-158.0451907301183,0.05535310621430375,0.0033752640324472114,6.306434953565547e-05,-174.70615853203654,1.26241612825615
210_Narrow,2565040000.0,1.0048268320467384,0.001272083746112061,-158.26829004142763,0.06111373168275206,0.00329037269917305,8.218174383522962e-05,-175.29068530089864,2.3049809116647646
210_Narrow,2565042500.0,1.0052905790329394,0.001203524777917332,-158.15187140267963,0.06077523180207809,0.0032982262155432903,6.260916680409136e-05,-175.04763029417836,1.9448687779375458
210_Narrow,2565045000.0,1.0051515910947155,0.00075864611985059,-158.14683173799415,0.08644035036064998,0.0033672718753214948,7.113153022384364e-05,-175.27374601902397,1.549074435263053
210_Narrow,2565047500.0,1.0051804277909493,0.0012290918847874558,-158.3483980492187,0.047686603363332504,0.0033679824348828878,0.00010089575229410403,-174.70563804091336,1.2036995719122348
210_Narrow,2565050000.0,0.9985481409440428,0.0007387829589822275,-158.128374459129,0.11190381595581757,0.003293665293489118,0.0001177405143982843,-174.90157696036812,1.295815088009464
210_Narrow,2565052500.0,0.9981224752697261,0.0014353469434019682,-158.40642662898165,0.05172227589439989,0.0032955304718350416,0.00015059531142316694,-139.5380374254191,112.26381437203301
210_Narrow,2565055000.0,1.006343202726093,0.0007786768801245129,-158.16833298419786,0.0922238736873105,0.003315986602208436,6.07892517263971e-05,-175.2458733450921,1.1363077993224544
210_Narrow,2565057500.0,1.0049114970544801,0.0009751455273186722,-158.26426349279973,0.05869136306005777,0.0033368971798632017,9.98509409942852e-05,-175.1170326270921,1.5198210381274444
210_Narrow,2565060000.0,1.0062916182076187,0.0015034687993425247,-158.34317074971327,0.11252358150320103,0.0033647723202154633,0.00010665965200752678,-175.40464782436146,1.5391914162944913
210_Narrow,2565062500.0,1.0114655703853919,0.0011003750485012356,-158.59557217822586,0.05656598648383477,0.003382827023682473,6.414773715053166e-05,-176.5858256023051,1.3314067428101686
210_Narrow,2565065000.0,0.9992745699992069,0.001024278066787356,-157.71310805222276,0.06446073736080478,0.00333184646450021,7.07963627930465e-05,-174.90562775658597,2.01429541629262
210_Narrow,2565067500.0,1.0050320363610807,0.0007181137330990754,-158.3101690820558,0.06166516663916427,0.0033223947248911022,4.953877765449628e-05,-175.57211599756113,1.684638656175743
210_Narrow,2565070000.0,1.0094258547686956,0.0012087303710126296,-158.5999368867478,0.055304859437442164,0.0033898578276939126,6.17179013898132e-05,-176.01978268498917,1.486767895366666
210_Narrow,2565072500.0,1.009484970748002,0.0008966249897149949,-158.37640459540756,0.06138854630360924,0.003358158794221039,0.00010702258438476945,-174.9867579119815,1.3835504603982036
210_Narrow,2565075000.0,0.9930081581646999,0.001038232753965997,-158.20309031433996,0.07530740762649675,0.0032876797678332093,9.937491221288627e-05,-176.30839036895964,0.9716310261301323
210_Narrow,2565077500.0,0.9990163232080652,0.0015240011084922311,-158.29210955002736,0.05711398338792814,0.003327953162851665,9.97222796928138e-05,-176.28411421911292,2.0955388657436895
210_Narrow,2565080000.0,1.005308448942506,0.000770429447779136,-158.5838698671533,0.0393784861763019,0.0033145372467262156,8.132933835565116e-05,-176.16200517520022,1.5013093752897895
210_Narrow,2565082500.0,1.0041168251673729,0.001084909730966463,-157.88507147034227,0.07119657077358164,0.0033821460002448466,0.00010028441308280126,-140.63982955514305,112.30774165594246
210_Narrow,2565085000.0,1.0054142860273132,0.0014485838929396717,-158.54082047251137,0.08961674247498531,0.003432914253506854,6.726468948594471e-05,-175.3512111763414,1.3617233452567727
210_Narrow,2565087500.0,1.0046602709597898,0.0012394066760224934,-158.8892724501679,0.0992050336490619,0.003342386836682934,0.00010628258596112135,-176.76698828054498,0.5669206115611413
210_Narrow,2565090000.0,1.0043627911261799,0.0012914930674655708,-158.5107403834446,0.09931977602276863,0.0033255087139353583,9.519712275028948e-05,-175.86356277409118,1.5569376207991548
210_Narrow,2565092500.0,1.0105940778987255,0.0005159465413853959,-158.48973958346437,0.07102136200169322,0.0033751454366922557,0.00011657140601324412,-175.90884777325664,1.9030757382561514
210_Narrow,2565095000.0,1.001819450761453,0.0012674477705508938,-158.1631392661166,0.06929876331994402,0.0033706749440288782,7.94193702087857e-05,-175.37688191243672,1.4611578275238641
210_Narrow,2565097500.0,1.0070007621221417,0.0008913102976600949,-157.96782980983647,0.07362461417116882,0.003405850299117861,8.831516583934287e-05,-175.7318604156474,1.1019817715694675
210_Narrow,2565100000.0,1.003695103250254,0.001074147197716847,-158.5262091348036,0.07377559757895498,0.003377863630642534,8.790107808574924e-05,-175.18398621470172,2.126634722786427
210_Narrow,2565102500.0,1.0122380366247197,0.0009388283558940089,-158.10847530784548,0.05349514518682576,0.0033664339463315815,9.537032898412449e-05,-175.4376484148783,2.3049770885948733
210_Narrow,2565105000.0,1.0098876446107679,0.000945054632745081,-158.10843847277508,0.060066717391032844,0.0033501346708675983,0.00010025755874796968,-175.2691650201846,1.059029433742705
210_Narrow,2565107500.0,1.0023132731214828,0.0010572425095377563,-158.64609030233737,0.07534193066265557,0.003344727695137072,5.818097178288338e-05,-175.97685083714583,1.5156944702945543
210_Narrow,2565110000.0,1.0077835108949795,0.0008042425890144046,-158.32518533356546,0.041189175498931085,0.0033887790813528387,0.00010670586946874988,-175.1206569994581,1.3694883686477937
210_Narrow,2565112500.0,1.0042822566287508,0.0008102679372727517,-158.15819106389796,0.05023466863133554,0.0033272164726295852,7.103877325101371e-05,-175.2259509271721,2.075136205073091
210_Narrow,2565115000.0,1.0022092052235128,0.0013942987715535812,-158.29264757568717,0.08636227361030245,0.0033177581308834487,0.00010666213472323469,-176.20703391065987,1.841789167331623
210_Narrow,2565117500.0,1.0121561036610454,0.0016215404539275176,-158.3710298315843,0.0770392662838315,0.0033605400819578593,0.0001317817202487455,-104.38073426248964,149.27946971794287
210_Narrow,2565120000.0,0.9989033283851305,0.001331964788110824,-158.75812619593185,0.0448268422608289,0.0033360109197925706,6.949670816906801e-05,-176.33133308609038,1.765180417579695
210_Narrow,2565122500.0,0.9973160581469027,0.0008624370294103171,-157.97786801745508,0.07929397580044395,0.0033154874932873526,7.811558679293528e-05,-175.5626599831951,2.1809634651355143
210_Narrow,2565125000.0,1.006327120315188,0.0012687301225345379,-158.5233371597099,0.04559202231638799,0.003324837716742479,8.460008940442714e-05,-176.54703038612465,1.8551514473464388
210_Narrow,2565127500.0,1.0064643484188258,0.0008346349289705204,-158.30173096650896,0.05765822068387573,0.0034000757638807683,0.00012886557026461874,-176.79846122083188,1.6436326924642486
210_Narrow,2565130000.0,0.9963015394276244,0.0014990630123069022,-158.65149340247137,0.07397991306373125,0.0032977136077778015,9.36070775943129e-05,-176.43561003566913,1.4435458725390606
210_Narrow,2565132500.0,1.0149050645124977,0.001723693693820518,-158.1656532426938,0.0673311865442262,0.0033670965831599873,9.083017116892582e-05,-175.76073420211108,1.6785695315613651
210_Narrow,2565135000.0,1.0010060623357864,0.0012091935406424272,-158.31521005546335,0.06050744794565743,0.003390228352038319,0.00011098010734212312,-174.97768438559166,1.2087834825885624
210_Narrow,2565137500.0,1.0126017569500618,0.0012387858783506182,-158.31029843058556,0.05165640180633549,0.0033694267163281453,0.00011392582828881161,-175.57865309434456,1.7631993080132164
210_Narrow,2565140000.0,1.005259226992317,0.0013122127883693755,-158.8489897068881,0.10508629623805887,0.0033827303617623063,9.010902027200013e-05,-175.7851301172001,1.690032833507313
210_Narrow,2565142500.0,1.0029745641330445,0.0010387181264719986,-158.48143239507243,0.074206862093723,0.0033583429800351132,6.96083863940036e-05,-176.4860957308546,1.4297413588939216
210_Narrow,2565145000.0,1.0055202564628336,0.001287739560264808,-158.61363603071612,0.05951892546620733,0.0033958852884247498,0.00011651576898577666,-175.37618348734756,1.8723670155123688
210_Narrow,2565147500.0,0.9988931148907895,0.000996543695669237,-158.68860630156937,0.04953077124104976,0.0033971378013454147,0.00010192787176995886,-176.15480431488024,1.5890772008040424
210_Narrow,2565150000.0,1.0039191409621622,0.0014014845548047418,-158.48088663156128,0.059996489725663765,0.003413589779139962,7.330879603125222e-05,-175.19467203433248,1.730796788470133
210_Narrow,2565152500.0,1.0004709486528405,0.0009913432896709287,-158.8513076257018,0.06697554147819289,0.0033096432035801975,6.915262035389066e-05,-176.2092399861803,2.0187692404961637
210_Narrow,2565155000.0,1.006886698043678,0.0011324980629045746,-158.91712354330912,0.06202885171018577,0.0033479584682786566,6.945731114039955e-05,-176.02496699285206,1.8973868117662858
210_Narrow,2565157500.0,1.006656071805995,0.0014418675872102061,-158.44786502572776,0.06968094417359637,0.0033782770121549843,8.800048255539367e-05,-176.16448319133977,1.6074241925325639
210_Narrow,2565160000.0,1.0091649810528658,0.0014513353244026508,-158.43302294211102,0.06298851679171075,0.0034168968779622303,9.964058244028521e-05,-174.8853646219567,1.5353698972572727
210_Narrow,2565162500.0,1.0099261669377209,0.0012160111493819225,-158.0450808118452,0.059847958886476024,0.0034325219173025738,4.6398139430175656e-05,-175.95950825580195,1.8453381875767272
210_Narrow,2565165000.0,1.0040905674262088,0.001265561815368856,-158.6303981503506,0.09623194326346812,0.0033625984002977178,9.811840637554216e-05,-175.946783611647,1.460901963530869
210_Narrow,2565167500.0,1.0101401784367334,0.0012071856982505008,-158.55620787844362,0.07488492732651096,0.0033315036733967923,0.00012334910327409923,-176.1001026315831,2.2307632964344033
210_Narrow,2565170000.0,1.0029231593021222,0.0012187879529579958,-158.42314545902397,0.049566300788550795,0.003421606470917072,0.00013198478659202996,-175.47214442988982,1.536044642204005
210_Narrow,2565172500.0,1.0051716108441264,0.00146033156210249,-158.54159522639765,0.06536528045823288,0.0034193895552019336,8.181543013586818e-05,-140.80413922781517,112.49610394624322
210_Narrow,2565175000.0,0.9970013457917081,0.0005300591087650413,-158.84865295267537,0.06461753527469208,0.0032999493809802755,7.417991350221342e-05,-176.2955975723413,1.2756870638827975
210_Narrow,2565177500.0,1.0034050307619125,0.0017740988806269832,-158.63444638805998,0.06343122539026111,0.0033457229155944156,6.374134127476196e-05,-141.03734605867015,112.72025576999226
210_Narrow,2565180000.0,1.0093752689507631,0.0012318571889676241,-158.97361352349472,0.051529226556200874,0.003421926016428309,6.76764164638213e-05,-176.62659631652252,1.5619721520012457
210_Narrow,2565182500.0,1.0006845482931324,0.0012374284972266393,-158.76453327962733,0.07452698811013826,0.0033264228750974623,3.0806457110483996e-05,-175.6523531362325,1.4719267771901166
210_Narrow,2565185000.0,1.000009636126508,0.0005883220106914969,-158.43531884430536,0.07489308732132191,0.0033553219371099323,0.00010214315618503943,-175.5855753799989,1.5228310566715528
210_Narrow,2565187500.0,1.0139834532106986,0.0016200728506788056,-158.79581702296363,0.06370878437238991,0.003358525116398351,9.946141398133492e-05,-176.32006512008138,1.4742865724917298
210_Narrow,2565190000.0,1.0046286471702834,0.0014221313100045076,-158.48948381688476,0.06840829846663883,0.003412656093026221,5.957790333560194e-05,-176.34387024235642,1.811956826751444
210_Narrow,2565192500.0,1.0024798667518846,0.0005832867798239584,-158.81310523548396,0.07525841662120265,0.0034511399339260873,7.921246331872932e-05,-176.77544811116746,1.2343921518194954
210_Narrow,2565195000.0,1.0032939644891714,0.0013769837486612927,-158.89873377363793,0.04818992970833703,0.0034279278428876506,7.609664654864044e-05,-175.6364578210741,1.4407622979677492
210_Narrow,2565197500.0,1.0010361944744126,0.0013255035925152535,-159.09161092421905,0.056430742298396105,0.003379144147708552,0.00012863007299254974,-176.88828533135197,1.5911163028174875
210_Narrow,2565200000.0,0.9985753815548625,0.0013389226982613222,-158.24100125143676,0.04812670914283424,0.003352396949577046,9.296293658326717e-05,-175.602706799754,1.95557672546944
210_Narrow,2565202500.0,1.0022059651713981,0.0008344210204026542,-158.48473450466503,0.05601543368107085,0.0033532147597447656,5.248962485146288e-05,-176.81634865616525,1.759171150216001
210_Narrow,2565205000.0,1.00297545887599,0.0013649937807628442,-158.57815584797348,0.058178032138599,0.003381612299286242,9.764159342552761e-05,-176.24151097778596,1.5749329525357345
210_Narrow,2565207500.0,0.999417384734096,0.0011277613206078672,-158.92493871601036,0.07602587250279363,0.003342903077711067,7.206291096265109e-05,-176.61065896481264,1.1281587248430056
210_Narrow,2565210000.0,1.0030403130382217,0.0009725916868204565,-158.17543157651306,0.07803203767772854,0.003350684793298952,0.00011115862392997963,-175.25558611388993,1.569641217759592
210_Narrow,2565212500.0,1.0048408051937665,0.0010297465776227376,-158.81941276046376,0.07684627972772215,0.0033473846190054954,4.658630713674432e-05,-176.54859489725288,1.5097771781232623
210_Narrow,2565215000.0,1.0098006492145644,0.0008242929431450513,-158.33780530551232,0.06460063154713715,0.003394553370357155,7.541446094333864e-05,-176.1563530723387,1.7643977493475935
210_Narrow,2565217500.0,1.007835143129179,0.001119077610846381,-158.86282026418627,0.097896994471014,0.0033460877812002796,6.102312922694342e-05,-176.58386076804516,1.4426886476791967
210_Narrow,2565220000.0,1.0030946565346335,0.0009937061190742752,-158.61211933374034,0.03430490584027149,0.003362276518629484,9.20386514860397e-05,-175.95144087219148,1.0427394274343502
210_Narrow,2565222500.0,1.0055954675512535,0.001189352201846089,-158.29553934606994,0.05329350369744558,0.0033782045732709378,8.37203107067959e-05,-176.1421635462195,0.8090019047501615
210_Narrow,2565225000.0,1.0030082980612078,0.0010518343119101479,-158.57693302158745,0.08872221348120174,0.0033433088557076303,0.00012754459864853295,-176.31560096332828,1.5541086481840218
210_Narrow,2565227500.0,0.9990188243464909,0.0014450246287881418,-158.74088365677417,0.08665773052359323,0.0033964906756001048,0.00011585953378821899,-175.53053044258616,1.8505475305833832
210_Narrow,2565230000.0,0.99675684735905,0.0010331113339589195,-158.11777226877197,0.059188946143993934,0.00342740248924452,9.568572524574425e-05,-176.0654247275057,1.1272156933736162
210_Narrow,2565232500.0,1.0009326469477708,0.00173882164643904,-158.27952554159197,0.06041368289025037,0.0033724097254983604,8.657115231364592e-05,-175.58117186646365,1.4388814114630042
210_Narrow,2565235000.0,0.9977429849958901,0.0011410042250218767,-158.7349877968906,0.0656061367292583,0.0033914121667847153,9.139773613141107e-05,-175.80456385425498,1.238334704440132
210_Narrow,2565237500.0,1.0128801611074139,0.0008685496908387702,-158.58149739596627,0.08275652995103368,0.003350361869441665,0.00011014799718216745,-176.31840841914146,1.6891827035697466
210_Narrow,2565240000.0,0.9940467126704063,0.0019223076809514426,-158.07845828713036,0.050986897522031366,0.003298030802963283,0.00010758887388444547,-176.3299877213335,2.003407553431475
210_Narrow,2565242500.0,1.0071577243496375,0.0008885944392755603,-158.39010474404336,0.08793871535870235,0.0034159987666058885,7.98529595209296e-05,-175.88256868140718,1.4447432588175537
210_Narrow,2565245000.0,0.9990713828823218,0.001046092999164847,-158.87524178038362,0.09422576459764814,0.0033964952429581616,8.649164150579954e-05,-176.34728105713273,2.4933777370145616
210_Narrow,2565247500.0,1.0122174595366988,0.0009968424828949106,-158.8847532230802,0.09048556286904771,0.0034666588844692826,8.795129027860298e-05,-176.80624074445055,1.4560868226437857
210_Narrow,2565250000.0,1.0003422461601472,0.0010154078554634428,-159.09421970876417,0.07608761520649794,0.0033836441095561874,8.964732389408392e-05,-176.08307648619765,1.2079714607534495
210_Narrow,2565252500.0,1.0105025235613792,0.001354538716858877,-159.47041272313277,0.09096621668871986,0.0033825200224537424,0.00010190125822722782,-177.2556771662169,1.5990429763919753
210_Narrow,2565255000.0,1.0056015549636461,0.0007106602213051788,-158.51995996758106,0.055961326789251635,0.0034101328464934645,8.829382967327235e-05,-176.07541576229573,1.8492830301879721
210_Narrow,2565257500.0,1.004152655893586,0.0009559835831038302,-158.81610447340069,0.09077325852224981,0.003403226356553793,0.00011249370708202815,-176.37807267220165,1.8473972329115627
210_Narrow,2565260000.0,1.0084792988858475,0.0007190484205261717,-158.52649215217772,0.07587412272828858,0.0034217626993180827,0.00013110765479040437,-175.36229623562264,1.5869696074807225
210_Narrow,2565262500.0,1.0073136183575597,0.0007437287836510915,-158.55242892224211,0.0516508183247702,0.00347068228645841,0.00011543208386938986,-175.7629042771551,1.9612164486386188
210_Narrow,2565265000.0,1.004796539203646,0.0014649235516847573,-158.705830602736,0.06313892513868509,0.00339896524701195,0.00010248476217839942,-175.82187880412596,1.4886747584516953
210_Narrow,2565267500.0,0.9969597363730237,0.0011083439414849659,-158.2172341582257,0.04385687590038124,0.003366496094222562,8.204434500341492e-05,-175.65606851895248,1.1643647178691723
210_Narrow,2565270000.0,1.0080471275791996,0.0017330435832657455,-159.03115068596966,0.057027420855867664,0.0033508885756364363,7.07246989070441e-05,-177.22535864048263,1.706158551866478
210_Narrow,2565272500.0,1.0190183218335318,0.001150187735612618,-158.60522980009998,0.05463017807267876,0.0034783357848998365,8.038498758045858e-05,-175.36077217288286,1.3314389066774825
210_Narrow,2565275000.0,0.9925230613088852,0.00151327454770162,-158.58492281173702,0.05616396314743234,0.0033558576060247944,9.181337974831367e-05,-176.36993576662505,1.4797573181926786
210_Narrow,2565277500.0,0.9953791553258549,0.001092687784116137,-159.09836294529455,0.05644509778591035,0.003388701462434023,8.998858215574658e-05,-140.5571732208654,112.59714241167498
210_Narrow,2565280000.0,1.0005697135287999,0.0011841053235446734,-158.5177758585919,0.05222240544993892,0.0033999017908553884,0.00013600189165248317,-176.0970530062053,1.2307678739255623
210_Narrow,2565282500.0,1.0089097075329143,0.0011165098196895121,-158.92499049156595,0.07358613935938738,0.0033911474549488526,7.969114343245804e-05,-176.59307640793878,1.12496820514775
210_Narrow,2565285000.0,1.008721805948754,0.0015263807213919966,-158.63334048428624,0.10403276080181742,0.0034783815427627597,6.751518752782377e-05,-176.26668360191564,1.3742332134733664
210_Narrow,2565287500.0,1.004458785856571,0.0014904768038001294,-158.60858634653457,0.06251337634227455,0.003370611888223758,8.625599194064527e-05,-176.71072240848468,1.950421332706593
210_Narrow,2565290000.0,0.9979268718578137,0.0016718593551712977,-159.33607521582994,0.10212798693897801,0.0033646780961410043,0.00012121578431400064,-175.89300651557525,1.6492336685775324
210_Narrow,2565292500.0,1.0059133715065152,0.0010174787645659885,-159.03994315346318,0.05954689797016292,0.0033621734444395004,0.0001104192504921357,-141.41965321113148,112.80102546119804
210_Narrow,2565295000.0,1.0076852876784879,0.0012521374871628723,-158.62246216740346,0.03672190960866539,0.0034782906647625495,9.550729251326057e-05,-175.84142470192296,1.2159893846994905
210_Narrow,2565297500.0,1.0024899838452621,0.001088074030767112,-158.95939171250546,0.061436371374717094,0.003375107976710134,0.00011286333921812723,-177.4010762429371,1.4929882451402288
210_Narrow,2565300000.0,1.004027991452623,0.0010506091666344802,-158.49163510133937,0.07039489622536485,0.0033727432972982052,0.000136847848436296,-175.48874923405947,1.3402868457259687
210_Narrow,2565302500.0,0.9965847536046245,0.001126101541009879,-158.84209698966865,0.06972093723825888,0.0034377190432513705,9.563505592820955e-05,-176.5888284376699,0.8225051810357179
210_Narrow,2565305000.0,1.0011037512608014,0.0011362439737668223,-158.7591765197409,0.04208463896772902,0.003410991033895399,9.922350501783079e-05,-176.86006481524475,1.829532038677335
210_Narrow,2565307500.0,1.0055130772793788,0.0011014661682983854,-158.85136009479737,0.0674935227966658,0.0034183903749211574,9.711063358958787e-05,-177.1984168600161,0.6416423198739892
210_Narrow,2565310000.0,1.0054729046735806,0.0018987314981955693,-158.7626204465448,0.050727949538658376,0.0034116418895989596,8.48257842226839e-05,-175.86878646577372,1.4843391679684605
210_Narrow,2565312500.0,0.9970188883807536,0.0012234531156451768,-158.70315521095657,0.05039737858044669,0.00344513321677264,9.385025325844979e-05,-176.08589000211512,1.0049779279943847
210_Narrow,2565315000.0,1.0059686985036698,0.0011790820605927634,-159.1028645922897,0.053429164460833,0.0033422647603113293,8.394776400516118e-05,-177.07455261681793,1.2207939269074524
210_Narrow,2565317500.0,0.9983381100774663,0.0015579290334731457,-159.1119531189055,0.05443362644155764,0.00338882442838912,7.827501068154887e-05,-176.0948672266155,1.8547803724749465
210_Narrow,2565320000.0,1.001156233463677,0.0012180672184109054,-159.10469772650362,0.07771053824619142,0.0033782646381422935,5.7435203261317765e-05,-177.42238554415724,1.296658012123281
210_Narrow,2565322500.0,1.0024413495900288,0.001320946057144665,-158.95979133581292,0.05206444410301352,0.00336506891509079,0.00010104983094950484,-176.71159732576058,0.7399021065929265
210_Narrow,2565325000.0,1.0054002907063586,0.0011333554032181873,-159.29838802505927,0.05207470560285682,0.0034270183730483812,6.573712215060145e-05,-140.99012058499184,112.32110535917032
210_Narrow,2565327500.0,1.0016270947508557,0.001690173867011653,-159.2933735024802,0.07790779377721407,0.0034302991011790226,6.47639092467472e-05,-141.0314475452857,112.38883359803755
210_Narrow,2565330000.0,0.9984359727771347,0.0013529248699115654,-158.8429143861587,0.06390031373795538,0.0034236005865832275,8.86150796741089e-05,-140.884575467807,112.63144971614359
210_Narrow,2565332500.0,1.0066607389787032,0.0007775122989918248,-158.67483068118707,0.0588916264262473,0.0034004435827607762,0.000135559610689123,-176.83605521629755,1.5875581896607416
210_Narrow,2565335000.0,1.0039231712310128,0.0006720995342176096,-159.01945537455623,0.0693287079504527,0.0033806164920583913,9.935636190907499e-05,-176.68015990935507,1.56049529102827
210_Narrow,2565337500.0,1.0069374041042916,0.0009477247815203323,-159.20802454414525,0.03215754296524663,0.003403575199124504,7.61177660384525e-05,-177.13254287886397,1.2969608969080941
210_Narrow,2565340000.0,1.0021135443743852,0.0013283724294261485,-158.83667178096374,0.07512202908798608,0.0033854089880330208,0.00011120613790049839,-176.27853966426707,1.70601608425414
210_Narrow,2565342500.0,1.0023833719852568,0.0008567550280245807,-158.91748761823604,0.0635952878592355,0.003379579358877669,9.94736431062788e-05,-176.85118435650043,1.6559967275363652
210_Narrow,2565345000.0,1.003220352763536,0.001020817795481231,-158.75684354102498,0.0817339613430781,0.003464599061432827,0.00010360661982981398,-176.17016511552504,1.2940586698826406
210_Narrow,2565347500.0,1.007790970738192,0.0010158771702454225,-158.89523187649067,0.05803261857362643,0.0034167041765056994,7.486707994597986e-05,-175.95658470153984,1.8835947533914192
210_Narrow,2565350000.0,1.0043402753516184,0.0012736122230793542,-159.39307417218816,0.07100036763669032,0.003400775664667301,9.138922494557842e-05,-176.59159844288692,1.5462263213649772
210_Narrow,2565352500.0,0.9954991160785304,0.000581041824519294,-158.9709085390392,0.058049253923256224,0.0034015860753056604,0.0001243074626542206,-140.59333744772763,112.36723237392815
210_Narrow,2565355000.0,1.007599705920053,0.0015392081543747788,-159.27756919412465,0.04857999750845405,0.00347327747626293,0.00011791724612299686,-141.86615183062665,112.57800364523845
210_Narrow,2565357500.0,0.9976598000329612,0.0010322409026971746,-159.0104845704166,0.043844907288310274,0.003451399986552477,0.00011779624955846638,-175.8725804144388,1.1596738772974047
210_Narrow,2565360000.0,1.0074592988811464,0.0010047057165507823,-158.7354178917551,0.06705157976756565,0.0034606337979409744,9.060251096905137e-05,-176.64619532472176,2.050279057789544
210_Narrow,2565362500.0,1.0011091773080925,0.0011350269142260375,-158.850453276238,0.056256863452961256,0.0033879973279665803,8.191515681915889e-05,-177.06058238506503,1.6370746757995271
210_Narrow,2565365000.0,1.0056598500277558,0.0007460058806193348,-158.85988660817137,0.0562646701050399,0.0034172112472169967,0.00011019269726007175,-176.01344831969695,1.7471614706948442
210_Narrow,2565367500.0,1.0025081668566742,0.000859727607091076,-159.30928537248124,0.08327281077188664,0.003386338071335848,0.00010715403588693445,-176.91585628974437,1.2060665545691187
210_Narrow,2565370000.0,1.003295923085767,0.0010247765777229945,-159.06114004491258,0.06221490152654664,0.003403244823266791,7.572616988568371e-05,-140.6684012218631,112.45472201606054
210_Narrow,2565372500.0,1.0017156763771973,0.0010185293768743414,-159.20492623025268,0.03922866414591099,0.003433195700969542,0.0001080862381944681,-176.62996858937362,1.8236773709765552
210_Narrow,2565375000.0,1.0058815799658947,0.0015430400963570609,-159.0952698150448,0.0595130129802592,0.0034453106163731973,0.00013494294461010185,-176.68495121135498,1.9022409457720744
210_Narrow,2565377500.0,1.0101666080538745,0.0010142946190721447,-159.0410806547719,0.04047082413686777,0.0034580980004209534,7.280753878271394e-05,-177.3532333766617,1.627034362079061
210_Narrow,2565380000.0,1.0015715346417733,0.0012755284673850325,-159.19547054046689,0.07898855029573158,0.003427998158465967,8.919074963846444e-05,-177.0850480896187,1.9369499568347983
210_Narrow,2565382500.0,1.000033363045917,0.0009024833453627692,-159.23710818616968,0.042158450211453036,0.0034329262309123723,7.96928823401324e-05,-176.97793744935774,1.7723732082431585
210_Narrow,2565385000.0,1.002624207479011,0.000898147113375907,-158.55643955533964,0.0516533868733068,0.003436962047227332,9.971464894443725e-05,-176.56657959864978,1.319244344759118
210_Narrow,2565387500.0,1.008437138763316,0.0015139061147559883,-158.99910672344618,0.06516544117747855,0.003455503180299431,8.031926231516932e-05,-176.2272281224803,1.3838783143463476
210_Narrow,2565390000.0,1.0112809390077415,0.0012162533832800167,-159.00385880419353,0.042548374122953814,0.0034512292799528882,7.822012108671889e-05,-141.6918122604035,112.55553277830003
210_Narrow,2565392500.0,1.000306551916573,0.001613820894082554,-158.92793706644042,0.07624614571831985,0.003453118521829258,5.9192350118377695e-05,-176.92273370533016,1.0909448917615299
210_Narrow,2565395000.0,0.997984713185179,0.001262596654546506,-159.36187933545304,0.07161498090056015,0.003450554500728041,6.488489240437086e-05,-176.54509456028944,1.5819702092736185
210_Narrow,2565397500.0,0.9982502839576887,0.001637455270239515,-158.80787506598557,0.06974657926060684,0.003459176739874965,9.981875751563888e-05,-176.5590489187574,1.5933862147557039
210_Narrow,2565400000.0,0.997839811364304,0.000772071413448001,-159.1198228568644,0.05881223080109,0.0034041220157315618,0.00010727427973427126,-177.06227404611766,1.7851342546411595
210_Narrow,2565402500.0,1.0098501800948751,0.0010584646778562087,-159.20033387641917,0.06836627462774031,0.003412161085442616,0.0001425673601093912,-176.98631502933895,1.316375949737181
210_Narrow,2565405000.0,1.0010818467870954,0.0007626702745919879,-159.12743165467546,0.07676436548598536,0.0033708529617986435,7.215687082534608e-05,-177.27694949209913,1.7044196685668032
210_Narrow,2565407500.0,1.0011537977368474,0.0011698241435027239,-159.04685579012843,0.06526241447027492,0.003463419234485297,0.00012461069671477887,-177.01791867081323,1.1228324623537969
210_Narrow,2565410000.0,1.0055333426961517,0.0010668947507822162,-158.97539253579728,0.06721854839159613,0.0034497464350371166,6.857568814274778e-05,-176.1968478372977,1.7766661106366826
210_Narrow,2565412500.0,1.0037988390538055,0.0014140246190361254,-159.22587360559197,0.09945199962035667,0.00346922945026689,0.00011560893839108337,-176.85566959346033,2.036728236802208
210_Narrow,2565415000.0,0.9970752094188629,0.0006372372063583855,-159.1418738088252,0.059947782361927486,0.0034848815884607103,9.550141438982808e-05,-176.6212072963686,1.2787147056494843
210_Narrow,2565417500.0,0.994191519485733,0.0010287574134437273,-159.13549627085618,0.06918467778259715,0.0034379391780934208,6.321247824379308e-05,-141.38606779001373,112.40452121756311
210_Narrow,2565420000.0,1.0052332486080473,0.0012313519051899804,-159.46969412087415,0.08099347384304094,0.00345838203669469,0.00010596085856103692,-178.10397945570577,0.9935437223101217
210_Narrow,2565422500.0,1.004820992575011,0.0012127462222026842,-159.21060912192155,0.05298886866858075,0.003418259272480911,8.663301312295454e-05,-176.5408822485045,1.282390566710926
210_Narrow,2565425000.0,0.9985705593267453,0.0012898732411961782,-158.76298472112006,0.051932745212852495,0.003377308909289185,0.00011465371832928019,-176.15493358375102,1.3545477106368218
210_Narrow,2565427500.0,0.9918041893220012,0.0010875137496020747,-159.36091078336815,0.06599756786323323,0.0033893030070566354,7.040416022765703e-05,-176.1813882393436,1.0157774245650424
210_Narrow,2565430000.0,1.001252515192168,0.000937184363944631,-158.84284531188374,0.07262270566657081,0.003531979603192157,0.00012888208369565474,-176.55564840419635,1.7355816803070534
210_Narrow,2565432500.0,1.0026391425018388,0.0009907297345688691,-158.74639273091947,0.09914149122667036,0.0034306397516216157,8.30164513088038e-05,-176.82676506234677,0.7677188563941705
210_Narrow,2565435000.0,1.0038428696651018,0.001867717505926816,-159.30274014507447,0.07262957653208273,0.003394293895727606,6.223666900474383e-05,-141.04850379482363,112.37474495607125
210_Narrow,2565437500.0,1.006609132309594,0.0008780104654174511,-159.2461759631638,0.12054582541003757,0.0034155454218860676,7.281160774443982e-05,-176.21909942382015,1.8947473544394133
210_Narrow,2565440000.0,1.0028924047748455,0.0011243337600373372,-159.30211475923562,0.06082585847938327,0.003450561788020246,7.600760739951699e-05,-177.6593062030558,0.6134414522844303
210_Narrow,2565442500.0,1.0054107211526906,0.0009624624908205611,-159.03985450563715,0.09028351542047318,0.0034842227930126876,0.00012482214325218162,-176.53564451614596,1.4574395964730573
210_Narrow,2565445000.0,0.9981524792186129,0.0009863573032104609,-158.7025675409015,0.06264304606537621,0.0034847431115224824,8.130984487431018e-05,-175.9409323526188,1.5608546229660532
210_Narrow,2565447500.0,1.006032204519054,0.0009919486407270943,-159.30999581302916,0.0870407874898367,0.003433966189343113,9.036509099967566e-05,-34.855892368481996,184.50495571538644
210_Narrow,2565450000.0,1.0035735323236772,0.0008250665797475762,-158.85350019043776,0.08304661007651658,0.0034473414353770916,0.00012174035793913671,-177.4097291770229,1.1209100490882833
210_Narrow,2565452500.0,1.006271228595956,0.0012812741531580693,-159.21272315795125,0.05828175268209325,0.0034580772782181373,0.00011598836373572345,-105.36565094741243,149.95151988540243
210_Narrow,2565455000.0,1.0073402342687832,0.0012281116617533288,-159.23156153539654,0.06456899422714922,0.0034160461456580957,9.286796519882632e-05,-177.42967320127875,1.5548698969378496
210_Narrow,2565457500.0,0.9948640933606021,0.0009706956049430928,-159.4057543367817,0.053440751141983094,0.0034498534715977597,7.477355840690441e-05,-142.09462067345103,113.15260987327684
210_Narrow,2565460000.0,1.0066379770393286,0.001117064170972727,-159.27639731642896,0.057412604748270535,0.0034913680045456667,0.0001274016923477106,-177.1110116750561,1.588168859022429
210_Narrow,2565462500.0,1.0001958544654275,0.0011714135241326648,-158.75968166188383,0.07531946366175851,0.003473658778588638,7.13265255265833e-05,-176.33211055071354,1.220165799019858
210_Narrow,2565465000.0,1.0023044928261415,0.0010924026247353333,-159.02154601952319,0.029947369605390118,0.0034516090594041773,8.840504560334974e-05,-176.55905276550698,0.881993584429161
210_Narrow,2565467500.0,1.0121909963924398,0.001556655602876109,-159.15041902596886,0.10052518965032768,0.003439012158553785,8.894902584583618e-05,-142.27119849071084,113.1249613368538
210_Narrow,2565470000.0,1.0008344732356873,0.0013844743671630156,-159.06283750615262,0.0578546208786119,0.003549546156267426,0.0001272508732434114,-177.77507524755572,1.5054500786872784
210_Narrow,2565472500.0,1.0058241779846635,0.000717402097658742,-158.7133190914253,0.026311065370304216,0.0034669455651904443,9.769098250132002e-05,-176.41902343822056,1.5764475291286475
210_Narrow,2565475000.0,1.0007310639747866,0.0016958224189078438,-158.76057247818545,0.06731116860985795,0.0034711358496576587,8.728398937455156e-05,-176.0344512534372,1.4547435166799192
210_Narrow,2565477500.0,1.0084603792706954,0.0010882042759485426,-159.75468597797044,0.07832726589981222,0.003429737291757717,6.539374593093825e-05,-142.528976882203,113.0050048754717
210_Narrow,2565480000.0,1.0020290618082717,0.001015025968799955,-159.18342031662002,0.06808313034090797,0.0035025192643166492,9.181804870002814e-05,-177.45681981420483,1.6495274523959906
210_Narrow,2565482500.0,0.9946900253185551,0.0010346792355838896,-159.21842021142112,0.062395200534463464,0.003432095708515148,0.00011348965091219426,-141.50953485516806,112.84801006929565
210_Narrow,2565485000.0,1.0005424572880435,0.0009538106610985299,-159.02016603251695,0.06362038616536604,0.0033746391293948607,0.00012010489009528376,-175.82332267514403,1.2065615295031797
210_Narrow,2565487500.0,1.008840076486115,0.0007416708187828338,-159.0091739069022,0.07062689577226916,0.0034462508619494663,0.00011991031050357769,-140.3177956335932,112.50029141350961
210_Narrow,2565490000.0,1.0016447476049224,0.001177620667248657,-158.76390518547691,0.04334602260930608,0.0034372631686367294,0.00011870768821710695,-175.93553161420894,1.6356868448167488
210_Narrow,2565492500.0,1.0084849272535625,0.001035653792815053,-159.19902519951287,0.08404058475523178,0.003429161685099987,0.00011521085143083078,-177.2385225956216,0.599288723948946
210_Narrow,2565495000.0,1.0016070840028455,0.0015717119628606475,-159.35917651472187,0.07056331371286569,0.0034455494122772575,9.066355682304997e-05,-141.80092015347915,112.63184932223696
210_Narrow,2565497500.0,0.9996734750284414,0.0010558503621686131,-159.21511849320973,0.09733234377198445,0.00338826971600476,8.478610784228673e-05,-177.14016529897972,2.0235170029418184
210_Narrow,2565500000.0,0.9958742842870477,0.0009506240881537589,-159.22434295149102,0.07772558364121294,0.003526538911062741,7.764947888067772e-05,-176.57767407184483,1.6150700500496216
210_Narrow,2565502500.0,1.0004752677420239,0.0018073114852488693,-159.45303432995524,0.08261023838654159,0.0034600190681977772,6.689407079825284e-05,-176.62251741034126,1.5891765249818064
210_Narrow,2565505000.0,1.0014518944534714,0.0013364972920834003,-159.30169054480484,0.07748951843557803,0.0034356199976204624,0.00010906286758456136,-176.8962719845523,1.1920138965532114
210_Narrow,2565507500.0,1.0043690824252238,0.0008644194468094866,-159.5196155094762,0.06096285790277646,0.003496161355394525,7.880637457296648e-05,-178.17109266106667,1.4628565426538898
210_Narrow,2565510000.0,1.0074395111447974,0.0012236868659761307,-159.56945653519702,0.05606337559861524,0.0034468153721886738,6.2623196384047e-05,-177.19965718491238,1.033745827818852
210_Narrow,2565512500.0,1.0013394867171874,0.0012914410899719441,-159.31996430117118,0.07363598523823378,0.0034194099829576684,9.29962555380199e-05,-177.07775854274382,1.0147678244647647
210_Narrow,2565515000.0,0.9980273066169014,0.0008313239641374858,-159.2814676778779,0.06680640305492343,0.0034784132589566097,0.00013232607545555374,-141.60506717888885,112.5752783037482
210_Narrow,2565517500.0,1.0148433638140153,0.0011196605760255191,-159.6413335185776,0.07546744011850869,0.003505227320004643,0.00012258198438957235,-141.99676468238468,112.53628281601559
210_Narrow,2565520000.0,1.002139645825236,0.0009907531647354074,-159.42696125963286,0.0737434085612904,0.0034937128157927167,0.00013358919557150431,-178.38178678993944,1.285588748593681
210_Narrow,2565522500.0,1.004991850964978,0.0010118107518843806,-159.43599941156802,0.09432271163564292,0.003447845362851411,9.886179305270998e-05,-177.06463440973727,1.5218195609615428
210_Narrow,2565525000.0,1.007078551914979,0.0013227148530908042,-159.35626929005477,0.06331898489752272,0.0034642940634727905,0.00010967964834821347,-177.90780591527,1.3750185758983862
210_Narrow,2565527500.0,1.0068773418346304,0.0023164532011833187,-159.11664075139538,0.06779584200251218,0.0034536776463734396,0.00010454759654394861,-141.8323501490836,112.62928224271083
210_Narrow,2565530000.0,1.0048332057882983,0.0010673403127319239,-159.45906579447265,0.057555924504021305,0.0034559860453833,0.00010061317356877142,-177.74795965002664,1.7011736360467538
210_Narrow,2565532500.0,1.0059050277520412,0.0011712777830452006,-159.1960502825895,0.05335297924457545,0.0034466724667036484,8.828687617671888e-05,-176.88114901866564,1.5526711213400324
210_Narrow,2565535000.0,0.9983957540447618,0.0013271595627714697,-159.6197476310831,0.05811339076883589,0.003460939290210377,5.6588790804263125e-05,-141.47404815494397,112.75058172311094
210_Narrow,2565537500.0,1.007510389426163,0.0012272907430904438,-159.51185458550273,0.051810879906170546,0.0034868845616973635,0.0001532535831855966,-70.25561347449538,172.13174317191726
210_Narrow,2565540000.0,1.0008747614779439,0.0010796437241410155,-159.6292399142723,0.0896445413082756,0.003461793557603837,0.00010484118333789055,-177.4901194825961,1.0903676121121275
210_Narrow,2565542500.0,0.9984365744385156,0.0010076103190834872,-159.66065482045457,0.05516897394331534,0.003463428349148811,9.02804401987521e-05,-177.65755809279315,1.2008398308255994
210_Narrow,2565545000.0,1.0073389865984999,0.0006426395118315696,-159.12461155754548,0.06425124563732112,0.003467052569513004,7.514917754933516e-05,-176.37110728287274,1.6247080794296918
210_Narrow,2565547500.0,0.9984873893917684,0.0013216374689382752,-159.42621513311425,0.04913835951001273,0.0034787432933909954,6.75545855448688e-05,-141.21838434634125,112.86935598065023
210_Narrow,2565550000.0,1.0079764648841611,0.001162958478421787,-158.8398122020759,0.07156343734420902,0.0034978053541918296,8.34526402831728e-05,-176.88813725178338,1.8004197502722243
210_Narrow,2565552500.0,0.994064063219859,0.0021603169314147875,-159.3202875203085,0.0625123091261633,0.0034835980686071287,9.753000651826388e-05,-177.38285168207247,1.385755540220019
210_Narrow,2565555000.0,0.9948560352080767,0.0006913372331257416,-159.54891159436795,0.05190127163557677,0.003496902192768793,0.0001221743936919497,-176.7085107916692,1.7319314111319486
210_Narrow,2565557500.0,1.0036953243412852,0.0009026502848690842,-159.30671599742107,0.049288769553596956,0.0035291572589754698,0.00014508248901902185,-176.0869779809779,1.4871824222309764
210_Narrow,2565560000.0,1.0080221247544858,0.00129477864948096,-159.88947336961118,0.07656968858517922,0.003472405796004759,7.582796543013103e-05,-141.91948533241174,112.96584482660057
210_Narrow,2565562500.0,1.0028191233253465,0.001023512238365541,-159.87904554457285,0.06040118037446797,0.0034621923751276483,7.48441706763278e-05,-177.11464260848922,1.5256951086406025
210_Narrow,2565565000.0,1.0015998280486071,0.0007449356430174414,-160.14248284728183,0.05806297948618333,0.003480719310851903,6.613881510390692e-05,-106.13996554480373,150.4045242140086
210_Narrow,2565567500.0,1.0000940031270216,0.0006041695861207641,-159.77945489722717,0.027933054851042412,0.003492630266929561,8.047643204939801e-05,-141.25779098580412,112.19062068307318
210_Narrow,2565570000.0,1.0048829609418863,0.0013161689585229485,-159.39701402273815,0.06196027978309764,0.003410644049090792,0.0001073432821987437,-142.00461403490857,113.08789400824526
210_Narrow,2565572500.0,1.0083840273352402,0.002224441006936421,-159.78301764475248,0.06523892996767697,0.00343443117307777,7.980560408711845e-05,-106.9924806570901,150.83327910395963
210_Narrow,2565575000.0,0.9986779594336248,0.0014276363195268422,-159.41300605108387,0.08912025815267624,0.0034322204050426875,4.4591550016805146e-05,-177.70071539814762,0.8794279367543996
210_Narrow,2565577500.0,1.009684723009847,0.001083657357384535,-159.6499954630276,0.08922421992973227,0.0034723039439064148,8.232968053936616e-05,-177.8567770306188,1.0136397794098966
210_Narrow,2565580000.0,1.0011614485458968,0.0009237519027328735,-159.6960854127239,0.0728846637647774,0.003464590810779109,0.00012147608181993444,-141.90294187228244,112.94842783786906
210_Narrow,2565582500.0,0.9987397241028808,0.001567299605237985,-159.165992405073,0.045961041674427175,0.0034707701125068122,8.187132079145651e-05,-105.73487308861603,150.06573340280224
210_Narrow,2565585000.0,1.0026441941358029,0.0015400186825383815,-159.50011578697223,0.06081103255725169,0.003457851774477248,6.931182442140139e-05,-106.46375945596162,150.59116435669554
210_Narrow,2565587500.0,1.0145875174551988,0.0014016806143393927,-159.07619543257397,0.07675909234734575,0.0035565173029387196,0.0001136806154986919,-106.27475093229077,150.60496884456376
210_Narrow,2565590000.0,1.0016622714860748,0.0011593820970271674,-159.60286320528058,0.07338444322170021,0.0035052587973772057,7.89251250162774e-05,-176.99042468311288,1.6229694736065567
210_Narrow,2565592500.0,0.9999777321511034,0.0009907936100755316,-159.31314702519555,0.03839726137743515,0.003476426605610936,9.714471848210379e-05,-177.10781653844336,1.0337869405225528
210_Narrow,2565595000.0,1.0045861572651464,0.0012567966530621364,-159.65559844891985,0.07232946023886273,0.0035176756253631567,0.00013185922448780824,-177.58083445830806,0.9647121403343906
210_Narrow,2565597500.0,1.0066609448718813,0.0015872820574171426,-159.3284433503953,0.055081078123720824,0.003453114727330559,0.00013551108666521705,-176.97982255563278,1.850740253682156
210_Narrow,2565600000.0,1.0051082825835245,0.0010218029154622048,-159.52298821595528,0.0877315234211628,0.00344615418641059,0.00011984907458632327,-105.9833584100364,149.56970381373807
210_Narrow,2565602500.0,1.0031876999052118,0.0018250129917056989,-159.37812885987464,0.08344348175961917,0.003446186665520632,4.960212026066169e-05,-177.47037483448364,1.1494763478865913
210_Narrow,2565605000.0,1.0021207756900659,0.0010012979245256441,-159.39902167723827,0.09181762636571349,0.003455811513570327,0.00010259767630237153,-141.13309471011297,112.44760379014195
210_Narrow,2565607500.0,0.9982437383504581,0.0010129250967464878,-159.43379714175074,0.05745378305161827,0.003522922732837326,9.531988254890296e-05,-141.21790791944207,112.68691460957106
210_Narrow,2565610000.0,1.0013752023151359,0.0008127859688767461,-159.5835031088624,0.041701332811034254,0.0035355279731438326,7.225274333619255e-05,-142.31362771103142,112.99588721923466
210_Narrow,2565612500.0,1.0043455337270781,0.0010909277591148365,-159.64787289463092,0.0556117879168481,0.0035154100853708944,8.977805608188007e-05,-177.17231469371694,1.0463131299577004
210_Narrow,2565615000.0,0.9963533242070967,0.0006823711851029571,-159.74052857457355,0.08509658612779832,0.0034576838518590534,0.00014495615882295624,-106.55816837080076,150.7551795072688
210_Narrow,2565617500.0,1.0074247819094133,0.0013286597051370462,-159.72800315891251,0.07151815960029319,0.0034984645427410008,0.0001159417255539419,-177.44106591449625,1.032307077775708
210_Narrow,2565620000.0,0.9945082711960576,0.00141802132118037,-160.0294155117264,0.07736659160306275,0.003394823636694026,8.536267176569254e-05,-142.58413718494737,112.94115492795126
210_Narrow,2565622500.0,0.9990216565775315,0.0014075655666688698,-159.83207879263162,0.060578718674595314,0.003498376659616048,6.897842770498544e-05,-142.6397364340856,113.14786631175227
210_Narrow,2565625000.0,1.0004261588452885,0.000833865037798512,-159.03155595397482,0.07195156333114085,0.0035032677485537017,0.00010217595708952561,-178.19595246552706,0.6486943502559742
210_Narrow,2565627500.0,1.005528348575373,0.0009901359903023517,-159.54228401304366,0.052263061478657766,0.0034985692807065,0.00011300032364031168,-177.61415094185256,1.1680649703053203
210_Narrow,2565630000.0,1.010967978645563,0.0011773709802326443,-159.6405393716687,0.06832125046743986,0.003503457472102981,0.00011319178210539945,-177.34096455418123,1.505512655871841
210_Narrow,2565632500.0,1.0037900648575109,0.0012413285084987653,-159.7220329231237,0.05397870561624965,0.00354505990204623,0.00011196712907189897,-106.27897126839954,150.41996671253216
210_Narrow,2565635000.0,1.0070142185475452,0.001174416343275904,-159.54607768849652,0.05192096284552418,0.0035366436828429357,7.877048230808622e-05,-177.01567353546506,1.5535716814251614
210_Narrow,2565637500.0,1.0085498338763654,0.0008926901166428584,-159.82480812864338,0.0952176523272709,0.00345747536038559,0.00013697145950277898,-177.6883103807438,1.2491278486635682
210_Narrow,2565640000.0,1.0026687481020806,0.0010649473437804012,-159.67255497341245,0.05965896563736593,0.00352728866147482,8.325961177002003e-05,-105.46593847665227,150.20696073843047
210_Narrow,2565642500.0,1.003646604625226,0.0015939375136388612,-159.45862771072865,0.048541749423741086,0.0035479661299428217,0.00012254053674778554,-177.33323343912812,1.5057306802867192
210_Narrow,2565645000.0,0.998163733280754,0.0012015299098278784,-159.5738769000465,0.0701173825360788,0.0034827156523755958,0.00011116968158808394,-106.3216337510975,150.87459541792762
210_Narrow,2565647500.0,1.0028906680530643,0.0009268095244501594,-159.58964356190862,0.0672892392708121,0.003558993782200656,6.508723843695611e-05,-178.20864564492734,1.3101686571297888
210_Narrow,2565650000.0,0.9973726186053826,0.001052544690089228,-159.65257615083954,0.07515503066334389,0.003439221476943664,8.039131362704944e-05,-106.32953286058215,150.84619441855602
210_Narrow,2565652500.0,1.0060909884869302,0.0015081648657282653,-160.030920424933,0.0850464764776159,0.003444089082278028,6.394697172944811e-05,-69.89864039698446,172.28303595082906
210_Narrow,2565655000.0,0.9980626018044634,0.0009231110789837878,-159.62757866039243,0.06610570284614942,0.0034765464549951757,9.940988625732776e-05,-177.53987043181962,1.2416293779486953
210_Narrow,2565657500.0,0.9979864092671029,0.0008214401297492225,-159.661844977699,0.07136337990982403,0.0035060926506563558,0.00013206477874494184,-141.99625183664762,113.14231786331858
210_Narrow,2565660000.0,1.000719614032592,0.0010660285026984405,-159.95696066630296,0.05209543444259632,0.0034929622903997954,0.00014253509784583306,-178.20746854311233,0.9969346634116208
210_Narrow,2565662500.0,1.003324027401026,0.0009111211349698134,-159.8575097863276,0.06215966578479407,0.0035471380422144394,7.71337077267314e-05,-141.74537057257325,112.97494438719727
210_Narrow,2565665000.0,0.9964802909260826,0.0008121728279364902,-159.8150737487527,0.06089571798820612,0.0035076950135391593,0.00012688052828506628,-141.7539798736881,112.90994042478552
210_Narrow,2565667500.0,1.0076797776811683,0.0005746290083493657,-159.90878286179606,0.06655739326455684,0.0035098409247684742,7.912455706366523e-05,-141.79009926715676,112.95283868252035
210_Narrow,2565670000.0,1.005023922484985,0.0015171460543765567,-160.2567658561652,0.056110645661263656,0.003497421692840445,6.14375599677156e-05,-178.20983756624082,1.352582167858433
210_Narrow,2565672500.0,1.004514621363059,0.0011478589063375546,-159.87957360137213,0.05069255353802626,0.0035139198013791075,5.418152866030655e-05,-107.05328261776879,151.04024240169926
210_Narrow,2565675000.0,1.0012900056102667,0.0009312073608853499,-159.69132169164595,0.061469803032830936,0.003497526805920574,7.091019584895195e-05,-177.7815215882508,1.1446835311734116
210_Narrow,2565677500.0,0.9956336651699086,0.001478722995122036,-160.00014246136584,0.07009799388770167,0.003510679859172432,0.0001118664233480223,-142.34642220204015,112.76680377344724
210_Narrow,2565680000.0,1.0117068034582868,0.0011175468677288175,-159.94316488582106,0.0576023301190758,0.0035236040780055587,0.00010897720114882657,-142.30088226618133,113.10771500828682
210_Narrow,2565682500.0,1.0073218756626572,0.0013956567437020467,-159.8304600117655,0.04574628025977489,0.0035122237040772393,8.648403770391393e-05,-142.10255304111027,113.09285323367102
210_Narrow,2565685000.0,1.0062256654635722,0.0009671510066904904,-159.2012861701179,0.06618958554611788,0.003513554612521036,0.00010136043628741836,-177.67139797168244,1.2246072120607696
210_Narrow,2565687500.0,0.9976418249165112,0.0013133212403116617,-159.69417360633565,0.08030245837323348,0.003543281073068947,9.572652929589989e-05,-106.63668672124759,150.4142488756739
210_Narrow,2565690000.0,1.0030013907559474,0.001367159272151322,-160.17244685744157,0.061967904332619665,0.0035819495548907497,6.902916161631626e-05,-106.53513958535898,150.57343938092015
210_Narrow,2565692500.0,1.0043053263364026,0.0013905068141465183,-159.49589890670612,0.0727025015899333,0.0035525793316756355,8.38490534163991e-05,-142.3904869948511,113.23352916683953
210_Narrow,2565695000.0,1.0040933375447632,0.0016483008958924534,-159.7293691007633,0.09284351222470112,0.0035910531192949067,0.00010449984509207918,-106.01431506901993,150.17739383421784
210_Narrow,2565697500.0,1.0040845133224865,0.0011120527836997129,-159.71403664248928,0.05150293958061215,0.00354198571156592,8.906945688451641e-05,-177.8617990135068,1.0228874821660083
210_Narrow,2565700000.0,1.0026424918322956,0.001086914916893747,-159.561934857146,0.05800662301599342,0.003512662074141101,0.00010343885550401848,-141.70642738524805,112.32150150926526
210_Narrow,2565702500.0,1.00115328083592,0.001108985038278039,-160.2340181987709,0.07670397208109715,0.003501893880906197,9.181013620584188e-05,-142.2880415008136,112.94657226604386
210_Narrow,2565705000.0,1.0065226621173595,0.00148051144369404,-159.61508580411095,0.040362627732811546,0.0035473606396883434,9.971192187204937e-05,-70.47769884786355,172.49842563157694
210_Narrow,2565707500.0,1.0044374024760785,0.001012592126839486,-159.84334021920347,0.07465961119903079,0.0035054615680152274,8.30881956480362e-05,-141.96938310443687,112.93210711044384
210_Narrow,2565710000.0,1.0003829737431575,0.0008854761222719407,-159.86924502341907,0.07054629892988573,0.003498089160784765,7.44433690806135e-05,-141.85057079966688,112.8450303363095
210_Narrow,2565712500.0,0.9985899630385283,0.0008650152205513567,-160.00561488308472,0.06691863003885129,0.0035487498093487013,0.00011225918798552418,-106.6703471805094,150.63106781122525
210_Narrow,2565715000.0,1.0039920985749582,0.0011773084857634166,-159.436669346902,0.0855691628597068,0.003484406194780229,0.00010615981442849754,-178.08528827671992,1.0317264837322957
210_Narrow,2565717500.0,1.002797437862351,0.0015902325630502046,-159.97061346484176,0.08670266158752067,0.0034664311879979114,0.00011235319091163305,-106.46426016772999,150.71335942113933
210_Narrow,2565720000.0,0.9951680206775478,0.0011662641468250508,-160.03926686024764,0.0933298555774649,0.0035417285864585346,0.00011016818410843011,-141.5519034977279,112.92329259997462
210_Narrow,2565722500.0,1.0148623275858082,0.0010459262196644197,-159.7792350132307,0.08342084476249549,0.0034897310260239276,0.00010524242054156353,-106.22557861687056,150.5812587075566
210_Narrow,2565725000.0,1.0062484226406037,0.0011046041269727345,-159.90854466359656,0.07363158074844851,0.0034954715690243177,8.741956393451063e-05,-177.19265415684586,1.3277275083688551
210_Narrow,2565727500.0,0.9959789605876852,0.000976600830391327,-160.0211052310133,0.07755124728386407,0.003481063964498803,0.00010289948030936954,-177.56750142107535,1.710350086208082
210_Narrow,2565730000.0,0.9997465724856088,0.001114087213551545,-159.97655313185453,0.05932772978344611,0.0035491228841590234,0.00011401459593741642,-106.04069427694598,150.59318295562815
210_Narrow,2565732500.0,1.0046544628238054,0.001442921764560675,-159.4314804961419,0.05531662831535034,0.0035951038147444395,0.00011935546090883898,-141.9985488005398,113.1426564400516
210_Narrow,2565735000.0,0.9942820381036077,0.0009402410089411428,-159.7847421122708,0.04663695294766939,0.0034778336296392718,7.997869462613356e-05,-141.19453997151896,112.7863473513382
210_Narrow,2565737500.0,1.0054221746166396,0.0015756894578132924,-159.90138941216998,0.07525136513273034,0.0035540178700262407,0.00010774809880217528,-141.38676871336259,112.92108352918584
210_Narrow,2565740000.0,1.0008595948510728,0.0009990269765122347,-159.68866891970313,0.0662508297636641,0.0035047883770353396,0.00011094964732293398,-141.81673172538507,112.88233371395961
210_Narrow,2565742500.0,1.0002467733440485,0.0008515658082569948,-160.0198342220189,0.09919182818221048,0.003527139609753281,7.45968889355885e-05,-141.7264047462727,112.94029216730951
210_Narrow,2565745000.0,1.0102363975816269,0.0012703433827565634,-160.2242032788049,0.03403693736866547,0.003540477398669249,9.073284568055897e-05,-106.27429867153208,150.6057552400955
210_Narrow,2565747500.0,1.007224775601041,0.0013643948675429946,-159.63672436553088,0.06696690820514221,0.003538664507380338,0.00010678716476636604,-141.96479357289004,113.09104498435232
210_Narrow,2565750000.0,0.9995702896739118,0.0011638566342176012,-159.4240056229524,0.058505956549293796,0.0035072659720667442,8.251455317206737e-05,-177.34837784640877,1.9958162491255487
210_Narrow,2565752500.0,1.0054140951303168,0.0014157087747747453,-160.32953230566764,0.04257062922386823,0.0035169333448930363,0.0001465407622694933,-142.69032507722426,113.30905091760198
210_Narrow,2565755000.0,1.0020587298514345,0.0011906974800045802,-159.92972584211296,0.05526469257044173,0.003480443448849638,7.036696177354151e-05,-177.339435575505,1.780593986964547
210_Narrow,2565757500.0,0.9984942770966148,0.0008883385107481709,-159.72733132740655,0.07367808653787206,0.0034975714415447687,9.044954568966837e-05,-141.64552637156564,112.91905065350045
210_Narrow,2565760000.0,0.9961807235135117,0.0012490787352048415,-159.88430733895865,0.07666803650744373,0.003456676219222507,6.182429532767259e-05,-178.37912384259056,0.8376046736614121
210_Narrow,2565762500.0,1.001656924433602,0.0017811768774427107,-159.84504900677112,0.030321707486927297,0.0036044243569266486,8.982700792810338e-05,0.23377823234596065,188.40458693886066
210_Narrow,2565765000.0,1.0013280658621613,0.0013236058896112998,-159.97776973712877,0.10441183572399404,0.0035526269160863827,9.689500973569733e-05,-141.40637786957205,112.70317143119829
210_Narrow,2565767500.0,1.0035883652416548,0.0008074044536703142,-159.90740753089628,0.08625365100531342,0.003566957551274683,6.124394620760331e-05,-71.20809292802416,172.28525303841124
210_Narrow,2565770000.0,0.9971996176158292,0.001360394813754882,-160.13601158109873,0.09297229732019835,0.003540564504685281,0.00012038723658008867,-106.62325921426397,150.83684211575644
210_Narrow,2565772500.0,1.0012109559938607,0.001191748189681658,-160.3817637969276,0.07110434320339616,0.003526464260555432,9.516380225882987e-05,-71.24772422256147,172.19402051718717
210_Narrow,2565775000.0,1.0041409964302181,0.0011773154710003032,-160.01696825634806,0.04541986132234176,0.0035486244127729584,5.121855396722148e-05,-106.36345993378865,150.58146986888374
210_Narrow,2565777500.0,1.0016002228644008,0.0007616945856992223,-160.15936836551685,0.09617639189618503,0.0035354634799348956,8.326564784589277e-05,-141.98258554231268,112.92531524009684
210_Narrow,2565780000.0,0.9978869857754354,0.0013256951440205208,-160.18347916731952,0.03698663192621125,0.003504085906447567,9.040577419026027e-05,36.482965675064975,183.8927657740884
210_Narrow,2565782500.0,1.001689482351268,0.0010157081749763482,-160.06874859220855,0.04160802639964213,0.003568385648093664,8.132733596753019e-05,-106.77465408227,150.77137900886763
210_Narrow,2565785000.0,1.0012461554586332,0.0009493221856797018,-160.23853280348072,0.08160557203046027,0.0035425140855706878,0.00011690811909213752,-71.04540088072743,172.836280531158
210_Narrow,2565787500.0,1.0056241954907152,0.0009106072065021754,-160.12503332518642,0.07284965933478864,0.003539631397038349,0.0001174270173444182,-70.29567382480634,172.21495850328435
210_Narrow,2565790000.0,1.0005208144995046,0.0011339493673076936,-160.09802205561695,0.06729017596193786,0.0035951145188307184,0.00010443587056172289,-107.26670351136627,150.55193558010578
210_Narrow,2565792500.0,1.0045103831987143,0.001215960148336889,-160.32729123567984,0.0908334497411557,0.003604801413894727,6.643751722856305e-05,-142.2122276834984,113.18255469662022
210_Narrow,2565795000.0,0.997923017480136,0.0006654140346460621,-159.76247411727715,0.038077198536304674,0.00353019705755954,6.545524160559407e-05,-106.60791593631735,150.6895720367312
210_Narrow,2565797500.0,0.9993302906540711,0.0012435855219071633,-160.0356130084495,0.04730272356725527,0.0035723085611367132,8.668383822325297e-05,-71.33203047390444,172.8448436960196
210_Narrow,2565800000.0,0.9996560982853588,0.0009516565059985877,-160.1765846303755,0.06872857226465552,0.003531144280078307,8.402407489776789e-05,-178.34314394257143,0.9527466835572416
210_Narrow,2565802500.0,1.0081146544661608,0.0008790781621385355,-159.93812362370898,0.09457853313592691,0.0036038928612283465,8.128970443331193e-05,-141.72008560310064,112.73915635525209
210_Narrow,2565805000.0,1.002029089560798,0.0012544246131017435,-160.08246865875992,0.06430732715209131,0.003553358610230985,0.0001176390105191701,-142.56476586916637,113.26527104219646
210_Narrow,2565807500.0,1.0043111466035324,0.001105206472414225,-160.20287214772193,0.05576923511014175,0.003543716885171514,0.0001143372542598961,-178.29060928870553,1.1238004690597465
210_Narrow,2565810000.0,1.0063598115426602,0.0013433540639321232,-159.97443289439423,0.05279909994502712,0.0035962478914281937,8.436181231115843e-05,-177.7309895621674,1.336090273860057
210_Narrow,2565812500.0,1.0097346890427763,0.0015020450455753074,-160.43940695195369,0.055682134971951826,0.0034953581106996912,0.00012062772700637262,-71.51222114014892,173.03941346962836
210_Narrow,2565815000.0,0.9982109300525623,0.0008081673318505129,-160.6138596856529,0.043940602190566024,0.0035171075984277633,8.716975967179385e-05,-34.98541506782418,183.8537695542772
210_Narrow,2565817500.0,1.0028466997994523,0.0015010729047756468,-160.36964472416983,0.06764618085736641,0.003549154740757991,8.092205558174312e-05,-34.70247097791692,184.20958559200398
210_Narrow,2565820000.0,0.9954401188184304,0.0013716208538852512,-159.60825132201947,0.08333944682479481,0.003516269199354029,7.710170693727127e-05,-106.28048588489355,150.4316201127227
210_Narrow,2565822500.0,0.9973579210509554,0.0009682069117996775,-160.02335049455183,0.06691225513835576,0.003598964837432258,9.011259450430313e-05,-70.89933089859392,172.60813989315295
210_Narrow,2565825000.0,0.9965901571619405,0.0015011101971467641,-160.04895667918046,0.05000222370272376,0.003578817395232315,7.962495419188875e-05,-106.46174145696021,150.9129632875553
210_Narrow,2565827500.0,1.0013315437182917,0.0011780437552914764,-160.2658463288163,0.08091192166944222,0.0035706049688538385,0.00010989259246633776,-141.95916437053816,112.87329363034593
210_Narrow,2565830000.0,0.9913865678391376,0.0016482681764190866,-160.09244866439084,0.06262006402463512,0.0035668448113417043,9.160966153376215e-05,-178.29466102006947,1.3821622242083282
210_Narrow,2565832500.0,1.0064243870549978,0.000744695912963435,-160.36924982399884,0.07624273721984187,0.0036227995832824765,0.00010203902599426694,-70.34626468337724,172.3933528019796
210_Narrow,2565835000.0,0.9978253537304717,0.0013217221152945528,-160.11626282854527,0.05443998170741307,0.003564418567990753,0.00010006085151419259,-71.07200591590302,172.6950024802179
210_Narrow,2565837500.0,1.0024338348211543,0.0010469636676208316,-160.12875796058216,0.056716277109646725,0.0035992737000494356,0.00010637295348600412,-142.3173866841395,113.00116695709667
210_Narrow,2565840000.0,1.0099896638031662,0.001191313408440208,-160.04790835785798,0.08385803488712691,0.0036485133328700296,0.0001307958949017689,-106.87799304138885,150.88493756187572
210_Narrow,2565842500.0,1.000018865779334,0.0011318670473259283,-160.35247366603144,0.047296612673374164,0.0035548077315513352,8.563086829604644e-05,-35.47244474494192,184.61975282206447
210_Narrow,2565845000.0,1.005372714131954,0.0016458350936862964,-160.24640573781193,0.07528947997519785,0.003613353221992034,7.623030680323785e-05,-142.0175789881262,112.97933589572814
210_Narrow,2565847500.0,1.0052392210237908,0.0009527414369746119,-159.86515395172148,0.08133276023446555,0.0035654659013783477,7.240882704167297e-05,-70.80448814732806,172.12738343704103
210_Narrow,2565850000.0,1.0013840204892652,0.001576720222859667,-159.85528596401477,0.07939737721451798,0.0036559759243884105,7.748169214765982e-05,-70.79850895274788,172.23837135029885
210_Narrow,2565852500.0,1.0047210214439772,0.0019510772640224676,-160.4245447721914,0.05438023134446918,0.003572048906983967,6.944618848360238e-05,-71.34001255352293,172.3773782274338
210_Narrow,2565855000.0,1.0043583142245898,0.0011871109937541002,-160.3803855296356,0.051262191211654935,0.0035808769645240537,9.226283843848249e-05,-34.45088955837889,183.30666088975798
210_Narrow,2565857500.0,0.9996005770661495,0.0010612275907916774,-160.41539129811272,0.07270112411932989,0.003561031150005361,8.719594143331544e-05,-35.42129017727829,184.50499558017523
210_Narrow,2565860000.0,0.9964111362881972,0.0013492224137549313,-160.36883628011338,0.06912886455952717,0.003580038773301427,6.77263300081662e-05,-142.47302248034546,113.01894317593563
210_Narrow,2565862500.0,0.9978759492122029,0.0012340468862870725,-160.284564134657,0.05841106053647677,0.0035538913834356547,0.00011354415201538308,-178.26165997649107,0.7553221171980644
210_Narrow,2565865000.0,1.002190962160898,0.0012804888828942327,-160.23718784183893,0.06564846795043587,0.0035663058875709808,9.477948093790632e-05,-106.80280170213119,150.396723200441
210_Narrow,2565867500.0,1.0058639831681706,0.0012647399558038232,-160.1480965929531,0.07105802899107334,0.003618530028358128,0.00010582069338199356,-106.7497425389429,150.56777255588247
210_Narrow,2565870000.0,1.0079493281673788,0.000783877709535249,-160.32481697128523,0.054951356268574364,0.00357527832228158,0.00012940026033768715,-107.43884678576127,150.83784555679708
210_Narrow,2565872500.0,1.0073919214267535,0.0013590430955283388,-159.83163969689042,0.06839624519874397,0.0035854054194807573,8.409401056408502e-05,-178.03335079911622,1.3785409822940389
210_Narrow,2565875000.0,1.0002356312010257,0.0010239267581257654,-160.8267146735161,0.08067006035137003,0.003562301304687265,7.019234805795387e-05,-71.37887911213552,172.88418606544042
210_Narrow,2565877500.0,1.0074248412194728,0.0012740531335151321,-160.0000936039158,0.07658368452919222,0.003563847182228669,0.00013077485603162344,-106.94138646330124,150.8986346873895
210_Narrow,2565880000.0,0.9999820127601063,0.0011010394544753682,-160.30479300900578,0.059834669618873945,0.0035773997862494416,0.00012637799047228565,-143.03443742020326,113.48303232056655
210_Narrow,2565882500.0,0.9977574071452248,0.0010089594209462247,-160.56998493608742,0.05183058850711445,0.003606312601131877,0.00013047473278421606,-35.27165407640335,184.78127559073778
210_Narrow,2565885000.0,1.0014562508695288,0.001103202145451436,-160.26281867071904,0.0669909237240843,0.0035419476092345675,0.0001014083445191479,-107.00869762743001,150.9322052084205
210_Narrow,2565887500.0,0.9933188244180281,0.0010065237087205946,-160.3481600491702,0.06723230946144451,0.0036108957671148983,9.596787687098972e-05,-70.34034732721773,172.52537542591563
210_Narrow,2565890000.0,1.0032706902358064,0.000965991506942243,-160.24996916041874,0.04691628096308962,0.003570149570774302,0.00012121049645763786,-178.49199716702267,0.8472558797798174
210_Narrow,2565892500.0,0.9968973807477933,0.0008100011509581751,-160.48479160562357,0.05598384708562587,0.0035769269657135723,8.149525945343177e-05,-36.0521785106524,184.75309997052236
210_Narrow,2565895000.0,0.9997249227258417,0.0012242540452827722,-160.85239525619147,0.07120048991755663,0.003615789123244527,8.531385427559421e-05,-107.24550400254348,151.0693115865539
210_Narrow,2565897500.0,1.0114932996972195,0.0008507644147197008,-160.77241279103433,0.06333705611441685,0.003628579439535345,9.710361391872858e-05,-71.04393141973156,172.43043071436756
210_Narrow,2565900000.0,1.0052501171945896,0.0005865254985580695,-160.64105305942567,0.042469044377157865,0.003573602493924604,0.00013084718149307352,-0.004894242014640326,188.24659499381917
210_Narrow,2565902500.0,1.011599078632527,0.0010986415834243226,-160.54077898898313,0.08977296004899492,0.0036138556435976322,8.318589288059639e-05,0.31057921641524616,188.54366106660893
210_Narrow,2565905000.0,1.0021271217608243,0.0009535891145137763,-160.39729804116996,0.06448454252949366,0.0036051533464640188,8.6188469852943e-05,-106.4297676720895,150.6014217030334
210_Narrow,2565907500.0,0.9958224116219299,0.001181831883596164,-160.22672610569498,0.05176647207755379,0.003571643483867705,9.56939441966765e-05,-141.83748938103116,112.97045632543406
210_Narrow,2565910000.0,0.9998608302472577,0.00048053512230928486,-160.15131011375865,0.08638708529760304,0.0036136557347829215,5.721652599339548e-05,36.121755296744546,184.2125275256433
210_Narrow,2565912500.0,1.015912670274128,0.0012255479497421573,-159.9125509921638,0.06399048940268359,0.0036200486738738272,0.00010978691102625253,-70.40226605464507,172.3210478394999
210_Narrow,2565915000.0,1.006537982458828,0.0009940138260902168,-160.22836190989005,0.07941582656642286,0.00367312915024206,0.00010983084546381377,-35.10617272832347,184.89911655972548
210_Narrow,2565917500.0,1.0076688791378554,0.001034259660486108,-160.43886628608283,0.03595336670254999,0.0036153783555026658,0.00010521665487118905,-177.8625162305056,0.9087584418471629
210_Narrow,2565920000.0,1.0130663072247779,0.0012163054651212835,-160.74871351386312,0.11415960696422145,0.003584568431453663,6.820865014330873e-05,-0.22866518925446258,188.16798217426998
210_Narrow,2565922500.0,1.0018603698015038,0.000942326294312448,-160.54104576592437,0.08782772629150168,0.003606066999875861,6.784469407453151e-05,-35.81292318949937,184.39085911919577
210_Narrow,2565925000.0,0.999870499245755,0.0009070779068737225,-160.7649898984746,0.06275034750811959,0.003629954338862834,9.740780331363334e-05,-143.03765772172036,112.7940275285506
210_Narrow,2565927500.0,1.0056822137646027,0.0009819853520218278,-160.16693637094133,0.06463351742012212,0.0036271645182396404,0.00010924255384958633,-35.23387616538805,185.00639258068645
210_Narrow,2565930000.0,1.005712667133084,0.0013349171905206575,-160.3533434929817,0.07953712196301377,0.0036567500695525957,0.00013765505309861154,-70.98861597753911,171.944843526302
210_Narrow,2565932500.0,1.003083973289361,0.001223425934732129,-160.37909400825427,0.056679706494195285,0.003605482378601171,6.428004081968508e-05,-35.45897372326786,184.71833096142086
210_Narrow,2565935000.0,0.9944043280043763,0.0016178616109263062,-160.27021064929158,0.05355514984246085,0.0036243566847133438,8.00117421389706e-05,-71.24554389251547,172.50063798896218
210_Narrow,2565937500.0,1.0000405918182258,0.0014988063436599081,-160.42582595826056,0.040849267511251924,0.0035708869857129016,6.638280341336755e-05,0.06957871374620765,188.60355232032651
210_Narrow,2565940000.0,1.0079571452142495,0.0018044306181970666,-160.10136679627726,0.04404461790285253,0.0035970693088847373,8.061774949665321e-05,-141.6279266885771,112.83351884307979
210_Narrow,2565942500.0,1.002376324929705,0.000936685056409592,-160.94254868251758,0.08555283692245141,0.003630325160768297,7.273799900422244e-05,-71.29890087841144,172.42082459104657
210_Narrow,2565945000.0,0.9979181421560773,0.0010765489514000302,-160.63352401314447,0.040024014183462325,0.003616169555691735,0.00015408211793334345,-107.037879751339,150.8418063318249
210_Narrow,2565947500.0,1.0083778574453524,0.0010999670136200455,-160.05578187952014,0.04206209626975003,0.0036594102367128742,7.461932671184395e-05,36.05142241615618,184.81554279719606
210_Narrow,2565950000.0,1.0053149148760643,0.0014116374112256452,-160.7526911366718,0.0665579703674884,0.003642085144258227,0.00010715422650318269,-35.70749857254398,184.10574620633562
210_Narrow,2565952500.0,0.9956091087699763,0.0013509597272923324,-160.69686876900582,0.053271849339894345,0.003602749448609871,0.00010737474380517971,-142.19060879997608,113.20484677688448
210_Narrow,2565955000.0,1.0022740086116304,0.0013704946324897046,-160.73372476686887,0.05001005146772423,0.003640458147761872,6.342427183848868e-05,-71.24981109639948,173.0725908093248
210_Narrow,2565957500.0,1.0038804004797157,0.0007597487321689945,-160.12716511509413,0.07349984110307833,0.0036084645556307407,0.00010839855527803684,-35.350224540649265,184.5182347001334
210_Narrow,2565960000.0,1.0110641296509892,0.0015661891958077719,-160.77368480162755,0.06168306261497156,0.0036593885209248982,9.755424307400807e-05,-0.06060172913799988,187.99322837638906
210_Narrow,2565962500.0,1.0027568480312068,0.0016002537284801307,-160.34124751030956,0.08249913143320758,0.0036526169342102383,9.956827283133753e-05,-70.94312782588086,172.3911599024888
210_Narrow,2565965000.0,1.006104607370901,0.0011495679176255966,-160.5784837976471,0.08048922764279613,0.003641637633480947,0.00010247603193914883,-142.81106086604206,113.19350428961015
210_Narrow,2565967500.0,1.010044079400196,0.0008446493821328291,-160.71151037458677,0.09313883734741951,0.0036175492889539756,9.685214952044523e-05,36.00937489423113,184.88815107388717
210_Narrow,2565970000.0,1.0012812873923393,0.0010136690784934492,-160.93097892028896,0.05073801221028428,0.003609585598278982,9.242503549088047e-05,-35.872627690337694,184.79953632242865
210_Narrow,2565972500.0,1.0058550185233268,0.0019549623898432247,-160.2818650024068,0.05610494621023327,0.0036444943535772043,9.65072712537567e-05,-70.87203335492899,172.22004111121075
210_Narrow,2565975000.0,1.005007184252722,0.0009488814981003208,-160.7835005850971,0.09177461182725484,0.0036265850761402077,9.477164654944794e-05,-142.76130976633434,113.3993105496118
210_Narrow,2565977500.0,1.0059757674109504,0.001199962461620598,-160.053529726398,0.07468167040912606,0.003643501282496655,8.35951019829553e-05,-142.65362952819936,113.3477902710256
210_Narrow,2565980000.0,0.9984680291244431,0.0014211806547553547,-159.98457573320198,0.07025331938566567,0.0036343044549432715,7.689837338317122e-05,-142.9553901388208,113.30040243974308
210_Narrow,2565982500.0,0.9961121219554466,0.0010152038145565118,-161.05510526357023,0.05833641002657671,0.0035848006206921504,6.295238712187135e-05,0.15492983760462947,188.57726194480026
210_Narrow,2565985000.0,1.0018182702403924,0.002000548095529062,-160.73183351107494,0.05102779131182996,0.0036390263899433216,9.372238482534188e-05,0.2898848081571884,188.58373069969042
210_Narrow,2565987500.0,0.9994950914927456,0.000696721600688491,-160.6974299790988,0.09880285106922093,0.00361385345609367,0.00014173796050262,-35.359315530578385,184.59521921806103
210_Narrow,2565990000.0,1.0059064735824328,0.0012136547752163848,-160.64180901079288,0.06565529159347053,0.003647813201744202,0.00011547114368800147,-70.93716020466879,172.85239801580462
210_Narrow,2565992500.0,0.9982079414279423,0.0007607314474220684,-160.46190815407488,0.07139250421467652,0.0035873025757831105,0.0001343613047496118,-107.64589234700586,150.5992732295174
210_Narrow,2565995000.0,1.0036912188889948,0.0013061121671103727,-160.57628021046304,0.08464951241737616,0.0035958162359550658,9.704889015594607e-05,-0.3259989420341782,188.68762414270378
210_Narrow,2565997500.0,1.009128255581177,0.0015572022693928146,-160.29542685571192,0.05171377218396987,0.0036122240409943254,8.512538122329413e-05,-142.6500281793616,112.72623627065896
210_Narrow,2566000000.0,1.0047934904106655,0.0015856868525728656,-160.9046611382491,0.07671940095613126,0.0036464296480128804,7.721237532631655e-05,-35.20105337397164,184.22257215289775
210_Narrow,2566002500.0,1.0080962084888583,0.001328105452026784,-161.09158675685242,0.06250438533226353,0.00362339107126519,0.00011708471900815806,0.19622040623983422,188.62104876344642
210_Narrow,2566005000.0,1.0062485378266337,0.0011439775822768266,-160.11261417674598,0.08096124663636842,0.003645874326317621,9.637155994000613e-05,0.20773088594897615,187.90320708535975
210_Narrow,2566007500.0,0.9992795736745379,0.0011037165624519691,-160.89439579334015,0.07214707102631618,0.003620078114105554,7.506151002794322e-05,-71.50030365226681,172.66811741877225
210_Narrow,2566010000.0,1.0078634620838562,0.0014491645089374286,-160.62358546810478,0.08384373923300273,0.0036445133905602346,0.00013922927957315482,-142.80405733947856,113.31481526188766
210_Narrow,2566012500.0,1.003056785796827,0.0015365856138048974,-160.69176621384526,0.05330814123391021,0.0036464230274185433,6.285813580457902e-05,-36.316829644150076,184.84899447592832
210_Narrow,2566015000.0,1.0064974658970582,0.0010335751965831763,-161.00804761703392,0.0312911136587284,0.0036472065958122464,9.927051019492583e-05,107.34152874377178,150.58332024398362
210_Narrow,2566017500.0,1.0131977929626261,0.0006448827996370412,-160.06661408796995,0.05754529387037929,0.0036601774520593463,0.00012955985379309998,-142.42481960985708,113.24214568141903
210_Narrow,2566020000.0,1.0024148465438678,0.0012816081701182568,-160.82115497891834,0.08395783219800164,0.0036325283973898804,9.385581565123296e-05,-35.70383545324951,185.0099490849095
210_Narrow,2566022500.0,1.00796125788511,0.0014966162677503506,-161.54287012862181,0.0873019761363441,0.0036207399933037244,9.395279225102621e-05,-0.4137419266920773,188.4059787581594
210_Narrow,2566025000.0,0.9946540366685374,0.0014107854376060986,-160.59200637525527,0.07150631214512113,0.0036569045575621565,8.828179568426917e-05,-107.40489795954173,151.14906132396405
210_Narrow,2566027500.0,1.0161306574492168,0.0009299583526172233,-160.45752872478224,0.06625371555306903,0.0036673170227324763,7.499057553465975e-05,35.56880371653809,184.9075469924519
210_Narrow,2566030000.0,1.0000955609152475,0.000992103266117029,-160.75980404984043,0.071030852627606,0.0036134763511948033,0.00010639546232536228,35.433014798725566,184.62489641056803
210_Narrow,2566032500.0,1.001984038656397,0.0009862177132598264,-160.63472042264425,0.08375805277084304,0.003696412881787136,0.00012804212180176846,35.4686514562957,184.90932902246595
210_Narrow,2566035000.0,1.0050828152459816,0.0012030367431265616,-160.681693060872,0.0900079558624821,0.0036514113283087402,9.06610100439395e-05,-35.447877773529,184.5838886114055
210_Narrow,2566037500.0,1.0061336547808655,0.0011626095391340159,-161.5375595380344,0.07420309902563758,0.003673343241187308,9.852608839723545e-05,35.98156813977946,184.67475271777934
210_Narrow,2566040000.0,1.008478989076746,0.0014001888035977037,-160.57673284013703,0.0585795101318418,0.0036550671441446365,0.00011423551017472898,-35.88658439492958,184.86937815542726
210_Narrow,2566042500.0,1.008094871754256,0.0012024093273285002,-161.3317989722434,0.03131056051730656,0.003635095793273058,6.975718364837563e-05,36.072016689472115,184.5881097763576
210_Narrow,2566045000.0,1.0065925395715287,0.0005796834510123481,-160.60280970994015,0.0735279669693797,0.0036841403487750625,6.382912345725108e-05,-0.14832017631115377,188.4211602931768
210_Narrow,2566047500.0,1.0105409328599595,0.0008578216091479006,-160.92678616274705,0.06634135784444864,0.0036706303460485278,8.021514970273345e-05,36.11649997120646,185.12907341770205
210_Narrow,2566050000.0,1.008970491452642,0.0009683534841708342,-160.7124443153588,0.07704547975194583,0.003658901988557298,0.00011707333911215502,0.010749314696272449,188.57028215110398
210_Narrow,2566052500.0,1.0091993421946373,0.0008068565184491455,-160.86522497669063,0.08835764796892222,0.0036890801193344147,8.802964444131965e-05,-35.75595771377101,184.9914158206144
210_Narrow,2566055000.0,1.0076804230122194,0.0012169168550214189,-160.37864787137184,0.05399872759904441,0.0036748083336907863,7.674199201233651e-05,-71.12695647879158,172.3977023263955
210_Narrow,2566057500.0,1.001690127368308,0.0009982889766079108,-161.05647457092928,0.04205072961789915,0.003657764057036572,7.75393061507059e-05,0.3393643462073669,188.23219022319523
210_Narrow,2566060000.0,1.0022049600519902,0.0014982449173818989,-160.96327754532425,0.06283769085962623,0.0036889241315125176,9.108313500454924e-05,-71.53022274601882,172.92323183063462
210_Narrow,2566062500.0,1.005203290517877,0.0012083682302584978,-160.56866161562965,0.07217309854992036,0.003634066562758284,9.716697978349075e-05,-71.69020668306726,173.00243586398986
210_Narrow,2566065000.0,1.0069023032098452,0.001386996796472035,-160.81511941294934,0.048035794735147665,0.0036536238803305393,8.733439545924506e-05,-107.40132481516777,150.87822171270162
210_Narrow,2566067500.0,1.0112700563202495,0.0015228515846349936,-160.71081905174174,0.06502463822234632,0.003723247976866401,0.0001297210686907723,-0.014333778577500312,188.78711545775138
210_Narrow,2566070000.0,0.9998533836663592,0.0010071002479629424,-161.0803303465924,0.07201240710394348,0.0036490967884252328,6.814576259913252e-05,36.18105218985831,184.51144935834907
210_Narrow,2566072500.0,1.0030200002951557,0.0016181412075653068,-161.27161851529218,0.060991244726521614,0.0036420556632135895,0.00010272528357040607,71.39490759181533,173.2122231460493
210_Narrow,2566075000.0,1.002093754486027,0.0011572401767202124,-161.15804768600742,0.07280781285295283,0.0036167649503794004,6.984682000621382e-05,-0.34113414640494,188.52381408921235
210_Narrow,2566077500.0,1.0022370803024039,0.0016623972673720845,-160.4742821279437,0.08145759719685931,0.0036752882900654826,8.347080372209666e-05,35.801871102105366,184.89125818641926
210_Narrow,2566080000.0,1.0019756757766498,0.0006634013885214508,-160.78704986052963,0.06031667866503777,0.003729746807638202,0.00010950006137311603,-107.11087147271358,150.20374768363797
210_Narrow,2566082500.0,1.0056857050736436,0.0008787011820254996,-161.10664804585002,0.08655663463194262,0.003722744342375117,0.00010754161299086542,35.61043211682209,184.48273441379536
210_Narrow,2566085000.0,1.0048505636147222,0.0010740084957998105,-160.7648408019021,0.06776041516271186,0.0037109301487872606,9.330623806793066e-05,-35.54702169229401,184.97211079872
210_Narrow,2566087500.0,1.010765081105908,0.0011534270595902325,-160.96446468271375,0.05758490705435883,0.003686851802895333,8.488034456082966e-05,142.88247363286067,113.41841149656055
210_Narrow,2566090000.0,1.013785717327474,0.0011456549748924234,-161.26293280332445,0.051015213930813104,0.0036687000993265613,8.627069629273189e-05,70.90407402457224,172.4171372257021
210_Narrow,2566092500.0,1.0101614322523853,0.000939396160014263,-160.79864579372628,0.08753837581288404,0.0036831275429748374,7.046861481465771e-05,-71.36551982332502,173.07779943168438
210_Narrow,2566095000.0,1.0034065293729226,0.0014817304503518224,-161.06733647465057,0.07759209942432231,0.003702361934004132,8.678277737660705e-05,-0.06814098248297569,188.31139179682975
210_Narrow,2566097500.0,1.002557189887352,0.0012375747138961546,-161.30328400045863,0.09182190849320551,0.003622363781291674,7.839210583361617e-05,71.73721680512801,172.83179017036545
210_Narrow,2566100000.0,1.0031758606693553,0.001021314172980169,-160.86607846493666,0.0614177582725312,0.0036133583745387742,8.519754332596136e-05,107.48312603593902,150.8563519038285
210_Narrow,2566102500.0,1.0037192484522484,0.0007553906461921609,-160.7422864365999,0.07445008987382883,0.0036858980818145187,9.391126718647466e-05,71.11519818519339,172.87108757500525
210_Narrow,2566105000.0,1.0052306472424661,0.001167324343040316,-161.24734571586046,0.09828232443742979,0.0037138902940466074,9.892887480350231e-05,-36.26815671050397,184.3974992906324
210_Narrow,2566107500.0,1.0040257315202958,0.0010602053874801635,-160.7168929618987,0.058150304251387654,0.003687133845333816,8.06293921224804e-05,36.04530556470586,184.46724135247695
210_Narrow,2566110000.0,1.0138046986232452,0.0010529601378785143,-161.17936136089568,0.05612600551002252,0.003737673719386262,0.00010545063073522958,-0.048422681098398354,188.84338117073878
210_Narrow,2566112500.0,1.0021226058669492,0.0012930728437478471,-160.67276870458704,0.0716735827532935,0.0036445506644281556,9.70076252960252e-05,-0.13768039602109639,187.59289163211474
210_Narrow,2566115000.0,1.0015090147212473,0.0012097400870573643,-160.99221864101878,0.0803644421893456,0.0037207098890294507,9.551142940744556e-05,142.98703429153224,113.02704171504635
210_Narrow,2566117500.0,1.0016134272128046,0.001356098516515225,-161.04195347519115,0.07147816703642837,0.0036366510536989137,8.367952184048643e-05,71.88154804857055,172.37005569038251
210_Narrow,2566120000.0,1.004980372113642,0.0010637454347024553,-161.21593625639514,0.06316688175053571,0.0037409182366884884,0.00011482924165794148,107.18681596676346,151.01741945687507
210_Narrow,2566122500.0,1.010610423726209,0.0009157784713033581,-161.1872944693057,0.05718572396409692,0.0037340227783750554,7.411718984871014e-05,35.57063044388297,185.08529595833014
210_Narrow,2566125000.0,1.0053933987086596,0.0016636159833752198,-160.70198003163944,0.06931987244075209,0.0036771234591852307,8.391766031280204e-05,107.12530146028993,150.56726916106012
210_Narrow,2566127500.0,1.010582706787763,0.001210763354642354,-160.66385839234857,0.06793475706928039,0.003696431245479332,7.836325072692733e-05,0.15978299020040368,188.017400960575
210_Narrow,2566130000.0,0.9943363897407739,0.0015237702088671612,-160.99189043409848,0.04928429501046916,0.003626804267744551,0.0001238142658427264,35.421699184556005,184.79881576341285
210_Narrow,2566132500.0,1.0007450066230148,0.00147463632644456,-161.1244214417542,0.06964386105858697,0.0036919054774187028,9.333686517944067e-05,-36.093685650891814,184.42490422919312
210_Narrow,2566135000.0,1.0010214930923609,0.0009574567632008668,-161.18321146938635,0.07512618870400592,0.0036735574193830856,3.746644717245868e-05,35.93176940213433,184.84265075730627
210_Narrow,2566137500.0,0.9997797037921506,0.001107492165766355,-160.98521394905734,0.052560944345885416,0.003716525311198959,9.72119326131012e-05,-35.65257847016476,184.6551362914096
210_Narrow,2566140000.0,1.0036007199688823,0.0009742418902134332,-161.0877315538766,0.07784659033340449,0.003717763857743043,8.501607823629865e-05,-36.15102588249989,184.04743544035222
210_Narrow,2566142500.0,1.0100929078213923,0.0016088826399716246,-161.04606818547722,0.054055452095320956,0.003749592321157405,0.00010357955494254106,35.511914081505644,184.82083181405378
210_Narrow,2566145000.0,1.008487891872989,0.0015552471797750623,-161.19362870455979,0.05208953701516371,0.0037071292643236853,0.00010923495536924254,71.73164166305824,172.6352720423166
210_Narrow,2566147500.0,1.0057482387809549,0.0018837427876331953,-160.7087501902241,0.1100216669407833,0.0037096291395774883,9.8961864937399e-05,35.385078903734154,184.94586443046788
210_Narrow,2566150000.0,1.0063841112710152,0.0007531809135494747,-161.0846373830431,0.05225984576586879,0.0036430704160436192,9.519907531483296e-05,-0.35367465801205356,188.60747376844
210_Narrow,2566152500.0,1.0033512946562197,0.0010300154180010724,-161.30461120621302,0.06224832850223785,0.003686422369405709,9.28616866847649e-05,0.007602943234138593,188.21766108647654
210_Narrow,2566155000.0,1.0001550383936766,0.0010757525002881225,-160.55752781884098,0.08691353180822493,0.003768203212610622,7.33588565537177e-05,-71.72412953175046,173.27321117539358
210_Narrow,2566157500.0,0.9992949247890183,0.0011358050952100759,-161.16576876678823,0.09236843731101617,0.003715248114024988,9.659935801653835e-05,35.60734509068092,184.59653110822822
210_Narrow,2566160000.0,1.010970304143959,0.0009559065264821571,-161.30983842821323,0.0690829974359099,0.0036945750287729587,9.07985648293959e-05,35.67179736754632,184.6605643329343
210_Narrow,2566162500.0,1.0064626399503747,0.0012138855274908393,-161.17579141586535,0.06473124730083614,0.0037166196849303026,4.736071359185336e-05,35.247918397754304,184.04568212178125
210_Narrow,2566165000.0,1.0004247716964088,0.0013575394090652004,-161.39206030383968,0.09171331449283336,0.003684370139930751,0.0001176167032222594,70.91008546431647,171.87068002307282
210_Narrow,2566167500.0,0.9930137773788271,0.001095901985297684,-160.888792119379,0.08161665999947806,0.003631632503590257,6.0107590758038536e-05,0.3810079052269856,188.81660432860406
210_Narrow,2566170000.0,1.0037136908308384,0.0013685038187337246,-160.67858643170337,0.0750119889084569,0.003750377151669503,8.692659485578471e-05,35.76353647955797,184.26593684821285
210_Narrow,2566172500.0,1.0079414862426774,0.0008464800017231956,-161.0929918807562,0.04788831002416585,0.0037280653087036703,0.00011314174393292474,71.15702330315791,172.81466207908716
210_Narrow,2566175000.0,0.9977480700614043,0.0014208552122044165,-160.92219159416692,0.0515333606646786,0.0037083236732948365,0.00014683856898788016,0.019729197809496668,188.34145366847602
210_Narrow,2566177500.0,1.005304735936906,0.0010707178599648386,-161.19672941581962,0.040805096370711925,0.0037194059112461634,0.00010050393102678076,106.89710970093438,150.74769643567515
210_Narrow,2566180000.0,1.00147597273479,0.0015877316501439304,-160.92898464928794,0.07321312839977387,0.003691045986178947,0.0001397384497982476,107.5050776504799,151.01775174953653
210_Narrow,2566182500.0,1.006682717453948,0.0014443036929115392,-161.34041711578084,0.058764954636337706,0.003732859224294903,0.00010941813065227207,106.74464135740234,150.8823214662668
210_Narrow,2566185000.0,0.9937395339294592,0.0010757161895531984,-161.54668004687676,0.06648550579949873,0.003666159471564352,6.177877938156889e-05,142.25111956221278,113.15373920091406
210_Narrow,2566187500.0,1.0007302973400767,0.0014270292098705088,-161.37516573850425,0.06618783333304232,0.0037185646394018775,0.00011678592431822768,71.35737258722912,173.08415517290973
210_Narrow,2566190000.0,1.0078866568886562,0.0014698112386085757,-160.98737130280264,0.08571903324463301,0.003729423413387234,6.140273001167709e-05,178.43454732311366,0.6600191909424836
210_Narrow,2566192500.0,1.0034356295346527,0.0015593361107624705,-161.2174598957422,0.10013668234901234,0.003752429315442613,7.614275858556988e-05,-0.43910756341657586,188.46870901179963
210_Narrow,2566195000.0,0.9998616518820642,0.0012016292096231765,-161.3400448681576,0.052122384542774826,0.0036391609019992208,6.203182594123717e-05,35.33622150071652,184.73056252214587
210_Narrow,2566197500.0,1.0031563743303988,0.0010344045187054144,-161.42850298793041,0.07222532293077409,0.0036898805140593797,0.00010928344923872244,-0.6527848092367833,188.59824755481864
210_Narrow,2566200000.0,1.0004672159078332,0.0011896310814506162,-161.2573443617086,0.0559439552231878,0.003691089745244861,0.00010933624481965077,-0.14572224917386906,188.9772942724935
210_Narrow,2566202500.0,1.00289799128622,0.00113795486502821,-161.05095642557575,0.061728903714311716,0.003702943123235313,8.077522531582775e-05,35.39700479095569,184.07364585846426
210_Narrow,2566205000.0,0.998021774597545,0.0012652513564886394,-161.57707399455307,0.07379564316222598,0.0036737769938495726,9.99429415387634e-05,71.65721218651765,172.31889735544337
210_Narrow,2566207500.0,1.0067772983402257,0.0008606794726038859,-160.94638488098474,0.09846166903704141,0.0037557119416819318,0.00010608962480949893,106.6284530323747,150.87037027196521
210_Narrow,2566210000.0,1.0092810508535053,0.0012667416337387711,-161.28474140933835,0.09499214241778664,0.003739811461099749,0.00010672831576917104,70.38755279435028,172.63475813580567
210_Narrow,2566212500.0,0.997767416707497,0.0008307814869711414,-161.4074503546248,0.04828357723334961,0.0037395180355447154,0.00013172875899922237,106.6482557556976,150.77553479782614
210_Narrow,2566215000.0,0.9987470011625137,0.0010668802808630783,-161.50724945687995,0.042588609424294585,0.003637031832135446,5.76135451021941e-05,143.02179307879197,112.9135963465835
210_Narrow,2566217500.0,0.9958984668249945,0.0009692351058775636,-160.97573075536027,0.04958199352454426,0.0037380159181394034,8.927216675419052e-05,-107.4407070062547,150.4336158518467
210_Narrow,2566220000.0,1.004474026043951,0.0012781299722398004,-161.1487202900582,0.045032877370429006,0.0037115295883906672,8.442532539571912e-05,142.67089396461301,113.09432122557304
210_Narrow,2566222500.0,0.9975656003424898,0.001111857664537013,-161.1794574233116,0.08886789199621856,0.0036983515396286503,9.826487141188149e-05,142.72282283183034,112.94993146278352
210_Narrow,2566225000.0,1.005450542645094,0.0015636871129784207,-161.4716206302763,0.0731150260836074,0.0037625650695101223,5.968965391571583e-05,106.76846248988251,150.9319516103342
210_Narrow,2566227500.0,0.9981694842578301,0.0011316708355941648,-161.3002645762988,0.07828437853839446,0.0037369965217097915,9.000793339967264e-05,-0.4214447824610943,188.2213843675334
210_Narrow,2566230000.0,1.0023016937240818,0.0016571405629449683,-161.82895755945023,0.07613471675607827,0.003729121544335976,8.95717591606175e-05,106.67969456061014,150.62524790885612
210_Narrow,2566232500.0,1.0081953082027852,0.0008312124665918108,-161.1263074277785,0.061696456020844295,0.0037645936709804553,9.788128279749562e-05,106.59248498124803,150.85086814859753
210_Narrow,2566235000.0,1.0045451355804507,0.001466188031574785,-161.32257277142816,0.06521164131953434,0.003749513673444991,8.230349069231114e-05,177.80364148599324,1.1527137789751318
210_Narrow,2566237500.0,1.0095442476780847,0.0011963560343907433,-161.38588706306274,0.0913620095815897,0.003716864925784599,8.66006269507995e-05,142.61742892966555,113.3361178893606
210_Narrow,2566240000.0,1.0009261696019116,0.001275978437946222,-161.35209469093888,0.06642553165760502,0.0036931260227674846,0.00011254207195887451,107.1048735764901,150.75139943248885
210_Narrow,2566242500.0,1.00821144158271,0.001174586104270565,-161.52226075109397,0.08749966413886948,0.00372092400136528,9.114591181147108e-05,177.73232813302545,0.8904024765983222
210_Narrow,2566245000.0,1.005768861892378,0.0008347283913499184,-161.35915164399722,0.06867104731232296,0.0038062016750896295,0.0001066943691271055,70.110346868567,172.20755140600923
210_Narrow,2566247500.0,1.0044623246645212,0.001434476030961372,-160.95113264336226,0.09152723944572597,0.00376828693458823,0.00010948184922385136,71.11954799203515,172.91496601145937
210_Narrow,2566250000.0,1.0072904350542422,0.0015247797128578725,-161.46346216775234,0.05811706000563155,0.0037486595462653373,0.00014186473441012729,35.422918962537324,184.51810479333759
210_Narrow,2566252500.0,1.0101548381051368,0.0005943008020002812,-161.11810009065366,0.06559284457447818,0.0037413022417580604,7.263688771578397e-05,106.46025906467338,150.37905794300374
210_Narrow,2566255000.0,1.0068513465935605,0.0018156446758444554,-161.57307191147356,0.09416256183130854,0.003791136393132342,9.983753771633917e-05,142.57563701976977,113.33735145951768
210_Narrow,2566257500.0,0.999305221337961,0.0010042500552083365,-161.12310089986448,0.045368701537992655,0.0037669589572740967,0.00010572880366522869,35.1994788456492,184.7467449236004
210_Narrow,2566260000.0,0.998750610959276,0.00121525478776658,-161.15892441371162,0.04516637026677254,0.0037648184301479898,8.474950151062475e-05,71.24342044733129,172.6132736234352
210_Narrow,2566262500.0,1.0029588143281996,0.001845907566414483,-161.38355157481317,0.05155419337476911,0.0037728933940067415,7.198311683307214e-05,142.25446674077523,113.06650909366161
210_Narrow,2566265000.0,1.0120839576469862,0.0013449602322550748,-161.7409799330983,0.07275106805515534,0.003725913205489648,0.0001263463416161184,106.60072219993047,150.69426033203115
210_Narrow,2566267500.0,0.9984594422746015,0.000995625909987031,-161.64376515694144,0.06497954052016978,0.0037031873143623653,0.00010344293838486679,106.9748388596301,151.16991509971874
210_Narrow,2566270000.0,1.001786683965167,0.0011114199676022123,-161.10575060019548,0.05931107534471155,0.0037095153042289177,0.00011943379570569368,-0.6423060326399679,188.19745344115225
210_Narrow,2566272500.0,0.9991171086889639,0.0011336355228059843,-161.2786456666541,0.04638692903411209,0.003757834945777511,0.0001087427107432509,-0.0948938146583032,188.5237426454989
210_Narrow,2566275000.0,1.0017858387297414,0.0014797037189426935,-161.73089888963287,0.04988645525388595,0.003728588201721299,7.775638652195959e-05,106.72672193419704,150.75514730222315
210_Narrow,2566277500.0,1.0013839900282888,0.001181478413250815,-161.54435632599754,0.078901703738934,0.003688680404896154,9.369424551445202e-05,70.5833397309008,172.39835747576453
210_Narrow,2566280000.0,0.9975564651839743,0.0008732497811915081,-160.94901258679496,0.047904957129025344,0.0037718660706528907,0.00012697442250242865,71.22204424307694,172.65685459111853
210_Narrow,2566282500.0,1.0022115920804098,0.0008335187201134895,-161.35883784185546,0.05906625732973032,0.0037754015923241887,8.463502834725262e-05,141.89044929205184,112.84519320084243
210_Narrow,2566285000.0,1.0126857902082615,0.0011630676474713474,-161.3928253695078,0.07873504868342558,0.0037548765119945374,0.00010886176061473758,106.1173937975935,150.59194414572642
210_Narrow,2566287500.0,1.0019248786426962,0.0010069208632771639,-161.82772986909728,0.05659702481919213,0.003744430503876472,9.336094213659312e-05,106.73359180769917,150.62759534037772
210_Narrow,2566290000.0,0.998905674228804,0.0010944980098534425,-161.78452172984296,0.08918903443049414,0.003715139269326701,0.0001253480594743082,71.08929275285087,172.9799145940601
210_Narrow,2566292500.0,1.0018358378441174,0.0018268457490040711,-161.33182199707628,0.0571525421763197,0.003770053759560456,0.00010625034756637308,71.02174817863855,172.71222016173746
210_Narrow,2566295000.0,1.0017164115558619,0.0015776912485596917,-161.54615626085246,0.05987097651270815,0.0037193942167095383,8.738245168249404e-05,70.58960018146792,172.1868186344926
210_Narrow,2566297500.0,1.004133997447255,0.0009537626988423425,-161.49862252072285,0.03315284097489403,0.0037625803812777795,9.62290763153763e-05,142.4364142264218,113.07405053267865
210_Narrow,2566300000.0,0.9940799474852331,0.0014724282853011803,-161.716799555394,0.05419173176790221,0.0037687138521615444,0.00010042036429466184,70.87161800526205,172.22187806946908
210_Narrow,2566302500.0,1.0175357611729412,0.0013530180723879406,-161.44910248112436,0.06703096320346831,0.003799169028157045,9.97041834944176e-05,70.69910384601836,172.67715816700473
210_Narrow,2566305000.0,0.9991281768365539,0.0009207853162623135,-161.15016890984054,0.07808781870910948,0.003771116479234681,9.547229417771e-05,106.87815884107017,150.84360748438274
210_Narrow,2566307500.0,0.9954599050406774,0.0010552966839385016,-160.89934088281896,0.049703669696279484,0.003764371909861591,0.00011549009898123362,106.27974387979636,150.60288542748788
210_Narrow,2566310000.0,1.0057151516897678,0.0008830946865157726,-161.62419228349057,0.0673022900841447,0.0037796127701094275,0.00010247179211415399,106.41218670948804,149.9167027707913
210_Narrow,2566312500.0,1.0074800773180017,0.0010067823477781545,-161.7222300139433,0.11057192785753868,0.0037726488557847026,9.448156842438167e-05,142.05449528530124,112.97564353946055
210_Narrow,2566315000.0,0.9997488973915748,0.0010078814399965361,-161.44292530862893,0.08687258400440911,0.0037889408734332834,8.583681797760738e-05,142.42148050002473,113.1258001490203
210_Narrow,2566317500.0,1.0131304232532687,0.0009470386379795158,-161.67081581217926,0.05066752501275896,0.003767464896836984,0.00013381556778947057,142.18682745183602,112.84627642518375
210_Narrow,2566320000.0,1.008456348578863,0.0010142256162988604,-161.3578207836751,0.06859029464655689,0.0037460405633373255,9.588010944593945e-05,106.24741096773096,150.55761266036328
210_Narrow,2566322500.0,1.010959731993422,0.0012463371584521578,-161.88945857104682,0.0686560250153267,0.003777501498268248,8.074965740987997e-05,141.85059605139105,112.99626564718125
210_Narrow,2566325000.0,0.9936802602949036,0.000926169377670571,-161.60060220852486,0.04845324192230175,0.0037148622461633004,9.337625515832875e-05,142.49831564950327,113.23386532833386
210_Narrow,2566327500.0,0.9995655569192412,0.0009037706133538274,-161.0465969292034,0.08107555516574258,0.0037758048982783473,8.296718352046768e-05,142.70419090054426,113.24208596303998
210_Narrow,2566330000.0,1.0078330475444048,0.0012838654809844711,-161.2224552502566,0.07262684770473399,0.003839689839183362,5.867494028599113e-05,71.05944760155928,172.48184367671976
210_Narrow,2566332500.0,1.0120019013365988,0.0010157012089882975,-161.50675628594684,0.06657605787141634,0.0038248190547093947,7.356680704636556e-05,177.11122535987016,1.2502521404295994
210_Narrow,2566335000.0,1.0105984818180858,0.0012873602406411019,-161.72831596758743,0.054673962603158655,0.0038034255781504893,6.922477641262005e-05,106.31555639020446,150.48063364732664
210_Narrow,2566337500.0,1.0038451815922553,0.000852587477084116,-161.47555322176592,0.05767317255669278,0.0037883099964289083,8.007450888378044e-05,142.49644162548356,112.8491189191881
210_Narrow,2566340000.0,1.0058987182671253,0.001094769799658384,-161.98997138742658,0.07406524174271119,0.003786649987299557,9.664408003543578e-05,177.22373685586413,1.5092714851068558
210_Narrow,2566342500.0,1.0035996889642105,0.0012583556768191507,-161.74278284371843,0.04332500011261577,0.0037230018460949876,0.00011414065424982154,178.00173590353168,1.087697228894871
210_Narrow,2566345000.0,1.001788179438928,0.0009781332907441958,-161.56595212492084,0.05747872958590184,0.0038225239012438287,0.0001483854181081453,106.15850948570616,150.49337760495996
210_Narrow,2566347500.0,1.0047931631964364,0.0011046560983867966,-161.62721176363746,0.07939948402001266,0.003781476538083829,9.96225459005391e-05,105.98410136681295,150.5478577179661
210_Narrow,2566350000.0,1.0056528854916695,0.0014645777306013454,-161.15928551210706,0.07050280813047652,0.0038220809109408642,0.0001027545748777049,177.3488461166187,1.3724757346270582
210_Narrow,2566352500.0,1.0072909031823458,0.0011458264269596145,-161.44253572576247,0.06046501647438245,0.0038413362049251544,8.601710136140699e-05,177.50295067168838,1.7526393271115965
210_Narrow,2566355000.0,1.0087917382702125,0.0010961343148413103,-161.76228648635137,0.06251512101530693,0.0037919506458716774,0.0001526656445220806,177.7952669741253,1.5766513110053835
210_Narrow,2566357500.0,1.012024505564355,0.0018205483518639587,-161.5099518436786,0.07255286690680315,0.0038561258013618364,8.077850952973978e-05,141.973738486691,113.09648846706715
210_Narrow,2566360000.0,1.0039718229892642,0.0014032455259929543,-161.17999297096677,0.0711736503948072,0.00376000766755197,7.323013812387216e-05,142.56705058252913,113.2483326585175
210_Narrow,2566362500.0,1.008133736025632,0.0014011275091971736,-161.48037155667907,0.06954898126344827,0.00378846707226274,9.61448870650448e-05,141.90843693583568,112.5863592276622
210_Narrow,2566365000.0,1.0015298771117571,0.0012339248611415129,-161.79773255365964,0.07683644112331013,0.003781097234385501,0.00011287810612107544,70.53789873809102,172.51019427477712
210_Narrow,2566367500.0,1.0037248949997024,0.000998841395339605,-162.17681374019725,0.04794581260619501,0.0037939983319884643,8.783922407523575e-05,140.75870872412312,112.5242035308912
210_Narrow,2566370000.0,1.0023371421658838,0.0007928171287916384,-161.728592219925,0.06831868412911601,0.0037961366150516007,7.268604017742081e-05,142.29626864439615,112.6643599699054
210_Narrow,2566372500.0,1.0022176187728387,0.0011193547074808924,-161.2630031134721,0.07133275009657163,0.0038151456524974136,9.007684282516666e-05,142.03772917419332,112.76516760364525
210_Narrow,2566375000.0,1.0008834510497082,0.001382083776362936,-161.79900397972423,0.07083672730859428,0.0037781584681538384,9.46527104860516e-05,106.83694910251192,151.08736936277214
210_Narrow,2566377500.0,0.9943039971407175,0.0009558793562607221,-161.7220589955676,0.05323879028898432,0.003755197528806397,6.0269807214306325e-05,177.1976164631805,1.1439029440503905
210_Narrow,2566380000.0,0.9994922036522259,0.0016192163760355511,-161.61249378197817,0.08546761868331712,0.003787912751345539,0.00010778109614393822,178.17981634164272,0.9251298757756468
210_Narrow,2566382500.0,1.008259863180068,0.0007323796356727147,-161.62560896793514,0.05943584448027419,0.0038445087111418155,5.8310372862594454e-05,142.09316923948032,113.03065707946878
210_Narrow,2566385000.0,0.9926126133831618,0.0009456325448303195,-161.4402885091751,0.045908383805284614,0.003793704393671931,8.131157316814326e-05,142.73864943948627,113.30603800227561
210_Narrow,2566387500.0,0.9982372592567849,0.0012368349401157706,-161.42492904778928,0.07356484901455353,0.0038184549193502975,6.157432849539189e-05,177.98677798983138,1.2261747895909674
210_Narrow,2566390000.0,1.0037755560991914,0.0012948582939843268,-161.8280714860883,0.060203975151280946,0.003820327501796874,0.00015752153050603497,177.83056195600986,1.5142574116177738
210_Narrow,2566392500.0,0.9990777117158862,0.0013397891786770001,-161.7692341555589,0.0489524513740697,0.0038289691162299616,9.584810515299365e-05,142.63173381326592,113.04643386767212
210_Narrow,2566395000.0,1.0016052296289053,0.0008883884646062627,-161.8580635441854,0.0720790347015533,0.003779186860877923,0.00010655532209742165,177.3612927026531,1.2686221392222423
210_Narrow,2566397500.0,1.0093175353301336,0.0006712585444055797,-161.74748459296498,0.054039173119012136,0.0038516841719529182,0.00013219853057010975,141.46069613884788,112.27028997972951
210_Narrow,2566400000.0,0.9945387439371477,0.0009443149083545858,-162.03268385030384,0.058770141132208,0.0038395037170811624,0.00010608770581037578,178.03693832803236,1.0998847722626939
210_Narrow,2566402500.0,1.0097432030478815,0.0012634137351318245,-162.22865828043166,0.033270362560340785,0.0038667847087369045,7.846903814466853e-05,176.8023891519069,1.181670888486769
210_Narrow,2566405000.0,0.9994506911176794,0.0011796762555256455,-161.576412847116,0.06923136524389994,0.0038221419515387916,0.00010408294483361378,107.1975930781885,150.95161457738732
210_Narrow,2566407500.0,1.008078027102368,0.0007034357545615299,-161.91888134198956,0.07907352862627812,0.003780707702418863,0.00012201084203168555,105.3321925595655,149.9653979887666
210_Narrow,2566410000.0,1.0076576916181699,0.001097732359468923,-161.50552710402812,0.0669499432432,0.003839493696048425,4.750240333424395e-05,106.24213190808749,150.74131947668698
210_Narrow,2566412500.0,1.0027364851377336,0.0010229161496559708,-162.14404607890316,0.06955590411554868,0.003864119050688798,6.253659357268597e-05,177.28762402058314,1.64711732015127
210_Narrow,2566415000.0,1.0043343947393888,0.0009842508360356945,-161.73444166015213,0.04785273995347926,0.003794715203929689,0.00014210538714259393,106.21466128067448,150.42731263085236
210_Narrow,2566417500.0,1.0053685433147428,0.0013473981877290236,-161.90385295903567,0.05732695762476529,0.0038860154935669296,6.272574108563556e-05,177.2247443378221,0.9431246113107142
210_Narrow,2566420000.0,0.999303325290983,0.0012504763245365827,-162.35983157088197,0.06116985793285735,0.0038090334774001445,7.77936982751523e-05,177.72607687576672,0.9828636995450858
210_Narrow,2566422500.0,1.0046205028182613,0.0017133827317272839,-161.73660154407654,0.047028501874468796,0.0038707256680032918,0.00011598388382331631,142.02781769189468,113.09429976872822
210_Narrow,2566425000.0,0.9993574938588549,0.0013117606067632364,-162.16224720239654,0.07678297888430684,0.003807977413649046,7.859937181507916e-05,177.62778628915788,1.1546634133989055
210_Narrow,2566427500.0,1.0051207887056866,0.0008688690159006055,-161.7478706578786,0.0959870252049251,0.0038374097706838106,7.876224315524712e-05,142.4639652694386,113.24144092166762
210_Narrow,2566430000.0,1.0019872035054307,0.0011452562347798237,-162.32425170262505,0.05590132074977366,0.003850795845930446,7.183699711102543e-05,176.82632182311025,1.4698394995635589
210_Narrow,2566432500.0,1.0131655082473787,0.001498836658290117,-162.30495569124585,0.06470102293141371,0.003888448720268488,8.49503634788927e-05,176.69568221133565,1.5677965881219023
210_Narrow,2566435000.0,1.0008087549446034,0.0014274971163749017,-161.92083843030326,0.052743094485230964,0.0038536099519094905,8.653212379578052e-05,141.69677280705034,112.71534113003894
210_Narrow,2566437500.0,1.0097541655135798,0.0011567291324776868,-162.00083798876025,0.056685851292902364,0.0038033896659057,8.537896819963266e-05,70.99713707496576,172.80487381906738
210_Narrow,2566440000.0,1.0110161896591052,0.0017058678062078694,-161.95902234235066,0.05537905588146789,0.003915448088618058,0.00012620951646474693,176.9958260767296,0.6824681618804904
210_Narrow,2566442500.0,1.0120597296635203,0.0008855860597767572,-161.78137748779864,0.06852082019858773,0.0038672090967710707,8.993321807128577e-05,177.49629456117265,1.1071763226124212
210_Narrow,2566445000.0,1.002645994857257,0.001714795228555978,-162.241262280024,0.08007709606367217,0.0038316245288271653,0.00012673928321507821,177.51339434039656,0.8254331445225149
210_Narrow,2566447500.0,0.9933325866985364,0.0006799114903982774,-162.08841526944698,0.07845788918531635,0.0037653775938382584,6.404686591558032e-05,106.11143347649407,150.0303609166169
210_Narrow,2566450000.0,1.0036307265675277,0.0012313363233142805,-162.17123651549616,0.05928595397600661,0.0038139250885306994,0.00010841158309907386,141.8034417903091,112.89409589510868
210_Narrow,2566452500.0,1.0063145499392823,0.0009640341399591529,-161.6266349375352,0.10151912165601049,0.003866016636975617,0.00011899722830101805,70.40590654418527,172.4381694362899
210_Narrow,2566455000.0,0.9965222361912638,0.0013703614225641148,-162.25515589719004,0.06318395029114025,0.0038415136965011085,4.252126042555971e-05,177.4050642495504,1.1896015101358681
210_Narrow,2566457500.0,1.0078723060710288,0.0010457467853091683,-162.2376320027363,0.07221741573670594,0.0038483591610111102,7.970704155783602e-05,177.49511166618075,1.0855866148693194
210_Narrow,2566460000.0,1.005099858750599,0.0010932976855068295,-161.61561092871827,0.04339477718033598,0.003895366405985478,8.474681016702932e-05,142.06874883112698,113.06964684528934
210_Narrow,2566462500.0,1.0093795822020177,0.0013484686798596734,-161.59319018877275,0.07133084745506962,0.003877627929543812,0.00010522392121671671,177.53265931036256,1.1899314347872405
210_Narrow,2566465000.0,0.9982686589600118,0.0010411047123674044,-161.61271698597164,0.08591943951092541,0.0038201338388104524,9.023156138013075e-05,177.1714266045394,0.926206861045897
210_Narrow,2566467500.0,1.000931912957954,0.0011706089313643774,-161.68101973769194,0.07861862030173765,0.0038949939448229037,8.916032134393839e-05,177.60053707924695,1.3654787416853114
210_Narrow,2566470000.0,1.0026534053680427,0.0015628238318444432,-162.2308024273857,0.07182009715091378,0.003805950620037307,6.374275838961096e-05,141.9760407126462,112.80466215487849
210_Narrow,2566472500.0,1.0018982531713794,0.001241944275939119,-161.97461530955985,0.0790824609483678,0.003871384963928402,8.56124013913826e-05,176.7506268247798,1.2715739251527118
210_Narrow,2566475000.0,1.0049367899047013,0.000692599716050264,-162.1272556533496,0.044768424941773695,0.0038752430352863537,0.00011630603706749551,176.73774561602377,1.8409245621615753
210_Narrow,2566477500.0,1.0034875573584165,0.0009950822528615494,-162.24300538081872,0.05939801131639999,0.003846085961379819,9.394662885838759e-05,140.87996672463422,112.72187157774592
210_Narrow,2566480000.0,1.0057173751854478,0.0015482677967426253,-162.33260223585444,0.04610038262165086,0.003904395640608831,9.086343294766393e-05,141.24306532082556,112.78985077472038
210_Narrow,2566482500.0,0.9959425722563429,0.0009311306812708086,-161.86928053458166,0.06006078288158602,0.0037955085977904876,8.858670758573279e-05,141.82832816910528,112.41858501046539
210_Narrow,2566485000.0,0.9970227444695278,0.0005880622475365039,-162.1596890601456,0.09349982045155086,0.0038943823329718164,9.831392782974665e-05,176.6517605275075,1.5765339809902592
210_Narrow,2566487500.0,0.9954873728243605,0.0012714089435867531,-162.27306302367012,0.0411558757411899,0.00390351269338618,7.941366881273772e-05,177.01353973669472,1.0675938428620677
210_Narrow,2566490000.0,1.0011963426555528,0.001021188673421236,-162.09410182487238,0.06925772074095143,0.0038538839136853134,9.53136845082239e-05,178.0741398182079,1.0451141071843948
210_Narrow,2566492500.0,0.9979892585903083,0.001255418093236517,-162.1919495558516,0.09667215856434556,0.0039012305163360706,0.00010058982677451175,176.51222783753659,1.5270396081142923
210_Narrow,2566495000.0,1.0126256420066535,0.001516175382295725,-162.24075893101391,0.07220790221524097,0.0039047117908731447,9.006069304536299e-05,177.00854453504255,1.6610709496838378
210_Narrow,2566497500.0,1.0083008416102803,0.0012182740893517524,-162.2868172402958,0.05950892887583498,0.0039053054093802285,9.346680395805646e-05,176.46455641681203,1.0688970802191105
210_Narrow,2566500000.0,1.0025047645572618,0.001294357367649714,-161.89076113892045,0.04145169938108242,0.003906685735242409,9.427793472821064e-05,177.08508592037336,1.3063926776257166
210_Narrow,2566502500.0,1.010013390477265,0.0013467305860344735,-161.60553299726664,0.10765102834991984,0.003935766764282193,0.0001083540668404858,141.33771600026995,112.7001993971658
210_Narrow,2566505000.0,1.0027273080015957,0.0012428287849880508,-162.42548599521353,0.07637031879567478,0.003891202703513432,8.125495956535265e-05,176.7560124674105,1.5104192797889615
210_Narrow,2566507500.0,1.0031344829954558,0.0012016790886991435,-161.8645887915575,0.09369059722339496,0.003853229386211435,9.339533519400143e-05,140.63504402023761,112.62032004227434
210_Narrow,2566510000.0,1.0026105577117994,0.0010403175151086413,-162.39410896564956,0.05992586226690188,0.003926198709628511,9.440671102572364e-05,176.7723178017592,1.8856661520022808
210_Narrow,2566512500.0,0.9949205778717348,0.001652362933375369,-161.99180656657333,0.059260343025599065,0.0038660332385252027,7.091329845687215e-05,177.26648152410257,1.2156245589741677
210_Narrow,2566515000.0,1.0038543373695221,0.0010827902547403793,-161.9138101598313,0.07238265225394655,0.003972952249679891,0.00015709097409995735,141.22263890453883,112.85939582545649
210_Narrow,2566517500.0,1.0126291108947265,0.0010881574539316956,-162.4133532838244,0.06569933564990031,0.0038477056029568805,8.326252831054257e-05,176.16088189127396,1.7141789879850493
210_Narrow,2566520000.0,0.9997607663818882,0.0015578401440003266,-162.22751684792257,0.05528146417105552,0.0038519570995555587,9.506753634449207e-05,177.36372257155128,1.336905834516028
210_Narrow,2566522500.0,1.0059374840669046,0.0012939402288391101,-162.06547407658337,0.056875826000838424,0.0038824283727286377,0.0001216649767370549,141.99482354133252,112.39759392574805
210_Narrow,2566525000.0,0.9978781435742764,0.0008910575476904574,-161.9614600832037,0.03709534227925976,0.0038859535204373297,0.00012080966616280356,176.7566680968343,1.452209578595163
210_Narrow,2566527500.0,1.0070655884597608,0.0014051848573338817,-162.30568684506756,0.05928786006717957,0.003893878299938306,0.00013582721981836732,176.769085190421,1.5394366831573019
210_Narrow,2566530000.0,1.0108308750002073,0.0013965039589207983,-162.02826568615103,0.07925109539366626,0.003951559416546731,9.027022171841633e-05,176.5332568898849,1.4982741206703412
210_Narrow,2566532500.0,1.0022228602657546,0.0012193066543463328,-161.96556001548112,0.074640765310351,0.0038970820955810284,0.00011266484627832257,176.89666299695133,1.4512226970823274
210_Narrow,2566535000.0,1.006675185911049,0.0013412321165748133,-162.26571531255178,0.058986558624655516,0.003893913061112507,9.055646712137942e-05,177.06669425866855,1.5941168919407254
210_Narrow,2566537500.0,0.9999131925158172,0.0016791238507547202,-162.05880345192895,0.056732567632503325,0.003884765925327599,8.664461084044231e-05,176.92736773106648,1.1907279164496705
210_Narrow,2566540000.0,1.004462836769039,0.0015065761729500724,-162.2452001940766,0.08606683716137693,0.0038691051293792927,0.00013054838383666942,177.2446335444568,1.0647907963509906
210_Narrow,2566542500.0,0.9991844148327783,0.000960846550295014,-162.278979622397,0.04470188236990828,0.003920681793044199,0.00010490231564695701,176.86565319146197,0.8992520559378133
210_Narrow,2566545000.0,1.0054558469386943,0.0010589947843921777,-162.43371967599484,0.0799319910844183,0.003873797440482585,9.103524610951352e-05,141.08412074445525,112.43294019069192
210_Narrow,2566547500.0,1.018243596834771,0.0011614847268852908,-161.9808955456301,0.059622529196696604,0.003967401392963369,8.300257224748666e-05,175.8275146762655,0.9900259786130693
210_Narrow,2566550000.0,1.0015110058915342,0.0008807549552817973,-162.21914316904932,0.07099179769268803,0.0039029939968857792,9.18172920377655e-05,177.36966362320683,1.0519683366114532
210_Narrow,2566552500.0,1.0053165873116825,0.0013465174348436574,-162.57574952514048,0.04428536158819174,0.003956108171467586,0.00010932995765595673,176.84463310474365,1.3965991496178567
210_Narrow,2566555000.0,1.0032853920026445,0.0009757371921641962,-162.24552403523427,0.05503690960222739,0.003924726558580943,9.376210605653488e-05,176.5527341964492,1.464785402741676
210_Narrow,2566557500.0,1.0034259649795296,0.0008828526316091776,-162.70312639693725,0.04389307959648415,0.003897857723043871,0.00010597940402920248,176.4367890629351,1.5962662769166496
210_Narrow,2566560000.0,0.9957676246275482,0.0009787126947014238,-162.58788877376813,0.058262592116462196,0.003892917452485327,9.987570802763369e-05,177.25834034393714,1.2762945302694395
210_Narrow,2566562500.0,0.9928476110613986,0.0013550481303104013,-162.4870102121931,0.04896445708204252,0.003947959775747923,8.201277863787062e-05,176.8261526720181,1.5633871381316233
210_Narrow,2566565000.0,0.9998171022311447,0.0008236706146632233,-162.2446728067386,0.10798973527622245,0.0039159737711482075,0.00013227975647180177,176.93915544536043,1.2533488308056497
210_Narrow,2566567500.0,1.0081799674896117,0.00043888085288619293,-162.83244690645293,0.07083769102284554,0.003971582243906444,0.0001017274654733151,176.96287902358677,0.8350309207662439
210_Narrow,2566570000.0,1.0052439750295379,0.0015016450279384855,-162.3899754111424,0.07712360730775451,0.0038879949666898645,9.764775301373532e-05,176.06997736350957,0.6530119415974466
210_Narrow,2566572500.0,0.9958656935777921,0.00135746632007005,-162.08772841526644,0.049255046556834756,0.003928072898372362,9.630677534203145e-05,177.27576095945048,1.5730199168469807
210_Narrow,2566575000.0,1.0011739292256863,0.001032958703348022,-162.3884909414062,0.07358668839851326,0.003979000126689629,5.0002866012986407e-05,176.1526193016521,1.670670764571262
210_Narrow,2566577500.0,1.001874539689797,0.0009066399793067335,-162.41069660010916,0.08572242671807166,0.003919606547563455,7.968269184695088e-05,176.9844177500005,1.343573817404231
210_Narrow,2566580000.0,1.0043904229262435,0.0011224411478856528,-162.31072053852705,0.043093148536523254,0.003921403155402313,0.00011233091913763138,176.45792681930556,1.5503679631192204
210_Narrow,2566582500.0,1.0088231639564869,0.0012441360928907078,-162.43809680255197,0.07537020300936427,0.0039644992815080285,0.00013106763850627285,175.64529967240276,0.9618992175797476
210_Narrow,2566585000.0,0.9990946326700948,0.0008771233763589886,-161.89545271165392,0.04468346137209775,0.003927471215735,0.00013568178802663263,177.4967735120058,1.1333631015247696
210_Narrow,2566587500.0,1.0066857086256245,0.000850127880301515,-162.83053204889586,0.04112740345688316,0.003928520974856023,0.0001293154733173237,176.5931820268607,1.404262341327943
210_Narrow,2566590000.0,1.010541427312009,0.0011221689460663205,-162.2765949255682,0.06980842837256371,0.003945524775904423,7.825471161671072e-05,176.69071347849146,1.3256740251558055
210_Narrow,2566592500.0,1.0063837658211259,0.0016160704560503074,-162.37551780468067,0.08368089182728478,0.003980888491447201,0.00011321442610971765,176.52461008867698,1.742861905250331
210_Narrow,2566595000.0,1.0033597413241404,0.0015736645526880416,-162.8788740734739,0.0707838146426635,0.003937332388727691,9.059659952846658e-05,176.29980835678595,1.2698331621349521
210_Narrow,2566597500.0,1.0062023577506993,0.001047484482846313,-162.64669323892505,0.07008723897751173,0.0039426527743917795,7.231572386519711e-05,176.72990628200168,1.6215330989475727
210_Narrow,2566600000.0,1.0082271525284254,0.0014032870278305127,-162.99581339041785,0.07496389097712403,0.003999928891685127,0.0001530611438634157,175.39214375876188,1.7466382348909026
210_Narrow,2566602500.0,1.008065112820166,0.0014424493727469949,-162.58611528152207,0.07641854434552253,0.0039658930619065206,0.0001183056083726425,176.4173054155063,1.3378441814355206
210_Narrow,2566605000.0,1.0123427503437952,0.0009755164143483319,-162.4359186015811,0.053885083697022836,0.003973769570218711,8.915166697664885e-05,176.2470415321516,1.3372709700655905
210_Narrow,2566607500.0,1.0034553476754873,0.000805657519273709,-162.55715270195617,0.07979260075740718,0.003952112434614109,7.712317016257721e-05,176.25518790786018,1.6388380584153621
210_Narrow,2566610000.0,1.00352804088917,0.0012688448494561438,-162.560818359382,0.07733881911385515,0.003962176578821787,0.00013586204084833895,175.67442934874362,1.2869399214634365
210_Narrow,2566612500.0,1.0089787855383687,0.001706555637443188,-162.58609740407022,0.041776527300873084,0.0039406737153862975,9.358712548756809e-05,175.93422949840155,1.6114000742507262
210_Narrow,2566615000.0,0.9999553327555596,0.0012344298827841216,-162.5270867870172,0.07405366165131094,0.003910181626965905,0.00010256800291983351,176.49269734571845,1.4478388025991085
210_Narrow,2566617500.0,1.0044834890794898,0.0008871012172854316,-162.44790402191288,0.05618714272810356,0.00395222283864529,8.910829145598625e-05,175.7984772741193,1.4128007706942916
210_Narrow,2566620000.0,1.0005834862111012,0.0008971952384516563,-162.7962126887385,0.07168729565957614,0.003964503831509388,6.625349218140799e-05,175.91674488899918,1.604871726901037
210_Narrow,2566622500.0,0.9982719430335026,0.0012676488427819925,-162.45818579956156,0.04433484255297891,0.003959391663046062,9.675341374467444e-05,140.9273945646823,112.72857423997246
210_Narrow,2566625000.0,1.0048634052501688,0.0015651379390384612,-162.99569942360367,0.045240643436686025,0.003961466726989464,8.93534857548294e-05,175.22894931447394,1.848067488028395
210_Narrow,2566627500.0,1.0100380502726014,0.0008861146351498293,-163.02699784965418,0.07754217409542682,0.004053583075222187,0.0001365900355103603,175.07339025508594,1.3257580143678098
210_Narrow,2566630000.0,1.0040585956722914,0.0015284199933095284,-162.3325690038398,0.05641241036465368,0.003969467448568741,9.50342139031489e-05,175.7816427660151,1.4444413178879685
210_Narrow,2566632500.0,1.003959911303834,0.0013439026448225045,-161.89248879571892,0.07201478285104111,0.0039132085305392,6.142210189728742e-05,176.04652345381294,1.7233151269461178
210_Narrow,2566635000.0,1.0102892843959628,0.0012712519602865822,-162.5880664934227,0.06098345374449855,0.0040598037239512885,7.471967080660625e-05,176.38144213630582,1.6854996285664503
210_Narrow,2566637500.0,1.0145062784299674,0.001289710523055381,-162.0882479501222,0.03203745082098544,0.004012920520917668,9.729383798021895e-05,175.83277861340878,1.2556369967988181
210_Narrow,2566640000.0,0.9983328776804139,0.0018200527322206148,-162.9427569526939,0.05309017140534912,0.00395162128421639,8.274398719625053e-05,175.7534593887333,0.9774072178697913
210_Narrow,2566642500.0,0.9996653434142314,0.000965055665357635,-162.59274849036063,0.07815153138728119,0.0039716302691069965,8.551326184620263e-05,176.20915851342815,1.540529088589013
210_Narrow,2566645000.0,1.004431600985086,0.001413218830578913,-162.6392359190038,0.056184754249929886,0.003926350488825596,7.66546222214794e-05,175.30314477070837,1.7626111740496202
210_Narrow,2566647500.0,1.004029328243397,0.0011128362981247667,-162.41310623223063,0.06295934116254451,0.003982310877609309,0.00010177671684173005,176.29420374438232,1.1645604844631263
210_Narrow,2566650000.0,0.9970131247283853,0.0010540584299316622,-162.8321502521219,0.07268153151891564,0.003982961191119138,6.606043674009523e-05,175.16381243803434,1.3874873313460323
210_Narrow,2566652500.0,1.009506616200508,0.0012803566968580898,-162.34656453623603,0.07309588894127886,0.004014112673563632,0.00010054341232868232,176.1798410078784,1.432371788682823
210_Narrow,2566655000.0,1.0020578219316418,0.0012471936786550082,-162.85813871665286,0.07037594610922665,0.003999506131236674,8.919152480860683e-05,176.10096582439806,1.4630578795310076
210_Narrow,2566657500.0,0.9972073271746832,0.0013776322133206072,-162.7244196696678,0.09049319939740845,0.003988412623810698,0.00010242308310903023,176.86742761625464,1.3504682481378805
210_Narrow,2566660000.0,1.002472620769379,0.001283097608397432,-162.42908919590027,0.06164662872015582,0.003992309281802517,8.150585491715748e-05,175.74584891527752,1.068243999006852
210_Narrow,2566662500.0,0.9979768753506306,0.0011997260927683838,-162.82114717243135,0.062367358182296814,0.0039543279457125045,9.208415990440082e-05,175.60005447911806,1.4572953237828674
210_Narrow,2566665000.0,1.0046170135190406,0.0013341169487125432,-162.83598688280057,0.058462913878230736,0.003975961676856208,0.0001006915997382702,175.78189019222933,1.4486698259426118
210_Narrow,2566667500.0,0.9949071200326449,0.000754042361320713,-162.7186229056146,0.050510146943411625,0.004002556703231437,9.164430930148389e-05,175.34867173071066,0.9488669796527277
210_Narrow,2566670000.0,1.005052101848963,0.0011126903491683543,-162.7053359035852,0.08541846581789057,0.004027929324463359,0.0001534425701649981,175.8798450602788,1.2681385013630901
210_Narrow,2566672500.0,1.0113775814764452,0.0012942867309212597,-162.90952163692694,0.06179732906066854,0.004041125232908783,0.000112446764574487,175.76915002485984,1.1619507693081306
210_Narrow,2566675000.0,1.002110986739173,0.0014392374085910621,-162.94968665983933,0.06851052810072439,0.003941435261377852,8.82583519527408e-05,174.67238322363977,1.6481310386332586
210_Narrow,2566677500.0,0.9967547928553978,0.0009923385598680416,-162.76727612930765,0.07265723302978375,0.003970159221576757,0.00011947174124688171,175.5915917262474,0.8139425759841217
210_Narrow,2566680000.0,1.0082934304859164,0.0009151574299227846,-162.91328331387592,0.07293826002589121,0.004036465972007285,6.294013792640596e-05,176.3546677586438,1.7416966676225731
210_Narrow,2566682500.0,0.9971293169284793,0.0010673571953929326,-162.94744592263106,0.05622477899856576,0.0039561553412659715,9.369816951862278e-05,175.3029824197675,1.7403028056972247
210_Narrow,2566685000.0,0.9998573196768956,0.0009736092866212463,-162.8810557552559,0.07660543960614227,0.004027173681391684,0.00011449998804608698,175.30467806617472,1.7217702182362802
210_Narrow,2566687500.0,1.0117231037235832,0.0007360785785014551,-162.96748752357627,0.09328346251600506,0.004037029619152311,7.207415802893799e-05,175.1708207469626,1.4724035700502816
210_Narrow,2566690000.0,1.0061772076911688,0.0011255891049525594,-162.54895858904248,0.05288398745740788,0.0040101950129461245,8.829124458900039e-05,175.17878824973138,0.6960482818886277
210_Narrow,2566692500.0,0.9995383112662884,0.001003084063501011,-162.51312404797625,0.08831100975456933,0.004009777555166086,9.787192827844018e-05,175.60446110455854,1.4782324015988628
210_Narrow,2566695000.0,0.9952679089698722,0.0008012402337032969,-162.50513697549448,0.0856404798659424,0.004003498968609249,9.220800967225922e-05,176.34675424419603,1.6948823106433482
210_Narrow,2566697500.0,1.0063230712494704,0.0013275172004043603,-162.38095160337926,0.068290021023342,0.004042062202665517,8.740582960249714e-05,176.11117108312573,1.021005917266314
210_Narrow,2566700000.0,1.0151658949508175,0.0012647752736041622,-162.56206046074314,0.06383732735951664,0.004076589596206735,0.00012449918031641463,175.1678586634343,1.658161119980632
210_Narrow,2566702500.0,1.0073284791210984,0.0014115834623709066,-162.60946836605828,0.04264993347878854,0.00403207447619367,9.130734315423262e-05,175.56757566638834,1.3967963295178722
210_Narrow,2566705000.0,1.00382480520513,0.0008970574750622679,-162.6374195951687,0.04527770552396878,0.0040095756281036225,9.425552327841223e-05,175.01752953744798,1.1119503488037341
210_Narrow,2566707500.0,1.00175383398378,0.0014558766618025546,-162.81389259156526,0.04168356807318049,0.003992642937686174,6.0790004033117745e-05,175.446526689372,1.5201524347331206
210_Narrow,2566710000.0,1.0021598018239193,0.001379384705396813,-162.74563401965193,0.05726141323253049,0.003984847781767366,0.00010573959850094223,175.31658562550396,1.5769306015554647
210_Narrow,2566712500.0,1.0019271002493242,0.0012200791450627869,-163.231992298349,0.08627722740216173,0.004037872516188942,8.147297445448585e-05,175.02676762364382,1.249003674516963
210_Narrow,2566715000.0,1.0026154342736018,0.0014048114138802646,-163.31769200785223,0.06661577269921994,0.004008536045617343,0.0001071161525733348,174.83859578265452,1.9687432826661253
210_Narrow,2566717500.0,1.0101802085966634,0.0008534239707449133,-162.99132038781988,0.08224971009674129,0.004072517485543566,0.0001173786088099104,174.72059326460297,1.4319635902274392
210_Narrow,2566720000.0,1.0046394494186344,0.001059843701950502,-163.22484266124633,0.06615334278250226,0.004049460140455453,0.00010899100210423748,174.78827901935713,1.1290461705178683
210_Narrow,2566722500.0,1.0000078144754994,0.0013148098748831177,-163.01087096759457,0.06517612985557325,0.004071369699526903,9.498972614231729e-05,174.2394492283992,1.5294204584623707
210_Narrow,2566725000.0,1.0006269133915093,0.0010083933961080066,-162.87516802206105,0.05123710741533092,0.004040626997057,0.00011341416486032675,175.3366099386351,2.2962750955830757
210_Narrow,2566727500.0,1.0019074206435297,0.0011784681237893909,-162.9066722717149,0.04972248596101577,0.0040128182516167,7.993249322451793e-05,174.7148090349827,1.1717710533705223
210_Narrow,2566730000.0,1.0019138301444375,0.0009375043951904947,-162.6389583068334,0.06025642058057959,0.00406987249069495,8.207639597029374e-05,175.1029618791826,1.036412582502958
210_Narrow,2566732500.0,0.9998866381037894,0.0007705924884754207,-163.13970119805532,0.0523943121451415,0.0039766657282384295,0.0001100761135058523,174.35423542745906,1.1874584530715158
210_Narrow,2566735000.0,1.0047540050876673,0.0009947535166395926,-163.38540816593286,0.06884983286479171,0.004027215945122486,0.0001277397617950878,174.3157323729356,1.389592261376503
210_Narrow,2566737500.0,1.0071400130547183,0.001589453051893049,-163.1649994207142,0.061036262279043414,0.004082164503067124,6.959299625827314e-05,174.51314714472863,1.479515195897133
210_Narrow,2566740000.0,0.9952666043314092,0.0012371232440144511,-162.82663110685374,0.04645236157054956,0.003952690940816118,4.951262150583896e-05,175.48858367088565,1.289275896156411
210_Narrow,2566742500.0,1.0012927091255777,0.0013227063072000784,-162.98059332082727,0.08196437673125594,0.003995950014232722,0.00012469560135255269,174.68753984110222,1.207303271456637
210_Narrow,2566745000.0,1.0038845141474508,0.0014743049687648635,-162.82150697679288,0.06056642052443088,0.0041113987827355375,7.123405770417196e-05,174.90704426378446,1.330570167010183
210_Narrow,2566747500.0,1.0027140661479348,0.0010648619762087998,-162.59417851521548,0.06008044711587637,0.004028566987938236,9.872461690276223e-05,176.19043222415596,0.9455791875059196
210_Narrow,2566750000.0,0.9956558851762294,0.0014142263066311538,-162.82757531427782,0.04725058192424213,0.00407789062225395,0.00012022222453816378,174.23249067356576,1.1570822875665943
210_Narrow,2566752500.0,1.004092722532494,0.0013103769753652148,-162.69674258974055,0.07420030787061524,0.004037315432569044,0.00011742986643673707,175.68426199308226,1.5581831660350016
210_Narrow,2566755000.0,1.0055520236909743,0.0009576430751244125,-162.92072672817534,0.08501270480627957,0.004114508328077961,0.00010093723488851433,174.84115236325633,1.6502702963585527
210_Narrow,2566757500.0,1.0030321347573086,0.0005033385936167205,-162.38790667488055,0.06249944470410515,0.004044232924882985,9.751436753455466e-05,175.86324663178792,1.41576998412105
210_Narrow,2566760000.0,1.0048079237491043,0.0007802728724961103,-162.70952408396334,0.04916623613598385,0.00402425393258799,0.00013381463588584756,174.83050598222908,1.5082399976246652
210_Narrow,2566762500.0,1.0005538699459546,0.0013497603685840374,-163.1681564122241,0.06257566142541719,0.004003205264014539,0.00011810843911298064,174.6295683054934,1.2348925003508153
210_Narrow,2566765000.0,1.0037814941771785,0.0007384672680468078,-163.26570815754891,0.06713756847175051,0.004061000243803101,0.00010223210910538406,174.76953956546208,0.9038993409967889
210_Narrow,2566767500.0,1.0110721798896236,0.0011251578278001582,-163.25261305010568,0.07120535531929222,0.00403585818665983,9.906825598534159e-05,173.51014156184604,1.4411697545572506
210_Narrow,2566770000.0,1.0051134222409341,0.0006940170555918921,-163.38102315638014,0.07769649462931917,0.004000053652794402,6.865981288629046e-05,174.63136422120508,1.400197095130202
210_Narrow,2566772500.0,1.0079268406433137,0.0008433387096211019,-163.059913689093,0.048614546994413255,0.004074951469269221,7.680717513486497e-05,174.45329534090473,1.3247960806091594
210_Narrow,2566775000.0,1.004775741214002,0.0011101154155106505,-163.28494424661395,0.06747348726857448,0.004110394912172547,8.912117147569924e-05,174.12358603477344,1.3207357802610353
210_Narrow,2566777500.0,0.9977076090723868,0.0008771511509668953,-163.30592649461835,0.06825251491445343,0.004092897844915821,0.00010125881959561548,174.70382635853917,1.0071221344859922
210_Narrow,2566780000.0,1.000029129778348,0.00164337228308569,-163.3797722585526,0.0967817113250722,0.004099813014939368,0.00010155132148821346,174.3633953765456,1.5076399825048896
210_Narrow,2566782500.0,1.009998157399592,0.001351030286169869,-163.35012408317405,0.06886009800367308,0.004063291342109441,8.051321094979643e-05,173.6421456830856,1.2767065513076261
210_Narrow,2566785000.0,1.0050007559236611,0.000640511511843215,-163.27521598865326,0.0689599148064583,0.0041306642794728295,8.978985631620905e-05,174.3364736127241,1.6325112843860625
210_Narrow,2566787500.0,1.0108963215315028,0.0014309229684248274,-162.954214372598,0.06782725127135288,0.004108285489503311,7.441815138325144e-05,175.13084744555715,1.7398825538339915
210_Narrow,2566790000.0,1.0044397379881476,0.0009196500349055491,-163.34998320762617,0.06863407649448097,0.004086584628694211,0.00013751770267200097,174.18376776743972,1.9839718148590055
210_Narrow,2566792500.0,1.0009393176031338,0.0016363237166303773,-163.0633958695658,0.10229587075660451,0.004107400158264142,0.00012499871646357605,175.01062155467594,1.3963367574225631
210_Narrow,2566795000.0,1.0009081326500926,0.0011829953360990532,-163.31543585600082,0.06325073216848096,0.004133948683516782,9.8597925725173e-05,175.20670098786135,1.3500706984064328
210_Narrow,2566797500.0,0.99846575822833,0.0009184161236682226,-163.1525884760074,0.08307978072263006,0.0040661464322764304,0.00010995507216562601,174.19512641336505,1.221010111767019
210_Narrow,2566800000.0,1.0032205897481783,0.0013082223124295253,-163.11527709282186,0.06540722327915732,0.004067549969837897,9.929070448565286e-05,174.87072177870195,1.2920849610669427
210_Narrow,2566802500.0,1.0000831312954999,0.0010389584845954404,-163.28065050498276,0.08293424453571376,0.0041392348763693385,0.00012742887840331952,174.22392324492586,1.2954564180258241
210_Narrow,2566805000.0,1.0014564224146631,0.0007256038506168232,-163.19060922279573,0.10536104336084723,0.004109829550909305,0.0001412256136020322,173.9547259113822,1.4171985203670685
210_Narrow,2566807500.0,1.0053378049301316,0.0007692269458822997,-163.17214937103196,0.08645588206798134,0.004102191742773414,9.649388240154146e-05,173.4027739233299,1.3509583596536106
210_Narrow,2566810000.0,1.0013630937731985,0.0011539997913101326,-163.0495857626238,0.06257866209575391,0.0041198456605175985,6.919101898906825e-05,174.58349092585112,1.1238336871747643
210_Narrow,2566812500.0,1.0111025986968158,0.0007969058322426018,-163.21660802943086,0.07371870374174819,0.004107859013994164,0.00010633649247627244,173.9093107676547,1.0259384212365843
210_Narrow,2566815000.0,1.0061864431633525,0.001169632664189587,-163.51013051204654,0.05016578861814737,0.004117786536902836,8.55001440606279e-05,173.79328579627975,1.5948954501720314
210_Narrow,2566817500.0,1.0106932789200536,0.0009535434522129787,-162.97717253611017,0.05849482084430613,0.004116519464936401,0.00011516224369376945,173.92272240070344,1.044521283063944
210_Narrow,2566820000.0,1.0108053881306331,0.0007250178527610161,-163.46218757174566,0.05757452083169817,0.004125462889599955,7.475528160494069e-05,173.33410191420987,0.8870897163252988
210_Narrow,2566822500.0,0.9993359229310991,0.0016439077427967833,-163.1038190027437,0.04706625736317532,0.004072855527623559,7.925058799255688e-05,174.40458348392022,1.9155157205678417
210_Narrow,2566825000.0,1.0038659714778433,0.0011432633417559424,-163.5096712321868,0.08333625662120137,0.00406160956394577,7.919880948433759e-05,173.7783678930119,1.7201828785025886
210_Narrow,2566827500.0,1.0055556285834422,0.0014053732147865866,-163.4868049602095,0.09813459395450091,0.004129163407380166,0.00010081950887620381,174.46200017209844,1.0470291317072986
210_Narrow,2566830000.0,0.9992278289790529,0.0018642158996000392,-163.40061881161301,0.054995320866618326,0.004145181250794966,9.371002056125097e-05,173.8413505869456,1.0749603285876088
210_Narrow,2566832500.0,1.005029001821423,0.0012484129077862342,-163.0197328858979,0.0692652525836548,0.004152495724762724,8.243691530575642e-05,174.16513576562576,1.3368417273569395
210_Narrow,2566835000.0,1.0011629917016955,0.0009356616687473455,-163.3526409014407,0.04279019330906318,0.004129102506692102,7.999259804574117e-05,173.67223601036372,0.5892690053323079
210_Narrow,2566837500.0,1.000135861127061,0.0012826256869209356,-163.5820008967328,0.0655760669548693,0.004120191129531296,0.00010980524428503306,173.81762358660274,1.1276108891731054
210_Narrow,2566840000.0,1.0009752992189969,0.0005196003799342649,-163.54585361158334,0.09042775458510051,0.004157750122507057,9.34200394945173e-05,173.50002325355666,1.2598583275416213
210_Narrow,2566842500.0,0.9968488221753155,0.001137945382546582,-163.7635397918042,0.08197858509970139,0.004143078339262069,8.156504377019111e-05,174.22117184422882,1.0043980806754418
210_Narrow,2566845000.0,0.9979703531373979,0.0013059499859260878,-163.2558609404025,0.053265408754323326,0.004158234966800966,9.230336457367081e-05,175.0613534581229,1.1568775864308345
210_Narrow,2566847500.0,0.9954137941204287,0.0008579497881940175,-163.3893220630473,0.09780361304325876,0.004114372755018329,0.00011682095653247304,173.93944387144097,2.0599833459016312
210_Narrow,2566850000.0,1.0020495000380347,0.0008065410471480111,-163.2440712451175,0.06624313950005815,0.004172726280090329,6.493221218396167e-05,174.1135287589903,0.5367585356000029
210_Narrow,2566852500.0,1.0093309248488374,0.0011878372862681116,-163.11903264617368,0.06778838895063659,0.004147862185979426,7.765090506923706e-05,173.36097448093798,1.0232519292282063
210_Narrow,2566855000.0,1.001680420735454,0.0012010988128774813,-163.22588293488323,0.07481624791637669,0.004121794471717594,8.583111781584088e-05,173.62630524076852,1.3900254950660904
210_Narrow,2566857500.0,0.9979998194793368,0.0016387339167999997,-163.09996658404114,0.0499183379168206,0.004135227469554693,7.613566285770461e-05,174.6078943485527,1.171405779424645
210_Narrow,2566860000.0,1.002391543263668,0.0018297146894990651,-163.2453254785461,0.08271644110396982,0.004160556403691644,0.0001118040971210421,173.60113959055508,1.3911099066338173
210_Narrow,2566862500.0,0.9985772402837845,0.0009344005140646478,-163.6787537484847,0.06993221016633358,0.004131013474174405,8.24883920473115e-05,173.68144633762404,1.4782766643098462
210_Narrow,2566865000.0,1.0040527348358137,0.0011422413268333733,-163.58536958706202,0.08265951701373545,0.004123398466584384,0.00011593547785281567,173.394433286287,1.381558378160548
210_Narrow,2566867500.0,1.0036249385036395,0.0011929987424217465,-163.08314149636843,0.0532003081912214,0.004179287897869692,9.356674122675113e-05,174.00036739108907,1.3856875485009457
210_Narrow,2566870000.0,0.9996065406539628,0.001239498684453303,-163.60986215052145,0.05921363841870346,0.004163350987389711,7.327608877440218e-05,173.41790337220488,1.4194636734714752
210_Narrow,2566872500.0,1.0005859546726723,0.0005488070103384233,-163.16911453212117,0.09593098995302222,0.00416073371424879,0.00010761824940823342,173.87700392065491,1.9630317082418385
210_Narrow,2566875000.0,1.001134979237503,0.0007894910075120673,-163.18663423077035,0.07098101269746383,0.004165297343171947,7.076130613018625e-05,174.28773837486392,1.053436698515529
210_Narrow,2566877500.0,1.0023747158141854,0.0011127795844446857,-163.72546436571366,0.058907653870853505,0.004122904682901405,9.565725168965928e-05,173.42672783249927,1.2284665518149553
210_Narrow,2566880000.0,1.0041578664877215,0.0008841963989098891,-163.8358808008697,0.0846717154952366,0.004184232297955604,0.00011736717050350997,172.51482313310612,1.1225431579581509
210_Narrow,2566882500.0,1.0081502470328705,0.0013249778288914817,-162.97039489552097,0.08022361541084154,0.004167524980440047,0.00011523760822036743,174.29060579184178,1.2507255780453792
210_Narrow,2566885000.0,1.0038668739650958,0.0009259372517237116,-163.5755626695053,0.07621852428857691,0.004229853067490592,6.74221165850852e-05,172.71966376649416,1.2394480934946244
210_Narrow,2566887500.0,1.007937737851143,0.0010667501148279924,-163.4750504831197,0.05544982932440999,0.004138666491311342,0.00012979245999059484,174.47762504696368,1.171670164629341
210_Narrow,2566890000.0,1.0014042876988816,0.0009048486976785372,-163.83640494056354,0.054130363503757065,0.004180194032985191,0.00011356389092980264,172.1451568860707,1.6130119793419704
210_Narrow,2566892500.0,1.0053007804716256,0.0006528752899889447,-163.23252370958116,0.05435182869867843,0.004188672636417765,8.763655553657891e-05,172.76555720405415,1.3250134231735742
210_Narrow,2566895000.0,1.0021898176538118,0.0014260382387852532,-163.32503891779697,0.06923876957074225,0.004229679423713099,8.646885025783553e-05,173.58965862189305,1.502963323695679
210_Narrow,2566897500.0,1.008265649053791,0.0007808953592244341,-163.69567937193,0.06512091088890037,0.004254187451415054,0.00015182281491399322,172.62580539785222,1.7191365174758602
210_Narrow,2566900000.0,1.0042561297461445,0.0009180628947834159,-163.62870989128885,0.03051978454425514,0.004203307952652384,0.00011616743586482245,172.38899746748746,1.3267649936400174
210_Narrow,2566902500.0,1.0065728366195126,0.0008089082634158061,-163.4171711733529,0.0548062862734012,0.004176768749815955,9.589666637311452e-05,173.53401463377577,0.773722625631141
210_Narrow,2566905000.0,0.9995818631632112,0.0011351591645527507,-163.80432605644035,0.07420426086178927,0.00419291450198698,0.0001074957932169,173.26843997358984,1.538748034783664
210_Narrow,2566907500.0,1.0074956605527032,0.0007678560426934311,-163.8278192072977,0.08706527239867645,0.004192942667544709,0.0001292607837295709,172.7036284318261,0.6370532099461234
210_Narrow,2566910000.0,1.0016817327657628,0.0011278768175028142,-163.615440219964,0.05129272643633148,0.004160955326738448,0.00010122767991075915,172.37918110852718,1.0036688083011653
210_Narrow,2566912500.0,1.0024558319763603,0.0011068451256327895,-164.10001487499508,0.06268012922685551,0.004086180140944127,6.427642259940928e-05,172.97511484535585,1.5481796998972903
210_Narrow,2566915000.0,1.0011679270232898,0.0011359383257676125,-163.83988029716932,0.04961772207083877,0.004226016120466442,0.00011367113532850956,172.85652581958232,1.3397150124451094
210_Narrow,2566917500.0,0.9971675349108575,0.0015177508147207817,-163.72182023930856,0.055620059187772075,0.0041535813216396315,8.303491386737159e-05,173.1076812876185,1.9586823897529093
210_Narrow,2566920000.0,0.9955808118707392,0.0008684216876416699,-163.65022381866225,0.06316447954462776,0.004129691426737413,9.742161942771129e-05,172.8525178603065,0.8425994922697373
210_Narrow,2566922500.0,1.0007053368381078,0.0012089274060983308,-163.4673367020236,0.08214484906305594,0.004221406611885124,0.00010928606046220145,172.3565756808435,2.0778207880780744
210_Narrow,2566925000.0,1.004860815116632,0.00103502831147408,-163.43672864559176,0.07520692808030269,0.004302491094800992,0.0001325411670176793,172.21112484086103,1.4305585461941637
210_Narrow,2566927500.0,1.0001131672066017,0.0007353315544359711,-163.39427809181817,0.07524586163552956,0.0042593256547187215,7.350070646242637e-05,173.46562514217447,1.9766090577138666
210_Narrow,2566930000.0,1.001145414507589,0.00136612213946208,-163.68839299552943,0.05465373778352917,0.0041946517547804775,9.095810807204196e-05,172.69537777087785,1.1280179586953538
210_Narrow,2566932500.0,1.0081872365210094,0.0007749406338073434,-163.23014280113645,0.07319038790037813,0.004171253472310285,8.501022006177562e-05,173.4513966155487,1.9656464422322022
210_Narrow,2566935000.0,1.0032680809555448,0.001512533970569965,-163.50408670489432,0.08511886520718011,0.004226103356443086,0.00010541942296394543,171.85350502120642,1.0841613545871394
210_Narrow,2566937500.0,1.0020685304680348,0.0018113725031921556,-163.1762375403756,0.06689941657491986,0.004248156293480061,8.406781289041958e-05,173.43738983627742,0.8939619093632145
210_Narrow,2566940000.0,1.002291287297771,0.001244338311634811,-163.51601422867583,0.08377519366221066,0.004274098930598458,7.35360777737264e-05,172.7956303415051,1.2863977204976302
210_Narrow,2566942500.0,1.0051821538467585,0.0011470679529015535,-163.8906474158258,0.0706632109386529,0.004267760594551499,0.0001455551950339913,172.19563804395912,1.1902129072212622
210_Narrow,2566945000.0,1.0006656582852387,0.001719039596406887,-163.80762517375746,0.06465106128335661,0.004188413027381839,9.340046703852577e-05,173.3665961079677,1.4793075981199886
210_Narrow,2566947500.0,1.0039077599781108,0.001154082096647498,-163.4975298193436,0.059794803475770215,0.0041957164013282046,6.586430311369386e-05,173.00445351809662,1.1383808433862672
210_Narrow,2566950000.0,1.0121726960012953,0.0012147552325875836,-163.18826802848284,0.045766088399173836,0.004259499402243679,6.870143865513936e-05,172.81978474876937,1.3610630301302358
210_Narrow,2566952500.0,1.0019581886556572,0.0017231039502265586,-163.3366365999304,0.12862085662768452,0.00427012878075828,6.623049531659847e-05,172.94388416489065,0.6174680712843472
210_Narrow,2566955000.0,0.9995376908309493,0.0011008482138610835,-163.92547714330385,0.08821203948678329,0.004179424433645497,7.768128584407334e-05,172.51357661537142,0.901120434602286
210_Narrow,2566957500.0,1.0024868472082848,0.0007567760050001216,-164.1248075565411,0.06495012628326262,0.004297731116598371,9.616635336530158e-05,172.83135400525413,1.0911589477862205
210_Narrow,2566960000.0,1.0017671795256056,0.0014992851812114752,-164.05633710277425,0.09013014677112192,0.00424701824730049,7.689936126058855e-05,172.35038522840867,0.7550721104022116
210_Narrow,2566962500.0,1.002607656596069,0.000882393819555344,-163.52452995205223,0.08094927595363054,0.004250856010945669,8.248136555896787e-05,172.50536920094325,1.9308966104857184
210_Narrow,2566965000.0,0.9986039593331871,0.0007532337658789566,-163.82176508233067,0.07644259160788054,0.004242542199446153,0.00017674962475425912,172.04649653225343,1.3560869790274286
210_Narrow,2566967500.0,1.0046085219583367,0.0012558508089722323,-163.7285277546582,0.04651401964950877,0.004218000391169681,8.429803107021068e-05,172.9965607211691,1.0552620624776852
210_Narrow,2566970000.0,1.004606462507425,0.0008292784993398486,-164.0345050439567,0.06198175717610375,0.004201725711487971,0.00014044144181243879,171.69780160805723,1.0306464041723162
210_Narrow,2566972500.0,0.999998689751128,0.0017054127287353955,-163.8494734060877,0.06733667533437752,0.004250686074994362,0.00012637042588099955,172.51567550703578,1.5704364757264373
210_Narrow,2566975000.0,1.0019758199662174,0.0007268534510028131,-163.93786316799898,0.053098402451276165,0.004282674416482739,0.00010235127122892556,171.97747139660058,1.7668441706209688
210_Narrow,2566977500.0,0.99256395983176,0.0013269835804138926,-164.17047630398014,0.05971626517627721,0.00418759383751376,0.00012259582324582692,171.81339596996554,1.4057152963321333
210_Narrow,2566980000.0,1.0034677575966258,0.0009013595061234405,-163.78560223117594,0.05731665069109386,0.004259584779149089,0.00010179184682247327,172.17079608849932,1.3831604360817489
210_Narrow,2566982500.0,1.0028530609874111,0.0017552823606577113,-163.99827862137238,0.04877205619786949,0.004285635783830683,0.00010267129297921509,171.79151338133536,0.9495213674943124
210_Narrow,2566985000.0,1.0041886807737426,0.0010857808842490886,-163.51308615078872,0.03674700217159397,0.004298553968907267,8.52695610107841e-05,172.62716038285552,0.9364417080402312
210_Narrow,2566987500.0,0.9945623532561493,0.0011979887274836455,-164.06579559897287,0.059459885062728736,0.004229628100995043,3.473666329214002e-05,172.46845942711045,1.2328749459920443
210_Narrow,2566990000.0,0.9981432371849638,0.0012769215767578527,-163.80871705211348,0.05157097552061339,0.004259493974994173,0.00010264684035659104,172.89704805204354,1.247489061118947
210_Narrow,2566992500.0,1.0056853704739632,0.0011267835616317618,-163.87457202952197,0.05699717766901599,0.00426241816617553,7.10975510863079e-05,171.51548774259214,1.417222362428547
210_Narrow,2566995000.0,0.9918078082409016,0.0011861215216568417,-164.12495171507942,0.09605076715292218,0.004220110251874621,0.0001343671662390989,172.1401885977587,1.415696168576826
210_Narrow,2566997500.0,0.9994102405694993,0.00098097333774956,-163.7794468687996,0.05374668010287097,0.004252733018276556,9.434793505515513e-05,171.72886394064776,1.7202465212847564
210_Narrow,2567000000.0,0.9984816913930985,0.001289996170158138,-164.18119688886674,0.04237392560095314,0.004316497245638694,0.00012062449831757441,171.98810568570096,1.2875527256872235
210_Narrow,2567002500.0,1.0058808735671012,0.0012845314210896538,-164.32546991831808,0.06385028863414022,0.004323467444519334,9.985128365636e-05,171.63383638539014,1.127080739556911
210_Narrow,2567005000.0,0.9970091260076599,0.0010490117887990297,-163.5650948459313,0.04173128217271869,0.0042661587863132636,0.00010946559702381698,171.50502196405546,1.1329583748538377
210_Narrow,2567007500.0,1.0049913092516916,0.0014439453346492379,-163.74346020236743,0.07920725043666567,0.004265269935363648,6.832978688428869e-05,172.08545150075724,1.5147358478298611
210_Narrow,2567010000.0,0.9937444359037289,0.001391779349666378,-163.5652102205766,0.05262762007991384,0.004316646971481052,6.36438839372655e-05,172.47098042289815,1.4454389368535754
210_Narrow,2567012500.0,1.0066950783613793,0.0009860840169598915,-163.77721023315812,0.05709559667109191,0.004290548434455654,0.00011255358416980234,171.47521950281657,1.4504982120486247
210_Narrow,2567015000.0,1.0002575446308537,0.0014715029590101024,-164.03376139862488,0.08671203990493578,0.0042846771079497505,0.00010743102599210957,171.3499805342686,0.9560416778628947
210_Narrow,2567017500.0,1.0007755644201146,0.0015820995880862253,-164.00696040967526,0.06744962315530738,0.0043024477837938745,0.00010057635477129374,171.58029603804687,1.4554109353656963
210_Narrow,2567020000.0,1.0075749841478816,0.0012763677406999793,-163.87677596764297,0.06776053996111196,0.004360002716978842,9.334596778349471e-05,171.60872705545185,1.1685745515021506
210_Narrow,2567022500.0,0.997961437602925,0.0012482195433151876,-164.25889583235696,0.054326866521870805,0.004265175557805883,0.00010315056668297985,171.62142675234236,1.3781302986908057
210_Narrow,2567025000.0,1.000333673118583,0.0010409121348582168,-164.39920971457042,0.057917211516223595,0.00428860429847306,8.26535222513361e-05,171.87564159857348,0.8858584646938659
210_Narrow,2567027500.0,0.9994853235162655,0.0007750852765684142,-163.81456819437852,0.07759973962342015,0.004286318946186259,8.481237818562062e-05,171.71618267010794,1.1842587878053268
210_Narrow,2567030000.0,0.9963929981850563,0.0008675977621291308,-164.17650541910302,0.059172862908476016,0.004294278535375189,9.614199457833968e-05,172.06722525284187,0.9653041033447972
210_Narrow,2567032500.0,1.0153224192096129,0.0009787001278896321,-164.7094784430666,0.06063809241899032,0.0043533612152055765,7.607872851605342e-05,171.73528129083053,1.0889644146149444
210_Narrow,2567035000.0,1.0021417618110777,0.0014191201821338612,-164.1882396294771,0.07635698156931274,0.004324314051903027,0.00012148075168859361,171.75280485893637,0.8618008812183169
210_Narrow,2567037500.0,1.009032182922255,0.0009175473816447666,-164.30629082055074,0.07032498128588494,0.004309358286230779,8.930139898812679e-05,171.2887297363839,1.9066379211905566
210_Narrow,2567040000.0,1.0046306859096898,0.0017219698282883284,-164.24377104588194,0.0508439464815825,0.00438306551210449,0.00010071954174337536,171.05499969864292,0.9243201811604352
210_Narrow,2567042500.0,0.999113496531335,0.0010200539719870988,-164.11047906744255,0.07698166244172215,0.00430445241503747,0.000126681432393267,171.5031046218729,1.1116325956523851
210_Narrow,2567045000.0,0.9999258084447779,0.0009192583318659614,-164.4168517017756,0.07866588218642595,0.004353725418744344,8.690714440763152e-05,170.78792720277053,1.4422248174595647
210_Narrow,2567047500.0,1.0036896867097589,0.0011683844273303152,-163.90218722106127,0.09238671176553766,0.004319705328327967,9.720303250547415e-05,170.6409353660342,1.4161934960350595
210_Narrow,2567050000.0,0.9977321880006144,0.0009490831890065604,-164.2427650949157,0.07390941593677934,0.004283714008040772,8.299391240764278e-05,170.49341643266249,1.9644406403483576
210_Narrow,2567052500.0,0.9901567637884595,0.0007569049740873394,-164.66897314313675,0.057221463322776736,0.00432606021145673,8.685312789534254e-05,170.5702548176127,1.1807698087169662
210_Narrow,2567055000.0,1.003637110716784,0.0014678830469671894,-163.90913605180515,0.07059796183021277,0.00435617519518457,8.704479296812125e-05,170.87248687163716,1.1647300831390757
210_Narrow,2567057500.0,1.00343480953343,0.0009074930488652936,-164.07801981748818,0.0584418115066804,0.004319005427857062,7.134405390147082e-05,170.856140324263,1.2331580178564256
210_Narrow,2567060000.0,1.0032131986191635,0.001152134471440983,-164.18961815642479,0.0658972382617965,0.004381262290694804,9.81276760642769e-05,171.38347229845394,1.0268453796719326
210_Narrow,2567062500.0,1.0002934956179157,0.0014099423637299136,-164.27283886344472,0.05578690612835366,0.004330058632978853,7.407685788641056e-05,171.1847423054567,1.0678581683833543
210_Narrow,2567065000.0,1.00584427175448,0.0012990941465259977,-163.92712629454098,0.09004975966424411,0.004369926306130188,0.00014086543430230587,171.49042989286895,0.9620178749645903
210_Narrow,2567067500.0,1.0035073724884314,0.0012238607880262968,-164.12137830219118,0.08433384293549046,0.004363509058326192,8.456994107499328e-05,171.42437802409296,0.9975946233529007
210_Narrow,2567070000.0,0.9981266632057337,0.0009367712041257475,-163.92282514525806,0.06986905538697862,0.0043378839695022,9.296567526876673e-05,171.66594210209811,1.1006634626957328
210_Narrow,2567072500.0,1.003359547670392,0.0013893839389074183,-164.15085862238413,0.03365026569012561,0.004340557606227091,7.530103212765854e-05,170.30580180420282,1.1751174875367505
210_Narrow,2567075000.0,0.9947240006675865,0.0008563398859217041,-164.57270711484313,0.06177740085650607,0.004286149250770925,9.856556069458918e-05,171.4626001850464,1.7945858149214367
210_Narrow,2567077500.0,1.004101680378622,0.0007999681072095714,-163.7979699381463,0.07449091588229874,0.00433115461190211,0.00011949761012194245,171.85788221437778,1.5237425743353628
210_Narrow,2567080000.0,1.0068349953187143,0.0009676535990028936,-164.71707685545869,0.07740170331952108,0.0043763456276347005,9.865222383031927e-05,170.96907118659266,1.1455378627898771
210_Narrow,2567082500.0,1.0059138448609979,0.0010679298307440083,-164.31353644974644,0.09060017140098695,0.004309613232806447,9.676357705736131e-05,170.4923900819665,1.429891732279024
210_Narrow,2567085000.0,1.0091807080356112,0.0011432098704358463,-164.0807717066918,0.08014582459982193,0.004347507884607227,0.00010083916090669972,171.02023251780014,0.8476623202113356
210_Narrow,2567087500.0,1.0013377321020611,0.0012170035952997686,-164.5755152046623,0.05748171819331843,0.004400612495687083,7.778114630024172e-05,170.89950202177164,1.1173455699316752
210_Narrow,2567090000.0,1.0071924724151917,0.0009872626367310197,-164.2303428240247,0.052937060654326004,0.004389027288389911,0.00011920354262202863,170.58062362732596,1.3977689094387773
210_Narrow,2567092500.0,0.9991820972364792,0.0009460075964247871,-164.1742794660903,0.029477580277013464,0.004312439341981631,0.00017305506352679814,171.1159376700253,0.903520659510874
210_Narrow,2567095000.0,1.0058758564159807,0.0015401080909697717,-164.14472362145636,0.05123104412696488,0.004376000824926682,8.85660785783972e-05,170.43597572460732,0.9596305405891286
210_Narrow,2567097500.0,1.0083536881547825,0.0009286731903932138,-164.1216635978477,0.05790245983186828,0.004374927813608015,6.826514903246967e-05,170.49340040219116,1.3449100216473233
210_Narrow,2567100000.0,1.002984076102391,0.0015656090159248625,-163.994888438607,0.07357105378011473,0.004423327097787561,0.00010334104164916621,170.97825337885484,1.3129986314392843
210_Narrow,2567102500.0,1.0035925433783133,0.001143882525279463,-164.36949291959647,0.07045916324098832,0.004274033741199632,8.519891375413814e-05,170.37414726596108,0.9597572790616427
210_Narrow,2567105000.0,0.99975191256284,0.0012199317843268815,-164.43078544329336,0.08385928012569469,0.004410035725835001,6.700344799053835e-05,169.72435332597098,1.4206636136533253
210_Narrow,2567107500.0,1.0032205117381943,0.0013026853427608096,-164.75300661360455,0.05667975224561297,0.004392916251989178,7.28632494355976e-05,170.3190161125103,0.9791344826479594
210_Narrow,2567110000.0,1.0061662464999124,0.0010872895185213094,-164.51121944445046,0.04618388217490905,0.004438197644404408,7.468539217298912e-05,170.28109665215845,1.0070525645498882
210_Narrow,2567112500.0,1.0031122053368038,0.0011796069961834681,-164.4781278607983,0.05306534462615111,0.004401690279130658,8.523969825115945e-05,170.67092244450538,1.4109434994653047
210_Narrow,2567115000.0,1.001829997225791,0.0013181587154727193,-164.56556229918505,0.06608265045408981,0.004368017034392161,8.91753407714105e-05,169.93358516895992,1.3330789262270026
210_Narrow,2567117500.0,1.0035324686357256,0.0009886616854960807,-164.6193666305807,0.06437965239836503,0.004458178135815589,0.00012912032577648517,170.43681646604767,0.6432604640511683
210_Narrow,2567120000.0,0.9961026193427779,0.001147911537037703,-164.2915704774631,0.04379537115371428,0.004421705395370483,7.732297102576624e-05,171.33146885487042,1.1570078640066046
210_Narrow,2567122500.0,1.0041400138681227,0.0009054953683095971,-164.39379981362327,0.09030506549570695,0.004458027884829418,6.982662460069368e-05,170.4031243699938,0.6671775158712094
210_Narrow,2567125000.0,0.9983780588584796,0.0014610600569832657,-164.65898557669772,0.05957006339706368,0.004414533823437023,7.651422332135031e-05,169.99028452701288,1.1122748468190065
210_Narrow,2567127500.0,0.9988363801140249,0.0017524590509932197,-164.36592940315305,0.039275100175574194,0.0044445229987921464,7.106490692074592e-05,170.59983864347876,1.167711272484499
210_Narrow,2567130000.0,0.9942185716541392,0.001470962110028455,-164.38912089195975,0.09557297136788234,0.004331856521138416,0.00010518045483832658,169.9843069005676,1.176481869177259
210_Narrow,2567132500.0,0.9953679138852981,0.0012990301500499428,-164.60216543877254,0.06896908953732993,0.004424896075929686,9.68160900641079e-05,169.95790363566147,0.988429153416208
210_Narrow,2567135000.0,0.9989165527214985,0.001229329508074646,-164.0393972177062,0.06405104036340696,0.004425935542553328,0.00010514864100316827,170.48530606250856,1.388474897446694
210_Narrow,2567137500.0,1.0001187036262162,0.0006605109890049896,-164.61271987305224,0.06722216632039246,0.004462321009308718,9.496683774195768e-05,169.25765094984956,1.428467837237915
210_Narrow,2567140000.0,1.006215778002763,0.0014230215486234403,-164.58399801112574,0.07981309627654783,0.004462819129274603,0.00011758356981629319,169.63839786191838,1.2322790635611005
210_Narrow,2567142500.0,1.0008820414409139,0.0014047055275170316,-164.4951946222438,0.06804625942894807,0.004466591571952207,8.68205795801104e-05,170.1415704166683,1.2662502008404806
210_Narrow,2567145000.0,0.9950556681380499,0.0010212553485987519,-164.01447902519274,0.03328499259444403,0.004423311235249158,8.381132522920307e-05,171.13974293812558,0.8205944154423959
210_Narrow,2567147500.0,0.9956061356692172,0.0011554154335800546,-164.26624552998067,0.06173010121665481,0.004427637345199907,9.064576085014944e-05,170.8294378542268,1.1671036963218946
210_Narrow,2567150000.0,1.0012090221542236,0.0011823670959493595,-165.07406610762928,0.047527968890556285,0.004386400915071701,6.946862552390482e-05,169.32613893898397,0.9799997226294919
210_Narrow,2567152500.0,0.9976090320708885,0.0007247598161238446,-164.597835937234,0.06277573921730875,0.0044533436225313175,0.00011821039761008668,170.08840509484423,0.9452119449964557
210_Narrow,2567155000.0,0.9967640973076662,0.0009269088188140273,-164.68205491960597,0.09913612040561426,0.004456284664718175,9.938161284427109e-05,169.63107768908975,1.5239464628817334
210_Narrow,2567157500.0,0.9954455552777682,0.0016186548898221,-164.29069045611192,0.04404788595312291,0.00449950079875625,0.00011573931668198127,170.1169202312292,1.1817821273720075
210_Narrow,2567160000.0,0.9950339723974967,0.0009919750688617947,-164.65187468889783,0.07482811656723672,0.004438356252545489,7.90732015380318e-05,169.68943307343469,1.9689684022119383
210_Narrow,2567162500.0,1.0056546875326822,0.0013637644881934951,-164.97525559472373,0.07688834377443039,0.004459938966301918,0.00011958609992731279,169.175355243608,0.8821665795449013
210_Narrow,2567165000.0,0.9982121212175076,0.001479327080229022,-164.80209969768998,0.033908238731610876,0.0044229226653460085,7.944232992230865e-05,169.62710817422675,1.1685716584967634
210_Narrow,2567167500.0,1.0042437936136022,0.0014914303815132814,-164.45418753777594,0.05768998944759121,0.00445383572500176,8.764305691242168e-05,169.58490815566316,1.3688700909457008
210_Narrow,2567170000.0,1.0055125295363676,0.0011235715906833868,-164.43472137602438,0.0945942487791692,0.004496249965208194,4.880015094091351e-05,169.26874237651387,1.0837776086005537
210_Narrow,2567172500.0,0.9981827956117723,0.0011090314774708763,-164.44752559941503,0.04186055499637098,0.004469065346550717,9.003858519169571e-05,169.5664795850553,0.692300773838079
210_Narrow,2567175000.0,0.9961290024708537,0.0017524752006501999,-164.76416879919722,0.05255651003584316,0.004390425890720489,8.617730851736506e-05,169.21972187996332,1.4883172311184751
210_Narrow,2567177500.0,1.0051882997550066,0.001372745201990619,-164.3831485132032,0.052736459138240106,0.004580797745857711,8.414458319181491e-05,169.67187443608412,0.7501052126223048
210_Narrow,2567180000.0,1.0052518344265744,0.0009387635455240836,-164.44229304201897,0.0923925114694229,0.0045460537827308805,0.00012023618787090172,168.8940174637646,0.7663409443431686
210_Narrow,2567182500.0,1.001480575439724,0.0007013334319350023,-164.90798020393206,0.06524176183899619,0.0044833208812536315,0.00012034390025667807,169.04367249216395,1.307097036809011
210_Narrow,2567185000.0,1.0035627176611261,0.001521941010270966,-164.75983614049966,0.061446902296690614,0.004501601220692986,9.803459124650082e-05,168.61619341945237,0.8120200444328092
210_Narrow,2567187500.0,0.9899168615596948,0.001302211844125822,-164.047473842437,0.03875730846402568,0.004502892381325461,8.279921542363456e-05,169.7043730438782,0.8673624891816064
210_Narrow,2567190000.0,1.0021792546399078,0.001609341764127624,-164.74412824288916,0.049834398200407505,0.004497714822637538,0.0001129721216676574,168.77090524970154,1.5619249508385082
210_Narrow,2567192500.0,0.9987081016800373,0.0009929642467980844,-164.98695539087828,0.06479304845140779,0.004494720078763937,5.280590502393715e-05,169.44499123820023,1.388403650601252
210_Narrow,2567195000.0,1.0063588468622378,0.000977032169530399,-164.64101917618515,0.07381077648048852,0.004458985492464173,7.445644812992071e-05,169.33006267608374,1.3015084572136963
210_Narrow,2567197500.0,1.0006143083220689,0.001102999267685667,-164.9742303637659,0.07450729975746861,0.0045757172346010365,9.281051970781862e-05,168.74361294819445,1.800581313996688
210_Narrow,2567200000.0,0.9941796542617634,0.0008821915882492691,-164.74832310506923,0.056058904731910546,0.004489759792668146,0.00012672637029625302,169.33158633283477,1.6095740988705343
210_Narrow,2567202500.0,0.9930178271639918,0.0009488326250117824,-164.57709774565296,0.07377591947778656,0.004446032780811583,8.220978713701687e-05,169.30883102603735,1.6263648069778798
210_Narrow,2567205000.0,0.994109488178097,0.0013797457795886735,-164.52153271411436,0.0752684468936324,0.0045067572208325034,0.00010529845230482298,169.09848305105248,1.7232212463026242
210_Narrow,2567207500.0,1.0075630805602784,0.001961704314965545,-164.8634978382532,0.057998157087036685,0.004548857535388378,0.0001194785677965155,168.03472521130718,1.336117673392948
210_Narrow,2567210000.0,0.9898781631905509,0.0011705792923738503,-164.08417871408273,0.0596989286124393,0.004544865122213959,0.00010320130507865654,169.60076084183152,1.5031631439419215
210_Narrow,2567212500.0,1.001902555193721,0.0011258291940884574,-164.83065229668833,0.0758142152368626,0.004539035083667665,6.293977045157911e-05,169.34368362860354,1.4559799829970317
210_Narrow,2567215000.0,1.0006348904670461,0.0013237096038905712,-164.4655349534443,0.07678613853396173,0.004488360505265953,0.00010009262350516756,169.61307273319017,0.8736599122519852
210_Narrow,2567217500.0,0.9979685226809999,0.0010709062982263199,-165.11445003228303,0.08821195205181896,0.0044750724935405176,8.13032813585642e-05,169.6865730483155,1.1563419688792858
210_Narrow,2567220000.0,0.9961160176613147,0.0013280701113034979,-164.77144816778753,0.0600981817220096,0.00450670936975033,0.00010701909631410014,168.4296000730041,1.089458165547768
210_Narrow,2567222500.0,0.9945874404626817,0.001220115031768072,-164.3079905441632,0.06617872686354506,0.004553246989769008,7.964937179915422e-05,169.4292204033525,1.1397021819981366
210_Narrow,2567225000.0,0.9961439000948527,0.0009305985020267055,-165.16374812651006,0.068241464010003,0.004525744242555327,0.0001005035410798044,169.1140437097223,1.4664527400751959
210_Narrow,2567227500.0,0.9962368488729872,0.0012702133146890936,-165.07181390002543,0.06546502976135965,0.004574284716536602,8.547373104456165e-05,168.47427155254695,1.6946572365055692
210_Narrow,2567230000.0,0.9962603049697218,0.0011900178787927797,-164.99663001524505,0.06557540756431085,0.0045392809682925335,8.432962924562876e-05,168.20096130030953,1.401024808091864
210_Narrow,2567232500.0,0.9997498058638721,0.0014547970454544914,-164.88046323927063,0.07230034748991354,0.004557465715275804,7.271137200177586e-05,168.02149286541754,1.17292258306698
210_Narrow,2567235000.0,0.9920983675560162,0.0012841857913374218,-164.80323219328776,0.05705966304368571,0.004577233216530733,8.590590542201744e-05,168.91167272092804,1.0102905290021391
210_Narrow,2567237500.0,0.9955067246653292,0.000995285460853761,-165.07580483988096,0.07430088896087188,0.004522270436997562,9.002794391847749e-05,168.879863595575,1.9993312999057904
210_Narrow,2567240000.0,0.9933898040107502,0.001126493683074696,-164.75590959550016,0.06532704012041808,0.004563030937053281,0.00011210493704237907,167.4684018632608,0.9196323906601219
210_Narrow,2567242500.0,1.00464995303462,0.001303686331114857,-165.04339699711826,0.06494774458136006,0.00464095510756224,0.00010428872398570906,167.87916031764277,1.4641217149037309
210_Narrow,2567245000.0,0.9913158197145735,0.0010773717888561954,-165.22732362358386,0.04858163893874512,0.0045373402455224435,5.709355435768677e-05,167.9512654809538,1.6732075571667275
210_Narrow,2567247500.0,1.0011265932690079,0.0016230484912479455,-165.18249933175912,0.07648882944244721,0.004605235023396853,0.00011033751954392296,168.0363902340788,1.3221382527394614
210_Narrow,2567250000.0,1.0008221940988657,0.00140202487219392,-164.79472834906417,0.04911785373992575,0.00461393028198544,6.0530248275332386e-05,167.48711608685076,0.8943166268435024
210_Narrow,2567252500.0,0.9942475497870666,0.0013282395792691586,-165.02035953769501,0.06347465935574903,0.004560609647455733,0.00012067532236050705,168.83062180859008,1.0744713284415461
210_Narrow,2567255000.0,0.9931959087514219,0.0010411338748120564,-165.37630750923938,0.08550898326517983,0.004580345553154253,9.491655879614279e-05,168.22767580799263,1.2814694115263698
210_Narrow,2567257500.0,0.9920710214101607,0.0007489685518091878,-165.38526380314286,0.05067463194365156,0.004540611645456291,9.240157756812008e-05,168.12402241771017,1.5423240478696187
210_Narrow,2567260000.0,1.00107742903026,0.0012857505177411865,-165.25686398520648,0.059136879480963786,0.004558055700921817,0.00015294388483473543,167.1011206712542,1.2482736659114815
210_Narrow,2567262500.0,1.0011534782968896,0.0009879676746271107,-164.93468120218478,0.05456283949718501,0.0045803692410104225,9.496287762503242e-05,168.44040418764408,0.74596633021
210_Narrow,2567265000.0,0.9906345858843475,0.001227884256009828,-164.97783923985068,0.06789938655473995,0.004615273884500483,0.00010014786272580012,168.2704929252318,0.9199496212615088
210_Narrow,2567267500.0,1.0077737259311066,0.0010859389215102143,-165.1836851250719,0.07185443683324733,0.004637155684124001,8.061974210863294e-05,166.82726859219696,0.9487639399726373
210_Narrow,2567270000.0,0.9956158374927983,0.001337622455227188,-165.29657508005016,0.07665256122128158,0.004515812042198016,9.385444565285434e-05,167.8399383441582,1.3747797251950238
210_Narrow,2567272500.0,0.9975733777036223,0.0013965311045310313,-165.19615455446518,0.08731685297178736,0.004628382209394104,8.692409742252938e-05,168.04020749406274,1.4450568815276286
210_Narrow,2567275000.0,1.0032943213164298,0.0022123876427327205,-164.80215188998312,0.08940925946727099,0.0046730455216139125,7.170289626588937e-05,168.32810095292234,1.5588529652678846
210_Narrow,2567277500.0,0.998043248865614,0.0009178971560274556,-164.72898595330668,0.04597674778666759,0.004632978913045047,0.00010060359554207027,167.13544880390847,1.3593212866378266
210_Narrow,2567280000.0,0.9974778170599501,0.001185340052141427,-165.04996303637188,0.04520091329262136,0.004579550790134074,0.00014164559236196927,167.4775346829346,0.6847057724117699
210_Narrow,2567282500.0,1.0045947625296974,0.0007459751841633276,-165.0200200042153,0.07138948353470016,0.004634131720713322,5.589975127168781e-05,166.8478168178931,1.3678691251957649
210_Narrow,2567285000.0,0.9950654415893754,0.0011787670956589014,-165.28701729071764,0.0619437119733208,0.0046256370583312246,0.0001059965111834419,168.15469645741533,1.1754664174458451
210_Narrow,2567287500.0,0.9932599993625439,0.0008375241565385072,-165.5387388834611,0.04099425483363181,0.004665728587870743,7.14073978293874e-05,166.39374322175516,1.305252461617117
210_Narrow,2567290000.0,0.9935164346998822,0.0013866468608985678,-165.34491079032892,0.06695868870010324,0.004571258039939018,0.00011999638391808947,167.26120951131435,0.9066519394528694
210_Narrow,2567292500.0,0.9951620999424691,0.0009325617533473268,-164.86202002205783,0.04190840886337014,0.004605671536856413,9.868586760051473e-05,167.82566182737003,1.1190221668105926
210_Narrow,2567295000.0,0.9886825176337133,0.0012944961613813727,-165.38534450634106,0.0934378249724356,0.004577601016769135,9.626704496182818e-05,168.15014392469737,1.096992233115769
210_Narrow,2567297500.0,0.995829368381221,0.0010188255246354734,-165.4492192865724,0.08656479357798613,0.004657713249765845,7.745488135666038e-05,167.62653115504,0.9299416291225134
210_Narrow,2567300000.0,0.9968414297332532,0.0013715421335191626,-165.25000575732554,0.06341941567253374,0.004625620290590643,6.1022163892458544e-05,166.65946033456925,0.8449733019124361
210_Narrow,2567302500.0,1.0033373339127343,0.0005793826797789417,-165.14797235304243,0.07105782754955033,0.004699989233647863,0.00013276724614436566,167.20135217507038,1.45837437203238
210_Narrow,2567305000.0,0.9929654360886309,0.0010281893755025727,-165.42962435008934,0.07570601721654147,0.004653052166460804,6.596576098906004e-05,166.64280150637055,1.1441164776923853
210_Narrow,2567307500.0,0.9985239302903693,0.000897619805470233,-165.02867929815784,0.07719669119793549,0.004673979667839113,9.704008008520212e-05,167.9106327466507,1.2374208973764493
210_Narrow,2567310000.0,0.9970047939636187,0.0009523135622629007,-165.16526614743617,0.049678702921806116,0.004623505274427604,8.227583110276383e-05,167.02372018297163,1.0260468991570777
210_Narrow,2567312500.0,0.9974602201067853,0.000564493397991125,-164.93131474362298,0.07218091333232868,0.004644540300717805,0.00010278474178838275,167.84272917740788,0.6893698587415981
210_Narrow,2567315000.0,0.9997488555183285,0.0009412334361576087,-165.109240528028,0.04262579165923689,0.004621857442471585,0.00011159603236587816,166.27736285891308,1.0137573852066342
210_Narrow,2567317500.0,0.9966061377805091,0.0011454233350305695,-165.3274631350109,0.07436404571125649,0.00473529909023405,0.0001104949562453264,166.74629717254223,2.041510214872595
210_Narrow,2567320000.0,0.9936177444989758,0.000926219252419002,-164.91344656242626,0.05500620680489101,0.004664556488987902,0.00014400287112788397,166.72728470740398,0.9380387787711781
210_Narrow,2567322500.0,0.9968236103553054,0.0011488077318870464,-165.60538356293924,0.07846532518722152,0.004661154814746141,0.00010897639722912195,166.11521890371196,1.7439733784722593
210_Narrow,2567325000.0,1.0000618661466905,0.000598515987292939,-165.48370762723272,0.06572359895980744,0.004687866158545865,0.00011029482504265072,166.77495698041307,0.8442922414945242
210_Narrow,2567327500.0,0.9965823884986236,0.0009899884805104396,-165.2514119013591,0.09144400277681664,0.004680017927226502,0.00011331864848496111,166.8862379320573,1.2533048126813435
210_Narrow,2567330000.0,0.9945698780946294,0.0010389230837205517,-165.37737037992628,0.06144201354894112,0.004656747782856238,8.973545866180234e-05,166.59017906555806,1.435902398863376
210_Narrow,2567332500.0,0.9974913597056613,0.0009577360382324392,-165.30179420090076,0.05585656215624704,0.004766961493886327,0.00010394907443479354,165.8346868004695,1.4200246166900765
210_Narrow,2567335000.0,0.989277613683125,0.0009865301201744715,-165.60557719431364,0.08522629814771404,0.0046602744898845624,9.040740193743623e-05,165.3040010008141,0.6573613993240393
210_Narrow,2567337500.0,0.9994538068679689,0.0010671883849448444,-165.5423320777064,0.0567225717215581,0.004696212318897945,9.570437748124544e-05,166.52056225297838,0.6932217719626509
210_Narrow,2567340000.0,0.9991260306367835,0.00072656105636199,-165.3866720769981,0.06597978523307417,0.00475538199278836,8.069775545840288e-05,166.90723008608614,1.0171259831177344
210_Narrow,2567342500.0,0.9880405634649376,0.0013870255905978177,-165.9099316724502,0.07087412744600806,0.004656831656933769,8.267673343724183e-05,165.87952086669472,1.1115359164660983
210_Narrow,2567345000.0,0.9924518965751086,0.0008922595158179534,-165.17563489557904,0.08496338687590703,0.004727012671240613,8.468505180586058e-05,167.4852961430073,0.7299103242199951
210_Narrow,2567347500.0,0.987303904036598,0.0009368813697211147,-165.15325749719213,0.10259604342359989,0.004659442899761235,4.244970560163377e-05,167.17099524628355,0.9845795004566456
210_Narrow,2567350000.0,0.9950122923662537,0.0011299820553869857,-165.57376435152594,0.07179289556444828,0.004700438499841638,0.00010980662522721836,165.94078698394094,1.2794999768044502
210_Narrow,2567352500.0,0.9884758763922252,0.0008235718938125825,-165.14127066006935,0.08135856470346685,0.00473118097448783,0.00010379444427850433,165.9788411111947,1.431469075351084
210_Narrow,2567355000.0,0.9954652818892659,0.0008004084441983074,-165.44940199394318,0.0523388929563162,0.004684087272088367,0.00010671022916555067,165.66006901230352,1.2148301229779874
210_Narrow,2567357500.0,0.9906308001474544,0.001069411302126151,-165.66153389324285,0.04533422489537879,0.0046987097071637465,0.00010865073098218484,165.9123846666263,0.8566406039948281
210_Narrow,2567360000.0,0.9962089382204233,0.001416174605449107,-165.97702883452203,0.06250276282076041,0.004725716862340882,5.715275587315507e-05,165.71552704470963,2.1336187925472276
210_Narrow,2567362500.0,0.9946797062059285,0.001197157939517035,-165.76567050365608,0.04546197316952591,0.0047680532720079695,8.688805466329643e-05,166.27332508659129,1.0643125863864216
210_Narrow,2567365000.0,0.983638498425257,0.0010456510842774883,-165.45493995531425,0.0817073458469128,0.004692550358386902,9.664838032937735e-05,166.42897579839652,1.3599826345597636
210_Narrow,2567367500.0,0.9936941690380888,0.001233381947274682,-165.71410522664922,0.07463002349946818,0.00472296983110239,7.962172428673241e-05,165.5773976349725,1.2406859334970954
210_Narrow,2567370000.0,0.9979425309746095,0.0014751894740305973,-165.43587707107952,0.0705371223619758,0.0047235954614834085,7.541295664994842e-05,165.20251515228085,1.2652073723523931
210_Narrow,2567372500.0,0.9861127439128596,0.0013330109835167567,-165.44998736962143,0.039096157948119485,0.004741195270637002,0.00010025480691188812,165.97060333879188,1.339032514174338
210_Narrow,2567375000.0,0.9924444484724937,0.0011883061798114369,-165.90821771644272,0.07003896629753757,0.004748763477508691,7.392253775332715e-05,165.19624714738865,1.3798489138493548
210_Narrow,2567377500.0,0.9946463930247572,0.0011181402795293147,-165.7835406166133,0.09341696695441498,0.0047640606848154635,7.302003838679476e-05,165.22495320877985,1.0775536369350198
210_Narrow,2567380000.0,0.9931976882971034,0.0008902938193941848,-165.80845875496112,0.06050000334249949,0.004754629166735705,0.00012042666419589268,165.80958280300908,0.9852246457154455
210_Narrow,2567382500.0,0.98522282405837,0.00165586951437237,-165.78214585725118,0.07783763327055523,0.00463629027197571,0.00010943249244344662,166.28464362083295,1.2377245588544987
210_Narrow,2567385000.0,0.9922116609670106,0.001406813184266657,-165.8093214401439,0.06545946636149591,0.004790189405607078,7.25975581524939e-05,165.30195758020653,0.9467578752425644
210_Narrow,2567387500.0,0.9978752898898327,0.0009644845632197517,-166.21940786737235,0.07746224397172813,0.004865286222581217,7.14288093015709e-05,164.5973353830516,1.068969552813233
210_Narrow,2567390000.0,1.0054944474662568,0.0014273100627910965,-165.5332357928117,0.06397747599291183,0.004822021663477144,0.00013311505523809402,165.09855242344838,0.9897617457432656
210_Narrow,2567392500.0,0.9982164988374395,0.0015594271032769126,-166.1470737386996,0.07216324782541209,0.004778853037723274,9.632154227628463e-05,165.1084677241548,1.0196974672502814
210_Narrow,2567395000.0,0.982388623677104,0.00105302757565674,-165.52748178267217,0.04083215403586214,0.004763658021156026,9.87937052837166e-05,165.06456472825042,1.0379191921169102
210_Narrow,2567397500.0,0.9914545235052222,0.0016755187779706711,-165.94338074841716,0.050666481046232,0.004804061117407564,8.717055120219029e-05,165.43982135580652,0.789524471477712
210_Narrow,2567400000.0,0.9924592413919999,0.0010033870387276221,-166.04852385997202,0.09003857024072932,0.004801315163258317,6.285397023182076e-05,164.9463319998653,1.122231725907214
210_Narrow,2567402500.0,0.99448758418887,0.0012193746552709188,-166.02296005240225,0.06184983930731155,0.004880149281342128,0.00012876682830402993,164.49654048514543,0.6173069921033679
210_Narrow,2567405000.0,0.9893941516661633,0.0009592319065145593,-166.15931869565682,0.06691341840523497,0.004836021147420455,9.03214559502722e-05,164.89626419218018,1.088040014127046
210_Narrow,2567407500.0,0.9971662256193691,0.0015049101004692845,-165.8857210291395,0.10718114818008129,0.004799444173266439,7.180443772692092e-05,164.40796682698618,1.1406047580005363
210_Narrow,2567410000.0,0.9922190554455255,0.001354730947256693,-165.73112482484854,0.06474434085812084,0.004777817366388553,7.225504015950057e-05,164.85121657604577,1.292823128942464
210_Narrow,2567412500.0,0.9966898928558015,0.0012624751957028564,-165.99688794203314,0.09423694010353899,0.004838983343268184,8.58590473852605e-05,164.56289445247148,1.0865634979958563
210_Narrow,2567415000.0,0.9933246799285222,0.000753913422142549,-165.4487474510614,0.0502485961192593,0.004850827312380932,0.0001031405189103389,165.6165477135361,1.2125219951689694
210_Narrow,2567417500.0,0.9902172072494622,0.0010127635136013198,-166.28672023641496,0.0646354099695765,0.004784444536553493,6.32381078266603e-05,164.62436541167187,1.0596978884705144
210_Narrow,2567420000.0,0.9848074535023476,0.001274609008092676,-165.39065972642047,0.059267375844221155,0.0048246120556284565,0.00014299233752105775,164.87720498763483,1.2448014242352865
210_Narrow,2567422500.0,0.9902782801446535,0.0009266085564527765,-165.54319139630636,0.043901042304129924,0.004852203941020689,8.831167355769023e-05,164.4244577215092,1.5061378898211502
210_Narrow,2567425000.0,0.9896517478530383,0.0011908899405084225,-166.06161642034328,0.0552726292897431,0.004888441391090654,0.000104515049198336,164.4978925096596,1.2664665639536012
210_Narrow,2567427500.0,0.9902152998673892,0.0009309486225131059,-165.7189600766989,0.04068074108788842,0.004832238147610815,9.735783268667376e-05,165.17112825943647,0.6597121581929046
210_Narrow,2567430000.0,0.991289280090345,0.0011575135826546216,-166.00418810086893,0.0620519646944021,0.004872050606618814,0.0001048911141705689,164.9423027263731,1.6856712467004165
210_Narrow,2567432500.0,0.9934372084683798,0.0018131398305282125,-165.766719779888,0.07376704430517195,0.00491601250275118,7.99257066890295e-05,163.8853311528956,0.4932768504775471
210_Narrow,2567435000.0,0.9883641531253265,0.0008192997294519207,-165.919947778521,0.09019364855475194,0.004844801824480876,0.00011044570830605147,163.63096301667056,1.1517299296716028
210_Narrow,2567437500.0,0.9943482477141702,0.0013283449019616065,-165.9950611903562,0.0378248755348597,0.004854878435240044,0.00013389942641932787,164.93827379176952,1.1302467982231916
210_Narrow,2567440000.0,0.983499847514351,0.0013710044903145024,-165.7561996751022,0.0997781053709321,0.004845082281643147,7.150169011992053e-05,163.9940041009761,1.2148993183999883
210_Narrow,2567442500.0,0.9905598925474933,0.0010768108802629711,-166.1128301587856,0.05662252023701253,0.004860749387056828,9.977204939440756e-05,163.90312137139787,1.0464578133817752
210_Narrow,2567445000.0,0.993069698292506,0.001088806446341428,-165.94410798207923,0.06111011205637459,0.004877431707621103,6.762380669556302e-05,163.638801937796,1.2661717006099282
210_Narrow,2567447500.0,0.991115109307869,0.0014010896771936277,-165.81393697015162,0.11360225875249524,0.004916028346885042,7.439463561431377e-05,163.53250609060433,1.2939878502167226
210_Narrow,2567450000.0,0.9819681915392005,0.0013704000461195092,-166.3054627371207,0.06402463124888085,0.00487213615785308,0.00011474138643878798,164.16520616708638,1.0266480636011426
210_Narrow,2567452500.0,0.9944592129742938,0.0009521286343246616,-166.22587522646432,0.06191239499075575,0.004919132078032387,8.704479176470531e-05,165.08199908217063,0.9765138736446834
210_Narrow,2567455000.0,0.9818239344846028,0.0010211049907877935,-166.171661263382,0.09561882386801314,0.004791670123472611,0.00011109521394440656,163.7866052227342,1.231776125347929
210_Narrow,2567457500.0,0.9988518413219678,0.0013893808443501564,-166.25431552524932,0.07061574158420553,0.004898926910712799,0.00010731988072274215,163.36490541578948,1.1639454426927254
210_Narrow,2567460000.0,0.9931583833491658,0.0011895555576720111,-166.42332574697883,0.07116601677244161,0.004904205521274737,9.752216923445974e-05,163.26388699026333,1.304212225885809
210_Narrow,2567462500.0,0.9909540044424215,0.000956795155477044,-166.00674276032024,0.0844995579799922,0.0048892382472199136,8.615577362138343e-05,163.96325325638838,0.7867468439568697
210_Narrow,2567465000.0,0.987830091854103,0.001494955099954464,-166.3345076631636,0.06556314206523634,0.004855197635528407,0.00015515258302447932,163.37680442905585,1.1507832523307944
210_Narrow,2567467500.0,0.9860639514873236,0.001276506362241707,-166.3852654246556,0.07639529324429455,0.004931335171900447,9.366383236549425e-05,163.30894680727374,1.1583205742805716
210_Narrow,2567470000.0,0.9897022078274745,0.0015124525729111804,-165.89476263976917,0.034953312472511315,0.004888264693203871,8.62622173375404e-05,163.38153028733345,0.9189722902553451
210_Narrow,2567472500.0,0.9844268552105071,0.0009879612759600893,-166.37324224049445,0.040107569245348786,0.004914693365960921,9.49462932238117e-05,163.74442312613192,0.5827551802901565
210_Narrow,2567475000.0,0.9959436664771946,0.0013383846744207401,-166.51377265107664,0.07518440021181867,0.004968392037345245,0.00013417343723838638,163.05711634615994,0.9013522134056892
210_Narrow,2567477500.0,0.9899966172684771,0.0010102187511522272,-166.05102522789673,0.051524486284114004,0.004902748430514149,5.202616939224466e-05,162.7635151086955,1.1447079584717483
210_Narrow,2567480000.0,0.9846203574022112,0.0009905854474735276,-165.92488692996588,0.07752363183502195,0.004929374036776603,9.027833689765136e-05,163.55040931130554,1.5855352784599932
210_Narrow,2567482500.0,0.9802624506219297,0.0015674890352438328,-166.10792087436843,0.04497286902592911,0.004880564590033889,8.772355155460735e-05,162.9829523166115,1.151602584946461
210_Narrow,2567485000.0,0.9785077565160325,0.0010485790825194709,-166.45996474005898,0.09308709885866155,0.004880764559984868,7.880127417505648e-05,163.6406933839164,1.62462429285859
210_Narrow,2567487500.0,0.989896742485052,0.0012590440108564956,-166.22527772897274,0.03729695774489713,0.00488294646421182,5.1874850835354176e-05,162.61517740407976,1.001462546822418
210_Narrow,2567490000.0,0.9778094340272389,0.0015988710041893019,-166.07346859409387,0.08248008096760594,0.004877139403770905,5.730211740644102e-05,163.50333263368393,1.3642220877604885
210_Narrow,2567492500.0,0.9847066061242955,0.0009483308881426524,-166.47571201114624,0.09661675825242591,0.004895233657783149,9.771968393927943e-05,163.13950889084728,0.9446035198402101
210_Narrow,2567495000.0,0.991091912576942,0.0010521679739885202,-166.7368764054973,0.0910002719342703,0.004938287420311629,8.579594158040083e-05,162.21369731350666,1.275592079575231
210_Narrow,2567497500.0,0.9901637097807637,0.0010237671161840948,-165.7539194886657,0.08678414918399978,0.004970191656542959,0.00011614820881442297,162.94917692299515,0.8484234918045188
210_Narrow,2567500000.0,0.9815251365641553,0.0005678837635233401,-166.1366579469142,0.05091710815976195,0.004990640502325767,6.479265406304561e-05,163.0262578084564,0.6739348751959615
210_Narrow,2567502500.0,0.9877785561717369,0.0012830982763483963,-166.13921260540437,0.0971380412590219,0.004975650132162841,8.223507087727404e-05,162.81823874207856,1.135277024721856
210_Narrow,2567505000.0,0.9907760018281322,0.0014094042820665547,-166.14384581653988,0.08574747077488691,0.0049911410874427745,7.868173157801677e-05,162.7628390805127,1.5535589130910994
210_Narrow,2567507500.0,0.995451431308532,0.0018343334845233245,-166.71531213665995,0.09563127582537831,0.004979439030844444,0.00010598492957664524,161.4635667942882,1.1243076837616488
210_Narrow,2567510000.0,0.9924038558210816,0.0013774975421630212,-166.72658009821592,0.05023099028203548,0.005004142421211147,9.32810927479819e-05,162.72044878631021,1.4348388708531992
210_Narrow,2567512500.0,0.9797881445151279,0.0007250310857010369,-166.47043758483963,0.05519027041656141,0.0049323987645457385,8.646253976243337e-05,162.65043297913186,1.0319986572386068
210_Narrow,2567515000.0,0.9883299980865069,0.0011462003100045275,-166.24030662397524,0.0622000288896725,0.0050209258634102225,0.00011296855903413999,162.03578784745966,1.2482499323007386
210_Narrow,2567517500.0,0.9804512455256015,0.0011246594872245288,-166.6583688963882,0.07764455145387913,0.005000860335833483,8.254043170679655e-05,161.76302683553152,1.2799486341359136
210_Narrow,2567520000.0,0.9873696924804436,0.0009177553781960376,-166.20635855810616,0.0785242445569047,0.005042820960812662,8.362553301656478e-05,162.70112120228256,0.7679188964524394
210_Narrow,2567522500.0,0.9850568898158287,0.0007733187811854026,-166.31427948494266,0.061455346154568,0.004972265311203248,8.146796207954077e-05,161.8702920217318,1.1787145693564474
210_Narrow,2567525000.0,0.9825731291403925,0.0008003407893057121,-166.99420657759651,0.09519896606947605,0.005033950531051213,8.967955725397522e-05,162.00352615598177,1.330998269689872
210_Narrow,2567527500.0,0.9877776291297174,0.0006924013083334315,-167.07742600655794,0.06583836367100936,0.005009069924890647,7.021876396019058e-05,162.40415403630024,0.924653366234717
210_Narrow,2567530000.0,0.9829383312744697,0.0010322696867288098,-166.49079786995622,0.10991548646415902,0.004972564729913084,0.00010923344985597169,161.8877684104756,1.0791130609967512
210_Narrow,2567532500.0,0.989891820255527,0.0019078953103162564,-166.5812633401257,0.06342014948962989,0.005089340796326812,9.212083673400154e-05,161.505844798138,1.3211692198037732
210_Narrow,2567535000.0,0.9825039693458196,0.0007975372377884894,-166.6162768623298,0.05337775525657908,0.004955031504161442,7.922807586576542e-05,161.76000035849694,1.617851748677389
210_Narrow,2567537500.0,0.9850137776101439,0.0009797114532265764,-166.40222373760773,0.07589822323840863,0.0050761441293883415,0.00010753980992941012,161.83254003817643,0.6912887224358849
210_Narrow,2567540000.0,0.9853242759362377,0.0007652447474638445,-166.20781994102248,0.06865994724929807,0.005044072599721441,0.0001247831992954303,161.8390563784595,1.1656103381789076
210_Narrow,2567542500.0,0.9778834615546517,0.0007905348081977085,-166.8517944859842,0.06611150951072908,0.004992307241624633,0.00011250570348243467,160.78106837639547,1.1671631442895194
210_Narrow,2567545000.0,0.9856858567701478,0.0006783100124359877,-166.40839036297473,0.033833956223283175,0.005103072740437478,9.482313743478265e-05,161.58407637932334,0.9021621656932697
210_Narrow,2567547500.0,0.9829480820775252,0.001565013828981757,-167.26719642340453,0.08210555416142787,0.005098987080506419,0.00016125707870267772,160.66241511620942,1.4296101564572257
210_Narrow,2567550000.0,0.9796070300414756,0.0012230607998466906,-166.7329890817836,0.06946262635827803,0.005005155574998284,5.887697380164842e-05,160.83759560109834,1.4955717038756025
210_Narrow,2567552500.0,0.9848569404265056,0.0013175040508247614,-166.5286017595876,0.05491414489213061,0.0050520045221882975,3.820691832053424e-05,161.17824813323017,1.133526535493214
210_Narrow,2567555000.0,0.9694687453740531,0.0014420537795073525,-166.7866246235363,0.09462475850210378,0.004990609267820562,6.442693846354784e-05,161.18523312620965,0.6180848745129389
210_Narrow,2567557500.0,0.9769896734716375,0.0016051339559134687,-166.3445236738518,0.0640376482095681,0.005053472228178317,7.56499388689047e-05,161.2098806969659,0.8292511136284675
210_Narrow,2567560000.0,0.9767012763687902,0.0016390624784934115,-166.88535688444136,0.036815238188559384,0.005025080467807299,9.473510678072596e-05,161.3272056632731,1.245985241307453
210_Narrow,2567562500.0,0.9833174060722271,0.0014348351195789333,-166.84294777371676,0.0660952403290127,0.0050541762520860236,6.274317370140387e-05,160.67901902051034,1.259058037001545
210_Narrow,2567565000.0,0.9775975405016079,0.0009440191814470141,-166.58968878664305,0.0794420236362058,0.005066725656993806,0.00010016171366062111,160.98484160028008,0.8468413567968293
210_Narrow,2567567500.0,0.9894315451839603,0.001149116484585558,-166.61562599072872,0.05826674409566983,0.005143139617707443,6.74297234868114e-05,161.05052247330008,1.02876149815204
210_Narrow,2567570000.0,0.9846606188871152,0.0009039734034432397,-166.78266206946284,0.0687022676892815,0.005102298027852538,9.677256424363031e-05,160.19466200519656,1.1819554139883226
210_Narrow,2567572500.0,0.9899918902116752,0.0011295158452395387,-166.86558815406272,0.07483312050854114,0.005128849382430456,0.00010954678228781482,160.07832508109766,1.1359311383340078
210_Narrow,2567575000.0,0.9721019013938262,0.0010636347756937472,-167.03234616908819,0.07785205324221253,0.005052962626092972,8.582984722740601e-05,160.52043921491935,1.018933979652857
210_Narrow,2567577500.0,0.9852208812559325,0.0007604528328056558,-167.08285312529702,0.0656609286863451,0.005148552384954484,8.36571617508125e-05,159.84534633723155,0.7951128542695206
210_Narrow,2567580000.0,0.9817036789011218,0.0014614803486513244,-167.17972092285626,0.08786189630174977,0.005144082251326432,9.763263729904671e-05,160.43295488422896,0.9441390203360752
210_Narrow,2567582500.0,0.9796516455256885,0.0007602087670586956,-166.80089717639714,0.059330165544625516,0.005031284548869551,9.9018986602201e-05,160.45009519210785,0.900431339673165
210_Narrow,2567585000.0,0.9780191447274985,0.001714345691658418,-166.79313501513803,0.04612031025720299,0.005122332636658399,8.834051554692862e-05,160.81446656378657,0.72619748368946
210_Narrow,2567587500.0,0.9835444769376163,0.001471741795540886,-167.1155236561503,0.056203992711718054,0.005103238449854476,0.00010616891228533083,159.83840923597447,1.1623820226725934
210_Narrow,2567590000.0,0.98493373257974,0.0010723147861161184,-167.29148737248056,0.05296367899366472,0.005126866674785827,0.00013171866256528545,159.86257740151993,0.8100673570163914
210_Narrow,2567592500.0,0.9798756249776217,0.001176223839934544,-166.5454279486405,0.07105308962611122,0.005146566860151573,0.0001503895261349953,159.3388530490137,0.8123914751247499
210_Narrow,2567595000.0,0.9751942791775587,0.0009809376977235045,-167.1596309997608,0.08241765613336444,0.005105416721181555,6.890353004039245e-05,159.82061410842735,0.8748143527408235
210_Narrow,2567597500.0,0.9810845287511482,0.0017972933460811235,-167.06348677976618,0.06494995788184725,0.0051703552299850325,0.00010643384282088077,160.1154825099059,0.7542432540089415
210_Narrow,2567600000.0,0.9752496889307808,0.0011940774354814326,-166.9906071278886,0.06566512676448051,0.005143087464736714,0.00011413664874698199,159.18658264163,1.0774423364230565
210_Narrow,2567602500.0,0.9797169123425769,0.0012592861135401242,-166.80194942089656,0.08186317323179404,0.005197352437108423,0.00013237200645923537,159.76731075498574,1.5862875039881914
210_Narrow,2567605000.0,0.9720618314203422,0.001275662522198093,-166.89633598282103,0.07482485526806316,0.005101077211212264,0.00010583775373137438,159.57191605175214,1.2714181454399693
210_Narrow,2567607500.0,0.9749986829945054,0.0012668515360691427,-166.95636580091738,0.09374005449232206,0.005078971200734795,0.00010708356050545682,159.50264977901807,1.6495148497417746
210_Narrow,2567610000.0,0.9812384766012036,0.001103277873655024,-167.2907647104972,0.10252059952606156,0.005178566869538802,9.686222680238721e-05,159.00839991186595,0.807136797121857
210_Narrow,2567612500.0,0.9799295006854363,0.0013042328849481109,-166.72989945027675,0.04037933451069893,0.005196724990119106,7.887522356849367e-05,159.33387619203722,1.1058968551891286
210_Narrow,2567615000.0,0.9866828532120998,0.0012501342501387226,-167.41845664930193,0.0650807566297254,0.005194307451569622,7.349804748799598e-05,158.60579945370833,1.2027994971773608
210_Narrow,2567617500.0,0.9707328629981563,0.0015490883609444333,-166.93403190273705,0.0543896066547877,0.005115599958395159,6.730055949866862e-05,159.25486044249115,0.8145385300393058
210_Narrow,2567620000.0,0.9818459994020969,0.0015108664409636578,-167.24679342391107,0.06834521509838562,0.005206286923856732,9.1790158122783e-05,159.05211452565354,1.1393916132779385
210_Narrow,2567622500.0,0.9758031201725944,0.0013610417629945728,-166.90216418484044,0.06488389099864005,0.005153749748961796,9.069827474251049e-05,158.7094706877607,1.1236563292274475
210_Narrow,2567625000.0,0.97779344124169,0.0009558917010644302,-166.9170399217954,0.08389148116710694,0.00520330850298721,7.858807760954516e-05,158.8286980628486,1.5909616443517498
210_Narrow,2567627500.0,0.9706185525603432,0.0011866897944615021,-167.25317832463725,0.04301901602237518,0.005114629655796245,9.0317954998586e-05,158.54902166353025,0.7840743059372264
210_Narrow,2567630000.0,0.9717392116186804,0.001470037397814512,-167.14478638866984,0.05687976781959933,0.005206676762286678,0.00012678824879577022,158.5994583420428,1.5651570486778374
210_Narrow,2567632500.0,0.9735417673195107,0.0010872788927436912,-167.1794302661299,0.0817239343935829,0.005218773057342456,7.021702530460396e-05,158.79406478830313,1.3241982350293047
210_Narrow,2567635000.0,0.9768941915992715,0.0012233192000561358,-166.75183422757462,0.09641123906284778,0.005235678575586958,8.685258011149523e-05,159.21805110014694,1.5637568316712267
210_Narrow,2567637500.0,0.9794755548716655,0.0007921374393496742,-167.33086799593187,0.0765950826586493,0.005258585945933027,0.00014005182501201541,158.69087778152058,1.1143572421658174
210_Narrow,2567640000.0,0.9716884832312352,0.0015527916527902847,-166.86038662962181,0.060850995421004236,0.005181230322580354,7.210266433393057e-05,158.24042267515506,0.621921574809556
210_Narrow,2567642500.0,0.9734914092918361,0.0012314865142055694,-167.25379567982517,0.08682027534976808,0.005240433178603669,7.70798909175186e-05,158.49064974035198,0.5703323034003989
210_Narrow,2567645000.0,0.9690861085803071,0.0006997538339955208,-167.4165082259574,0.06948463887106444,0.005134115121028755,7.65087450073288e-05,158.76204144874356,0.993698318196284
210_Narrow,2567647500.0,0.9837257522738325,0.0011535551951988895,-167.24152214102986,0.0557433279952263,0.0053219135223796605,5.182583481948626e-05,157.89848353813275,1.276129950665695
210_Narrow,2567650000.0,0.9760061257896545,0.0010550934711065258,-167.4752451493976,0.055253893107018566,0.00521887862364031,0.00010203632793830486,157.93922437016423,1.5439019794953874
210_Narrow,2567652500.0,0.9760245045388338,0.0011348955412203243,-167.15006424812685,0.08731901779972212,0.005272326089300202,8.922291994973322e-05,158.7198061150618,0.8062126721055427
210_Narrow,2567655000.0,0.9668229685356543,0.0012780058493284795,-166.75313616968708,0.08082844628394653,0.0052148264362927715,0.00010876987200567288,157.72321190847782,1.3770871318042324
210_Narrow,2567657500.0,0.9705154152117774,0.0006806914361377068,-167.92420538055143,0.10072494653949408,0.005223658659731233,7.38771120804905e-05,157.7225186253004,1.5205176377328868
210_Narrow,2567660000.0,0.9794858685842599,0.0008777769282347316,-167.30429841060965,0.07804526822807166,0.005280750803871335,0.0001255301615225583,157.5543696213741,1.1087206387882143
210_Narrow,2567662500.0,0.9769403214147819,0.002108270913819525,-167.27380562184297,0.043466163289317634,0.00531177753376259,7.29130249964211e-05,157.62713002179567,0.7576555263410866
210_Narrow,2567665000.0,0.974568056073966,0.00102415742341151,-167.33262015513537,0.04103756027921095,0.00529990251754559,5.2623403582068644e-05,157.79678757203322,0.9409746461762265
210_Narrow,2567667500.0,0.9703451550253972,0.0011687327239427187,-167.46343167799645,0.04866636245558811,0.005294639883899431,0.00014673030497778809,157.71416434910302,1.1825464676089563
210_Narrow,2567670000.0,0.9650240202776955,0.0015271090186024982,-167.32830205086455,0.065808057196624,0.005261925686647971,0.00011337795449762254,157.61699049082097,1.134089318189724
210_Narrow,2567672500.0,0.9679880324483863,0.0018226965899580793,-167.65207197525024,0.0832376782287108,0.00530476581951097,0.00010331807635100386,157.4391889779783,1.0153114422622485
210_Narrow,2567675000.0,0.9683822891183888,0.0015858259138415139,-167.46024790287595,0.06765127756639594,0.005296946316007789,0.00010374969504346342,157.94287988795338,0.7380141254743565
210_Narrow,2567677500.0,0.9672479398594203,0.0008971280803254986,-167.68205782398502,0.06448357833264476,0.005276638328122888,8.15911270361948e-05,156.72030069492678,1.0517422430977756
210_Narrow,2567680000.0,0.9733648823440507,0.0015170805556565738,-167.5069676512864,0.06238321572461674,0.005292921304674383,9.850050854826907e-05,156.70600158936026,0.9719777016400654
210_Narrow,2567682500.0,0.9636828013295422,0.0010259612955135643,-167.44611977072452,0.06516429879121395,0.0052769349282552735,0.0001356557852777494,157.0025777115211,1.2893431357157057
210_Narrow,2567685000.0,0.9698627471419405,0.0007106248107333522,-167.17496603670367,0.0912548136036602,0.0053716777670782595,9.79064278600887e-05,157.26441881560984,0.8999259924033922
210_Narrow,2567687500.0,0.9682604260861387,0.0008642065543651776,-167.44946516891397,0.040758235562926515,0.005301179560574094,0.00012068035171946999,157.3095052063654,1.0738029921192351
210_Narrow,2567690000.0,0.9637948831036809,0.0011137445060160301,-167.6099993737058,0.055281683611194204,0.005303591108454513,9.109246785200555e-05,157.8100630854149,1.0893221697730922
210_Narrow,2567692500.0,0.9687738906961232,0.0008544682416242979,-167.37812848136093,0.0872183794369889,0.005409051549447082,6.760017236425132e-05,157.08163986751006,1.2677903849367769
210_Narrow,2567695000.0,0.9633860905236755,0.0010074528728429228,-167.57599450935072,0.06505597186182255,0.005349380777143861,0.0001052053712772239,156.40406605470395,1.1399614829859777
210_Narrow,2567697500.0,0.9772422833480421,0.0018556976212093473,-168.02608925578832,0.07747835097717126,0.005382014926708072,6.448232481994409e-05,156.15485894672037,1.47252878929871
210_Narrow,2567700000.0,0.9668821251575827,0.0012716584793830087,-167.21735101684214,0.05730243626071967,0.0053782452035547245,9.70965475178318e-05,156.92506557804336,0.7783982244758613
210_Narrow,2567702500.0,0.9734897719488743,0.0017907031367719686,-167.29793582714044,0.050820961259692154,0.005414246942569387,0.00011248048915359719,156.51200048892676,1.2372062028160047
210_Narrow,2567705000.0,0.9696104755075869,0.0011256067736051339,-167.60370208991648,0.07060061549634622,0.005437988161452266,0.0001039646506469605,155.417741456401,1.1587568861206836
210_Narrow,2567707500.0,0.971966220347033,0.0016337317087333958,-167.60087077298974,0.06369533066347484,0.005351539636421153,0.00012948149975711742,155.78445440100748,0.629554524201553
210_Narrow,2567710000.0,0.9678021081574394,0.0007646452917333327,-167.52121549777758,0.07615390752148518,0.005340702735632015,5.383843217109983e-05,156.2934361171651,0.8033971903765988
210_Narrow,2567712500.0,0.9720673566978759,0.0011070773313124086,-167.74560019429487,0.04552188175097934,0.005341247226457993,7.464440520543119e-05,155.08073073795723,0.9025808701787363
210_Narrow,2567715000.0,0.9696073304065794,0.0008664489671397871,-167.63085235499938,0.08872793179417558,0.005401342346022935,7.566620836608921e-05,155.3916761444744,1.681864953022482
210_Narrow,2567717500.0,0.9640261138884307,0.0009056573955870297,-167.9751169014996,0.07853344361966547,0.005433146747202473,6.218963936440429e-05,155.71004138004264,0.7056618294315622
210_Narrow,2567720000.0,0.9576284105473319,0.0009571994944060521,-167.71074180031906,0.0622439430249391,0.005385743825454184,8.97663063953632e-05,156.353948320247,1.3242265816061547
210_Narrow,2567722500.0,0.966729885996246,0.0008872776095472604,-167.42777296744188,0.05706479204963565,0.005403166658165001,0.00011369757438102895,155.43115882562026,1.1644843956156143
210_Narrow,2567725000.0,0.9697371019068911,0.0010468420599850296,-167.55772647819708,0.05948500003532818,0.005442253308154297,9.866841734726014e-05,154.64476670203675,1.0113102804113323
210_Narrow,2567727500.0,0.9578792620031077,0.0009310271809900743,-167.87241420376344,0.06637866455709539,0.005390169292775355,0.00012137854012685447,155.2286231256557,1.0642324408584072
210_Narrow,2567730000.0,0.9595044002215809,0.000990022883745954,-167.62674504844225,0.075979145992114,0.005400413309684191,8.844335077039388e-05,155.44054833925267,0.8895755145540697
210_Narrow,2567732500.0,0.9603247951170042,0.0012564026697376414,-167.8730887402964,0.08140855174859239,0.005423027088663592,7.226954948828695e-05,155.44429521809752,1.2713150923959613
210_Narrow,2567735000.0,0.9680976096524571,0.0013972588706448704,-167.67004100472636,0.07038515429535443,0.005483088111456666,0.0001110211706537981,155.16718743712633,1.0705036377440378
210_Narrow,2567737500.0,0.9631806836324082,0.0009307666855142098,-167.37769471836032,0.06238085602317852,0.005395052177320418,0.00010309504571521429,155.50371824536145,1.1522624889888085
210_Narrow,2567740000.0,0.9627899970768806,0.0011145247211780476,-167.91004475298777,0.09544618973181289,0.005441223191396466,7.26020179390982e-05,154.98865777646898,1.0954580107132617
210_Narrow,2567742500.0,0.9643588923421273,0.0015033574689930775,-167.6716436100738,0.06779322278579966,0.005514930117860796,0.00012276934395338528,155.5203919865122,1.0113066020246952
210_Narrow,2567745000.0,0.9565343990053109,0.0011994245644844754,-167.40915220970626,0.05728307226208807,0.005418073224504002,8.882433439105287e-05,155.21348000414278,0.5449192285596317
210_Narrow,2567747500.0,0.9645287064483206,0.0009751737702337204,-167.69398233005234,0.05254954277338722,0.005518277469097816,8.867567915964992e-05,154.50549608565834,0.8458015445683761
210_Narrow,2567750000.0,0.957122429017413,0.001558778533234606,-167.76952171666696,0.07877527013472509,0.005442611721593349,8.986930043431698e-05,154.40652878291223,0.9767607026164484
210_Narrow,2567752500.0,0.9568029248511414,0.0016669905004717282,-168.08278414133366,0.04911961477079047,0.0054938339212291,0.00012064226792120898,154.50101121637377,0.8348455780883303
210_Narrow,2567755000.0,0.9647543368993098,0.0008563906844902173,-168.0392299983789,0.04658235524180656,0.005521958665654076,0.0001226918012108606,153.3941890880521,1.0188513441488551
210_Narrow,2567757500.0,0.9649006214378907,0.0013272696412823344,-167.72854651389434,0.07800184156132814,0.005491407778575194,0.00010432976816585785,154.05800312196752,1.0625870171296228
210_Narrow,2567760000.0,0.9578655978625141,0.001091040432863958,-168.05863660276788,0.04968885145421497,0.005522042898442927,0.00011607901506544687,154.8502570015167,0.9341320328843091
210_Narrow,2567762500.0,0.9591082675159042,0.0011787005203337244,-167.5804851616582,0.062073319677443735,0.005518451024989209,7.134738273384479e-05,154.0039370399379,1.0751045277273101
210_Narrow,2567765000.0,0.9555567440076543,0.0012001460821711738,-168.22199370899267,0.06397559397503745,0.005471629426436944,9.560120519762873e-05,153.73190688507222,1.0892539196137694
210_Narrow,2567767500.0,0.9580293960876566,0.0010431159545952735,-168.2523180169889,0.07982497592486489,0.005526554985466993,9.881592917294195e-05,152.99767420868864,1.2737074431726425
210_Narrow,2567770000.0,0.9566257699232187,0.0009098596745723241,-167.96214722356035,0.07105803287535292,0.005492192566029095,0.00012451923567879142,153.3920456187147,0.7990927315452462
210_Narrow,2567772500.0,0.9585269228335827,0.001313083296789941,-167.76728681961683,0.07544916746279005,0.005486875422585003,7.64902807723576e-05,153.44329806323506,0.7952274127756666
210_Narrow,2567775000.0,0.9562538582550348,0.0009784123876548317,-168.43656679546692,0.08065091249479027,0.0054770731155339,0.00011331204463845994,152.75313811538285,0.6881430444734913
210_Narrow,2567777500.0,0.9597338518002075,0.0009984100498716896,-167.98994244185408,0.08539388587654828,0.005560822555094185,0.00012665912798235,153.03684241461934,0.8709319809920079
210_Narrow,2567780000.0,0.9509514433580337,0.000943694419840389,-167.91435035293932,0.05922840037365438,0.005488322341287891,0.00010290883381901234,153.3264536766618,0.7756248391002108
210_Narrow,2567782500.0,0.9651749422933049,0.000858445510325227,-168.2512332884456,0.06430839940508083,0.0056088446812970994,8.477389724791308e-05,153.37043569753075,1.0068102857200478
210_Narrow,2567785000.0,0.9521080378217374,0.0012688255151911776,-167.95704185749503,0.05021624389833427,0.005552118526120782,0.0001429974283577831,152.40356850286503,1.5094327981426998
210_Narrow,2567787500.0,0.9581137858530546,0.0014168706070376304,-168.57816690250192,0.06924641904325517,0.0056425071937978,6.978904327094698e-05,152.63456430606806,0.8005626260573042
210_Narrow,2567790000.0,0.9526213065476545,0.0014009351180982058,-168.0226285318052,0.09508691898801391,0.005609361230025378,3.382569547470527e-05,152.73874590188478,0.896302311959064
210_Narrow,2567792500.0,0.956839430283922,0.001482419427878038,-168.03048856285375,0.08101334960445589,0.005593238823024104,7.907270869942372e-05,152.0522952288177,1.4531601797328262
210_Narrow,2567795000.0,0.9528502169393557,0.0010002237632498743,-168.51356434590056,0.074857379709149,0.0055319403160135425,0.00010187683539348735,152.11376531573322,0.9953778813138224
210_Narrow,2567797500.0,0.955184957457216,0.0012661113663121628,-168.30547035911914,0.07333005986050838,0.005554146489332267,0.00012910223296397228,152.53744804489082,1.1174006292071161
210_Narrow,2567800000.0,0.9510461769608494,0.0009298970050044584,-168.15841184894555,0.08529078867539,0.00558278548251307,0.00011543793677326971,152.46762191995927,0.7470870332480511
210_Narrow,2567802500.0,0.9484654192534243,0.0015737805249127525,-167.899571065965,0.08877069107593746,0.00558708319311371,8.425859691538768e-05,152.6865310327102,0.7446145205855838
210_Narrow,2567805000.0,0.9585060767855454,0.0008757104382870268,-168.08801523942887,0.06575664121432634,0.005611758526741322,0.00010966255348484764,151.53035275233862,0.95299831476985
210_Narrow,2567807500.0,0.951217720111926,0.0014328777067136647,-168.20648510008454,0.07542506755608556,0.0056754362855927915,7.992205884026859e-05,151.4385920781546,0.9320247332368112
210_Narrow,2567810000.0,0.9550711224774578,0.0013928112327428804,-168.0251689770833,0.05979655299884292,0.00562032550937885,6.778579217428638e-05,151.29383366976094,0.5852824754115572
210_Narrow,2567812500.0,0.9503757786940199,0.0009370873021627154,-168.27467570430173,0.06836625310889262,0.005630106426830972,0.00010721198151046501,151.32347206295876,1.0348529775972357
210_Narrow,2567815000.0,0.9529189832275022,0.0012073690408195643,-168.81735849694593,0.08122062191115663,0.005684569984483036,0.00013171038988223462,150.9727728656001,0.9902751580923358
210_Narrow,2567817500.0,0.9542505611451186,0.0014344552538883676,-168.18012886064847,0.04169968123182553,0.005620648857906728,9.533238223352089e-05,151.1637201697644,1.112131612987228
210_Narrow,2567820000.0,0.9498774292874328,0.0013477002457161023,-167.97826391455823,0.06304115275686402,0.005634485472380031,9.356683199559956e-05,152.01232619920475,0.9360607995732118
210_Narrow,2567822500.0,0.9443967889852317,0.001495067666330427,-168.1155866238777,0.039458100126194925,0.005641135551951067,6.222943381317843e-05,151.89343309453676,1.2709387585715177
210_Narrow,2567825000.0,0.945613221804781,0.0012182662958973918,-168.28484900293068,0.053158581628499714,0.005610690727614029,8.926192478518564e-05,151.11439034589404,1.420685275338884
210_Narrow,2567827500.0,0.9536650650196667,0.0013825030763450943,-168.2964646944769,0.08417930887413366,0.005706383567278013,9.554480478911167e-05,150.48683070129212,0.8459955880949285
210_Narrow,2567830000.0,0.9488115952294722,0.0013818434483476292,-168.47456548954602,0.07797432363666712,0.005675011083961749,9.090568875507183e-05,151.24049263414707,0.7718937173852216
210_Narrow,2567832500.0,0.9381617491476514,0.0009062413327367649,-167.74178293376474,0.09972839523027126,0.0056666109683638985,0.00010218746211825729,150.8949786049629,1.1931694252867642
210_Narrow,2567835000.0,0.9482367856306697,0.0013340183383553725,-168.52875794967386,0.06323434484997151,0.005719274170868022,8.969421616617521e-05,149.90315079412622,0.8414134988839753
210_Narrow,2567837500.0,0.9442587888526912,0.0011764056572132746,-168.2340284292531,0.0753787572078205,0.005657310059548987,0.00014933890566950348,150.59753420063498,1.2891483079614972
210_Narrow,2567840000.0,0.9488270967623454,0.001355816895524414,-168.3719585853184,0.03799863564466404,0.00571583273815659,0.00010895786152813843,150.0978206520591,1.0913654469631744
210_Narrow,2567842500.0,0.9415275989070747,0.0016712906295902803,-168.16601472816626,0.08992485008838189,0.005725009047265577,6.637474778480134e-05,150.4057796365374,1.3023051050031313
210_Narrow,2567845000.0,0.9391278386609226,0.0011170843944463124,-168.5009022816271,0.0877786712118659,0.005608511102916535,0.00010966090381022103,150.25648915068234,1.3903033708497148
210_Narrow,2567847500.0,0.9453870563113439,0.0007890166012614092,-168.17341430556257,0.056780250715818825,0.005744879225897222,0.00013213559875694124,149.92523234273804,0.7849120793246143
210_Narrow,2567850000.0,0.939893443654058,0.001179496376445552,-168.35855958391775,0.0712481775908559,0.0056634310441320895,9.771202625691242e-05,149.91990492689052,0.9244142834302165
210_Narrow,2567852500.0,0.9485147208202451,0.0015887341319515227,-168.49497781853108,0.05889935783934967,0.005760314981620996,9.367028259289225e-05,149.50445126755054,1.0713087633405334
210_Narrow,2567855000.0,0.9447733718994612,0.0009209374677975686,-168.6432167263075,0.0678389463249906,0.005731857593130667,9.956358193978471e-05,149.74693829921546,1.1358942706266633
210_Narrow,2567857500.0,0.9487780844326248,0.0010154148430427667,-168.23395712809892,0.07229791784191923,0.00577360183776221,0.00010776375841409099,149.62128834024043,1.1675955078644826
210_Narrow,2567860000.0,0.9420375519393996,0.0017375091944982406,-168.3900330821151,0.0794095396510317,0.005746954078025432,7.625979441305607e-05,149.68055366431614,0.42453186803276777
210_Narrow,2567862500.0,0.9394633291575768,0.0010605648688396785,-168.5569374483055,0.055794248374425606,0.005709612949293754,0.00012612171360897148,149.47122532319435,0.5049462348463677
210_Narrow,2567865000.0,0.9413420807460637,0.0012204896411386998,-168.1994545842993,0.060785493466622986,0.005719473453520537,0.00011982156893961953,149.39115501022718,0.8953714958072705
210_Narrow,2567867500.0,0.9379640973147908,0.0012439624045098843,-168.71970206685594,0.06386290232346259,0.005774338808471471,0.00011193519313634027,148.27687614373394,0.6066818703396486
210_Narrow,2567870000.0,0.9349905502364474,0.0007199987238427083,-168.8336809460296,0.07648895215852133,0.005729365578394211,5.927918626445923e-05,148.2085021470445,1.1531208862122972
210_Narrow,2567872500.0,0.9427535194021106,0.0014890841720801662,-168.7322671405029,0.0467924166757327,0.005861232659408284,0.00011796073682108943,147.95558848005322,0.7204301949819047
210_Narrow,2567875000.0,0.9415521470304766,0.001266657535580724,-168.8421681293852,0.07633038841802764,0.005712823015499926,5.3878086371409165e-05,147.8770325699342,1.041914460029709
210_Narrow,2567877500.0,0.9312239445634772,0.0010360580759722641,-168.41582817227814,0.07420933047072,0.005772601143410146,9.795176316529514e-05,148.02797357854473,0.9086224944163793
210_Narrow,2567880000.0,0.9349464621578257,0.0012266888648971462,-168.4852001068707,0.0652484941542967,0.005785365104424109,7.604893892012997e-05,148.35836134029103,1.4677513056531872
210_Narrow,2567882500.0,0.9370150111808118,0.001290406732368052,-168.63486198173354,0.093207950245365,0.005776340016011435,7.225923245399068e-05,147.81775205279283,0.8502303145081135
210_Narrow,2567885000.0,0.9366139646577518,0.0009333677139136127,-168.76361018981973,0.03177284208609556,0.005876235799278465,9.787936983027543e-05,148.09068737020092,0.7748768617765486
210_Narrow,2567887500.0,0.9373160185185617,0.001355326908022781,-168.63666880597023,0.10143322595248212,0.0058024204572719,7.604724933265002e-05,147.30082896193267,0.9811435306504822
210_Narrow,2567890000.0,0.9285880448460443,0.0009254202498519026,-168.73564706489861,0.07642720132934025,0.005796847756275645,0.00012293377199808372,147.45465032530734,0.8787604639339489
210_Narrow,2567892500.0,0.9364072739030381,0.001436439256590196,-168.68799904896898,0.07798363156520295,0.005794851907127382,8.134046602271947e-05,147.66207870019036,0.755338658193142
210_Narrow,2567895000.0,0.9361453567059559,0.0015058459915649367,-168.88847313077935,0.06928685946049923,0.005876259632113748,7.213023442107083e-05,146.78029155018697,0.8897854933896638
210_Narrow,2567897500.0,0.9271185762631322,0.0013521298883069246,-168.9153514494203,0.07292707383138707,0.005758789098097272,0.0001064960406413317,146.67380093979637,1.093654043519029
210_Narrow,2567900000.0,0.9335691599659632,0.0009835127412514595,-168.81820954333807,0.04501994395820636,0.005810955684800448,7.800311914434157e-05,146.76496145199738,0.8781576925499216
