Measurement_Mode,Frequency [Hz],S11_Amp_Mean,S11_Amp_Err,S11_Phase_Mean,S11_Phase_Err,S21_Amp_Mean,S21_Amp_Err,S21_Phase_Mean,S21_Phase_Err
110_Wide,1870000000.0,1.027867992775073,0.0015539827139110234,-50.344091528768125,0.09763687636528046,0.001144918792942179,0.0001356586282395669,-106.78712154763355,15.077891210246964
110_Wide,1870125000.0,1.0193614827061022,0.000844532086017679,-49.89081448104542,0.05687794063791704,0.0010972016674001008,0.00022645536799193334,-107.04498820957954,11.341639799558642
110_Wide,1870250000.0,1.0118865795856633,0.0016244511862531727,-50.671874310556504,0.06743336666031521,0.0011328199408358079,5.651369121068686e-05,-104.55190667117942,6.464659264973992
110_Wide,1870375000.0,1.0104581786206785,0.0010147249063477408,-50.78900133182991,0.08047707349065993,0.0010673164246320268,0.00018048984257403657,-100.5202484818453,11.718075007150496
110_Wide,1870500000.0,1.019347210771376,0.00203467889335153,-50.97079849494857,0.09404120008215464,0.001186557581736508,0.0001551696164722875,-105.07012113957698,9.697251962231002
110_Wide,1870625000.0,1.023002762910476,0.0012866263388088166,-50.33266896569109,0.047649211510922995,0.0011453523209686326,0.00020351189471900342,-103.59615662796776,11.07224822504109
110_Wide,1870750000.0,1.0245390384183675,0.0006514605260216274,-50.550299362389175,0.09313022518139366,0.0010299625097446195,0.00010819794518622765,-106.24170548470359,11.218315944167285
110_Wide,1870875000.0,1.017639248581204,0.0014695442701996987,-50.416765386485814,0.07970037535709965,0.0009458650941338216,0.0001321384241945201,-96.29653097930887,10.480517899478722
110_Wide,1871000000.0,1.029099845272225,0.000873277069194323,-50.84018481864907,0.08211024791041409,0.0010905787186703602,0.00015632417428472237,-103.39016940659045,8.03734291161851
110_Wide,1871125000.0,1.0262664609556904,0.0009723941336789358,-51.50473770679805,0.08033128564549367,0.0011725269313879443,0.0001812590167439551,-101.2500134815628,10.21782533361508
110_Wide,1871250000.0,1.0324641668246028,0.001539670660212815,-51.8642029060149,0.10422439799593208,0.0010792296248602377,0.00014289063817609412,-105.68391393189825,11.539263877286702
110_Wide,1871375000.0,1.0286958020402692,0.001075627803876342,-51.541857093584596,0.11069184505218578,0.0010619770975794265,0.00024275908197091676,-98.00583102333523,11.40514520754164
110_Wide,1871500000.0,1.0400739859778527,0.0014323244367112958,-50.935544118727876,0.11127622034254968,0.001010454191755327,0.00014803980749991392,-103.17224360311005,8.484176894015397
110_Wide,1871625000.0,1.0347116668704466,0.0021159097089591397,-51.69359707287235,0.05754876758094769,0.0010972194112406014,0.00018483981383458155,-100.25791509036335,8.213577560201964
110_Wide,1871750000.0,1.0445374939625343,0.0017333827497737636,-51.21297128554061,0.13170037912655755,0.0011116611469819016,0.00019017408757422103,-98.60440840655066,9.842784484506183
110_Wide,1871875000.0,1.0425291163444395,0.0018822499226586074,-51.43590258092128,0.08188381295328298,0.0010758074505088588,0.00019157361486000517,-96.21675697384168,9.292725656324164
110_Wide,1872000000.0,1.040931498251897,0.0012531998200754856,-51.16243009651538,0.05330792023946886,0.0009691354428514172,0.00015960987589057734,-102.83883885661868,12.4143145378211
110_Wide,1872125000.0,1.0465313882685563,0.0019727228321144994,-51.032239240456555,0.06584689624517538,0.0010271233921775463,0.00018844436585134131,-94.89710987959512,7.956490136475268
110_Wide,1872250000.0,1.0447472955365926,0.002238961135784093,-51.80926759596687,0.09010982861996357,0.0009913072283859647,0.00016537756889883112,-101.02785522201853,11.717843315270564
110_Wide,1872375000.0,1.0398071069984696,0.0017631879128007391,-51.4540552142378,0.1077612717902527,0.0010055340170491,0.00015758382091937822,-96.26003030793572,6.844355033822384
110_Wide,1872500000.0,1.051037599938758,0.001649941451255499,-51.361025484848064,0.052909086949629605,0.0010385436285150957,0.00012153769507337494,-96.31486118880274,6.784378224638184
110_Wide,1872625000.0,1.0458089079765054,0.0017004051315434965,-51.32781757558206,0.0851323054038621,0.0010260551769347022,0.00017315779884451642,-98.1006718559949,8.863721079416024
110_Wide,1872750000.0,1.0586300533502593,0.0012337405379024258,-51.71041407834416,0.10976183071074774,0.0009730723542275321,0.00013668051886671668,-100.27305805342813,8.821012114647885
110_Wide,1872875000.0,1.05484206317759,0.0016801302219575244,-51.294041272523586,0.13045743456963424,0.0011164014754756273,0.0001894194793813512,-100.24569807569671,12.462754825500236
110_Wide,1873000000.0,1.0573562385121202,0.0014368309800242213,-51.09170328145771,0.0939667721554236,0.001122808338271514,0.00017556430394985255,-94.46075163885288,9.836574924357228
110_Wide,1873125000.0,1.046609259434049,0.0019108172668829081,-51.0485568586584,0.11022095434803075,0.0010267797279366227,0.0001265760788680098,-93.04569295761526,10.59155001008598
110_Wide,1873250000.0,1.0472915644996004,0.0015023703831640786,-51.12931072089113,0.09970063194635695,0.0010941895977577187,0.00025177430827843226,-96.53011324699723,10.902762655503631
110_Wide,1873375000.0,1.0641761166267458,0.0007471011896016339,-51.056454407589804,0.12153544060514973,0.0011324681385994199,0.00020603909276076018,-99.42697317300987,6.835039832425262
110_Wide,1873500000.0,1.0622259962922496,0.0009075814829602107,-50.897752728184685,0.09164565541645714,0.0010291354308678386,0.00020277167942604453,-91.05593010296754,8.870192903462026
110_Wide,1873625000.0,1.0592379404482648,0.0022851730912647225,-50.89145279613376,0.09186111133583504,0.0010459390349144215,0.00021693123055685045,-93.87393855897197,9.058263148963057
110_Wide,1873750000.0,1.0615163261564011,0.0020377168929348976,-50.6647969556929,0.1045392767302795,0.0009528739346400447,0.00011165220026311544,-90.45733240819483,8.994691790547588
110_Wide,1873875000.0,1.0604178718050377,0.0014743995005765313,-50.82276134991136,0.07201645025521697,0.0010076861467534619,0.00012652974853947656,-99.9464917668313,8.62555492885018
110_Wide,1874000000.0,1.0630115743559203,0.0016920814930991704,-50.16620158723451,0.06442712502610048,0.001009499008580765,0.00023665080975175207,-96.02965552102033,8.526274219192294
110_Wide,1874125000.0,1.0681858294247015,0.0016762151159555848,-51.26169489070813,0.13395897747834337,0.0010222311217259823,0.00017055483066006982,-90.70889225531558,10.200444733005682
110_Wide,1874250000.0,1.0593211717906412,0.001171643356837199,-50.856435505692666,0.10398359409544289,0.0008862371950941594,0.00010291922330852676,-99.64390752103353,9.620833141337286
110_Wide,1874375000.0,1.0690960973665762,0.0022169439660805904,-50.31415491519948,0.0656553355679892,0.0009891762256204431,0.0001825062453983623,-92.82070966530792,14.378469209706909
110_Wide,1874500000.0,1.0615418791125477,0.0011354106077730952,-50.472505920428276,0.07477674909569942,0.0010763472845328492,0.00010113359472220049,-88.96113102336899,9.232768346885962
110_Wide,1874625000.0,1.0620038080642227,0.0012653211133658883,-50.538933908446836,0.07352268851231952,0.0009704803856509947,0.00017321630100829488,-96.96031524343573,13.763622830313844
110_Wide,1874750000.0,1.0606981699309106,0.002301019591311217,-49.718200578566595,0.07645922787310042,0.0009793656292056473,0.00016078944676532257,-88.42553962586129,9.256211608753912
110_Wide,1874875000.0,1.0513612984681933,0.0017113793744689123,-49.728614895174154,0.06028830265150815,0.001033495135412185,0.00014525676518514113,-86.27328430426697,10.082716072218188
110_Wide,1875000000.0,1.0613281890953228,0.001974638512272193,-50.02521352814095,0.057242187500264434,0.0009529972012797311,0.00015436594281460222,-94.94679339833759,8.95344701866369
110_Wide,1875125000.0,1.0535208426771545,0.0019379405207272833,-50.014467724619124,0.08760048003556117,0.0008998238692294558,9.715350919114966e-05,-92.40970088602081,12.475284119540703
110_Wide,1875250000.0,1.058124318377068,0.001160509793528653,-50.26005039319451,0.11399913454360369,0.0008759726729159019,0.00019303061305250252,-92.78516178606606,9.928621628363135
110_Wide,1875375000.0,1.047579464429666,0.0025321487960441465,-49.8778044222076,0.0552652073741862,0.0009498216700408949,0.00021133677384806133,-93.68408610724475,14.530677493531636
110_Wide,1875500000.0,1.0546021994282535,0.0016601493697021793,-49.75792474701146,0.137102511862258,0.0009205091939634101,0.00016504882032015924,-93.20651173092952,11.411513354061327
110_Wide,1875625000.0,1.0535984634379283,0.001988437480374943,-50.21272001434955,0.06665495117773122,0.0009086597509680822,0.00020726298366200279,-90.48406515470258,7.830216859320231
110_Wide,1875750000.0,1.06234819404107,0.0018256376521109405,-49.479142032374774,0.11196481984025704,0.0009925267796534157,0.00016593659134921693,-87.46211331511932,8.174946850615441
110_Wide,1875875000.0,1.0469284671918515,0.002053821091773151,-49.61978800380266,0.10223205010912599,0.0009166581719700403,0.00017075392462940694,-86.72062741447027,10.901641678064562
110_Wide,1876000000.0,1.0494976870830055,0.0018684156054784283,-49.225968944103975,0.09310623198367991,0.000923700099855027,0.0001222167950347374,-83.6464089880871,14.635925343287917
110_Wide,1876125000.0,1.0383512301508881,0.0017021630482199645,-49.84402676275874,0.0749259160293211,0.0008599382792067059,0.0001544835226142344,-91.35024395417281,5.414978940887466
110_Wide,1876250000.0,1.0308129913450503,0.001104519304587211,-49.96169282247423,0.10050546771783574,0.0008027282621647929,0.0002378087782644028,-83.45029733721225,9.124718002643627
110_Wide,1876375000.0,1.0384047723778982,0.0022862600132736097,-49.76648966471847,0.061244807525973784,0.0009638194330547999,8.943215115233778e-05,-92.30063856542817,10.555376721405427
110_Wide,1876500000.0,1.0436039561574268,0.00107743938462484,-49.58131757846048,0.07540649288190322,0.0009664692048690614,0.0002463691118409605,-88.36923717436314,8.551541695445453
110_Wide,1876625000.0,1.0359440462409428,0.0015622301899813735,-49.55758035230048,0.08220793329796838,0.0008074816167650844,0.0001540013528959493,-85.2656718990068,12.97170919481135
110_Wide,1876750000.0,1.0434978416309495,0.001822558138482083,-49.62270880501403,0.13004934458223022,0.0007829860690697141,0.0002118640265252755,-86.64024423075948,15.341791465122316
110_Wide,1876875000.0,1.0327660406703052,0.0014968408203352623,-49.625226146659315,0.06328538630693364,0.0006991531162347645,0.0001581766454154468,-82.86877323322308,13.602684040114106
110_Wide,1877000000.0,1.031578349638053,0.0021675635612675302,-49.70326512529134,0.09117857471122805,0.0008090669995925948,0.00016722836779992916,-86.88057024463457,6.577732242212285
110_Wide,1877125000.0,1.0302471563412763,0.0011503795463454537,-49.94153829732562,0.08274739302445636,0.000963458945646758,0.00017319262652593266,-75.5567938856166,12.113741255577658
110_Wide,1877250000.0,1.0219446238188044,0.0017245027446342641,-49.52569303755982,0.07869374395603705,0.0007663441420951994,0.0001840568492681978,-89.82470061125491,7.2185838794990245
110_Wide,1877375000.0,1.0271788513235667,0.0017606060194678543,-50.45749924703057,0.09991436084077522,0.0007846413124843966,0.00020268418147850235,-81.62664239918367,15.564177338446113
110_Wide,1877500000.0,1.0254223501342632,0.0011112312250991354,-49.885293736153,0.08275401303299215,0.0007519565452657953,0.0002115257294807237,-84.08507813456859,9.840913119654475
110_Wide,1877625000.0,1.0209057227327984,0.0018887694656774356,-50.18154629608847,0.07792821771646614,0.0007483010860221709,0.00011792660942402234,-81.50101010367152,7.967703723855521
110_Wide,1877750000.0,1.0370324841014766,0.0010592224611234407,-50.09800093764843,0.08988353048008572,0.0008296397861376341,0.00010950098209741539,-88.67076031580638,9.168746687959418
110_Wide,1877875000.0,1.017920032326854,0.001723094351325732,-50.869327866802834,0.0630425393115252,0.0008608563047526915,0.00020803520220845153,-82.32614453948138,12.96915713282398
110_Wide,1878000000.0,1.015101667373739,0.0005618039348423638,-50.24475297682633,0.07519236558804225,0.0006900342521217594,0.0001286784097259448,-81.66276115861191,12.887574031235005
110_Wide,1878125000.0,1.0186428916882102,0.002408930245837822,-50.619062819418176,0.1262650701279051,0.0008411076855925421,0.00011562274790623171,-91.45537273900914,15.772796146140363
110_Wide,1878250000.0,1.0120777386437045,0.0011864545951070689,-50.879770293804114,0.08203278037843005,0.0007589356047088404,0.00019630154988989256,-92.59667750174873,11.168533668294605
110_Wide,1878375000.0,1.012791644037698,0.0014986206298856879,-51.10182588535174,0.09131658625066627,0.000802545248912706,0.0001342816292204389,-90.26087087950064,10.809390052377806
110_Wide,1878500000.0,1.0195699635679056,0.001986032014259241,-51.013333588972436,0.10694701734176003,0.0006574053028899508,0.00012715848912333465,-86.56806929939297,13.797016902238774
110_Wide,1878625000.0,1.0172732038459844,0.0018497727551967855,-50.91312121640445,0.1079048659796431,0.0007459451583113154,0.00020535213023033133,-93.14399330518714,13.185496043401637
110_Wide,1878750000.0,1.0092997279582565,0.0017321172472285747,-51.431015598415044,0.057674638073180975,0.0007352210277914435,0.00016803817335106082,-87.5240218870051,16.06855284661091
110_Wide,1878875000.0,1.0064181701509396,0.0012509047414480518,-51.48880723102554,0.11217597738502808,0.0006971718594576149,0.00014679430321983358,-90.22898898357808,10.915062717477408
110_Wide,1879000000.0,1.023434087066641,0.0015928171884952952,-51.87120334058085,0.08007778369277174,0.0006715113089674497,9.095536169649446e-05,-88.50202639906664,16.347336061243873
110_Wide,1879125000.0,1.020413542934424,0.001652194963217767,-51.18046168472444,0.08930097517632891,0.0007089943639039325,0.00014461291610059137,-83.00755513697244,11.894179248403645
110_Wide,1879250000.0,1.014803657302264,0.0026893365146331704,-51.56963007034957,0.06901483135747914,0.0007334067050668459,0.00018243077860708235,-86.50505049430987,14.502806102255825
110_Wide,1879375000.0,1.0171229332676286,0.0014084034618517536,-52.0421642058301,0.06295092320897584,0.0007079334527930934,0.00014432580430406115,-97.52901686111746,17.859732080065935
110_Wide,1879500000.0,1.0144430038078316,0.0021434214079275606,-52.049219947526915,0.0908875624263134,0.0007084475786961776,0.00013905870975970428,-90.87918352010433,15.214328412700336
110_Wide,1879625000.0,1.0075903303020979,0.002184758985827477,-52.255700752827444,0.1019906614310883,0.0007967677349027486,0.0002095325961245933,-100.27075217480055,13.33306207286986
110_Wide,1879750000.0,1.0216570275269308,0.0013200188548263747,-52.248182825204815,0.070683640000632,0.0007078159258958473,0.00023298386009684292,-86.49287498190867,28.887749159876456
110_Wide,1879875000.0,1.0177320373808478,0.001618184967107215,-52.28755403279096,0.0763093323847473,0.0006801720662592088,0.0001477189434580304,-87.0639296740824,12.500273174682041
110_Wide,1880000000.0,1.0164052050259516,0.001641052729679352,-52.29999740564581,0.05825832483884574,0.0006741501082175593,0.00017527240143322813,-100.55542457671646,16.11048196305677
110_Wide,1880125000.0,1.0163775401842225,0.0013188739717719348,-52.334427852120626,0.12322245479027745,0.0007132219946998011,0.00015367084387173091,-91.49874015003049,12.577470585716808
110_Wide,1880250000.0,1.0271985085489197,0.002143800244611871,-52.751731534660074,0.09790241229090256,0.0007956323667215421,0.0002277834563770588,-100.51695508445376,19.4925644143002
110_Wide,1880375000.0,1.0224279070939952,0.0014965797665532064,-52.52650716200533,0.0772866682817616,0.0006612832608025094,0.00017034512370869934,-89.1787253342608,20.63149764983493
110_Wide,1880500000.0,1.022475253195231,0.0012753225492981256,-53.59305779623942,0.09712652748057041,0.0006916351880371643,0.00020507820338936303,-94.45636738725182,12.486217155010806
110_Wide,1880625000.0,1.019631257671375,0.0013862414763672853,-53.00456879062241,0.0901144900071398,0.0006478702424553169,0.00011487703837528077,-89.30047453376461,21.338303009526367
110_Wide,1880750000.0,1.026979971202492,0.0017063726062067138,-52.43117304189326,0.07904159577227414,0.0007067870658986085,0.0001580948233951656,-100.48400649087145,12.603642187374017
110_Wide,1880875000.0,1.0273755524617945,0.0010967074947372205,-53.25290274658347,0.09150752056567078,0.0008053333232869838,0.00013519981224469432,-83.22868051797461,13.170393979442329
110_Wide,1881000000.0,1.0331918754505403,0.0013090381449390402,-53.51315293697898,0.07841482025023246,0.0006977168254373358,0.00018107714389428337,-97.20228996687632,20.473293455829477
110_Wide,1881125000.0,1.0208664134982526,0.0017562048571945718,-53.14173001086491,0.08116206355491878,0.0006829063699760847,0.00020137893040453352,-89.3369873020318,15.948245253933676
110_Wide,1881250000.0,1.0320135134147592,0.0016400633670159324,-53.74168429363641,0.08991892110266768,0.0007758673003982606,0.0002559299361380473,-105.16686420714012,13.406349675522911
110_Wide,1881375000.0,1.0349068260198353,0.0019322294020647892,-53.5872605729207,0.054189102527590675,0.000666753410304668,0.00019683771223452957,-101.14520628262662,17.23322369564034
110_Wide,1881500000.0,1.042806558952741,0.0014106875712443488,-53.783106524777175,0.10776183261392451,0.0006226657243797978,0.00017359879748095967,-91.4004018227205,16.574910443255337
110_Wide,1881625000.0,1.0372316551707026,0.002096243517759306,-53.602408353880065,0.09671120353667328,0.0007118736705379366,0.00011852330395130285,-97.52004462215223,13.360675915805302
110_Wide,1881750000.0,1.0318702991037185,0.0013981209621724434,-53.939938069962835,0.09710179017998058,0.0007139583198963262,0.0002028162401612952,-97.0023060767513,20.420471710710615
110_Wide,1881875000.0,1.0483716518970954,0.0011806425970628117,-53.171175599107485,0.09027493369227425,0.00081161947595505,0.0001717390884349439,-97.33356385855673,12.952053780241004
110_Wide,1882000000.0,1.0374264845193029,0.001877242374115473,-53.95864229030324,0.10371108229653776,0.0006636527605845959,0.00015927815257360176,-102.88586303536925,17.454970849954385
110_Wide,1882125000.0,1.0327339525302681,0.0025842400740032838,-53.39675154437078,0.08214523098541093,0.0006971780261573817,9.388273265945897e-05,-92.04649963848426,18.750298820369537
110_Wide,1882250000.0,1.042313616871444,0.0013638197349471642,-53.4851946298196,0.10277978730595103,0.000746571852275262,0.00020289084085037978,-102.90311307726112,11.673186334527847
110_Wide,1882375000.0,1.0445928686193877,0.001765505280250266,-53.579174070636995,0.07286826403549022,0.0007421335433374851,0.0001688912736029076,-100.42692522858151,18.747775956016678
110_Wide,1882500000.0,1.042517987691744,0.0015939985902512568,-53.627392165480515,0.10611441330633244,0.0007277846019025369,0.00016460202710407828,-97.2080453766201,15.288831254090482
110_Wide,1882625000.0,1.0377646354425916,0.0013853908905707179,-53.89954002285805,0.10316763374456664,0.0006995175777789018,0.00017403384672028553,-102.24196703395052,15.760683713457777
110_Wide,1882750000.0,1.0447791711671977,0.0015027016562359535,-53.5230427663719,0.12776676828652067,0.0007876021635263016,0.00021859528123351757,-99.58872913062864,8.835967364466939
110_Wide,1882875000.0,1.0418226089674583,0.0014470156120256585,-54.11019750980408,0.08842323311135765,0.0007381297600110959,0.00023565295520091724,-96.40934250014685,17.82569717783389
110_Wide,1883000000.0,1.0320630699698958,0.001632086697373626,-53.21851627539269,0.07502448860547005,0.0007811292677567615,0.000158318209323497,-99.23511488565583,12.88951255077022
110_Wide,1883125000.0,1.0372509622635742,0.002323143326183217,-53.84264037000254,0.09529401717044368,0.0006493587644786111,0.00020810391992281168,-101.60125239777963,19.033631618898863
110_Wide,1883250000.0,1.053003066083863,0.0011776775684007757,-53.638867028093415,0.09262251977951996,0.0006975725858809218,0.0001574944691504649,-99.56933817833708,13.40704297099879
110_Wide,1883375000.0,1.0446385131213214,0.00160416386328431,-53.79249204815649,0.08943305218396656,0.0006672728435541593,0.00016423872389226954,-106.73956938197111,15.028860211661797
110_Wide,1883500000.0,1.0376770209666317,0.0013695887429829646,-53.903023580157694,0.07170198806023018,0.0007261035479809474,0.0001526129241894208,-106.11149462240026,14.579186512698449
110_Wide,1883625000.0,1.0563294891529782,0.0013662044025013237,-53.84239501370301,0.1124760317154909,0.0007743293581302166,0.00016156521779778818,-101.48513521807611,12.3741028403642
110_Wide,1883750000.0,1.041135612609063,0.0015887011139652865,-53.70578368375816,0.11584085401159216,0.0008213086775916763,0.00023819083621439544,-100.26292409501346,15.675244751443556
110_Wide,1883875000.0,1.0532495475523882,0.001547006972430911,-53.94109078441553,0.08328933931338807,0.0007953758956504823,0.0002023071605973386,-105.99499986036047,8.939328668976763
110_Wide,1884000000.0,1.0387303447244023,0.001532601028558332,-53.24457085240528,0.13179315551220405,0.0007898264808620741,0.00011154223368551717,-97.40096315345318,10.893151384833741
110_Wide,1884125000.0,1.0477640637315964,0.0023667533060861153,-53.916978405342896,0.09536631005234097,0.0008700150567873881,0.00018301886513482385,-98.89648220522537,11.019092981221501
110_Wide,1884250000.0,1.035686324057261,0.0010165069670463483,-53.99817634438895,0.0851650054819659,0.0007498414673352988,0.00018222371888372186,-105.63367862922064,8.55486858645168
110_Wide,1884375000.0,1.0414641329396832,0.0017150183909349882,-53.786877545386815,0.059945140192872066,0.0007650269613824018,0.0002842790425781637,-99.0814224658032,15.80977856931522
110_Wide,1884500000.0,1.0404195877078284,0.0010038865655216899,-54.07349559306494,0.09591297694181046,0.0007301254333001607,0.00014489349445070263,-101.85007542003164,12.390440072423605
110_Wide,1884625000.0,1.0365750550702661,0.001240202778195632,-54.239444466428274,0.09812117688953867,0.0007867888808365885,0.00016764938059977218,-98.00501533180224,14.398037689375675
110_Wide,1884750000.0,1.0512270236165964,0.0012221230112285178,-54.18943935005953,0.05097707246915561,0.0008369923185978751,0.00014140975620399499,-105.80878834808479,13.015908113030562
110_Wide,1884875000.0,1.0463376681405117,0.0020843370724639575,-54.336654996805926,0.1128218705641362,0.0007682050952454417,0.00018770297793985059,-97.69413112485981,11.392447251130523
110_Wide,1885000000.0,1.0478013447467946,0.0016703313332329158,-54.40912759921167,0.07235589819351837,0.0009415357402601434,0.0001290534381455248,-99.19785981939432,10.491065756191638
110_Wide,1885125000.0,1.041606119131083,0.0008291602951671049,-54.790607096252316,0.06927634698436091,0.0007456397381142125,0.0001653030212585109,-92.41278767989584,7.510848829984168
110_Wide,1885250000.0,1.047309918823527,0.0023617875862500214,-54.5080810212117,0.07226243469819364,0.0007521451800792481,0.0001693583308393003,-96.05406422956347,14.626113807497953
110_Wide,1885375000.0,1.0532993612077652,0.0023488957124611653,-53.612207328956714,0.0323671964229908,0.0007751091893635779,0.00024534661451872136,-100.88016113709492,20.942866735920912
110_Wide,1885500000.0,1.0410480908719975,0.0014771262482633643,-54.27035033308573,0.11319062370163882,0.0008283127197591048,0.0002099725038896256,-111.9031751317311,7.2272357951693165
110_Wide,1885625000.0,1.0410496858660674,0.0009026564012691148,-54.872425502653385,0.11634457622392266,0.0009146833953529909,0.00013986761282519807,-101.99947154565936,10.064354336906066
110_Wide,1885750000.0,1.0356345837122491,0.002056055416242392,-54.81054641896624,0.09205630765006997,0.0008521433890553255,0.00017796381105289455,-100.8546458080363,9.846380257921014
110_Wide,1885875000.0,1.052894813305613,0.0017897761373301595,-54.76511126743686,0.08735454560029751,0.000829672366356129,0.00014040851489033413,-95.66822943278943,12.300344110783666
110_Wide,1886000000.0,1.0437154569115514,0.0017728938343485067,-55.00239427090977,0.07977917622272646,0.00091839717500293,0.00017501031933456142,-97.86524148845022,13.092355408080333
110_Wide,1886125000.0,1.0463591564321963,0.0012559157908769779,-55.143584385568474,0.08051242094677523,0.0008772536910258083,0.00017121193292019647,-107.00756515405514,12.315763699893141
110_Wide,1886250000.0,1.0403210977880233,0.00105189442582509,-54.62108581191078,0.11808067091381381,0.0009076431426420456,0.00012476222539464657,-97.33327960916927,11.407272301721717
110_Wide,1886375000.0,1.042001214622925,0.0015852545014544011,-55.099194939595264,0.05978820274378505,0.0008458423306197441,0.00018883406575847123,-100.82086132970743,17.123759631952677
110_Wide,1886500000.0,1.0500034926009727,0.0017249411650985778,-55.130721376057856,0.08332873108531294,0.0008973513012878857,0.00016933651795146518,-102.31794036595757,13.027749337577788
110_Wide,1886625000.0,1.0446900381771511,0.00155842207026269,-55.08115197900847,0.0598117460816279,0.0009667622422615459,0.00023533932136639058,-99.81564406118119,11.230798280857922
110_Wide,1886750000.0,1.0469105808191337,0.001815476982408124,-55.012681243392706,0.10557368859084999,0.000921554160807408,0.0002356759970323952,-98.27843419827609,14.945545775819022
110_Wide,1886875000.0,1.055241483451187,0.0014500379879556044,-54.65238623163899,0.07690230422238481,0.0008960580031632389,0.00013892684085907734,-98.56546294096015,11.503071382903602
110_Wide,1887000000.0,1.0504331035365801,0.0015422818816556666,-55.39460259536486,0.08065977695278001,0.000935492189264198,0.00017328351405970514,-100.5953842534897,8.140160832471482
110_Wide,1887125000.0,1.0634107778618094,0.0015316302242557591,-55.002569355137794,0.09737548418279746,0.000979214605970133,0.00020205108633813574,-101.0419854364926,10.233912540577435
110_Wide,1887250000.0,1.053431207753987,0.0020718119410145035,-55.661198825533916,0.08723531130377116,0.0009407941847827245,0.00013043533831030784,-101.87985717866397,7.96346255505893
110_Wide,1887375000.0,1.049488156169935,0.0020130299590490263,-55.397093182084575,0.060956978815821454,0.0009032674881002162,0.0001884232272595539,-100.15476994042578,9.62810414005208
110_Wide,1887500000.0,1.0569226410720796,0.001874775024899273,-55.418862341732584,0.10339728007776566,0.0008407455531311671,0.0001446996052025467,-96.73074691525284,8.929796236101279
110_Wide,1887625000.0,1.05356539732182,0.0017008618979336024,-55.57903523850622,0.03986625761463749,0.0009988005747906842,0.00020153596896296832,-102.97592317346864,8.438220663152212
110_Wide,1887750000.0,1.0560855757584466,0.0018665657991587849,-55.51569760534643,0.07568079040037212,0.0009780936285151427,0.00015723658685226803,-100.36513164417889,9.938015651464822
110_Wide,1887875000.0,1.0629179281711942,0.001423194298055047,-56.71524915279891,0.0638513205346325,0.0009751539992270339,0.00022327040355485644,-101.21377488015708,9.871946359569682
110_Wide,1888000000.0,1.0670428088282398,0.001957693375203552,-55.87781095364118,0.11542626719035654,0.0009239000637000041,0.00018738670756301114,-97.30233823106906,9.829831271979648
110_Wide,1888125000.0,1.0560510634323172,0.001018848868504407,-56.49869873745629,0.08909112855356675,0.0009571679671787624,0.00012527651059153494,-94.32781660837561,11.377637530182515
110_Wide,1888250000.0,1.0661010101294313,0.0017985020977103277,-55.900325658481904,0.08070974749428379,0.0010188031191223604,0.00016482967794083058,-99.61057164396908,11.593721887936383
110_Wide,1888375000.0,1.067790545422298,0.0012967066707879505,-56.418354874564336,0.08525176526554828,0.000995035504485007,0.00018668597704250156,-101.616912043137,12.244937497827934
110_Wide,1888500000.0,1.0670216461678403,0.0015829801290935845,-56.098172824606124,0.09763573439754822,0.001020258962128137,0.00018462803857987952,-103.49836678769869,9.136387339562454
110_Wide,1888625000.0,1.0606624586724773,0.0008352000945750484,-56.19565092605555,0.08680454856330341,0.0009474791687087678,0.00013875679953038978,-99.20629399018881,10.062638582022817
110_Wide,1888750000.0,1.0631153989049782,0.002065491242700842,-55.79383419736878,0.10587797813088337,0.0008897000683420449,0.0001392286057103882,-100.27164267517992,11.974736638315788
110_Wide,1888875000.0,1.064376814165835,0.001928807013011868,-56.288719241601044,0.07104647555256872,0.0011153286118484303,0.00013970396176072174,-98.24766921558658,10.145444565426127
110_Wide,1889000000.0,1.0770969752265578,0.0018358022321316725,-56.014607213045124,0.07753612435134774,0.0009191821284095631,7.861611902480066e-05,-93.6774163648591,12.029666080849571
110_Wide,1889125000.0,1.0581828398600255,0.0013597741320569357,-56.39718532165834,0.0782942789101254,0.001030330257310118,0.00017295882478890858,-99.26555874428465,10.295740485771432
110_Wide,1889250000.0,1.0735006239965372,0.0016537408954138014,-56.20728425932005,0.07084899543174594,0.0010022191361100862,0.00012714829662723815,-91.8914080907351,13.057786445831573
110_Wide,1889375000.0,1.063545386199038,0.001543701755520345,-56.314401821382276,0.0742967439453022,0.0011281524612536903,0.000192261153823551,-101.38268200724414,6.926943589665153
110_Wide,1889500000.0,1.0697489727339333,0.0021265514755374935,-56.517433336549594,0.12238883819040748,0.0010459501585137773,0.0001331358232332462,-96.56541727904964,7.232254086053523
110_Wide,1889625000.0,1.0678861184002226,0.0020569538393908006,-56.3633076842026,0.06639509432971641,0.0010971260846517781,0.00017348013169445344,-99.8043398611315,12.233406919316975
110_Wide,1889750000.0,1.0756458590226847,0.0015651905416617432,-56.015850129246196,0.07265403271064326,0.0009863143863418143,9.067774399490941e-05,-97.7643436978605,16.55071338031431
110_Wide,1889875000.0,1.0655562357065675,0.002092298966604453,-56.19046501508151,0.09802916809269316,0.0010079187863067797,0.00017331239715677205,-101.02787799103558,10.630423103872465
110_Wide,1890000000.0,1.0703040568925142,0.001424087388546332,-55.67514228069942,0.11441603222004765,0.0010591372613586616,0.00018176670549652582,-95.36443502354304,10.957606332019546
110_Wide,1890125000.0,1.0761065166986086,0.0011331880382168089,-55.64568752485114,0.08998732685445773,0.0011000640028915741,0.00019716487209456526,-95.76186368639308,9.176555100000282
110_Wide,1890250000.0,1.0768304564498035,0.0025247140960661424,-55.545875436176544,0.06377648989527387,0.001124374892614392,0.0001935048671592358,-93.29904135070132,9.954892393887562
110_Wide,1890375000.0,1.066445787601313,0.0008613227535515923,-55.971935327495046,0.076858593839483,0.0010508892843476617,0.00018435906465309856,-96.70045009087234,7.982558046112236
110_Wide,1890500000.0,1.0664027559780709,0.0028895781453961325,-56.29522324675921,0.07016559075352503,0.001128535159308302,0.00018845525596945253,-96.25544407374014,11.492325351845473
110_Wide,1890625000.0,1.067562812231944,0.0018037551453804295,-56.13716742048869,0.10118423851439043,0.0011248091085580099,0.00019624918942139652,-93.08836373993145,11.45765338011444
110_Wide,1890750000.0,1.0763882845795265,0.0013943279694577022,-55.76524163955741,0.09137954103798862,0.0010623950615909483,0.00011682222095320408,-100.10254949858475,11.247559354190601
110_Wide,1890875000.0,1.0696860365036156,0.0015353125921375534,-55.489056131751184,0.10224051686676545,0.0010566638778287329,0.00019107165274350341,-94.05870578431772,6.69233424683836
110_Wide,1891000000.0,1.065537072146867,0.0012478819776851461,-56.162535245799695,0.08668665756893455,0.0010727956048298959,0.0001819778927243358,-93.55939094205722,12.693875614740543
110_Wide,1891125000.0,1.0677139535908278,0.0017602384937840743,-56.491191432958935,0.12142115160565471,0.0010669435802232161,0.00015831934678976997,-96.74881033789484,13.187552452814634
110_Wide,1891250000.0,1.0712932188483846,0.0018346021300061277,-55.372885482082694,0.05113162577264094,0.0009330620174524365,0.00013742221912221126,-96.2968230183,11.057309067941494
110_Wide,1891375000.0,1.0637401119810106,0.0013313926843556046,-56.7852188585193,0.08267447852554517,0.001144875106625143,0.00017513670136969125,-93.75276399065147,10.34134257077362
110_Wide,1891500000.0,1.0720401255085357,0.0017212073527241901,-56.845390144449,0.10715665987974832,0.0011454653631981899,0.00020215355378531548,-100.71310450991854,8.591831506477165
110_Wide,1891625000.0,1.073623343350876,0.0020829614884016164,-56.211374313275996,0.08701275541879669,0.0011429432993117694,0.00018950627126889974,-102.7239191159992,7.319664706646967
110_Wide,1891750000.0,1.063020577685017,0.001840653863702546,-56.19458592716236,0.11398421000022697,0.0011404757723483185,0.00015344466956668595,-90.51021887010538,8.306586415250736
110_Wide,1891875000.0,1.0581428574542449,0.001560795423805949,-55.87856965662637,0.06123196853905903,0.0011326890779239573,0.00016137186948860194,-91.80962873395822,12.594744123096545
110_Wide,1892000000.0,1.065964663293056,0.0012866726121467172,-56.35535721677164,0.06914497830323162,0.0010946051284927345,0.000130242993927733,-93.82193838319645,5.896680340397069
110_Wide,1892125000.0,1.0597374242151032,0.0027016787952881694,-56.34076404718619,0.11663406476795558,0.0011875682176170537,0.00016463722160996194,-96.97649937424974,8.722026269274426
110_Wide,1892250000.0,1.0690718972320992,0.0011522039598148245,-56.30854502794306,0.09352162333825846,0.0011731908117021462,0.00015903691730457406,-98.67903421570968,10.620824067848986
110_Wide,1892375000.0,1.0572268950728765,0.0014350793217382852,-56.76875517292832,0.10602857526823924,0.001082528941548855,0.0002100919020849015,-93.90576338204232,6.988874112122926
110_Wide,1892500000.0,1.0489673296037385,0.0009313053815510074,-56.46951942433684,0.04612479135853619,0.0011668579956406462,0.00015875919254831498,-99.67497532170299,7.767368543162102
110_Wide,1892625000.0,1.0503375617684878,0.0024414203584738657,-57.16215190322803,0.10802517611603045,0.0011429756933993987,0.00020019907576810208,-97.07885103283748,7.223848223050294
110_Wide,1892750000.0,1.0475393805544935,0.0018132884476033334,-56.867182124360696,0.07486933629699725,0.0012542030597140828,0.00013296744347239724,-97.4602897631833,7.189209880494938
110_Wide,1892875000.0,1.0522531715030383,0.0015658248201672724,-56.746772839097034,0.10362769747641395,0.0011954160649706033,0.00019810002159497165,-93.70475137513426,12.86223319045773
110_Wide,1893000000.0,1.0556071007517673,0.0022920195102537795,-56.986462920010815,0.0865407064029948,0.0011379767003068082,0.00015365888753565484,-99.50370627745787,7.116777781648
110_Wide,1893125000.0,1.0527058421932514,0.0013171443608188628,-57.17190942051508,0.03417679313524221,0.0010975602530670654,0.00016954579436478316,-95.2470039266367,11.352927441668617
110_Wide,1893250000.0,1.038854480595527,0.0021345912833769785,-57.24287129801227,0.1068397929751439,0.0010164053098076237,0.00015740107398816932,-93.86745123162983,8.915020222839923
110_Wide,1893375000.0,1.0364153766054611,0.002287294810804861,-57.96193228693884,0.10618078796046272,0.0012643732578467308,0.00011066834681887442,-100.89345452882597,8.637836485093313
110_Wide,1893500000.0,1.0415550259947406,0.0009999003485884341,-57.87045538807319,0.07171586330811096,0.0011641737171747487,0.0001421973911580694,-93.80342874068009,11.40950270194984
110_Wide,1893625000.0,1.0357608498217352,0.0017481111548297537,-57.83166601461145,0.10428556783439089,0.0012363638113207763,0.0001873577488960915,-97.56871481459811,9.043026032276925
110_Wide,1893750000.0,1.0438903270287399,0.001726659961182225,-58.25711247164894,0.09627241134998046,0.0011242741724924478,0.00016078482956067804,-99.13512112462274,6.395620069618975
110_Wide,1893875000.0,1.0340824091401024,0.0015623458887998188,-58.47968337060232,0.07556692759501596,0.0012814084945631681,0.0001965291747508915,-101.87011880059153,10.957892458854609
110_Wide,1894000000.0,1.0323586255321826,0.001437773453938461,-58.91946353263393,0.07146807145143569,0.0012844185407114728,0.0002451681897791891,-102.90898749254293,6.080670266687487
110_Wide,1894125000.0,1.0191341990524538,0.0023460478658136096,-58.81113848867456,0.09431913960997497,0.0012452324562400013,0.00011278763311413778,-96.5039131158803,10.227511814362083
110_Wide,1894250000.0,1.029023766691266,0.002019558768625051,-59.3110903646605,0.10297728232771822,0.0011934822774559623,0.0001815027111911204,-100.63046604996805,8.936363280069457
110_Wide,1894375000.0,1.0408849714719066,0.0017566969822049219,-59.73172407981404,0.09216051933916519,0.0012545646565984517,0.00020052880299282078,-100.91935991180283,6.199126217041226
110_Wide,1894500000.0,1.0327125179220782,0.00115094381060907,-59.95159344834058,0.1265508357520144,0.0012316571090971843,0.00012374735029363785,-104.00153994109164,7.728476243210739
110_Wide,1894625000.0,1.0338575018369673,0.0015687808836894622,-60.23598222172029,0.11424448271172534,0.0013956620630612624,0.00014941534770645737,-104.2342407411727,7.7699327669790295
110_Wide,1894750000.0,1.023473466026757,0.00134812681186643,-60.84888241672146,0.08081932705309249,0.0013549546403431828,0.00015206344220220942,-102.65344877219597,9.212698674251877
110_Wide,1894875000.0,1.0232006129520606,0.002552126077443282,-60.71381348516199,0.09653444394280246,0.0014407793144227247,0.00012049366621785165,-106.78355274833538,7.017990752873674
110_Wide,1895000000.0,1.0278018457638673,0.0019086619072774902,-61.07492782726632,0.11218370936137036,0.0012995159473098367,0.0001539231903614227,-107.84059540872406,9.617635460838233
110_Wide,1895125000.0,1.019281873863588,0.0008302637580729907,-61.46543847376033,0.09086542736005243,0.001354770952984715,0.00018715411266632313,-105.15055959191652,4.751581811154454
110_Wide,1895250000.0,1.0254388543481134,0.0015366447794260695,-61.41389161448113,0.06993830130472016,0.0014826477553692551,0.00017907948070985187,-104.0325119999391,7.242245399193625
110_Wide,1895375000.0,1.0198882567547412,0.0016468357003689715,-62.36048481950789,0.08296422410827563,0.0015634286797114611,0.00021240008647211735,-111.0595552149747,8.268691582355041
110_Wide,1895500000.0,1.0229745708445346,0.0015365374751969358,-62.74728853204976,0.07054331187418199,0.0015808526731619415,0.00013804447113126365,-111.92014851501482,7.510785778399547
110_Wide,1895625000.0,1.032294901361952,0.001812683710557478,-63.11948333028648,0.09276466725824861,0.0015809209399395192,0.00021610440410704793,-111.7882275122629,6.430699084569982
110_Wide,1895750000.0,1.0191129951449354,0.0019687578048345356,-63.82282844432011,0.09927186662646502,0.0015973341956739087,0.0001321778676709001,-108.35405848995701,5.419913699051706
110_Wide,1895875000.0,1.0193381219667197,0.0015684546255667429,-63.71906315440032,0.11535421665904616,0.001621897661535393,0.0001820596218168798,-110.16361413646847,4.217348629086532
110_Wide,1896000000.0,1.0164327804165436,0.0010089196885811353,-64.63772974840961,0.13745317519624073,0.0017944629251922142,0.0001362559135139838,-112.51093594128076,6.391633907773021
110_Wide,1896125000.0,1.0264350403862608,0.0014953912345646132,-64.42259157475249,0.08540831091097315,0.0018588806803963988,0.0001293402064789276,-111.19135854781938,4.723058206994401
110_Wide,1896250000.0,1.0268767324041683,0.0011108522720718154,-64.9998556185216,0.0832953872186942,0.0019251138267414166,0.00015579123769639464,-115.44726040548986,4.812077900406052
110_Wide,1896375000.0,1.034804130224996,0.0008700899720097779,-65.48649549542974,0.09751016520451794,0.0019493629173853511,0.00018309131214942369,-113.39106227003109,2.8866138658453027
110_Wide,1896500000.0,1.0316013971135316,0.0016192245214530538,-66.41829182338425,0.09595397712950836,0.00202813256505455,0.00013376704566670023,-114.4258598867691,3.9124661925699318
110_Wide,1896625000.0,1.0199520314767025,0.0015962011163629477,-67.18884632467821,0.10215000133350122,0.0020644174115926344,0.000130246791237249,-117.03418053885002,3.7603145204362414
110_Wide,1896750000.0,1.0251725452881084,0.0014037276601442032,-67.09716915957709,0.08301238586619886,0.002268718241037089,0.00016818881865852405,-116.87579915423818,4.31359135690489
110_Wide,1896875000.0,1.0332965919458377,0.00190375346832831,-68.48881176355044,0.04419183830566491,0.0023744367869040443,0.00020143073732965114,-118.62979656626014,6.687759222535056
110_Wide,1897000000.0,1.0219330557770383,0.0017676214312634018,-69.29334372867409,0.1048174294976758,0.0026186204716797945,0.00011978000247550855,-120.81983752127873,4.514617280650167
110_Wide,1897125000.0,1.02264370412699,0.0017100578397824906,-69.86025736660223,0.11791791318865565,0.0025275044581141463,0.00022552185411767986,-121.64006745879901,5.366860736517892
110_Wide,1897250000.0,1.0210264997881746,0.0013085677735526781,-70.86371594375221,0.09983593880202457,0.0028103297472492966,0.00011046848182587099,-122.48076337813895,3.086198871598044
110_Wide,1897375000.0,1.0215861245050573,0.002072571587769225,-71.62516444694029,0.10188376060154661,0.0030547370473245914,0.00018088903561376066,-123.98464920143664,2.966364954256661
110_Wide,1897500000.0,1.0149036197797616,0.0019778945484112682,-73.08817361539873,0.11632619627076464,0.0032599800963525353,0.00013217412687540006,-126.17828693536988,3.4746631972892073
110_Wide,1897625000.0,1.0220297492069161,0.001858129799530431,-74.12762043255901,0.05648258083953317,0.0034959704608266014,0.00016801454220685848,-126.25543304296797,4.045189070934102
110_Wide,1897750000.0,1.0048150391584376,0.0019470356915203548,-75.83497204721431,0.1555831463049088,0.003783472950264535,0.00010288153511344994,-128.5729064414168,2.0135673274493224
110_Wide,1897875000.0,0.9997116643658921,0.0017062616157501574,-77.55863695220731,0.0704435343179323,0.004148274253477105,0.00021055616814740158,-130.3677245600776,3.4133008752593335
110_Wide,1898000000.0,0.9824195624112274,0.0008850343476757542,-79.4756822118367,0.0860034093999952,0.004579520752552338,0.00014941287126786243,-135.11696209776198,1.6456184873623958
110_Wide,1898125000.0,0.9626281752645323,0.001910190980326882,-82.10331099696985,0.0998133783935105,0.005082383112222073,0.00017840623041343506,-134.7434555055656,2.20526679088453
110_Wide,1898250000.0,0.9422353596077764,0.0017393149033414017,-85.13031972373139,0.11211147846827643,0.005824720261478583,0.00015748884638635549,-139.56713322804012,1.8726227051618765
110_Wide,1898375000.0,0.896214714802124,0.0015349553172667298,-88.90258142700264,0.1021998932425367,0.006707760609669426,0.00019720516532758563,-144.16726339121954,2.130503252835804
110_Wide,1898500000.0,0.838951932308227,0.002595596145083833,-93.76643346154276,0.1118111015010976,0.007671595777523064,0.0001434270208102427,-150.50041236037384,0.8432118452137047
110_Wide,1898625000.0,0.748921126247288,0.002845200360787079,-99.83960008991598,0.09501454166362053,0.008799918416063948,0.00017411012190854955,-157.9570242954505,0.8960069153188032
110_Wide,1898750000.0,0.6116072775630291,0.004274306916856037,-107.19454329430121,0.18673715051419698,0.010189582235243326,0.0001468638662272896,-168.43914252903542,0.841572423735002
110_Wide,1898875000.0,0.40715331793311244,0.004542075476607147,-113.50950482083141,0.2523723129951274,0.01139507179679447,0.00020761529552189517,71.49419591015513,173.0918190056465
110_Wide,1899000000.0,0.17256079795739798,0.005209021155461031,-99.16853072368376,1.1902853686901262,0.012008201394382216,0.0001660156083822143,163.90808422049466,0.9344921797076906
110_Wide,1899125000.0,0.2127660815446279,0.004353181865767946,-15.35378185647771,0.724966393450468,0.011940482369738159,0.00012963180494782178,148.32456028544544,0.9322790652400321
110_Wide,1899250000.0,0.4403639848377855,0.005545000731194433,-9.94429765343006,0.3001986561433652,0.011165774837711015,0.00021474528212142707,134.75183333862836,0.7816249550618545
110_Wide,1899375000.0,0.6266848513349174,0.0026885744943947088,-16.150428225397963,0.13607372488113376,0.00981385814231879,0.0002283505639080868,121.89384565677466,1.2787424344071143
110_Wide,1899500000.0,0.7548440824496516,0.00348305943603677,-21.96130757410579,0.17354597716105863,0.00860917631198023,0.0001478224938261516,114.79821561950725,1.2419104745533043
110_Wide,1899625000.0,0.8349837693526196,0.0019413122818385672,-27.704824063635904,0.1564261338196041,0.007687598802505764,9.342747011273486e-05,107.22979310061939,1.5237045003051108
110_Wide,1899750000.0,0.8856089588206415,0.0017780924884644564,-31.996026990216247,0.1125522279471644,0.006678221425322595,0.00014866630580084115,103.60102966903438,2.0813011216400277
110_Wide,1899875000.0,0.9279934167898699,0.001969883338816484,-35.35297427508529,0.15947387091930165,0.006007684795499314,0.00016384743738481026,100.47213862106535,1.3932765844731492
110_Wide,1900000000.0,0.9512562845361943,0.001299093724755896,-37.734661141499544,0.0908636136622782,0.0053014790575565875,0.00012965516139179056,95.44669368261873,1.6518759466234467
110_Wide,1900125000.0,0.9839233863640992,0.001778848170301451,-40.19580333886344,0.09082910939620428,0.004935099984795722,0.00015653983450210295,92.63311239284054,2.201057388624954
110_Wide,1900250000.0,1.0012787230394982,0.0014223773693553346,-42.433321646112745,0.09846431782169511,0.0044873095000868245,0.00017830303372893234,91.4266510459756,1.6203856946596762
110_Wide,1900375000.0,1.0014697794812337,0.001528427235304917,-43.68795495046748,0.09667989962057699,0.004187500932768452,0.00018045029655028725,90.41111347388758,1.6694007548308272
110_Wide,1900500000.0,1.0169146378590914,0.002457031460551902,-45.15299619149003,0.0974555442517439,0.0037666133782174706,0.00015464023543971012,87.46790132676092,2.0087064287832948
110_Wide,1900625000.0,1.013622706532629,0.0018035380089041085,-46.87218900316877,0.07827139280823091,0.0036049939162053402,0.00020053592639106345,87.81844367709293,3.1536538646363375
110_Wide,1900750000.0,1.0289933174696824,0.0011982218530670941,-47.30319347356023,0.12320620104123789,0.0034131666812918715,0.00014691356387365128,85.5847393120284,3.5597743991534947
110_Wide,1900875000.0,1.0254693759377975,0.0021760153153483736,-47.76043202469306,0.09530772370021204,0.0031434398051395597,0.0001742360862707991,84.8293445741068,2.708569755230991
110_Wide,1901000000.0,1.0334288967545908,0.0017424019936920288,-48.92406051163382,0.07440672761628349,0.0030578928039378434,0.00019474574716312634,83.01201537560436,3.499610923859113
110_Wide,1901125000.0,1.0372157115023601,0.0015601440225991158,-49.14331351405664,0.07397897882031686,0.0028765500217782323,0.00013211220069546078,85.07885569567598,1.80627814419468
110_Wide,1901250000.0,1.0335284048995348,0.0020291649562526586,-50.453369637683366,0.09753424651471194,0.0027675784691376937,0.00012435360674407656,81.47211494522878,2.21868461106874
110_Wide,1901375000.0,1.0387406122709024,0.0012790180829001742,-50.71488390268054,0.10861020977902887,0.0026782032840140945,0.00020765445879311368,81.00614442123391,2.318855123282287
110_Wide,1901500000.0,1.030016757247679,0.0008717623953776632,-51.674311442579956,0.08281944252616268,0.0024732384808342023,0.00022975949809704552,83.63303751748913,2.4179378087495245
110_Wide,1901625000.0,1.0316365292363345,0.002047410372983199,-51.69710239254551,0.09434160245946788,0.002390707532931119,0.00021600506522069282,80.67420314692201,4.370517815265583
110_Wide,1901750000.0,1.03669479211949,0.0014387562125809284,-52.52970616675212,0.09153098511147255,0.0022638490170196163,0.00011278090985374271,80.05221062777042,2.916538830654975
110_Wide,1901875000.0,1.042063505273497,0.0012445858033074944,-52.68509426527896,0.07893048400701086,0.00220971817174943,0.00018220706487421436,83.4903607777341,5.638692793771863
110_Wide,1902000000.0,1.0398706703229308,0.0022761134171883557,-52.73213752627642,0.07066367913795236,0.0021699367607691815,0.00019106131647842264,79.64681831269715,3.4840104914376275
110_Wide,1902125000.0,1.0411455605615278,0.001351015795660766,-53.66079030316975,0.11679679307213184,0.0021216264578841773,0.0002663562267876369,83.19978098586276,3.7703295580994776
110_Wide,1902250000.0,1.034432983386513,0.001384425528882116,-54.04732605719921,0.1029714869813265,0.002046017467398166,0.00021016847757413367,79.36751099179097,5.520556745741383
110_Wide,1902375000.0,1.0459583307541724,0.0015544034894943114,-54.57916511358253,0.09365119140388853,0.001997136338966777,0.00014695938223346162,79.0645763900103,3.653801480679093
110_Wide,1902500000.0,1.0339922573188183,0.0012094488408242532,-54.55653952442316,0.10506942779479515,0.0019111662796714288,0.00019508522443131035,78.91388912609192,6.456109535795394
110_Wide,1902625000.0,1.0371166505179608,0.0025011930711999002,-55.478333762347745,0.08266430396777166,0.0018631405723929094,0.0001533621095673911,78.0487133079083,3.6522807910047055
110_Wide,1902750000.0,1.0347414216393105,0.0012239993193907844,-55.36913436037039,0.08593869975116682,0.0018592383073514007,0.0001489862052034949,81.0515107206953,5.936094086763773
110_Wide,1902875000.0,1.0345655510131175,0.001796070348787974,-55.932627469673115,0.05965323578760855,0.0017024633966232273,0.00010389965044995552,80.11552185942334,5.812638373751318
110_Wide,1903000000.0,1.0380666064035826,0.001455025944723944,-56.663610567082834,0.07005413699829093,0.0017814819187977789,0.00020415881427759608,77.84421918239438,7.1053335830635875
110_Wide,1903125000.0,1.0359466730320355,0.0011340871652262498,-56.32608093491556,0.11766485652849665,0.001818253752314186,0.0002473713870497621,78.88141883691135,4.384960861970016
110_Wide,1903250000.0,1.0266370787854833,0.001914307998086963,-56.91576302558266,0.09516941247572912,0.001731958240514943,0.00026816006714119905,78.64620568112082,5.668628852298893
110_Wide,1903375000.0,1.0444666686673731,0.0018425589136842444,-57.01894084169254,0.12333651850642015,0.0017611795953083548,0.00017452540091009874,74.94698059435552,6.953080639418099
110_Wide,1903500000.0,1.0300182889805949,0.0024310907997041947,-58.02301668397499,0.09040663903742584,0.0016713437175194142,0.0001616897833357598,74.76311675986025,4.788242288818906
110_Wide,1903625000.0,1.030228986310139,0.0011157154328529488,-58.52055407505715,0.08845302716104393,0.001715837647827423,9.427189394182122e-05,75.82920289730727,4.400839941326927
110_Wide,1903750000.0,1.0313429736599005,0.0021717527568254295,-58.413185319343796,0.07656276495249321,0.0015845842410175887,0.00013548691747372924,74.27873953361424,5.007604417120752
110_Wide,1903875000.0,1.0328300679299889,0.002024795250295216,-58.370687287295524,0.10668955891429555,0.0016338986742350937,0.00017777151858677036,75.02429594871266,5.6221237754508095
110_Wide,1904000000.0,1.0371693990386122,0.0015281395231384668,-58.78164365242965,0.09059458820521558,0.001623634313091821,0.0001462446438944088,74.28845621856732,4.91156872259788
110_Wide,1904125000.0,1.034614598609792,0.001469646600008352,-59.47877418085212,0.149875368781764,0.001675940802084751,0.00015414616196600994,71.29608750590799,8.423733146656874
110_Wide,1904250000.0,1.0307120047463212,0.0019233870271277479,-59.818879392286284,0.10718512192771097,0.0016866263298938424,0.00017344728502168843,75.59746167050547,5.588110062919073
110_Wide,1904375000.0,1.0266118167874339,0.001910556301017004,-59.916337250761345,0.10688645467761293,0.0015696233999165136,0.0001572751085682866,72.82518431632892,3.9137425746680585
110_Wide,1904500000.0,1.0325463336279475,0.001632828033539233,-60.54379290432103,0.13123585262817863,0.0016441086208751586,0.00021564991859581342,72.41784859477954,4.255901111345351
110_Wide,1904625000.0,1.0341769928284066,0.0014573088478288105,-60.607903007491196,0.13247640188609078,0.0016498904525511066,0.00023515114608177635,70.1290810154404,4.827520270201814
110_Wide,1904750000.0,1.0282592767567704,0.001534335589225418,-61.425247453338905,0.05915174196557816,0.0016484010263063877,0.00012051273851532566,69.76046944513367,4.30599037874432
110_Wide,1904875000.0,1.0276384868488202,0.0018755599463337888,-61.62342410046971,0.10590968722173946,0.001575048212378894,0.00020043501589126568,67.96240094527872,6.382782137274283
110_Wide,1905000000.0,1.021230955594634,0.001657324367453732,-62.15388352244995,0.0987900022802643,0.0016442386344644182,0.0002053280292959538,68.2066331742381,4.663480039163623
110_Wide,1905125000.0,1.0438258553331798,0.001619412987491043,-62.22913501105399,0.07170658385228776,0.0016059512447561856,0.00022133850488123327,65.77440608766769,7.3326012791010875
110_Wide,1905250000.0,1.0247956687314814,0.0013793900022928147,-62.486287217540664,0.12021748584707265,0.0016656605879544018,0.0002266232621599104,67.58630414218163,5.2554142891397175
110_Wide,1905375000.0,1.0192876198564287,0.0013273027283383124,-62.84387710120974,0.12232478491060673,0.0016595130485817368,0.00021205717524676453,68.57896995986002,8.183187345045702
110_Wide,1905500000.0,1.0336533772094718,0.0021225667275982436,-63.15166147134315,0.0892763260918035,0.0017090828796235958,0.00010036873100085993,64.15835450794047,4.716013186002855
110_Wide,1905625000.0,1.0262269957315313,0.0022225469520766113,-63.687795412870145,0.12693473216501308,0.0016571660583066111,0.00016283742265626815,64.59929519797893,5.478712191112205
110_Wide,1905750000.0,1.0170058116185623,0.001563222685189413,-64.90360480207671,0.09462162263799881,0.0017280366833757848,0.0002086390035692101,63.32884231705269,5.5064171549616665
110_Wide,1905875000.0,1.0204333440701119,0.0013678414178681401,-64.6265214272709,0.06383891506943036,0.001766107190120797,0.00014303839080653254,64.37661160916976,4.291510447148125
110_Wide,1906000000.0,1.0166880639003295,0.001986962951154071,-64.94444003267276,0.08393223264332102,0.0016703682266309516,0.00013161040575924792,64.39497626746737,6.928481931046803
110_Wide,1906125000.0,1.0242792928480666,0.0010394068779895993,-65.61626157169823,0.06396731063959722,0.001778074941832487,0.00017922820347613793,62.037587218551906,5.1839909000008895
110_Wide,1906250000.0,1.0218072449927549,0.0007321417829396187,-65.83525160143382,0.08959074559175172,0.0018954749064980891,0.0001477966256035566,63.14224128068909,3.0146507554443347
110_Wide,1906375000.0,1.028269895357653,0.0017099647790219745,-67.06898657430844,0.09206935662633547,0.001789284173966759,0.00017820094477822912,60.181156868369975,9.011564835591155
110_Wide,1906500000.0,1.0195533681549618,0.0021982898341098766,-66.88231076470298,0.09527598514679098,0.0018149036951058955,0.0001249248800368186,60.218457972859895,7.29189502562829
110_Wide,1906625000.0,1.0165925466207637,0.0011258299304636986,-67.22463676881917,0.1021640254987262,0.0018660541487284684,0.0001785407011385624,58.62897459225455,6.600398741949596
110_Wide,1906750000.0,1.0167448205438918,0.0018326424551417155,-67.52576860122255,0.06033288908583702,0.001964149293565611,0.00014292692910284968,61.74032470366646,3.182227624890545
110_Wide,1906875000.0,1.0166672997016433,0.001439319496618472,-67.91527279258148,0.1282122139495546,0.002119627132135454,0.00016049015096741625,58.055459953984254,5.162644156766592
110_Wide,1907000000.0,1.0119745052203417,0.0014405468426868574,-68.72997691910977,0.07738666546097016,0.0019370316492897958,0.00013997946214388694,56.88147050657925,4.612115462461006
110_Wide,1907125000.0,1.016140665295187,0.0014236468885448848,-68.75814748264835,0.11476181678631205,0.002098320697226924,0.00019248747492283435,57.20365459146778,6.331539658799736
110_Wide,1907250000.0,1.0194675099469817,0.0017767002848611273,-70.57706719718243,0.07071076838814948,0.0021695836825210506,0.00011150209909132372,55.186205408162394,5.548876903334134
110_Wide,1907375000.0,1.014728348762621,0.002114682871894952,-70.68360498467057,0.1306368090894953,0.0021196279983203706,0.00011815550849080716,57.28602009839713,3.0434703308986384
110_Wide,1907500000.0,1.0061668900632668,0.0013311076770718495,-71.22145470590577,0.07765395918199067,0.0021577977294983007,0.00017070666308535148,56.07138517832709,2.7972891959017603
110_Wide,1907625000.0,1.0095150270887114,0.0020428503369521608,-71.35701978187174,0.07346676190435528,0.002355241599499398,0.00017458759455220123,55.6884338781491,4.921410881837095
110_Wide,1907750000.0,1.0099774410036708,0.0017308122838517485,-72.57496636634183,0.11696993113573032,0.0023513837647183232,9.237247079958571e-05,54.71424382779947,3.4536861584720917
110_Wide,1907875000.0,1.0155726666551905,0.0017164943150782422,-73.31297035591446,0.07981736811411408,0.0025027228004696573,0.00014462871218931325,53.91600446222768,5.6707497264400635
110_Wide,1908000000.0,1.012741825273175,0.0011648868102899432,-73.52389958976846,0.08529128551026449,0.002489398842838311,0.00015973544059651754,52.16405066451851,3.036352417698412
110_Wide,1908125000.0,1.0104416851373454,0.0007013031840911165,-74.53492332537664,0.08775996274091177,0.002555482151127164,0.00016626150391001388,55.12381847318862,4.710949429009592
110_Wide,1908250000.0,1.00688066652033,0.00164921327390073,-75.67798071605577,0.09643544420770446,0.0026327869592736686,0.00021745340959863335,53.60615430659512,3.1552054464644383
110_Wide,1908375000.0,1.0058634534430093,0.0015126859195470745,-75.86077906371243,0.0887425019959984,0.002665302191042958,0.0001776884096081757,51.99947164016977,3.9522892920363373
110_Wide,1908500000.0,1.0114515086155753,0.0016908853680383045,-77.07645820872546,0.054361299651809095,0.0028409861987109706,0.000169039874947057,54.376221278654754,4.6848509575891715
110_Wide,1908625000.0,1.0054956376490178,0.001380884284543863,-77.65105445287334,0.04730173061554546,0.0029492426686205846,0.00010772387972987141,52.09025568499221,2.878532585276966
110_Wide,1908750000.0,1.0044187842607708,0.0018980614721364948,-78.73056232246981,0.09347760686212979,0.003019490231223246,0.00011940433207384806,49.53684023417914,3.4460615366399368
110_Wide,1908875000.0,1.0153238505354572,0.0022510463431089874,-79.70325677579748,0.10168524920702808,0.0031676802503051646,0.0002026990296610173,49.769014631216,3.129895761971963
110_Wide,1909000000.0,0.9977143843552465,0.0011354877031898452,-80.76130638944176,0.06580142990803971,0.0032642358273009117,0.00013330224877722757,49.07993153840847,2.0394038610292835
110_Wide,1909125000.0,1.003309606657299,0.0013022371402194122,-81.65598932049821,0.08159134562119265,0.0034468507354664915,0.00015851222570280847,48.92991264639193,4.107888518072343
110_Wide,1909250000.0,0.9933259068813387,0.0015559080669738472,-83.11513335780378,0.08852607934109237,0.0035610772275951686,0.00019113916924841837,47.62215902878577,2.4579583415032884
110_Wide,1909375000.0,0.9930945134038289,0.0014602978822194658,-83.97110110348251,0.10486547857955457,0.0036233852464124397,0.00011367507288101039,48.61740691450045,2.8840858138734418
110_Wide,1909500000.0,0.9924020500039649,0.0012157958185948924,-85.99339119326896,0.07777372276087423,0.003844350902699058,0.00014749072126291694,45.80872415668683,2.30927809712396
110_Wide,1909625000.0,0.990413372899108,0.0011978626195666565,-86.72389597405629,0.07063601343851142,0.004047065549720371,0.00021124612193412483,47.78344472048426,2.9715846392667795
110_Wide,1909750000.0,0.9865531930233277,0.002327719820799862,-88.5671686280189,0.091746625771451,0.0041637389343050085,0.00022374540466163495,44.0488119729038,2.1336071886638956
110_Wide,1909875000.0,0.9795933746072333,0.001005334601345446,-90.17939079249993,0.052253685444293256,0.00441707111038074,0.0002258546243208499,43.00166377439788,2.378751356583069
110_Wide,1910000000.0,0.9795392494138908,0.0016561733416721282,-91.72067439151795,0.12594293139388135,0.004637268183089936,0.00011320562261971026,42.82681358041281,1.6240687334579327
110_Wide,1910125000.0,0.9672333386785835,0.0011777820911292652,-93.80055465574571,0.09785902835644834,0.004745803922117968,0.00012037857366281813,42.02711793561789,1.16104481127888
110_Wide,1910250000.0,0.9630292782876252,0.001302938099919798,-96.06070627783164,0.08916929620707566,0.005116826711554129,0.00020168825135989573,40.61224659346295,1.2653064567897578
110_Wide,1910375000.0,0.9524595420784724,0.0008954137125283588,-98.07700835863638,0.09651294385236969,0.005288143568355268,0.00014081143000927658,40.70720423189229,1.9852268509283082
110_Wide,1910500000.0,0.9499137577581993,0.0015060876266521916,-100.96181461101425,0.12166727530228663,0.005664563877474314,0.00017804729556277133,38.202214088838375,2.0185113102687726
110_Wide,1910625000.0,0.9360736833905224,0.001571101047193461,-103.49994725765805,0.14229777551245418,0.005842790530164116,0.0002109720277504733,36.26764131293915,1.5557801793343358
110_Wide,1910750000.0,0.9286185275337897,0.0017645815240327437,-106.45047150774121,0.11349039604366798,0.006310443445953211,0.00012968314401368003,34.78848174735675,2.0347804331603987
110_Wide,1910875000.0,0.9094782706521537,0.0013900353746259114,-110.05972960175137,0.09258591837891038,0.00665386097668437,0.00015762725679643755,32.8809745136806,1.4240129160286281
110_Wide,1911000000.0,0.8923684212908418,0.0010802798439264222,-113.62830801855134,0.1509744557364011,0.00698094361541922,0.00012003845203760329,30.954536906899268,2.1912624865027084
110_Wide,1911125000.0,0.8701971548993961,0.0012732737693738024,-118.27129484417885,0.12168440100861908,0.007331339741546613,0.0002742707087973176,28.173774935335416,0.901604441388001
110_Wide,1911250000.0,0.8519656590941551,0.002628972774394283,-122.92765454999824,0.20382113493701928,0.007854726428730847,0.0001835895476049452,25.801967327565016,1.7490691604993116
110_Wide,1911375000.0,0.8231614788860885,0.0008939237049731709,-128.43873808560764,0.21460681553489827,0.008163362778606305,0.00016078167586663033,22.872262209630453,1.446774928864566
110_Wide,1911500000.0,0.7916545144069274,0.001470701600747944,-134.67518737583887,0.1968589759230249,0.00879427555623154,0.00020690760129410082,19.86928406158522,1.2234984651934173
110_Wide,1911625000.0,0.7530428825639317,0.0029402856223338706,-142.34584372942413,0.2908263153613994,0.009203572584496543,0.0001907325185922747,16.067144391237754,0.9901098357192873
110_Wide,1911750000.0,0.7078686697754124,0.0020522022811032877,-150.94369035181313,0.2553120887217914,0.00985279248637896,0.00019139548661509375,11.474156383972813,0.9500293478824283
110_Wide,1911875000.0,0.6680946055303091,0.002276805133713419,-160.81610846721625,0.26880469804809226,0.010393398776409914,0.0001965273768616175,7.342288169925569,0.47139098860766276
110_Wide,1912000000.0,0.6110711710716954,0.0018824297110252948,-173.03563344551898,0.3424670798042832,0.010712904812830128,0.00021515570043735706,1.7941371854981494,0.9235083645298854
110_Wide,1912125000.0,0.5649566197284236,0.0016624757438952213,173.14374915984345,0.4897411244419854,0.011157063672950586,0.0001417023910751042,-3.186975674423139,0.8824724956003541
110_Wide,1912250000.0,0.5246853217640505,0.002186563326384784,156.45435888989664,0.4240855273390527,0.011327767522083454,0.0002736000773406401,-9.725272827660287,1.03675794906945
110_Wide,1912375000.0,0.49357876501146425,0.001615419864412245,137.74286975123476,0.4291826054265439,0.011415455392593999,0.00012733293518885712,-16.244056348878456,1.1505435483198496
110_Wide,1912500000.0,0.48925200117123874,0.0017062513756182273,117.90710914182411,0.3985812290876323,0.011592378323874025,0.00016504263853868147,-21.366179438436912,1.2805546619104542
110_Wide,1912625000.0,0.5018840058746321,0.0020322547477807907,98.81962371400247,0.46988807128368165,0.011335075018491587,0.00017109783423350489,-27.649443872848213,0.916622420034649
110_Wide,1912750000.0,0.5365233574382865,0.0017536088718594716,81.2827288319602,0.38612273533487107,0.011119102386260777,0.00016897923919485943,-33.433401185689526,0.7862207610530687
110_Wide,1912875000.0,0.5765595200833551,0.0022263281710250228,65.9807002104068,0.37323178983509153,0.010737770694871964,0.0002313154295904429,-39.18100550826959,0.9702783958427714
110_Wide,1913000000.0,0.6250742423611199,0.0019930239042348172,53.15260172429907,0.4172683729785547,0.010421807315275594,0.00018890583707629373,-43.806731427241786,1.2089628437406987
110_Wide,1913125000.0,0.6776530060657482,0.0026632770924849224,42.25547190829953,0.2691020098648164,0.009940419791721685,0.0002589949765802587,-49.64348905345848,1.1137861842057306
110_Wide,1913250000.0,0.7169542054073625,0.0018939435998341953,33.33393170236971,0.3027220341344493,0.009383585285619946,0.00025846413921627476,-51.94165394559855,1.4487662173085945
110_Wide,1913375000.0,0.7665538398237808,0.0021889307068982313,25.014971278893075,0.25992921557533377,0.008961697888668012,0.0002132192944335392,-57.34485961957794,0.8994342699956812
110_Wide,1913500000.0,0.7964252715074447,0.0020571176704355784,19.204259149900228,0.23006916498718472,0.008522341768435669,0.00018041701628417842,-58.93385870201176,1.177924863831588
110_Wide,1913625000.0,0.8276658122482932,0.0019789081885605987,12.964995392764243,0.22574680495290553,0.007992147429110854,0.0001610350301481029,-62.97413806878684,0.6132662834797699
110_Wide,1913750000.0,0.8586014967330249,0.0019948127645376826,8.816019711821143,0.14663614394736735,0.0076129276004618576,0.00012776462221438786,-66.36581015299153,1.1031928216026352
110_Wide,1913875000.0,0.8792161052467612,0.0021701274501132782,4.221563906178204,0.14753369199653196,0.007186734719322071,0.0001536122329826278,-68.61411341974373,1.4324194214927892
110_Wide,1914000000.0,0.90475986063444,0.002157458853849959,-0.05006163694319366,0.1271311395822564,0.006985539642237676,0.00019424928723265475,-70.38900640582933,1.597557961556882
110_Wide,1914125000.0,0.9275650574903004,0.0016781857210500467,-2.7147601022705325,0.08288605964360504,0.006579027334944301,0.0002200577571467124,-72.38621500237484,1.8238598552756
110_Wide,1914250000.0,0.9475920766212045,0.0022449444878490945,-5.66682757306226,0.12559274679217863,0.006148639233221734,0.00019602443276898638,-74.0335654711617,2.029417343522103
110_Wide,1914375000.0,0.9547424159097494,0.002506237359356137,-8.307773195172885,0.13548704681866916,0.005741564356820439,0.00017014963264532155,-74.3681771158339,2.5424275625956962
110_Wide,1914500000.0,0.9630463810303314,0.0014527303406708192,-10.528346328508196,0.12786610688097202,0.005539849305683124,0.00012853342309976728,-77.46212897608271,2.0544955121292703
110_Wide,1914625000.0,0.9847155431895144,0.002466486404353412,-12.808902443784804,0.1538258469792713,0.005376696957417661,0.0001516027532325286,-78.26613504071068,1.977471433682203
110_Wide,1914750000.0,0.9989501106828778,0.0021003758549247805,-14.322553503716573,0.09086687829720698,0.00514876839017424,0.00015830809459014476,-79.8522951743607,1.7910573744374858
110_Wide,1914875000.0,0.9971469095578596,0.0018796182659635062,-16.440348554125357,0.1580006885327125,0.004859615411451493,0.00022677084397803812,-81.08778004539508,1.869597246908628
110_Wide,1915000000.0,1.0101335208545317,0.0015859819558044679,-17.913380742892482,0.10551562336439017,0.004587445267017804,0.00024318214845604148,-82.89243675966665,2.338168731532996
110_Wide,1915125000.0,1.0079604116212368,0.0010790580808428796,-19.87451269979119,0.07039157409669551,0.004452499643753762,0.0002485623505293349,-84.18237027826605,2.6094821516999005
110_Wide,1915250000.0,0.9947209493264675,0.001505733046297425,-20.369743998653444,0.08688204580531038,0.004192050746988968,0.00015848757508859574,-85.58971415412076,2.4213314328986275
110_Wide,1915375000.0,1.0203592401083108,0.0017862941945040465,-22.21032018197303,0.0989919802333649,0.004185231454236183,0.00021440048014777495,-84.9634298932926,2.484893494041783
110_Wide,1915500000.0,1.0185478444695615,0.00220218725420728,-22.674406470607664,0.1106221788497722,0.003933803020062008,0.0001129197011816918,-85.27435808792174,2.8661965358947112
110_Wide,1915625000.0,1.0112283129296245,0.001878356006327643,-24.033264830391683,0.07409272770844735,0.003582475117600792,0.00015257326480632813,-85.02349728992834,2.726876322302129
110_Wide,1915750000.0,1.017909099530262,0.001703834430911921,-25.2026622517536,0.1057661484530805,0.0035410389555278286,0.0003133064906825393,-87.9965483987913,2.9251085886666672
110_Wide,1915875000.0,1.0244621946490158,0.001841347795797194,-25.851048529329475,0.13945455242706403,0.003524185096816293,0.00014285204040470907,-87.19511652070614,2.8553418642848087
110_Wide,1916000000.0,1.0328176253004004,0.0015416173393400037,-26.4450596863996,0.06271647094900702,0.0033509652071065316,0.00013132978769647517,-89.42124203183117,2.941586504648036
110_Wide,1916125000.0,1.0206146845841244,0.0019273541870799395,-27.92799389964515,0.05815653813667883,0.0032668937871831783,0.00015784621423212632,-89.36821659004084,3.510896799268103
110_Wide,1916250000.0,1.0236386833714624,0.0019481224356117934,-28.358842937950428,0.10652764458961037,0.003081336648220115,0.000183330892829048,-91.05965855711955,2.651122609214102
110_Wide,1916375000.0,1.0199810114460592,0.0014699890752463056,-28.639540277698707,0.09797546019437064,0.003149202096083831,0.00014735436534734934,-91.18049302873267,1.7158675833634995
110_Wide,1916500000.0,1.0173063714269877,0.0015090846212671325,-29.78316914849907,0.08785997557999194,0.002906622163212612,0.00010750246874269435,-91.18901663261626,2.7675345573881045
110_Wide,1916625000.0,1.0258131013447722,0.0021616940517626584,-29.766318168113962,0.09761545457736964,0.002965474784506832,0.0001529657778631518,-89.89050702896391,3.6121231733682415
110_Wide,1916750000.0,1.0370917281463052,0.0013692852136496275,-31.030501080992654,0.09527973434865909,0.002811715069285198,0.00012851807507061803,-92.232480552098,3.0099612681695094
110_Wide,1916875000.0,1.019110217407251,0.0018919498097766812,-31.52151916300044,0.09292370847076267,0.0026514219150426664,0.00011711520197090271,-91.94441524387952,3.5077602377614374
110_Wide,1917000000.0,1.0347674916318061,0.0022578817727953366,-31.846273137492897,0.11631255247149526,0.002646337956121014,0.0002249876937539856,-93.32929399557116,2.9790885627895647
110_Wide,1917125000.0,1.0234409742972281,0.0016150116559492803,-32.29862843106682,0.06803009736921482,0.0025889897682607153,0.00015569608789158356,-92.93877204938936,4.702297519859912
110_Wide,1917250000.0,1.027520418082651,0.0007365579484579923,-32.91668901899803,0.09947442070341976,0.0024062515156515066,0.00017748487059507037,-95.12210455173303,5.286475053763454
110_Wide,1917375000.0,1.0210310417365493,0.001884224908848439,-33.49975042097573,0.06258063231119618,0.0023921613175797623,0.00020344101732849783,-93.8920702732812,4.350486204363901
110_Wide,1917500000.0,1.0244820509000028,0.0013317991822669616,-34.714922100390794,0.09244043829641851,0.002363138033014745,0.00015782210529265793,-95.98024052476033,5.153144157356761
110_Wide,1917625000.0,1.0169830108495805,0.0012379389746463695,-34.48697455355675,0.06644393865829311,0.002361249123450198,8.260386020506416e-05,-96.45220328197152,3.166165919518465
110_Wide,1917750000.0,1.016911872152855,0.0015680299216043001,-34.77479327847358,0.07368184585141754,0.0022616522849081447,0.00014604068478907365,-94.7519557732719,3.970150329070762
110_Wide,1917875000.0,1.0116678249848432,0.0021124797828345385,-35.79733372696933,0.09635148145628444,0.0021976468256608675,0.00010836670317329704,-97.808980339463,4.268623136996456
110_Wide,1918000000.0,1.0152530634897874,0.0012035756190084982,-36.56360080062955,0.07386393012037161,0.0021615572935572967,0.00014330247613037785,-100.33188995342248,2.4165057452959338
110_Wide,1918125000.0,1.011371990742927,0.0014600200267796929,-36.97471416859181,0.09038304831633757,0.002120918318654304,0.00010823835257407476,-99.33861094602935,4.522963243822466
110_Wide,1918250000.0,1.012962524752885,0.0017124568518859557,-38.01746577357926,0.10654700912577363,0.002063782412169127,0.00013225881161905466,-100.05282258228661,4.619556854480879
110_Wide,1918375000.0,1.0141289896188899,0.0022224310854701123,-37.480499209177935,0.13946077784347397,0.002034037204330379,0.00016275178993754969,-99.6571020177526,3.341372132692201
110_Wide,1918500000.0,1.016722290294649,0.0008788371992367957,-37.78536168741052,0.15220984700305618,0.0019108095701984998,0.0002054421616994882,-102.14570828285468,4.037052163328611
110_Wide,1918625000.0,1.0024107767229407,0.001254343683746892,-38.49729154412702,0.08972054935848423,0.0019862772369956924,0.00016326370032383354,-103.53630229402584,4.068271037092759
110_Wide,1918750000.0,1.0141876506868166,0.0021134776898357735,-37.703737195215,0.10012687753087365,0.0019846052457303366,0.00013495923629637608,-101.74215580175141,4.260143551609386
110_Wide,1918875000.0,1.0025929033644967,0.0015701311082028566,-39.39636185792742,0.07910004684088212,0.0018182614208829655,8.283181119635533e-05,-104.37603493084609,5.423621860233789
110_Wide,1919000000.0,1.0049368175043805,0.0016650950922022102,-40.385843595398825,0.08901128492646539,0.0018540072366266993,0.0001536852757211012,-105.56543736593619,6.34787826001781
110_Wide,1919125000.0,1.0173898858239365,0.0015007129138485977,-40.08537493469357,0.07283723918694497,0.001894508759991331,0.0001319599700324815,-104.22580880924038,4.782361441340639
110_Wide,1919250000.0,0.9951848412790172,0.0010099296428876614,-40.66107479213685,0.11795313156000752,0.0018234989686255984,0.00016911623348082067,-107.85812858535846,4.041249429082953
110_Wide,1919375000.0,1.0022803205430255,0.001084136655547017,-40.39274073737194,0.07939102580769967,0.001968429367375846,0.00014165433484341827,-105.54366816491294,5.806176705166112
110_Wide,1919500000.0,0.9983358095709596,0.0017284909107415545,-41.32102064247222,0.04886822564986419,0.00177383321055655,0.00017912307898701926,-108.92215827033927,5.441154266923583
110_Wide,1919625000.0,0.9981134291392821,0.0017159262295072875,-41.14774161483957,0.05748792459293847,0.0017202617490520277,0.00018208317590920133,-106.32887420170813,4.20990574743257
110_Wide,1919750000.0,1.009614845276039,0.0012429284764071704,-41.80224583195666,0.10754690151056533,0.0017149536139756077,0.0001358362334248748,-105.68740753496823,6.481657547380398
110_Wide,1919875000.0,0.9999186985527824,0.001553411097836318,-42.51209341804996,0.08169715992782993,0.0018478496314828323,0.00014685752468744689,-109.80617565504046,4.5986964382847715
110_Wide,1920000000.0,0.9991605323306726,0.0009085278655884309,-42.36045160701944,0.048064441261673925,0.001798664684312308,0.00014191144188479302,-110.4564690484285,5.932684296112932
110_Wide,1920125000.0,0.9991198507300941,0.0020224730374468966,-42.659546917316305,0.13937442266799654,0.0016612759078658361,0.00013112355209889118,-109.12876488413808,4.768188904820197
110_Wide,1920250000.0,1.0079709323082862,0.0016616321171795778,-43.15203194723707,0.08738246912615594,0.0017321680136262057,0.00020128795119286628,-110.2623860137945,7.799481739176203
110_Wide,1920375000.0,1.0054009782046542,0.0015074157370029843,-43.283836806451994,0.09088735377698515,0.0016694877238829396,9.910353200115e-05,-109.24085439477777,3.510719140903528
110_Wide,1920500000.0,0.9959240005030906,0.0012585546144387655,-44.31340649910287,0.10388171164722045,0.0016908241981815938,0.00019923591322340111,-109.46522427318385,5.729126943487315
110_Wide,1920625000.0,1.0009255041135527,0.0013116880956226822,-44.37095857827146,0.07135537677813063,0.0016207288809587338,0.00014836005914684969,-112.67832302530829,5.334226812034562
110_Wide,1920750000.0,1.0086059486389303,0.0016967542531567494,-44.950283049134,0.09507891593899763,0.0016709905676990588,0.00019469322836675954,-115.33692304157448,3.1929908315000164
110_Wide,1920875000.0,1.009520663973439,0.0008549792077507843,-45.06527731213762,0.06892252028951544,0.0015580680337466978,0.00020419106820596992,-112.61437967661804,9.795739593582553
110_Wide,1921000000.0,1.0131676012353905,0.0010255414033231503,-45.0834218606215,0.07983071938646862,0.001625737586853644,0.00012956015766259156,-114.33012888115321,4.039792780192687
110_Wide,1921125000.0,1.0172358329276432,0.0014064990639213887,-45.892296318855834,0.06439256792312659,0.00163723893531244,0.00023392836316870905,-113.7551490244503,5.442456375554515
110_Wide,1921250000.0,1.0153910710242924,0.0014248938431897858,-46.158675538808524,0.10694477081625542,0.001663087491698291,0.00013938004377569833,-115.80806543548265,5.1594473600193975
110_Wide,1921375000.0,1.0104026449693324,0.0006772932652168616,-45.818293862443255,0.08914949426906853,0.001618865135317526,0.0001361946294689156,-113.82145551947472,6.132751232447684
110_Wide,1921500000.0,1.0261973572292775,0.0008054116946492969,-46.18338566175707,0.0773191002075458,0.0017100384744141949,0.00015928202130642314,-112.46520861216936,4.506368239611312
110_Wide,1921625000.0,1.0210324880687125,0.0013159207719783362,-46.718116268970974,0.11330238791639735,0.0016665172019959124,0.00013649063331751474,-113.36303760200545,7.444134882758949
110_Wide,1921750000.0,1.0239115436092892,0.001277739602143749,-46.79083233301776,0.10142755417305138,0.0017138622449898592,0.00014456310749453343,-116.32155074243332,5.368153392308335
110_Wide,1921875000.0,1.0253155746499434,0.0010961632212003712,-46.69172113480944,0.09448708597644966,0.0016178885000496229,0.00020834776562878395,-113.37728204629097,5.201175870779913
110_Wide,1922000000.0,1.034672308575595,0.00138577293012979,-47.228520690319,0.10328244805220482,0.0016209368749038925,0.00010511324334950454,-113.52742681304346,7.1906194358887605
110_Wide,1922125000.0,1.035091134475149,0.001900618850378929,-47.438087598708925,0.05924547088243751,0.0016561026766453895,0.0001501544206916183,-115.30289449492014,5.497726890231203
110_Wide,1922250000.0,1.0406102681911942,0.002117953569997486,-46.99817986399892,0.05893503816338785,0.0017515858874145244,0.00014265402020029237,-115.02657391813852,4.802225282204914
110_Wide,1922375000.0,1.0354379152248392,0.001713410239230653,-47.48575662131813,0.0806538139775285,0.0016199830396521392,0.0001322331554950404,-116.66449693246177,5.79078225917805
110_Wide,1922500000.0,1.0445927252506748,0.0010551210676194727,-47.66119125752232,0.09726712243915792,0.001616299987042714,0.00019667479815600446,-113.96380105978278,4.13329520901114
110_Wide,1922625000.0,1.0290453840592464,0.0013537603962338791,-48.08966188624186,0.10843206152340056,0.0016773520960243905,0.00012768819987692026,-112.26855978456146,5.0627913521329
110_Wide,1922750000.0,1.0375856460572188,0.0016099096032297564,-47.79582851029883,0.11176158724353404,0.0017196029958499702,0.00017059107293283937,-117.17772519927051,3.6602380518256816
110_Wide,1922875000.0,1.0466128177396414,0.001992114740640361,-48.81750806348119,0.07988933052866064,0.0016352743630612067,0.00014370056820998917,-116.47225156015155,5.58575443165714
110_Wide,1923000000.0,1.048743914256151,0.0007103341018547093,-48.56742895162024,0.06376616692475891,0.0016929341964420047,0.00018904997216732583,-116.25914952096952,4.7248765559760155
110_Wide,1923125000.0,1.043134708315349,0.000821751749110119,-48.36481053763718,0.09485060587109134,0.0016840086018879799,0.0001973980276358443,-119.28536749209584,5.0909837419822015
110_Wide,1923250000.0,1.0441913062183412,0.001449406869693434,-48.18252186324945,0.07937106253545044,0.001711883410880598,0.00023127386670760628,-120.07727019368846,5.590142812799909
110_Wide,1923375000.0,1.0437159875935103,0.0015215500540538634,-48.36763262477216,0.10480375150148588,0.001670308114332483,0.00019468896631093707,-115.03177964583979,6.696950633956889
110_Wide,1923500000.0,1.0510462042159088,0.0009676650083222877,-48.82213686234583,0.04040151271066303,0.001643471048423223,0.00014446402268466233,-116.32323184875494,6.106869442994182
110_Wide,1923625000.0,1.045873421478205,0.001681730272901235,-48.260462148493666,0.08674572005347984,0.0016939358705876737,0.00018296847621092019,-118.32637721068589,5.552465039332535
110_Wide,1923750000.0,1.0562269960445927,0.0013981287694813176,-48.376975873484405,0.10827236842906994,0.001781265418578929,6.81834625657432e-05,-117.08824809329957,5.68693092516582
110_Wide,1923875000.0,1.0504146505567353,0.0013185060761747506,-48.10245943250727,0.05165720895512199,0.001685854936145328,0.0001788046847474055,-116.74433583440279,3.718356345110886
110_Wide,1924000000.0,1.052981354814235,0.0013977283537853589,-48.56264722880008,0.06942406285856319,0.0016976683613524105,0.00013877945512010041,-117.82134947190805,6.664834521402591
110_Wide,1924125000.0,1.0616065626253468,0.0013860998598949615,-48.112221386447395,0.08834410078624588,0.0017677206001943788,0.00016872937785305213,-117.68533228806051,7.751395087684947
110_Wide,1924250000.0,1.0653987106314295,0.0009706269110510655,-47.753269264591346,0.08988742100596489,0.0017585544292829291,0.00012786479078695758,-114.16914912005826,6.983634391049558
110_Wide,1924375000.0,1.0630493249270516,0.0021985177527990046,-48.39249204942211,0.0690386277018852,0.0017877047287305492,0.00013665411437366958,-118.09696021935976,5.802626448127527
110_Wide,1924500000.0,1.0528384505731945,0.0021565391709443484,-48.44238982703081,0.0646978360020499,0.0017630571805214257,0.00018416424233503003,-113.18875817581326,7.1984544393132435
110_Wide,1924625000.0,1.052978008030781,0.0009928639743430753,-48.70567024192732,0.08843475344884208,0.001736372949278822,0.00017265711308322995,-117.46475201119983,6.18041772210959
110_Wide,1924750000.0,1.050310399319352,0.0021539527190094607,-48.08096324848325,0.08717881953621585,0.001699561588986643,0.00025415448198378695,-116.49861415125737,7.1639271322244324
110_Wide,1924875000.0,1.0552881845344264,0.001641147384881985,-48.40998322946955,0.10223826283015561,0.0018055482306779187,0.00016986435794816792,-115.65745743283402,4.233539415864449
110_Wide,1925000000.0,1.0539824423471613,0.0018722243094174452,-48.22197869034351,0.08078743836054547,0.0018125564589237474,0.00023839922881635218,-115.00459329104672,5.859159882493584
110_Wide,1925125000.0,1.052390616329051,0.001959115278092084,-48.14817077566823,0.054802353265114866,0.0018240196943813624,0.00018494098285768963,-117.58688773920325,8.57211580889921
110_Wide,1925250000.0,1.055571436060547,0.0017715362775713097,-48.920855926324364,0.08646310231044675,0.0017694803157911017,0.00020872487299009832,-118.3785445271547,5.2411827770185955
110_Wide,1925375000.0,1.0665099691469144,0.001065936885107921,-48.18880794646792,0.07657894971584961,0.001809926509811877,0.000225898483609388,-117.04597008364757,7.650119051289161
110_Wide,1925500000.0,1.0588595404994352,0.001811552635303914,-48.566017197534016,0.09391189744790111,0.0018041338993052137,0.0001295014628860148,-117.48244510746798,7.455691689937179
110_Wide,1925625000.0,1.0472096402592972,0.0027339791314702597,-48.35195428287785,0.08999660127908614,0.0017318719528236497,0.0001607475647855556,-118.23050830253545,6.185901997327035
110_Wide,1925750000.0,1.0479077386940265,0.0013450585295174647,-48.39434414755575,0.04919637897165522,0.0018129745463035338,0.00010322488605288235,-116.20588694718712,4.830691652329595
110_Wide,1925875000.0,1.051784856866239,0.0017780749321595589,-47.496869430430976,0.09081841302135216,0.0018081968293451208,0.0001322294360060811,-116.52681162199302,5.937168293613912
110_Wide,1926000000.0,1.051118532967954,0.0011501173102738277,-49.11972321376591,0.10436765532603128,0.0017586242942361876,0.00020505087170621095,-115.9832607195329,4.577483081723867
110_Wide,1926125000.0,1.0404983409643598,0.0011870370268103896,-48.624732359193615,0.09130461412299117,0.0018357677250097027,0.00014077087602265223,-114.14726128535008,3.9788024938575917
110_Wide,1926250000.0,1.046608776554243,0.0015562835737108701,-48.680615398774485,0.06696347903507625,0.0017819403892864083,7.373791832242543e-05,-116.39079142993864,3.8294627507732737
110_Wide,1926375000.0,1.0375651793528515,0.0012635622570898995,-48.3080543596361,0.08883703851179958,0.0017644428028927464,0.0001188221131979582,-114.61615893794472,7.098653416284817
110_Wide,1926500000.0,1.0535709051252158,0.001796027715720929,-48.17064197789968,0.06344332740926376,0.0019302046501080208,0.0001830158501107822,-116.71476219729732,5.934551561033645
110_Wide,1926625000.0,1.052055334677319,0.0021030881087914554,-48.1956905448234,0.07956383532332796,0.0018055227392536769,0.00013128950835226353,-117.66420134235011,6.44604650439858
110_Wide,1926750000.0,1.038882025018655,0.0013841752479610155,-49.29294606884016,0.0631997202706486,0.0018640070267732726,0.00018294972831587483,-115.160247608731,2.894773629668091
110_Wide,1926875000.0,1.0456897307012891,0.0014453963156194434,-48.853273839298396,0.10415248246893834,0.0018452675854114314,0.00020604910381176092,-114.15832296186298,3.265967879030133
110_Wide,1927000000.0,1.038882234464757,0.002256134822138098,-49.009517598916474,0.08726246885585202,0.0018155177578512147,0.00013321820529890334,-113.79645701723298,6.880291737113384
110_Wide,1927125000.0,1.0454034512896997,0.0016393330006064409,-47.9887900725597,0.09759013210373708,0.0018444263410826447,0.000147226495623309,-116.22414589879747,6.065047576249563
110_Wide,1927250000.0,1.0378973271798895,0.001773144003550914,-48.8046316806857,0.11991517161390913,0.0018059772870653895,0.00015738883392856697,-117.56293518146688,4.005123375748723
110_Wide,1927375000.0,1.0371047964475024,0.0018993171641409404,-48.8224635665007,0.09002000382934823,0.0017858478657406876,0.0002128624683298927,-111.7810033436413,4.09641592930281
110_Wide,1927500000.0,1.0289886734857885,0.0011592785280148587,-48.92099287054847,0.10949801980401193,0.0018344504071741137,0.0002275829893835223,-116.66528799230022,4.012356157337029
110_Wide,1927625000.0,1.0372973135146903,0.0016771410987594644,-48.810940600822896,0.07665919701740796,0.0018931180429166705,0.00011882274116788945,-113.50546442677387,5.3747776804222385
110_Wide,1927750000.0,1.0415137231188571,0.0020520647371902877,-49.71666530472174,0.08024677943244417,0.0018078924427044252,0.00019288690034036416,-116.82191806237039,4.403623582960227
110_Wide,1927875000.0,1.0386789191208756,0.00121878659639701,-49.12012490163584,0.09108761762639953,0.0017851635140751984,0.00019764248852967322,-113.75264868781306,6.666025583274539
110_Wide,1928000000.0,1.027833689712147,0.0011928720550841508,-48.91623582677232,0.10358136511124078,0.0018359286464256345,0.0001227295933181604,-111.59371968079574,8.183979183422704
110_Wide,1928125000.0,1.0271027865575606,0.0014283809750147262,-49.61712962188615,0.07624270115650322,0.0017101299723780827,0.0001546561205405203,-115.42425592083569,4.0872154301471095
110_Wide,1928250000.0,1.034186124882323,0.0008745736062415831,-48.88626757161362,0.0939674660859606,0.0017792363190324279,0.00015274001085201753,-113.29733008536707,5.250048894482043
110_Wide,1928375000.0,1.0190877453095666,0.0017075118932010876,-49.21177600663962,0.08254005201907985,0.0017767069274210298,0.00019070513383448201,-115.34950172040396,4.851791482121336
110_Wide,1928500000.0,1.0316892371017021,0.0012099122023449683,-49.54883092969566,0.10388392179922698,0.0017257731905124855,0.00014966895086959586,-116.23912396253917,4.5036589324918594
110_Wide,1928625000.0,1.0262120500470697,0.0011252120864927216,-49.157116158448325,0.09399049844854039,0.001820254783863381,0.00015058319025917428,-115.20946483316828,4.61489603789438
110_Wide,1928750000.0,1.0336630268007339,0.0014823786814305408,-49.887407887824764,0.06540200741506376,0.001730896351681587,0.00015210229767874116,-115.39618959776413,6.56418138125081
110_Wide,1928875000.0,1.0257036711837915,0.001046244478968343,-51.230689679010126,0.09237215738715655,0.0017349423298152731,0.00018379712102508647,-115.27737598320225,5.9032860095837165
110_Wide,1929000000.0,1.0224171389756707,0.0011411337032354587,-49.73803566672797,0.09657477643804727,0.001793628810095648,0.00013904468528699656,-116.20828534631396,6.5688038957315
110_Wide,1929125000.0,1.029114566534654,0.0013138371680565086,-50.77683405585289,0.0844137713461141,0.0018019484213516437,0.00011834816843573952,-117.36537581591928,4.977838987778967
110_Wide,1929250000.0,1.0178457768514089,0.0008172516622561727,-50.14014503959852,0.0794090130402062,0.0016141821577998039,0.0002323323098135577,-115.6453516757139,3.90774338291493
110_Wide,1929375000.0,1.0258243682832069,0.001710096428104404,-50.86108508293821,0.08730540374299899,0.0018161652993242854,0.00016374780136481373,-115.45464412333916,6.415160342187352
110_Wide,1929500000.0,1.0275225012359948,0.0020481774323832928,-50.88575866033437,0.09393366632573308,0.0016804167065630562,0.00012343976247533128,-114.79916030559983,6.403722437556379
110_Wide,1929625000.0,1.023297732983291,0.001878541937584565,-50.301531736441845,0.11564210526301817,0.001659975834834851,0.00022839388324856198,-114.87879953230885,5.770520708182401
110_Wide,1929750000.0,1.0129864059489408,0.0017883280310396353,-51.05933051298248,0.09174147615345546,0.0017209639267233565,0.00013526995183819762,-113.5826010820548,6.331827725171584
110_Wide,1929875000.0,1.0395757433916872,0.001740658144475722,-51.11697688790274,0.08088517636154517,0.001634186132401609,0.00015067533118418898,-117.9169396179388,5.748855374139124
110_Wide,1930000000.0,1.0343729291450952,0.0017547486521787708,-50.53620911089561,0.10265071148914855,0.001772035299932617,0.00017894362715846414,-114.46199870644595,4.04867432015661
110_Wide,1930125000.0,1.0150781017688812,0.0014360293246982179,-50.70302300887041,0.0873388163991261,0.001749571451035838,0.00015051376452736726,-115.67921883746091,4.2183911256758355
110_Wide,1930250000.0,1.0220193437230534,0.0021123602338495623,-51.63966651917342,0.11963604267412854,0.00172030387155563,0.00011024836561583342,-111.62384186696815,7.874765716063997
110_Wide,1930375000.0,1.0271163386463944,0.002666872353772851,-51.11654611407891,0.1233354879819468,0.0017327198637781625,0.00015077510778268397,-113.2728828307229,5.37589053466424
110_Wide,1930500000.0,1.0292921111044055,0.0018876156454492744,-50.88867883323234,0.09199018019032683,0.0016833013820100463,8.894261611720897e-05,-109.3288081609559,6.373237058321765
110_Wide,1930625000.0,1.025225331855994,0.0017107657847041562,-51.84589234076952,0.06695583796672726,0.001526912243761871,0.0002141047722760049,-112.22020556805835,5.719316007852189
110_Wide,1930750000.0,1.0200786085804014,0.0018750301827118788,-51.614379385361005,0.06969718396731896,0.0014993938550783678,0.00012101130963577863,-110.88789885449742,6.5026173393649005
110_Wide,1930875000.0,1.032782853162041,0.0014967430088032288,-51.92509385544132,0.09980989331111013,0.0016171263282069317,0.00016227710963457248,-110.57157350268288,6.232660052348762
110_Wide,1931000000.0,1.0377390020061903,0.0013648642650153215,-52.1024341281412,0.13608232487988747,0.001655569211902595,0.00011177285777653058,-113.44271032216247,4.204842967112174
110_Wide,1931125000.0,1.024253228420822,0.0012050866848402231,-51.57762297758006,0.0845054289755843,0.0015961754007283878,0.000148720821221073,-115.26960299880635,5.941584331402387
110_Wide,1931250000.0,1.0238846859477875,0.002367637584578508,-52.12437789428285,0.08745569936905746,0.001585248074662341,0.00017594680739306076,-110.26573171942847,6.797795617255466
110_Wide,1931375000.0,1.024881257380659,0.0009742208981049785,-52.12577730756631,0.10196766398211028,0.0014645184085598918,0.00013804852115264466,-117.02305443777328,7.36536182124364
110_Wide,1931500000.0,1.0190297004650506,0.001410287337823441,-52.2139227886509,0.10754976363790579,0.0015483670621910016,0.00019843516960140313,-113.48811478384252,4.895284772981155
110_Wide,1931625000.0,1.0292924443966434,0.001999111269591744,-52.21525850597736,0.133179386122519,0.0015491663683262881,0.000208415842208721,-108.14630185254757,5.110910387649051
110_Wide,1931750000.0,1.0273994345900774,0.0019252301489068547,-52.725203779927455,0.11282172095201168,0.001481006310152208,0.00016069800219827997,-114.80277327164016,7.284029448293401
110_Wide,1931875000.0,1.033980620294423,0.0027070175590168033,-52.21548035594945,0.0851987544066185,0.0015025651435435201,0.00013233708701427966,-114.12039971695425,4.338287529735678
110_Wide,1932000000.0,1.0248197838055442,0.0017090186597264788,-52.0079906587741,0.11427235732025612,0.001526828188976745,0.0001744295499199734,-110.46737485560624,4.540451990123239
110_Wide,1932125000.0,1.0394092756112152,0.001830729330170744,-52.6739940462011,0.11752534287502184,0.001598945270829902,0.00014418234058202867,-116.95917342853824,6.297457731487179
110_Wide,1932250000.0,1.0281073188150927,0.0013307212722857582,-51.723249978025194,0.10377276452645891,0.0014664171920054769,0.00014581641171740583,-107.43825255247071,3.035794639427692
110_Wide,1932375000.0,1.030154742477154,0.0017201514136467345,-52.38940700534873,0.12646768566539673,0.0014828109373966627,0.00020288853246592446,-114.70385349594756,5.83456177672589
110_Wide,1932500000.0,1.0398328303667115,0.0012391735262281133,-52.35702571902743,0.05866477567592336,0.0014772223018729113,0.0001510620203705699,-115.11982880674803,7.486018518055717
110_Wide,1932625000.0,1.0328258774688168,0.0022239570841982247,-52.33025030935339,0.11477915523154493,0.0013959590035489894,0.00012984051725659166,-112.79524209108479,8.298894429044473
110_Wide,1932750000.0,1.029750634175777,0.001968373298360398,-51.464596009767355,0.07791532566711566,0.0013442197950673989,0.00018089043340239116,-113.85315244349165,5.90053731194051
110_Wide,1932875000.0,1.0508956144867705,0.0017723197006998483,-52.576611872199045,0.06426945580137845,0.0014202640682412185,0.0001837489990028081,-116.52175431891598,6.679200817160692
110_Wide,1933000000.0,1.030058389997004,0.0010416188284353657,-52.60275868736193,0.11053340335045225,0.0013928756730187096,9.748251166870023e-05,-112.8086420862534,10.776204153589788
110_Wide,1933125000.0,1.0425171901130832,0.0021617437030543806,-52.68384443643791,0.11141272883266294,0.0013581185024436955,0.00021658951452964483,-113.6836973864998,8.299768381834998
110_Wide,1933250000.0,1.0329693185418327,0.0021256124917151888,-52.35277643911766,0.08522959865685148,0.001484774186456552,0.00019440739637553877,-113.67363392173357,8.030381482065415
110_Wide,1933375000.0,1.0456137842706679,0.001508443785588299,-52.17211867023597,0.07226590405628157,0.0012794994076239317,0.00022736945532106492,-106.78220771545469,5.078199737233873
110_Wide,1933500000.0,1.0422458043843503,0.00192212701542662,-52.7567848723046,0.07409234735092529,0.0013145982866968914,0.00020444812309185177,-119.14701199353901,6.300118203917482
110_Wide,1933625000.0,1.035399332977783,0.001695241265471934,-52.5801694287209,0.06046063121893592,0.001268057697929676,0.00015074507854847386,-114.72445025490627,8.270761938654054
110_Wide,1933750000.0,1.0360110739305448,0.002182388095425277,-52.63678144615639,0.1201361254182756,0.0012674861065440932,0.0002391499819292715,-114.32995552582462,4.63078589700682
110_Wide,1933875000.0,1.0437191177645162,0.0009258352911830963,-52.82497170380125,0.07264973564169036,0.0012380154240302912,0.00014694868057767168,-112.13535758822897,10.818258789869581
110_Wide,1934000000.0,1.044061546306281,0.001720620996710051,-52.60966191267112,0.10731400745257089,0.0011839495596875434,0.00019488256388330212,-119.48552281838147,8.980702072176948
110_Wide,1934125000.0,1.0335954715417512,0.001860590746858939,-52.507237799518556,0.1148149944492566,0.0012228075711218592,0.0002437389137665264,-119.37876843012724,4.560130673708709
110_Wide,1934250000.0,1.043162330877767,0.0019882537938589553,-53.269112521878846,0.07320938344612768,0.0012370100882982864,0.00026810445904642643,-117.62572809748293,6.125202996697768
110_Wide,1934375000.0,1.0432343559775965,0.0014261376942292594,-52.70284471384178,0.04779545529643731,0.00132633526748648,0.0002532256877421549,-117.03282609020376,7.150298519887118
110_Wide,1934500000.0,1.040866005504949,0.0016000473526777263,-52.531492523440626,0.11547446877192118,0.0010882378412218172,0.00015852831652153152,-120.42110022969997,9.576407261565802
110_Wide,1934625000.0,1.0548919646128287,0.0021060250931556578,-53.195920882740026,0.10687001858182897,0.0011324440974104409,0.00027704281556802356,-123.07765699160902,4.95643264996229
110_Wide,1934750000.0,1.0421558326185056,0.0026899784752977074,-52.32554819097079,0.12430091517806324,0.001050355606220503,0.0002002530018810658,-118.13143561742127,10.274258326922427
110_Wide,1934875000.0,1.0327171893163205,0.0014208031979769191,-52.82510618273204,0.08066902954721322,0.0011171274668465346,0.00014058850030912595,-121.54428468530361,9.101718797238064
110_Wide,1935000000.0,1.0301330195169431,0.0015175928008503618,-52.96571244967978,0.10506059115350336,0.0010763885361915956,0.00016050601733121688,-124.37293967706056,11.293488634653253
110_Wide,1935125000.0,1.0389228228739977,0.0011431771112501838,-52.617807117624324,0.09774916991078299,0.0011441106756801326,0.00014932332532818478,-118.59159465149848,8.26908785697434
110_Wide,1935250000.0,1.0336456628986468,0.0012598877888696913,-52.84113860921723,0.10726750493359269,0.0010495438363944392,0.0002050231970543003,-121.41759956339922,10.469344639737436
110_Wide,1935375000.0,1.0541307920364869,0.002027143878968871,-52.998592128833,0.061223512827360826,0.0011558020929526988,0.0001829225220828638,-123.17037240658559,11.069253773438716
110_Wide,1935500000.0,1.0383474288790249,0.0010705222893054654,-53.55746961343326,0.09507618989035341,0.0010531254510192153,0.0002488349169303302,-126.82028258380022,11.589330668829836
110_Wide,1935625000.0,1.0412869404051461,0.0016133620137924807,-52.91438648424553,0.12472917266676517,0.0010183454291849085,0.0001426391019158893,-121.24254823433466,11.065543464345389
110_Wide,1935750000.0,1.0452653370854152,0.0020931897424101838,-52.77382132929646,0.08095624769675837,0.0010227203556511457,9.093217385555853e-05,-121.36677816509155,10.756857544747984
110_Wide,1935875000.0,1.043855804744182,0.0016599693488959409,-53.30919120663752,0.08375309921217443,0.0009595520457621236,0.0001815334904225885,-124.80864588038315,10.534856174185746
110_Wide,1936000000.0,1.052518315693387,0.0011037208133695684,-53.16642302378601,0.08298009971390125,0.0009288255193083459,0.00014311106898512107,-127.1332316547057,7.12571316645561
110_Wide,1936125000.0,1.0357527228735932,0.0018205094809292228,-53.70791197516151,0.1213757370148142,0.0009992005420876836,0.00010740056667783147,-125.0050967728078,9.675045928751523
110_Wide,1936250000.0,1.0229665066320421,0.001300310144236696,-53.240425752831314,0.07188327520853932,0.0009229298705781729,0.00014381163378306057,-127.87473294137556,12.785118262920939
110_Wide,1936375000.0,1.053607362084244,0.002368703979570045,-53.269646311662875,0.0913716920445546,0.0008888442171785219,0.00024983826204915175,-125.69171724240908,11.69015194857783
110_Wide,1936500000.0,1.042948300715499,0.002362152692629502,-53.29143931262043,0.09492345762667911,0.000913244568442521,0.0001607613751422265,-124.88646397794099,13.38946158720808
110_Wide,1936625000.0,1.0481057157783864,0.002113773185058141,-53.542346615392354,0.06777909906308967,0.0008951494008106976,0.00011479667673626131,-126.44223127374387,9.716597250474727
110_Wide,1936750000.0,1.0430239383080324,0.001496775903830334,-53.511221012330054,0.0770220703673936,0.0008213346119545269,0.00014683022504556248,-131.58559623086308,13.459012648018396
110_Wide,1936875000.0,1.0521351172464168,0.0016167060196725569,-53.69615672542379,0.0899163389963827,0.0009210988665425389,0.00020858686700574375,-130.83266003081064,8.192865292359023
110_Wide,1937000000.0,1.0426993535921603,0.0009784551375908658,-53.28503554224382,0.0841259137538672,0.0009603571684654043,0.00012032176227137883,-127.35312301588678,10.888307982592082
110_Wide,1937125000.0,1.0433914521692984,0.001873608232728673,-53.1865446425149,0.12332261454597279,0.0009219524998872722,0.00024319012331587895,-140.67510776693257,11.307648629867062
110_Wide,1937250000.0,1.0502296229953991,0.0016927153957714634,-53.40291008964733,0.1172729331549631,0.0009537917287275403,0.00019060202920838555,-130.8486902020529,10.042977097472765
110_Wide,1937375000.0,1.0501722271273009,0.0025223376292076776,-53.549883864165295,0.07926513309273824,0.0008991192597249148,0.00018715623742343755,-132.14638377699941,8.77258797590985
110_Wide,1937500000.0,1.056516536037488,0.0019858860277585286,-53.17126075079974,0.06608431904062653,0.0009518246313063722,0.000218527467075283,-135.66409824862717,6.205633334561132
110_Wide,1937625000.0,1.0437421878687962,0.0010893246634406078,-53.3289378763279,0.06621783440507208,0.0008928475499974529,0.00018072036677428856,-131.8651582011092,12.821888814395951
110_Wide,1937750000.0,1.0560237766426568,0.0012932847938139321,-53.71462775182154,0.12983968645949415,0.000832056861879828,0.00014621108066450794,-129.14265701892054,9.427685347451455
110_Wide,1937875000.0,1.0401867909725535,0.0015325523090989036,-53.50650805091301,0.07831233370989166,0.0008705745584341413,0.0001436590061391406,-136.33514041487086,10.79756078250075
110_Wide,1938000000.0,1.0638658462464208,0.00139183611710894,-53.32919699720902,0.09029780827071811,0.0010059253911971389,0.00013696275827331444,-134.41942094004895,11.45689935946108
110_Wide,1938125000.0,1.0576108774251336,0.0018333998739708506,-53.64689479111988,0.062215494885131534,0.0009247465574013783,0.00017379825867745355,-134.60003670590953,11.59345655348158
110_Wide,1938250000.0,1.0525907413727318,0.001972490243974513,-53.98181795766254,0.11278048426487113,0.001065636388084694,0.0002639113000294487,-142.17778658371284,10.618182964613123
110_Wide,1938375000.0,1.0520817914133873,0.0018129614992210873,-53.80059771053094,0.08678249046649772,0.0008878049843934906,0.0002411956474079342,-135.0259738762131,9.196850883500852
110_Wide,1938500000.0,1.0535058747448427,0.0026239436156464927,-53.1320227089375,0.07372256794815299,0.0010164786383013505,0.00013186311839766358,-132.07954025488974,11.567786007781885
110_Wide,1938625000.0,1.062496598984217,0.0017064340080170247,-52.87575201583203,0.10641916037367498,0.0009116188176089782,0.00017973380139510732,-142.31994926577642,4.5358114481483796
110_Wide,1938750000.0,1.0617220541488703,0.0013796919123648008,-53.691336966410226,0.10356248687856186,0.0009805716273764886,0.0002271446879009521,-136.8741798196969,10.685946282589992
110_Wide,1938875000.0,1.0618558922705599,0.0018426694299278794,-53.40444243328628,0.09346070199760556,0.000934171998211721,0.0001737439758040356,-140.25244952743884,12.329787811366604
110_Wide,1939000000.0,1.0625574997394662,0.0013800859982614547,-53.18213790733834,0.10901650462287506,0.0009609123391556623,0.00022886289714828858,-138.85449226116287,11.288098201744743
110_Wide,1939125000.0,1.0623445545432986,0.0013879957571725056,-52.87555310980359,0.09384333526037689,0.001029165552936289,0.00017350486817425923,-144.40360636938888,9.243206001991346
110_Wide,1939250000.0,1.048064205007682,0.0017944452278925577,-53.30095045774185,0.053881136569156184,0.0009414601311190185,0.00016441402885018539,-136.0766201290747,8.755639624847978
110_Wide,1939375000.0,1.061603720121687,0.001973892070472633,-53.01613032693699,0.09551891882323628,0.0009711729781743932,0.00017816806159875123,-151.43162162287067,10.558948830590014
110_Wide,1939500000.0,1.0571878577581517,0.00185100794278657,-53.20796975269583,0.08130198304271627,0.0010655951791372575,0.00016824866084134957,-141.0672824095037,12.39140440025804
110_Wide,1939625000.0,1.0592805924339235,0.002457224645092277,-54.01119093032631,0.1428466291980382,0.0010084739303464001,0.00022265666846485533,-139.67104563812913,11.07203645462964
110_Wide,1939750000.0,1.0651466714989815,0.0013196665399958568,-53.511830894064815,0.09042384212937332,0.001069169738700283,0.00022095965417547847,-141.60821410882374,8.418686775476393
110_Wide,1939875000.0,1.0649766895218695,0.0014392543600275937,-53.646803861509795,0.09560493239717352,0.0011176382410659495,0.00015594660773400246,-136.83022705599728,14.29743749968403
110_Wide,1940000000.0,1.0542892805035748,0.0017821527967293881,-53.06847628617731,0.08820470262345778,0.0009791309690626235,0.0001306365098909592,-137.96325075771182,16.152864150662147
110_Wide,1940125000.0,1.0622110376673013,0.0022256552830394703,-53.367815246707735,0.104860317563409,0.0010732990517326037,0.0002352370151213281,-141.12820211037953,7.615883982571187
110_Wide,1940250000.0,1.0516813614505112,0.0018091426175262874,-53.42073641847557,0.09324961232920469,0.0010818626516310378,0.00020686263687834573,-138.63115486625156,11.931081663992858
110_Wide,1940375000.0,1.05566952275553,0.0016155221388431517,-53.2985534410236,0.11394012388239477,0.001132430791544756,0.0001756446638811352,-134.56742532105255,10.269330055462525
110_Wide,1940500000.0,1.0569592928452798,0.002898211253855066,-52.98959888358729,0.07896735474836332,0.0011250743488614519,0.00016423844065157332,-140.83190653729054,12.699219802046798
110_Wide,1940625000.0,1.045189291594581,0.0020805017205963016,-53.06628526167984,0.10713529963088578,0.0010656532287214818,0.00020530427531041667,-139.04699418280748,11.187994367740759
110_Wide,1940750000.0,1.0525988343018509,0.0017539661720502111,-52.9402426390855,0.08392695651852793,0.001075974349377401,0.00016356762431270065,-139.89859241824615,10.742752522178614
110_Wide,1940875000.0,1.0581175554966,0.001373244146577745,-53.29538186008605,0.08474065477616106,0.0011971222544484685,0.00020788621094567898,-139.16064490962324,5.93997891718439
110_Wide,1941000000.0,1.040371644725592,0.0033051291242884983,-52.61353991010118,0.08117730183011486,0.0012076774329816584,0.00012370811033904044,-136.31008766107672,6.7835582225393685
110_Wide,1941125000.0,1.0604206539572663,0.002370484313593111,-52.94988662005396,0.1400556814109497,0.0011117055687084772,0.00021388776510052542,-132.85034609423607,12.900261127837307
110_Wide,1941250000.0,1.0326067287876963,0.001508407583839994,-52.48096627908592,0.05775255942195819,0.001151061718208531,0.00016357935379370864,-134.61326811321746,6.50277691599909
110_Wide,1941375000.0,1.0400704066636592,0.0014252689428064637,-53.48741930242079,0.10377007895049205,0.001277466109949065,0.0003049543778018304,-138.0487320338482,10.755840229956963
110_Wide,1941500000.0,1.055897231132962,0.002079365482319193,-53.40608073010667,0.14169146577869488,0.0013279590494896874,0.00029744066093597706,-138.8779894203918,10.186098392837193
110_Wide,1941625000.0,1.0414517493055668,0.0019521427916991915,-52.71694945238978,0.062066140757411466,0.0013146625412543149,0.00024967589511740986,-135.1701583161421,6.337830771960573
110_Wide,1941750000.0,1.0417822419247762,0.0015650818930057588,-53.42369224341935,0.08914613927940172,0.0012555154648033729,0.0001935817678362103,-139.80000896792484,9.006303999048695
110_Wide,1941875000.0,1.0485277927834054,0.0015533063486172511,-52.656506450919416,0.06595646504769298,0.0013187916595113849,0.0001532553778663105,-137.1007454829441,5.984449696746535
110_Wide,1942000000.0,1.0487489702883483,0.0011816394254920233,-53.20352461372933,0.09075919501743854,0.0012846538692229143,0.00015091858628139433,-131.87551980140012,7.867228134180537
110_Wide,1942125000.0,1.03987286286296,0.0015695193122033642,-53.345299467762686,0.11135587074769092,0.0012637024214251704,0.00019694169209605303,-136.51385954462958,6.569178097547799
110_Wide,1942250000.0,1.0433056687468798,0.0011281229370329047,-53.186773020332666,0.1395664189506824,0.0014052777481777833,0.00023161663448071916,-137.29304362937458,6.903568544564201
110_Wide,1942375000.0,1.0318140399327702,0.0015399444554997465,-53.36541971035856,0.1320894094359131,0.001333660139995544,0.00020305239916146677,-139.8252070573435,8.40714584494445
110_Wide,1942500000.0,1.0403136152683492,0.0010372087006614275,-53.22305911087805,0.11053545865393596,0.0014211719364720964,0.00016554774608548597,-132.17992786651087,7.870722502138947
110_Wide,1942625000.0,1.027770864316215,0.0016600639388194885,-53.99629439950105,0.09214040631888573,0.0015122931886561383,0.0002055110118671916,-133.85515185068783,4.051158424363902
110_Wide,1942750000.0,1.0336857623120226,0.002008677778856658,-53.59376763308249,0.15860617626226295,0.0015496445040612081,0.00017742593964513494,-131.9026939038138,6.763229281195896
110_Wide,1942875000.0,1.0382208716741523,0.001786753247625155,-53.42199732864712,0.08628174790891174,0.0015626729264049016,0.00016443828387523337,-132.87279860795758,8.328202947219232
110_Wide,1943000000.0,1.0482358820315785,0.00204394880527651,-53.68772002544546,0.11644251299379212,0.0014911353854662778,0.00016783382677201263,-128.65381924631617,8.552346234518575
110_Wide,1943125000.0,1.0242733928794752,0.0009279817667734438,-53.688030705828524,0.058545997043348855,0.0015708286353181505,0.00022378778336914424,-135.86827673138257,7.2271812482830144
110_Wide,1943250000.0,1.0281166037606306,0.0016484811699824604,-54.13408477471674,0.15218023129634486,0.0016477347012041322,0.00017583571345906047,-129.2364971811085,5.080877445275712
110_Wide,1943375000.0,1.032664382618564,0.0018410537905492932,-54.82993094478779,0.09230504608705256,0.0015905315574770663,0.00021661597002242875,-131.44620367271284,3.941589529602537
110_Wide,1943500000.0,1.0356346506303666,0.0013289993454879084,-53.82196270946708,0.0698138764064793,0.0016952332631692865,0.0002494357742645358,-132.466679147972,4.510515218843869
110_Wide,1943625000.0,1.0379644366850695,0.0018814760409870401,-54.13930307294957,0.08001705282575179,0.0017868765747536674,0.00017780832185560996,-129.11341184045986,4.642171345937664
110_Wide,1943750000.0,1.030194295886005,0.0013245759724527923,-53.8922272048883,0.12451667608504444,0.0017950233705670599,0.00014558450273395785,-125.99029877512729,6.177771591058497
110_Wide,1943875000.0,1.0285359131557517,0.0016797916730657376,-54.96377112443554,0.09936252178502447,0.001822312443590116,0.0001550958578663383,-131.03032138128074,5.358679845716748
110_Wide,1944000000.0,1.028550471752051,0.0012390205437057132,-54.631634218569125,0.08255903918601933,0.0019666417857942178,0.00015526286381156249,-128.32997186288154,7.310829625081323
110_Wide,1944125000.0,1.0392321623243765,0.0013410729824054706,-54.81927667616782,0.11086175873893038,0.0019661331063662462,7.579853207173091e-05,-123.66709574594861,5.981831079742265
110_Wide,1944250000.0,1.034214000784072,0.0016130862916356955,-54.88654786417708,0.05374811837342557,0.001979205064644406,0.00017580850646335428,-130.7718784577482,5.957616038586627
110_Wide,1944375000.0,1.025008198373221,0.0023815139001437725,-54.5399254144408,0.12828949543133222,0.002102718699373661,0.0001503461272867145,-127.57793518700903,4.559622171686896
110_Wide,1944500000.0,1.020332915711119,0.0013942127873704023,-55.240657756841,0.14395899401849357,0.0021796138843537412,0.0002357786848374483,-124.80371678144617,4.912552873464513
110_Wide,1944625000.0,1.030005886012128,0.0015745481925774913,-55.07397798349376,0.07454172729139873,0.002292618481280607,0.00021355378240756062,-125.24228428586177,4.746131478369568
110_Wide,1944750000.0,1.023933653822825,0.0019371923109822427,-55.99474583318856,0.10396023409455771,0.0023010558848371434,0.00012371844396917846,-123.79502580236642,4.471747556996633
110_Wide,1944875000.0,1.019967727366724,0.0013140901334021777,-55.157023384874826,0.1198444198851363,0.0024998168752527385,0.00010963016889906346,-124.8543446551802,3.4000828134367467
110_Wide,1945000000.0,1.027362628751022,0.0014606785265427833,-55.41259522104345,0.08719838455656816,0.002728194261188471,0.0002385780143745464,-126.27236448845467,3.964559939538955
110_Wide,1945125000.0,1.0328311026825159,0.0013565003125450056,-56.22284563512294,0.09481253232325747,0.002944941187961866,0.00021259028445485902,-125.28796610094045,3.446622543793415
110_Wide,1945250000.0,1.0364905849736248,0.0010500769824106438,-56.30027068055078,0.16226802095811402,0.003061148680423168,9.442775452515447e-05,-124.43092924870886,2.2004984770968794
110_Wide,1945375000.0,1.0291723145121527,0.0018530214620186343,-56.84985380605622,0.07332151411908099,0.0032744130066430462,0.00019350894193078882,-127.9342578818538,3.1757725824315433
110_Wide,1945500000.0,1.0315710499295905,0.001679863792244143,-56.64689548856479,0.1267344849942847,0.003606425636709156,0.0001903135819383024,-126.590171837919,1.3698462230616537
110_Wide,1945625000.0,1.0245859383706877,0.0011054152935300557,-56.5475099833546,0.08920826012476621,0.003980372483514851,0.00013454413316015145,-130.3334468770527,3.4461878399389207
110_Wide,1945750000.0,1.0345609168124694,0.0017485167895275957,-57.291113372033315,0.07545026603774356,0.004465264087753885,0.00022303832969315158,-130.95659955267317,2.8122087241370797
110_Wide,1945875000.0,1.0255139290685626,0.0011256844082668102,-57.41759657474098,0.07078556749312347,0.005150090217208173,0.00029277517469797955,-133.1346395901432,1.7979142408396593
110_Wide,1946000000.0,1.017201076761542,0.002417251800716655,-58.5048642003749,0.10696145965626425,0.006009726745216074,0.0001530962486413534,-138.20352343813389,2.3044890761531933
110_Wide,1946125000.0,1.0051819264075401,0.0016481210555823003,-57.97635638611652,0.08481299074840135,0.007515330428466188,0.0002144680906589994,-146.31032250573867,1.5758489867506271
110_Wide,1946250000.0,0.984578002253792,0.0013865667696517342,-58.336795486409464,0.12028295640698973,0.009409466374985744,0.0001960510145134842,-160.6403768655427,1.3783253003632965
110_Wide,1946375000.0,0.944112370744249,0.0021239551573107615,-56.779854690090524,0.10811384339124308,0.010892967596522498,0.00015542440461104856,174.40959361943655,1.3183846215048751
110_Wide,1946500000.0,0.9649593126274044,0.001386783004116091,-55.063588753945176,0.11675285139172813,0.010133419687490708,0.00013628554383929943,145.712194571585,1.0495838098183903
110_Wide,1946625000.0,1.0000574639063073,0.0019206439149944585,-52.83333358063894,0.09811391911166464,0.007709672510560818,0.00017640657125072732,124.29168254429466,0.8959944246717679
110_Wide,1946750000.0,1.0253203214117268,0.0011351384313356735,-53.02537498184112,0.0719927187654713,0.005706225278437461,0.00013333330705908496,111.45353225653506,2.1953318137265385
110_Wide,1946875000.0,1.038546236417849,0.0010620204896896045,-54.09479772934119,0.087892823433382,0.0042719696677777615,0.00015873529684597498,103.55818737035207,2.7288508689739635
110_Wide,1947000000.0,1.0448307715025273,0.0018054870912148754,-54.019464561914454,0.13603774880839994,0.0032534749457432187,0.00015203987213151834,101.05542532217346,2.8340351765746017
110_Wide,1947125000.0,1.0472035751203626,0.0020357921689038868,-54.687214920344005,0.07060738305180632,0.00256667866284137,0.00011099491190018952,101.20235939718864,4.469945447972727
110_Wide,1947250000.0,1.0534683796633595,0.001921980658444641,-55.11004458594477,0.09384990099226473,0.002075819739277435,0.00019888218885420633,97.02710140029328,6.328331589810258
110_Wide,1947375000.0,1.054010433398618,0.0016368138907082806,-55.287748381922725,0.09624650298060437,0.0017048453186964399,0.0002336404951872522,95.11843987497443,8.670055254449522
110_Wide,1947500000.0,1.0598898756634902,0.002386944715227009,-55.45953454365335,0.13132550612913196,0.0014400003255965802,0.00010712273192056003,99.06320939084416,9.122192097394336
110_Wide,1947625000.0,1.0613347686741366,0.000832245579664623,-55.28277421371312,0.11798701401996217,0.0012573816435807956,0.0002015587075112715,95.3153820748732,9.714051992700902
110_Wide,1947750000.0,1.0658038362519908,0.0008377170840817446,-55.68406608574168,0.08400632983038595,0.0008710216636012498,0.00020330268070702911,99.21983433144705,16.245851213726077
110_Wide,1947875000.0,1.0670870729473427,0.002496336906741035,-55.67673885613624,0.07571661078248083,0.0008516300425222508,0.00017243398979112788,108.4598741898581,9.227499108425382
110_Wide,1948000000.0,1.0603778874407217,0.0022939935095917627,-55.49766532317546,0.09190625056202126,0.0007320081185838507,0.00017375390935912765,108.89569278871573,17.400227741399945
110_Wide,1948125000.0,1.065728872983191,0.0020334706373733467,-55.47089077352404,0.15339584552139382,0.0005784334840927101,0.0001722538717737938,122.97845686655518,29.621182735311603
110_Wide,1948250000.0,1.069393386950763,0.0029422953180085515,-55.26489609418726,0.10479888641951723,0.0004690980704756701,0.00019617789237391715,122.67160707592554,32.66183692316101
110_Wide,1948375000.0,1.0816494235687277,0.001182800069640547,-55.46259096677873,0.1620963663743585,0.00045207535951970814,0.00019539574184993807,101.29181070096426,21.51329574127308
110_Wide,1948500000.0,1.069888428758218,0.001838535210507094,-55.401123926188326,0.065767493612746,0.0003696284990044752,0.00020190235636145175,63.69063055484126,120.53556936183915
110_Wide,1948625000.0,1.0656906244382072,0.0011116864919116576,-55.011005530513295,0.10246341548896645,0.00026292112478967604,0.00013771171554764717,96.91813414187189,96.89392075800679
110_Wide,1948750000.0,1.0643037064385203,0.002461903017442784,-55.56193070735972,0.0877497643280922,0.0002760763051473523,0.00014427470897737353,-7.922362545099448,147.36249589037712
110_Wide,1948875000.0,1.0704151964125976,0.001381385934740049,-55.571836546914554,0.13270828976234658,0.0003685530179928116,0.0001912166440927327,115.00724393835128,73.60289540824597
110_Wide,1949000000.0,1.071170803980496,0.001859949623763703,-55.264960110090485,0.13808606588653144,0.0002870840865784258,0.0001200768854996311,-53.27012942281463,132.95131661622122
110_Wide,1949125000.0,1.0681798461588268,0.0015810607435078085,-55.071471025361454,0.0681269434323047,0.00035605714793587466,0.00017727898976554573,3.7568154880847002,158.87946268455732
110_Wide,1949250000.0,1.076089392309681,0.0028070596033468883,-54.97754339889222,0.10154731416202521,0.0003313856402753224,0.0001432366296815532,-96.41586419569892,99.51772830907171
110_Wide,1949375000.0,1.070007695878982,0.0017149429463546673,-54.74632124993052,0.09669053561405382,0.0003369336599296793,0.0002602886211761971,-57.27754833618636,104.58919303495091
110_Wide,1949500000.0,1.0700246199689953,0.0009800031717987255,-55.1826663333391,0.1084429689397012,0.00031350329785409856,0.00021755736451958835,-53.176172215348025,108.07957616062792
110_Wide,1949625000.0,1.0739184472840408,0.001700085348281247,-55.26889321980163,0.13548372878835804,0.0003363748832590029,0.00013663364553690357,-90.16968782038695,82.58647407098135
110_Wide,1949750000.0,1.0719854004119493,0.0020712211664886252,-54.81968795141071,0.06730058827728634,0.0003316922999245396,0.00012668347514947813,-79.60013767123984,124.0196584216285
110_Wide,1949875000.0,1.0615494576652935,0.0018208266468386003,-55.20328889642714,0.07958174690696568,0.00039568329379277524,0.00017148024764063657,-92.51267995719635,80.44726662344449
110_Wide,1950000000.0,1.0545969625420513,0.0015427127637363193,-54.674897919716784,0.07246092677059737,0.00032047965393591944,0.00011174971623518319,35.351494543482744,140.13953780848612
110_Wide,1950125000.0,1.0556129318045686,0.0015425479907971145,-55.26490147529861,0.10395502135001672,0.0002951949180584838,0.0001415288092842534,-61.85395071480708,85.64622886897007
110_Wide,1950250000.0,1.0708519983844245,0.0017040250634869855,-54.98710176613013,0.12296462463265506,0.0004484425860656337,0.00017962162962298166,-70.26880766427387,88.94646431494917
110_Wide,1950375000.0,1.0713440779153955,0.0017665373337931703,-54.45883620934113,0.14178675821856201,0.0004741942750015411,0.0002511913626065047,-93.11841379036272,97.86066985591559
110_Wide,1950500000.0,1.075729715685518,0.0016403042186041775,-54.16332409134618,0.07975157775088655,0.0005213312391246253,0.00024170678986151526,-100.26051436919123,38.35018840796143
110_Wide,1950625000.0,1.0803213205825812,0.0016992809676400558,-54.47568384205388,0.08081800329878938,0.0005291217997573427,0.0001839897693048828,-109.24582869378058,29.249176664249205
110_Wide,1950750000.0,1.0543266925081853,0.0014559012992871208,-54.13597014452703,0.058811386694171956,0.0004245472558004955,0.0002304045199712586,-97.44003269378139,39.68602539540293
110_Wide,1950875000.0,1.067927078463588,0.0014687768787592275,-54.553681751708794,0.0906180456146082,0.0005506189238298848,0.00012889987020600003,-111.5523575109845,25.495491273985554
110_Wide,1951000000.0,1.0736023244049486,0.0019577739586317936,-55.01547218324666,0.07053022275800017,0.0005218683232390998,0.00020404200315878558,-107.137752144365,26.423736939844822
110_Wide,1951125000.0,1.052617721900993,0.0014686782120483463,-54.350571869000746,0.08353845699092333,0.0005818345368102294,0.0002458555821394775,-101.78287718575646,35.38275366643666
110_Wide,1951250000.0,1.0586202693798674,0.0021872746709107015,-54.41473219415486,0.06787898568885425,0.00046124836258548327,0.00023106385056800963,-103.55094832397381,24.35343519259738
110_Wide,1951375000.0,1.054290775733842,0.002736166436340587,-55.40713263475005,0.08626060578138506,0.0004985410972558458,0.00023483586647363527,-105.32854898513673,24.13864981905356
110_Wide,1951500000.0,1.0548947869136733,0.0017325389384092642,-54.744060109798006,0.09472698047138162,0.0005129214659998347,0.00014644242465027658,-106.3208751912906,11.403220480530672
110_Wide,1951625000.0,1.0582473092811049,0.0017928897108873826,-54.92794771062766,0.06838792469880368,0.0005652869348627855,0.00018910954708731143,-106.49634982803911,21.570253269853655
110_Wide,1951750000.0,1.06082011431748,0.002721348135858081,-54.696284475754965,0.16328909350307433,0.0004862983146439685,0.0002257921306065771,-93.90303689873046,19.606740571968345
110_Wide,1951875000.0,1.040855457910906,0.001201491147793738,-54.94471850927334,0.09673261612984711,0.0005878185941654989,0.0001753390844255082,-109.54527449360518,26.238805597172306
110_Wide,1952000000.0,1.0586317998682406,0.0018140820708249588,-54.87292883445345,0.08396755015945101,0.000518717180757709,0.0001577445023656212,-104.54496427539935,27.24383099927236
110_Wide,1952125000.0,1.0495190024728576,0.001374505688918419,-54.53027947507612,0.11804322394376912,0.0005744078090602094,0.00019541113479871008,-94.64733482375111,21.218787070344124
110_Wide,1952250000.0,1.0380855621287899,0.0018636320295914812,-54.797551700397584,0.14595303229359377,0.0006148339625533109,0.00016145781118592276,-88.7913534875268,19.235597600579112
110_Wide,1952375000.0,1.048775380776711,0.0012349896371647315,-55.23875600522346,0.10375548383932603,0.0005540267308481784,0.0002017879052567399,-109.19983206329316,20.677150307400225
110_Wide,1952500000.0,1.041404149138662,0.002334968694937904,-54.77264698044096,0.08536879327538148,0.0006402262681204289,0.0002183525908982941,-102.46202864789379,18.05621971161932
110_Wide,1952625000.0,1.035244157979466,0.0016524756124443954,-55.141450551889,0.14049347873328122,0.0005676916494307445,0.00013154845352181488,-91.14142788683237,15.573535137434863
110_Wide,1952750000.0,1.033061022647665,0.0012054730931793805,-55.117825068229386,0.08771717301786906,0.0005706680871383666,0.0002191427200584718,-104.85025457016128,16.33911799032123
110_Wide,1952875000.0,1.0377808137241362,0.002192595016001772,-54.91719153757249,0.0752737868556899,0.0006166317507395242,0.0002315228327494995,-110.20361787198385,18.825231333362346
110_Wide,1953000000.0,1.0380161031873452,0.0012676756034267712,-55.39584534388128,0.13364599383619247,0.0004727274680300214,0.00022616709323400097,-95.16224074413829,28.907300805637803
110_Wide,1953125000.0,1.0448106847610137,0.0020763686286490507,-55.12750058491669,0.1043416579978014,0.0004557504610160185,0.00016075200091555928,-82.61098100062743,12.457079787780062
110_Wide,1953250000.0,1.0437793309956587,0.0015824827423301113,-55.15542510057944,0.09129288574865468,0.0005754805482248381,0.0001278042740959795,-91.46895890670083,18.55242011315413
110_Wide,1953375000.0,1.043700346522381,0.0018615045636912778,-56.447843880886,0.0929470557770933,0.0006004876361329703,0.00016893514588075875,-92.76151129076004,27.409862831512875
110_Wide,1953500000.0,1.036584330448363,0.002365793773693349,-55.96573075001916,0.1373625357236072,0.0005147656700679224,0.00016586826360826578,-90.55145277543218,14.802825742153473
110_Wide,1953625000.0,1.0385759981506468,0.0012704353318650828,-56.78687949630023,0.11727105653259749,0.0006641972736743599,0.00016444985792214275,-93.62456809127671,24.00659444027948
110_Wide,1953750000.0,1.0390853255127976,0.0015190442426351056,-56.8101097700784,0.09000638753434906,0.00050306133091857,0.00023904631637571523,-79.43613195088685,21.437578239598754
110_Wide,1953875000.0,1.0302488329460113,0.001381797416968054,-56.17264967684808,0.07866738950418427,0.0005773577043722695,0.0002209094968592313,-98.85379157083601,18.852469042337436
110_Wide,1954000000.0,1.0378000678287234,0.0019676594301712047,-56.925499103656186,0.09990104840580667,0.0006049520665219265,0.00014477315763306432,-101.82540181673163,21.56220729261239
110_Wide,1954125000.0,1.0420959555058527,0.0022589522207001026,-56.26591925885499,0.10714737352330526,0.0005402703253739063,0.00021035899498435585,-90.31117943972765,17.45995915290618
110_Wide,1954250000.0,1.0306536507877346,0.002113343665342242,-56.59991071505199,0.07121344498324038,0.0006502432207250154,0.00021101956922563777,-100.59977793644315,14.139157804741782
110_Wide,1954375000.0,1.0311268840178944,0.001842890956046331,-57.624826210600006,0.10273472403361607,0.0006268773787012483,0.00019496703642521237,-93.39016696488429,15.485312071730679
110_Wide,1954500000.0,1.036148144128238,0.001481377811663267,-57.446021409006775,0.060831266749858275,0.0006076890162974174,0.00020771964886543708,-86.5012207802813,18.363011894515584
110_Wide,1954625000.0,1.0473590452010684,0.0019805388630732123,-57.83125452035284,0.1326284567544632,0.000604286208099313,0.00012927025691046018,-92.18428538757175,27.112591011504712
110_Wide,1954750000.0,1.0309014293846426,0.0014465227851914227,-57.69499487322274,0.12644474331567604,0.0005278456758895645,0.00015484651311573123,-90.73917390320007,23.904326573544726
110_Wide,1954875000.0,1.0393438213461308,0.0012115067019952907,-57.57730440875527,0.09910293478508887,0.0005485701660146378,0.00019775115971289568,-93.62377370749793,28.63868983336978
110_Wide,1955000000.0,1.041705286559557,0.001907927635836922,-57.24899765074435,0.11025713387610818,0.00047950336267502244,0.00019199037233978494,-74.37093033978259,25.94215344423802
110_Wide,1955125000.0,1.0507885295536143,0.000636150248941505,-57.07373665646572,0.12345950465603003,0.00047579517988641907,0.00011986625871979595,-83.94511094685761,20.949577870525292
110_Wide,1955250000.0,1.0339357787937575,0.002106431560278415,-57.86957995863504,0.06260334300094204,0.0005445470208986155,0.00020774390110120036,-88.15695887106321,18.124285341949616
110_Wide,1955375000.0,1.0595046582301095,0.0018426585693387034,-58.03313895422187,0.1546768911258045,0.0004700004371999291,0.00013020605023570826,-101.51919525514471,22.22553763135376
110_Wide,1955500000.0,1.0475673463813644,0.002347827263055091,-57.93021890341428,0.1068550008102348,0.0004855168253043471,0.00013019223705652329,-97.8736581939227,23.288721018476167
110_Wide,1955625000.0,1.046786489049867,0.0015478354584326649,-58.12584606053723,0.1075790429533985,0.0004990583809552829,0.0002344799536076779,-101.19693352597974,23.344814310801702
110_Wide,1955750000.0,1.0517567977437823,0.0015969699902739797,-58.24167482086617,0.09548628832077645,0.0004585427642268007,0.00017388861309434236,-100.82108047125716,13.753319395427333
110_Wide,1955875000.0,1.0497258930767113,0.0024068322892522903,-57.522564248336934,0.1196340751356656,0.0005601604615202234,0.00022036678734689216,-92.20654473636202,23.86619802506362
110_Wide,1956000000.0,1.0489256945246066,0.002288496160809275,-57.45190000503441,0.08232251214997535,0.0004401255201258689,0.0001342184305238433,-87.88991356668997,22.33615943887849
110_Wide,1956125000.0,1.0546780423158588,0.0017848821827369577,-58.125418958463854,0.12478659496455985,0.0005755603110261032,0.00018895204430539666,-65.497458802359,83.13144398904419
110_Wide,1956250000.0,1.0565105918293747,0.0010762943082807818,-58.87897735017631,0.10732475172070036,0.0003985817325640935,0.00019785366271311196,-89.0798984635744,28.091692731625983
110_Wide,1956375000.0,1.052469081280315,0.001657398316273069,-57.901925393764756,0.12328303056618867,0.0004043042319190032,0.00012919508893105954,-93.73008723191636,24.468951180989237
110_Wide,1956500000.0,1.072083577461005,0.0016471387824027004,-58.26626662689317,0.13258840601167854,0.00043654573408957584,0.0001863392507194883,-97.21091895353808,34.9707001789997
110_Wide,1956625000.0,1.0579051631316476,0.0027720877162739016,-58.42985560441081,0.1067716495115524,0.0003738467490308942,0.000163563285369174,-80.96292726247513,24.31298853237854
110_Wide,1956750000.0,1.0636776782318325,0.0019415325393081241,-58.38749939678239,0.06643152849295161,0.0004527378379586406,0.00014131150062781639,-101.02863982617954,33.256320607747455
110_Wide,1956875000.0,1.0695978898656868,0.0011970371122687297,-58.20613747653535,0.13641948248866828,0.00042151094121245384,0.00012725628908309252,-98.07818691470716,20.512964486617253
110_Wide,1957000000.0,1.0796593498226417,0.002530530742521672,-58.2751485732608,0.10498679286643092,0.00045536987589984756,0.00021925255977214923,-89.95084137305327,26.389557441990018
110_Wide,1957125000.0,1.0714265628138149,0.0014871671135302381,-58.790246457060114,0.12101912522431446,0.0004823134996336262,0.00022692357249499845,-55.58808385610182,93.36372886722023
110_Wide,1957250000.0,1.064103568108762,0.0020816552716670265,-58.51088240504731,0.08958360061028643,0.000433655847410549,0.00015131541613775347,-81.53640440998811,81.02937348562024
110_Wide,1957375000.0,1.0760255125405267,0.0013570829672934603,-57.95392930036398,0.1246920103313446,0.0005527323764942527,0.0002000202582792903,-91.17352779191985,36.65053267082069
110_Wide,1957500000.0,1.06552835238087,0.00241890669839116,-57.94243596599737,0.11265958135905521,0.0005002610796161861,0.00020847882245950266,-93.84928893175397,22.45933635896752
110_Wide,1957625000.0,1.0719166651260104,0.001691441992251355,-57.93565295575746,0.07695133958750326,0.0003840987538233248,0.00018854684747686624,-82.206418182509,45.78668973865125
110_Wide,1957750000.0,1.072417637290608,0.002217695007768966,-58.170856657936696,0.0981068569216729,0.0004401608828861829,0.00019307304554381493,-95.2958400905934,11.082776583620754
110_Wide,1957875000.0,1.0674988169649668,0.002062453697464323,-58.11214949401427,0.09715110398308702,0.0004199799709020854,0.00013823269815602807,-86.96773855687312,26.497731164142103
110_Wide,1958000000.0,1.0797443571324516,0.0020765986010519207,-57.87133518282257,0.1083543470829201,0.0004105876111276195,0.00018499489972109974,-116.15978574505404,28.57587974080495
110_Wide,1958125000.0,1.0761117243415579,0.003092440626224461,-57.513363317887766,0.09262818264409078,0.0004044333166548423,0.00017905017359066798,-96.31682151554347,26.2612785356143
110_Wide,1958250000.0,1.0765749066937256,0.0016416567018497277,-57.63621698881008,0.06020481306676861,0.000495368002655073,0.00021214984812896435,-126.1840385729179,17.98614320476609
110_Wide,1958375000.0,1.0696452804286014,0.001689334746614002,-57.71960923929529,0.1327011461032026,0.00037988152438452326,0.000114558342606412,-108.10278217031608,26.18028467103444
110_Wide,1958500000.0,1.0823854974693021,0.0022889901325908466,-57.44988869892726,0.12565162716051906,0.0005995904038709803,0.00015907252203174328,-88.5085521443717,19.445454658275434
110_Wide,1958625000.0,1.0808789179246872,0.0014880845719652182,-57.92633484740728,0.11908353587221082,0.00045870422346592094,0.00018239275897179822,-105.0778893250736,28.813019208591506
110_Wide,1958750000.0,1.0839431670159791,0.001718680909497586,-57.548366768655775,0.10148522084289552,0.0005598873440390298,0.0001727792072716971,-100.66472261681051,22.010699158303453
110_Wide,1958875000.0,1.0760537075820502,0.0018810055361763423,-57.95319860632967,0.0891838963927493,0.0004960944103910624,0.00019745768208623778,-44.02460133402476,93.10987318756398
110_Wide,1959000000.0,1.079135515842789,0.0017459693121633698,-57.026514223898666,0.1018079254402146,0.0005581414362887723,0.00015997159628882132,-111.70909033892903,30.07822602320811
110_Wide,1959125000.0,1.070076702061595,0.0013242574519710848,-57.173995218506164,0.09133181067273703,0.0003473569617325797,0.00018021640105538158,-84.42872553086416,36.061279027560005
110_Wide,1959250000.0,1.0874133451819143,0.0010507057888923211,-57.204142353857016,0.09946719943540455,0.0004618306999501727,0.00014466398831592447,-102.30537482455519,37.71822616859404
110_Wide,1959375000.0,1.0720139054973041,0.002331895005843025,-56.85353453612181,0.12058961895306824,0.0005197286807762072,0.00016455610459947212,-110.4643011928158,24.456111013128872
110_Wide,1959500000.0,1.0735992271312338,0.0018429634024880476,-57.028975212557654,0.1227570550404757,0.0004973789808619621,0.00016237929793668749,-95.71486215561931,17.15118967695507
110_Wide,1959625000.0,1.0780305737245175,0.001247667246461258,-57.46309174590155,0.08071068504583033,0.0004539454689231741,0.00010555744705389891,-123.96917749365046,27.691064327746155
110_Wide,1959750000.0,1.0631585859918895,0.00169804903263406,-57.57350951790698,0.12398684843255976,0.00040596100759549697,0.00013300911305909013,-109.80944193822286,24.37914525184232
110_Wide,1959875000.0,1.075334561263386,0.0021037224617598874,-57.588613556844784,0.10416464267720373,0.0005100289955045213,0.00021277823091948587,-109.632493331593,26.74541972989554
110_Wide,1960000000.0,1.0713970952979115,0.0024916622259089217,-57.01270502255882,0.10560130816418346,0.00039058662330616125,0.00013869279592172883,-115.78264097323253,25.054938834583627
110_Wide,1960125000.0,1.0590184116293158,0.0022949883440395963,-57.467868558992485,0.13367808425696986,0.00039780162514556274,0.00016818819196059618,-120.41238358466825,30.053022285028135
110_Wide,1960250000.0,1.0625725644752668,0.0024628255911709183,-57.109343293294856,0.0891677510834753,0.0004560225128312218,0.00013544841546729225,-103.80206833023824,38.95270360158964
110_Wide,1960375000.0,1.0709896466262492,0.0014297579346589549,-57.11416392485875,0.1351665481722933,0.0003903686285705304,0.0001584414881786718,-64.68356099101587,95.84770528611038
110_Wide,1960500000.0,1.0630288120080937,0.001440312068914847,-57.214786414383035,0.10798688158024344,0.00040440691711867815,0.00018225886607760742,-74.51938484253765,92.2107009902359
110_Wide,1960625000.0,1.057299904312602,0.002540493347251873,-56.98208313577645,0.09312990853587975,0.00046127929464794036,0.00018388669298391384,-100.79539054104632,23.935371646193055
110_Wide,1960750000.0,1.0430872383053924,0.0016742589931837493,-56.99306630901208,0.0828804945120436,0.000517384969392831,0.00013691624459064478,-107.80920579140097,19.89808578578086
110_Wide,1960875000.0,1.0547084412867722,0.0019220494019846922,-57.49080582009489,0.10826136832008754,0.00047566736174425037,0.0001073986962874911,-104.54836545852729,28.285912350186763
110_Wide,1961000000.0,1.0490936915035178,0.001346060901172586,-56.72524623942597,0.08724552228093502,0.0005380856727508337,0.0001885645027226129,-121.80315487632457,15.75894227383568
110_Wide,1961125000.0,1.0648189870838658,0.0012760474911623536,-57.5229159734637,0.09762312810136502,0.0004980018898566114,0.0002069658981313223,-84.84643589676683,95.43598232740115
110_Wide,1961250000.0,1.0487336352275571,0.0016787069168982852,-57.963935672187645,0.17348480322374998,0.0005339280158555289,0.00013881675806472682,-111.3665254563011,26.005402160602895
110_Wide,1961375000.0,1.051886319774339,0.002598364291469255,-57.74586843121886,0.12371802441783912,0.0005102935863172439,0.00018408036647588847,-99.94302728384041,40.4707032593698
110_Wide,1961500000.0,1.0405768425426891,0.00199337858208828,-56.96531832451984,0.12196074701042858,0.000438527437868367,0.00024391154383775576,-116.24214345665453,16.544171963355108
110_Wide,1961625000.0,1.0552157831739912,0.0016071190862056398,-57.81472058040174,0.07449716330462829,0.00043881771763100544,0.0002662834949814195,-88.21124562225029,75.77725369448628
110_Wide,1961750000.0,1.0372993352166349,0.0015419648832532564,-57.60133933923089,0.0996243547157415,0.000524167601213959,0.00021207676868854192,-115.71919252965127,19.479215256723055
110_Wide,1961875000.0,1.052563924920483,0.0015574090825712778,-57.88298270871793,0.11921274579574254,0.0003896378044946566,0.00017364322277915728,-104.83075299438826,36.2429231325655
110_Wide,1962000000.0,1.0400472676694006,0.0018989790317168738,-57.7398283724409,0.07118350159902441,0.00047507008388499516,0.00017174700883629601,-101.24078361785428,14.073998527405195
110_Wide,1962125000.0,1.0409212727750614,0.0019601353244624834,-57.78958282335492,0.1011927957869821,0.00042909785644646277,0.00022893900918974328,-102.2461258025313,26.83433997677409
110_Wide,1962250000.0,1.0422305997996555,0.0018856019082503295,-58.37883316452126,0.05442409129622348,0.0004986081629988299,0.00012219249058120776,-113.13187461991944,23.313520697410063
110_Wide,1962375000.0,1.0451705917973648,0.0021105096397495654,-57.71291444343773,0.12481393721272951,0.0005812950236584661,0.00017258662000724215,-106.46100042398712,17.291430018852
110_Wide,1962500000.0,1.0442176600584139,0.0015562876086466532,-58.26322228401962,0.06528497407510941,0.0005537696251713953,0.0001453759178491443,-118.43042327386192,23.87761086476796
110_Wide,1962625000.0,1.0356206834258819,0.001297797705809448,-58.18054599687264,0.12677128321721787,0.0005433623284085809,0.0002134380103947079,-106.77767289703064,22.427067224635657
110_Wide,1962750000.0,1.048615573175787,0.0012370133034629342,-59.14414363584916,0.1417327984319427,0.0005907105212811262,0.00018344510374555646,-100.30551795675113,22.90173631193781
110_Wide,1962875000.0,1.0318715144027721,0.002329755128489417,-59.22363081384493,0.0972807954111797,0.0005454736410137294,0.00020291282706174854,-104.18641382342695,33.46851746997708
110_Wide,1963000000.0,1.0336968485885412,0.0015388928300474802,-58.04303528521133,0.07696898348847322,0.00038117085702942704,0.00016505375462997254,-113.31551486534822,25.657463421620424
110_Wide,1963125000.0,1.0330220780338844,0.0020078858125760365,-58.908791699361295,0.1097155821208815,0.0005295439756397326,0.00017187662070220646,-111.4543867856696,21.878984898656395
110_Wide,1963250000.0,1.0397775729592562,0.0023815508419826274,-58.62550055023468,0.11383583920053117,0.0005008470161459436,0.00021290611133442138,-107.47570186914339,12.12258317249071
110_Wide,1963375000.0,1.032458825810941,0.0014447551718680112,-58.40923674214944,0.09955512508185527,0.00048058628348574104,0.00022766351836346795,-116.12914049388904,17.990842133855146
110_Wide,1963500000.0,1.0438337070412822,0.0024192691213472776,-58.43731825162673,0.12058306902481501,0.00048085802158997126,7.888328409115755e-05,-119.66640581483726,24.48997621743094
110_Wide,1963625000.0,1.0282819068332338,0.0016580814351818548,-59.52776640203093,0.10264425357279507,0.0004609797152243717,0.00015889424930918641,-115.28702000609667,26.570292206533164
110_Wide,1963750000.0,1.038580355979487,0.0015566648808418217,-59.148401443877724,0.1745842657535362,0.0004957066942929623,0.00018830961638815151,-100.4505323642356,26.382596683652793
110_Wide,1963875000.0,1.0359629452849088,0.001700253513633712,-59.224783294475984,0.09952161628546717,0.0004162779668712399,0.00014550732866526033,-79.65097877783626,91.92046846280583
110_Wide,1964000000.0,1.0316645911521052,0.0010005068546383793,-59.6986126507465,0.12361638551815021,0.000575890027307165,0.00010755516226345018,-115.4846609214536,22.21824370821884
110_Wide,1964125000.0,1.0506618934201777,0.002035999770550144,-59.09665307605195,0.11978031120501344,0.000471362257473195,0.00013166978908708894,-107.25059218803138,29.142300474030144
110_Wide,1964250000.0,1.0345701832233438,0.0019521671913650248,-59.647319349416776,0.1461872014031471,0.00040975811715283325,0.0002177542177180764,-107.03262758490658,23.17087533927973
110_Wide,1964375000.0,1.0312553550516599,0.001953829812956907,-59.2635187177804,0.08566086943230146,0.0004926374128351567,0.00014891393328497076,-105.72609276874597,21.170477589720324
110_Wide,1964500000.0,1.0377777093753846,0.0021034156558849236,-59.642117189010065,0.12602419673939802,0.0004961715759508397,0.0002066662107898347,-95.09391780460535,25.549438637161327
110_Wide,1964625000.0,1.043207089874463,0.002952704646854413,-60.42718817788156,0.12620819341688277,0.0005271294904727906,0.00013639539004627068,-102.11577383137455,27.932167375276048
110_Wide,1964750000.0,1.0423261994714703,0.0020600836839220417,-59.641660537533944,0.10899766954241018,0.0005388153906324715,0.0001792368774422217,-115.8788926652365,17.381080484444865
110_Wide,1964875000.0,1.0371352547061075,0.0016539984745797002,-58.923713732551185,0.13181052859279016,0.0004715349900593216,0.0001518029682511464,-107.13319513254409,26.456008520310572
110_Wide,1965000000.0,1.042811142736847,0.0014949676519880075,-59.31695157226016,0.12424607144006318,0.0004921320473615883,0.00015573908671641823,-106.01194449562914,23.49315036502938
110_Wide,1965125000.0,1.0365042509081928,0.002861932877824632,-60.3901877433432,0.08999766764048993,0.0004672371671905624,0.0001942487106854044,-114.31391777526292,14.278612628806034
110_Wide,1965250000.0,1.0403392499061155,0.001874113614218089,-60.070756343021756,0.0842245121581913,0.000511965237950504,0.00015392966241153862,-109.65324124289492,20.091740478326155
110_Wide,1965375000.0,1.0475614719141706,0.003209606620336321,-60.36052103732443,0.10236928242198384,0.00042712640214548445,0.00011898103585299873,-108.10788840444329,27.414311763655583
110_Wide,1965500000.0,1.0470502176804226,0.001613473273884969,-60.59432207331926,0.07993216451228938,0.0005114610385221261,0.00013218572112442924,-120.59373924283214,22.874029160153565
110_Wide,1965625000.0,1.0431191738913694,0.0016828005146493187,-60.23424240516364,0.10816477192937189,0.0004213824883290264,0.0001561673697609803,-114.08531592153628,26.72966408178622
110_Wide,1965750000.0,1.0434255765637965,0.002393198499837493,-60.31580765043981,0.05649818697806947,0.00040689658229996163,0.0001754735649287356,-94.15273923538662,26.570347348229447
110_Wide,1965875000.0,1.0365296259607644,0.0022899159007839726,-59.942269429914624,0.09617237265120235,0.000503439296024599,0.00018044808443685862,-98.40069168647646,31.41325698222086
110_Wide,1966000000.0,1.0433048319466318,0.0016034247330393545,-60.21307016694298,0.09763194570768607,0.000667006266597073,0.0002172774013801436,-103.56888095461339,11.592427929337767
110_Wide,1966125000.0,1.039056397022014,0.0026065645014054935,-61.026619080923915,0.19525376816709927,0.0005696622347712049,0.00010308835781695907,-111.05274064391226,19.965791825927678
110_Wide,1966250000.0,1.033169709083652,0.0015633919926119873,-60.14797108717159,0.14920093354304098,0.00048199491103480887,0.00027124713397445177,-91.94086008455282,32.882474840220844
110_Wide,1966375000.0,1.0418167442306747,0.001808706973691501,-60.89433187353955,0.1343168135919037,0.0005429370156670482,0.00019479008423890857,-85.82624144167592,59.60476828464057
110_Wide,1966500000.0,1.0517942529550937,0.002673547745692016,-59.96664132256863,0.12089648248573821,0.0003717505824230524,0.00021187363079457162,-117.34315010249016,26.565788489847865
110_Wide,1966625000.0,1.0409140782594979,0.002022753240800302,-61.31543784802069,0.10242779366706545,0.0005079731607387921,0.0002202135361861824,-114.56115218464265,26.990414968084465
110_Wide,1966750000.0,1.0434484605067587,0.0025838569890855043,-60.86242275264441,0.10238311734235228,0.0004824977978296874,0.0001886213490239912,-107.61293177593865,19.816129337744865
110_Wide,1966875000.0,1.0530468556454244,0.0016860038355208638,-60.537417130531345,0.10029024705277775,0.00054956024910309,0.00010452503963489619,-105.90786949448636,19.143453876312723
110_Wide,1967000000.0,1.0522070904054242,0.0026938996925894316,-61.02387413636689,0.11553049493852242,0.0004863754910220478,0.00019282410429720075,-117.94916944893295,34.198572089768135
110_Wide,1967125000.0,1.0379409831112958,0.0020962614807588913,-60.78911171703042,0.08385835580367074,0.0004934993632071578,0.00020075628892807484,-113.16283467729627,28.498624540828907
110_Wide,1967250000.0,1.0535486771782179,0.002132806002472117,-61.68604816122252,0.09062932024496062,0.00038250914746856314,0.00016272706657348898,-114.27181117195248,37.657626224872125
110_Wide,1967375000.0,1.0502561294613484,0.0016955679882371304,-61.921228053264265,0.13019171937317434,0.00042079119400720657,0.00019277483754232317,-96.02528259300723,54.59918410865106
110_Wide,1967500000.0,1.0429645529547982,0.0017660127308229778,-60.777083966553,0.0970757927739683,0.0004633221752555614,0.00020889238257359302,-96.38494142752228,16.43523128309784
110_Wide,1967625000.0,1.0362316371747147,0.0014521089104587086,-61.43707163476828,0.08275993902108317,0.0004741881538030208,0.00012606997676269127,-108.06684730394863,18.234756982884388
110_Wide,1967750000.0,1.0407243771959764,0.0016650916582266622,-61.172220410597404,0.07753348830423165,0.00048666957875021703,0.00011263248324717928,-74.72045871616935,91.86027056552076
110_Wide,1967875000.0,1.037701660375097,0.0018686490929389133,-61.73078742591255,0.07867681601324215,0.0004770310642335492,0.000185711210631956,-105.22107118750469,28.64834180399852
110_Wide,1968000000.0,1.0557085789346543,0.0016893533068262315,-60.586824048573696,0.09877797835481487,0.0004936641335575385,9.68504037544693e-05,-96.8615475090346,23.58739072621873
110_Wide,1968125000.0,1.0459491211681136,0.0014273960927361487,-61.099926008055384,0.07168156663778565,0.00039453116258588816,0.00011780183560288443,-104.86128438672385,27.50685158221377
110_Wide,1968250000.0,1.045159747068677,0.002388325052066801,-61.95500028406416,0.06929235239171058,0.00046392682785869905,0.00014784043990498895,-103.31487025931426,20.807238974529703
110_Wide,1968375000.0,1.0413044442134383,0.002192702315412835,-61.920150303300446,0.1743665469532804,0.0004108520466086288,0.00013558561169615542,-134.336186202794,15.570043334669064
110_Wide,1968500000.0,1.049589073294486,0.0018444873709298514,-61.45933769509424,0.09438949817531105,0.00043300867483896105,0.0001309803168260254,-120.29484570630012,24.590736017932652
110_Wide,1968625000.0,1.0399479510381673,0.0011723097988042858,-61.34418459011796,0.11003101991534167,0.0004359596001240908,0.0001379077481850785,-102.37558982286008,29.932865235182714
110_Wide,1968750000.0,1.030550867454837,0.001999608430677767,-61.74367365178995,0.11218956742252599,0.0005039805465151705,0.00020046810629767406,-83.2155393515843,32.569713948673574
110_Wide,1968875000.0,1.057747014933403,0.001485301859363425,-61.69440412391717,0.13495332555554182,0.00038508725939376395,0.00013411018138857894,-102.30003424601537,87.38633665558496
110_Wide,1969000000.0,1.0467494108682207,0.0022544062691924123,-61.630697202826276,0.08113612377568886,0.0004941642022681511,0.00018683582043897107,-100.8410414951856,43.26936171007421
110_Wide,1969125000.0,1.0496393742155548,0.0023327367571933017,-62.104863892259225,0.13121314856855604,0.0004428968366626063,0.00017426038273004511,-104.75140723921619,39.89346724122343
110_Wide,1969250000.0,1.0521107461954495,0.0013716588032697432,-61.5909395782456,0.09805388283679077,0.0003929230669612025,0.00015951719217325986,-94.07410248846453,30.443760765598153
110_Wide,1969375000.0,1.0501923421277124,0.001855849552961916,-61.68325300275765,0.14989676346016514,0.00038629113566683376,0.00017990640903417344,-84.57737458307797,76.2056183155512
110_Wide,1969500000.0,1.0495032817292709,0.0028922122452780166,-61.84255436554927,0.11216178685877233,0.0005016572818409188,0.00013201960347847147,-68.6505567728893,85.16252753550675
110_Wide,1969625000.0,1.0433395066395836,0.002211314695539695,-62.0666039826716,0.0905098834746149,0.00039413863965347335,0.0001365025294088963,-124.7025598040688,30.063650516792134
110_Wide,1969750000.0,1.0413553648177163,0.0009768201188236297,-62.318242945489615,0.08884760087521285,0.00043923789954875713,0.0001250111772390941,-112.10659865680536,40.228443670084566
110_Wide,1969875000.0,1.0472202099108892,0.0019466541643193417,-62.373335506593904,0.11841175899685662,0.0003716738711791312,0.0001051730150931819,-90.64234457041205,27.063965862682096
110_Wide,1970000000.0,1.057509807195877,0.002067112908549017,-62.298406991520885,0.11391164497673517,0.00044928255583248996,0.00024721782315379365,-101.87471367036463,33.11879485498337
110_Narrow,1895400000.0,1.0246984834299773,0.0005782528334214812,-62.30098913897498,0.029934735183866752,0.0015160157340831958,6.846748359506535e-05,-108.40459813956197,1.7811689802272994
110_Narrow,1895402500.0,1.0221585897633547,0.0005373095990917875,-62.253292576687095,0.03481596197581036,0.0014789384770244089,5.962755759654348e-05,-108.21195202827418,1.9573055988110049
110_Narrow,1895405000.0,1.0278393039076748,0.0004161839079540027,-62.25411876956168,0.04498358813760232,0.0015312560384184533,6.668965570006147e-05,-107.16614938013936,2.2325782077946807
110_Narrow,1895407500.0,1.0267410603347285,0.0005687633796301317,-62.35465029856688,0.031258259505429875,0.0015176278790794394,4.851623214842116e-05,-107.57167534606468,1.4591392647708632
110_Narrow,1895410000.0,1.027439854963153,0.0002568876088297273,-62.17006263621855,0.05060925991715603,0.0015087872414840634,3.8979341964266956e-05,-106.90560301075189,1.996177652306869
110_Narrow,1895412500.0,1.0239250865556717,0.0005592097149528174,-62.32848206296859,0.028481490855277628,0.0015189839672921114,5.136334545138099e-05,-107.66645612843915,2.7135069104681326
110_Narrow,1895415000.0,1.0244949049255974,0.000738135666012131,-62.38461752659735,0.036605085966300764,0.0015003101540281075,5.2674289248978736e-05,-108.46115973124715,1.7368413437957997
110_Narrow,1895417500.0,1.0283030691981703,0.0006528666734547957,-62.44080123397484,0.029545739773947793,0.0015187373265384248,6.23084947162038e-05,-108.83825385563395,2.056864842304606
110_Narrow,1895420000.0,1.0218712331401822,0.0007037925460706407,-62.253032598491565,0.03862171985489359,0.001537333438480721,5.082215025441435e-05,-107.12575593574437,2.2153819881540198
110_Narrow,1895422500.0,1.0235609563300048,0.0007239339202428916,-62.27235215482058,0.04895852700701875,0.001514720108894017,4.1003989534464595e-05,-105.92254877840314,1.8804469471100071
110_Narrow,1895425000.0,1.029008096816557,0.0008078740869383932,-62.362443920914004,0.04273461062870381,0.0015177907488985128,6.537656976025888e-05,-107.21565088752742,1.8313827902792044
110_Narrow,1895427500.0,1.0237626535367281,0.0006306269001108843,-62.360342975519494,0.037078362933584436,0.0015108684794739253,5.892568819966427e-05,-107.62109310026366,2.972641892214456
110_Narrow,1895430000.0,1.026302060157963,0.000596611015048309,-62.072560605245805,0.05724339272862187,0.0015103390421842165,7.417112059701361e-05,-107.7313265353483,1.5311770203523702
110_Narrow,1895432500.0,1.0268870663190728,0.00041244325702074824,-62.2613929397638,0.03386163300136133,0.001521544821401812,6.057914480098324e-05,-108.7616088020629,2.0235990754139146
110_Narrow,1895435000.0,1.0300498502364763,0.0007267232850178819,-62.47748259979475,0.04711999819379304,0.0015112397424140143,3.863316675029585e-05,-107.63660431603407,1.550071991509442
110_Narrow,1895437500.0,1.0250995458386494,0.00037651715053086586,-62.605997965966075,0.05322820900539851,0.0015272777901895447,4.7945413187863924e-05,-107.6027314321589,2.305212179892414
110_Narrow,1895440000.0,1.0205476675477656,0.0005273639638794092,-62.306563248013454,0.026798068754081864,0.0015442090644448288,5.9595348831579685e-05,-108.19145123856859,1.711859958926729
110_Narrow,1895442500.0,1.023516435708633,0.0007289869009818251,-62.32554343753071,0.0387714787590031,0.0015205055859451322,4.831902536608317e-05,-108.76505484328109,1.554854515151922
110_Narrow,1895445000.0,1.024925349388276,0.0006448160557070377,-62.339045053189324,0.025515885188310158,0.0015288764764871737,8.072423810760459e-05,-107.18230073862834,1.3070551420357133
110_Narrow,1895447500.0,1.0253381250418119,0.000694051171996217,-62.42103770876788,0.029970998326187517,0.0015193084631529889,5.215802758839289e-05,-108.57234631031751,2.2319029126342067
110_Narrow,1895450000.0,1.0283928429378382,0.0005981774840086442,-62.24293666287932,0.036014283517040925,0.0015372328854714025,7.008798731014662e-05,-108.93958707810313,2.1549155431642704
110_Narrow,1895452500.0,1.0223737802479882,0.0006728966993654614,-62.5874286617836,0.040570045108269906,0.00152070239485798,6.678410464109576e-05,-108.33231615443447,1.9150049752659373
110_Narrow,1895455000.0,1.0270254299854278,0.0006643482875644983,-62.41971771336941,0.028703042558113137,0.0015501743284181688,8.282482368519007e-05,-107.1239863841939,1.7313506254648972
110_Narrow,1895457500.0,1.0248199753940634,0.0005815013003996319,-62.44500075160004,0.033166697581801095,0.001523502126981794,5.904447867595155e-05,-109.46708976047158,2.383228310635191
110_Narrow,1895460000.0,1.0245695816342457,0.0006588730737087023,-62.378631717150895,0.03589414240226747,0.0015176787260367613,3.8562225478603644e-05,-109.63843837395378,2.1670342522445907
110_Narrow,1895462500.0,1.0240169272076025,0.0007255263035688873,-62.64790923367826,0.042660758480434845,0.0015453714563361648,5.434844595110108e-05,-109.76091099014839,1.9067592640269817
110_Narrow,1895465000.0,1.0224570204567265,0.0006082313611405163,-62.45766290633786,0.03804875114576567,0.0015607290152176907,8.137074463196758e-05,-107.76451573524672,1.4050872314469034
110_Narrow,1895467500.0,1.025221988395541,0.0005186705635728885,-62.67914473959274,0.039826624531892056,0.0014809275834383883,7.503446075042066e-05,-108.57722101012104,2.0604148367361397
110_Narrow,1895470000.0,1.0229836502318246,0.0005053691484229793,-62.42806149309177,0.026458391385924915,0.0015090507992724996,4.270865762966667e-05,-107.42925798273029,2.02572899582856
110_Narrow,1895472500.0,1.026910448923807,0.0006381561101650972,-62.642117300787284,0.03898844944671444,0.0015291006942852736,6.347860127185829e-05,-109.25591194184005,1.716869866417262
110_Narrow,1895475000.0,1.0210025138432934,0.0006417556809865758,-62.557228724986544,0.02426907840906951,0.0015414072904430503,3.922803654662176e-05,-107.81893209534377,1.932934946212381
110_Narrow,1895477500.0,1.028894536100123,0.0006912912735786271,-62.377021956908706,0.02899126016998157,0.00156199558580329,5.6390338827996226e-05,-107.75945743951964,2.188398372050131
110_Narrow,1895480000.0,1.0263282198969876,0.0005287029981299076,-62.48531880981009,0.043449837532574136,0.0015641078922052137,5.288310992760083e-05,-108.13836177443966,2.0406455715760505
110_Narrow,1895482500.0,1.02346986315253,0.0006393145714286407,-62.350879403904166,0.023703611327838117,0.0015343809007278759,5.910319860145069e-05,-108.80545893596775,2.02197063608993
110_Narrow,1895485000.0,1.0237119162851906,0.0006080667158582972,-62.33258145609766,0.03823365938928864,0.0015016061540093942,5.8182719290126e-05,-108.22289470421009,2.535361952548158
110_Narrow,1895487500.0,1.0259684916689376,0.0005806366914604791,-62.507036388391185,0.034670791897900795,0.0015308102876554195,3.657092572892367e-05,-107.62429049651179,1.9064154023192479
110_Narrow,1895490000.0,1.0223573062151443,0.0008297868120564039,-62.542230617488144,0.04068591577981422,0.001516276795118183,6.521878151682025e-05,-108.3447136665248,2.1091812155291754
110_Narrow,1895492500.0,1.0279891197645046,0.0007144100689571449,-62.49334645505372,0.03224756814254822,0.001528343568388591,5.642841809407766e-05,-108.78252670273613,1.8933623463495328
110_Narrow,1895495000.0,1.0263633222214061,0.0005570794188652024,-62.59888272313143,0.03619569100527702,0.0015433246011960578,5.6304201636887175e-05,-108.5243122592992,2.8553010015511333
110_Narrow,1895497500.0,1.021532933624155,0.0006874111772881799,-62.49160530385233,0.043933579741078754,0.0015525056421185812,3.850257902941274e-05,-107.6823875807501,2.4378629020508478
110_Narrow,1895500000.0,1.0226236291099773,0.0006476205584441524,-62.49858875952882,0.03659989924751732,0.0015186583106909007,5.799303837173329e-05,-108.80282990533605,2.700993248160303
110_Narrow,1895502500.0,1.0247335405834415,0.0007318133221551839,-62.753686279862535,0.04649338151544862,0.0015389672527862462,6.35337857445144e-05,-109.39464904149634,1.7979085097317618
110_Narrow,1895505000.0,1.0273886700122616,0.0008329054120924963,-62.76943569678631,0.038047564448162444,0.0015330453328074442,5.716695471606537e-05,-109.00960464947337,2.60765417070789
110_Narrow,1895507500.0,1.0253097050666053,0.0006709775766448941,-62.61782099650133,0.03439682375289915,0.0015735476018972317,7.366619506606472e-05,-109.76503451384667,1.6789022654384564
110_Narrow,1895510000.0,1.0252310675504122,0.0005498236323144033,-62.7405300249204,0.04903358683941651,0.001547969679636642,7.205561520726031e-05,-108.05288122330614,1.8402633108227104
110_Narrow,1895512500.0,1.0244439169615847,0.0003965237610465055,-62.565957066145344,0.03881720101009054,0.0015559161394694187,5.4636083351590844e-05,-108.53112595112192,1.529374906483416
110_Narrow,1895515000.0,1.0265341559047416,0.000599632404087818,-62.568939624781834,0.0308345380779616,0.0015269761445321937,6.395341015092451e-05,-109.78223936085018,2.4396866270145074
110_Narrow,1895517500.0,1.0257093565037234,0.000661356123688349,-62.7305425634108,0.04076566361690413,0.0015330233544690504,9.17168937278268e-05,-107.4717299199938,2.3241911493870107
110_Narrow,1895520000.0,1.0211291627694277,0.00019121221810675118,-62.76169672904513,0.04719312677163012,0.0015439684644287287,7.51340603385692e-05,-108.59556567845203,1.7935556116022158
110_Narrow,1895522500.0,1.023230056265909,0.0004512076179649935,-62.461978696677264,0.04658551110138462,0.0015403861017888674,6.200723934821646e-05,-108.62625091150491,1.7016868200844617
110_Narrow,1895525000.0,1.026483653191809,0.0005291707860985369,-62.69255513805033,0.03456014880644828,0.0015245364518689391,6.0881615400279694e-05,-108.22491973664646,2.4269715906441336
110_Narrow,1895527500.0,1.0255928926471785,0.0005441239820505795,-62.79461781839636,0.034242705398466536,0.0015430832820007476,8.194116109995841e-05,-108.20679325448086,2.588070927950566
110_Narrow,1895530000.0,1.02462628348184,0.0003965913585450934,-62.46715785201791,0.04372969491020937,0.0015629738775503465,4.4461081522801944e-05,-108.84774682574127,1.8999291419615365
110_Narrow,1895532500.0,1.019660378642855,0.0005896567568839868,-62.39150230081346,0.03708720396374997,0.0015819994651673716,3.513140723838393e-05,-107.66420209142336,1.9385836713101303
110_Narrow,1895535000.0,1.0246393382280428,0.0005150560040329259,-62.73256166748468,0.03755425242682336,0.0015267590760639192,5.04919068980313e-05,-109.41464045287769,3.169589146122605
110_Narrow,1895537500.0,1.023371531672004,0.0005960095849025561,-62.767816384730054,0.0412806615539854,0.001544713650704346,6.641002440884225e-05,-109.1014587690338,1.756363835145532
110_Narrow,1895540000.0,1.0228131238199882,0.0006591827288104831,-62.79070125422318,0.04640280027896366,0.001555646522516402,5.072571647884477e-05,-109.506678431843,2.365758378314073
110_Narrow,1895542500.0,1.0252858565556309,0.0008634015419511865,-62.68635555043798,0.03864756844012432,0.0015293211977524372,4.237539108817589e-05,-110.32366090395738,2.256092989177987
110_Narrow,1895545000.0,1.0236221198263156,0.0005129942142864001,-62.73209992317782,0.04387150476989658,0.001571768412948467,4.199289471173752e-05,-108.6255773719214,1.9517370451651832
110_Narrow,1895547500.0,1.0233546804815097,0.0006243513860387987,-62.94406706363169,0.043616307685217605,0.0015427442181216821,5.150980138533427e-05,-108.84431366282146,3.0944361271442373
110_Narrow,1895550000.0,1.0255724155664645,0.0005465605730471426,-62.888121259632356,0.03276005405484367,0.0015442897327936594,6.361492977475562e-05,-108.42465639155334,1.228914748741159
110_Narrow,1895552500.0,1.022346959385201,0.0006005915346379105,-62.72185116041784,0.034594548385571744,0.0015243980868630738,7.1103893226101e-05,-108.65713454191217,1.6978613301408205
110_Narrow,1895555000.0,1.0242766078742944,0.0006046009248740484,-62.882895283086796,0.02485183923476034,0.0015629324116080252,7.628553456330743e-05,-108.68278259261163,2.561014299686339
110_Narrow,1895557500.0,1.0249334559134466,0.0006338270972406313,-62.62068860982849,0.042051178111862014,0.0015606442486398833,4.893505372193754e-05,-109.21727883632938,1.8842133703212554
110_Narrow,1895560000.0,1.025624200167603,0.0005535302980757942,-62.59677417998457,0.030956672516945533,0.0016048730757175001,7.701219475637249e-05,-109.86917079403547,1.8227273342340202
110_Narrow,1895562500.0,1.0271724022803823,0.0007714781865320434,-62.611241279697545,0.03269532053849352,0.0015770216868368587,8.075939796526525e-05,-109.67746384298005,1.4816048300140292
110_Narrow,1895565000.0,1.0261987354985975,0.0004695141647674182,-62.795717219207916,0.05013751233115387,0.0015533779023161774,4.870258600002568e-05,-108.34618310459544,1.5030232700335509
110_Narrow,1895567500.0,1.0231097238693911,0.0005552038039658478,-62.853225890330386,0.03360356018775537,0.0015817916478067524,6.108917023777038e-05,-109.03648019025476,1.5606259962106575
110_Narrow,1895570000.0,1.0201069711285968,0.00039338868930959106,-62.998475989333855,0.03494443421948936,0.0015237078616850519,5.153819816975556e-05,-109.05057976152467,2.055785654841088
110_Narrow,1895572500.0,1.0277189589268996,0.0005538278957206891,-62.78917519723455,0.04499616333760772,0.0015514988688089648,4.605254368733385e-05,-108.37101536665725,1.8400857255658027
110_Narrow,1895575000.0,1.0271028059961251,0.000647008495195956,-62.78489526285851,0.053651391335182326,0.0015419652724425665,3.628358968292741e-05,-109.74638886059275,2.6457477092857538
110_Narrow,1895577500.0,1.025015285094626,0.0004898770809053042,-62.67886733967836,0.029333545111968572,0.0015730714817416365,5.825960877952543e-05,-108.81933245077633,2.336212908286211
110_Narrow,1895580000.0,1.0259499867374722,0.0005580651415300138,-62.79931927291735,0.033616456424176405,0.0015548218012903774,4.192735628250065e-05,-107.79153617773342,1.8933520349863358
110_Narrow,1895582500.0,1.0221014569717413,0.0006112232564988375,-62.774417916378376,0.027833215517689736,0.0015503975520731283,5.511179461292644e-05,-109.56685011499954,1.2847450465477661
110_Narrow,1895585000.0,1.025508560504066,0.0005100717130721624,-62.75909574130672,0.042927119098776806,0.0015690778047803822,7.029837602745118e-05,-109.3542063245167,1.3670649387957425
110_Narrow,1895587500.0,1.0217129848404942,0.00035893591717043975,-62.80550051812785,0.04816593526842819,0.0015948977139892105,5.907357618631859e-05,-109.45692263423639,2.805838729464802
110_Narrow,1895590000.0,1.0261723204330877,0.0006972581742785095,-62.80419338910692,0.031369194113316186,0.0015767968325150095,5.0054552975185904e-05,-108.6169987203704,1.8946093058782605
110_Narrow,1895592500.0,1.0267241766456108,0.000574732801839618,-62.73415435806565,0.02736997032263346,0.0015744822062978168,4.6015243828481486e-05,-108.846778334611,2.5982742827567344
110_Narrow,1895595000.0,1.027315766619822,0.00033431923842340566,-62.98031790666989,0.045213680644489405,0.0015874173889215038,7.106450696242985e-05,-109.72654405156523,2.2249695422725053
110_Narrow,1895597500.0,1.024497072937651,0.0004350355783828157,-62.85338749630903,0.0324666216487603,0.0015562106771448195,4.162719101431815e-05,-110.39287668789578,3.0358581103116373
110_Narrow,1895600000.0,1.0257125076025073,0.0004616891411602974,-62.84550427261428,0.034951939624963776,0.001576322716450991,5.2646170327933124e-05,-108.91929578534422,2.1707958589584284
110_Narrow,1895602500.0,1.0265089119829987,0.000531769182602495,-63.007207239204995,0.034615047536882396,0.0015643709432780258,4.718713496547377e-05,-108.73866787623409,2.4026627167242505
110_Narrow,1895605000.0,1.0249237579925425,0.0008405846620167942,-62.962108550407976,0.03798972209537568,0.0015860013207302714,4.1451014906603316e-05,-109.00250809291232,1.626268804390918
110_Narrow,1895607500.0,1.02420667007027,0.0006450739731755864,-62.86383523001329,0.03641100309663365,0.0015696432220388455,7.221345806762621e-05,-109.43189053299898,2.241004740264913
110_Narrow,1895610000.0,1.0229877310233197,0.00045999862984753235,-62.969059584670674,0.03917769116126674,0.0015616322193256003,6.694662773492604e-05,-110.15154185204817,1.9747655578102778
110_Narrow,1895612500.0,1.0224588534715329,0.00037362090051389036,-62.84712063885985,0.024129503010816643,0.0015854496195387463,6.056903638208956e-05,-108.64173082169697,1.6419288026545793
110_Narrow,1895615000.0,1.026001050920852,0.0007356068095155184,-62.89623894165283,0.029432986948018484,0.0015683507524649775,9.704241498582893e-05,-109.34834823376605,1.732509017779304
110_Narrow,1895617500.0,1.0249010435130328,0.000618627947299611,-62.98241960315135,0.03199958468452282,0.00154675078516582,5.759260436745698e-05,-109.60528534020632,2.362910299341504
110_Narrow,1895620000.0,1.0280911018768446,0.0007345266756468669,-62.81713781215933,0.032798538886730476,0.001589123054162131,5.3445893735343884e-05,-109.27702465557931,2.2861059400643753
110_Narrow,1895622500.0,1.0251201314963094,0.0005329808748116863,-62.64545922576428,0.049826095091951385,0.0015682650036191743,2.6783984385996234e-05,-108.9113717898811,1.4765206210924864
110_Narrow,1895625000.0,1.023350724922737,0.0006961186618903074,-63.00193651216266,0.04655772300860967,0.0015522124189403868,6.101022942269695e-05,-109.68388435300368,2.024542045503861
110_Narrow,1895627500.0,1.027074014690245,0.00045653932930947433,-62.87022605103951,0.03731819335355367,0.0015672589848605822,6.163503153469494e-05,-109.56445562948316,2.5916628861942055
110_Narrow,1895630000.0,1.0256930023435835,0.0006644653369168988,-63.04815276966865,0.041976566133328376,0.0015858581189030258,4.908235685419509e-05,-109.99498717788755,2.3336804473720667
110_Narrow,1895632500.0,1.0242209528350998,0.0007077205403768575,-63.11541224150031,0.05073485880221828,0.0015642078355379478,7.013739810549487e-05,-109.16871344809945,2.8759504635520354
110_Narrow,1895635000.0,1.0242220841809029,0.0005231569230905521,-62.74845559740236,0.0416457528762901,0.0015865373478201026,4.536663699806682e-05,-108.84402259776523,1.971047677802003
110_Narrow,1895637500.0,1.0209902965845927,0.0006425944579957049,-63.3243114976454,0.039030137445872325,0.0016096565040747926,4.495117644998473e-05,-108.2610896405641,1.4235213091198577
110_Narrow,1895640000.0,1.0243881549548897,0.0007301751098251264,-63.071533478362085,0.05182776961447304,0.0015755334780149374,3.764515127788237e-05,-110.40119010531747,2.6562860209397274
110_Narrow,1895642500.0,1.0251000640462524,0.0006574005197913488,-63.130072726274655,0.030504316089762666,0.0016044352789751923,4.438234218564549e-05,-109.50177200110508,1.8942302724889524
110_Narrow,1895645000.0,1.02264877359915,0.0006569451024616532,-62.88176154862563,0.03419163164702172,0.0015502983387957411,5.919262171940202e-05,-109.68650482214194,1.2061902538019509
110_Narrow,1895647500.0,1.022961784221052,0.0006574431003803414,-62.9553598496032,0.03483409054801502,0.0015608471518906472,5.0953111894430995e-05,-109.06987744687146,2.492463150257408
110_Narrow,1895650000.0,1.0245025064078765,0.00043795749563507454,-63.101825729396865,0.039375184935628006,0.0015723851599144549,4.866302028424268e-05,-110.10923267418218,1.431822460417631
110_Narrow,1895652500.0,1.0268511730324745,0.000610870828561653,-63.08093746421998,0.03290882165503128,0.001597675405976213,6.263970235407191e-05,-109.59252781214107,2.223166130730106
110_Narrow,1895655000.0,1.026599411374494,0.0006128523222557393,-63.01170535197882,0.03591450696370218,0.0015973108415055864,5.102677429490944e-05,-109.30112005789381,0.7229006208044891
110_Narrow,1895657500.0,1.0240414974544496,0.0006490069772709135,-63.04494392104189,0.03963633203335348,0.0015957885886348458,3.4246556397735045e-05,-108.65973894318108,2.0107494987388925
110_Narrow,1895660000.0,1.0235605464672017,0.0007300231142947942,-63.148989859589435,0.03341387706889602,0.0015713166781701406,4.3611978580148595e-05,-111.07255473925917,1.7837337827490594
110_Narrow,1895662500.0,1.0250405616457838,0.0006450847959953101,-62.97910996648183,0.027066237388637292,0.0015922406539352202,7.1220538111101e-05,-110.52447700764405,2.267923756254173
110_Narrow,1895665000.0,1.029503975676972,0.0006683606211834238,-63.23785261378991,0.05727012782666224,0.0015922964989749063,3.602968103835846e-05,-109.62649420451403,1.8212582409294775
110_Narrow,1895667500.0,1.0223395744583073,0.000630953468171707,-63.17161574690106,0.034334616575293575,0.0015968776155011297,5.623869722811257e-05,-109.88460422111693,1.636255024724554
110_Narrow,1895670000.0,1.0230058238888953,0.00045961769932761947,-63.17452047672848,0.03503983181373791,0.0015997076553112767,6.731210990354943e-05,-109.6529357107345,1.6109746926992394
110_Narrow,1895672500.0,1.0248456689886558,0.0006754994840762301,-63.105240892511844,0.03578934984985811,0.0016116784122647315,7.248689487957846e-05,-110.75422061549517,1.2970350204539736
110_Narrow,1895675000.0,1.0289303406217623,0.0006120281438567368,-63.138487354140565,0.0509435497039779,0.0016039399669686679,3.3770963537182215e-05,-109.6923427079285,1.7074096991692997
110_Narrow,1895677500.0,1.0231467018426355,0.0006675836304845047,-63.02347231853923,0.04433842297337777,0.0015949316039734391,3.7291246324757953e-05,-110.05284866141614,2.0816665673385253
110_Narrow,1895680000.0,1.0246012646717613,0.0007256492800948092,-63.19615991368295,0.028983922172338108,0.0015602749379935153,5.748209974880271e-05,-110.57609706530233,1.703266145620936
110_Narrow,1895682500.0,1.0223633474935294,0.0006087715271926088,-63.20963100469051,0.05177560734417831,0.0015797907302270036,7.708463015267259e-05,-110.85212909230503,1.6903583086505245
110_Narrow,1895685000.0,1.024155695897382,0.0005776154229784827,-63.53279486918141,0.03660504490134058,0.001593255078182502,7.474741472416294e-05,-109.98611467898948,1.6811090762492074
110_Narrow,1895687500.0,1.0239651392275886,0.0005678491936267794,-63.3052229834073,0.02714071036983499,0.0015900073837857177,4.9468274916541824e-05,-110.9420897307591,1.8273294764034063
110_Narrow,1895690000.0,1.0207496982133708,0.0006124828481763959,-63.34036022005115,0.04066513956416493,0.0016069651606536186,5.593676512131333e-05,-110.50438086107566,2.119499690564167
110_Narrow,1895692500.0,1.029269847034648,0.0005481394482930775,-63.12445318083852,0.027461998533127724,0.001611123997292265,4.745444204083944e-05,-109.22739924918464,1.8381644692295744
110_Narrow,1895695000.0,1.0243689822341322,0.0006482204894975481,-63.065892317401996,0.03636673525123857,0.0016057226617688114,5.9903049396719285e-05,-109.39741605617237,1.8994078849666762
110_Narrow,1895697500.0,1.022284437985911,0.000704630999481612,-63.273997349406265,0.03368052438352,0.0016395435045976183,6.906870494880437e-05,-109.3259999756643,1.263051332496405
110_Narrow,1895700000.0,1.0241418595778513,0.0005414728872807607,-63.111650151901905,0.03450977190926671,0.0016220236074612829,5.417239598503458e-05,-108.94740248945837,1.4540213530351551
110_Narrow,1895702500.0,1.0225135599833441,0.0007461810720670427,-63.40633264608688,0.03943300670253864,0.0015524676447788328,4.002868667578912e-05,-108.59049632800803,2.4127234791728838
110_Narrow,1895705000.0,1.0258285095350241,0.0004818203683082263,-63.15666487995514,0.04733598286246155,0.0015861891636853875,5.1743281823641676e-05,-110.09419352992546,2.0337655927958673
110_Narrow,1895707500.0,1.0250297872524146,0.0005433269963005409,-63.400629722811416,0.037115875310328915,0.001613805751929777,7.047025575711233e-05,-110.67191885341936,2.6655304192528844
110_Narrow,1895710000.0,1.0259370918102808,0.0004292444407003423,-63.29739593106956,0.03889391059015559,0.0015939520847740418,4.1908168658357014e-05,-110.55476533731779,1.9223448916931207
110_Narrow,1895712500.0,1.0249294946762002,0.0004951171368224235,-63.46279079406254,0.045916716701138276,0.0015929506474573964,4.045801303101269e-05,-110.16798166746975,1.2416020376618833
110_Narrow,1895715000.0,1.0269662410509381,0.00042038898846977045,-63.569484034231365,0.045964731529418774,0.0016020464653723652,5.475370340608396e-05,-110.08995218760639,1.7145776993615045
110_Narrow,1895717500.0,1.0279269917693687,0.0006467454880592472,-63.23577134178606,0.025430234417703833,0.0016130040979925606,7.15791610563354e-05,-109.9001757854738,2.0084720788054966
110_Narrow,1895720000.0,1.0251938189028191,0.0005219620554752292,-63.228184565196145,0.037770062909029845,0.0016501162305708706,2.4477103326563752e-05,-110.05333012360595,1.6178730198288285
110_Narrow,1895722500.0,1.0239967044435694,0.0007061439086127131,-63.348424985734184,0.04736247050535135,0.001625070828918196,5.860528279154364e-05,-109.24346810533105,1.9051737857019486
110_Narrow,1895725000.0,1.0265910299873857,0.00044493009621052523,-63.32922631440832,0.04048489056829296,0.0016218302255898629,5.5314034769421106e-05,-109.69837868459918,2.2400145321275624
110_Narrow,1895727500.0,1.0236964655772973,0.0006664304069967773,-63.18996705037915,0.03707585924943419,0.0015990387533947794,4.5379547729459485e-05,-110.06743211171941,2.7681712919285437
110_Narrow,1895730000.0,1.0192831883608586,0.0006994743244288898,-63.09958813936445,0.029623553667156726,0.001624563369011679,5.53599527251324e-05,-109.25849708277755,2.7513091325233576
110_Narrow,1895732500.0,1.025416805655959,0.0005610987637736069,-63.23581669331641,0.030894242768957483,0.001599266769431677,4.5849518673832766e-05,-110.71466251771777,1.748139693771924
110_Narrow,1895735000.0,1.0269976963569427,0.0005430235639840187,-63.42744435345711,0.032463175156174924,0.001634082281643744,6.136290803635516e-05,-110.73152980218998,1.699461635686894
110_Narrow,1895737500.0,1.0248570460970599,0.0005008464027296235,-63.33974222129748,0.03743226669425424,0.0015978534504023194,5.0325993831580044e-05,-109.61890596155344,2.297250256192491
110_Narrow,1895740000.0,1.0282518916750811,0.0006511366141607433,-63.35050502920278,0.047197873063030804,0.0016493583994914394,6.382003391692275e-05,-109.85249875538973,2.0527492551867064
110_Narrow,1895742500.0,1.0221080301050836,0.0008007193810229951,-63.287437612435525,0.04198414446347516,0.00160543402284645,4.879485881692474e-05,-109.95540835411668,2.1813185158659483
110_Narrow,1895745000.0,1.0265581935721684,0.0005117582205454259,-63.56075315794706,0.046553017884916184,0.0016307397862712792,6.792849586320208e-05,-110.45598991358348,1.5104816224854951
110_Narrow,1895747500.0,1.0257584748009223,0.0007333268745065686,-63.32904751423924,0.029155207382221278,0.001610665645027235,5.3566406422704954e-05,-108.39736349583097,1.8964063453914997
110_Narrow,1895750000.0,1.0251152683148657,0.000735603246185924,-63.31801431239259,0.03051842476372873,0.0016584317068715955,4.2078608985787457e-05,-110.17619565169824,1.5471819978743857
110_Narrow,1895752500.0,1.0242795464656635,0.0004761362044954333,-63.30774676369859,0.01822976680378127,0.0015964798882904276,6.584088426329393e-05,-109.98568467392938,1.6818534362742092
110_Narrow,1895755000.0,1.0254595584255946,0.0006096916683700863,-63.35612024979803,0.03848091268750951,0.0016076067329847833,6.619267712805758e-05,-110.15481188630332,1.7690352973452523
110_Narrow,1895757500.0,1.0218852001392045,0.0005062135039086567,-63.34322890737407,0.065523558464022,0.0015965357485253468,5.4407138469940954e-05,-109.89683757129316,1.9154751938276835
110_Narrow,1895760000.0,1.0234550312021091,0.000481091206180936,-63.404763670946245,0.04100829951549033,0.0016150855501110841,6.0335273165679974e-05,-109.35919290166018,1.7195174492481229
110_Narrow,1895762500.0,1.027238128705593,0.0005876315829629538,-63.53081541144973,0.027987921527949308,0.001624059708723912,4.514208514282434e-05,-110.23852387261533,2.2558959152400644
110_Narrow,1895765000.0,1.0242207777362873,0.0005903513228356777,-63.366772111287226,0.028638287932161173,0.0016204350462889084,4.2963363297339784e-05,-109.97832879118604,1.4444489263889284
110_Narrow,1895767500.0,1.0245288181359915,0.0006155518318697853,-63.535216650403484,0.042872699920168275,0.0016256428081310402,6.239228783515118e-05,-110.11075235410702,1.8605485129345216
110_Narrow,1895770000.0,1.0244894752303186,0.0007068560635050706,-63.54293025162018,0.029878775215477448,0.0016313356418060556,5.196332140423116e-05,-110.32912491362654,2.1827629315686288
110_Narrow,1895772500.0,1.0261497261928516,0.0006773946192630501,-63.514093176008814,0.0349995609525564,0.0016702528749884412,8.922263102510395e-05,-110.61056299352269,2.498975308074212
110_Narrow,1895775000.0,1.0281917717031428,0.0009661811043975939,-63.39742569642325,0.04607029355875393,0.0016201405738370265,4.1053354050612946e-05,-110.24332948390845,2.252507148807703
110_Narrow,1895777500.0,1.0250152178909808,0.000665824358219213,-63.38800904235579,0.04575044777675258,0.0016235004844462127,2.0417124457713695e-05,-110.40715700225627,1.9958913390988093
110_Narrow,1895780000.0,1.020573931074093,0.00047340830360721216,-63.57867080938479,0.039282908062444534,0.0016278045666253426,7.302808683865567e-05,-111.66154415994724,1.8106863620358933
110_Narrow,1895782500.0,1.0285480327465537,0.0008688832297505436,-63.54638176009303,0.04003945272283435,0.0016301840084736838,4.797006547475223e-05,-109.48685185177645,1.7785959026901632
110_Narrow,1895785000.0,1.022177872435078,0.0005815069022054388,-63.55388567328538,0.03325511452825402,0.0016369205980184217,5.206894494891909e-05,-110.65263693881386,1.836646999827892
110_Narrow,1895787500.0,1.02403202076905,0.0004212417471257256,-63.480516800988376,0.03458591760071942,0.0016483375382974007,5.6589905191351694e-05,-110.50241868868727,2.446071396970113
110_Narrow,1895790000.0,1.0228051987821414,0.0005769293151311115,-63.44292204736627,0.037195938310710226,0.0016023056916234417,5.836611196016772e-05,-110.0717950668468,2.2678119427219596
110_Narrow,1895792500.0,1.0239200001332711,0.0006217200179918005,-63.488910447992374,0.029265024277019085,0.0015995295723863065,5.3907218623332746e-05,-110.49784160738784,1.895743344627781
110_Narrow,1895795000.0,1.0253421193483994,0.0005191053720894394,-63.36722119777561,0.040280508870519476,0.0016117029718624603,4.305546015477424e-05,-110.71324731692047,1.2754421060515237
110_Narrow,1895797500.0,1.0254758856669426,0.0005146117091945544,-63.30504996319785,0.01893604998605335,0.00160084033569272,4.0587074035547674e-05,-110.80312929075079,2.1664062850094195
110_Narrow,1895800000.0,1.0247865717975708,0.0007824019934219702,-63.44530991997045,0.03670278700598783,0.0016472826723748267,5.5839437385112624e-05,-110.76392445847216,1.8884686056314501
110_Narrow,1895802500.0,1.0229710727890218,0.0006600280124378827,-63.55229348648743,0.03034316977636035,0.00162262436471004,3.1001881502427886e-05,-110.06731909591528,2.2345983786444097
110_Narrow,1895805000.0,1.0269178383353263,0.0006243679595339946,-63.31436977241214,0.028825647821240714,0.001663983547110779,7.815753936149892e-05,-111.37402876603015,1.0497735443664675
110_Narrow,1895807500.0,1.0209464541323283,0.0005498457926879999,-63.456095587742496,0.02537658133719586,0.0016485891380884417,5.430992047405943e-05,-109.76703480893616,1.7214266100262294
110_Narrow,1895810000.0,1.023203053198893,0.0004933143919540618,-63.466882344474925,0.04517986366692822,0.0016459971111469156,6.596113553288221e-05,-110.65242182136205,1.540158798550007
110_Narrow,1895812500.0,1.025569395225441,0.0006069945197772512,-63.535991495942234,0.037395045810639384,0.001699090228696577,5.138052743954979e-05,-110.50276676852103,1.354458894479571
110_Narrow,1895815000.0,1.027593897464626,0.0005573629714406994,-63.81161688338297,0.04185369269471273,0.001691310585240432,6.0297217709837715e-05,-111.6712385932138,1.4824226860642664
110_Narrow,1895817500.0,1.0228476659056926,0.0007722279837941196,-63.641439645297496,0.029659283532175788,0.001628650611053004,5.0252807335343895e-05,-110.53102217546011,2.235105377530921
110_Narrow,1895820000.0,1.0220639051119411,0.0004469330315013236,-63.53343601088753,0.03800546115299543,0.00165612003757374,3.141723178197153e-05,-109.5064096689512,1.967254002505438
110_Narrow,1895822500.0,1.0235332192981415,0.00057865120011379,-63.6710015654576,0.04220046305743694,0.0016418953605064784,6.327896812246453e-05,-109.5849655732278,1.7276642250131689
110_Narrow,1895825000.0,1.0238631799564935,0.0008359409696801293,-63.60814066932633,0.03138167396651769,0.00165848969204132,4.000395431869758e-05,-111.60374947576415,1.6008962491458547
110_Narrow,1895827500.0,1.0223351641099072,0.0004062170589868791,-63.69779040979524,0.04351608915502654,0.001664270089453483,2.503906443039966e-05,-110.80559302811535,1.805598680742336
110_Narrow,1895830000.0,1.027148263332995,0.0005454007709715474,-63.803893364387974,0.04268950945427474,0.0016414037909266912,5.415695831387144e-05,-110.72426963617023,2.0013492224327973
110_Narrow,1895832500.0,1.0219811291779386,0.0003925380702998946,-63.510268520416304,0.042672408509452406,0.0016505860440686063,4.952943063134129e-05,-111.40684394878048,2.401788932392938
110_Narrow,1895835000.0,1.0259199143856972,0.0006918437152393191,-63.956522795080886,0.029742653024865576,0.001655627787183987,4.381445641514235e-05,-111.26558091030992,2.182261208855842
110_Narrow,1895837500.0,1.0265693329692889,0.0004677192456220621,-63.50507545848721,0.042389236554741735,0.0016863120190413413,4.759426843980404e-05,-111.5322637825173,1.513294049473534
110_Narrow,1895840000.0,1.0190014873396214,0.0008979206599640519,-63.75975051179376,0.02722054497397907,0.0016412474953579317,6.424716209622399e-05,-111.49448287677528,2.6508565494062757
110_Narrow,1895842500.0,1.0260916097551036,0.0004636904650553151,-63.62011218394174,0.049171783432275136,0.001680025320957129,6.372929790144918e-05,-110.50653245497797,2.626962603798142
110_Narrow,1895845000.0,1.0232148248101636,0.00038404866885332836,-63.61904457651029,0.03334967011563953,0.0016702143093346889,5.712304949947576e-05,-110.82723582716238,2.6925071554180313
110_Narrow,1895847500.0,1.0242030364948265,0.0007329056213351159,-63.51469990175278,0.040962875260815344,0.0016613115356890074,4.8593164036576864e-05,-111.06455425183469,2.047336017146239
110_Narrow,1895850000.0,1.0272428402884985,0.00044995585520832054,-63.698164981337754,0.05085009136683753,0.0016776107263817466,5.9728891947477935e-05,-110.40283651064591,3.3768772189024876
110_Narrow,1895852500.0,1.0279253106697004,0.0006316530273559279,-63.615053672094675,0.04245789069394945,0.0016681144485329777,6.232096612552222e-05,-110.69404874646693,1.553227761090041
110_Narrow,1895855000.0,1.0225960567317294,0.0006226305652384451,-63.785033825726416,0.04088096988671436,0.0016426961470860197,6.384902391833391e-05,-111.01068710002194,2.2038365344766015
110_Narrow,1895857500.0,1.0248072249349895,0.0007345731104613535,-63.734451473070635,0.041436541066585314,0.0016756891812774127,6.843344556117639e-05,-110.9419501172476,1.8820066098604404
110_Narrow,1895860000.0,1.024176195500336,0.000567351135733061,-63.59747434089144,0.03866834234670729,0.0016655059201312558,6.539109305561595e-05,-110.56498546009898,1.6402186778087615
110_Narrow,1895862500.0,1.0249958517473976,0.00047684726443733945,-63.91098043212944,0.045449832186061884,0.0016573316250310028,5.910943835976874e-05,-111.07096942007308,2.304870391403809
110_Narrow,1895865000.0,1.0256113221689056,0.00048261744686057357,-63.71337950618691,0.030775836990178742,0.0016865993973190921,4.1976035549711516e-05,-111.27739271434832,2.3307846372085557
110_Narrow,1895867500.0,1.027448967516912,0.0007249322082665499,-63.77152921951819,0.026614729256839293,0.0016589466086304725,5.12044593614448e-05,-111.37866287712676,2.554924432407362
110_Narrow,1895870000.0,1.023717215926518,0.0005151596646558973,-63.69378250708368,0.048966637088006436,0.0016533685360031664,3.873432009257178e-05,-111.27451575614123,2.446474055996542
110_Narrow,1895872500.0,1.02552457459952,0.0003740546646861832,-63.73955101801297,0.04854921538861243,0.0016464646134597045,4.531837041821281e-05,-111.60073974250943,2.057756724202111
110_Narrow,1895875000.0,1.0272436878367572,0.0006526187491829322,-63.839609962345016,0.03971458620484587,0.0016546172997698196,6.762235117544906e-05,-110.7929510321208,1.8038000304260442
110_Narrow,1895877500.0,1.02909531413876,0.00045502719569106843,-63.64211968482513,0.04036636340976556,0.0016772801513976923,4.7795818668618904e-05,-110.55726390454453,1.3567345754317457
110_Narrow,1895880000.0,1.0221537744220641,0.0007482141262990295,-63.68158138781726,0.04257037490050194,0.0016775869238296226,3.2122532707567926e-05,-109.59923077327714,1.797711474761262
110_Narrow,1895882500.0,1.0268266476814167,0.0008513565059766406,-63.69957845653437,0.0604635217720427,0.0016710581154619083,7.303404779653324e-05,-109.91601571655062,2.3923506953798563
110_Narrow,1895885000.0,1.027293928222551,0.0005265215504342798,-63.70641672121048,0.035220647461447686,0.0016831825614644438,9.82024859639742e-05,-111.60535350660716,1.680995530074649
110_Narrow,1895887500.0,1.0277465958477219,0.0005056514441678438,-63.87491961262286,0.040486836368678565,0.0016967907546303008,3.877759792168963e-05,-111.48665461216508,2.0308768640699353
110_Narrow,1895890000.0,1.0249326036174515,0.0007324887953470095,-63.911796146940475,0.02755708631338403,0.0017365061560688437,5.4013907547527776e-05,-112.36708233306598,1.700872478995787
110_Narrow,1895892500.0,1.0253017593709133,0.0004440498042877146,-63.83103720022993,0.03436732065915463,0.0016892080030320503,5.036971083492605e-05,-110.85990539926063,2.2912029651820136
110_Narrow,1895895000.0,1.0271758000905282,0.0004033812493394332,-63.86373310752806,0.04744028113306812,0.0016873862735033024,7.04792929981083e-05,-111.56353885224533,2.277093613699152
110_Narrow,1895897500.0,1.0223104490378683,0.00047173601842818926,-64.03567660922317,0.034184171010835006,0.0016675084684420092,5.813938515957563e-05,-111.23647893306357,1.510586882416366
110_Narrow,1895900000.0,1.0221191618689875,0.0006964118945765577,-63.786847154824216,0.03198377311860242,0.0016605163090525803,6.644216094072347e-05,-110.95673894058646,2.3961481192110834
110_Narrow,1895902500.0,1.0212485812029999,0.0005676534630880422,-63.901403743526906,0.034907014890690834,0.0016949002009341455,4.446274326994128e-05,-110.91469639339861,1.5921262012167658
110_Narrow,1895905000.0,1.0256164425933212,0.0005205088055662162,-63.98237956446043,0.028304620380777603,0.001678622005315009,5.7362856781795465e-05,-110.31369271090486,1.8738518327361438
110_Narrow,1895907500.0,1.0230159660344997,0.0006160114909735263,-64.00696508572703,0.03316846454920614,0.00168911831352874,7.512913041423504e-05,-109.359274540921,3.081687786762195
110_Narrow,1895910000.0,1.025154581577929,0.0006115864231256698,-64.03704327222724,0.03898971592690519,0.0016943564300818132,7.04223071247737e-05,-111.4685814144162,2.2043680545657383
110_Narrow,1895912500.0,1.0244674885014196,0.00039077269758071076,-63.83833031389892,0.048902516966455076,0.00169592705298654,4.9200974832592134e-05,-110.24557333123494,1.9375053777283873
110_Narrow,1895915000.0,1.0238450838492814,0.0006175958119923432,-63.978693292871434,0.044905476359886634,0.0016742404594627086,5.523446917745302e-05,-111.35736637459605,1.5244650023772222
110_Narrow,1895917500.0,1.0239224723032037,0.0007413110569118984,-64.01068154501432,0.0453147564069829,0.0016986660779931553,4.1179382074022736e-05,-111.55257139446192,1.6350321395673728
110_Narrow,1895920000.0,1.0231286665354908,0.0006985973308341879,-64.2471899973775,0.03785683895603083,0.0016853721901493128,5.3500140581866155e-05,-112.08779294465208,2.084771766452931
110_Narrow,1895922500.0,1.026789327483838,0.0005039870537219805,-63.76350121012243,0.04623432319099123,0.0017046325841686204,5.280411996213243e-05,-112.12842708882971,2.1411551497490886
110_Narrow,1895925000.0,1.0261714210839146,0.0004438991161976086,-64.0115208561721,0.04173041197135788,0.0016973500133782965,4.565513865141439e-05,-111.63210077918205,1.031411684269988
110_Narrow,1895927500.0,1.0227695818710287,0.0003814007326968557,-64.03457056644712,0.031916346861173235,0.0017057666719515964,7.6580754215854e-05,-111.84604281649706,2.4376885716452303
110_Narrow,1895930000.0,1.0245764008472225,0.000690451293609018,-64.08958840450724,0.043849071501191536,0.0016906206907531458,5.552489385354245e-05,-111.87831485514701,1.5042884649792332
110_Narrow,1895932500.0,1.0241210298834689,0.00068429740119586,-64.03961474853924,0.041360832533402205,0.0017179300007442676,7.304062732381547e-05,-111.42501162628648,2.314205736117268
110_Narrow,1895935000.0,1.0247829539576825,0.0004929514451119558,-63.98688413878754,0.03991865820131847,0.0016916015586681994,5.022610309565725e-05,-112.21901631635419,1.6137539485475272
110_Narrow,1895937500.0,1.0237378851003975,0.0007266091429425327,-63.855332631174406,0.030420029969654615,0.0017140656383139395,6.86502265914295e-05,-110.96276823164648,2.6830599578542302
110_Narrow,1895940000.0,1.0245946889710844,0.0005143356142907227,-64.10018070501704,0.034005351910729426,0.001705322480258714,5.7734089671273424e-05,-111.57076621238635,1.8617754767855048
110_Narrow,1895942500.0,1.0268591738811084,0.0007784338340744707,-64.06753365973282,0.031575749521767886,0.001709019955352977,6.257196948533707e-05,-111.55884447755375,1.5063571071336836
110_Narrow,1895945000.0,1.022313210024001,0.0005781024595474678,-64.10883285747433,0.0372615033158478,0.0017377594899640814,3.6866057436598916e-05,-112.11297714614132,1.4225196922068755
110_Narrow,1895947500.0,1.0281239038288887,0.0007397979537210851,-64.23841716194002,0.04952173510760553,0.0017047080590466366,6.023502748078685e-05,-110.60042681143906,1.905887214504477
110_Narrow,1895950000.0,1.0295752056592622,0.0006083562197535947,-63.997800576732885,0.04125275804878606,0.0017306771756962624,5.264770497103424e-05,-109.40087685058495,1.8076676432291
110_Narrow,1895952500.0,1.0252228081341568,0.0005595453566187683,-64.12648982095705,0.039818598022877835,0.0017181463540940287,4.869826318136635e-05,-111.57345161985842,1.5976896535019027
110_Narrow,1895955000.0,1.027683600249826,0.0007666083122432892,-64.04914108848513,0.04192760535115132,0.0017123740126769311,4.9970238910020454e-05,-110.71059212421632,1.5990178049521844
110_Narrow,1895957500.0,1.0235701343963302,0.0006007657035767411,-63.886683480777144,0.04028397236948553,0.001711662728219269,4.655234953387515e-05,-111.43687806949832,2.3030443652988613
110_Narrow,1895960000.0,1.0250172212150375,0.000700382919834078,-63.77674585028111,0.04380102427775738,0.001700359642743882,2.958373601322659e-05,-111.41331835353965,2.4730669663040596
110_Narrow,1895962500.0,1.022586467883615,0.0004528737680338153,-64.07675754942414,0.047863172114033896,0.00168502557020797,6.713833875241043e-05,-110.83233760023707,1.5930796056281444
110_Narrow,1895965000.0,1.0274483641769687,0.0006009628268811553,-64.08992701233082,0.02353724439084058,0.0017353313292357735,5.739672932297474e-05,-111.80870535431872,1.4077945014497169
110_Narrow,1895967500.0,1.021023992104151,0.0004449366389608251,-64.03399341135173,0.03329871166573251,0.001729074894458087,6.251201159336737e-05,-110.95456727191444,1.9930125647827341
110_Narrow,1895970000.0,1.0246765885175708,0.0004570557186001394,-64.17525358140179,0.030702096186345992,0.0016858126639921252,5.899997839444934e-05,-111.84450237857602,2.098503042428848
110_Narrow,1895972500.0,1.0224946583710035,0.000427441637407553,-63.830911494053026,0.050627358422059336,0.0017224140228587683,4.963302738104997e-05,-111.82602803318679,1.4582260230992474
110_Narrow,1895975000.0,1.024409505673354,0.00046571628564024564,-64.22626521790576,0.025455731255367025,0.0017318203475211072,5.8693331725416926e-05,-112.0782558497513,1.5153629536731674
110_Narrow,1895977500.0,1.0261113227913916,0.00040588906261498984,-64.30591572314299,0.04390872763778883,0.0017284441836637454,6.456919973013431e-05,-112.23475789313348,1.3750891597931352
110_Narrow,1895980000.0,1.0262282872058985,0.000573897456347921,-64.18520518426811,0.030009572388402284,0.001707187114885704,3.3874581925639276e-05,-111.7856289672677,1.6320653480361385
110_Narrow,1895982500.0,1.0262617524298618,0.00046972040301998573,-64.20677157134534,0.04097456408301496,0.0017254920840367143,6.149179671075076e-05,-111.96354289030694,1.711414888131607
110_Narrow,1895985000.0,1.0218090488479707,0.0005910290915722351,-64.07263459956155,0.03586157156450218,0.001725669257692149,3.915721993492195e-05,-111.78088399645252,2.109866754677023
110_Narrow,1895987500.0,1.027627601132729,0.0005692946973173152,-64.26521224486457,0.03334486232177078,0.001731986886678481,6.466648182237279e-05,-111.83964236239474,1.3982780756908033
110_Narrow,1895990000.0,1.0290543422435392,0.0005836611132808731,-64.13350689531035,0.035745944893138634,0.001743715092122844,5.72529488099813e-05,-111.50347333007335,1.3873009174844524
110_Narrow,1895992500.0,1.0236899267724389,0.0005148564208734707,-64.06507848511251,0.03296028255535718,0.0017407873781426844,7.372776914357627e-05,-111.38344753867035,2.0458051123803176
110_Narrow,1895995000.0,1.0261811319663066,0.0008543482463697522,-64.13639300763141,0.04491013904208187,0.0016989481646644369,6.033236070344501e-05,-113.17953250841997,1.264450298155175
110_Narrow,1895997500.0,1.023694812844315,0.0007236547320032006,-64.2773968514767,0.03437093628268446,0.0017515078151257946,5.726288946247122e-05,-112.06934484364665,1.8256807207316275
110_Narrow,1896000000.0,1.0233737015741946,0.0007346651851619853,-64.2294891621612,0.03690041841700913,0.001724108559266496,5.888191530811571e-05,-112.12658179460338,1.2683959164501837
110_Narrow,1896002500.0,1.0259169033675408,0.0006366179795186626,-64.25633832279986,0.03463707642566637,0.0017263254977804919,8.108880183259624e-05,-111.69273831104108,1.4271967030273927
110_Narrow,1896005000.0,1.0217753933826423,0.00041909607607308494,-64.38120313210399,0.03141511456333039,0.001744161521307516,7.257012981832805e-05,-112.75163227446005,2.5129089820478803
110_Narrow,1896007500.0,1.0247970702208518,0.0006813926617376295,-64.40139852567242,0.04556406713411104,0.0017318855597037977,6.413694119360435e-05,-112.70055471275242,1.9180500269764953
110_Narrow,1896010000.0,1.0267789360167594,0.0007124365472479276,-64.24259061157504,0.03560626095549833,0.0017391826866391502,6.940359795347577e-05,-111.4119728596241,3.3429974690369875
110_Narrow,1896012500.0,1.0268546976684623,0.000620966914862185,-64.29918603983032,0.032856321111260904,0.0017316088789873386,5.944753961673456e-05,-113.45731886734833,2.2110259588344885
110_Narrow,1896015000.0,1.0246861617394702,0.0005102839792532216,-64.25609450170427,0.035913058089208846,0.0017388517320898627,5.510914641433309e-05,-112.01390649377596,2.156700070877689
110_Narrow,1896017500.0,1.0257101200638294,0.0006938665757141594,-64.44708551583047,0.041810060502123915,0.0017751756315250624,7.984358742128117e-05,-112.90384205399462,1.9054701315588662
110_Narrow,1896020000.0,1.0245139367372706,0.00041015974727471975,-64.40571508586514,0.02814743376113316,0.0017666455805044835,3.170750765791207e-05,-112.84167069387641,2.2174594070143923
110_Narrow,1896022500.0,1.0241148075286501,0.0005584559270880289,-64.36211363592443,0.025207725412210873,0.001758629695278584,3.040416953247481e-05,-112.74382138536598,2.180600904456869
110_Narrow,1896025000.0,1.0240582452507707,0.0006202898774587651,-64.42023236824694,0.03769697337756929,0.0017432874380569586,5.218762539654481e-05,-111.28433386104666,0.9400355219668284
110_Narrow,1896027500.0,1.020907704555345,0.0006209727003479419,-64.39983721218215,0.03960379757869441,0.0017391593656267156,5.371379572181989e-05,-113.29272471744963,2.511818644153223
110_Narrow,1896030000.0,1.0224261599669617,0.0005701587748353432,-64.19320482560002,0.03511510207079584,0.0017290297346293391,7.086632165686059e-05,-111.99048571246598,2.131200027780021
110_Narrow,1896032500.0,1.025679680642214,0.0005500187454257306,-64.33114163747983,0.02835177997675834,0.0017727825734384355,5.968182353830396e-05,-112.5697809310244,1.5689244437034506
110_Narrow,1896035000.0,1.025285510079231,0.00036159846025212464,-64.29365028843903,0.03832965318721706,0.0017398215496404214,4.7560753584963364e-05,-112.67489912603814,1.073779974032056
110_Narrow,1896037500.0,1.0236089555860257,0.0005561489126787031,-64.2026687901096,0.04042539655268044,0.0017380896751986682,4.9901848566582414e-05,-112.55906716824461,0.900798193637361
110_Narrow,1896040000.0,1.024618419342261,0.0006677796790580027,-64.39052737496714,0.055172661022627356,0.0017717509584913263,6.24430207785541e-05,-112.77756406503184,1.5303778241776764
110_Narrow,1896042500.0,1.0243563955884378,0.0005336582968520762,-64.6263262460711,0.05132332109178955,0.0017421815232837755,5.082347610169959e-05,-112.85527972301598,1.8589344196820587
110_Narrow,1896045000.0,1.026278062923169,0.0007427773264043314,-64.19113519732537,0.03772908729580485,0.0017546523841994084,3.9198753529141854e-05,-113.03178197172407,2.362581320121592
110_Narrow,1896047500.0,1.0219919234590942,0.0006709209059785515,-64.48946978372973,0.0508018760454836,0.0017107220745861142,8.672156567801533e-05,-111.13330532507179,1.868099645261924
110_Narrow,1896050000.0,1.0243400653645414,0.0005993933861123462,-64.48493994226851,0.03815352034199808,0.0017656351845595384,5.8869282561477276e-05,-112.98623361570772,2.20532526890699
110_Narrow,1896052500.0,1.023504647211368,0.0008323796800796902,-64.30298322065086,0.04415527609798871,0.001741295332733794,3.675430174224098e-05,-112.61963277497794,1.5177477060329456
110_Narrow,1896055000.0,1.0238458346957398,0.0006745809519259651,-64.27699772592887,0.0368095179859739,0.0017515932629078284,4.159952663204481e-05,-111.98610625232831,2.308913741134165
110_Narrow,1896057500.0,1.0252554205232782,0.0007035161577269731,-64.4669002624756,0.0316765694450914,0.0017588467127456666,5.608566199354175e-05,-111.51847053451009,1.3759107860389985
110_Narrow,1896060000.0,1.0243895331419224,0.0005641910397993693,-64.66453864000921,0.04686026915960591,0.0017890748799381138,5.012133364919041e-05,-111.36817035030101,1.3755792120092103
110_Narrow,1896062500.0,1.022632472701743,0.0007119449669228811,-64.51255455678931,0.03221949066664508,0.001764287581414737,5.0319455864232556e-05,-111.96256269946974,1.478469407947946
110_Narrow,1896065000.0,1.0262120976886635,0.0005218237307225775,-64.47397017560279,0.04106374112523707,0.001766914113407343,6.889495135167705e-05,-112.44904578105283,1.6787604454102258
110_Narrow,1896067500.0,1.0243291149996856,0.0008895130853145604,-64.2254475288172,0.04437885576217175,0.0017638563583403616,5.4286815500208074e-05,-112.19427586437332,1.7064601502586905
110_Narrow,1896070000.0,1.0242257311508953,0.0007883887527947956,-64.80695632710905,0.042727288388874275,0.0017596648923633683,5.7241245087872024e-05,-113.77338495627447,1.5366341331891669
110_Narrow,1896072500.0,1.0261920158244278,0.000719704364202834,-64.41546321115146,0.03485074775591802,0.0017460539582360114,3.9618292007204304e-05,-112.0228975829063,2.001985399854668
110_Narrow,1896075000.0,1.0230368803101846,0.0004889113242487362,-64.46203055128349,0.04492397171411554,0.001779910686579117,5.381657440715057e-05,-112.28303809224388,1.4872347454411647
110_Narrow,1896077500.0,1.0232628077810193,0.0006248848416255975,-64.54669888785874,0.04194242966638171,0.001748149964726741,8.13008503774666e-05,-112.94915922956906,1.3750628900804205
110_Narrow,1896080000.0,1.0279214366849092,0.0006123605477267224,-64.61330131971492,0.04094177531342628,0.0017913567277562884,6.76944343070713e-05,-112.37970029994251,1.2676420894013887
110_Narrow,1896082500.0,1.0212951415538514,0.0005005106323949662,-64.60082639638361,0.0454380014968344,0.0017548584897061422,6.484897998282819e-05,-111.69235984528268,1.6433814119714227
110_Narrow,1896085000.0,1.024470244058587,0.0008220605124826938,-64.32926892136307,0.030311526834359316,0.0017855892277840566,8.59266928356317e-05,-112.02276184680758,1.8916518643330003
110_Narrow,1896087500.0,1.022925154251622,0.0005901982453379389,-64.49736746081105,0.03506010647288206,0.0017646231758083539,2.494762939905188e-05,-112.82566022795731,1.8110313745154352
110_Narrow,1896090000.0,1.026776411543876,0.0005010732095389592,-64.59018309108782,0.04618906588790031,0.0017825250608501243,7.131925734000995e-05,-113.5181183613384,1.2909113105412962
110_Narrow,1896092500.0,1.0236481122112377,0.0006409713192268256,-64.51587540869056,0.029327753450714398,0.0017949587439500137,6.149009591657027e-05,-112.5624840970869,1.520725372550184
110_Narrow,1896095000.0,1.0236482453788842,0.0004634953359773791,-64.45774837158791,0.04408334156633945,0.0017637097862618608,4.269301119907587e-05,-112.12700366034464,2.0336493277127916
110_Narrow,1896097500.0,1.0241681481318679,0.0005892524254894455,-64.61831728707037,0.03632589211098487,0.0017766996475876715,6.074920094838351e-05,-111.96232752693238,1.81939748145087
110_Narrow,1896100000.0,1.0215075596931966,0.0007375554371328216,-64.42969710523616,0.029426018192559297,0.001783265103088726,2.3000817045178157e-05,-111.08573393245761,1.4416071933876096
110_Narrow,1896102500.0,1.0207137605701102,0.0003331156578298454,-64.63192353622387,0.05207699688551168,0.0017742971122231294,6.081370885591091e-05,-111.9673487120206,1.2253444749173772
110_Narrow,1896105000.0,1.0265547206365118,0.0005875952469328098,-64.52749314010433,0.024442099401279047,0.0017989754648430872,3.8486979101171636e-05,-112.41411797577332,1.6584901250436221
110_Narrow,1896107500.0,1.02532715921258,0.0004533817139215661,-64.52538416318731,0.020686904903359116,0.0017976921804997294,4.592258561719506e-05,-112.28838616871825,1.2047276953255037
110_Narrow,1896110000.0,1.0214791193170982,0.0006920344334528212,-64.65080037975356,0.033087015001417454,0.0017885385625020596,7.497171167832337e-05,-113.01179901881862,1.528892967828237
110_Narrow,1896112500.0,1.0240880651270432,0.0004653880225845723,-64.67006508095768,0.05355953415719322,0.0017940021171366054,5.4390377622033496e-05,-113.19881266058583,2.0954777133182607
110_Narrow,1896115000.0,1.0251771585069578,0.0007088687452661095,-64.61600940336056,0.046360632629020175,0.0017995651082368456,5.463895909050019e-05,-112.84807666152345,1.641625392734395
110_Narrow,1896117500.0,1.028510375526058,0.0005648378265050146,-64.62132575622714,0.035253540526352205,0.0017995525590932223,5.0020868909835026e-05,-113.60294766043884,2.186779386340546
110_Narrow,1896120000.0,1.0266943059136884,0.00043479473744404215,-64.76689710505417,0.03208852442163969,0.0017725897714272261,6.462263201603237e-05,-111.685154251234,1.6829583895125457
110_Narrow,1896122500.0,1.0233601872808256,0.00042933645952327175,-64.5491168076086,0.033922794311005484,0.0017597108983078555,7.274896912187402e-05,-112.77404249698,2.2497399398085736
110_Narrow,1896125000.0,1.0241415432214336,0.0006327904951985313,-64.51894507578456,0.025745172060200258,0.001830237468705649,5.448720013065055e-05,-112.01599447514893,1.847584749010438
110_Narrow,1896127500.0,1.0273698355286045,0.0007993292773620858,-64.57434940082926,0.038540363891761575,0.0017914378356043152,5.4461323707691104e-05,-112.68207943894028,1.8573403346519055
110_Narrow,1896130000.0,1.022829675953466,0.00035107973457810865,-64.49253069080287,0.027670857107314817,0.001766982760787978,4.207381800705664e-05,-113.46721364117114,1.213412956715921
110_Narrow,1896132500.0,1.0247914067040382,0.0008435978875999228,-64.7373323585549,0.03940751562427722,0.0018450738511006527,3.489108274375744e-05,-112.56972803986251,1.373636915293666
110_Narrow,1896135000.0,1.022538465544816,0.0003782506075228382,-65.01120196845326,0.03143798414263857,0.0017922656987125925,4.5239558655784697e-05,-113.4230961979961,1.3188301516895522
110_Narrow,1896137500.0,1.0244742101126325,0.00065338407029372,-64.71357209289974,0.03714140749902442,0.0018297703744206697,5.667630948710233e-05,-111.77559813993683,2.5571180825724342
110_Narrow,1896140000.0,1.0242694628563265,0.0005398985324198231,-64.70461429312802,0.046786342219045776,0.0018273168397359744,6.221917222802485e-05,-113.67488369128203,2.6897628689511235
110_Narrow,1896142500.0,1.0255791592508685,0.0007095647978471908,-64.76912356509169,0.052251046813446736,0.0017878055256667744,6.688762246031746e-05,-112.86685748494195,1.7609209043650835
110_Narrow,1896145000.0,1.0243685580891777,0.0005088386699401594,-64.87250835412884,0.040251477573454875,0.0017822296808731187,3.6952124696886146e-05,-112.20071508289652,1.7697097876366963
110_Narrow,1896147500.0,1.021237565677905,0.0006143011526511824,-64.70845445671134,0.02937788640774223,0.0017986413787944545,5.4569953017037484e-05,-112.33570184486327,2.290554605911013
110_Narrow,1896150000.0,1.0240571876871096,0.0006927629854369156,-64.73804379726933,0.03651197308407525,0.001807692474695592,5.348035759354764e-05,-113.81090709744457,1.5486417386672298
110_Narrow,1896152500.0,1.0267217972345737,0.0006947246786144276,-64.63540556034616,0.04827908848884218,0.001817839126136563,6.294082828885277e-05,-112.83858712473857,2.2185162660604996
110_Narrow,1896155000.0,1.0241029621061628,0.0007566131410831592,-64.70080649544366,0.0452584127291085,0.0017913330939718574,4.690606726120224e-05,-112.26781828510748,1.7571708719554406
110_Narrow,1896157500.0,1.0247026188112416,0.0005058702762051662,-64.67071060216733,0.03323999867785722,0.001834015701998625,6.57834302744323e-05,-113.61568794628403,1.4048244018024427
110_Narrow,1896160000.0,1.024403998339337,0.00035555469900719425,-64.73749540513711,0.022881077815693675,0.0018382950958985818,5.320499649334138e-05,-112.7535228765194,1.5719728277634903
110_Narrow,1896162500.0,1.0237979098012029,0.0007016593185761786,-64.67848082057992,0.03556308337082814,0.0018139520966401368,5.3276462861294936e-05,-113.07555948360817,1.8785898922580477
110_Narrow,1896165000.0,1.024241714907542,0.0006202827769413008,-64.90596730755313,0.03635061378185528,0.0017960535717185433,4.305596726212467e-05,-113.42097737060982,1.8876662091183682
110_Narrow,1896167500.0,1.0235684113325345,0.00045076144330777877,-64.89363528218622,0.033159415355168684,0.0018012149104974992,7.342395982087982e-05,-114.24745928563786,2.045627835274819
110_Narrow,1896170000.0,1.027680276435758,0.0005468039955594708,-64.85377615933443,0.04076696426326156,0.0018211843575358425,6.903323827380227e-05,-112.95922210186389,2.3822051662203156
110_Narrow,1896172500.0,1.0233483020144805,0.0005930797178795517,-64.76816115799775,0.026931935533034888,0.0018174926873481176,5.867254149705452e-05,-113.3458974104694,1.8123034869515293
110_Narrow,1896175000.0,1.0250238054083347,0.00044373033064674044,-64.80086114038083,0.02896502888542344,0.0018195313312367367,7.06849810273861e-05,-112.14509330376497,1.8445225474236824
110_Narrow,1896177500.0,1.0247495682854595,0.00042750242475635754,-64.91958321749311,0.040418914581761625,0.0018185978643071295,5.299698505894294e-05,-113.04202694382134,1.8921529600172673
110_Narrow,1896180000.0,1.0218198083271373,0.0006414843875615503,-64.8604323757819,0.03135162493836455,0.001826095336704572,6.870154572150868e-05,-113.92111931431168,1.2212048022014983
110_Narrow,1896182500.0,1.0249397467858428,0.0006628447118799171,-64.90163540157104,0.028582238309370758,0.0018007824589653528,5.154621326904438e-05,-114.29775918046928,1.7469783759541484
110_Narrow,1896185000.0,1.024391984242563,0.0006222497818904107,-64.84824549089076,0.036680737838284065,0.001813224665072043,6.807228097304929e-05,-113.8007398474917,1.708895392853614
110_Narrow,1896187500.0,1.0246761155775725,0.000680047078699685,-64.8554433349262,0.05155257406533734,0.0017982253689805177,7.515425277855303e-05,-114.88263255695485,1.823381813546987
110_Narrow,1896190000.0,1.0267346007252882,0.000579377892802125,-64.8381160075244,0.02984003922239344,0.001859210923303841,5.7257306546327247e-05,-112.38614542673913,1.1360761545918645
110_Narrow,1896192500.0,1.026393100781256,0.0007098521349908852,-64.80252761879315,0.04535854784249381,0.0018573878559497861,5.845578965881532e-05,-114.37718229590325,1.8170821194320395
110_Narrow,1896195000.0,1.0210246818542765,0.0007966967781964444,-64.89908794640034,0.038514182757737894,0.0018446779770573865,6.50843796482103e-05,-113.54098316980613,2.315127958002014
110_Narrow,1896197500.0,1.0250122573106122,0.0006961737324112574,-64.9704473996417,0.050340613915861254,0.001830100356953871,6.833097237048725e-05,-112.86249430024583,1.3974914978966813
110_Narrow,1896200000.0,1.023879573862068,0.0007334575679678181,-64.72452855760328,0.0410757029382532,0.0018204992499914526,4.045612536154227e-05,-113.11732083563176,1.5168854010449564
110_Narrow,1896202500.0,1.0187434632415049,0.000693042674456784,-65.07467985487895,0.03291918137668883,0.0017929594831349403,4.706360821219619e-05,-112.81140911281007,1.8313506535185895
110_Narrow,1896205000.0,1.0241835865630422,0.0005747822423296134,-65.01175003887317,0.038511996268329754,0.001826535853980545,7.450075980151369e-05,-113.98718942703975,1.2186277855550784
110_Narrow,1896207500.0,1.0246919586470538,0.0008311226109707624,-64.82306806652917,0.023504142989462583,0.0018418806121671258,5.221733776153277e-05,-113.91706676797276,1.7005056203194697
110_Narrow,1896210000.0,1.0201305568270196,0.0006592563383782417,-64.9937786962241,0.03394236562411772,0.0018568205624568178,5.5296665286974925e-05,-113.21668918752835,2.2252939761128734
110_Narrow,1896212500.0,1.024701087119445,0.0008794508225624341,-64.90489132713138,0.02805409673154504,0.0018306696365571254,5.269189632311754e-05,-113.49126784472578,1.4985572485204735
110_Narrow,1896215000.0,1.0240234582150343,0.0006758333077229094,-64.76456490446552,0.037396848752327926,0.0018510128079325212,4.622756265950935e-05,-113.94282142311295,1.985101907262889
110_Narrow,1896217500.0,1.0251951940928632,0.0004747672552141489,-64.92818732564751,0.03420104164207564,0.0018859007012657816,5.8105714466228354e-05,-113.53906183574631,1.2367835491869283
110_Narrow,1896220000.0,1.0212060674754857,0.0006541591582367826,-64.83504869225476,0.027771077241091704,0.0018256858816205637,6.255836393284345e-05,-112.77881105378113,1.6386373357919302
110_Narrow,1896222500.0,1.0248579355331098,0.0007589609225685157,-64.96023841228582,0.04486805871502321,0.001867875247648016,6.118143342145888e-05,-114.26401656667551,1.783211242090275
110_Narrow,1896225000.0,1.023077628058254,0.00043547247323347623,-65.19801282144283,0.023467951530241782,0.001885414328568592,6.049344623508515e-05,-114.02130595374716,2.5420023796428857
110_Narrow,1896227500.0,1.0254571260181553,0.0009409099369454751,-65.15034001508585,0.054951364871092916,0.0018692373414084247,5.029297949024761e-05,-113.45033013464823,1.298633027007864
110_Narrow,1896230000.0,1.025792598042622,0.0006269232453909679,-65.14002778092258,0.03960266869535385,0.0018563992697262991,6.033336141455576e-05,-113.59907385012966,1.3594470166710548
110_Narrow,1896232500.0,1.024060860848171,0.0005870935910240745,-65.09429085011146,0.03151629520387751,0.0018857247395797018,6.370247807252979e-05,-112.53075846329234,1.0449286361610257
110_Narrow,1896235000.0,1.0243825110629259,0.0006349650186025801,-65.0639019935278,0.034686604521088786,0.0018243813437612746,3.6498880410389126e-05,-113.778951945005,2.5416689936969163
110_Narrow,1896237500.0,1.0233006699968688,0.0009135494608768371,-65.04809804832229,0.04424430449226954,0.0018252186452091936,5.8449805402579084e-05,-113.96211209416133,1.8172470557439755
110_Narrow,1896240000.0,1.0266115005947662,0.000492562303766275,-65.13916691985855,0.019778069118700944,0.0018466604025456272,5.306394747823509e-05,-112.71467015717414,1.3646195833463253
110_Narrow,1896242500.0,1.0232406349101237,0.0005508605754104486,-65.33042362138895,0.028804583944399414,0.0018787083351975418,6.276459603633509e-05,-113.94926458023735,1.9036802885424193
110_Narrow,1896245000.0,1.025483353214144,0.0007328272784856424,-65.2121168203204,0.03064991835628552,0.0018751392949362285,5.428240972354488e-05,-113.84715490513457,1.746283192948312
110_Narrow,1896247500.0,1.0242408374830525,0.0006324457425564115,-64.8871448214056,0.04564556548798991,0.0018637797757391525,4.182952478326728e-05,-114.04869718566347,2.3089552800897906
110_Narrow,1896250000.0,1.0233963007176812,0.0007055176352345811,-65.26206881112046,0.05304760446614023,0.001867909066118166,6.286168163032906e-05,-114.10577878809926,1.1336079974272106
110_Narrow,1896252500.0,1.0238200103148205,0.0005576272051155197,-65.41028917705506,0.05081599559419849,0.0018691457250768005,4.67572772614997e-05,-113.69010872859329,1.1636484207372517
110_Narrow,1896255000.0,1.026314872478446,0.0005477083365634022,-65.25126893809468,0.02572111979943416,0.001875019124549715,7.319973566395738e-05,-113.3494406590137,1.7611756198938815
110_Narrow,1896257500.0,1.0247769152752755,0.000634717237541111,-65.24469783554383,0.03558155624357969,0.0018823136272128225,8.329601414216586e-05,-113.37464632302269,1.3360662927368547
110_Narrow,1896260000.0,1.0238626055017839,0.0005722905494316474,-65.09867187964728,0.0409872380559916,0.0018758133599619225,5.303014699204422e-05,-112.31195476774381,1.1198104565972558
110_Narrow,1896262500.0,1.0225317782575905,0.0006747164004608133,-64.92008095247753,0.04347739118155495,0.001869600043681397,5.463973744474699e-05,-114.60484032995065,2.5717618498263537
110_Narrow,1896265000.0,1.0241419056737358,0.00068082695590119,-65.37432372407548,0.048195531666061164,0.0018832173169540563,4.19786639954253e-05,-114.05086314311131,2.510490480880527
110_Narrow,1896267500.0,1.024356406877087,0.0005017320937374348,-65.33471448135124,0.0467278329130597,0.0018734521395605676,4.8964995152388386e-05,-113.17696984091829,1.690345493069428
110_Narrow,1896270000.0,1.0261971610074925,0.0004987036796878489,-65.19035524338986,0.030780961382526416,0.0018730689869179635,5.6870696990481826e-05,-113.71166392446183,1.93779658488537
110_Narrow,1896272500.0,1.0246733935261803,0.0003458524764251887,-65.33596111197744,0.029075145293761585,0.0018502903049382449,5.474609946177144e-05,-113.61505037916726,1.5190543503606633
110_Narrow,1896275000.0,1.0231190977940032,0.00032758021010317423,-65.31270969217549,0.03863529248219548,0.0018735305953699974,5.385407216073127e-05,-114.05869854257315,0.9124043143509635
110_Narrow,1896277500.0,1.0267888957913807,0.0005839812696654629,-65.15087883067507,0.06199568944642128,0.0018796937777316707,3.4016529907991e-05,-114.28627929311466,1.4734359455780504
110_Narrow,1896280000.0,1.0268429162564696,0.000811753117257534,-65.23992254046257,0.04086715081160146,0.0018746868031758576,6.183966686976954e-05,-113.59406014407097,1.6419624624320601
110_Narrow,1896282500.0,1.0251547854606824,0.0007527419908290156,-65.22468876861524,0.02744531018743819,0.001892400955969771,5.5994250605617414e-05,-113.28118019405677,2.0003541330491648
110_Narrow,1896285000.0,1.0211552195967504,0.0007200820216252264,-65.36380580491772,0.04181618176203344,0.001873871051377141,3.4409336346156895e-05,-113.5928850548841,2.240820180808768
110_Narrow,1896287500.0,1.0172903964862272,0.0007725815367576719,-65.17052832898788,0.03894592092001062,0.0018607251016486805,3.932075952683387e-05,-114.31538268495234,1.3126903410440165
110_Narrow,1896290000.0,1.0220548225665331,0.0006173381410032377,-65.16146591097232,0.03746643731568799,0.0018887037094707162,6.991196191779522e-05,-114.15473419368975,2.130292240373424
110_Narrow,1896292500.0,1.0241503916011112,0.0007490316856444434,-65.29512710830001,0.04435923403387324,0.0018955910462263711,1.9870787078812036e-05,-113.40886911676789,0.9988425047667464
110_Narrow,1896295000.0,1.0233322216507652,0.0004890601211254344,-65.4863393218603,0.04470706500743364,0.0019132635906151732,4.03707908373476e-05,-115.238395155248,2.402267552996539
110_Narrow,1896297500.0,1.0272915414024977,0.0008636902058460582,-65.28023753209169,0.033733219845451405,0.0018958131198485678,5.3115316121384754e-05,-114.8105491239237,1.6640233171895829
110_Narrow,1896300000.0,1.0250770615442129,0.0003974527565957212,-65.45603972784562,0.0471886269450354,0.0018813131134897188,4.2286365976371565e-05,-113.72279459916061,1.519356173378531
110_Narrow,1896302500.0,1.0233910116484983,0.0004712524183791882,-65.32330137885428,0.03741565780399726,0.0019073840149643783,5.097481017119826e-05,-113.93858879905846,2.0016892559990755
110_Narrow,1896305000.0,1.023638311402934,0.000901018738550198,-65.2014708163186,0.03333172498442292,0.0019289114784226964,5.7826743712733194e-05,-113.12734046848176,1.1899065080800877
110_Narrow,1896307500.0,1.025165096483893,0.0003340030853065787,-65.28351611122885,0.03361785434601938,0.0018963093571176793,3.963944032863773e-05,-113.45093815572191,2.1540758553527075
110_Narrow,1896310000.0,1.023232435567416,0.0006447217771830219,-65.49164623447166,0.025171178694393313,0.0019102097008036338,6.750053890244131e-05,-114.34219954736777,1.4809212732900332
110_Narrow,1896312500.0,1.0220135967536272,0.0006309513755645254,-65.4711171380684,0.016576818278987108,0.0019340601046717203,3.2620469591789366e-05,-114.06843410191765,1.6412421456102448
110_Narrow,1896315000.0,1.025006550464131,0.0005561872647806807,-65.26932354182831,0.029043569190942684,0.0019160576400759088,4.622016784664535e-05,-114.11749660956131,2.247837747706737
110_Narrow,1896317500.0,1.02559107241755,0.0006312792387869715,-65.47206391514848,0.04194278451435461,0.0018770905654065032,6.903705348740873e-05,-115.79378710840784,1.6485403177445328
110_Narrow,1896320000.0,1.0224007650190554,0.0008440707931201487,-65.42995459425362,0.03488305871421566,0.0019077185359833865,4.714441189447895e-05,-113.02177957052797,2.1076483732536877
110_Narrow,1896322500.0,1.0253904037492454,0.0005817401003299767,-65.25716863829038,0.04623764465635665,0.001924215801298542,4.485504596321487e-05,-113.95002652071088,3.0146236622910827
110_Narrow,1896325000.0,1.0240051993499555,0.0004924199635177974,-65.49633613986194,0.053899502289765616,0.001898810916653199,5.048782337685275e-05,-114.01785032161274,1.7424701719610143
110_Narrow,1896327500.0,1.0242221477507911,0.0003605428533730055,-65.22480392600261,0.04597082406901738,0.0019463465650233424,6.63078833591875e-05,-114.30657853378098,0.760904334055163
110_Narrow,1896330000.0,1.024139135025191,0.000849823743598117,-65.37278414508332,0.01884678588554573,0.0019133483571433334,4.744554547956314e-05,-115.4965858701633,1.2244695728618358
110_Narrow,1896332500.0,1.0252030678852777,0.000586490519869466,-65.3949563719193,0.02992562712524346,0.0019397522927661155,4.5004948177139646e-05,-113.52426778762681,0.823580662822751
110_Narrow,1896335000.0,1.0240909298359755,0.00046186786325784946,-65.41547924353713,0.04229245041221169,0.0019228219208031348,2.9366066133293628e-05,-114.93392010477078,1.5735822993998052
110_Narrow,1896337500.0,1.019363317814355,0.0005587751343786322,-65.47871391966311,0.02141066536254641,0.0019191037398929556,9.918224454479853e-05,-114.47626554849352,1.7332346801716445
110_Narrow,1896340000.0,1.025204758647768,0.0005486476531263784,-65.44913583280852,0.02333020767167029,0.0019117909523605737,3.8925578139126536e-05,-114.10500259596628,1.362259265466472
110_Narrow,1896342500.0,1.0221999582190149,0.0005856628219810595,-65.51433036552524,0.040992342837965504,0.0019226736480992598,5.5571967030580294e-05,-114.60852958746781,1.5389914061722598
110_Narrow,1896345000.0,1.024735860889321,0.0005030169142552544,-65.5014343320379,0.02666161791104199,0.0019250708238188151,6.275443016954036e-05,-114.23728923045996,1.728193714164509
110_Narrow,1896347500.0,1.0244235934904768,0.00043702130889752827,-65.67009826340343,0.029571271287750063,0.001928230047756813,4.794683544724394e-05,-114.37376625189482,1.0796705726636335
110_Narrow,1896350000.0,1.0245634998776132,0.00047670302352307886,-65.66824590320368,0.03097385350477579,0.0019120190959430073,3.743836649722419e-05,-115.20326633709095,1.2250774896187262
110_Narrow,1896352500.0,1.0248022077270411,0.00026500161647817147,-65.49003969079523,0.046267215384291266,0.0019453510935885376,3.3166065047362374e-05,-113.29413293799735,1.4204368419572635
110_Narrow,1896355000.0,1.0255598618326283,0.00037149185887680626,-65.49185805700043,0.03395031321440503,0.001974723124733917,3.1796322136901876e-05,-114.05425627678522,1.8742799279111628
110_Narrow,1896357500.0,1.0208828834113026,0.0005054854772709999,-65.68906447142669,0.0314537052080277,0.001932338670521044,6.511261436310985e-05,-113.64280333102779,2.6796444157708965
110_Narrow,1896360000.0,1.023656730971289,0.0006764913715859697,-65.586439667075,0.041605717659005,0.00193764114515548,7.957531366212563e-05,-114.84424189105951,2.207606128230008
110_Narrow,1896362500.0,1.0223851846887968,0.0007793206614683351,-65.66840130230797,0.03305141685021912,0.0019244018041761877,3.765994517773882e-05,-114.30720406205519,1.4570279909764718
110_Narrow,1896365000.0,1.0221443686586178,0.0007032344432038691,-65.602080602536,0.04669448846295592,0.0019212332435518385,4.8534713947769014e-05,-114.9536821559139,1.3607652397105188
110_Narrow,1896367500.0,1.0241735619599166,0.0005680134037162394,-65.72500807126329,0.04355758694812219,0.0019180334029497573,6.437831745971731e-05,-114.88325959540066,2.531134971131974
110_Narrow,1896370000.0,1.0227257997092658,0.0007456218016331775,-65.5605137513039,0.036573557250947235,0.0019274092651615658,5.163200558452133e-05,-114.83039621704295,2.144668454219375
110_Narrow,1896372500.0,1.0276344017554482,0.0007050779092278608,-65.53287945660949,0.040540091883934634,0.0019620111211414836,8.177806729221855e-05,-113.77690929537167,1.6266357053122396
110_Narrow,1896375000.0,1.0208347401221285,0.000639244494051427,-65.60806876600526,0.035009451399704884,0.0019420317431469772,8.668121627378793e-05,-114.16892606015091,2.2678425146928753
110_Narrow,1896377500.0,1.0218508416612053,0.0005415730643243479,-65.59633200904138,0.0346420558158378,0.0019649577964012638,4.297600104848814e-05,-114.80896560757918,1.7973420533902607
110_Narrow,1896380000.0,1.025314915795202,0.00038817298493108693,-65.62293867409053,0.04212127929785651,0.001940434445789257,4.768469907015178e-05,-114.61464435598724,1.5616504171751973
110_Narrow,1896382500.0,1.0222696498007575,0.0006216017043475732,-65.72958065994952,0.03134990929934767,0.001937707391031072,7.900325373101999e-05,-114.71978157398074,1.3601746518086506
110_Narrow,1896385000.0,1.0231250449433296,0.0004852056370922946,-65.76043106712451,0.025600750392796426,0.001929059800233079,7.281653889725903e-05,-114.97866467913882,1.436293928774883
110_Narrow,1896387500.0,1.0209222474382047,0.0007796769553063971,-65.7728855933716,0.038449213955188494,0.001971429804838896,5.763464839426067e-05,-114.62665699579841,1.899168452606842
110_Narrow,1896390000.0,1.0232186546256847,0.0006294415566890958,-65.82866483561283,0.028060678493027087,0.0019416600538771265,2.2035093557331934e-05,-115.63185655161395,2.4535660929517964
110_Narrow,1896392500.0,1.0201567773630673,0.0004274105423088074,-65.71735757279592,0.03435808165106869,0.0019709651232750875,6.318011435331617e-05,-114.3553028650822,1.051846683310604
110_Narrow,1896395000.0,1.024304654036239,0.0007779682385835267,-65.80436445612487,0.025814726903374812,0.0019500781348285286,4.752920020829926e-05,-114.62663494273932,1.6336450205875774
110_Narrow,1896397500.0,1.023754225574818,0.00044783369033019006,-65.922747744132,0.059449745689576894,0.0019424059201699866,5.7405154158483034e-05,-115.26765208668493,1.082516790118088
110_Narrow,1896400000.0,1.0219553082961097,0.0006449525924238966,-65.82565386252793,0.032217415380438284,0.0019507872903819596,4.738949746437884e-05,-114.89294935534195,1.6855567432777225
110_Narrow,1896402500.0,1.0273655889106654,0.0007119754090544869,-65.54129446370868,0.038203918993753756,0.001975052251407652,6.898475040821663e-05,-114.32711052880673,2.347784199635327
110_Narrow,1896405000.0,1.0226850314949072,0.0003208857802121427,-65.82758067587153,0.031841661462800284,0.0019776572887239057,3.6869486804436147e-05,-114.71395204585426,1.3905302349470317
110_Narrow,1896407500.0,1.0279407362877404,0.0003861835064527558,-65.79371795158438,0.03452928116533371,0.0019696829207860285,5.9777524319527323e-05,-114.60642527293031,2.0340633407873088
110_Narrow,1896410000.0,1.025692292175593,0.0006748994496181146,-65.88401751718033,0.03267963660188795,0.0019533583321516015,5.502301051677745e-05,-115.69751419715936,1.6945242953146227
110_Narrow,1896412500.0,1.020968943121538,0.0005208445952693488,-65.88726204892131,0.02945088463719352,0.0019909981474560048,5.7491626836883176e-05,-114.50583293892565,1.7310584718895141
110_Narrow,1896415000.0,1.0228859637823782,0.0007722343279929563,-65.91029948885674,0.026767781248241224,0.001950456728232202,4.639979602498503e-05,-114.78846293838595,1.6441761692202914
110_Narrow,1896417500.0,1.0223376140316485,0.0005119286643819432,-65.86506522691987,0.0343672564701082,0.001967094414533335,3.249410341970649e-05,-114.60574829742637,1.0456538710715335
110_Narrow,1896420000.0,1.0246534764234911,0.0004884379155025234,-65.80811941451547,0.04275956362750985,0.001973450778717527,5.2692638621561316e-05,-115.15368800999937,2.169315301617876
110_Narrow,1896422500.0,1.0220974685401316,0.00032513976829351036,-66.04600134050102,0.03730713671805006,0.0019907510044710193,6.471004821597345e-05,-114.63458994922372,1.7471972074090794
110_Narrow,1896425000.0,1.021347629073439,0.0005026111277045193,-65.91807696875718,0.03378906888800678,0.0019467100867938346,5.876359420593833e-05,-114.04746822999753,1.2724705305032893
110_Narrow,1896427500.0,1.0249867637819055,0.0007416478612236322,-65.77664471042833,0.03415295334707831,0.0019814010114305794,4.969368594593898e-05,-115.13055385335566,1.947362898302391
110_Narrow,1896430000.0,1.0241858103954824,0.0007643852513612132,-65.70210763478647,0.04065230706769083,0.001986125713229104,4.734248362622641e-05,-115.14663626386593,1.913436370394294
110_Narrow,1896432500.0,1.0230791547701115,0.0006771967173141227,-66.20824928395535,0.028339636356250825,0.0019347931293639876,4.4440808656247665e-05,-116.02840826554072,2.2655070401855473
110_Narrow,1896435000.0,1.025420158393384,0.0006500997810385459,-65.91899243089722,0.036388105809712384,0.001957314401968488,4.560119304841184e-05,-115.16737802211556,1.3085788279649164
110_Narrow,1896437500.0,1.0269061813799512,0.0006053906448641865,-65.65194265253356,0.046237368974229774,0.0020125753218789492,5.035854011037979e-05,-115.40327629519682,1.289303423824972
110_Narrow,1896440000.0,1.0231736927915764,0.00061274051447875,-66.14284568610253,0.03969472998123725,0.0019673429816783575,6.12494304612287e-05,-115.60751746658131,1.9502988991681645
110_Narrow,1896442500.0,1.0228352516258998,0.0008467411551141077,-65.82744098210262,0.04365044280853884,0.0019752953733902963,7.047022349883356e-05,-114.67196805889107,1.5280494420471897
110_Narrow,1896445000.0,1.0252919901005615,0.0007708146197070283,-66.04794422571196,0.045088122098644066,0.0020028268525378074,5.9860290866013105e-05,-115.4947387838386,1.2059820229056737
110_Narrow,1896447500.0,1.024272075527586,0.0004639178388041991,-66.02670819594447,0.03528180413778688,0.0020034257031399452,6.143405365338694e-05,-114.69926389642441,0.7437411212124202
110_Narrow,1896450000.0,1.0207598917361376,0.0005667526383952659,-66.11832509832772,0.03768308219723914,0.0020054949966009073,5.764701813560636e-05,-114.69516030132498,1.6322014543482
110_Narrow,1896452500.0,1.0232997602131508,0.0005426353215105713,-65.86838929682551,0.023037330597783134,0.0019941052263465694,5.189231709379931e-05,-114.47502086812045,1.132352182673022
110_Narrow,1896455000.0,1.0268888184900433,0.0006228332973306675,-66.00788510320973,0.03917594464178702,0.0019743489234221815,3.896476090400235e-05,-115.5780261156107,1.874699862016446
110_Narrow,1896457500.0,1.0212398975924601,0.0005770957640769695,-66.08653946385951,0.03611354007043399,0.001977755499529703,4.426789486958781e-05,-115.53284154840306,1.8078392767426363
110_Narrow,1896460000.0,1.023514554847314,0.0004239955543304436,-66.06304919824765,0.03667076247133188,0.0020065153520506147,5.37192026763196e-05,-114.68413348320438,1.7941568688796383
110_Narrow,1896462500.0,1.0239629407060211,0.00048024364979007693,-66.03933253021479,0.03042406410645563,0.002026101896906189,5.8013864441242364e-05,-114.38917984853273,0.9505972589397474
110_Narrow,1896465000.0,1.0238738845211244,0.00041410253734120047,-65.99236870805376,0.035439762717092094,0.002001308446531353,4.328415446392262e-05,-115.52961852448942,1.4986557449334015
110_Narrow,1896467500.0,1.022654223955378,0.0006707410905975026,-65.9803337715557,0.03620313101502299,0.002032940668632588,5.359275700029915e-05,-115.91799770620652,1.1855076514518366
110_Narrow,1896470000.0,1.0261008146442927,0.0005905308961816275,-65.81137056502584,0.04114932678439859,0.002001395754222065,7.278842775267442e-05,-114.64011543026739,1.4022690369444972
110_Narrow,1896472500.0,1.0257412514192579,0.00039301818768921944,-65.97969304392859,0.03725114007802549,0.0019963321356274025,5.078130033970928e-05,-115.87484982055429,1.5782327139411148
110_Narrow,1896475000.0,1.0238775627356957,0.0003709861286490678,-66.15086951373043,0.036395383513396926,0.002032734936356399,5.5849819066223415e-05,-115.15399135988034,1.9092666652505021
110_Narrow,1896477500.0,1.0259500866453302,0.0008191687934805777,-66.46162818631521,0.03184965486455156,0.001985292830191354,5.220504782629992e-05,-115.72439527268129,1.1655886942162232
110_Narrow,1896480000.0,1.0228570230918463,0.0004807778715035069,-66.20187377479421,0.04354053812018529,0.002007825293506684,6.43486681906941e-05,-115.83310854213356,1.2897469352276032
110_Narrow,1896482500.0,1.024110711119728,0.0005355492100998184,-66.07384396294479,0.03967529853572117,0.0020268800642081605,6.308478496006432e-05,-115.37749840572332,1.9849481761812104
110_Narrow,1896485000.0,1.021999322046577,0.0005006441716108349,-66.07572222778214,0.03653471085239921,0.001994733070045261,6.105131051699774e-05,-115.68755250383013,2.0424627393222963
110_Narrow,1896487500.0,1.0234445744708494,0.0005106294656333542,-66.08637037179811,0.04600467546457176,0.002025373473876652,3.0407103332688935e-05,-115.67220804574481,1.5349560528837825
110_Narrow,1896490000.0,1.0230878943769692,0.0006049127575194281,-66.25389940955992,0.02680054793653089,0.002004453090821894,6.308760497439786e-05,-115.99019356208609,1.6546835355685099
110_Narrow,1896492500.0,1.025161726513344,0.0007262137878707383,-66.24399361444239,0.02761683864580414,0.0020095710968411535,4.149573858438066e-05,-115.09030758881481,1.0349638524574418
110_Narrow,1896495000.0,1.0249698624440442,0.0006724928439465111,-66.17345387702946,0.027118019493892746,0.002018052559346856,3.381008577745283e-05,-115.86918367504404,1.0040609664976061
110_Narrow,1896497500.0,1.0229443517693562,0.0007879590554010197,-66.15070280636235,0.021250503746601177,0.0020322593318297835,7.484866982114317e-05,-115.31281795093112,1.4725523543684105
110_Narrow,1896500000.0,1.0272866820120077,0.000731511880960894,-66.13184414868874,0.03828566958562423,0.002032463070977692,4.263238545985627e-05,-115.46960230082692,1.7508211826366558
110_Narrow,1896502500.0,1.023902158653964,0.001058433267042994,-66.34482368938987,0.029187982038660014,0.0020017750512988305,4.429150357364363e-05,-114.72550031763697,1.8132648374113423
110_Narrow,1896505000.0,1.0249881358834394,0.000556348168174425,-66.24472441655543,0.019396444150578132,0.0020538474795401035,8.480952413440358e-05,-115.74295153931618,1.6418474825518747
110_Narrow,1896507500.0,1.0244390941039918,0.0005290185072782328,-66.20186646789512,0.04682835599248013,0.002081295700562505,4.967100992325922e-05,-115.55494813938546,2.2736058885280785
110_Narrow,1896510000.0,1.0232666210649628,0.0006530636918910345,-66.25300970577744,0.03730197614701584,0.002020292110037033,6.54970755745075e-05,-116.42990796833591,1.8534546331030899
110_Narrow,1896512500.0,1.026046908370751,0.0007089021019374035,-66.20992841067823,0.04355865060127439,0.002062926464873848,4.180616851395556e-05,-115.94455923080366,1.0751662357376697
110_Narrow,1896515000.0,1.0245320508130968,0.0008353113947226606,-66.3297542519697,0.03272618522465822,0.0020294671005900073,5.2269026259559784e-05,-115.71078287764527,1.1229296370908388
110_Narrow,1896517500.0,1.020939753218293,0.0006542755920612026,-66.18363701699978,0.05061166298776533,0.002018231678680157,8.308721703510824e-05,-115.75221017359418,1.6429616162057137
110_Narrow,1896520000.0,1.022146512153737,0.0007030529961963182,-66.34749251557987,0.038457941467805,0.002033442912804049,4.1413738199825294e-05,-115.21297264699655,1.1472578823601949
110_Narrow,1896522500.0,1.0242455712672334,0.0007928008963505905,-66.31224116805915,0.03686080725309522,0.0020256969622360764,4.0558483296802894e-05,-115.3974145687107,1.4083146768330483
110_Narrow,1896525000.0,1.0258811520650066,0.00044408586307342543,-66.39971012101506,0.048463596626195815,0.0020705754723089574,5.8510965216978643e-05,-116.25378132615887,1.676015928879717
110_Narrow,1896527500.0,1.0264179090910943,0.0006178844383557728,-66.37943105096862,0.03225592020898552,0.002028468135156053,4.956052587910044e-05,-115.04263128835844,2.078355292103353
110_Narrow,1896530000.0,1.0237972218847444,0.0005608766036387264,-66.38638672848333,0.04033632463327914,0.0020325124646716434,3.871322529359011e-05,-115.68678587681067,1.2529080215409492
110_Narrow,1896532500.0,1.0235291437143657,0.0007042950461568552,-66.36270560212792,0.037244557602720156,0.0020601834740231035,5.2869310928686875e-05,-116.91028154119081,1.154254851348371
110_Narrow,1896535000.0,1.0227093303081372,0.0007999621027929896,-66.22807026823207,0.034386117511148354,0.00205014071709008,5.2480513023752283e-05,-115.82314041013463,1.3296466268824167
110_Narrow,1896537500.0,1.022525711848525,0.000511873937519387,-66.2626173574706,0.04993344460340231,0.0020562949559092417,4.934089545713375e-05,-115.2453399471382,1.518034021182828
110_Narrow,1896540000.0,1.024137625616812,0.0004605811369628226,-66.52458346211668,0.049901406363942497,0.0020497247117239633,5.808227982074246e-05,-116.34749311563536,1.3469528176837764
110_Narrow,1896542500.0,1.0222715846587285,0.00045922380891294285,-66.34406667689026,0.04731493129115772,0.00204492187465284,4.9780021176473384e-05,-116.07753822401305,1.2349774406748324
110_Narrow,1896545000.0,1.02194432262059,0.0004818460849568478,-66.2936748663553,0.03972321438822987,0.0021040786051856595,5.2546720704012855e-05,-114.76708367271657,1.8109133500899468
110_Narrow,1896547500.0,1.0227204126195746,0.0007525383588480767,-66.27213692173908,0.042256041215048695,0.0020689960426264475,5.7271357562796504e-05,-115.98187486432649,1.520173988453546
110_Narrow,1896550000.0,1.0231752511729764,0.0006463032308621956,-66.26937814629956,0.04265019709292669,0.0020726924057535554,6.577023599934154e-05,-115.75781855455128,1.5023721679011515
110_Narrow,1896552500.0,1.0207891702054908,0.0005202503697412241,-66.25845879532136,0.029078575067325127,0.002044659047894917,5.2317185856484954e-05,-116.24157414194929,1.417293317586411
110_Narrow,1896555000.0,1.0256084717400231,0.0005456633206890783,-66.44800457382915,0.038540316093430775,0.002069049815697653,5.107853979391705e-05,-116.24210363622021,1.3369515252354616
110_Narrow,1896557500.0,1.0247479428740367,0.0005287631547668326,-66.30041772679084,0.045951993105147824,0.002084832750065292,5.9388858332216806e-05,-116.04262834395136,1.9910842433744784
110_Narrow,1896560000.0,1.0242954161689295,0.0005498941464208641,-66.61470187603055,0.04843838048914145,0.0020838058998026297,5.797822310084229e-05,-116.00942355686081,0.708568264552769
110_Narrow,1896562500.0,1.026802524840234,0.0006183781713687284,-66.39920920827883,0.03488248363110288,0.0020778089994640658,6.315746416677024e-05,-115.42561164031683,1.1834477388515494
110_Narrow,1896565000.0,1.0268498555066643,0.0005813172017628959,-66.44799428504236,0.03771406409606616,0.0020635608733626967,5.586431878770165e-05,-116.59233222714066,1.0672783841102214
110_Narrow,1896567500.0,1.020499345418928,0.0007133464352534158,-66.45629168546415,0.033963299244356385,0.0021233670093638076,6.414481439823365e-05,-115.30997013026297,1.8248994609134024
110_Narrow,1896570000.0,1.025623123321605,0.0005490198992216323,-66.52393864935648,0.025676731968184627,0.0020751798569480524,6.49933877835795e-05,-115.85158294647377,1.2208546856262052
110_Narrow,1896572500.0,1.024532431323419,0.0007197861316824405,-66.5608231647707,0.04192439085482494,0.0020691913164332747,5.5023983480017434e-05,-116.62047161383012,1.1629599739065635
110_Narrow,1896575000.0,1.022720587788945,0.0008777072939806979,-66.33710486159474,0.04626475947791746,0.00209563364116869,7.971334844411334e-05,-115.93322802123237,1.6036741465556394
110_Narrow,1896577500.0,1.0243599844719111,0.0005947090192796079,-66.63724838276846,0.030481425942695782,0.0020955824165462713,5.094146547637265e-05,-116.35503697278578,1.3536491297943956
110_Narrow,1896580000.0,1.0209746831913349,0.0006802793581713629,-66.72425095472275,0.03780968527296472,0.002054865474295523,3.5735972617099486e-05,-115.6119508559476,1.4366066337729408
110_Narrow,1896582500.0,1.023162293358738,0.0005315223647700366,-66.55370545341714,0.04684988525888913,0.0020982468470281427,5.151234642283453e-05,-115.4183603851879,1.6997082193324984
110_Narrow,1896585000.0,1.0277480759495823,0.0006320692880210744,-66.69096340982506,0.03425477295377958,0.0020830840911349627,5.166495661327895e-05,-115.99508613952777,1.087685018952989
110_Narrow,1896587500.0,1.0218865631688934,0.0005111733894895984,-66.69528969467046,0.05089546254185951,0.002108623353482045,6.617472262691547e-05,-116.5543073961843,1.3764194106255345
110_Narrow,1896590000.0,1.0225446429704166,0.00040219857587831377,-66.4499515735563,0.023510144410112753,0.0020892422091313262,3.087547990400962e-05,-115.42575829370992,1.1915756596920999
110_Narrow,1896592500.0,1.0213572380601985,0.0006468659016671588,-66.68610224387115,0.03787692663130043,0.0020941446497144004,3.9844458357119234e-05,-116.4224812849705,1.2117200102619394
110_Narrow,1896595000.0,1.0239863010805261,0.00046305750450833263,-66.81623421502063,0.037946752659265864,0.002094948834462261,6.392239235720109e-05,-115.8017078004355,1.6855717863737347
110_Narrow,1896597500.0,1.0238535313957888,0.0007046177069845002,-66.6224148080724,0.06124433011922692,0.0020942028145786162,7.390765858275041e-05,-115.8391816953291,1.178366722836178
110_Narrow,1896600000.0,1.0210638298110815,0.0002532216462223778,-66.64171967271075,0.03300117775530346,0.0021110407735398353,5.882973541915659e-05,-116.41847919681483,0.9501423604016926
110_Narrow,1896602500.0,1.017133223844638,0.00047543406728074494,-66.83629402094564,0.044146630728454726,0.0021048055338163865,4.188167323216117e-05,-116.28253518679612,1.4820483521163006
110_Narrow,1896605000.0,1.0220777634847855,0.00045920136540402774,-66.66019026754256,0.02509589915524914,0.0020932235708307962,6.781375899962012e-05,-114.8605118553392,1.8926953754393492
110_Narrow,1896607500.0,1.0225803800412416,0.0005044273761296824,-66.78569517910383,0.04809317359248269,0.002065203938495573,6.13421779058786e-05,-115.78954130644344,1.0312285754250883
110_Narrow,1896610000.0,1.0244337407634145,0.0007225793886617906,-66.78468566572809,0.05021161839288796,0.002118157155438397,5.389222204610333e-05,-117.61997733075697,1.3054483976721178
110_Narrow,1896612500.0,1.0255299360835795,0.0004787927212850184,-66.70321603669719,0.022764486472575465,0.002140293522981575,6.762561376580783e-05,-116.86647325149687,1.3147378212742409
110_Narrow,1896615000.0,1.0282909484043739,0.0007728263483259639,-66.86158804589556,0.037988697995537495,0.0021274426621450326,7.903788561974023e-05,-117.12452255661889,1.6954707635338175
110_Narrow,1896617500.0,1.0277548650933352,0.00042886691059602455,-66.89375090478877,0.062185779977621536,0.0021364677435586426,5.2897191760970023e-05,-115.75032741481807,1.727797342513766
110_Narrow,1896620000.0,1.0227574044719672,0.0008050308223904633,-66.89460011030043,0.04297548293070922,0.0021328381391125233,6.138906594082068e-05,-117.17376252858884,1.6317032484802683
110_Narrow,1896622500.0,1.0212805835018819,0.0005116464171738312,-66.88790163742641,0.03621281709357627,0.00211767981587438,5.088450300854505e-05,-117.02432263088815,0.9832610287099175
110_Narrow,1896625000.0,1.0217711710034232,0.0008799254813099038,-66.66456168389163,0.027633318210862554,0.0021097280355525613,5.553559611737245e-05,-115.64336153917662,1.2479298811361959
110_Narrow,1896627500.0,1.019806500987633,0.000547728158267102,-66.84773312977768,0.03047858432149707,0.0021030035317213987,6.417263061546697e-05,-116.34403966341672,1.3164764332605494
110_Narrow,1896630000.0,1.0236928175259146,0.0006528135551668255,-66.6743584857943,0.0498733721865377,0.002127624121955416,7.2899393625777e-05,-115.91245460352583,2.152315978180502
110_Narrow,1896632500.0,1.0221628936873608,0.0008317166876922103,-66.72737279977791,0.03828238839947991,0.0021792960586275354,4.553858977512075e-05,-115.89053830300827,2.0827825736545216
110_Narrow,1896635000.0,1.025171597153562,0.0005921653778379738,-66.90679127711999,0.04087043683420029,0.002157114449103698,6.649800101858589e-05,-116.89152731474366,1.9929643687404546
110_Narrow,1896637500.0,1.0216109755489762,0.0006578804893956594,-66.79645637070203,0.04078560842331302,0.0021370104570732017,4.9268324353563834e-05,-116.05708279365848,1.6420216781536214
110_Narrow,1896640000.0,1.0208476477727022,0.0007631010019163759,-67.04263265862596,0.036204518194102385,0.0021164292902593512,4.941403815324283e-05,-116.21308425615229,1.7017802309391004
110_Narrow,1896642500.0,1.0258753291560074,0.000750421658376729,-66.73949905981674,0.026931361635936565,0.0021707064339074574,4.189383094363284e-05,-116.07634110857194,1.6923923074592049
110_Narrow,1896645000.0,1.0217477314781547,0.0007769772836316961,-67.0202775727974,0.04109365236229607,0.002151654042690743,7.562479425733329e-05,-116.53474518701728,1.3979074440617523
110_Narrow,1896647500.0,1.0214574407898447,0.0004050116827936518,-67.04048938501279,0.0532770832068511,0.0021497942658683902,6.841280233159921e-05,-117.12228841479428,1.4987314453106377
110_Narrow,1896650000.0,1.0224721132182915,0.0005283507062333661,-66.84030854742954,0.027100350183879577,0.0021607286304046263,6.699437686421724e-05,-116.00151659462996,1.539439195373157
110_Narrow,1896652500.0,1.0215507278491904,0.0006830246042997095,-67.08419947048294,0.047509943317771926,0.0021465442473832903,3.446843935024073e-05,-116.37958457094274,1.2952883744785335
110_Narrow,1896655000.0,1.0246427163040481,0.0009400571385183546,-67.02149943232544,0.04767869173759013,0.0021588062708031595,5.377218257139508e-05,-117.03089891895186,1.248215637119775
110_Narrow,1896657500.0,1.0255643077639072,0.0005875694468055971,-66.83677492668603,0.025566720263310843,0.0021850932230249413,5.20396896144986e-05,-116.938348795884,1.0791889415288771
110_Narrow,1896660000.0,1.022461100432087,0.0008020628349518162,-66.80769859139934,0.04641797667000294,0.0021642898244752648,7.098052685205661e-05,-116.92749403214266,1.333854739693216
110_Narrow,1896662500.0,1.024334920938219,0.0008261980285441131,-67.02061478022546,0.052956381174098364,0.0021972191389667793,5.76868299183682e-05,-116.32822083076455,1.204040061665438
110_Narrow,1896665000.0,1.0205669504809023,0.0007038341114971944,-67.08791729920374,0.03759779081966655,0.0021617662178156603,5.996802426962147e-05,-116.52081285105051,1.3561919480530018
110_Narrow,1896667500.0,1.020891500927989,0.0005047216431891604,-66.92303523129117,0.038618882177029676,0.00212056394971757,7.37985693655006e-05,-117.30631571664229,0.8257661860956069
110_Narrow,1896670000.0,1.0255463581434934,0.0006756070926692406,-67.09089159979094,0.04998075248114181,0.0021602921048817546,5.421216802902337e-05,-116.45531605213473,1.6574004631326793
110_Narrow,1896672500.0,1.0238849016355567,0.0005359412220255461,-66.89582145347094,0.05668806604974152,0.0021709923649873715,5.9967881629665496e-05,-116.68818356462478,2.117948186253392
110_Narrow,1896675000.0,1.0218239525008865,0.000584731243877763,-67.0709452091332,0.030145310989860754,0.002192615821250263,5.041754465787365e-05,-116.24113803514243,1.450130887639077
110_Narrow,1896677500.0,1.024217445961343,0.0010882430275678601,-67.0941670422286,0.03167415125689911,0.0021892992739136405,3.1917087482774964e-05,-117.20361461548994,1.6639056860504524
110_Narrow,1896680000.0,1.0199147715503054,0.0008452480152821483,-66.99040493300275,0.03555758078410764,0.002165374877169681,5.976737267258495e-05,-117.16708192729266,2.002267100185834
110_Narrow,1896682500.0,1.0231871121833214,0.000569759234377718,-66.96822027124423,0.03759627769494304,0.0021596269115513505,5.958625485343477e-05,-116.88447649285426,1.4261119198415078
110_Narrow,1896685000.0,1.020223809514926,0.0006625469788198349,-67.2521206536516,0.0409184137576489,0.0021783636761144,6.26683567742992e-05,-116.11842065897952,1.2774031836466226
110_Narrow,1896687500.0,1.0258272149328889,0.00046352171813024076,-66.96376690073694,0.04479386786748795,0.0021930705673773253,5.932615402732032e-05,-116.50854011499335,0.7433107198024889
110_Narrow,1896690000.0,1.021126230491591,0.0006652229217739644,-67.23430856665583,0.02923037429552187,0.0022037985955982455,4.588077638494868e-05,-117.06420803399179,1.144832053599302
110_Narrow,1896692500.0,1.0243269649780005,0.0008539389149664461,-66.86658260332979,0.027803415632716988,0.0021854557035713273,5.119248756074724e-05,-116.40948623311876,1.7720336710066436
110_Narrow,1896695000.0,1.0219085482148078,0.000714680285041774,-67.21916753632298,0.0637908781237403,0.002220800765881834,4.5791938601449915e-05,-117.01082546811415,1.698274495145532
110_Narrow,1896697500.0,1.0255107406048922,0.0004345704192112211,-66.87945259002029,0.04471026361280475,0.0021680047509299726,3.912597492107801e-05,-117.10367135670755,1.5495890730478559
110_Narrow,1896700000.0,1.0250280219575059,0.0005369308669461995,-67.11262485372112,0.04496572616953936,0.0021811658171676184,4.3774699435561455e-05,-116.26972804629104,1.2037805363861864
110_Narrow,1896702500.0,1.0228364040448061,0.0006459210240387103,-67.2897963856711,0.04568099216123272,0.002191466699490204,6.798145617174882e-05,-117.44212228709878,1.2148953489189809
110_Narrow,1896705000.0,1.0238498266431235,0.0005819554888285906,-67.15292744817253,0.04993411427681239,0.0022108636719041477,5.031492258659936e-05,-116.80755942584233,1.7143076028510376
110_Narrow,1896707500.0,1.027952986944915,0.000672829416547453,-67.1287883507693,0.04600846032967699,0.0021782014708429842,6.303641683915984e-05,-117.1292497131552,1.1812207600265736
110_Narrow,1896710000.0,1.0215753778068493,0.00041667808952889365,-67.22083941574395,0.04607403783235737,0.0021812731532846047,7.351333137303124e-05,-116.84209419898842,1.1690023534275735
110_Narrow,1896712500.0,1.0267134362116788,0.00048346679801374514,-67.24009110467102,0.049925272692156165,0.002204634300111452,5.559247995272914e-05,-116.76822565272533,2.3529418341994326
110_Narrow,1896715000.0,1.0253533280637006,0.0007326576121193628,-67.27901804068678,0.03291505165570706,0.002222083557826111,3.639801392672564e-05,-118.27347258991362,1.5394893549760944
110_Narrow,1896717500.0,1.020646409647162,0.0006355579611720775,-67.29668489925393,0.056415237518999614,0.0022239935738822074,7.019048835584104e-05,-117.04546104127525,1.9965245279926267
110_Narrow,1896720000.0,1.0241956563926675,0.0004836083039291171,-67.25312576753217,0.03222265922887278,0.0022365115814448142,6.072585627111931e-05,-118.08312963150148,1.3210997328276073
110_Narrow,1896722500.0,1.022945282576548,0.0005464004433965059,-67.36342835062511,0.0498500451777698,0.0022356145053543963,5.024364949558126e-05,-117.1981853016486,1.774336292475285
110_Narrow,1896725000.0,1.0248742610542259,0.0008603159300174252,-67.24146228500564,0.025065859881936454,0.002217785808355349,4.3415033150048316e-05,-116.13648812381969,1.4539110507509716
110_Narrow,1896727500.0,1.025082377900009,0.0006312347464265767,-67.3978303138991,0.03726976052750988,0.002200808871606629,6.0519791606503764e-05,-117.53460852029549,1.1971642126689295
110_Narrow,1896730000.0,1.0223204572316498,0.0006042573718288423,-67.45095924417866,0.030321999592800453,0.0022505191736018598,4.557514294137721e-05,-117.58974999718077,0.8204214356392151
110_Narrow,1896732500.0,1.0222911312702032,0.000670725374464891,-67.43846955315571,0.02540165594963292,0.002219930729312043,6.795199354344462e-05,-117.18709616946552,1.0077166076957873
110_Narrow,1896735000.0,1.0217196409633849,0.0008873864735582894,-67.21098034944974,0.04171719356350421,0.002200093448425018,5.8594918100423236e-05,-116.57055504665567,1.2723738828659832
110_Narrow,1896737500.0,1.0234470114521743,0.0006205054896212623,-67.36301150387591,0.03527209039948233,0.0022382010255671794,8.96210356088104e-05,-117.8833969207507,1.0076934181179678
110_Narrow,1896740000.0,1.0244114303806817,0.0006745921665984213,-67.49982099943809,0.03296195335400362,0.0021965544096920865,5.839764548980164e-05,-117.51977300356866,1.438537888329984
110_Narrow,1896742500.0,1.026009459896348,0.0004667678218508984,-67.32956194954767,0.03563178667140092,0.0022584200476198284,5.178158569846372e-05,-117.42198613504918,1.8621285268726846
110_Narrow,1896745000.0,1.0233309573529574,0.0005070277905839263,-67.3834046879893,0.040242536024571035,0.002227408095223237,6.370076804286709e-05,-116.12379625094945,0.5173149362793804
110_Narrow,1896747500.0,1.0235293695298606,0.0007294663697793738,-67.47148403325079,0.05874659189864774,0.002215381958872831,5.2480138465508115e-05,-117.26587996443874,1.6119423977798695
110_Narrow,1896750000.0,1.022050665182792,0.0006323961834688343,-67.41222013585093,0.04619497648164125,0.002269335330396143,2.92392918480309e-05,-117.6712078630363,1.6735723130110995
110_Narrow,1896752500.0,1.0258625458994075,0.0007526704061328692,-67.32288721102537,0.04974560792194625,0.0022201363280985095,5.0468497662760196e-05,-117.13629883620081,1.6468700601454356
110_Narrow,1896755000.0,1.023815885487809,0.0006110071235742258,-67.47098370698623,0.044119548588671544,0.002235537264572636,4.0783982319489754e-05,-118.07797157760272,1.2040795858711828
110_Narrow,1896757500.0,1.02060235746158,0.0005074533432400903,-67.47244759005338,0.03546066558571268,0.002236447126835556,6.063358753091412e-05,-117.36776418425079,1.247512086875097
110_Narrow,1896760000.0,1.0207475527031729,0.0005840264793193898,-67.44518817848531,0.02799742622723801,0.0022611410645047344,5.283739045343617e-05,-117.49848854003169,1.5763050532631038
110_Narrow,1896762500.0,1.0232912546005226,0.000753030831133791,-67.70184815270679,0.021240867215246033,0.0022685402553991756,7.09385915444117e-05,-118.01146239811597,1.375212904529677
110_Narrow,1896765000.0,1.0215356377783864,0.0005136957215308628,-67.46637455934797,0.0412262906168115,0.0022449320951587926,5.083921227453254e-05,-117.53835212118487,0.934776380432986
110_Narrow,1896767500.0,1.0262951239459654,0.0005579615840271344,-67.41486380402901,0.04235148549534766,0.002252369678434125,6.536057627808749e-05,-117.55857909964406,1.4329949128376136
110_Narrow,1896770000.0,1.018317952277112,0.0006824177719361007,-67.19169530913469,0.03917125691633518,0.002280029978444624,3.768436493242715e-05,-117.55123197894426,1.312166197674928
110_Narrow,1896772500.0,1.0240836856615194,0.00033108200261703616,-67.33613531539727,0.025144720271315816,0.0022633467051627735,7.533112275563429e-05,-117.5221390531802,1.270971862752577
110_Narrow,1896775000.0,1.0241659923768918,0.0005742779176067244,-67.8382594371967,0.041874561550238415,0.0022562088047256555,5.3972266105638695e-05,-118.72255769980349,0.8538216022897591
110_Narrow,1896777500.0,1.022073556371019,0.000743376746383114,-67.29224926756996,0.05394807997875953,0.002255359108156115,4.249620974282985e-05,-117.04563101544832,2.149651429532454
110_Narrow,1896780000.0,1.0230187054846185,0.0008379512160151647,-67.83491781795026,0.03827568397369608,0.0022506344194386948,6.66599814389973e-05,-117.71661221350948,1.1392416561360859
110_Narrow,1896782500.0,1.0222769001862524,0.0006060295637917071,-67.33344459019617,0.03035565049105375,0.002264775850423228,5.405123935082886e-05,-117.97206115754815,0.582616024265657
110_Narrow,1896785000.0,1.023317439468174,0.00046623974531283393,-67.56801428174192,0.03687479996502362,0.0022654490010320535,5.7881187019062614e-05,-117.51659614216338,1.638561790544003
110_Narrow,1896787500.0,1.0270558643273264,0.0006157206828447659,-67.75407196080761,0.03479813067657522,0.0022664772186548315,4.57225029997979e-05,-117.92069462826113,1.5393476778573534
110_Narrow,1896790000.0,1.0274283908844535,0.0007891819574837287,-67.65736224323447,0.04526680224860851,0.0022527253329924007,7.293446236228412e-05,-118.20368163690422,1.6114259773719524
110_Narrow,1896792500.0,1.0249381480598643,0.0006477676539818958,-67.93495853442424,0.05395140983432488,0.002290310241543781,3.538129638989458e-05,-117.43244652304915,1.3774825992993798
110_Narrow,1896795000.0,1.0202807094629116,0.00032394307279867625,-67.79415068140287,0.05086485139992494,0.002268093028692275,4.330597105701593e-05,-117.80098777033956,1.5770351558269342
110_Narrow,1896797500.0,1.0241749229460568,0.0005172441824780166,-67.82301034905474,0.03563026540446297,0.0022581004568844737,4.673956682115136e-05,-117.712783027586,1.483585317765256
110_Narrow,1896800000.0,1.0212510717915544,0.0007466922062570009,-67.70462604654216,0.04564780102140193,0.002299530881283636,5.422448751781683e-05,-117.86628237745593,1.1144234072627952
110_Narrow,1896802500.0,1.0189989102452883,0.0005983315142594403,-68.00473568132446,0.03494672853467154,0.0022543119904599694,3.953916480354685e-05,-118.41606706670004,0.9755198072012002
110_Narrow,1896805000.0,1.0198005766740907,0.00046736986573294863,-67.77601806241137,0.03145181533510577,0.0022890323545843943,6.825072000058817e-05,-117.98168012450589,1.712781140023389
110_Narrow,1896807500.0,1.0200714661562098,0.0009228367138414672,-67.8380514643951,0.038245668488590054,0.002282775770431316,6.313136366382296e-05,-118.54217279766758,0.896908875171431
110_Narrow,1896810000.0,1.0241212462046636,0.0008047508834242818,-67.89883419419036,0.04985776287082849,0.0022972797968315115,6.477542625467522e-05,-119.01738101151349,1.0499209443860749
110_Narrow,1896812500.0,1.0200142096210316,0.0004949433586566123,-67.69795585269935,0.03327548693808558,0.002267446027373405,6.546421713680831e-05,-117.70958399072646,1.7973701201283308
110_Narrow,1896815000.0,1.0198073513392498,0.0006866901705963929,-67.74429843335666,0.05641068469018439,0.0022927176220527653,4.35595608568454e-05,-118.41186282912216,0.8532351657012047
110_Narrow,1896817500.0,1.0208286150611254,0.0008742090799794553,-67.91661819255056,0.026589731719419772,0.0023038212241766635,4.742398987881171e-05,-117.56118353114063,0.8249421364858439
110_Narrow,1896820000.0,1.0236536696774605,0.0008270671789116947,-68.0926187867482,0.03762108868717031,0.002323320191850425,6.007198675869941e-05,-118.7592949008061,1.54731707224417
110_Narrow,1896822500.0,1.0213794770352698,0.0004991744415425299,-67.8424310113361,0.039147079703126364,0.002295965980106268,6.575928068069697e-05,-117.79325379636938,1.5985930482151494
110_Narrow,1896825000.0,1.0236223502288686,0.0006305765160480618,-67.82725800416947,0.04127931259961597,0.0023115385784496746,6.0316985625620653e-05,-117.70891225725444,1.7639478461532136
110_Narrow,1896827500.0,1.024910668270034,0.0012214475269136974,-67.75672783124128,0.034707739268459756,0.0023244987880790095,5.011933793716076e-05,-117.98080972489421,1.8170981739289407
110_Narrow,1896830000.0,1.0248297158390138,0.000606068633564379,-67.6216607126155,0.022352163645386645,0.0023225796298666033,4.511074888265949e-05,-117.15941080585138,1.6613974773717592
110_Narrow,1896832500.0,1.023948615800408,0.0005924330419043855,-68.02214900701411,0.044586494470208037,0.002292232411276669,3.068966849854114e-05,-118.29005167301452,1.755057445382192
110_Narrow,1896835000.0,1.0229995579289604,0.0006693619881545434,-68.12655413840919,0.04359091816725247,0.0022964244381992994,5.101663036966797e-05,-118.96191551219746,1.5388687946577615
110_Narrow,1896837500.0,1.02443546944489,0.0005469923064198843,-68.04156079092859,0.03905035276025253,0.0023410991974743864,6.217706251358454e-05,-118.12458845194408,1.7413801903463237
110_Narrow,1896840000.0,1.0211209107048422,0.0005779311815317681,-67.8623416040867,0.03304885370949644,0.0023052934494083503,6.409296436008186e-05,-117.83630050530975,1.3093574667727341
110_Narrow,1896842500.0,1.0257857841574323,0.0005716982243606898,-67.90779802316959,0.044714090802280074,0.0023315299237449644,7.055063759350178e-05,-118.25449785193061,1.802737274875529
110_Narrow,1896845000.0,1.0217123501892935,0.0006734108165137109,-67.9006618654516,0.030040749359928846,0.0023590994932107014,4.451312683625794e-05,-118.68008331901709,1.061659506831326
110_Narrow,1896847500.0,1.0219899427877361,0.0006445096952454226,-67.99100392899366,0.03300082538591974,0.0023637066742371684,7.598894780569265e-05,-118.52376957127566,1.7098129831888615
110_Narrow,1896850000.0,1.0180277217051212,0.00053159841537181,-67.96644546530864,0.03154408312507026,0.002335931391102902,5.678928743859828e-05,-118.31017922689472,1.7990335361671552
110_Narrow,1896852500.0,1.0232438179074814,0.0003668876483195628,-68.04500335128701,0.031000359977103265,0.0023456374150940588,7.481182599749008e-05,-117.77526966716299,1.3122328496494866
110_Narrow,1896855000.0,1.0242586628469235,0.0007236444818670631,-68.10123251707464,0.05031611422303396,0.0023492240613099996,4.659187064156517e-05,-118.0963381596442,1.219818285115558
110_Narrow,1896857500.0,1.0201992689348134,0.0004960233565560311,-68.00500404183335,0.03862924821786462,0.002357915314618457,8.084825120124533e-05,-117.92872679327441,2.040691728826663
110_Narrow,1896860000.0,1.0200637636884835,0.00040595664719281926,-67.9560853234978,0.03246036190956418,0.00236144759020039,5.769466370524365e-05,-118.99013461459963,1.4968793000803151
110_Narrow,1896862500.0,1.019642120477323,0.0005590406190153773,-68.12218335594571,0.04550331858373972,0.002334946963761225,8.722500712613317e-05,-119.2117925026033,1.5941539953758472
110_Narrow,1896865000.0,1.0231591622417797,0.0006751366257818952,-68.09558350261642,0.012170730650196748,0.002366616431226371,5.656395727827949e-05,-118.61295192090863,1.435474880156266
110_Narrow,1896867500.0,1.02137228390067,0.0004906698692371066,-68.07287939319492,0.04526887105405661,0.0023780138000497513,7.160189124164877e-05,-118.3618674742891,0.8060699446834106
110_Narrow,1896870000.0,1.021071120216299,0.0005186679602152829,-68.21509453434928,0.03795302815892642,0.002361465987526247,6.033585784106273e-05,-118.87309780475235,1.057511318928161
110_Narrow,1896872500.0,1.021614368054565,0.0006126662445744669,-68.18139664025662,0.04561479145646096,0.002348405170758878,5.534097479677348e-05,-118.61123497261147,1.325881802897548
110_Narrow,1896875000.0,1.025130875655001,0.0006748736753617449,-68.0486566437566,0.032954905405135314,0.002377731376050353,4.7334922041432176e-05,-118.48627364889376,0.7991045387224187
110_Narrow,1896877500.0,1.0232294582931118,0.0007022195911165896,-68.2340458127116,0.043818622534942356,0.002337778202568969,4.657435476406938e-05,-118.38473130504366,1.719694637985606
110_Narrow,1896880000.0,1.0208018974250406,0.00057967230486404,-68.25634355052603,0.023111248632246513,0.0023842383976953926,4.6783143182873025e-05,-118.39437251891245,1.6887676709334571
110_Narrow,1896882500.0,1.0231904127493645,0.000523581322611613,-68.27176349973618,0.025459647131229824,0.0024012064537846534,4.927200737218471e-05,-117.69071550467967,1.4472341600295755
110_Narrow,1896885000.0,1.024202914791758,0.0006374881907923342,-68.17125921589262,0.038584658081397515,0.0023889560039419395,5.91023803155674e-05,-118.399274068016,1.0605100876654292
110_Narrow,1896887500.0,1.0213891042364196,0.0004437278642673781,-68.19026525376037,0.03774169179973353,0.002366346250989693,5.1929300208626706e-05,-118.03365816184548,1.1626323637522145
110_Narrow,1896890000.0,1.0229510998578113,0.0007561440162154929,-68.1384767131604,0.027506041995062982,0.002360637201642938,3.380585466279211e-05,-119.1880628366896,1.7929979953604882
110_Narrow,1896892500.0,1.023086643080199,0.0007469469243843994,-68.32044851584847,0.04407871935320934,0.0024046524490490342,7.730441556451039e-05,-119.40734401961573,1.0838109679319525
110_Narrow,1896895000.0,1.0212550322173002,0.0003610780574644907,-68.4149264572895,0.028562922733882407,0.0023699904524818504,4.459919345665127e-05,-118.6285149252355,1.447200763326267
110_Narrow,1896897500.0,1.0193718975957309,0.0003615485392061064,-68.35694181910213,0.026321434066416696,0.0023675912372000557,6.421808324915002e-05,-118.14386657456299,1.7269946589609275
110_Narrow,1896900000.0,1.02160510692176,0.0005949473897971405,-68.2158872777314,0.03844279111286186,0.0023872314646017807,5.4138776545278515e-05,-118.35020601724183,1.0812534830996168
110_Narrow,1896902500.0,1.0225703947409213,0.00029310245058133684,-68.47247478637465,0.0414211721547326,0.0023824513125931604,5.999367510983152e-05,-118.66342681314053,1.9861408612737133
110_Narrow,1896905000.0,1.0198873146593468,0.0005356760627970978,-68.20826043376617,0.04570262805722897,0.0023900398335399463,5.310847529808119e-05,-118.10709806776849,1.0227944847380965
110_Narrow,1896907500.0,1.0236621115244982,0.0007029125494347281,-68.26379973634981,0.02051346120227194,0.002373938596761149,4.4981659457655646e-05,-118.99476382655419,1.4943114408706146
110_Narrow,1896910000.0,1.0235474596872542,0.0008144663559785726,-68.29635679333632,0.045008091654785344,0.0024025594465605137,6.590231967290293e-05,-118.95422860176492,1.560634497945296
110_Narrow,1896912500.0,1.0220957120357002,0.0006826293698569986,-68.41845408769238,0.04105046168447452,0.002393335089096295,6.226734839679891e-05,-119.83531634602188,1.9209696922923556
110_Narrow,1896915000.0,1.0189699200629583,0.0007984818271469629,-68.33120579069917,0.03400166831454668,0.0024033690044867133,7.131713701689797e-05,-119.77327455748892,1.0119532267911415
110_Narrow,1896917500.0,1.0222732727738744,0.0007693420889083582,-68.53278440934793,0.03606994955998453,0.0023961655600425453,4.3242057925015936e-05,-119.28495683791647,1.7800970751178826
110_Narrow,1896920000.0,1.0236087922925412,0.000811039803835642,-68.15597262399264,0.03192967890888335,0.0024063087025287385,5.844384988805029e-05,-119.51321204928317,0.474213776271309
110_Narrow,1896922500.0,1.0218348086673776,0.000629386532239676,-68.31434296820125,0.02984188680356982,0.00242976236985891,5.117118855455312e-05,-119.29710940829501,1.3889547898185306
110_Narrow,1896925000.0,1.0226359072206839,0.0007715242670615183,-68.229653083475,0.02423816847049814,0.0023977624445823036,7.185078962403869e-05,-118.90321153682324,1.0078855956955184
110_Narrow,1896927500.0,1.021874697047822,0.0004304027147309958,-68.52465979004592,0.056301935213510505,0.0024521805990205315,8.47438880032108e-05,-119.09250775990182,1.768156187744792
110_Narrow,1896930000.0,1.0206004500986805,0.0006533188199497965,-68.22398242928588,0.0441313721069475,0.002423917754746734,2.9227647215296415e-05,-119.62833347148866,1.4607457715553909
110_Narrow,1896932500.0,1.0230498147786744,0.0007209874157088872,-68.35546288278152,0.02563275613509897,0.002407958752877964,4.0964753446388846e-05,-119.10407785522065,1.3868239187008684
110_Narrow,1896935000.0,1.0199035218411716,0.0006000785660883692,-68.58474449884096,0.03535765803339199,0.002403019591879616,5.631087067522202e-05,-119.68852938296865,1.140156227047484
110_Narrow,1896937500.0,1.0194523176251078,0.0005118242878922041,-68.554968572616,0.03424868805461991,0.0024178862132483753,5.987231295670785e-05,-119.09801915689113,1.8263025625134592
110_Narrow,1896940000.0,1.0200088285266335,0.00048460394976338026,-68.54022888957283,0.028179098637486043,0.0024493397006966227,4.152828142976375e-05,-118.6158790352871,1.4486349485375756
110_Narrow,1896942500.0,1.0234995484684797,0.0005888949030022993,-68.65535114238408,0.032125736127289015,0.0024301846862265215,7.341688326768226e-05,-119.55226534004888,1.0992625368714002
110_Narrow,1896945000.0,1.0187348434869121,0.0005021596060692852,-68.47644258668952,0.031190289732522344,0.0024158462002480357,4.322482870742071e-05,-119.65786749743027,1.5593668097017561
110_Narrow,1896947500.0,1.019119705981447,0.0006386871655724498,-68.43411980777005,0.04062605357960953,0.002412401095746634,5.999507444366475e-05,-119.50283047701974,1.3741930922473793
110_Narrow,1896950000.0,1.0222781369221132,0.0006070401675652688,-68.44215064454382,0.038014227153307066,0.0024579794737999636,4.718086681089315e-05,-119.50674171426803,1.0975687715109417
110_Narrow,1896952500.0,1.0198491867997268,0.0005266188354051545,-68.50030891837517,0.03578057085050725,0.002428901055716508,8.292943473930173e-05,-119.56801927497087,1.4928339025690027
110_Narrow,1896955000.0,1.0195917999658026,0.0005656670626351625,-68.3438972843764,0.02891528942942028,0.0024515874893839594,5.070314053792066e-05,-119.21982901953892,1.4455830485472174
110_Narrow,1896957500.0,1.023695579834856,0.0005288474622818626,-68.58813671694085,0.03881132351119911,0.0024814942228121566,7.002307246762194e-05,-118.59917105085476,1.2999712483040762
110_Narrow,1896960000.0,1.0258004987508997,0.0005208725739762706,-68.52415951586546,0.037234685153764345,0.002427384862933951,6.197845539271911e-05,-119.40786346951232,1.1599690364782622
110_Narrow,1896962500.0,1.0194497303094563,0.0008060295887260847,-68.74945026256177,0.03726932358772767,0.0024384895410942877,5.94380858763582e-05,-119.21359866674524,0.9955465210307486
110_Narrow,1896965000.0,1.023714536721196,0.0010022296349352672,-68.47951734159948,0.024575042762498674,0.0024689604586603906,3.471805598090471e-05,-118.94131511758316,1.4284985300841722
110_Narrow,1896967500.0,1.0230553761282646,0.0005092891201119539,-68.43423542586,0.04156431916475643,0.002478151471446195,5.6739972146559575e-05,-119.04577475849742,1.166770025468986
110_Narrow,1896970000.0,1.022680357862165,0.0008284341522542422,-68.46112345097166,0.03473751200689385,0.0024632808659438904,6.668351687840914e-05,-119.35429615755058,1.27186176330557
110_Narrow,1896972500.0,1.0222511789183135,0.000606911724286516,-68.59979193352235,0.032781961985390844,0.002480110558507751,7.454083670797881e-05,-119.52789402678935,1.069670201339576
110_Narrow,1896975000.0,1.0151109822618751,0.000838432073791525,-68.6559112945238,0.03121089780692267,0.002475430090715811,5.2423892747068744e-05,-119.02905260083755,1.2159844078037696
110_Narrow,1896977500.0,1.0243877137024244,0.0003961086728495745,-68.69986765601764,0.040678214210010465,0.002465582493805009,2.6185026784483994e-05,-119.33885663411263,0.8491983246121731
110_Narrow,1896980000.0,1.020754272329814,0.00048307796742410496,-68.77931809655209,0.04853221597891621,0.0024470515485730698,5.1330543872035575e-05,-118.95555702769273,1.5944168408144985
110_Narrow,1896982500.0,1.0181524254112535,0.0007626496286620675,-68.65414167478497,0.03398533314288013,0.002490147846173307,7.16385985979945e-05,-119.14461190591607,1.023134656096
110_Narrow,1896985000.0,1.0181026383119494,0.0006458637837471275,-68.75352689541775,0.04518183801398836,0.0024468352171454623,5.784474886334666e-05,-119.01265513613723,1.2038011328287386
110_Narrow,1896987500.0,1.0224227603024827,0.00036148643761077536,-68.91005959353231,0.036118006357601075,0.0024769295518002675,6.482232424970057e-05,-119.13188730292785,0.7864943004534136
110_Narrow,1896990000.0,1.0221098657116026,0.0008922625079388167,-68.70027500266224,0.03452277697047418,0.002473070455872301,7.204436405548987e-05,-118.81486952235352,1.5425404914787422
110_Narrow,1896992500.0,1.0200136008891802,0.0005617739302394894,-68.8206787684439,0.038132621318332796,0.002511207674122952,6.955913298076384e-05,-120.1742064288106,1.6590289793190622
110_Narrow,1896995000.0,1.0229987410622712,0.0006538952979397137,-68.8142181574023,0.04329275643526098,0.0025094782555643747,7.633898928765215e-05,-119.33153645661199,1.771339498686076
110_Narrow,1896997500.0,1.0233654845145044,0.000561753487477084,-68.8965091079401,0.028603998138115694,0.002468512812257245,3.537435778891011e-05,-119.01942124218601,1.4145507700722197
110_Narrow,1897000000.0,1.0196931714739739,0.0004670515753362307,-69.02255335129101,0.04233856013435091,0.0024717806803868027,6.598257897446694e-05,-119.59032865389484,1.448511846905786
110_Narrow,1897002500.0,1.0220436639705026,0.0005807868313874625,-68.95747408141119,0.031963040121194046,0.0024528736539131913,5.6390035234896375e-05,-120.27180218499612,1.041648777789717
110_Narrow,1897005000.0,1.0194224041661224,0.0005514524480444343,-68.80984185953336,0.04800045652597613,0.002491306743973218,5.57527972798706e-05,-119.33103831300889,1.7591971520025091
110_Narrow,1897007500.0,1.0211929131157316,0.0007411247056288367,-68.79112680496745,0.05495054179802845,0.002491115503859987,6.176095491958971e-05,-120.91542892314828,1.1909326325910286
110_Narrow,1897010000.0,1.0237036295680075,0.0005528785280953316,-68.90202716173262,0.042397442833881624,0.0024892793167660176,7.50071904574365e-05,-119.91738417968509,1.6394432562809589
110_Narrow,1897012500.0,1.0220753186921199,0.00042749546206740784,-69.06640133608123,0.02522693133660404,0.002521285487026043,5.251062241619549e-05,-120.30855888090916,1.1013010618651091
110_Narrow,1897015000.0,1.019569321779712,0.0006915194537367431,-68.95362057651566,0.03459775183421738,0.0025068771646553777,5.100499765554561e-05,-120.08360072833705,1.4758322314224177
110_Narrow,1897017500.0,1.0188919468144273,0.0006635674021219385,-68.8834408472078,0.043928222817640514,0.0025254658991324917,4.8840524447567026e-05,-120.37261837526235,1.0997393429612412
110_Narrow,1897020000.0,1.0223117537964603,0.0006502486841446601,-69.07465754486579,0.04094977663081139,0.002531363108829976,5.711477293671797e-05,-119.38720321994474,1.120711288102669
110_Narrow,1897022500.0,1.0221110278286447,0.00045696544809713637,-69.00024914208736,0.024143541701314723,0.002482977746654486,4.8034172667009123e-05,-119.3077136546042,1.616743075795827
110_Narrow,1897025000.0,1.02121429367866,0.0005694829237567014,-68.83939373012078,0.03885340540637317,0.002556250821247105,5.854365363127234e-05,-120.47801118852477,1.0108086754847567
110_Narrow,1897027500.0,1.0197938067389039,0.0007734095235413128,-68.94475842116123,0.05522657293492529,0.002531744804655805,6.466774278366615e-05,-119.53689190308799,1.538604594388289
110_Narrow,1897030000.0,1.0212115392073629,0.0005941161429811386,-69.0901226373769,0.03243752593638979,0.0025358235686626595,6.26616750985791e-05,-119.65163616580246,1.3740842277612166
110_Narrow,1897032500.0,1.0229971746337614,0.0009666635871945016,-69.02572196494566,0.02997236533086535,0.002518709388242205,4.3709862751683474e-05,-119.80862189970458,1.6893504555332897
110_Narrow,1897035000.0,1.0204239032362814,0.0003927759136153892,-68.93460244861564,0.03148370133914169,0.00252338223150139,5.9057859490844816e-05,-119.95214512632776,1.466703899449573
110_Narrow,1897037500.0,1.0205145123652306,0.000409401046167499,-69.16148100128734,0.04236085995819099,0.002525434553303282,4.8848076334797475e-05,-120.43414933436458,1.1240281679026316
110_Narrow,1897040000.0,1.0219326310169963,0.0006494173831231627,-69.11871106645644,0.023224682168838058,0.0025336173111083996,6.330174690090082e-05,-118.92574834013688,1.4031951650650532
110_Narrow,1897042500.0,1.0203686386847968,0.0006198341334804197,-68.97165207510967,0.05459139397906584,0.0025162829513309414,5.847994731288675e-05,-119.2415956951358,1.7516187949391495
110_Narrow,1897045000.0,1.0209351619643117,0.0005600363822710944,-68.90228665444695,0.04108989323857104,0.0025271447951951596,5.813646334138941e-05,-119.62235193062182,1.4026696875377294
110_Narrow,1897047500.0,1.0207975211589941,0.0004107339452979633,-69.11054953372576,0.042381909868049496,0.0025612625854174015,4.062002389505756e-05,-120.41469786550132,1.7890030715903809
110_Narrow,1897050000.0,1.0176307053730036,0.00045598211820262777,-68.9950391178925,0.03981967406169342,0.0025498764956871467,4.806502277439257e-05,-119.99975495895475,1.6031106708069387
110_Narrow,1897052500.0,1.0226683977432127,0.000554824269019893,-69.30017506845769,0.04959048622782405,0.002546475040747488,4.278346451891321e-05,-119.44507776923739,1.048532410803624
110_Narrow,1897055000.0,1.0265486109366775,0.000551448308418687,-69.17799938568514,0.04345257032185977,0.0025821790879527427,7.199335474375312e-05,-119.9382593841803,0.9641868216480406
110_Narrow,1897057500.0,1.0215361997868269,0.0008248424268940317,-69.11470368544404,0.04018571397555253,0.0025322521760292615,5.62514873707091e-05,-120.08403241157438,0.84767475094727
110_Narrow,1897060000.0,1.022366063268463,0.0006484780891677117,-69.31668390252115,0.05197777568784353,0.002554571526043331,9.128023376567082e-05,-119.48939008081123,1.5290757125148
110_Narrow,1897062500.0,1.0194945450511816,0.0008130583586846662,-69.18365865341326,0.03839321507841492,0.00256463903737986,5.5483816429703374e-05,-120.1046101100894,1.0687656795475855
110_Narrow,1897065000.0,1.018496445770718,0.0005558352919460807,-69.18425946688131,0.03911453480457089,0.002579305675334251,6.777187500379934e-05,-120.20117966745019,1.873665666064452
110_Narrow,1897067500.0,1.0177829189191874,0.0003265979368536835,-69.31592766601109,0.05543602287253696,0.0025741853764314955,4.971934141430147e-05,-119.68086907733732,1.534266123090957
110_Narrow,1897070000.0,1.0208402122657092,0.00048169301398698073,-69.4555891439712,0.04631845149316116,0.0026183960363073636,5.497548883838844e-05,-119.47851519644381,1.4004554843006518
110_Narrow,1897072500.0,1.0206939763384868,0.0009247002942829505,-69.23580717868923,0.033929755457408395,0.0026080197875893866,6.077539173645811e-05,-119.7076444395439,0.9634225901062049
110_Narrow,1897075000.0,1.023091621573802,0.0008364626592216075,-69.22836211875692,0.03714126458437354,0.002603793795539308,2.4512971028621018e-05,-120.74052046008251,1.1982442067085557
110_Narrow,1897077500.0,1.021636360882905,0.000731136128979489,-69.15883099373465,0.015508690577311603,0.0025410804116679365,6.309141965063137e-05,-120.9179482423776,0.9391932617870925
110_Narrow,1897080000.0,1.0192484920378286,0.0006863043606227686,-69.26113081796805,0.028472893922216722,0.0025944897823755864,6.159014230742662e-05,-120.26792857732192,1.3347233837132817
110_Narrow,1897082500.0,1.0212975555100081,0.0006218247411080427,-69.40341374728997,0.03948634531577979,0.0026019926197833215,5.928072072528151e-05,-120.69216431839948,1.8990856135511913
110_Narrow,1897085000.0,1.0214130319512245,0.0006171615936093937,-69.47581098205781,0.02738649066638101,0.00259580085690981,5.7372961595751375e-05,-120.2878600858057,1.1991050920764315
110_Narrow,1897087500.0,1.0217180584608563,0.0005992175696145883,-69.4455404334954,0.056803927131003545,0.0025970655046298123,4.684087891080385e-05,-120.46868792298311,0.7901805732354472
110_Narrow,1897090000.0,1.0229102263788585,0.0007455445302946478,-69.31433450247681,0.05096441079075241,0.0026131481367123624,4.716860353949281e-05,-119.78459499147831,0.8373993010510435
110_Narrow,1897092500.0,1.0204101141893438,0.0006120737932764697,-69.44558009734067,0.03316076761791293,0.002594476962676166,6.320401079732113e-05,-120.35048688038098,1.0063862602133886
110_Narrow,1897095000.0,1.022959645253227,0.0007526686015425318,-69.40863861091754,0.02591712773395926,0.0026333710311482383,3.4836649307737775e-05,-120.63186299691077,0.9147644928281009
110_Narrow,1897097500.0,1.0212537976511944,0.0006396078696731379,-69.30522355561658,0.04030303602182948,0.0026197862164097437,5.653856985651317e-05,-121.17514745011843,1.3315760581108336
110_Narrow,1897100000.0,1.0176117874306096,0.0005781142761201184,-69.47694115085284,0.04309612647801129,0.0026044347441073613,7.168857939766291e-05,-121.26875327308653,1.563428759631134
110_Narrow,1897102500.0,1.0248374326365663,0.0006884315256218825,-69.52693301868739,0.046161682439096886,0.0025998081445476897,5.553974427479117e-05,-121.42089732622108,1.2247822895380183
110_Narrow,1897105000.0,1.019022815253086,0.0003893652925687541,-69.61084226342713,0.040495315181213555,0.0026044506068865145,6.257576247576237e-05,-120.77047340410829,1.1585099688168075
110_Narrow,1897107500.0,1.0200578469702903,0.0005571674141377813,-69.60008800957412,0.03051134099238602,0.0026216656576043456,6.716858603937772e-05,-120.17452890168019,1.7440673451764421
110_Narrow,1897110000.0,1.022495487787916,0.00075213788084883,-69.67086997930843,0.04089575491777784,0.0026635367809587866,7.554668897999216e-05,-121.2340209823864,1.1343194586495693
110_Narrow,1897112500.0,1.0156290925400493,0.0007885707308593079,-69.44660309852917,0.03082496876187021,0.0026368655856986527,2.9631886465112854e-05,-120.4053744653886,0.9421156983860678
110_Narrow,1897115000.0,1.0187474631576958,0.0005456525013043365,-69.71713757453225,0.05412855214843111,0.002606562073808259,4.7164017356944845e-05,-120.59709767388385,1.1925760533191507
110_Narrow,1897117500.0,1.0194678736527534,0.000643794650217892,-69.59907370129585,0.03772816539951871,0.0026302608961178363,4.388076393317077e-05,-119.84966935634802,1.580204032523057
110_Narrow,1897120000.0,1.0193903462814964,0.0007940008738876262,-69.7614189564995,0.04539146644989361,0.0026342009889390654,6.914531354137829e-05,-120.27879431456412,1.208917775148458
110_Narrow,1897122500.0,1.0212959883070742,0.0007786530500805278,-69.69976576485841,0.0181564556247065,0.002662502730933702,5.850278784304683e-05,-121.37028478617987,1.4324550100387945
110_Narrow,1897125000.0,1.0186453260185695,0.00051686319779289,-69.7455625907222,0.040629440448694716,0.0026636494921904526,5.980971035487517e-05,-120.84530250501479,1.3545545675631347
110_Narrow,1897127500.0,1.0197592743593713,0.000728982381907966,-69.70550226626108,0.04058268076857034,0.002651744294351071,4.564735260981361e-05,-120.1463099653898,1.1752237296655297
110_Narrow,1897130000.0,1.0192788935334074,0.0006229920075810123,-69.47960485134325,0.029169402603968858,0.002643502699872718,5.251906663091886e-05,-120.34355190575384,1.4173175195437906
110_Narrow,1897132500.0,1.0162109948012739,0.0006360586071724967,-69.57189412404256,0.029094547683395013,0.0026479256374920468,5.164820040798745e-05,-120.90145034047453,1.3149981949072427
110_Narrow,1897135000.0,1.0193307904280902,0.0006249518337799041,-69.62990572787614,0.045193494265455623,0.0026752317792727654,6.955886059482857e-05,-120.4225669546168,1.3491529200914982
110_Narrow,1897137500.0,1.0211467475562985,0.0005893859792214231,-69.7214454272447,0.031398234927825404,0.002688035009306317,5.337497937152402e-05,-121.41282477470912,0.968978162184158
110_Narrow,1897140000.0,1.0192659779957283,0.0007073913164887896,-69.71567369129762,0.04656567253305489,0.002671076216224894,5.9360978932588014e-05,-120.66842928825379,0.8779048993249593
110_Narrow,1897142500.0,1.0203304349305466,0.0005424316512213268,-69.83320232314475,0.03871883944640438,0.0026694291343118924,6.263710453052569e-05,-120.85715722458153,1.0408789543553247
110_Narrow,1897145000.0,1.0201154438789015,0.0005357202528147603,-69.7821691137915,0.04900652476842864,0.0027149165995632944,7.225053482223754e-05,-120.54291982518902,0.35075571965376906
110_Narrow,1897147500.0,1.0195166856170943,0.0003626765531918782,-69.87760425009859,0.03067322748694633,0.002653707946813149,6.0905676712643604e-05,-120.41164869912801,1.4414926923962816
110_Narrow,1897150000.0,1.0199481679926508,0.0008106459072869427,-69.82663633758915,0.04734898534607733,0.002684814862729525,5.936614977651711e-05,-121.23528411533705,1.2375608864336738
110_Narrow,1897152500.0,1.019250489574809,0.0007758369844110523,-69.68698623743299,0.05426035453541941,0.0026862804984851213,3.769599702765788e-05,-121.37553023519882,1.6070373438968206
110_Narrow,1897155000.0,1.0197045929502062,0.000613675556925159,-69.84039080428225,0.02869978576396767,0.002689596727467017,5.4141522785010766e-05,-120.821711716613,1.319206117941993
110_Narrow,1897157500.0,1.021490706968692,0.0006011824283225234,-69.85568069822475,0.04662781026626493,0.002749540740058197,5.871227304228538e-05,-121.44719713163782,1.0903265497989214
110_Narrow,1897160000.0,1.0165000265828665,0.0006010791613088214,-69.90180653479428,0.05116036206761869,0.0026901185765235702,3.383594862750776e-05,-120.8807204253445,0.977725215581087
110_Narrow,1897162500.0,1.02167962407102,0.0007409291283193959,-69.96804859441085,0.03017519460301328,0.0026979324482003433,6.875250246661687e-05,-121.48962112262934,1.35051375102792
110_Narrow,1897165000.0,1.0176086055516305,0.000564358164520525,-69.87032731028881,0.05300418373084859,0.002700450944477026,5.5485248289047134e-05,-121.39900817504531,1.025319662215125
110_Narrow,1897167500.0,1.0200097751932984,0.0005760374176968468,-69.89237705073971,0.03903860986928228,0.00272799950565442,5.1111938512828636e-05,-121.22834583193566,1.273241337896844
110_Narrow,1897170000.0,1.0214774268418836,0.0005267700922459533,-69.88985022035466,0.0554095025956942,0.0027348634642494593,4.506798366578325e-05,-120.7246591829174,1.7204403862581181
110_Narrow,1897172500.0,1.0158624560612395,0.0008205620196795655,-69.8701198019318,0.06607201050909076,0.002716183145742012,3.670305112551235e-05,-120.90010108876952,1.394613435909459
110_Narrow,1897175000.0,1.0202815832380618,0.0005924370076628855,-69.99170824411453,0.05291230330105081,0.002761710429356183,7.713367250641736e-05,-121.24830773738975,1.1077900545329469
110_Narrow,1897177500.0,1.0173479436866895,0.0007129500094071393,-69.97739496725715,0.03800956492330245,0.0027435043999209344,6.192095046561621e-05,-120.93852025467764,1.4516027667497082
110_Narrow,1897180000.0,1.0213200427524116,0.0008801948109845239,-70.00489778544659,0.03901359648695592,0.0027353303877335846,3.434489612681706e-05,-120.98448251535402,1.4826872527185608
110_Narrow,1897182500.0,1.01854458337637,0.0004023306970360673,-70.26900012382596,0.028818895794881953,0.002735132750984911,8.048556343938273e-05,-121.27496016899143,0.8156704444862017
110_Narrow,1897185000.0,1.0159574237936722,0.0005727989427697874,-70.19335782444753,0.04810524099414057,0.0027186260631554145,5.7250444808405064e-05,-121.05907640435332,1.0060469231357212
110_Narrow,1897187500.0,1.0182181384923639,0.0006977192741645464,-70.09448020514496,0.03407760853413449,0.0027415942629533574,4.050308970584961e-05,-121.11281731616036,1.1081693427138875
110_Narrow,1897190000.0,1.0163235150809118,0.0005589418716195243,-70.20474202620042,0.049268617568418396,0.0027376189272011087,5.685267681604229e-05,-121.27179639155096,1.1417679380014432
110_Narrow,1897192500.0,1.0183355085360466,0.0009366172571514947,-70.17788961899004,0.03923690592597791,0.002724525529327266,4.0625551100643925e-05,-121.56658726197774,0.568530275598524
110_Narrow,1897195000.0,1.0197698667406576,0.0007775990148613855,-70.28388487634244,0.042615970079852905,0.0027478693007770747,5.441535493281195e-05,-121.32336338117733,1.4292098880571666
110_Narrow,1897197500.0,1.0190944786727139,0.0006492207955672516,-70.43790439696261,0.037815445716385954,0.002745635632970764,6.432635637808073e-05,-121.40877645435589,0.8412666700758415
110_Narrow,1897200000.0,1.017672054277413,0.0008272133664599485,-70.18182428766649,0.03717987364714379,0.002757641829777443,6.599376691987142e-05,-121.02483346556158,1.4017291978027782
110_Narrow,1897202500.0,1.0167652734454677,0.0007885670671454333,-70.28011221453899,0.03967611997807154,0.0027153495818453923,4.9411154470265035e-05,-120.88273289245586,1.1711732841834357
110_Narrow,1897205000.0,1.0163810080626232,0.0007359228459298567,-70.26952212453429,0.04467051003396898,0.0027597924870587545,4.782589248586047e-05,-120.37713601784165,1.0410846940253016
110_Narrow,1897207500.0,1.0188051803212679,0.0006247693562535577,-70.26747962561103,0.0327527969418887,0.0027755607470957375,3.895623800550589e-05,-121.6280551208369,1.1598645355175206
110_Narrow,1897210000.0,1.017761647675918,0.0006043965102849638,-70.16395128788227,0.03451195246655255,0.00276996555043265,5.202584295404905e-05,-120.92950761272459,1.0183236591403797
110_Narrow,1897212500.0,1.0171711154608383,0.0006222649126411976,-70.15423092470499,0.045774357801014215,0.002759939690977027,4.67640834657069e-05,-121.74601381988218,1.2624198577196315
110_Narrow,1897215000.0,1.0167126254009895,0.0007051970436676267,-70.15738866244403,0.051076558072318826,0.002769958700871103,6.0795394921750334e-05,-121.18495201531674,0.95426138423175
110_Narrow,1897217500.0,1.0183212275458393,0.0007273809810394522,-70.22810146982108,0.04487179646726543,0.002778969929688552,6.077914177211644e-05,-121.38182972763141,1.0759520318132838
110_Narrow,1897220000.0,1.0179267193401826,0.0005213407222808635,-70.3504375076278,0.025404927536743397,0.002773110932183336,5.830741415383157e-05,-121.71807671107437,1.52576151500765
110_Narrow,1897222500.0,1.0178104392919043,0.0003845082057520851,-70.44428593769827,0.044282009736042655,0.002762193571043398,6.682597801942125e-05,-121.55524989392605,0.9717299117574674
110_Narrow,1897225000.0,1.017081272196318,0.000688581098065301,-70.43948031708932,0.035054908641715773,0.002803181299166305,7.659900546330229e-05,-121.38782078117782,1.1044809703437952
110_Narrow,1897227500.0,1.0171437038885756,0.0005130780965263766,-70.49821876576789,0.031028134989289986,0.0028233121777831113,4.55318823947586e-05,-122.02123114929039,1.125555857683618
110_Narrow,1897230000.0,1.019580539337941,0.0004029025395961271,-70.51704437047798,0.042037075289317806,0.0028013097122427284,6.385399099341568e-05,-121.98293635320903,1.0351113005613177
110_Narrow,1897232500.0,1.0169937075290294,0.000817728541989413,-70.2665409561329,0.023259909540619496,0.0027969989447126442,9.586754154712952e-05,-121.44435888844038,0.525585340050125
110_Narrow,1897235000.0,1.020085410533901,0.000785325179415654,-70.42602883613031,0.03447967568518376,0.0027896697816699656,5.447299183380638e-05,-121.27149125367151,1.0102333910064636
110_Narrow,1897237500.0,1.0210709469739276,0.00048045829264539616,-70.38618398397823,0.029934782721954982,0.002810391303528029,5.383037694401592e-05,-121.14771424533102,1.2722331409709553
110_Narrow,1897240000.0,1.0143070941999068,0.0006352502572385141,-70.60597112752613,0.031201904224649846,0.002800626225988914,6.868790029654957e-05,-122.4434389537398,0.7355686315371144
110_Narrow,1897242500.0,1.0175098209070672,0.0005175198579402793,-70.4295948431187,0.04181694830095793,0.0028460503257536182,2.3540439694872354e-05,-121.64476040035125,1.099016475218746
110_Narrow,1897245000.0,1.0168675894458172,0.0006277139670357747,-70.58284464612635,0.03287239779537341,0.002845818952615445,3.13926387819919e-05,-121.86955622515103,1.1341983430777638
110_Narrow,1897247500.0,1.0187916891945408,0.0006825770709913693,-70.51778206698569,0.05439618673918995,0.0028009605428316146,8.199493417456316e-05,-122.11529992306609,1.0298080290667129
110_Narrow,1897250000.0,1.0177191630040612,0.0005220010852130264,-70.56772042686606,0.01518363979073062,0.0028544087669344145,5.1077621673740046e-05,-122.35818253796339,1.3142166577485803
110_Narrow,1897252500.0,1.0157296288101385,0.0006421368933488953,-70.55502272026241,0.04292116441985555,0.0028307603692363475,3.6359336609215804e-05,-121.70478847222697,1.2854386207817883
110_Narrow,1897255000.0,1.016797250675362,0.0006006661987444404,-70.68667525954126,0.027410593012034485,0.00283155095356188,6.549080970874483e-05,-121.92948089793933,0.6433840680618497
110_Narrow,1897257500.0,1.0161599671507766,0.0006035311853903462,-70.748898607101,0.04003485615311011,0.0028656476121042287,4.7534848211084245e-05,-121.48770268808627,1.6212308288641777
110_Narrow,1897260000.0,1.0178445336735273,0.0006182318351076046,-70.55987707117262,0.04514899198787029,0.0028542409535928194,5.799135284133843e-05,-121.84335835167991,1.4125824487770227
110_Narrow,1897262500.0,1.0189979557239996,0.000557777826414832,-70.69687160123573,0.026554676408612966,0.0028604787930465803,4.762479463919867e-05,-121.73308446745718,0.7799299877048356
110_Narrow,1897265000.0,1.0169926904579372,0.0005042397222786184,-70.73915352296338,0.04338728322539538,0.002838292223669491,6.201752258731717e-05,-121.70035541823823,0.870888244636196
110_Narrow,1897267500.0,1.0185656645426349,0.000664170284336578,-70.64884185422387,0.04549741692210229,0.002871543793608813,5.521213190657869e-05,-122.82697131287898,1.2569832589128225
110_Narrow,1897270000.0,1.01581785317746,0.0007277891664821445,-70.67891844147712,0.03945481669226403,0.002834835118359581,8.583089980034018e-05,-122.3790131513467,0.9221676349763839
110_Narrow,1897272500.0,1.0156753411683457,0.000696460014594435,-70.7142560037968,0.03420556071985817,0.00286521949614947,6.589254824211155e-05,-121.76778842201281,1.2074985481073148
110_Narrow,1897275000.0,1.0177449595785881,0.0006264936200721014,-70.86762163065198,0.021756176809711116,0.0028846100383232496,8.8337360968125e-05,-122.21433060038686,1.641187763777432
110_Narrow,1897277500.0,1.017487642470306,0.0005960891243715484,-70.61213131274698,0.04741501282155416,0.002869028277937852,5.134517899458372e-05,-121.71590143394693,0.8084675098683758
110_Narrow,1897280000.0,1.0148446428145061,0.0007522792161893375,-70.62869548364338,0.04721231026910096,0.002875947558036087,7.782758363489379e-05,-122.20754637064412,1.172400644058622
110_Narrow,1897282500.0,1.0163670073067614,0.0007431513963864317,-70.88693350633025,0.03558503003196013,0.002894354069504863,3.524848450740638e-05,-122.29851614034565,0.9220462892891609
110_Narrow,1897285000.0,1.0184731607166562,0.0007767191526034054,-70.92935269625303,0.024818527942928596,0.002902465235225921,4.280236649215831e-05,-122.83664117619038,0.9206825378622303
110_Narrow,1897287500.0,1.0192011852663974,0.0007459815626578004,-70.92013860342225,0.03667485571165733,0.002913680486819734,2.678340618511034e-05,-122.12821142058297,1.4997337161435524
110_Narrow,1897290000.0,1.02017282082697,0.0005108676179154523,-70.97217499189104,0.027589567312297694,0.002933852162457082,5.8670629412984486e-05,-122.97860591988913,1.436787406815132
110_Narrow,1897292500.0,1.0152407676339565,0.0006885760657333192,-70.84465643131533,0.041115558768088686,0.0029135449284679923,7.924219880670516e-05,-122.96109019681876,1.0005370271436869
110_Narrow,1897295000.0,1.0144502881943624,0.0005234379693551611,-71.0719693391141,0.0362310394068939,0.002895912525718308,4.487497800481882e-05,-122.93838531772984,0.8869671547680493
110_Narrow,1897297500.0,1.0172121962341714,0.000635609587711361,-70.81259648386744,0.02407600363506102,0.002920934628950946,6.353571305718428e-05,-122.96172237231723,1.2113797292347956
110_Narrow,1897300000.0,1.0176538840648643,0.0006200021847125845,-70.92452219567942,0.055720072099666236,0.0029135334019653593,8.052661455218054e-05,-122.63362826068183,1.0615452166977264
110_Narrow,1897302500.0,1.0169298888337577,0.0004991179794170618,-71.13245907417743,0.03408109288416312,0.0028990661955698663,6.451224917834828e-05,-123.00491801032305,1.4023869706248255
110_Narrow,1897305000.0,1.0146974654122873,0.0008880916232345912,-70.92859478159409,0.04327978471815228,0.002939236395839879,6.034312305727146e-05,-122.60706770094575,1.1889111113101885
110_Narrow,1897307500.0,1.0152332373302004,0.0005490840097828459,-70.95150843719121,0.04779494604702604,0.002921853719056532,5.975788241539251e-05,-122.55982004929771,1.2643506514361416
110_Narrow,1897310000.0,1.0146351375748859,0.00037506480828670903,-71.07528036276483,0.03481528448023105,0.002928783002635771,5.24411171443198e-05,-122.68109124404405,1.3735571454369564
110_Narrow,1897312500.0,1.0156012986689424,0.0007659688445836038,-71.27221376833504,0.02196999678573473,0.002911112512019228,7.219069673171102e-05,-122.4555052304586,1.0174309015158556
110_Narrow,1897315000.0,1.0172623555142406,0.000699829511542935,-71.19593745943065,0.04887396261351668,0.0029143934460809998,6.97012076915302e-05,-122.50334934317112,1.533409143635897
110_Narrow,1897317500.0,1.0172416956716432,0.0007393875586669598,-71.18504727565312,0.04858793535135202,0.0029325263183038676,5.173334941571308e-05,-122.76260849410036,1.1002740759370098
110_Narrow,1897320000.0,1.0136362640149845,0.0005601211840291836,-71.06135834354458,0.03261754343977032,0.0029399163319930558,5.838474432929372e-05,-122.82834704298872,1.5324282223279344
110_Narrow,1897322500.0,1.017317123958184,0.0005849463550446019,-71.12792774408754,0.05843997555266539,0.002947438368706663,4.898502903433326e-05,-122.64193797452111,0.8597813703300611
110_Narrow,1897325000.0,1.0182676814333973,0.0004956762783809396,-71.33154567217758,0.030358239024141843,0.002960759529496489,5.328636555403946e-05,-122.95142140763217,0.7572929195293991
110_Narrow,1897327500.0,1.0159493057624651,0.0005184239032928243,-71.08601907179565,0.03520421861604137,0.002966677181982618,6.326117899573732e-05,-122.91339537165034,1.312666742860052
110_Narrow,1897330000.0,1.012333334198895,0.0007767840792403111,-71.19564023456574,0.033991551930710164,0.002934744638737981,4.325522504088758e-05,-122.99983757528001,1.0057515493374467
110_Narrow,1897332500.0,1.0152191248566695,0.0007184288922076388,-71.11560191469076,0.04829569806181952,0.002962847455606194,6.529639806703506e-05,-122.69626315893592,1.3767274367204028
110_Narrow,1897335000.0,1.011961662333872,0.00047237982558360255,-71.24454405034543,0.03306966639890704,0.0029426216929711937,6.04525205486051e-05,-122.39755327183963,1.5398787165925127
110_Narrow,1897337500.0,1.016198922012348,0.00042610612103548956,-71.10844059035344,0.04564756975857576,0.002966301893496703,3.867823663387241e-05,-122.75597215108297,0.6474664891538674
110_Narrow,1897340000.0,1.01466594123519,0.00045307981167448094,-71.13136872474406,0.0329663401224378,0.002972059502917453,6.472821751244974e-05,-122.50538033735361,0.9740888652394191
110_Narrow,1897342500.0,1.017094766192936,0.00024827547808787745,-71.52829002176827,0.05946172725248871,0.0030010512055126015,6.107217236327484e-05,-123.09008021983709,1.072026927591347
110_Narrow,1897345000.0,1.0186138288113349,0.0005455659912241552,-71.25062110005979,0.03382458198517912,0.002959375385290931,5.861832177246808e-05,-122.3567114141311,1.4346724349325664
110_Narrow,1897347500.0,1.0159264423685852,0.000748756377264031,-71.39525965850237,0.022179514146816594,0.002973105044721471,5.101921576919958e-05,-123.09189919751627,1.1420717452608047
110_Narrow,1897350000.0,1.0169774856300293,0.0007886643862435933,-71.26812105377817,0.03858930527988654,0.002993814388469514,3.1485164800662145e-05,-122.87146592142079,1.1332852604792605
110_Narrow,1897352500.0,1.0150856531659074,0.0006659468614337086,-71.53197769294768,0.02071527935276652,0.0029942038041375256,5.235124267396592e-05,-123.702006870516,1.3661191821183338
110_Narrow,1897355000.0,1.0147101685488302,0.0004326652528769768,-71.48018772246945,0.03749603294232741,0.0029989587328042994,6.813763186214473e-05,-123.18705418236861,1.1684935578921831
110_Narrow,1897357500.0,1.0123737682959786,0.0007050535297431789,-71.35667548092182,0.03646558077818761,0.002959614669735978,4.667334247597531e-05,-122.68488679935354,1.558397465002721
110_Narrow,1897360000.0,1.0172585398448661,0.0005085473704990904,-71.59504495503711,0.035002025306406045,0.003010991339916145,5.0643850170538674e-05,-123.25346647352355,1.0491481298919096
110_Narrow,1897362500.0,1.0137288972501397,0.0006473366817009407,-71.51486284293895,0.047036968874129434,0.0030584360025678768,4.977449674744378e-05,-123.17676158909383,0.9517296892055258
110_Narrow,1897365000.0,1.0126624907306263,0.0007925064820344353,-71.50344534505217,0.03381917719941961,0.002997578521272604,7.450482609645808e-05,-122.95527832382741,1.2792496638455975
110_Narrow,1897367500.0,1.0149240487669147,0.0007660534178089236,-71.53680899557682,0.05310162603503265,0.003007562554824026,5.556733716362935e-05,-122.82818753176696,1.2173289656591586
110_Narrow,1897370000.0,1.0147533046110393,0.0004584587723263459,-71.67340136134675,0.034843647016029766,0.00302121331238312,6.507428057765115e-05,-123.39691168073934,0.9700497891695387
110_Narrow,1897372500.0,1.0155966699667194,0.0005917735101186936,-71.69150354816048,0.0313489470782886,0.003029667062195488,5.3108035232835963e-05,-123.5820911636321,1.269521650256252
110_Narrow,1897375000.0,1.0133669921702289,0.00038357181197260144,-71.72474655662404,0.038386687290413585,0.0030440091483793425,5.9588218408203855e-05,-123.20997077772581,1.099571009964001
110_Narrow,1897377500.0,1.0163884444138978,0.0005479384073142226,-71.6157940242643,0.030901946800313544,0.0030286820715350444,4.79728837424836e-05,-123.18092941735858,1.4209711617477905
110_Narrow,1897380000.0,1.011889865496832,0.0005331451823239543,-71.82302924573969,0.04490806045886543,0.0030143653536502195,5.96157249374848e-05,-123.1030001062648,1.21184344169073
110_Narrow,1897382500.0,1.014019278073678,0.0009331566299703845,-71.53884182961536,0.02401403828530575,0.0030645226720666416,5.445542033582417e-05,-123.46217681154943,1.2803906247830887
110_Narrow,1897385000.0,1.0139780979377018,0.00044215856396151025,-71.66688681787471,0.03891455708625968,0.0030406975531768843,5.605969553828151e-05,-123.31585228540534,0.987536397248288
110_Narrow,1897387500.0,1.0151712195581675,0.0005443332367084754,-71.94263104670935,0.04659778158236153,0.0030118688203205554,7.208481889041344e-05,-123.22268081285462,1.2510479514609911
110_Narrow,1897390000.0,1.0153821116098234,0.0008195373884136931,-71.66427767634292,0.04554954184089191,0.0030543897338010163,3.4564110366739886e-05,-123.1023897290103,1.3113466729638532
110_Narrow,1897392500.0,1.0148256948475123,0.0007241944459124259,-71.7365725768545,0.029145214849669754,0.0030673862180289656,5.7975739882178155e-05,-123.41690657252377,1.3280219535226019
110_Narrow,1897395000.0,1.0116756560922473,0.00047439863966387054,-71.82183354131584,0.04148284996471197,0.0030611719113328084,5.18998595586619e-05,-124.01150206998312,0.9947989667717068
110_Narrow,1897397500.0,1.0152458995809481,0.0007533116029123123,-71.64214333853182,0.03895001169562781,0.0030778431650280284,6.28358022649836e-05,-123.23844682236737,1.2368446984771977
110_Narrow,1897400000.0,1.0166930205089189,0.0006164585387657045,-71.85874755174864,0.03765886985587709,0.0030821862916528197,7.083667940306904e-05,-123.1376378697057,0.9699300839655371
110_Narrow,1897402500.0,1.011850036204516,0.0005045371373566292,-71.67226805585568,0.035988449447816304,0.003085515228331131,5.839288251468002e-05,-122.84060237118977,0.842308402297528
110_Narrow,1897405000.0,1.018292900104211,0.0006647984646207628,-71.83353857786796,0.047626237155132554,0.0030938170685577884,5.302485361254682e-05,-123.51870511301,0.97975875590845
110_Narrow,1897407500.0,1.013815904316335,0.0003454116870071202,-71.80039644708727,0.029651271960408194,0.003087685636857025,4.577056428233655e-05,-123.46972927705643,1.2656601218534647
110_Narrow,1897410000.0,1.0168417193912476,0.0006120864648429367,-71.78682505498885,0.034178521209816105,0.003085440173753809,6.886075741162883e-05,-123.49975616837588,1.2566452576029645
110_Narrow,1897412500.0,1.0113851061832246,0.00045697551420151983,-71.94488501845058,0.040121729649267565,0.003103351669300298,5.318607788371136e-05,-123.75195004161483,0.7645357642530497
110_Narrow,1897415000.0,1.0140375638062222,0.0006029514202290435,-71.93712220161753,0.05408062624897723,0.0030949253447995068,5.2115285868186536e-05,-123.17349667891148,1.0308524222258308
110_Narrow,1897417500.0,1.0082694313335083,0.0004705625737375957,-72.07865549766308,0.030433023574768604,0.0031065114831678865,5.444316306339185e-05,-123.51662772745173,0.8043086491635082
110_Narrow,1897420000.0,1.0113211672644955,0.0007498623046112978,-72.01515678553363,0.017992720213881902,0.003104209121579506,5.2746041769332885e-05,-123.67205921287736,1.637587557450819
110_Narrow,1897422500.0,1.0114857518177647,0.0007747205626267122,-72.19050350407666,0.04309620170112451,0.0030902523317571234,6.58129969869687e-05,-124.1035782852152,1.3886518184615475
110_Narrow,1897425000.0,1.0142823635675549,0.0006769149199310685,-72.15183779188241,0.02136516417280781,0.003102051014019717,5.7568327429017203e-05,-124.53825352653679,0.9432447159692012
110_Narrow,1897427500.0,1.013312241727696,0.0006589944414381244,-72.03356245023666,0.050996315885583066,0.0031125766107102243,6.640818177705267e-05,-123.8094745319638,1.2790442571069522
110_Narrow,1897430000.0,1.0135176048621903,0.0007639461449184078,-72.02165236737652,0.0392477156173531,0.00311492443179616,6.224394071909256e-05,-123.87690904145394,1.2063543713641844
110_Narrow,1897432500.0,1.0124808567220374,0.0006215166056582574,-72.1324792096799,0.05158392571055125,0.0031114743224299308,5.6176071891783426e-05,-123.35864462972064,0.7987160502347509
110_Narrow,1897435000.0,1.0152226165439866,0.0004947790907838773,-72.13443611117677,0.03917898934420536,0.0031191246794968134,5.805510984477326e-05,-124.0072596389556,1.6825155071913895
110_Narrow,1897437500.0,1.010951392585623,0.000504240216150089,-72.05299992879876,0.06000897243862543,0.003124307936405974,5.056481474067096e-05,-124.00776261437288,1.005196146772075
110_Narrow,1897440000.0,1.015476187921224,0.0012446111076757703,-72.37448704780363,0.037046888544370514,0.003123577296086671,5.126712623985848e-05,-124.67434104435995,1.002081614967693
110_Narrow,1897442500.0,1.0110108175409285,0.00036237967627750597,-72.14135099340376,0.051092062372274635,0.0031604082777900886,7.858184508309493e-05,-123.97777741045198,1.259383244990485
110_Narrow,1897445000.0,1.0128565225676902,0.0007333763233265268,-72.1582691470391,0.06089672461688157,0.0031585269842831676,2.7898985826026202e-05,-123.44974493193052,1.0162683643351984
110_Narrow,1897447500.0,1.013585055964053,0.0005176184068721398,-72.27960696765665,0.053464114355012936,0.003151848977440791,4.248768631677076e-05,-123.99407081581424,0.7307339272633842
110_Narrow,1897450000.0,1.008860740759663,0.0008792681747323495,-72.11255410841343,0.046525413673991135,0.0031608605794955567,4.849390752685161e-05,-123.74168292350342,0.9879706434037239
110_Narrow,1897452500.0,1.0126028403595613,0.0008116423467711905,-72.45322206643691,0.04392877228230938,0.003162169117648374,5.4936250429970595e-05,-125.03882680303147,1.0844567093702817
110_Narrow,1897455000.0,1.0098563888968553,0.00043151610317463345,-72.31156464633058,0.04089113496582754,0.003189369236531372,4.3867642290371285e-05,-124.65312091543214,1.0225623705754165
110_Narrow,1897457500.0,1.0120675017954792,0.0008264595225093613,-72.26582216001236,0.026638443204678706,0.003179033424690451,5.658431191349946e-05,-124.17844280172228,1.0295061868660236
110_Narrow,1897460000.0,1.014581876583801,0.000626554334909204,-72.3746965942203,0.05440274593451991,0.0031873978691526247,5.061780241811634e-05,-124.26119032348636,0.9447159491287035
110_Narrow,1897462500.0,1.0109431158645563,0.0008911993742615312,-72.49137720107755,0.035931167742008156,0.0031891342924701607,4.0626634335848965e-05,-123.89411148733265,1.2163954046287673
110_Narrow,1897465000.0,1.0132807850663985,0.0005278804683457733,-72.27274166889434,0.050653562451321923,0.003158604756598008,4.5396062534438054e-05,-123.86701477999945,1.3282865609514132
110_Narrow,1897467500.0,1.0107138544763228,0.000840412861825537,-72.26894642385201,0.03457611520091131,0.003159999898546552,4.497793276959211e-05,-124.18108788297764,0.8450719695768071
110_Narrow,1897470000.0,1.01289546014891,0.0006424616023963867,-72.3908556172193,0.059181594354802865,0.0032158056791462566,7.903031648893565e-05,-124.38617928347756,0.7005517862516989
110_Narrow,1897472500.0,1.0125902419965027,0.0007469452499621412,-72.40950261880677,0.030280908450945956,0.003191248090921409,7.680265029835298e-05,-124.44247545797796,0.9389598860914098
110_Narrow,1897475000.0,1.0114067819049348,0.0007394381222675179,-72.43958310246481,0.0634583571305746,0.003203897749918411,4.529792775542397e-05,-124.5492521184134,0.8713689266589488
110_Narrow,1897477500.0,1.0112910005982336,0.0007873889764592319,-72.68859373440812,0.036849563575817125,0.0032103554344100147,4.043398445881609e-05,-124.3516444750197,1.3036643405059707
110_Narrow,1897480000.0,1.009992527282923,0.0009823756590233133,-72.63003403520938,0.018940705168590498,0.003230229600117474,7.311482796819264e-05,-124.26162899800354,1.0822989483375467
110_Narrow,1897482500.0,1.0089450506510005,0.000401841760565835,-72.51999838734743,0.0253918112855561,0.0032364608705637283,7.174854430983437e-05,-124.12284134938773,0.8044079334870746
110_Narrow,1897485000.0,1.0164710830815142,0.0006349049437170982,-72.5625285600832,0.048708533499079686,0.0032127852304215916,5.273233231411162e-05,-125.05894132720555,1.166325298118834
110_Narrow,1897487500.0,1.013723065684078,0.0007895694643874731,-72.64646462369068,0.05622679308439391,0.003276628941010617,4.703031770874472e-05,-124.41304998194309,0.9170623415297054
110_Narrow,1897490000.0,1.0114845193606514,0.0005787071104107187,-72.49369846496825,0.03716255526308301,0.0032183609477133518,6.921649651435178e-05,-124.1070161722674,1.0083727820469752
110_Narrow,1897492500.0,1.012700868403315,0.0007569621810261807,-72.67532141205213,0.05883457060429308,0.003227226533466965,8.12395342429292e-05,-124.5393874738379,0.9445548799101118
110_Narrow,1897495000.0,1.0104348955295244,0.0002731323627803971,-72.72931405787006,0.06073103005128351,0.0032414170779673174,6.209339909643756e-05,-124.75725768270127,1.10625587561738
110_Narrow,1897497500.0,1.0139480389013618,0.0007797911409947151,-72.73533402607171,0.02780139357488746,0.003261539241968951,5.341784144264427e-05,-124.22870603668659,0.9794996813979113
110_Narrow,1897500000.0,1.0092989864009967,0.000521372103508463,-72.65587116487681,0.04896537318506896,0.0032394001541180438,6.518747331664255e-05,-123.7577746755297,0.7517493515751438
110_Narrow,1897502500.0,1.0127384578674163,0.0007686529790734138,-72.5185050187049,0.05462549730143794,0.003271372762418935,5.7031155388561e-05,-124.4212040271871,1.245679640878976
110_Narrow,1897505000.0,1.0134270901274207,0.0005552770945094595,-72.79060297649043,0.03668461890587994,0.003297870419986088,5.439053103314716e-05,-124.82866353803624,1.1934854313115046
110_Narrow,1897507500.0,1.0110454973007452,0.0004718950873780606,-72.89516656027914,0.03679513993613196,0.0032996506329038833,5.3189555138616515e-05,-124.68710997378348,1.148086891022073
110_Narrow,1897510000.0,1.0095756073371753,0.00035315834470039394,-72.93730806410616,0.05218599322750663,0.0032672638774553647,6.105815985560359e-05,-124.85547630507489,0.9749404792065075
110_Narrow,1897512500.0,1.0125786732503854,0.000553781038278942,-72.64338413739166,0.04568134874850463,0.0033065859251654476,4.948254194168839e-05,-124.17953258416196,1.5454102538317653
110_Narrow,1897515000.0,1.0116579102462462,0.0007789782680330011,-72.81378400174896,0.04687426839568416,0.0032762265416239555,4.9385558830364154e-05,-124.98223814616146,1.1042222690901868
110_Narrow,1897517500.0,1.0112210648222146,0.0005201195711458269,-72.73852436621127,0.04069472774794373,0.003315819447098844,5.225946254374357e-05,-124.3397801133991,0.8957298055991478
110_Narrow,1897520000.0,1.0101127915267298,0.0006289963489135868,-72.79936665948527,0.049549400521754584,0.0033142196867824154,5.8203033182301645e-05,-124.91496633055289,1.0328532067016614
110_Narrow,1897522500.0,1.0130892016269413,0.00047413202332327375,-73.1401272519717,0.0431515345506923,0.003293570130031462,5.507862995654137e-05,-125.35474482146333,1.2456179843766195
110_Narrow,1897525000.0,1.0063430772601805,0.0004524859207872604,-73.13855624335415,0.04068102741845617,0.0032710830081373104,6.409565270574281e-05,-125.65714482901836,0.8187133118937124
110_Narrow,1897527500.0,1.0077999702623923,0.0005311087701857512,-72.85736365473636,0.04532432610747036,0.003317577577233482,5.394864554962517e-05,-124.49503463958123,1.004520871513782
110_Narrow,1897530000.0,1.008974825298311,0.000462009166236854,-72.79816213204627,0.035326051516392835,0.003284029540848386,5.830005812278574e-05,-124.72739274766252,1.1879607485476835
110_Narrow,1897532500.0,1.0088314844408348,0.0006599196455418321,-72.95307706809784,0.02184392256256773,0.003346552791412079,3.8996517618637376e-05,-124.62505123423463,0.6753493608890683
110_Narrow,1897535000.0,1.012498680800581,0.000899091580438734,-72.99107464064326,0.0417595022191636,0.0033201474785325073,5.484199427110758e-05,-125.18935688946092,1.17254382243017
110_Narrow,1897537500.0,1.005843910596041,0.0007718751981540862,-73.06378690814768,0.03590992033808689,0.003354492356295378,4.0669975083550713e-05,-124.5056363659882,0.9406985972723445
110_Narrow,1897540000.0,1.0097061060153742,0.0006528185414091609,-73.02034712181461,0.05279777238166616,0.003317469063101163,7.147735942459051e-05,-124.81835547631121,0.9293416570814704
110_Narrow,1897542500.0,1.012993863012591,0.0007385716912543905,-73.24499094572602,0.038580020312736225,0.00330869997886992,5.5417320967957434e-05,-125.25943219763158,0.9112920313659452
110_Narrow,1897545000.0,1.0082568901864677,0.0006381413777610638,-73.26260083149096,0.061164282374625435,0.003328979610760405,3.566671120574471e-05,-125.6418008451288,0.6082930597506241
110_Narrow,1897547500.0,1.0089402275218817,0.000705083881774969,-72.9482397347767,0.044371602392594106,0.0033617176125793754,6.509798365515405e-05,-125.1840192461019,0.9635312953208524
110_Narrow,1897550000.0,1.0093125161525156,0.0005805738305434147,-73.32326964036815,0.03668271473971988,0.003344095690223284,5.996312438089284e-05,-125.38180471329628,1.053745681541322
110_Narrow,1897552500.0,1.010121107037976,0.00032076443513792837,-73.38373230644343,0.05470917901784835,0.0033655478967619026,7.291616542148973e-05,-125.10868636154923,1.0731061473710781
110_Narrow,1897555000.0,1.009031152401126,0.0006410679598313943,-73.48582045285035,0.04863383850878532,0.003388563856264769,4.89564457190144e-05,-125.20261360931438,1.2502219053845312
110_Narrow,1897557500.0,1.0090839399707774,0.00040659292728344404,-73.41460210645016,0.049320757416222,0.0033943311625621183,5.450874815133057e-05,-125.20783816836536,0.9182090198807311
110_Narrow,1897560000.0,1.0099087863805924,0.0006695936778426211,-73.23237822636935,0.051354989542629854,0.003397014152336108,2.463379854971344e-05,-124.97862827058344,1.0612034562549109
110_Narrow,1897562500.0,1.0121795156075077,0.0005116863295131682,-73.32210960869196,0.053816286942068865,0.0034158165077986624,6.207715306785026e-05,-125.6648408270473,1.241148533209115
110_Narrow,1897565000.0,1.0080944113503505,0.0005322710741761099,-73.273919682424,0.06292300973118345,0.0034125283388523886,5.759954976518397e-05,-125.55308398726262,0.816192784240583
110_Narrow,1897567500.0,1.0100155615508584,0.0005832562469255375,-73.45400741374804,0.04334428683104402,0.0033904856548790476,8.286479016855156e-05,-125.78540958315223,1.276157695317529
110_Narrow,1897570000.0,1.0072946324141439,0.0007662999131920164,-73.63441907080127,0.04033827135238232,0.0034070338307579215,4.2942376243387685e-05,-125.75455624222883,1.0717342989402443
110_Narrow,1897572500.0,1.0085842848822493,0.0008817479591613838,-73.5509031755062,0.045458828526504354,0.003410053798829841,7.945462770209727e-05,-124.92793794907067,1.4218993655916692
110_Narrow,1897575000.0,1.007048999987523,0.0007044814480763094,-73.62845474689041,0.043161302742538966,0.003410050572613615,4.923258490459748e-05,-125.43321553989121,0.8743080797413816
110_Narrow,1897577500.0,1.0101980510258985,0.000688414029004856,-73.45534666719307,0.05545385019363417,0.0034211234372249115,5.42056239575937e-05,-125.79074641105206,0.6488689094611554
110_Narrow,1897580000.0,1.0106596819869875,0.0007168128372778919,-73.49577772323563,0.04770304807977478,0.003427567241976577,5.022601957070349e-05,-125.78163856279122,0.9885294976145279
110_Narrow,1897582500.0,1.0102733720670394,0.0006935396619324052,-73.59428133489997,0.04778574475444074,0.00341865470162395,7.846429237035495e-05,-125.6013694520349,0.6839908281771289
110_Narrow,1897585000.0,1.0063050167476006,0.0010906445752878811,-73.49609656340999,0.03950606440275354,0.0034403647380295095,6.943471609741589e-05,-125.24721929974015,1.4085332357261842
110_Narrow,1897587500.0,1.007919797783431,0.0008583139890341398,-73.55753226399123,0.046877382698908385,0.0034311259999347523,4.268193650285657e-05,-125.5768316667076,0.5476100989489813
110_Narrow,1897590000.0,1.0055500814947473,0.0006691432826148733,-73.5722131181976,0.04394444880755369,0.0034758487171361236,3.696513681513518e-05,-126.09326651495437,0.8412961719887759
110_Narrow,1897592500.0,1.0079804585829197,0.0004905307474387152,-73.61283721904226,0.04971127736368127,0.0035046924967255407,6.845745558393359e-05,-125.64181284695815,0.757707483756529
110_Narrow,1897595000.0,1.0069730433088957,0.0004757670757029338,-73.57448853309954,0.04323810169168723,0.003454723435552124,4.127190726826557e-05,-125.48802857641593,0.9090571211908789
110_Narrow,1897597500.0,1.008732870056983,0.000462202567834975,-73.64846202040825,0.04019350035843717,0.003471809709662256,4.735089847965369e-05,-125.73656175970578,0.6924871776451381
110_Narrow,1897600000.0,1.0083856900597024,0.0006120387447535226,-73.76606741010126,0.04494763566504757,0.003480653834478913,4.5607322718855124e-05,-126.41968371039628,0.8679274650861084
110_Narrow,1897602500.0,1.011667746224423,0.0007564372959893351,-73.77400104313809,0.04505700888680724,0.0035029163747150966,3.479831066157215e-05,-125.56865136627131,0.9526446290042381
110_Narrow,1897605000.0,1.0059495290380773,0.0004172021036649097,-73.81054991479012,0.04854277389579126,0.0034477057732992234,6.125013879342045e-05,-125.4958779737005,1.0509173077095164
110_Narrow,1897607500.0,1.007703235871671,0.000545418677292687,-73.72847233751014,0.05443567224412921,0.00349454893471846,5.413178679840838e-05,-125.88763678399577,0.7648796505957891
110_Narrow,1897610000.0,1.0038799348828638,0.0008203641627172117,-73.7550911101985,0.03569397843774401,0.003486035750808542,4.269630447024094e-05,-125.38256229435156,1.1949976062679664
110_Narrow,1897612500.0,1.0069050239202813,0.00038250360626556154,-73.8404284149552,0.019050476838703933,0.003478587689991077,4.43758595034633e-05,-125.82798492261458,1.107088138566207
110_Narrow,1897615000.0,1.0067741020510257,0.0005989969324575607,-73.88855880847277,0.04093732212821364,0.003544138148241583,4.3694348899117604e-05,-125.49482050951588,0.8595592940492688
110_Narrow,1897617500.0,1.0020431479384624,0.000799926616746281,-73.95276163231483,0.03428084431704497,0.0035098033004893185,5.978852007370671e-05,-125.99534446924747,1.0788649835979678
110_Narrow,1897620000.0,1.0062681670684903,0.0007804570805493218,-73.70982567297347,0.043751052886875835,0.0035210827195575854,4.700431495367802e-05,-126.1473495376445,0.9759993742103199
110_Narrow,1897622500.0,1.0071953336018402,0.0006682214747399331,-73.86732141955257,0.03538629108555122,0.0035512273608473183,8.016784437939927e-05,-125.54560731229395,1.068697894175024
110_Narrow,1897625000.0,1.0044390954444349,0.0006936813462308037,-73.9789094979101,0.029761206764236332,0.0035242376759178603,4.344537147796153e-05,-125.86188472306306,1.090970346141239
110_Narrow,1897627500.0,1.0025762480963063,0.0006080277481225833,-74.16852275324594,0.04086269348591034,0.0035268827073887225,2.870400913429758e-05,-126.4233324998326,1.0886692905303736
110_Narrow,1897630000.0,1.0101708773009215,0.000501082415580341,-74.15790889830359,0.03076968001890676,0.003543712391146552,6.779612545205505e-05,-126.57581970189304,1.1372162740496148
110_Narrow,1897632500.0,1.0048398557110187,0.0006629104976630199,-73.99474461262655,0.04463814161487331,0.0035366872589727093,3.196450909198338e-05,-126.8643248777371,0.9808192910497632
110_Narrow,1897635000.0,1.0072069199674984,0.000772430830015481,-74.13314036438976,0.04144284536444724,0.0035877453664971805,4.622052641574605e-05,-126.49776414593488,1.1679952221416037
110_Narrow,1897637500.0,1.0036768510931244,0.0006591884127993669,-74.10333529747825,0.021031955739543626,0.0035443715980475643,6.945867175895171e-05,-125.85656435721918,0.7809015724339531
110_Narrow,1897640000.0,1.005917139452209,0.0007264728283668674,-74.31834136204607,0.04369088134911289,0.0035612478861488453,7.326526521488883e-05,-126.86405479034461,0.8966413652699956
110_Narrow,1897642500.0,1.0053899384431655,0.0004097091688000817,-74.17639130358245,0.04679748534965439,0.003541622446600996,6.240282637082781e-05,-126.39118907773363,0.7377006098031519
110_Narrow,1897645000.0,1.004632264727543,0.0008050474213440793,-74.19735205308763,0.03134980139558583,0.003569958194193066,5.364791892918897e-05,-126.13446025456645,1.0498660438060046
110_Narrow,1897647500.0,1.0024859473513548,0.00075017295035687,-74.3142055351648,0.031612509292155436,0.0035460362568464866,7.346031755069364e-05,-126.81354328868589,0.7915769181953655
110_Narrow,1897650000.0,1.0014563232551654,0.0005995305298392636,-74.16870439381444,0.05974594374168857,0.0036082130093057913,4.603464146850445e-05,-126.3403624940064,0.6676681384932572
110_Narrow,1897652500.0,1.0065206324591458,0.0006605606185310493,-74.43620781661488,0.0332487224923095,0.0036254605864766555,8.463753985213296e-05,-126.31287845445982,0.6159471004263961
110_Narrow,1897655000.0,1.0048766278836556,0.0008894763609499106,-74.21882868380949,0.03878851153878695,0.003613738463326234,6.740202795823354e-05,-126.97549046578568,1.340993543690132
110_Narrow,1897657500.0,1.0056282469149922,0.0004269837008631703,-74.28412950701967,0.045367792901051564,0.0035925899336714997,4.860872640307618e-05,-126.39080679536161,0.9309102003627194
110_Narrow,1897660000.0,1.005568766502309,0.0005020957732293691,-74.54030035467763,0.05712002296407847,0.0036223875360625116,6.569987709839939e-05,-126.71105257687975,0.8210269240929208
110_Narrow,1897662500.0,1.0053880505319475,0.0008137842205048385,-74.51353667696799,0.03831608487720667,0.003617956964704118,3.9211298574057034e-05,-126.54615566358747,0.6664901367552788
110_Narrow,1897665000.0,1.003648466901052,0.000246871446951591,-74.48441516472582,0.04781061818075793,0.0036466778682716448,4.789752555908978e-05,-126.38255937855834,1.1143976284422954
110_Narrow,1897667500.0,1.0020065772686766,0.0006033065915348897,-74.73564531618709,0.03334376208243218,0.003614427167048901,5.303018562305961e-05,-126.20799285676509,0.9975349838795079
110_Narrow,1897670000.0,1.0022254677634803,0.0007584531277282046,-74.46130824721176,0.04118968066803323,0.003646699164599885,9.423661291716878e-05,-126.79701734792125,0.7875299834122136
110_Narrow,1897672500.0,1.0052543269675371,0.0003269642633526658,-74.55664659156544,0.030170283357225495,0.0036484116279797423,6.649428859877314e-05,-126.64074375383217,0.8044959397840251
110_Narrow,1897675000.0,1.0021789005938662,0.0006419211126059708,-74.62181634488066,0.051596407226533976,0.0036627761906890205,4.6206197028550746e-05,-126.70867763986206,1.0685009647087833
110_Narrow,1897677500.0,1.0035448077735638,0.00034443906822399377,-74.69384654595036,0.04356583771221458,0.0036603981330482816,5.212812145936127e-05,-126.92903096349963,0.8485462998750586
110_Narrow,1897680000.0,1.007169274561661,0.0005209252060777982,-74.56983856194486,0.037576770688626644,0.0037230008622039794,5.6807642429305486e-05,-127.06429924805873,1.061817310083951
110_Narrow,1897682500.0,1.006067138370363,0.0005355003327169384,-74.6957248490136,0.043025085299459524,0.003679627768157512,3.0306264644965838e-05,-127.13250306976646,1.071361777398822
110_Narrow,1897685000.0,1.0025077546340255,0.0006870356371740551,-74.96686922710163,0.05260600938283815,0.003663311145586212,4.044936457904604e-05,-127.21997093521007,0.9248387664175973
110_Narrow,1897687500.0,1.001820226307742,0.00073654942934123,-74.86433310049269,0.038864535478536424,0.00368576619936967,5.5751407181045434e-05,-126.95933697999428,0.7204668871761586
110_Narrow,1897690000.0,1.001759929925123,0.0007269466718507036,-74.84356784824116,0.03258292587259617,0.003673725217120715,8.395357806715283e-05,-127.35848140934021,1.164724392229461
110_Narrow,1897692500.0,1.0041456820141375,0.0006791384136572326,-74.75184605717679,0.03378796357292182,0.003706813371764449,4.4509014821419804e-05,-126.59591574490204,0.6611480659666564
110_Narrow,1897695000.0,1.0011384897267157,0.0005867013882889369,-74.77318934598632,0.05078571693062678,0.0037203683462206927,7.71150776713464e-05,-126.72094761297949,0.8605436454192975
110_Narrow,1897697500.0,1.0008774160542868,0.0007735973236466046,-74.84426039572571,0.034717527416486114,0.0036970273321083316,5.2365532128021264e-05,-127.37038245502842,0.8480715470701594
110_Narrow,1897700000.0,1.0007417180205422,0.0007384321998036808,-74.708427888454,0.06586549361306175,0.0037396008922511398,7.812999920918071e-05,-127.28624205594215,0.6432319276582823
110_Narrow,1897702500.0,1.0024458138774477,0.0007166353191201854,-74.98150381492034,0.03621080064466921,0.0036950948054404534,6.490883369493028e-05,-127.14315230601115,0.7920436030752172
110_Narrow,1897705000.0,1.0027636879526904,0.0005829704460210678,-74.94716354740808,0.04495554432826327,0.003757748528803531,5.1161539736849324e-05,-127.3527642945663,0.9566240229857894
110_Narrow,1897707500.0,1.0005123112102354,0.0005245563381688159,-74.97947080403898,0.04576832729086939,0.003724251012851321,5.430229032126702e-05,-127.69570491135872,0.8928547726298091
110_Narrow,1897710000.0,1.000682337002092,0.0008057077655042925,-74.96710102807117,0.04783033592233187,0.0037329002802854202,5.0177310836044584e-05,-127.00194616510075,0.6417695290426242
110_Narrow,1897712500.0,1.000169764154008,0.0006571509305101057,-75.09414861494128,0.04369639323103092,0.0037549438661052086,6.145225107892442e-05,-127.59205818811222,0.6435639853589327
110_Narrow,1897715000.0,1.00195977010031,0.0005405479903347211,-74.95793260901534,0.043701307505099686,0.0037640866518858533,4.597500793318796e-05,-127.01221982301391,0.9312142378198799
110_Narrow,1897717500.0,1.0023012915497986,0.00042346266413101493,-75.12204956847803,0.029644111936620247,0.003783180296076025,7.073818673953044e-05,-127.36803308881997,0.664914875209072
110_Narrow,1897720000.0,0.9998096560859921,0.0006235613378997868,-75.08398165388105,0.056942060966039106,0.003780674716503842,4.31440385256465e-05,-127.5396268064084,0.8827987114477018
110_Narrow,1897722500.0,1.0026797529045954,0.00039273866113341945,-75.08115114360757,0.056336120560509795,0.0038113494625809778,5.9011164887641255e-05,-127.57735621169448,0.7225231809042281
110_Narrow,1897725000.0,1.0004931894095823,0.0007003017133982676,-75.14163090954723,0.040176562343916755,0.003782465856817375,6.311616023057292e-05,-127.3697387851324,0.6316691879489575
110_Narrow,1897727500.0,1.0000713161758024,0.0006500303620170206,-75.09992983374369,0.03144443744827264,0.003821638810161755,5.922079480527465e-05,-127.18708154959403,0.7428601125336806
110_Narrow,1897730000.0,1.0014400974379183,0.0005700828203041257,-75.16672153586563,0.03472320039508897,0.003815817990978568,7.448930159820827e-05,-127.43569804474333,0.753943482050565
110_Narrow,1897732500.0,1.0011213009807258,0.0006519811894596851,-75.20763557550418,0.04155899371733515,0.0038286045308078115,8.558609928319105e-05,-127.69033326078191,0.7360640132295395
110_Narrow,1897735000.0,1.0028785435050636,0.0008407063072441315,-75.40231459634036,0.04129842530525986,0.0038182050272609807,5.829320046459598e-05,-127.93711739779728,0.8389644402021185
110_Narrow,1897737500.0,1.0030087878906153,0.0007723416121561007,-75.37552124688219,0.03024736862651583,0.0038426778598617344,7.467677676966132e-05,-128.0766785528355,0.7155074088080331
110_Narrow,1897740000.0,0.9987274469607347,0.00040790979055651123,-75.30887355334615,0.06983514361494489,0.00388109972849463,5.148504368985342e-05,-127.75412863707743,0.8234601380815891
110_Narrow,1897742500.0,0.998803603396459,0.0008738107640960289,-75.27084358895218,0.0406380169407284,0.003872179200180244,6.912230178962463e-05,-127.71772505707283,0.9772162703134463
110_Narrow,1897745000.0,1.0010044796031528,0.0006035039981182834,-75.39719097739456,0.04166852513038644,0.0038221800623208057,4.601833134449207e-05,-127.90378716801219,0.8127597697775188
110_Narrow,1897747500.0,1.0027082260711175,0.0006890009040471566,-75.45981949928866,0.039811715109636214,0.0038557969180993633,5.376799254343828e-05,-128.39504965946796,0.7151752624933129
110_Narrow,1897750000.0,1.0014507519081977,0.0006927429419455184,-75.52932091788563,0.033592721987811804,0.003866375487029433,8.04682950860719e-05,-127.82221504881909,0.7779465897295668
110_Narrow,1897752500.0,1.001851615330176,0.0006643021321291165,-75.61460550653152,0.0483229963516802,0.003839218725057594,5.2461719145894654e-05,-127.64505613320405,0.6834898621903639
110_Narrow,1897755000.0,0.9947770210082593,0.000399337268526445,-75.7212673785873,0.039781347376926665,0.0038484093324201675,4.369567795143925e-05,-128.22986039951664,0.6472449324214588
110_Narrow,1897757500.0,0.9959463611390665,0.000657679721120332,-75.54167049111216,0.0388486495517999,0.0038469905172012664,4.6574615940407814e-05,-128.15121835265677,0.8937034103896875
110_Narrow,1897760000.0,0.9985490419657523,0.0006921091345960898,-75.54704822767005,0.03805727037926888,0.003921236929832007,8.837406571081546e-05,-128.28155766007797,0.6868099461048283
110_Narrow,1897762500.0,1.001088510430648,0.0004978550173191696,-75.83283216221756,0.0322560019872089,0.00387448917017167,6.296091730575115e-05,-128.33411568075866,0.6260384391868093
110_Narrow,1897765000.0,0.995621902965196,0.0008005495479474387,-75.69777451450298,0.04119026021830686,0.0038914880712813105,5.810499428941201e-05,-127.96840805770567,0.9718085665925849
110_Narrow,1897767500.0,1.0002712914294816,0.0005189529454264085,-75.71212353503121,0.05953086069803405,0.003916515410087084,5.145010398891674e-05,-128.68756729537455,0.7612832371603211
110_Narrow,1897770000.0,0.9980473166285441,0.0008096852199890187,-75.84057880140034,0.048432635355689584,0.003898749056788174,4.3505957982332565e-05,-128.28094991549935,1.2097258987174826
110_Narrow,1897772500.0,0.9983251067583657,0.0005156612746952399,-75.73176833732555,0.04043520527033148,0.003942589672633122,5.614766442043401e-05,-128.2982229538771,0.9683572243829186
110_Narrow,1897775000.0,0.9971684001931258,0.00044308859339690156,-76.09408002828152,0.0303572735438312,0.003915448849924823,4.318965082616945e-05,-128.58547024291997,1.0757080862599162
110_Narrow,1897777500.0,0.9973854217634742,0.0005032646293956751,-75.86163395597089,0.0481856804966277,0.003942810276427545,4.107130516512547e-05,-128.107276658394,1.156156456027749
110_Narrow,1897780000.0,0.9963889374322014,0.0008591503856797009,-75.978884157331,0.043431282165433335,0.0039256983108538375,5.349335132062285e-05,-128.46947727619204,1.378878670907433
110_Narrow,1897782500.0,1.0014166800085662,0.0006804285333327849,-75.94368965713238,0.056138714182991656,0.003959481419212922,6.553457751856657e-05,-128.61805239188277,0.5543200945958481
110_Narrow,1897785000.0,0.9987604543162878,0.0007686188788275018,-75.96110973905584,0.04420788366508171,0.003942928658652583,4.1713983081842764e-05,-128.1777929112059,1.0250786326548276
110_Narrow,1897787500.0,0.9978219882976487,0.0007343281330764519,-76.12242278237416,0.03875854144292464,0.003967731451469291,5.8834651569933186e-05,-128.52952711969306,0.9969347546591565
110_Narrow,1897790000.0,0.9985647282099517,0.0005103144654649357,-76.0857713356336,0.04863799358921545,0.00394519034798434,6.013580970273239e-05,-128.21671363255908,0.6392616512750368
110_Narrow,1897792500.0,0.9922628460993697,0.0007868282860030565,-76.09052616131093,0.05119176765651091,0.003971176542377118,6.20687401590018e-05,-128.20470358741898,0.7113468929891116
110_Narrow,1897795000.0,0.9964417145138705,0.0006669235419842383,-76.21688929942974,0.02822435579342653,0.003985904130015644,5.1116113497663047e-05,-128.70197971955267,0.5001907513674811
110_Narrow,1897797500.0,0.9966572935205221,0.0008521121929630228,-76.32070691402357,0.024247962370193346,0.003985290727367172,5.1926620045885516e-05,-128.91619852567993,0.8055103557554791
110_Narrow,1897800000.0,0.9957270481807647,0.00039315885795942546,-76.09915991716485,0.04072843755608857,0.003986064109379263,6.346595766973844e-05,-128.44224712527128,1.031360352937097
110_Narrow,1897802500.0,0.9956369121943281,0.00032745998584260427,-76.25611376370004,0.06007620901671444,0.004017023266058386,5.8497768739669285e-05,-129.0186752313006,1.1581336303862864
110_Narrow,1897805000.0,0.9965399777715505,0.000702719851510244,-76.12900838685186,0.046915801998515666,0.004037514203672741,6.12387884939013e-05,-129.2280835198203,0.8297158639840804
110_Narrow,1897807500.0,0.9965895551424419,0.0006168286951969914,-76.17697644244701,0.04139254875712498,0.004031972564458943,6.946081361025853e-05,-129.02701405048072,0.5641088734505874
110_Narrow,1897810000.0,0.9970139595484233,0.0007131771481784828,-76.40034288372252,0.05310193999870756,0.004018677008907346,7.362772634973087e-05,-128.97945464115503,1.0849034825649364
110_Narrow,1897812500.0,0.996607164520761,0.0008281081712500704,-76.2299451334368,0.04089751844571274,0.004032004238854731,5.860485839510415e-05,-129.21013239537413,0.7887491807031075
110_Narrow,1897815000.0,0.9968992558688059,0.0003349496523222316,-76.48486485955605,0.04554880755702989,0.00405748268549232,6.420503701326093e-05,-129.13745267611682,0.8622735845446011
110_Narrow,1897817500.0,0.9977181723018127,0.0007932841088165623,-76.52097726824842,0.03972572876446681,0.00408775643003616,5.7193475394927484e-05,-129.46736280351232,0.6926816200297351
110_Narrow,1897820000.0,0.9973005648543118,0.000534870911922043,-76.46310869920475,0.045312677242427594,0.004108061375775912,6.642601310465146e-05,-129.3498651417778,0.8931541104532031
110_Narrow,1897822500.0,0.99629318267914,0.00044577060801546286,-76.52366827520424,0.03962939534163253,0.004063755814279457,6.630113984870738e-05,-129.51323699377423,0.6223543885115521
110_Narrow,1897825000.0,0.9951955166742518,0.0007094861456555715,-76.59620874772217,0.043535620951740475,0.004096293869735837,5.7761965268235024e-05,-128.93961129790299,0.44447844801592756
110_Narrow,1897827500.0,0.99451796144064,0.0005963968961632506,-76.4987280481961,0.04020664978837636,0.004086430226154908,4.756431079687896e-05,-128.8618309742611,0.655638615691122
110_Narrow,1897830000.0,0.9955841342682099,0.0006942952137797425,-76.79566117150333,0.02705839581293345,0.00410170208660495,5.428519297235506e-05,-129.2202521972386,0.6788496975339736
110_Narrow,1897832500.0,0.9944332864479125,0.0007397810266671086,-76.60565368234595,0.01607734240390381,0.0041050929071181986,5.3161364449795776e-05,-128.92288709289107,0.730987384482278
110_Narrow,1897835000.0,0.994036968956912,0.0008293563683929465,-76.76930963994495,0.04136684474213791,0.004089674453764083,7.08070998573451e-05,-129.658524517666,0.674121136900313
110_Narrow,1897837500.0,0.993065685540211,0.0006924690408290689,-76.69005941893681,0.052425663621567226,0.004103358870228573,6.859921832226997e-05,-129.6867268026513,0.7056330761207672
110_Narrow,1897840000.0,0.9921855346037166,0.0006280276079395042,-76.71833034629965,0.0383863523333638,0.004090538452563891,5.300671357916109e-05,-129.36868711111035,0.6522218059968733
110_Narrow,1897842500.0,0.9933354731583275,0.0009085374165374912,-76.76618867032171,0.03347709202710761,0.004123563854523564,7.02203183806008e-05,-129.4238865058438,0.9035426434680588
110_Narrow,1897845000.0,0.991129561912478,0.0007908645912935712,-76.71170003256137,0.04232125858874508,0.004146236295581369,5.691587394591747e-05,-129.0228461977005,0.7287532005214872
110_Narrow,1897847500.0,0.9935358703750552,0.0007501666226552133,-76.71519342957882,0.030159562102254435,0.004148007526762301,6.131491686366916e-05,-129.35046352118744,0.5843288368618692
110_Narrow,1897850000.0,0.994324981728976,0.000698535995495382,-77.03951165222843,0.029607502255850637,0.00411514196271695,6.198244922428305e-05,-129.61144527558486,0.841781602167396
110_Narrow,1897852500.0,0.9931501128781653,0.0007288258967717235,-77.0115723523317,0.03863160638389847,0.004137499912807156,7.508663242202564e-05,-130.03266561591366,0.7249325725778217
110_Narrow,1897855000.0,0.9936956011491364,0.0006317458977565248,-76.99603562348749,0.039803913373921196,0.004153763908904313,6.33332334636602e-05,-129.49731117253143,0.7690171037356462
110_Narrow,1897857500.0,0.9927999635466597,0.0007761653274937016,-76.93242707582836,0.05012289297532911,0.004163866091354139,4.9484821510203725e-05,-129.9622056927129,0.9433344236874834
110_Narrow,1897860000.0,0.9925137179464981,0.0006181743466125921,-77.31664272557198,0.032607437740586546,0.004223252944630439,4.1868202210130306e-05,-129.59017760013427,0.6875656262077219
110_Narrow,1897862500.0,0.9913317906432813,0.0008362532497961524,-77.03839961951101,0.03155960267011539,0.0041854652475587254,7.196211215244686e-05,-130.15683571797646,1.142210430992572
110_Narrow,1897865000.0,0.9920146036658105,0.0006882467354188344,-77.1098929904292,0.04025681916068783,0.00416930692502805,5.295920998178049e-05,-129.6478761028397,0.7991795780349941
110_Narrow,1897867500.0,0.9900718407835094,0.0004998216063397348,-77.10135896707172,0.02933315372829617,0.004226467768630332,5.836071727931229e-05,-129.66303926828732,0.5650830567464783
110_Narrow,1897870000.0,0.9893489747429859,0.0006045486014996827,-77.22649516806509,0.04199463476168611,0.004162968181100314,4.5400840307548193e-05,-129.94564405722014,0.6854265714785611
110_Narrow,1897872500.0,0.9932975411145504,0.0007263793229150671,-77.22031125992669,0.04181882334246344,0.004236504774333241,8.125601479133333e-05,-129.444979937325,0.6745183519950441
110_Narrow,1897875000.0,0.990735562045362,0.0007262044820534472,-77.03453823679513,0.02940985619075334,0.004223127094182589,2.547221778290631e-05,-129.5422660985945,0.6466315032836475
110_Narrow,1897877500.0,0.9920290216736509,0.0005927782897601088,-77.40089577972823,0.04470775624394229,0.0042256344606152515,7.15839189323516e-05,-130.06636498248582,0.9806522420283482
110_Narrow,1897880000.0,0.9881634006137787,0.000625603648944074,-77.32688121730189,0.025197675762078386,0.004253577708756034,5.3437389641131416e-05,-129.98470527754725,1.2268873393456743
110_Narrow,1897882500.0,0.9926541344383291,0.0007396845684291206,-77.33822675202399,0.03672976973950003,0.004266919107813642,3.500585515630271e-05,-129.90010405524094,1.3849382300057784
110_Narrow,1897885000.0,0.9910778096979075,0.000818941830741648,-77.37257793791709,0.03330156146440385,0.004264578696565263,7.522596673883852e-05,-130.01648582687415,0.7759773346700107
110_Narrow,1897887500.0,0.9893514939657183,0.0005328353990604939,-77.49543562608835,0.04680698297589773,0.004262056713962011,5.9484945920932344e-05,-130.10629931436824,0.9235274754080774
110_Narrow,1897890000.0,0.9878980009139942,0.00048491174654825234,-77.50060890495341,0.03736752036514694,0.004271210297568969,7.062321322703307e-05,-130.52083927345296,0.9502247496298217
110_Narrow,1897892500.0,0.9907679516062853,0.0006476180496418453,-77.60695548987884,0.03397463080954673,0.004293098270064875,7.305201905236615e-05,-130.08977667111108,0.8328685111588601
110_Narrow,1897895000.0,0.9886448146602295,0.0005597473828361757,-77.55003895267373,0.0245642774419779,0.004289145682418158,6.386066525275043e-05,-130.26624146494592,0.6418452034425296
110_Narrow,1897897500.0,0.9901034684402541,0.0004873515834043619,-77.68225194190009,0.03664608982259286,0.004341803364641912,5.621471343204211e-05,-130.38338574051232,0.5310466098700259
110_Narrow,1897900000.0,0.9887554676575641,0.000690956297069203,-77.82629705413085,0.03182870752410733,0.004321076789975884,6.375294666578596e-05,-130.3164735802017,0.6556963985455517
110_Narrow,1897902500.0,0.9894099846024036,0.0006379296222829556,-77.56490681140264,0.031937350152045255,0.0043392105405977216,3.2538321438742864e-05,-130.70829565761616,0.7567592425988275
110_Narrow,1897905000.0,0.9835998997254191,0.00042646581020754483,-77.79416676629641,0.044267448134566026,0.004325018467736077,5.2247767712843116e-05,-130.40258145098636,0.6873820043132975
110_Narrow,1897907500.0,0.9870298948682232,0.0007411459218551669,-77.80935293383338,0.029907219153586004,0.004350124532448243,6.0583453038549444e-05,-130.69577424987537,0.4413889715060558
110_Narrow,1897910000.0,0.989116833073016,0.0006931677888610414,-77.71260200548012,0.022477232618866166,0.004343505630559394,7.708783023349319e-05,-130.90201516535492,0.602068118867087
110_Narrow,1897912500.0,0.9843983638040429,0.0006409064756954747,-77.88992279034748,0.02389115982020335,0.004337785248261771,5.014700003926397e-05,-130.2221352339678,0.8377932605355011
110_Narrow,1897915000.0,0.9878188610955942,0.0006765673764112148,-77.94651497438949,0.06188700785804822,0.004341635717352829,7.675969435278791e-05,-131.10857727538178,0.46833448774793
110_Narrow,1897917500.0,0.9884679156877554,0.000830634078778813,-77.89554858831474,0.040378539944803615,0.004351765696104533,5.2725096135298006e-05,-130.83116636603813,0.8460719777189012
110_Narrow,1897920000.0,0.9885345722473441,0.000969434242504384,-77.95970298542336,0.0490038289484551,0.004422469718308671,5.92215367500373e-05,-130.27617411469973,0.829566303433975
110_Narrow,1897922500.0,0.9850292803802628,0.0006965505466214223,-78.13069946475595,0.052519495156776,0.004375776945661797,4.614000665116995e-05,-130.81821744343273,0.9339811400439822
110_Narrow,1897925000.0,0.9864442881403714,0.0005610639042779108,-78.13950887680517,0.056927693351554405,0.004376448785769295,5.867453467976604e-05,-130.79697553962816,0.6728433426002831
110_Narrow,1897927500.0,0.983969694337299,0.00048393946344661026,-77.9802290611368,0.03508676872088786,0.004422253543010679,6.268130372300523e-05,-130.55689877267326,0.6674610974160918
110_Narrow,1897930000.0,0.9833907442856482,0.0004740216339466738,-78.12630669279542,0.032257351494190026,0.00438920055248304,6.804379175103366e-05,-130.44497451609283,0.5603398255091685
110_Narrow,1897932500.0,0.9829666083037094,0.000607831395962122,-78.24279545344385,0.04420521828788482,0.00443849411080071,7.560017902145962e-05,-131.05079384098235,0.816455914649784
110_Narrow,1897935000.0,0.9855470195484594,0.0007658768600910788,-78.19424965398062,0.04419883290077707,0.004459645462961725,6.296046991273055e-05,-130.82052457337235,0.46162894711818125
110_Narrow,1897937500.0,0.9837505496510194,0.0006206950468850469,-78.27697856467657,0.04128068315276792,0.004457925785040333,5.5968449597214964e-05,-130.98874329867277,0.6525431145232166
110_Narrow,1897940000.0,0.9851223531568392,0.0004891463130601747,-78.32272793041827,0.053695139754356136,0.004450368549746772,5.4379015652092336e-05,-131.4429938228438,0.6522205698999832
110_Narrow,1897942500.0,0.9841439901466547,0.0007488420031560113,-78.37693583088442,0.040194014575950135,0.004476355730200141,6.692537587011436e-05,-131.46049392756564,0.8558827356573983
110_Narrow,1897945000.0,0.9833004239541222,0.0008301870219223042,-78.45992849855955,0.05543639115890735,0.0044456391045944186,5.405358985187918e-05,-131.61785323139262,0.9833670315774388
110_Narrow,1897947500.0,0.9872252927903651,0.0006663666580942819,-78.26716835462328,0.0400317491646247,0.00451158998046361,6.674442106897214e-05,-131.3241489266704,0.8918817455016533
110_Narrow,1897950000.0,0.9837926029240023,0.0009534032095728745,-78.31893729584779,0.05180228874959071,0.004495417830352649,5.7479914758840314e-05,-131.22324633684846,0.5298326520083256
110_Narrow,1897952500.0,0.9829847089063195,0.0006763656953493766,-78.49529162671399,0.0434928202587722,0.0044574287277399545,5.70518045619538e-05,-131.20983097691172,0.9477593119135449
110_Narrow,1897955000.0,0.9851460860138272,0.000433083040054235,-78.5255450303579,0.05993667146035537,0.004509878320377248,4.556160415753746e-05,-131.4902626653491,1.2130210961096752
110_Narrow,1897957500.0,0.9838522676566074,0.0009891292921937129,-78.62241758780269,0.048978182890654094,0.00448484268071315,6.333869642673388e-05,-131.70748672429934,0.7096865566034941
110_Narrow,1897960000.0,0.980815994370999,0.0006815035672076655,-78.56846224423533,0.04187789858871242,0.00452882666559426,5.786910105713031e-05,-131.30896463730366,0.886436612031824
110_Narrow,1897962500.0,0.9816039039766675,0.0006895806798322968,-78.63779414051056,0.033304956632214215,0.004520577722486315,6.21576146875922e-05,-131.25638478198405,0.7573441543144479
110_Narrow,1897965000.0,0.981232907602413,0.0005301786270657417,-78.7184293028115,0.0505974721789612,0.0045361786121818955,5.40245291171473e-05,-131.5699404892295,0.6871195710792043
110_Narrow,1897967500.0,0.9814230126688535,0.0008868888241357265,-78.70630013535313,0.04932961423793535,0.004559133685798178,7.821914076376873e-05,-131.45276832166283,0.9274355913650407
110_Narrow,1897970000.0,0.9800245033570527,0.000523068551561268,-78.64960289003258,0.04843220854165351,0.004521003368995013,4.591341294362997e-05,-131.5852200351261,0.9791260480599457
110_Narrow,1897972500.0,0.9799741421029603,0.0004809680739771559,-78.91022408244551,0.04855891919601168,0.004561432905119503,6.405100525290378e-05,-131.6665595811258,0.607738508334729
110_Narrow,1897975000.0,0.9818151128390545,0.000493246226047477,-78.87211821500445,0.0501279843448695,0.0045528150935454335,3.8257480408233244e-05,-131.8634908210316,0.6635444823970619
110_Narrow,1897977500.0,0.9823987825490541,0.0008090914216355773,-78.90976748492743,0.07532323127562295,0.004614794906921341,4.999010951859201e-05,-131.73104250528002,0.5366260139189963
110_Narrow,1897980000.0,0.9807531525745944,0.0005598341761817862,-79.08121349642443,0.04650043642940964,0.004611570451397844,3.970255682729337e-05,-131.91228539693066,0.5865480453483001
110_Narrow,1897982500.0,0.9826278984240184,0.0006675215422702794,-79.25235612520302,0.06077583322037814,0.004609323505218631,5.848324627231464e-05,-132.25052633923846,0.6276400775137727
110_Narrow,1897985000.0,0.9806199647731165,0.0005022514104479532,-79.16400875191809,0.05705728824635269,0.004600974832715813,6.776887959092433e-05,-132.4533805970026,0.5100665767322007
110_Narrow,1897987500.0,0.9796432697954032,0.0006908453295104011,-79.04965048882124,0.05606688735417095,0.0046138204396791145,6.563917273735694e-05,-131.7035610401335,0.7109716510638853
110_Narrow,1897990000.0,0.9797716264395018,0.0004641003667827355,-79.22054127801887,0.057943740062172844,0.004682095587411072,4.587712773607423e-05,-132.52861129028014,0.807337311787867
110_Narrow,1897992500.0,0.978721354333189,0.0008668396997447816,-79.1064090491235,0.05759463261764021,0.004673946098302087,4.9262445660159855e-05,-131.74261082338577,0.6273321134255644
110_Narrow,1897995000.0,0.9760743770715304,0.0006690383896602589,-79.24976298655714,0.060991108905327544,0.004625716875486018,5.945366969405578e-05,-132.06155453397344,0.21350857166538606
110_Narrow,1897997500.0,0.9780659992895876,0.0005769932006739336,-79.33907817575053,0.03715609164996122,0.004645690893391041,4.670016240771093e-05,-132.30415786418442,0.6900636557612206
110_Narrow,1898000000.0,0.9798259993802788,0.0006832788691288463,-79.51504712532262,0.040117164346663556,0.0046665014893826715,5.214717770960073e-05,-132.52271034454438,0.6297105975017886
110_Narrow,1898002500.0,0.9788101821597884,0.0007740181230394854,-79.40058531809997,0.06252121337451681,0.004715954521920028,5.585396103061866e-05,-132.3745229955101,0.5609373516319053
110_Narrow,1898005000.0,0.9745931979122487,0.000697211867814895,-79.51525739772785,0.07624637797595521,0.004686686908199474,7.67505407849488e-05,-132.91461490705325,0.4717299534956845
110_Narrow,1898007500.0,0.9750968622101068,0.0005997713026783861,-79.43009101585959,0.05907051224044491,0.004710895393709095,4.151759426470868e-05,-132.27795354658315,0.8731816037958366
110_Narrow,1898010000.0,0.9763574829778929,0.0007460017514112549,-79.66350009842823,0.06852602361220295,0.004700560950990728,7.546955457144498e-05,-132.79502024506087,0.944937485495037
110_Narrow,1898012500.0,0.9763586841127176,0.000829505244722543,-79.73623234217739,0.06945899289226803,0.004744102181458548,4.605520288062704e-05,-132.90601858420104,0.8898570251308888
110_Narrow,1898015000.0,0.9747669470476404,0.0007190232145666007,-79.66151064861721,0.06699763902841416,0.00471721590148538,4.843109960570174e-05,-132.91519852660127,1.051157211722962
110_Narrow,1898017500.0,0.9734990389062131,0.0004867606386315068,-79.82121866455948,0.06441365835653906,0.004737807156897253,4.436267579478683e-05,-133.02897608714588,0.5448985545509941
110_Narrow,1898020000.0,0.9764063263192478,0.0004858292948028628,-79.67380810937567,0.06747126437840414,0.004784195974508717,6.45997858971787e-05,-132.64489704521566,1.5649773833737632
110_Narrow,1898022500.0,0.9739816906890122,0.00048576217642378394,-79.84621240036469,0.06112857057942732,0.004813901257370268,8.77147493808693e-05,-132.95497845925303,0.6956859257153959
110_Narrow,1898025000.0,0.9727075795003433,0.0008228090802545499,-79.74367306616001,0.06552109619624748,0.0047429076847793706,6.3539170654218e-05,-132.6434691507511,0.8841810573483283
110_Narrow,1898027500.0,0.9747777721281741,0.000817714967685478,-79.92927299897728,0.05331534676348529,0.004772553430935176,8.74634389926076e-05,-132.96660935209567,0.8691328479702343
110_Narrow,1898030000.0,0.9752606443482654,0.0006389703207708958,-80.02514486965978,0.07138857046413107,0.004791173242283083,5.6419518423643224e-05,-133.30973515021492,1.2567788221053948
110_Narrow,1898032500.0,0.9723060481780122,0.0009705085856941068,-79.95480087364565,0.06760622940273404,0.00487167702285763,0.00010765715971352977,-132.66271960231734,1.073277226361343
110_Narrow,1898035000.0,0.9740838335620563,0.0007580319680248582,-79.85121715221393,0.05588563248477235,0.004830121874259365,3.974699673704731e-05,-133.16797055806097,0.7057460967856425
110_Narrow,1898037500.0,0.9725223680815124,0.0008783689453157219,-80.09717734103309,0.04960654747047971,0.004834864229785348,5.451133436175008e-05,-133.2024734413603,0.4273707142816638
110_Narrow,1898040000.0,0.9743774330627042,0.0006469932788276283,-80.13161579470798,0.04518020911631397,0.0048344684425188226,5.184240237376795e-05,-133.2427785893924,1.1613161164531984
110_Narrow,1898042500.0,0.9723516583877642,0.000858391252507102,-80.14170126406898,0.057175278086305015,0.0048510366628673526,7.740672658755462e-05,-133.3772094619025,0.8989268979567995
110_Narrow,1898045000.0,0.9692375543565138,0.0004961934514738454,-80.18628509490932,0.06537456694802062,0.004865883750076802,6.053663469688685e-05,-132.98989377424613,0.7647586955662798
110_Narrow,1898047500.0,0.9737970815520923,0.0008697764834437184,-80.21049071787267,0.057999065184509334,0.004897135707337224,5.2239967852605365e-05,-133.2388755864192,0.9124989075059617
110_Narrow,1898050000.0,0.9712446299482692,0.0005997095192768631,-80.16533301067753,0.06450485683242846,0.004890416781833092,6.106434611141635e-05,-133.47320544052792,0.8445589981114501
110_Narrow,1898052500.0,0.9725845153089434,0.0008778773572660101,-80.39201710732164,0.04643843985446961,0.00488766982857214,7.950691863333697e-05,-133.58599330145398,0.8288243278989708
110_Narrow,1898055000.0,0.9725948617498086,0.0005863829753615218,-80.47108384426208,0.03854771144722572,0.004878130267846946,8.548906496742882e-05,-133.82644658460146,0.8862279434907498
110_Narrow,1898057500.0,0.9706269979937073,0.0006510541445133289,-80.40190519968789,0.05170906909047345,0.004944261052977609,6.0001519897054366e-05,-133.91946472831853,0.4673627471027601
110_Narrow,1898060000.0,0.9711431423700285,0.0007494403260118629,-80.54734629385783,0.06601287984254728,0.004908515341021124,8.496523139980323e-05,-133.63550292340284,0.694908828176092
110_Narrow,1898062500.0,0.9688342797645438,0.0005772811872323011,-80.606902333642,0.061380568852081346,0.004946266434356144,3.98077813763094e-05,-133.62987772406046,0.6132734645984157
110_Narrow,1898065000.0,0.9684130249178933,0.0009827776504058479,-80.46687543331737,0.08024291000550034,0.004966574899729024,6.419547399837787e-05,-133.96194516077477,0.6303840388316497
110_Narrow,1898067500.0,0.9659312163537804,0.0009881723462534533,-80.79239867542441,0.046564363680063024,0.004935775261494164,8.374951949916142e-05,-134.20922463853398,0.976710177972467
110_Narrow,1898070000.0,0.9684724821078318,0.0006514470506997271,-80.77650281143141,0.06573175012664513,0.004948676775652726,6.959069643452885e-05,-133.94813015152178,0.608602836869101
110_Narrow,1898072500.0,0.9675075455132321,0.000559241472961335,-80.59326399325391,0.07055932393714165,0.00500416896510123,7.887471595553569e-05,-133.933851333612,0.6714751686970112
110_Narrow,1898075000.0,0.9661358208050208,0.0007472134052440491,-80.8204450389812,0.05758198942671873,0.004965922532499809,4.447661853858987e-05,-134.15098127884443,0.5929677778310752
110_Narrow,1898077500.0,0.9670091101316373,0.0007680513298295986,-80.89701349138306,0.0489652992643245,0.004998782406695678,5.802837273307038e-05,-134.15131532418303,0.6127662712766695
110_Narrow,1898080000.0,0.9704474558707601,0.0005927934420005874,-80.89927996304827,0.05997215389359557,0.005025481552791434,4.9539352857328135e-05,-133.87195737592316,0.8056515484187621
110_Narrow,1898082500.0,0.9680040116547488,0.0006630458799624827,-81.00655130669922,0.06663123136447364,0.005035291641537749,5.464094286187866e-05,-134.1906665175354,0.6786973399323766
110_Narrow,1898085000.0,0.966340732126707,0.0006843342836751259,-81.01568937430403,0.06965741822837927,0.005034268879608496,5.775684993224795e-05,-134.49124848405077,0.8264649857771141
110_Narrow,1898087500.0,0.9654517468810171,0.0008701103782988119,-81.18768063719028,0.030805758729965934,0.005072149421668128,3.037340475188151e-05,-134.39419953014811,0.7566335460511615
110_Narrow,1898090000.0,0.9655712303083759,0.0009043936208864145,-81.09467489785925,0.0720000902850778,0.005052654746220283,5.762435058832885e-05,-134.4630156976931,0.9895075499376221
110_Narrow,1898092500.0,0.9635398055023408,0.0006165220878265542,-81.29547804342724,0.05084561264772067,0.00506389289652592,5.9384648249941654e-05,-134.53844753772995,0.5485495077258458
110_Narrow,1898095000.0,0.9638947990383869,0.00047278306575329653,-81.29953371287563,0.04772214238465726,0.005071050752489977,7.490955430255196e-05,-134.5939421213018,0.5472130182514369
110_Narrow,1898097500.0,0.9639371075051895,0.0005788835245271382,-81.14486394935264,0.07782633579876666,0.00511736735158314,8.347529717597588e-05,-134.36471093240147,0.8059054476405196
110_Narrow,1898100000.0,0.962969547992219,0.0006225718556261778,-81.385820625781,0.06542833489381623,0.00515326286593825,5.076097288021691e-05,-135.1494897733185,0.6849989459645767
110_Narrow,1898102500.0,0.9639574059422614,0.0006350913893474196,-81.54771786325459,0.05579099360702227,0.0051064531838261925,4.3664279942360445e-05,-135.25097081502125,0.748681842732199
110_Narrow,1898105000.0,0.9611318702163635,0.0005325792362762284,-81.39894544156125,0.058353381681168215,0.00512217619201776,7.61663366831643e-05,-134.74333990879916,0.7134318702964719
110_Narrow,1898107500.0,0.9621214520170916,0.0008102467036302538,-81.55855979853729,0.06240364557266133,0.005178478211194867,5.449165302465442e-05,-134.6557480792651,0.8918882547766918
110_Narrow,1898110000.0,0.9613962522151906,0.0007487196264612307,-81.47209441781473,0.06767352425265141,0.005171584776458908,5.544453956292814e-05,-135.02830943172478,0.8380632103650799
110_Narrow,1898112500.0,0.9614742550447013,0.0006469045551516861,-81.45906154161942,0.07252090929030676,0.005176777694484449,6.540445095289394e-05,-134.95304202911115,1.0049840397905208
110_Narrow,1898115000.0,0.959279816777018,0.000659725457004639,-81.62570816338629,0.07536038519100967,0.005122400779893865,3.958933459409302e-05,-134.73704893744883,0.8155357776921283
110_Narrow,1898117500.0,0.9602610709504558,0.0007747687661774149,-81.76432686897633,0.05563015175808076,0.005177852986133553,7.23406758524894e-05,-135.2113949446272,0.7290388672919752
110_Narrow,1898120000.0,0.9586490599884743,0.0006972542774959261,-81.79716711144427,0.04881633103516245,0.0052011405623778595,4.483635374599142e-05,-135.57078318344813,0.7679921886368414
110_Narrow,1898122500.0,0.9604645246778021,0.0007035903592118979,-81.83493245178778,0.06219349737175616,0.00522828792342879,4.523142076605274e-05,-135.35638804099477,0.742718964498237
110_Narrow,1898125000.0,0.9564435559503628,0.0007587574721309961,-81.84296312217265,0.06448806659764483,0.0052127020060828855,6.0880795575134675e-05,-135.171971650934,0.9742749669523161
110_Narrow,1898127500.0,0.9596166128933321,0.0006923115828832089,-82.05076235236614,0.0699979872229363,0.005253535254906365,8.095885169492447e-05,-135.48960207664004,0.8068954041931423
110_Narrow,1898130000.0,0.9610304062118387,0.0004604536907020904,-82.02326297971942,0.04686917326936546,0.005259993238549721,6.652329071901286e-05,-135.37606264049631,0.6986813062002911
110_Narrow,1898132500.0,0.9608727133979683,0.0005649953848798819,-81.95616169662355,0.04422870988164872,0.00529447031047282,8.668572442102966e-05,-134.958819133428,0.5829914402055302
110_Narrow,1898135000.0,0.9577869677117109,0.0009183953651531371,-82.16632716785429,0.06663380009159553,0.005281598721850196,5.255114513939786e-05,-135.73529522570755,0.5823387896314253
110_Narrow,1898137500.0,0.9600613851046544,0.0009942465274078358,-82.07782787916173,0.04746492984488646,0.005331485575922713,5.970096909332297e-05,-135.59591050878353,0.5554242476587709
110_Narrow,1898140000.0,0.9565809941021801,0.0007925363452115443,-82.24657837055452,0.042198792865311335,0.0053061364119037805,4.8594430252519447e-05,-135.55877995765775,0.6267431853593403
110_Narrow,1898142500.0,0.9565342120365772,0.000753890788656467,-82.18252247070001,0.07380287153517295,0.005295784895731594,5.0106050366368456e-05,-135.84085449925536,0.881321617948895
110_Narrow,1898145000.0,0.9558617622186475,0.0008854302517714747,-82.31671048612613,0.059381373789852365,0.005338357608554811,6.502473908940069e-05,-135.70968058958977,1.0126479782914637
110_Narrow,1898147500.0,0.9564062246286076,0.0009154149610005109,-82.34082212580385,0.05498921242132328,0.005364091485336172,6.15676107095858e-05,-136.04707040839548,0.5781179429074189
110_Narrow,1898150000.0,0.9551980689829912,0.001032654173204251,-82.5116570354338,0.044054066376116724,0.005351837528521572,6.670344711804413e-05,-135.98058449945452,0.49495139792007464
110_Narrow,1898152500.0,0.9562535750490707,0.0008009042943580298,-82.5317053994715,0.06601682174868123,0.005394994946165219,4.54892319117e-05,-136.06851370476818,0.5448289897216602
110_Narrow,1898155000.0,0.9542985212172211,0.0004946761413182704,-82.68898665108081,0.05913251629718191,0.0053932056757866505,4.725170034963998e-05,-136.325789467035,0.5438903688231324
110_Narrow,1898157500.0,0.9508521462531561,0.0007054571256633855,-82.59420365038679,0.0667346715672121,0.005403406041190246,6.99328264723496e-05,-136.18291493790568,0.6703255754014253
110_Narrow,1898160000.0,0.9532987779255038,0.0005331754678358686,-82.67398446018461,0.036103943100954494,0.005423304450418724,8.826873550891544e-05,-136.24996365997623,0.3922899992743499
110_Narrow,1898162500.0,0.9549192808612628,0.0006045399297900872,-82.63692018236499,0.07177471656787494,0.005440392688286633,7.40561054412376e-05,-136.72641062544503,0.9245572326653524
110_Narrow,1898165000.0,0.9507590972623592,0.0007870186393969273,-82.79086838718506,0.03961554221295406,0.005428100492406542,6.651433460169065e-05,-136.08288558256464,0.8342733406902615
110_Narrow,1898167500.0,0.9513742053603423,0.00048584030407747546,-82.92124403288958,0.05188806383645346,0.0054328934966775735,6.348309939652931e-05,-136.22586804616463,0.6566251999963894
110_Narrow,1898170000.0,0.9495813039638512,0.0006884155063285955,-83.04744181313839,0.04733814046633776,0.0054482719723097294,5.9029633025998245e-05,-136.70915228402797,0.5928901678828604
110_Narrow,1898172500.0,0.9532609958519478,0.0006414935375764077,-83.06089311330804,0.04811523706280925,0.005505316940325817,7.475627556514862e-05,-137.0730175067579,0.6388476809426593
110_Narrow,1898175000.0,0.9478662921499397,0.0005762479766361999,-83.09662362387611,0.05380434682934985,0.005452466051107423,6.713231482718736e-05,-136.6797199587424,0.538790246119635
110_Narrow,1898177500.0,0.9476060424243204,0.0008851321943180076,-83.02948467850912,0.06330707170672503,0.005488473603389504,6.618810722856037e-05,-136.52434590488863,0.738770885575131
110_Narrow,1898180000.0,0.9465655501581832,0.00035467262693793586,-83.0924062507833,0.03546559060657768,0.005507130676456519,6.860211513267285e-05,-136.70285413417594,0.8052287654044965
110_Narrow,1898182500.0,0.9507797656685917,0.0006463351800864404,-83.24854412147772,0.043007823783398035,0.00556723291102987,5.66974070922951e-05,-136.81450408425988,0.5307432081240593
110_Narrow,1898185000.0,0.9471002290260618,0.000862718064981544,-83.46230081933567,0.0563510931631006,0.0055287310721445155,5.053485809772528e-05,-137.19204838237852,0.4693078881227069
110_Narrow,1898187500.0,0.9443700452596652,0.0008105077575187395,-83.43894640064903,0.0569923816376971,0.005551283777946457,6.887684357545063e-05,-137.01328638264414,0.8880636877955311
110_Narrow,1898190000.0,0.9462220025036439,0.0008264682592121065,-83.20016885620562,0.05585677001350771,0.005576043454055997,6.156982863132223e-05,-136.9696837956544,0.4572029439298699
110_Narrow,1898192500.0,0.9439373714948154,0.000595141609880887,-83.4631531834437,0.060891492116697414,0.005626303902257647,7.004911220541223e-05,-137.14751056610208,0.5417682554086662
110_Narrow,1898195000.0,0.9430868709367453,0.0005540506732579165,-83.40863141417238,0.04893860721917876,0.005585255761439378,7.736408678510647e-05,-137.11221426006824,0.7723172564204923
110_Narrow,1898197500.0,0.9458215513714427,0.0008505362389576618,-83.45342126445362,0.04530390887295722,0.005597683708386666,4.962985794361802e-05,-137.36704613771906,0.4170940680506297
110_Narrow,1898200000.0,0.9478281851189776,0.0005948065932896283,-83.64527517898797,0.044749304850126494,0.005593529434117186,5.007347050970733e-05,-137.31105387673085,0.43029890479452665
110_Narrow,1898202500.0,0.9447241771909995,0.0011243507869642339,-83.7593374536475,0.058038492819115606,0.005636818160464194,5.567025547191887e-05,-137.71293282245932,0.6377653354080808
110_Narrow,1898205000.0,0.944372935164029,0.0003820515715827428,-83.72237643792509,0.07190416862894146,0.005638123666574484,4.873031789750147e-05,-137.5756212850589,0.5495624223683581
110_Narrow,1898207500.0,0.9431495009659054,0.001064359770467665,-83.84778614610411,0.03614172886733673,0.005649547561885647,6.851725544727758e-05,-137.33821349931694,0.3491167319167813
110_Narrow,1898210000.0,0.9409762578714805,0.001024249028609011,-84.0319994760297,0.04836277140655855,0.0056611829781935,8.860355856122625e-05,-137.78876666810467,0.661635403939988
110_Narrow,1898212500.0,0.9402953043664218,0.0008874337514378786,-83.86987892944255,0.03840298275317042,0.005684578731308848,6.970207173068548e-05,-137.55583305703615,0.5498077344596719
110_Narrow,1898215000.0,0.9414034454446594,0.0011530701110469388,-84.0641162930437,0.061128976388110705,0.005701452749968729,5.025578529338454e-05,-137.43935098802174,0.5830297128291262
110_Narrow,1898217500.0,0.940444725179471,0.0007826065336763411,-84.04030777068245,0.06310729188918116,0.005736521531791244,6.754959417894719e-05,-137.90393425926862,0.5599470515995366
110_Narrow,1898220000.0,0.9395322963697755,0.0007827600041898994,-84.29570571645382,0.05205868439640285,0.005734547736143566,4.9756925233949246e-05,-138.24324544001254,0.5269461618198473
110_Narrow,1898222500.0,0.9402035224114922,0.0007673165869961244,-84.26548349674627,0.06460720095086438,0.005761429915340406,8.069220302069236e-05,-137.73130146264828,0.5066587363250536
110_Narrow,1898225000.0,0.9365411268039339,0.0005596766952287607,-84.23458391277086,0.06464756362352671,0.005756785460721429,3.9971843633020424e-05,-138.09557124747292,0.40519566091172354
110_Narrow,1898227500.0,0.9380107601617558,0.0006567917996060144,-84.36396692037516,0.0630229592560945,0.005796377455490229,4.8130472725743175e-05,-137.89688933215828,0.6274304602741634
110_Narrow,1898230000.0,0.9375080976106227,0.0009477610313148487,-84.47130488224263,0.07729611324183586,0.005763494973214465,8.14598212444532e-05,-138.30845955745792,0.6010864708232918
110_Narrow,1898232500.0,0.937678253054351,0.0008217772973682713,-84.61075317649325,0.06320293062194757,0.005821419907859214,3.4823832421836114e-05,-138.26921694345128,0.628016802443457
110_Narrow,1898235000.0,0.9343393849745242,0.0008186883216140181,-84.65498316388796,0.06117190972867975,0.005794763005276613,4.646249982234371e-05,-138.41015173328955,0.47446714524012934
110_Narrow,1898237500.0,0.9379437402829758,0.0013067660771215663,-84.70122847825664,0.08061542882474787,0.005827925519770834,5.9308392980955234e-05,-138.45860727141755,0.6104549338327506
110_Narrow,1898240000.0,0.93460950652998,0.0007694601461790901,-84.70497140586421,0.06589176687177496,0.00584087167678183,5.767097526321001e-05,-138.7968103609471,0.6693413559516966
110_Narrow,1898242500.0,0.9357816836204913,0.0007773188118736312,-84.7177209154427,0.08233650042594372,0.005894619113323282,4.351470049441947e-05,-138.89939633486503,0.5561776644654004
110_Narrow,1898245000.0,0.9334055597276338,0.0006600066677607079,-84.97214163492308,0.07332876057316362,0.005856835669018653,8.183256939334627e-05,-138.71106083937258,0.5388627929561179
110_Narrow,1898247500.0,0.9324701795427474,0.0007798989137249184,-84.90921219799456,0.06877125949752277,0.0058940417570291425,4.8301041870609855e-05,-138.5718653048434,0.7525700026697467
110_Narrow,1898250000.0,0.9321524945853007,0.0007182298596927435,-84.91370792443047,0.08662693389718482,0.005902314335683776,7.318269730328832e-05,-138.69225069532524,0.34969045470573906
110_Narrow,1898252500.0,0.9313435745044305,0.0010812869196712535,-85.10036434836474,0.06048905876494125,0.005884040282615831,6.251231425832435e-05,-139.09678601266782,0.5797798377206691
110_Narrow,1898255000.0,0.9345055034809259,0.0004652546308404633,-85.2367876050736,0.061403193947804115,0.005960854983807039,8.228785105438996e-05,-138.92709438554635,0.6807283866198617
110_Narrow,1898257500.0,0.9316580254143231,0.000700398668269065,-85.15627606876141,0.08152125063495502,0.005954213244174573,6.680287855410103e-05,-139.37637872653244,0.5969845486878712
110_Narrow,1898260000.0,0.9300035845910708,0.00115610861007807,-85.33700518956174,0.06527544060862699,0.005994439031388874,5.3335602629929496e-05,-139.02348240091055,0.2891405806857424
110_Narrow,1898262500.0,0.9324554126690197,0.0011733278048935416,-85.45847150832081,0.07126917994967998,0.005976892131035042,6.512409479729622e-05,-139.43120399547132,0.5401193462459106
110_Narrow,1898265000.0,0.9308319246894998,0.001219852946679348,-85.3002602579136,0.060075020373413016,0.006013098452685403,4.158952465854632e-05,-139.5150777849328,0.5679853393771963
110_Narrow,1898267500.0,0.9261240683257635,0.0006768544793488047,-85.44173311541209,0.07114407645534138,0.005990332528746798,5.762393541106929e-05,-139.76669445634826,0.47925262952892705
110_Narrow,1898270000.0,0.9301552820485697,0.0009397808347780275,-85.53875724023302,0.06588364153761853,0.006003254213481434,6.443264607083687e-05,-139.83456930694032,0.7690076966549801
110_Narrow,1898272500.0,0.925962680901264,0.0013694150545762352,-85.74837260838535,0.09204927706644732,0.0060480286871475815,7.181534235119166e-05,-139.77362594570343,0.7953023825749511
110_Narrow,1898275000.0,0.9278080629676192,0.0010645526101340866,-85.71762117160166,0.05305122744006136,0.0060550928010999925,6.0689699319722926e-05,-139.53457573754918,0.5129550903682435
110_Narrow,1898277500.0,0.9265181015986612,0.0006816218908621037,-85.71861415724385,0.0843015157402052,0.006087636947723622,4.05085505550945e-05,-139.9921267781433,0.49224713759725436
110_Narrow,1898280000.0,0.9254658128912686,0.0009102314646242007,-85.86884074443361,0.0656090485894497,0.006080423478166846,7.69643522659013e-05,-140.00281239478596,0.643792870320217
110_Narrow,1898282500.0,0.9232776856775471,0.0006866550939958457,-86.06776013062259,0.07691312078864275,0.006084254951521546,5.45938123343086e-05,-140.29687228536682,0.5528689511823492
110_Narrow,1898285000.0,0.9250419104367605,0.001038498918287918,-86.00296916443462,0.07386127501928624,0.006100858271840032,6.520228784822486e-05,-140.35825692215906,0.5802494351308666
110_Narrow,1898287500.0,0.9208869336638071,0.0008398024283475124,-86.00418328867696,0.08098503601061816,0.00610742434011362,7.120336982482715e-05,-139.84507424965733,0.6355106487603118
110_Narrow,1898290000.0,0.9242284711591487,0.000908196987000612,-86.07511054025387,0.06548609343113998,0.006189355583746737,5.328948695481088e-05,-139.83006354400786,0.48972798341554946
110_Narrow,1898292500.0,0.9199584038971274,0.0013893461851676107,-86.27371126085762,0.0763902708129685,0.006137905162478625,6.117912742873696e-05,-140.33152712636806,0.6179548630041081
110_Narrow,1898295000.0,0.9219830100701483,0.000944767700042776,-86.2355621553588,0.0686195876363453,0.006187111901299855,5.465967656474856e-05,-140.45794384546608,0.511616349104793
110_Narrow,1898297500.0,0.920498239871576,0.0008967602060851031,-86.14940030670053,0.06095909441484365,0.006194273087664425,7.318767843051605e-05,-140.49402348942314,0.6145414442528248
110_Narrow,1898300000.0,0.9187945068519767,0.0008590586257490754,-86.32619122556342,0.07132501300883609,0.0061803499873837615,5.672756201006793e-05,-140.16789304276736,0.5300642010089324
110_Narrow,1898302500.0,0.9209463407977039,0.0009528669814961381,-86.57196571129633,0.06948569482449274,0.006231506015119447,8.584615834499374e-05,-141.24993371931876,0.6010931231039278
110_Narrow,1898305000.0,0.9180227493476629,0.0008227235968823959,-86.4443794180644,0.061768952511663255,0.006260746820271413,0.00010067012798249191,-140.41007282608692,0.5438406135710773
110_Narrow,1898307500.0,0.9187140093825286,0.0009573735894409221,-86.62436663609304,0.05372881132549456,0.006274335766732952,6.306618967598208e-05,-141.0220058900563,0.5682115728074802
110_Narrow,1898310000.0,0.917159288215492,0.0007778218494791929,-86.8243717464846,0.05523816259205484,0.006256374579419766,6.714587204661724e-05,-141.12477062590125,0.6408466750293557
110_Narrow,1898312500.0,0.9137269187269861,0.000689976864431329,-86.84795792429475,0.04514936327604756,0.006282326299063622,7.441106950915737e-05,-141.0681016361111,0.4284944988678676
110_Narrow,1898315000.0,0.9138344400583215,0.0013034642918672546,-86.90195252701939,0.07508218681862774,0.0062558401043974875,7.018986667370286e-05,-140.96994433073002,0.7128789399934435
110_Narrow,1898317500.0,0.9156221302722134,0.001104241128073234,-86.87480941587161,0.044244223702515066,0.006307277362837247,6.942805207040471e-05,-141.12077867241555,0.7572665212676659
110_Narrow,1898320000.0,0.913636384683997,0.0008254564769487333,-87.06581813830933,0.04068181186093163,0.006285316768783694,6.153897044362665e-05,-141.18329142851175,0.7211877973082914
110_Narrow,1898322500.0,0.9126849676064063,0.000903186963640807,-87.13823544981582,0.06310902022956512,0.00636782469660687,7.067739909566046e-05,-141.46311303380713,0.6599917120094266
110_Narrow,1898325000.0,0.9111729042890088,0.0009668964284674185,-87.14142663975414,0.04981456562948697,0.006380496867013755,6.0424096600801024e-05,-141.38235655741394,0.4657025347657303
110_Narrow,1898327500.0,0.9116735076481172,0.001020445477304012,-87.2905494259244,0.04590779056561149,0.006368524802448313,8.179077173510079e-05,-141.53741322324956,0.3815565566119048
110_Narrow,1898330000.0,0.9091101524554198,0.000991215173690131,-87.39275129892152,0.052520687888108,0.006374968201594935,6.819162555853324e-05,-141.38942247886735,0.3961444666567258
110_Narrow,1898332500.0,0.9106364043581135,0.0009069259021425575,-87.32679945763924,0.054228679178212356,0.006431783475859558,7.364025423459627e-05,-141.74449670506536,0.5545807301576773
110_Narrow,1898335000.0,0.9082654592502045,0.0007029624065911071,-87.40074836308382,0.06750400552065478,0.006457492955577219,7.586494796562497e-05,-141.23755815355207,0.6058353445896759
110_Narrow,1898337500.0,0.9072009714600618,0.001040471763951717,-87.59870613967314,0.06151683326667333,0.006439296871829147,4.232550155932763e-05,-141.88723978662014,0.5219320561550707
110_Narrow,1898340000.0,0.9060706323192027,0.0007101702120020119,-87.59500700020389,0.05127040604070329,0.006476458760102464,5.036666183839179e-05,-141.63540644427903,0.7439786679371178
110_Narrow,1898342500.0,0.9054444922447248,0.0007612802995470095,-87.82122100120668,0.04854133443443048,0.006462963116632047,5.035374572051866e-05,-141.8837124160165,0.5547277498756357
110_Narrow,1898345000.0,0.9056509883471819,0.0009573256915472831,-87.7953495043988,0.07667349814570766,0.006472346956110165,6.315578079573461e-05,-142.27911254703326,0.631935489727986
110_Narrow,1898347500.0,0.905311623838468,0.0008391595153481554,-87.96451294220459,0.07616570442509138,0.006499160774639266,3.952979427777851e-05,-142.16119442793104,0.4527572389291896
110_Narrow,1898350000.0,0.902997505389405,0.0013052203400040683,-87.96309483780573,0.07326950681913798,0.006499756661585616,6.502950827774996e-05,-142.2040612306629,0.3934372761003381
110_Narrow,1898352500.0,0.9031721759981259,0.001315586864447006,-88.0322602540945,0.062280017955318304,0.006523949490743995,8.19097207994998e-05,-142.3342936761742,0.46957676375749413
110_Narrow,1898355000.0,0.9023985900247077,0.0010894020200563907,-88.22808926418102,0.05033887654773546,0.006583214600249891,6.142532613693646e-05,-142.6754427937061,0.39127519472661954
110_Narrow,1898357500.0,0.902943368823303,0.001234634960144693,-88.19720070364758,0.05776275796765183,0.006617319010099815,7.823692796849964e-05,-142.58982958024882,0.41296441788078625
110_Narrow,1898360000.0,0.8991214676114573,0.000984956416187775,-88.29919675944998,0.05300692243165814,0.006605051646004479,6.657658774534528e-05,-142.85972342531988,0.4819502692314626
110_Narrow,1898362500.0,0.8997244959367777,0.0007110319725283376,-88.31989532141968,0.06336345883294744,0.006638774090460001,3.498432052565296e-05,-142.78028066075515,0.4224683680198462
110_Narrow,1898365000.0,0.9002017006583419,0.0008350354822313048,-88.44389970047916,0.07740577691751337,0.006621538669716265,4.407746000509288e-05,-142.92138923539153,0.4255654802433744
110_Narrow,1898367500.0,0.8973352330528009,0.0009547155719789423,-88.6290761905983,0.07302687173756182,0.0066468661781066505,7.325990552346594e-05,-143.0007185160673,0.40593499801849553
110_Narrow,1898370000.0,0.8974114781425873,0.0013451534548305007,-88.64370262250901,0.06540521913246146,0.006668366599148951,7.057760290508406e-05,-142.8581009684117,0.6065467304034011
110_Narrow,1898372500.0,0.894076158464122,0.000741221053376078,-88.55914088504267,0.07448464726368155,0.006692583786544707,4.6270321031674696e-05,-143.0151801240781,0.538989652757851
110_Narrow,1898375000.0,0.8941088374584553,0.000897251879805497,-88.82072720177423,0.08294456330126987,0.006689871442988694,6.024112675700942e-05,-143.28319586614683,0.43227415163555966
110_Narrow,1898377500.0,0.8925267682814082,0.0010657443805112596,-88.89095662978367,0.05436503310700379,0.006693116091074794,5.245433144443706e-05,-143.67394972408735,0.5519648357691515
110_Narrow,1898380000.0,0.8917143500860676,0.0011714943975548898,-88.78200436629977,0.059487149520729664,0.006700426370480201,6.340812812221852e-05,-143.24288710017836,0.3838960161869433
110_Narrow,1898382500.0,0.8915643700038707,0.0007557214553592652,-89.00276997230375,0.06504012577418228,0.0067742346142332455,5.5786618441959316e-05,-143.7249337713411,0.6395621156132035
110_Narrow,1898385000.0,0.8929159286397753,0.0008410753293737414,-89.25576288911637,0.06151219285683224,0.006783390236897105,4.7867904068277415e-05,-143.65403402201443,0.40672054081223435
110_Narrow,1898387500.0,0.8901390000741626,0.0009020802832656273,-89.3244620105965,0.08518684277237606,0.00678339818745283,4.670565382838253e-05,-144.34504971596724,0.5625259457581608
110_Narrow,1898390000.0,0.8902210236211241,0.0008236288099679756,-89.3978836895581,0.05443287428261638,0.0068460267302874545,2.7324352610189133e-05,-143.82611932359714,0.38298032855462383
110_Narrow,1898392500.0,0.8872240650338439,0.0009321384782148655,-89.42846743077449,0.06879989560111546,0.006774842204915036,6.393969323612825e-05,-143.97123097142503,0.5250179159076115
110_Narrow,1898395000.0,0.8862365795120498,0.0009934043665949742,-89.58111684292521,0.06785188055731338,0.006841745478304742,7.804989748319616e-05,-143.91110898350001,0.6434169312200301
110_Narrow,1898397500.0,0.885088918043344,0.001003304425263137,-89.4602015081887,0.07366356352292334,0.006866538248543339,6.306247901290498e-05,-143.60587792058672,0.44608557252151204
110_Narrow,1898400000.0,0.8869444441332499,0.0007243542763668819,-89.59551589859886,0.06241311176857829,0.006865638393877864,5.469344003974182e-05,-144.6038675402738,0.44271198388500965
110_Narrow,1898402500.0,0.8845193942389699,0.0008599929343515207,-89.78958365330033,0.06260510658707842,0.006878004793567368,4.028794077997712e-05,-144.76851809207903,0.4791771303292941
110_Narrow,1898405000.0,0.883116928548209,0.0009682525870978645,-89.91594275046344,0.055522692827137246,0.006908856637142684,0.00010174630798628488,-144.84855029174264,0.6191003949092325
110_Narrow,1898407500.0,0.8834137115983407,0.0008723819560622718,-90.05622919874534,0.06132020557292428,0.006990820886555447,3.860188090733853e-05,-144.83234478831397,0.4292928187808183
110_Narrow,1898410000.0,0.8805965058720194,0.0007942190083674976,-90.03701299939198,0.07993101188589351,0.00696495950692626,6.288400074415711e-05,-144.84000178715593,0.3350603768979068
110_Narrow,1898412500.0,0.8792728992579242,0.0008626811851557557,-90.14695585319073,0.07699667845549094,0.00694503514009028,5.444605735922738e-05,-145.25679405925592,0.3405511793588847
110_Narrow,1898415000.0,0.8782447815778761,0.0011264950667679821,-90.18160617343459,0.05451674972765054,0.007020509547649039,5.982876978985745e-05,-144.8888377266706,0.4870994409794986
110_Narrow,1898417500.0,0.8770537902437479,0.000773963277156833,-90.39468157719283,0.0778072896619452,0.0070486825178847,0.00010207665458366368,-145.086168431654,0.6405318237417776
110_Narrow,1898420000.0,0.8753894560043618,0.0010377135918668966,-90.47467801109377,0.07352956142878979,0.007067720715281147,6.480128741760689e-05,-145.14130525485245,0.39239619611554993
110_Narrow,1898422500.0,0.8750082446002453,0.0009066294134384822,-90.4561474713511,0.053596970486765406,0.007044004629286424,5.0972072660116983e-05,-145.0815293366095,0.39837563073879495
110_Narrow,1898425000.0,0.873553174321077,0.0011190510307123047,-90.62039798347243,0.07299079284566411,0.007097710963022826,6.810031709452307e-05,-145.53667122315696,0.5430970054657686
110_Narrow,1898427500.0,0.8750408979430006,0.0007169352295516748,-90.73516644523743,0.08464849652520834,0.0071780864032626734,7.056097164636733e-05,-145.69356513753138,0.628106157604589
110_Narrow,1898430000.0,0.8716894933824741,0.0011369084042125836,-90.78344135813661,0.08137928083618978,0.007126838105436514,4.985431427968718e-05,-145.36372211654682,0.2901643698980643
110_Narrow,1898432500.0,0.8726266152156072,0.0007072209482693691,-90.90253168159633,0.05567452494870669,0.007182817534467591,6.555908165538936e-05,-145.70310565987168,0.5684720655128773
110_Narrow,1898435000.0,0.8709759557819798,0.0006041519844677332,-90.83677017524172,0.0819712221103988,0.0071831040046218975,5.081710745509248e-05,-146.04671123063963,0.5382580850470484
110_Narrow,1898437500.0,0.869511937953968,0.001087464044157406,-91.13275005074057,0.05049222220327089,0.007176334780250943,5.821820787217823e-05,-146.13675521722402,0.6061800022183436
110_Narrow,1898440000.0,0.8684504732702959,0.0012593066212446817,-91.24541819670792,0.0643592748901276,0.007158183286643896,9.783264225222554e-05,-146.4491768773617,0.4228071087041575
110_Narrow,1898442500.0,0.865109289389605,0.000891004003428879,-91.1388295797296,0.08432408179572493,0.007203505967193535,7.557439773823035e-05,-146.09686617833657,0.46662935965267893
110_Narrow,1898445000.0,0.8657205142056293,0.0013332161694040287,-91.38059265739626,0.09589598447347222,0.007220443696533816,6.103633350105779e-05,-146.46718773651844,0.561204045004904
110_Narrow,1898447500.0,0.8657209605508565,0.0008745188323814729,-91.441939248044,0.08061917396588782,0.0072794782907229195,7.609829347098073e-05,-146.1291298293556,0.48527769370134166
110_Narrow,1898450000.0,0.8622121008588682,0.0011245391487776574,-91.54226624460672,0.09426901264580359,0.0072543430147805855,4.551373308474746e-05,-146.54326219024307,0.5107006264173594
110_Narrow,1898452500.0,0.862404434594688,0.0013809650095500561,-91.74551183292662,0.0933317632904415,0.007304184514461941,5.513055056235687e-05,-146.9488300421027,0.5542291284364931
110_Narrow,1898455000.0,0.8611355919440715,0.0008168425791245873,-91.74556055940144,0.09410882904351052,0.007311356004290044,6.470588316634619e-05,-146.52455792677276,0.3227814786225799
110_Narrow,1898457500.0,0.8597098076838063,0.0010209495196710394,-91.92232727290097,0.08067864238469169,0.0073689513191508545,7.067327540897223e-05,-147.44818138274664,0.48339452304272446
110_Narrow,1898460000.0,0.8563930002227774,0.0016115579245445713,-92.00975508554573,0.05785219939567676,0.007385807337982411,5.7436930168868345e-05,-146.88769855998305,0.5336278987033445
110_Narrow,1898462500.0,0.8578706449194241,0.001240514839258866,-92.13883810532964,0.09833107731505795,0.007382957792829001,6.921662944413327e-05,-147.27274594875277,0.47593007644463997
110_Narrow,1898465000.0,0.8559319896888022,0.001472809567972978,-92.2367111732806,0.12895288714732386,0.007413328393475481,3.951796351179851e-05,-147.36913952198807,0.4449900481063374
110_Narrow,1898467500.0,0.8549941524764737,0.0011728027719510425,-92.27512282582683,0.12188769444908285,0.007388135587937549,5.3283943497418246e-05,-147.5476902859029,0.32092912502374243
110_Narrow,1898470000.0,0.8532930823208331,0.001384735319749078,-92.32748544223624,0.1091769771591936,0.007431621786379302,5.1514289785210044e-05,-147.5295094839318,0.6039165845940477
110_Narrow,1898472500.0,0.848735578233176,0.0013784847028303598,-92.56764913860182,0.11305995524817986,0.007444226502913305,7.419649859356492e-05,-147.8527753544793,0.4636005995928925
110_Narrow,1898475000.0,0.8506055979898383,0.0013601356306562206,-92.61515448191928,0.10356373542883024,0.007449752975546605,2.5774684558850457e-05,-147.94357004001108,0.6033799111410793
110_Narrow,1898477500.0,0.8492922430222282,0.001275894788394492,-92.65419873915015,0.09923625706685885,0.007566483586706996,0.0001244056602623828,-147.804321578143,0.4738638084272934
110_Narrow,1898480000.0,0.8495750014517887,0.0013835235871218002,-92.7876049918895,0.10308882463664244,0.007511450273645637,7.104681762131346e-05,-147.97335101459691,0.3091781285473664
110_Narrow,1898482500.0,0.8460603642353315,0.001997429925735414,-92.95300748130236,0.11348351190264817,0.00754474547023899,4.922998866906226e-05,-148.3281676166951,0.5585853431146284
110_Narrow,1898485000.0,0.8441198230952875,0.0017245679902729866,-92.99629003413835,0.11461168728367675,0.00752451845964994,6.988321757736266e-05,-148.09653680180293,0.33569016358076587
110_Narrow,1898487500.0,0.8448615608068412,0.0014024873649236182,-93.11117000107993,0.10498630436285429,0.00756652611013549,6.114293043158023e-05,-148.17094608025997,0.6081389740609437
110_Narrow,1898490000.0,0.8430092535831907,0.0016573781834170111,-93.2397743657796,0.10093158704231427,0.007578043036059378,5.06459823177151e-05,-148.3956438592496,0.5814888078093338
110_Narrow,1898492500.0,0.8386108369287871,0.001769810418649119,-93.30978442656965,0.1460851751557281,0.007622640603258074,5.29284603363318e-05,-148.5778822732703,0.5309928463478713
110_Narrow,1898495000.0,0.8376023372186707,0.0014091150000892644,-93.4114983690699,0.1593083415212394,0.007619971771519199,5.9419868834559705e-05,-148.8916470543925,0.434993552358105
110_Narrow,1898497500.0,0.8393702114309953,0.0013310705635394926,-93.545785152629,0.1339614700061733,0.007707049278135039,7.20711420322176e-05,-148.7160481331911,0.45617605906460923
110_Narrow,1898500000.0,0.8379007060805419,0.0015755969141407276,-93.62120939592668,0.12979679468679897,0.007713981954617559,6.763434013186543e-05,-148.93532889948145,0.453185594330014
110_Narrow,1898502500.0,0.8362718512183229,0.0012629363073283044,-93.69375563488519,0.13399618472055924,0.007742412329576508,4.5146485035070746e-05,-149.05600716018284,0.46657538094844153
110_Narrow,1898505000.0,0.8345359879049172,0.001543179572079971,-93.91352544115047,0.13300734608272569,0.0077923533504172466,6.976956328251117e-05,-149.15210606580595,0.47630419145206937
110_Narrow,1898507500.0,0.8302137814352297,0.0014661824784772553,-94.05888501574401,0.13620919810407178,0.007733590360503174,5.935755414130637e-05,-149.2432029807538,0.4475060953708016
110_Narrow,1898510000.0,0.8317854093524358,0.0016434944560370993,-94.2072808258296,0.11879686578725367,0.007821950658475735,7.205098297775368e-05,-149.8269247683319,0.47846844183434095
110_Narrow,1898512500.0,0.8286152999361176,0.0016041598637128634,-94.15917119872809,0.14176770307670036,0.0077707941951170945,7.396679159803063e-05,-149.79707588842996,0.4824932680186983
110_Narrow,1898515000.0,0.828701525380847,0.0017591650315596664,-94.3842591806687,0.11209920465139009,0.007888784876598552,5.72084972071161e-05,-150.13864081309822,0.36265641341034843
110_Narrow,1898517500.0,0.8248298759174617,0.0021047929058414685,-94.49842615813311,0.12279536975436742,0.00785639377650673,6.621233122641877e-05,-150.00143244178838,0.3670700838904029
110_Narrow,1898520000.0,0.8253587738592957,0.0019840120666281508,-94.7378864724816,0.1262735211426876,0.007890189210142935,7.053936628560932e-05,-150.38800518241834,0.5704434707943807
110_Narrow,1898522500.0,0.82324308144045,0.0016236659656876594,-94.68772573743264,0.13938428463019273,0.007945603063516856,5.95096107128864e-05,-150.3327216225089,0.5206113091968949
110_Narrow,1898525000.0,0.8205004530080832,0.0018756938162463983,-94.83568423956619,0.09841214230784909,0.00792997275908433,7.377998390135927e-05,-150.62595680490125,0.5016119776663751
110_Narrow,1898527500.0,0.8171402678313459,0.0014071163728120264,-95.02271619366842,0.12809081310226106,0.007926749533660939,8.506040550970271e-05,-150.67522301136765,0.4183027311893953
110_Narrow,1898530000.0,0.8175421298936265,0.0016339469309627618,-95.05608020458315,0.11803498469198577,0.007926961204211116,6.658609444151731e-05,-150.7239737435807,0.40771405980328007
110_Narrow,1898532500.0,0.8166699878469167,0.001731666854318178,-95.11954578356686,0.12155080365573871,0.008008074079327548,4.604507483744505e-05,-151.21593573160916,0.32787821086493113
110_Narrow,1898535000.0,0.8147036681888938,0.0014565787838798493,-95.339435168197,0.11316331397865577,0.008009760029450424,5.792039929509368e-05,-150.97143313153123,0.6795888356452338
110_Narrow,1898537500.0,0.8135605485252785,0.0013736810400413633,-95.29291731570787,0.15273497048369689,0.008027564592958631,7.288579112674692e-05,-150.9696530832191,0.5499984745217806
110_Narrow,1898540000.0,0.8123630165649336,0.0012563232370893162,-95.46623177727759,0.14308631275561157,0.008059892729058184,2.5600632810886807e-05,-151.32116671261036,0.6430806781658391
110_Narrow,1898542500.0,0.80824649032179,0.001386540217153922,-95.75993299634565,0.13627906950207697,0.008119521058837424,4.802337840669799e-05,-151.61829607803975,0.5261682407123857
110_Narrow,1898545000.0,0.8061265735461474,0.0017883376347108397,-95.79315504957148,0.10892965112763849,0.00810266182062734,6.488669285096539e-05,-151.41206295214295,0.45597743088890713
110_Narrow,1898547500.0,0.8062752037886047,0.0015382016645897696,-95.94785569586782,0.11290319423658235,0.008123557434714017,5.586355028396467e-05,-151.6416587180512,0.3919961889659539
110_Narrow,1898550000.0,0.8030361448329355,0.0014735231967555418,-96.03380516595038,0.12216765868782128,0.00815612521510481,3.868010738429055e-05,-152.2334131787953,0.6174741793216627
110_Narrow,1898552500.0,0.8038280191954151,0.0019344550211124866,-96.01374416258265,0.13831854335898572,0.008197183106677075,5.612368972745642e-05,-152.02259013348242,0.5581743099755169
110_Narrow,1898555000.0,0.8030850860555923,0.0014634516804160665,-96.17816723934898,0.11852118078511778,0.008241400452795042,3.998129461743816e-05,-152.2596884740991,0.49715331738005364
110_Narrow,1898557500.0,0.7977445419231428,0.0014588913196355764,-96.39696253471928,0.13458653366802106,0.008194725949921189,6.768343871545598e-05,-152.34659762020019,0.3347870914480765
110_Narrow,1898560000.0,0.7965280693060056,0.001796862841385767,-96.5302636742862,0.11837985720903814,0.00825599885330071,8.818016204904031e-05,-152.5116461098532,0.48090105597137367
110_Narrow,1898562500.0,0.7945097043350646,0.001788343929096199,-96.6499415415089,0.129011903349667,0.00826527133579228,5.708370423556614e-05,-152.47705424977218,0.5315427027308204
110_Narrow,1898565000.0,0.7933990692728726,0.0017424368347560195,-96.73732092447432,0.10098355138894526,0.00832071096468862,4.9942448442904295e-05,-152.89446441744838,0.45239880160841944
110_Narrow,1898567500.0,0.7914805497592109,0.0014868653910669156,-96.91888253524445,0.1543805881393565,0.00834251755390104,8.816051644040509e-05,-153.0802218037904,0.5007072625474726
110_Narrow,1898570000.0,0.7911305178538709,0.0017847888740034703,-97.10004010044462,0.13002293771691156,0.008388467079317972,6.969421024542736e-05,-153.13344331196353,0.46285055121955543
110_Narrow,1898572500.0,0.7889995321673642,0.00206011116130152,-97.08847734423965,0.12672916794397318,0.008378145380208892,6.468412106932406e-05,-153.10992952674792,0.3549396043995374
110_Narrow,1898575000.0,0.7871296496378706,0.0018922041905454431,-97.2572741143893,0.13466290315914112,0.008419821687083873,4.2321184039094725e-05,-153.40666538875257,0.4567238062032929
110_Narrow,1898577500.0,0.7857472705715007,0.0019270414130492795,-97.39923890431135,0.13012856237860385,0.008406553752144257,5.865704808673339e-05,-153.63575814265127,0.2942781506304619
110_Narrow,1898580000.0,0.7808493751386851,0.001807198850679195,-97.5069633142757,0.1263388982300068,0.00848946257645991,5.4798923985204544e-05,-153.8890692218904,0.427515570975895
110_Narrow,1898582500.0,0.7799893120906845,0.00174690164086495,-97.6109726162023,0.13136293412633293,0.008503670678197949,7.601966327666012e-05,-153.93081316747194,0.6986425727949105
110_Narrow,1898585000.0,0.7779890503860929,0.0018590533989178185,-97.80410996539399,0.12413277299826476,0.008458645554214054,7.29529420832811e-05,-153.77897315462778,0.5310323853838856
110_Narrow,1898587500.0,0.775774268276243,0.0017262775615012563,-97.90452585553295,0.13030447146928936,0.00854318187958594,5.127583876120952e-05,-154.10133248913786,0.462515697592291
110_Narrow,1898590000.0,0.7734830473379466,0.0017697020246219995,-97.95387366434785,0.12929376418088348,0.008527341594481734,4.58136643452989e-05,-154.32390434320232,0.38775136505534513
110_Narrow,1898592500.0,0.7718852386602423,0.001650649594166625,-98.08269016587184,0.13459954572658897,0.008616039490847792,6.710037845975769e-05,-154.53576313284654,0.5025744106230569
110_Narrow,1898595000.0,0.7704218528167014,0.001496679978313587,-98.3768843985896,0.13942641551511975,0.008641983275589555,5.659657110559158e-05,-154.58864843314052,0.5750334291483289
110_Narrow,1898597500.0,0.7683137374094363,0.001800552776302093,-98.44623798786516,0.1281392191433202,0.008608423062074296,6.641273302194983e-05,-154.91817263599492,0.4958768991376117
110_Narrow,1898600000.0,0.7661402692694423,0.0017733213681854346,-98.55119896641958,0.1435423600290424,0.008679261865026842,6.352177392870766e-05,-154.88618097079345,0.45070993220881744
110_Narrow,1898602500.0,0.7624524440164243,0.0015338624155392428,-98.71727523355608,0.0898560723109882,0.008665881694378187,0.0001107308031129705,-155.00876722672047,0.5506903571337792
110_Narrow,1898605000.0,0.7653222542159979,0.0021101445102989012,-98.86904899962613,0.12286025079227764,0.008752194954824972,6.174651184813777e-05,-155.7475293860591,0.3411100251423259
110_Narrow,1898607500.0,0.7618383153138962,0.0017070145964363842,-99.06531812491278,0.10641662385055216,0.0087551582408389,0.0001214330087199008,-155.75002550820153,0.5665197989240105
110_Narrow,1898610000.0,0.7596667365291999,0.0016957044119032439,-99.32858826025699,0.09436844290996642,0.008731476851654542,7.551536064143166e-05,-155.80468896118578,0.4283491689413298
110_Narrow,1898612500.0,0.7568386624344323,0.0015754778198564443,-99.29853374503391,0.1170724965580004,0.008807567136290105,6.162009022843805e-05,-155.97625851711206,0.3002193979690572
110_Narrow,1898615000.0,0.7536966331649676,0.0015520796088322937,-99.36089352608309,0.09495400097390701,0.008793982667397119,8.421603610444586e-05,-155.84343717978615,0.5397712291127803
110_Narrow,1898617500.0,0.7505313173447952,0.0015087710891165367,-99.51917432995171,0.13577429299117988,0.008870916450782258,6.176785066378081e-05,-156.36964095850655,0.370575460493854
110_Narrow,1898620000.0,0.7502035907019451,0.0013636037613214806,-99.60167897565887,0.08693162085476631,0.008865628091028725,6.811259805850542e-05,-156.40230447116147,0.40289428732545723
110_Narrow,1898622500.0,0.7469096989340245,0.001683250264219242,-99.9063957596792,0.11786116514521702,0.008874019395790737,7.261674985229233e-05,-156.777354843555,0.24638521820890547
110_Narrow,1898625000.0,0.7452998643042262,0.0016127673613545116,-99.97329484133878,0.0942570405084612,0.00897231801188223,7.172681572591144e-05,-156.72471301461906,0.32341669333082484
110_Narrow,1898627500.0,0.7428103357026519,0.0013913307523809554,-100.00100368926242,0.09641153058299431,0.008971270286111483,9.789618945444681e-05,-156.82732823274839,0.44661662683573683
110_Narrow,1898630000.0,0.7398025881398874,0.0014013919576325409,-100.1153720894306,0.11375499026369915,0.008973943507599353,9.463532127415168e-05,-157.04614253460758,0.5862712937992186
110_Narrow,1898632500.0,0.7395853315968041,0.0016779240548929187,-100.32770186089724,0.10952814672147837,0.009018731546901502,7.813791782999044e-05,-157.48057657329574,0.4212726739892524
110_Narrow,1898635000.0,0.7358757851974309,0.0016259020355039843,-100.45910486602207,0.0768422099116916,0.009037508277880718,6.16295662882644e-05,-157.59545055665453,0.38089161444579583
110_Narrow,1898637500.0,0.7320718100359848,0.0015158138976421437,-100.62251614167096,0.0812893572907823,0.009038643210993375,8.042667621800545e-05,-157.76178388777916,0.3172606673777493
110_Narrow,1898640000.0,0.7310684934583589,0.001550648328834711,-100.73369447474073,0.10317530826463826,0.00909661039677358,8.117268542331648e-05,-157.9271212449728,0.31963189229093647
110_Narrow,1898642500.0,0.7284480905599349,0.0011228793305126429,-100.92979923453865,0.09076162080332781,0.009088661722078721,5.859088225084792e-05,-158.20618490396728,0.4168935099347351
110_Narrow,1898645000.0,0.7250062203019434,0.0015495986363301725,-101.15296846017162,0.10183151570357374,0.00912918167649665,5.687260478015474e-05,-158.24031873637367,0.4126213088809681
110_Narrow,1898647500.0,0.7250768284968536,0.0012698731554409753,-101.08883285142302,0.07841957335418945,0.009192374081152591,6.907339251013691e-05,-158.4320067287586,0.273748306737592
110_Narrow,1898650000.0,0.7210016908364312,0.0017512820491752943,-101.34753398888637,0.10844591901270127,0.009240637883898695,6.849567384780828e-05,-158.70369511341985,0.35500689417248343
110_Narrow,1898652500.0,0.7193670644816968,0.0020195472894882043,-101.51257389495464,0.09137887041569737,0.009203119736370998,6.81821186625019e-05,-158.82022239329314,0.3620322187767074
110_Narrow,1898655000.0,0.7165172471628743,0.0017546680292409194,-101.67083644232169,0.14820518553084772,0.009230661316114653,4.4331026872663376e-05,-158.9138531466345,0.3646912002748983
110_Narrow,1898657500.0,0.7142673618601707,0.0015390394504799427,-101.78299028748086,0.11094344438122984,0.00928298745230318,7.959670363526818e-05,-159.0558096860578,0.4297735963039608
110_Narrow,1898660000.0,0.7110364397457957,0.0017716113029840666,-101.84961828361826,0.07410274636056072,0.009268974181392158,7.673333475312564e-05,-159.44763788703034,0.3676370981579564
110_Narrow,1898662500.0,0.7084194011159669,0.0018030134363224328,-102.06036959009951,0.12881811039303712,0.009306961216254373,8.068121169590708e-05,-159.44136017412862,0.47046832700576596
110_Narrow,1898665000.0,0.7060669563149551,0.0016349753595092797,-102.14252971855703,0.11679002351164955,0.009333334132646136,9.047522394637486e-05,-159.47219147454848,0.4521833103618998
110_Narrow,1898667500.0,0.7040409348854837,0.0019932904183561995,-102.37397664628354,0.12809326211320252,0.009340597905128882,5.319383431787936e-05,-159.7485265150956,0.5641896173145311
110_Narrow,1898670000.0,0.7021792004285232,0.002142729962825033,-102.60560943527398,0.07335335530395586,0.009396564799161478,7.790202931983024e-05,-160.21305200352407,0.28307342932830515
110_Narrow,1898672500.0,0.6986383377779739,0.002034645642912634,-102.71644666326762,0.10049121834718322,0.009425146646741931,8.018167589293161e-05,-160.29055702927587,0.4134132455192496
110_Narrow,1898675000.0,0.6962467685810158,0.002010119097470611,-102.79353602749971,0.11642189819421511,0.00941970299448567,6.301301307354836e-05,-160.44209363440433,0.4766217855618619
110_Narrow,1898677500.0,0.693098985594394,0.0022012106818506795,-102.93417583048442,0.11634004119898819,0.009473168902863005,7.842449538732088e-05,-160.8508434208352,0.2376569562099354
110_Narrow,1898680000.0,0.6915840582349001,0.0018664006105115806,-103.16042698369478,0.1241641275150653,0.009499032904074375,8.085611498505437e-05,-160.83089668072535,0.41554949722771106
110_Narrow,1898682500.0,0.6891477669712262,0.0020766264883896194,-103.13567458513512,0.1521354773407545,0.009540844699288741,7.741480868743486e-05,-161.11795786933573,0.42175479408475935
110_Narrow,1898685000.0,0.6862666301450457,0.0027686074789529656,-103.41987483171981,0.1600475473999733,0.009573052168348894,5.132303331107045e-05,-161.12432252830493,0.3764925837167717
110_Narrow,1898687500.0,0.6832281010684912,0.002710829078920166,-103.48250250227288,0.1334884291638382,0.009603917291393854,7.406080575493254e-05,-161.38672527674595,0.30567794147613847
110_Narrow,1898690000.0,0.6787516382877509,0.002163864273423692,-103.67396901703188,0.1335344050813224,0.009601501786711382,6.233657604572251e-05,-161.52451272473698,0.39075879231221555
110_Narrow,1898692500.0,0.6769966046161515,0.002500738216154081,-103.81976449155229,0.1311957153013579,0.00964009927668686,6.769972408425405e-05,-161.89370414740407,0.3084585295093436
110_Narrow,1898695000.0,0.6735650960160753,0.0028948057187656406,-104.12092390272784,0.12855828149043438,0.00966149127765319,5.4658488828779244e-05,-161.89375192911817,0.4805505932848856
110_Narrow,1898697500.0,0.6720409719781566,0.0031515290318429455,-104.09741817495023,0.15293455048227592,0.009686076895600474,5.2657930069291474e-05,-162.48931137804462,0.2946723120296111
110_Narrow,1898700000.0,0.667294498968196,0.003334935695922895,-104.29011425244246,0.12798020669318702,0.009713937334970911,9.490985588474785e-05,-162.81731810049007,0.3910215176106313
110_Narrow,1898702500.0,0.6658905215851764,0.002946157601358554,-104.35671973755952,0.14212202857738468,0.009770655338806923,6.114343806633418e-05,-162.4069245411188,0.3663786444209233
110_Narrow,1898705000.0,0.6628317268204282,0.0028789087300511453,-104.68094090839524,0.15520528109605322,0.009782061852342013,6.228303789086411e-05,-163.1109150040288,0.3398099926563765
110_Narrow,1898707500.0,0.6591782874983203,0.0031264626777849137,-104.73143702412328,0.15060889136920325,0.00977884222649403,8.090069229861794e-05,-163.268724711676,0.47147036460116315
110_Narrow,1898710000.0,0.6566489206395821,0.0032519595099211613,-104.87030829660402,0.11614094763880758,0.009825185658423103,6.228530710987505e-05,-163.25268589344122,0.46262538059022223
110_Narrow,1898712500.0,0.6544223177860092,0.002939920524895698,-105.0065503123635,0.14858255098625073,0.009832282478859007,6.083119677945188e-05,-163.57448629626052,0.4984045569763742
110_Narrow,1898715000.0,0.6516557871730767,0.0030841118900228016,-105.15211298354625,0.1385010017785068,0.009925011490745175,0.0001026176722186669,-163.66251678072092,0.4877245044423397
110_Narrow,1898717500.0,0.6480374313564422,0.0030777469706437413,-105.52002192063952,0.1467848246492095,0.009882828933326152,8.014149080231055e-05,-163.88921129983385,0.4273341942324787
110_Narrow,1898720000.0,0.645207142873293,0.003323405373009773,-105.50875062049583,0.1718392974881055,0.009958334227339242,9.209544616641438e-05,-164.12418324573017,0.487424711059267
110_Narrow,1898722500.0,0.6413306487370529,0.003168529319457934,-105.77852568336881,0.1519825629058847,0.009937932692471525,8.575426443591333e-05,-164.42893983587507,0.3442715059263079
110_Narrow,1898725000.0,0.6386481446343762,0.003113504424255406,-105.72988847631714,0.15873045157526902,0.01001555562326624,6.369772302781523e-05,-164.59308404984995,0.402685093092797
110_Narrow,1898727500.0,0.6354508882027203,0.0034575438997479103,-105.75778316862753,0.11755691316306564,0.010002234687817626,6.319494871367143e-05,-164.77289242398405,0.4305788312166789
110_Narrow,1898730000.0,0.6327417646037907,0.0029882097524910767,-106.0487201939311,0.1466531596698029,0.010031653252103477,7.372916468880423e-05,-164.83142521974156,0.44428683353649184
110_Narrow,1898732500.0,0.628983797795893,0.0033616984875638376,-106.13280212104023,0.11791572905787738,0.010076788429561882,6.65558060486596e-05,-165.3380272856325,0.4490745390435383
110_Narrow,1898735000.0,0.625553779858495,0.003323548442856302,-106.40538886684215,0.12293058056876628,0.010111119336995718,6.675087808332896e-05,-165.31266371884976,0.3975193015038422
110_Narrow,1898737500.0,0.6234722910645067,0.0030987119722426567,-106.448136128368,0.1122567435383397,0.010156348969962963,9.840402382483646e-05,-165.59316089070705,0.4217464115525927
110_Narrow,1898740000.0,0.6194857715348135,0.0034530452732608303,-106.64935842582027,0.11976016034475484,0.010139018819843706,9.335252931982312e-05,-165.88593891866554,0.39808420349729495
110_Narrow,1898742500.0,0.6169563981901411,0.0032778876213767666,-106.82780374255775,0.1382654400186655,0.010188824957339058,5.9484781131386646e-05,-165.90476304981118,0.3876829715337112
110_Narrow,1898745000.0,0.614685750205589,0.0032443879303118528,-106.94994990320104,0.1651680115536234,0.010238895655570766,9.903397412292234e-05,-166.36606700685556,0.3877873654718778
110_Narrow,1898747500.0,0.6102974995526312,0.0034430088040823016,-107.07328580356445,0.15933888580029704,0.01024265465524562,9.523539451636719e-05,-166.62886859710585,0.29812537782982107
110_Narrow,1898750000.0,0.6069741570619994,0.0031083302757012893,-107.27535301334086,0.1394638051434263,0.010238434614328806,5.5119740999740705e-05,-166.83374284179556,0.4133726037913469
110_Narrow,1898752500.0,0.6038877811556548,0.0030475806197291194,-107.46568150156345,0.0755573648931047,0.010356323068664066,5.7483428452622724e-05,-167.09682625561211,0.2637798135240127
110_Narrow,1898755000.0,0.598930802991156,0.0035608454283196653,-107.70842499266696,0.13692045900865968,0.010336144413237974,5.490593042079081e-05,-167.33326256773537,0.29537930860772
110_Narrow,1898757500.0,0.5965673671326402,0.0035257052850792363,-107.78906100146888,0.14867150231354592,0.010342074100503446,4.5052516300944504e-05,-167.45636092308405,0.4171449584432115
110_Narrow,1898760000.0,0.5931897388397236,0.0035631551234842794,-107.89415858817105,0.11048333288791877,0.010370536805646957,6.220447800474241e-05,-167.63421490156813,0.43098972777884004
110_Narrow,1898762500.0,0.5896888593428822,0.003966586607577323,-108.02824935889785,0.1321335320212775,0.01041759686843547,7.710414762807151e-05,-168.0387277449467,0.36804347751256244
110_Narrow,1898765000.0,0.5863933103549209,0.003466183216440635,-108.12362704921556,0.11268238815740284,0.010446288761997177,9.10335469980132e-05,-168.2866863694021,0.4460282733869647
110_Narrow,1898767500.0,0.582608833723775,0.0037783084622629855,-108.37494402904427,0.10670182138620662,0.01041543223642034,0.00010014095881762625,-168.26897678615376,0.34264485972318814
110_Narrow,1898770000.0,0.5802546967056468,0.0036170815504818375,-108.44543762442703,0.12263642083437132,0.010450856548760832,7.12711494362345e-05,-168.4992269075318,0.4516121194334346
110_Narrow,1898772500.0,0.575721037224685,0.003407551395432148,-108.58351668140985,0.12170610630529931,0.01053239693187648,0.0001117073615914495,-168.97750314821053,0.27154970647089305
110_Narrow,1898775000.0,0.5722056940237081,0.0038605525991662107,-108.70182822834029,0.13047864488771804,0.010496058455875094,9.65093021432051e-05,-169.13198048882197,0.24531096742344774
110_Narrow,1898777500.0,0.5680136188029905,0.0035953888658771267,-108.975029215481,0.15409833872360687,0.01056017568322647,4.8935533461794404e-05,-169.28676892252858,0.2854800310695066
110_Narrow,1898780000.0,0.5646474732392964,0.003303251143426276,-109.15472709993661,0.12435648866667712,0.01057635705632495,5.627268523025038e-05,-169.6795918929242,0.2697911189255494
110_Narrow,1898782500.0,0.5619937565761377,0.0037180434911925756,-109.2710865750302,0.12235321589849693,0.010608395294636575,6.090829852289511e-05,-169.72220523529884,0.5287939674261807
110_Narrow,1898785000.0,0.5571034766321145,0.0038510581631187044,-109.30345471257215,0.1397775800344865,0.010679831793435308,9.411553592954166e-05,-169.9828620572561,0.32818374032506487
110_Narrow,1898787500.0,0.5539965214642186,0.003601054156328777,-109.55153752025612,0.17455154703972048,0.010643167258635254,4.827686470086779e-05,-170.33798209162907,0.386635798544633
110_Narrow,1898790000.0,0.5507867057846556,0.0035583311193933165,-109.61388474568028,0.12327535335176523,0.01074822922837445,8.447598169199861e-05,-170.46543882380837,0.4918680386964074
110_Narrow,1898792500.0,0.5465766483436819,0.0038308417541039557,-109.81290313027498,0.13840399474441517,0.010751076794281571,8.772655891730135e-05,-170.67765939580337,0.49049023643942796
110_Narrow,1898795000.0,0.544309092400058,0.0034643037367583012,-109.92741021207868,0.11067545880057889,0.01074411219215301,5.7704601738294014e-05,-170.81707986531663,0.3406697076996692
110_Narrow,1898797500.0,0.5386066419495894,0.003603262576881244,-110.18550798937088,0.12196550575800276,0.010746005004866058,9.295086662868462e-05,-171.37527444553726,0.312685066255682
110_Narrow,1898800000.0,0.5360388078149628,0.00381013057802832,-110.29825527735686,0.14762544368845434,0.01080694643421026,4.754195043221297e-05,-171.57543861155807,0.420936360134873
110_Narrow,1898802500.0,0.5316887676188223,0.0037749459941125874,-110.30709906057024,0.14182771867953411,0.010816170909346225,5.9661443777411266e-05,-171.9779996579671,0.2553769631138419
110_Narrow,1898805000.0,0.5283051209365057,0.0036973237218119784,-110.62754221652209,0.13694817651822597,0.010850124366381613,7.899495973477333e-05,-171.98794840550295,0.4601275488143376
110_Narrow,1898807500.0,0.5241967544298517,0.003402345568759867,-110.70009107908574,0.10087197815362235,0.01088111649199804,6.486210425033615e-05,-172.20382095124904,0.4292876503618294
110_Narrow,1898810000.0,0.5210468829070573,0.0036016891519122106,-110.69935309408903,0.10293408182189323,0.010941414688650833,6.618171778905947e-05,-172.53374572999851,0.3538921432694163
110_Narrow,1898812500.0,0.5169728512002122,0.003570918236738394,-110.88644212955536,0.12981941733733832,0.01090520361084007,7.874859724390578e-05,-172.9852325053372,0.37861382187938364
110_Narrow,1898815000.0,0.5122078801825306,0.003548495931071941,-111.10847152386144,0.13323946789669092,0.010929503006582918,8.518319774637491e-05,-173.2860170730929,0.31421170268999143
110_Narrow,1898817500.0,0.5083813355647359,0.0036153380080359873,-111.19043399392909,0.11095802516283466,0.011023964962902979,7.746965962355421e-05,-173.10948314253477,0.26720630658257777
110_Narrow,1898820000.0,0.5046801363985278,0.003830796194740737,-111.4333258333593,0.11441844065128572,0.010999689808813377,9.12004342259924e-05,-173.3689211596651,0.35679409782188537
110_Narrow,1898822500.0,0.5000462167627087,0.003705650535334732,-111.60275889901231,0.12075565242616727,0.0110138836578191,8.70862584046224e-05,-173.3528115333953,0.350666893314607
110_Narrow,1898825000.0,0.49600687566128193,0.003464609203937923,-111.68433897911588,0.07651980288965879,0.01106718794326866,7.85945405280839e-05,-173.7824901839403,0.30587284704815676
110_Narrow,1898827500.0,0.4918455772899091,0.003124887255819848,-111.58305566266283,0.14148935564056242,0.011072980274512149,9.625319133600383e-05,-174.48492076173446,0.3180360473708666
110_Narrow,1898830000.0,0.4872114091370185,0.0035785625776281202,-112.0127496075105,0.10688334325034465,0.01108733397885777,8.68938275690819e-05,-174.52493191895343,0.23412061767195208
110_Narrow,1898832500.0,0.4847926576478495,0.003376979725089867,-112.05154708935305,0.08522166763294266,0.011078126377405503,7.948770962472823e-05,-174.75050662473285,0.36532139110110534
110_Narrow,1898835000.0,0.47942152448681935,0.0032877284594105363,-112.05842891577468,0.1008867871681718,0.011133338805309758,9.445432007667088e-05,-175.14877153722185,0.3474327110332546
110_Narrow,1898837500.0,0.47620672805935205,0.003430310694419455,-112.25618099180147,0.1132576476368217,0.011215620882208658,0.00010808421455991404,-174.97600507023387,0.277519807244635
110_Narrow,1898840000.0,0.4722350911346664,0.0031275950784551312,-112.27269836350787,0.11081488287053798,0.011202001248214927,6.569825854804851e-05,-175.63883554170377,0.4388838629747826
110_Narrow,1898842500.0,0.4679134141070971,0.0029766549548544967,-112.36502235571639,0.12381830187302774,0.011271793817915427,6.092158935932704e-05,-175.83548871906046,0.2998098809775758
110_Narrow,1898845000.0,0.462683196099479,0.0033591219372388326,-112.50452599546891,0.13914037313967725,0.011214718326241989,4.66274615843386e-05,-175.98955590851176,0.446995457366674
110_Narrow,1898847500.0,0.4582146716631627,0.0032132801572779955,-112.68545472403913,0.11035369930663631,0.01124076716111639,7.110998941705783e-05,-176.28406161636192,0.41663926253685024
110_Narrow,1898850000.0,0.4545836014454663,0.0028891177779694125,-112.87091043188484,0.07128336184415576,0.011303204257027065,8.024726474252081e-05,-176.7662787777345,0.307566308423556
110_Narrow,1898852500.0,0.45067230885625603,0.0026175915783612676,-112.89109996727096,0.0940879353669833,0.011319033184617338,7.943393092511629e-05,-177.0544243640569,0.29152375787382045
110_Narrow,1898855000.0,0.44633715479303737,0.00325786305530532,-112.9812097998147,0.09806888003060683,0.011356958238813008,8.465547702430239e-05,-176.96805617959993,0.2604001677809301
110_Narrow,1898857500.0,0.4405286556546936,0.0024705824359306057,-112.98624999713506,0.07976914579397351,0.011355492854304393,5.7512224041590504e-05,-177.50164312012362,0.3003295781484743
110_Narrow,1898860000.0,0.43711763814515525,0.0025471816963287966,-113.21765196999281,0.12728787257832366,0.01140919650202932,5.514008527856173e-05,-177.66546000174705,0.4227827524293037
110_Narrow,1898862500.0,0.4320327761739295,0.002238565398524751,-113.26690259784117,0.11659692218660868,0.011412523387247324,4.776182036719621e-05,-178.09388124586678,0.2794506019734157
110_Narrow,1898865000.0,0.42830355824506733,0.0023852159962152314,-113.15411036263427,0.10293332583925625,0.011435324638499542,5.2433424408400416e-05,-178.48146256930332,0.19850882217901483
110_Narrow,1898867500.0,0.4233228640171095,0.0027996475413113943,-113.5177987773135,0.10277472748335627,0.011457620309086588,8.64150655709363e-05,-178.5850619884413,0.3548061121957687
110_Narrow,1898870000.0,0.418190795364964,0.0024177276386545465,-113.55224272144031,0.09287709524494749,0.011486639442318588,7.872320741677295e-05,-178.84342684415932,0.28246426950168724
110_Narrow,1898872500.0,0.41402754923793544,0.0024943572984619045,-113.65025367601864,0.10186229082796061,0.011513907267140416,5.394242855887238e-05,-178.99100245359975,0.30415715329481924
110_Narrow,1898875000.0,0.4092281147256145,0.00255606578168216,-113.70948233111777,0.09262973721511411,0.011553252728270978,0.00010438886344176641,-179.50992949925137,0.33452121031020515
110_Narrow,1898877500.0,0.4048954616291988,0.0025248049004887784,-113.85408290868503,0.10758438126567718,0.011555176593015533,5.586610458096991e-05,-179.5220021731759,0.3426794431670702
110_Narrow,1898880000.0,0.4025065992065759,0.0028277022107500507,-113.79029126193949,0.09820572547424221,0.011549559030116062,7.878246439351251e-05,-71.9881933263249,173.7031510742965
110_Narrow,1898882500.0,0.39645735804688653,0.0028339027817544534,-113.82948466269961,0.11217473829672518,0.011566568000111048,7.370877380918194e-05,107.7361052878738,151.59732233871168
110_Narrow,1898885000.0,0.3934540106983303,0.0028183210969220138,-114.0534028552716,0.08301227773932005,0.011615932663429644,7.264310363659224e-05,143.54097848988093,113.67140728277609
110_Narrow,1898887500.0,0.38786088534185553,0.002683744850234832,-113.99384898453445,0.13845241564506736,0.011621520961309771,8.510094613021115e-05,143.41138763316624,113.61447851737229
110_Narrow,1898890000.0,0.3826086274717993,0.0029398456117680615,-114.08732162169156,0.0722755581499481,0.011637662898327879,5.172788777185809e-05,179.0410015709411,0.2562540474696343
110_Narrow,1898892500.0,0.37720082932560073,0.0031722200284062863,-114.01439358696666,0.09241199154867426,0.011712694239999209,9.470539599876786e-05,178.69291994166846,0.30530849982391967
110_Narrow,1898895000.0,0.37348272072482,0.0031621109390416857,-114.33332115422928,0.13565080353611533,0.01171371897731414,6.925495820449418e-05,178.4239220240985,0.4198824972906977
110_Narrow,1898897500.0,0.36893572462767554,0.003378459378495844,-114.26156914285082,0.12345656676849402,0.011664718625833155,5.493418822597249e-05,177.96593391198203,0.39255682097815875
110_Narrow,1898900000.0,0.3636782845026303,0.0030428613219059693,-114.19220226316116,0.07929513167040482,0.011678359106121819,9.29332553563345e-05,177.72049691656758,0.33952520059069285
110_Narrow,1898902500.0,0.3591219600250872,0.0031935586022751087,-113.94485352337237,0.10344015422908306,0.01172764364854039,6.280660355155001e-05,177.60064339922613,0.4286265984625383
110_Narrow,1898905000.0,0.35420424142035056,0.0035992712759518428,-114.30922759387012,0.09639974494268484,0.011761000212776661,7.649752177631819e-05,176.94877880013775,0.3400547323504361
110_Narrow,1898907500.0,0.3502580667900653,0.0037960889718620726,-114.31218537884509,0.09862987434623906,0.011762346833108388,6.019141281604542e-05,177.09321934915175,0.36284488877500354
110_Narrow,1898910000.0,0.34430721635512324,0.0035788468116476307,-114.00559605878097,0.11519603565140442,0.01184283308350912,8.263124386811989e-05,176.57464580392636,0.44153377047151204
110_Narrow,1898912500.0,0.3405374830838759,0.0037387107341588788,-114.45416499264113,0.04410127385452848,0.011813639720370552,7.569873955220206e-05,176.40020889562072,0.31947245461617524
110_Narrow,1898915000.0,0.33382604397530413,0.0037620063128949036,-114.12350720600813,0.09663919749321961,0.011823946168377482,8.400798616805088e-05,175.92934240368362,0.26840400399404213
110_Narrow,1898917500.0,0.32912124155943184,0.00349705074211844,-114.0923095683541,0.14812932525026143,0.011872582128688833,9.180477262369982e-05,175.76569665487568,0.3074736088328351
110_Narrow,1898920000.0,0.3247722516775857,0.00435449823908484,-113.95232176677492,0.13312102863592942,0.011877563195709076,9.22474929942827e-05,175.47404490942878,0.3505164427724352
110_Narrow,1898922500.0,0.3211620014502523,0.0038519866910613535,-114.29712326171902,0.14734324613257363,0.011890371973671777,8.724607435868205e-05,175.08517682144725,0.25603426549075525
110_Narrow,1898925000.0,0.3147044667446799,0.004328797398214787,-113.77355162953778,0.17278576119999792,0.011903442591239669,9.299008578737882e-05,174.55339685991547,0.25729341744193357
110_Narrow,1898927500.0,0.3110658587379489,0.004228226747500615,-113.80656188293841,0.10926711877482685,0.011956175475362717,8.998179041693909e-05,174.60309186471645,0.4291076060786636
110_Narrow,1898930000.0,0.30529497258858684,0.004481030590529871,-113.65914240006404,0.10597509316434636,0.011965098795292332,8.310546027770522e-05,174.2662833485625,0.3796421170522901
110_Narrow,1898932500.0,0.3003095999962864,0.004146292689967489,-113.64349780988388,0.12051712657923103,0.011991381236914539,6.352928846969035e-05,173.85924615630427,0.45978170593169815
110_Narrow,1898935000.0,0.29709442208961195,0.004473094881821525,-113.38315329718829,0.2130731501649218,0.011984194760304597,7.934412825347471e-05,173.40734606565687,0.30385888144943646
110_Narrow,1898937500.0,0.29113219543745683,0.004779935378827399,-113.37527936428411,0.1584338511460411,0.011965126161663132,4.578318739137673e-05,173.33840514354958,0.3813389234385026
110_Narrow,1898940000.0,0.2859432414583931,0.004623927650572613,-113.21680377962755,0.22944566373661412,0.012026246660958577,9.197435263925116e-05,172.86458726616814,0.5752423967739838
110_Narrow,1898942500.0,0.28095330788716844,0.004651499929403617,-113.09757872414995,0.23377789947324157,0.012067489043338474,6.113106029747038e-05,172.71003206474228,0.3806851160635521
110_Narrow,1898945000.0,0.276597260402639,0.004820627089247747,-112.65842349418459,0.20960062789955683,0.012066657737520132,7.123010946236722e-05,172.47335449330717,0.5219526758104387
110_Narrow,1898947500.0,0.2714354028913474,0.005110426523962527,-112.394027205103,0.23601522301253805,0.012061556714332206,9.217392837408589e-05,172.2088367001208,0.2833801668777451
110_Narrow,1898950000.0,0.26672577757285326,0.004975304440992502,-112.47948719394658,0.21911641815337823,0.012049530681487574,8.11840824120393e-05,171.79236846177855,0.4287730558844791
110_Narrow,1898952500.0,0.261367342938164,0.004812465156787734,-112.00018333521665,0.3284804462478215,0.012024432844625586,8.505819650532145e-05,171.50058138524213,0.39883984390123345
110_Narrow,1898955000.0,0.2562270794868966,0.004648299897402216,-111.89732704611961,0.3119408920459071,0.012082068450790441,8.713565750142125e-05,170.9614304649917,0.2810184379918174
110_Narrow,1898957500.0,0.2519204993388973,0.004522377380497578,-111.1038816208103,0.37657601589747697,0.012117253341991478,5.6728196798527706e-05,170.94217398942297,0.6464434470969209
110_Narrow,1898960000.0,0.24640419439577976,0.004711229332676159,-111.05861547561517,0.2817293939065485,0.012148825085681061,9.379193949683498e-05,170.34450128769646,0.40482823269843676
110_Narrow,1898962500.0,0.24066880726665213,0.004894866926365321,-110.7710600293688,0.3874908738177619,0.012095984470617476,6.0166537083797026e-05,170.15052727759056,0.3975026857358681
110_Narrow,1898965000.0,0.2378988482297551,0.004766108389480648,-110.68022528067381,0.3483279083338911,0.012131710215528302,8.312841328323917e-05,169.92716516306118,0.556264826663872
110_Narrow,1898967500.0,0.2307849069071232,0.004840859428649987,-109.99364031587758,0.4877151865451683,0.01210976220496956,4.859051002699479e-05,169.4838728268483,0.4363056165642448
110_Narrow,1898970000.0,0.22550138020447616,0.004868356372943592,-109.84955907998149,0.4935889917789889,0.012215582740227389,7.621335540182704e-05,169.4221260021244,0.2855651770995122
110_Narrow,1898972500.0,0.2235090191477401,0.004786013369289459,-109.04458940227642,0.47370563728300785,0.012174339106099129,8.130193776123212e-05,168.79002363785682,0.5135194455112786
110_Narrow,1898975000.0,0.2162603223803437,0.00493515651365926,-108.68708420937209,0.5831652082303412,0.012196023751415583,7.913599930012958e-05,168.33331558804633,0.4986128650653696
110_Narrow,1898977500.0,0.21150670779720476,0.00449022279451746,-108.18068774507533,0.5909942361113137,0.012221968582515352,7.080621959672683e-05,168.33414535408627,0.5464734875522542
110_Narrow,1898980000.0,0.20660010884140106,0.004512469572555299,-107.63942483142753,0.5968212917143226,0.012184301143013089,8.12071288175938e-05,167.94794472442464,0.34552800187532084
110_Narrow,1898982500.0,0.20080709249334866,0.0048024729200797965,-106.77865212190802,0.7581227530494667,0.012205103955676356,0.00011309916140258191,167.66506963824767,0.4210559768506401
110_Narrow,1898985000.0,0.19726523764042064,0.004843870882261813,-106.59579799410527,0.6582081391213991,0.012243245943518725,8.516175416332575e-05,167.52795349285853,0.34326940673091205
110_Narrow,1898987500.0,0.19363529985565803,0.004535404686992402,-105.68778363977391,0.783278331082538,0.012220633867581205,6.824712621697815e-05,167.09137377649157,0.52859445131853
110_Narrow,1898990000.0,0.1896776250910197,0.004513275738135046,-104.5255175137838,0.8155713713795513,0.01223903877875627,9.220028712878976e-05,166.62610626738666,0.4289981326071544
110_Narrow,1898992500.0,0.18298083405710988,0.004226853867821682,-103.81517402051864,0.8336380921545361,0.012250063377104799,6.43312067989768e-05,166.42301145735502,0.44268149685204194
110_Narrow,1898995000.0,0.1791183830392694,0.0042219290781428,-102.72323157046497,0.9552733292885576,0.012262058503479566,6.652395994747658e-05,166.24285313673948,0.4567238481738826
110_Narrow,1898997500.0,0.17557381016087484,0.0047633440281519895,-102.14483685994104,1.046583358786862,0.012238038345190919,8.358543942951619e-05,165.64851943463592,0.4972824974448226
110_Narrow,1899000000.0,0.17040781701427402,0.0039338309645186595,-101.07072620943624,1.0985182725779992,0.0122871673684641,0.00010077868909753973,165.41779559947992,0.5387732000808608
110_Narrow,1899002500.0,0.16737438103065702,0.004257031501174446,-100.04565137968838,1.3026712165832353,0.012271759638587315,7.708414690041643e-05,164.93670070299393,0.4109471281398828
110_Narrow,1899005000.0,0.16230330158414447,0.004048998737638229,-98.54145826779737,1.2367432865945696,0.012297000887519366,8.500350037721466e-05,164.8788509294228,0.39200850706476126
110_Narrow,1899007500.0,0.1586577744086868,0.003952306928047567,-97.43254034698266,1.3252920407237263,0.01228724930800196,0.00010566289340554742,164.56842033283917,0.4107259012679243
110_Narrow,1899010000.0,0.15377062080460008,0.0037115217922272133,-95.8757313204428,1.314220713178786,0.012297344703871333,9.312070155556954e-05,163.9954668699948,0.45884559324226537
110_Narrow,1899012500.0,0.15128175348547043,0.0037636498770827515,-94.35521452031986,1.5008777247164546,0.012296785979974122,0.0001050553591692317,163.67237358447355,0.39049728101578723
110_Narrow,1899015000.0,0.1474316651042687,0.0035683335261686225,-93.5156082413399,1.5386614494922035,0.012275120073690552,7.564991291175714e-05,163.4730357336338,0.42716024415258896
110_Narrow,1899017500.0,0.14347612422630013,0.0035429353002724762,-91.83865627475582,1.6162678327526578,0.012278977083459973,7.805177608537479e-05,163.26837897192496,0.48037324909888124
110_Narrow,1899020000.0,0.14088534250671134,0.0032553689316910774,-90.09097755767438,1.7822141478289133,0.012308347328463743,0.0001049327412686529,162.73183943681946,0.32305333952605875
110_Narrow,1899022500.0,0.13910986755261118,0.0028509546241209786,-87.49858960568926,1.9209674441791058,0.01233609809431802,5.83956878655295e-05,162.42016837868832,0.41246543034712
110_Narrow,1899025000.0,0.1337274878125632,0.002857142064711693,-86.53670481573043,2.0936237973959493,0.012353103759775323,8.393462816698047e-05,162.0706474866244,0.3404076872792531
110_Narrow,1899027500.0,0.131503391627446,0.0024290297304082023,-84.05583887033096,1.993986901765443,0.012259257522890275,7.594566215187873e-05,161.95223831795045,0.40589082678802846
110_Narrow,1899030000.0,0.12985255319430866,0.002065372792707656,-81.4916775501252,1.9735127332534859,0.012359766213665429,7.442146892740622e-05,161.37078765611756,0.5540818696737504
110_Narrow,1899032500.0,0.1271966759830738,0.0021731664588774953,-80.00075437096041,2.294315918900899,0.012313039413371007,9.253909654600135e-05,161.1919040468498,0.5497366232646241
110_Narrow,1899035000.0,0.12406736108359773,0.001874956625532473,-77.42211848575127,2.376177763883304,0.012289914942552795,9.404836731846506e-05,160.81194609558787,0.2658861166242815
110_Narrow,1899037500.0,0.12382407803533613,0.001527930615300813,-74.69345155503039,2.467470100259622,0.012286707185921135,7.968515834171277e-05,160.55750188154082,0.4420093925826012
110_Narrow,1899040000.0,0.12283920073896668,0.0014128087878002831,-72.87118826256376,2.431540363488536,0.012336099971919433,7.088816449567697e-05,160.2913217952964,0.4560797416135793
110_Narrow,1899042500.0,0.11947871021837408,0.0012949307276651785,-70.53165361358143,2.5769030149103416,0.012297910702168017,8.054361389761292e-05,159.8732175704133,0.5297930476348158
110_Narrow,1899045000.0,0.1193687282837664,0.0010161896493912454,-67.5253408322495,2.3802856740693623,0.012345140692452298,6.614638814280975e-05,159.38568940843044,0.49657133839464396
110_Narrow,1899047500.0,0.1218788925854509,0.0009329491435143563,-65.83582080530131,2.4877374948927624,0.012372562215292716,5.825808388896378e-05,159.1029403426915,0.4721765813729521
110_Narrow,1899050000.0,0.11904663033420565,0.0010884130695274186,-63.4927811425551,2.46757986784425,0.012273127980642702,6.819996790679134e-05,158.87642885068328,0.4160018587671994
110_Narrow,1899052500.0,0.11789841956087929,0.0005679125597770663,-59.72284603597843,2.7033055451408354,0.012342901067521181,8.022977397594657e-05,158.55735591890493,0.3911359387370021
110_Narrow,1899055000.0,0.11852238582119405,0.0007679027185556388,-57.68730679166454,2.4356217378804006,0.012366598899456918,7.242455112611249e-05,158.36717741870322,0.49658304498352485
110_Narrow,1899057500.0,0.11952659107650253,0.0007464790664976358,-55.437839178613956,2.2985748466333673,0.012316554031062263,7.209416031401763e-05,157.80878031237773,0.47951228671900475
110_Narrow,1899060000.0,0.11874442575477116,0.0010085115709747104,-52.28086988452183,2.4309012409356963,0.012329997431168176,7.769904941786047e-05,157.36869120832594,0.336604592799112
110_Narrow,1899062500.0,0.12115529335339296,0.0011830505600970308,-50.141153145589385,2.2181200999230732,0.012301187881170577,4.922902741259228e-05,157.4599958932921,0.424860267462418
110_Narrow,1899065000.0,0.12453725659507321,0.001089054634233323,-47.33240392661688,2.036277295847294,0.01234958303233636,9.280624789516549e-05,156.92140816530082,0.4624680320087877
110_Narrow,1899067500.0,0.1250364464773387,0.002100220533452092,-44.90432393230269,2.2193952608396614,0.012316657282198974,7.244239537466425e-05,156.70852898815252,0.46073889078684466
110_Narrow,1899070000.0,0.12796684885060375,0.0020210866125003257,-43.334731293255025,1.9559330270065627,0.012328149777983624,5.114185584271462e-05,156.31074263184232,0.5030750645083427
110_Narrow,1899072500.0,0.12901904097338207,0.0020459496571080915,-40.7897558332781,1.9123761490332933,0.012293347511892427,9.366746798680124e-05,155.87299059329976,0.5008240375030903
110_Narrow,1899075000.0,0.13109312902984213,0.0022811772841320782,-39.57357743536102,1.923620607786086,0.01233085526112548,6.862265223545412e-05,155.94837143975963,0.3838739190397213
110_Narrow,1899077500.0,0.13229848094816987,0.0023927265011186357,-37.01378846723084,1.794311405311623,0.012342761355362476,6.481159384733714e-05,155.4058673217563,0.45259492287026054
110_Narrow,1899080000.0,0.13761226563940865,0.0026895640863620566,-34.798978716098446,1.7730757396313495,0.012308869564481578,8.458892513715839e-05,155.0800271420285,0.36746247696069867
110_Narrow,1899082500.0,0.13961619188175212,0.0026472976101640042,-32.6081313942824,1.4811080323319006,0.012301949533921393,8.325272473805903e-05,154.75736842940222,0.47814700097785007
110_Narrow,1899085000.0,0.14474944959093217,0.0028220603210392463,-32.02363871522333,1.2160862389584086,0.012283206424628372,4.693942770407627e-05,154.45534799948027,0.3939406123710112
110_Narrow,1899087500.0,0.14565841586738562,0.002523737078634927,-30.257170912736377,1.1548444963062399,0.012241800651625933,8.938462536637266e-05,154.13749471527728,0.4603176130321439
110_Narrow,1899090000.0,0.14940381024745097,0.0029682815781429646,-28.334972926793263,1.184712384511123,0.012236478752379121,0.00010699156438967755,153.91608971660716,0.4958314481943802
110_Narrow,1899092500.0,0.15160568136161898,0.0028919851775812723,-26.31834306227069,1.0847071392828973,0.01228597423449371,6.462225194682295e-05,153.41872400253902,0.5671774889463426
110_Narrow,1899095000.0,0.15770938236550672,0.002577212863007085,-25.79287470648705,1.1382139048517899,0.012252947085196336,8.203622316175803e-05,153.14399841215536,0.5077495109872034
110_Narrow,1899097500.0,0.16069823646781572,0.0027645211229857403,-24.36879437420885,0.7779091841682021,0.012267984350047853,7.216671203085705e-05,152.7498873105211,0.31338603852303754
110_Narrow,1899100000.0,0.1647711704794907,0.0028095449465772456,-23.017045176676415,0.7316546352013665,0.012251331632415378,9.940622654549255e-05,152.45525817482059,0.29212045006565046
110_Narrow,1899102500.0,0.16859968776107043,0.0027972690751275997,-22.220464576685984,0.7264147490226178,0.012228842612817575,8.147007410800399e-05,152.23943733528745,0.40682137796230355
110_Narrow,1899105000.0,0.17366197124667745,0.003007700662098385,-21.206441542210577,0.7532124538068409,0.012238339547871128,7.104451390432433e-05,151.8763476653323,0.3794328686127953
110_Narrow,1899107500.0,0.17811559170689958,0.0028237095243812123,-20.375681505619276,0.5989000708742224,0.012244576298487471,7.691524566934051e-05,151.3784195709992,0.28942097372441233
110_Narrow,1899110000.0,0.18221288576646646,0.0022884310030102037,-19.285102902303308,0.5997657494027787,0.012224476918031968,8.28221142002839e-05,151.14940954695058,0.399014852733796
110_Narrow,1899112500.0,0.18536315942483944,0.0028201504570824496,-18.172329749995505,0.4768224726804492,0.012177318084346437,7.957900565940418e-05,150.86273053802438,0.44159926712533343
110_Narrow,1899115000.0,0.19066778674554485,0.002420497181211204,-17.43910944329299,0.5347327020706398,0.012189273074165268,8.4120371816701e-05,150.45857183726082,0.18581424229315824
110_Narrow,1899117500.0,0.1966558942666503,0.002372247617254585,-16.119866607523093,0.24837968049532932,0.012215353399315985,5.430225529229803e-05,150.4011846078502,0.5140129899424469
110_Narrow,1899120000.0,0.20056818339503088,0.002299139435821391,-15.18252887063911,0.4037040909382892,0.012149773006574915,7.698703726270018e-05,149.95397952748615,0.43359346994735537
110_Narrow,1899122500.0,0.2034162768871611,0.0025269510355891,-15.565487221280012,0.4145595233661918,0.012146428275919396,4.61296263600905e-05,149.73591154177402,0.3738907587355248
110_Narrow,1899125000.0,0.20961292326318262,0.0026041493237682106,-14.475036370615356,0.25705905975889426,0.01212699856325887,6.988694426728287e-05,149.34793711882878,0.3300046556373134
110_Narrow,1899127500.0,0.2143245386355965,0.0024600604228922776,-13.57637121416542,0.23473055924276193,0.01214829815964572,9.668270183386265e-05,148.92497360559358,0.45150861892720495
110_Narrow,1899130000.0,0.21988778193139552,0.002794729878295295,-13.832583877088172,0.2784978819177366,0.012090108039691372,9.582745687219958e-05,148.73064082953465,0.42055283694651147
110_Narrow,1899132500.0,0.22402506431276098,0.002795589262320683,-12.858871317263374,0.19612756273019483,0.012142535216255392,9.143817273161107e-05,148.25162501766397,0.33977521786937753
110_Narrow,1899135000.0,0.2288146749051841,0.002817857987785388,-13.086240044718494,0.22246273460813237,0.012068332863892363,7.962912982076786e-05,148.1616728668554,0.3990528711514313
110_Narrow,1899137500.0,0.2336668746886092,0.0031786249289445594,-12.324295938762273,0.26387920203695187,0.01210326168322679,6.466951543538296e-05,147.64222809262043,0.3690101094618974
110_Narrow,1899140000.0,0.23962433697120755,0.0029433621159080593,-11.964398539027023,0.2922515626745859,0.012062697143123453,9.063219596926673e-05,147.28274350180885,0.4823475982783057
110_Narrow,1899142500.0,0.24357316243247856,0.0032158108639273623,-11.496456779708035,0.23385364401355307,0.012048254574237211,8.797183150228394e-05,146.98628503490139,0.33784419666862897
110_Narrow,1899145000.0,0.2489182660819067,0.0034026947526778727,-11.398880278354987,0.2388272098464295,0.012020214812946423,7.994211294712844e-05,146.82404091911346,0.5069919795296355
110_Narrow,1899147500.0,0.2522746249583725,0.003726694300315544,-10.95269587198849,0.19907976365933838,0.01202657376404399,0.00010316582535760848,146.79837860043847,0.4605347428741621
110_Narrow,1899150000.0,0.2553372819339578,0.003617224784279335,-10.332066783488298,0.24922365460915546,0.011973302079039095,8.183157047467485e-05,146.2910109950579,0.38750283721410833
110_Narrow,1899152500.0,0.2609188856770886,0.003437992027407823,-10.311462175524898,0.1672673499657081,0.012004846919146803,6.444138135198615e-05,145.9298660885275,0.3090412245704588
110_Narrow,1899155000.0,0.26514077016770554,0.003453766602313553,-10.23075551813569,0.253519947232738,0.011962543482178924,6.946229047188207e-05,145.73863229802419,0.4241871517403607
110_Narrow,1899157500.0,0.27336868355184935,0.0037253408731022105,-9.837168337190011,0.16620009283880077,0.011958516565268237,7.468555570137877e-05,145.35665105712852,0.43511740378983016
110_Narrow,1899160000.0,0.2769028575087842,0.0036865804782796716,-9.582024857836535,0.1801633039972499,0.011915150965747138,5.5078326792423705e-05,145.1510468854174,0.47656121702182086
110_Narrow,1899162500.0,0.28135153097533955,0.004493693311057032,-9.791500988222891,0.16990542938980324,0.011950493120048167,5.808022992464421e-05,144.74452326900825,0.4429828906209565
110_Narrow,1899165000.0,0.2849432100887783,0.003929078272577578,-9.70954291721881,0.12872735987944361,0.011894970008727862,9.051386604858025e-05,144.33813705182015,0.5089291859438061
110_Narrow,1899167500.0,0.2903094391434266,0.004427967370356987,-9.47613290914075,0.1690931218151915,0.01188474116650935,5.721955824538996e-05,144.2340597777905,0.25039373630513834
110_Narrow,1899170000.0,0.2958879276135773,0.004506619817927115,-9.06410273544016,0.15945706829205972,0.011872208303277385,7.66902830649323e-05,143.85292003122595,0.3510042633934944
110_Narrow,1899172500.0,0.2991257214774438,0.0041855204200488775,-8.985308571077331,0.14295068368985067,0.011866920094981024,5.893262242965014e-05,143.4038022408575,0.49888114681124723
110_Narrow,1899175000.0,0.30844225816339604,0.004427707021472272,-8.97520771349776,0.12579499603152938,0.011880390186686482,6.354585451337151e-05,143.31476841881423,0.479652205712324
110_Narrow,1899177500.0,0.3100570800155303,0.004088508678280624,-8.454768730940602,0.14733769449162631,0.011810183247629771,4.624707518235083e-05,142.929969306747,0.3602376767531002
110_Narrow,1899180000.0,0.3154437368670341,0.004412728014196294,-8.661191912008993,0.13675787410531837,0.01180967675317424,9.871650875168922e-05,142.68426355862724,0.36794270508084825
110_Narrow,1899182500.0,0.3196300212200713,0.004633878481581614,-8.184494871084812,0.17305893730654942,0.011796200805324302,7.400613166422391e-05,142.56859227408842,0.6190294969854472
110_Narrow,1899185000.0,0.325827098133273,0.004694929207017307,-8.78508172816881,0.07675376991846652,0.011810139265632213,8.303709015613685e-05,142.16291376322582,0.47286612939062966
110_Narrow,1899187500.0,0.3322676218298109,0.004731560217169611,-8.844591725409735,0.13073904752318222,0.011767723162780333,6.642446478510096e-05,141.67372723337624,0.36047766213653676
110_Narrow,1899190000.0,0.3316279530676529,0.005064551571340106,-8.365437571878775,0.13974024071431992,0.0116811719755715,8.429806884132148e-05,141.57714305421368,0.5441901443610146
110_Narrow,1899192500.0,0.33578042676363556,0.004812135325622589,-8.443266133130017,0.08485324252444472,0.011694053107117495,6.595706042012262e-05,141.18350579950416,0.32495022229339
110_Narrow,1899195000.0,0.34411471094046814,0.004666195618122718,-8.50763845086959,0.09392737234800531,0.011695677424966156,8.66797192019375e-05,141.06563879570024,0.4595670199422842
110_Narrow,1899197500.0,0.3497665148733652,0.004998354891586123,-8.720917314336592,0.11155956530327207,0.011668169069562515,6.962872887403181e-05,140.80640198536486,0.38550923106857093
110_Narrow,1899200000.0,0.3514623082700483,0.004607878841681483,-7.9271735348288646,0.17081862400508105,0.011665588839463403,9.43040662734605e-05,140.55756124790162,0.43960165561895204
110_Narrow,1899202500.0,0.35879031837617525,0.005065052450012585,-8.310002219963689,0.15456148023432506,0.011606514873369311,0.0001091133023262244,140.2063772860531,0.46526902952747295
110_Narrow,1899205000.0,0.3617259754109208,0.004909484051534808,-8.55137137893809,0.08502113324789866,0.01158877397842626,7.05354667653175e-05,139.82776955953668,0.48164698813622536
110_Narrow,1899207500.0,0.3667881002036368,0.0051693235138869555,-8.373920714826822,0.1250465032455186,0.011603186109232493,9.918082553994352e-05,139.6131495949176,0.5354000478350079
110_Narrow,1899210000.0,0.3697098269838015,0.005379025661200188,-8.628421079909513,0.13178883016029722,0.011559433164919475,9.421806398914307e-05,139.5303512271361,0.4392276621659286
110_Narrow,1899212500.0,0.3745675560901137,0.004708771127552989,-8.207406118266316,0.10000864244331195,0.011535562404816933,4.890267402365929e-05,139.2181599196003,0.38515701235046423
110_Narrow,1899215000.0,0.3784469230268959,0.004928014209230238,-8.436416087610219,0.08536697368808446,0.011516770177764294,8.807324168311648e-05,138.96975680063906,0.47104685269738594
110_Narrow,1899217500.0,0.38414387612072415,0.00506578197642082,-8.50921919505667,0.13100452367562102,0.011535613379062217,5.2693639467369646e-05,138.63543523492558,0.507430146308606
110_Narrow,1899220000.0,0.3845069876043185,0.005047945748026737,-8.56955145458616,0.16214308367806277,0.011434587861593739,6.835805608883293e-05,138.13478334333251,0.3756752249935653
110_Narrow,1899222500.0,0.3910918642311564,0.004960848474750248,-8.861930937540357,0.13583102663328608,0.011464311920092823,8.44728239552642e-05,138.07266730052015,0.39735666719965973
110_Narrow,1899225000.0,0.3974209268325564,0.004691024427441257,-8.682095989628015,0.12863741748246604,0.011444199510444876,8.896817681826534e-05,137.7421394464852,0.5177431539174253
110_Narrow,1899227500.0,0.40158915663845024,0.004963459117519063,-8.786002971171511,0.12263845636579306,0.01142051795704124,8.979963916578883e-05,137.5400888652965,0.5450812329569406
110_Narrow,1899230000.0,0.4049347071931152,0.0046118390740397,-8.60857469026104,0.09219354924554334,0.011409810640971917,6.17922824968045e-05,137.27464438636858,0.33210678820432504
110_Narrow,1899232500.0,0.4079650049795064,0.005131643263713656,-8.962275687958817,0.14512464312013704,0.011346424282506191,6.741021066663799e-05,137.06252369635087,0.40969299651461455
110_Narrow,1899235000.0,0.41440335391942934,0.004786620173577231,-9.479850632682089,0.14067028194603656,0.011320957005815337,7.441251786512996e-05,136.65594194866642,0.40771507066712137
110_Narrow,1899237500.0,0.41794977663341204,0.00481295747812887,-8.923703780158032,0.11587010888110909,0.011363959303584439,0.00012241640132473297,136.53088300792388,0.38426564713398936
110_Narrow,1899240000.0,0.42289898845219964,0.00494730088908326,-9.009303268393248,0.10457426382067557,0.011332617047178353,8.359485694239493e-05,136.21291555104634,0.422325641944315
110_Narrow,1899242500.0,0.4256632188311499,0.005122074002447486,-9.428466511311255,0.18624828816962388,0.011279490358873675,0.00011931563871675771,135.74664005777635,0.43738485314834824
110_Narrow,1899245000.0,0.4315774365397873,0.004808097174458393,-9.259534676218658,0.17181156783784052,0.011262339121270951,6.099922146377972e-05,135.51104895589728,0.3536682909032187
110_Narrow,1899247500.0,0.43534031148468644,0.0047504176402236075,-9.165363878805236,0.15769634561614584,0.01129718546342589,7.686960388885696e-05,135.4426599780635,0.2831917009711543
110_Narrow,1899250000.0,0.44029545990807095,0.0046137657253630445,-9.45227647561977,0.12899221128649438,0.011212692566138032,7.471404315341742e-05,134.8628411258167,0.591731962736537
110_Narrow,1899252500.0,0.443184639327341,0.005064105745223335,-9.481136576993297,0.18103638942670297,0.011196740786174105,7.328452313710645e-05,134.71974938977752,0.392305451544512
110_Narrow,1899255000.0,0.45138896308473536,0.005008823215096828,-9.868733719031612,0.12103416931141879,0.011227565823340781,5.6600670517630595e-05,134.5780006378022,0.31676354943469015
110_Narrow,1899257500.0,0.4523460349758445,0.005218855013529613,-9.787863321460295,0.1753590568868172,0.011153506416301707,9.807583330997948e-05,134.41573297531207,0.3478383664933858
110_Narrow,1899260000.0,0.45548169593290766,0.004742936692638361,-9.930228453920625,0.13243032694598222,0.01114948170100039,7.336124451162181e-05,134.03210664618237,0.40008561810111887
110_Narrow,1899262500.0,0.45936253365048363,0.004543922963829408,-9.954301071315117,0.10651800377274614,0.011069153722412984,5.098613690253632e-05,133.84712885824405,0.37173393223317286
110_Narrow,1899265000.0,0.4637057090582484,0.0048584136131933995,-10.033754191923924,0.19662688222651684,0.01108916182860011,0.00011429458431859686,133.5678536970345,0.5970755507456837
110_Narrow,1899267500.0,0.4686403760688186,0.004760271886115152,-10.204367727592224,0.1328523849933618,0.011037861992998112,7.993916830513138e-05,133.49463414178666,0.3989918828292495
110_Narrow,1899270000.0,0.4728048045245842,0.004557378424198476,-10.0364055445671,0.18101753785745683,0.011015713823368696,5.4140036796759867e-05,132.97112877161064,0.4383874328965326
110_Narrow,1899272500.0,0.4737664685073292,0.00453043764966206,-10.681989915256992,0.1911201112086592,0.010975166820179632,8.867118938164054e-05,132.93889855371472,0.2964416254472279
110_Narrow,1899275000.0,0.4784810366620462,0.004253454437040309,-10.48346725204654,0.13798727623554205,0.010960193970261472,6.657506075138853e-05,132.30906075203947,0.32341424840345856
110_Narrow,1899277500.0,0.4840325663456032,0.0043981971660967045,-10.5752052772186,0.1653106278399269,0.010957820952441903,5.999230219873849e-05,132.44926887912573,0.4747989333938268
110_Narrow,1899280000.0,0.4861275358311358,0.004293810686580936,-10.605619238732064,0.10274583859315338,0.01094499814461486,7.040596246293483e-05,132.12727979473817,0.3132602318977409
110_Narrow,1899282500.0,0.49057997631741823,0.004104962222935637,-10.62124425404768,0.13544335209808708,0.010870294706894351,9.39694491156148e-05,132.08052777977423,0.4111577442074226
110_Narrow,1899285000.0,0.49386357172724055,0.004160330064908644,-10.901213352781136,0.11168013239487143,0.010839010499773712,9.098625893071719e-05,131.64363840604017,0.414061861909572
110_Narrow,1899287500.0,0.5018094708761588,0.004356321269008974,-11.16077929865988,0.16439222439307,0.010881466376370441,8.090111608517797e-05,131.4059430679493,0.38439410045282335
110_Narrow,1899290000.0,0.5021156711266866,0.004217063422669402,-11.164965473358041,0.1461853535040533,0.010831974217813909,8.223947345741791e-05,131.14650691376673,0.3808056499044798
110_Narrow,1899292500.0,0.5054506594820161,0.004152244342368351,-11.261757977605836,0.15005531587650742,0.010843759794912885,7.733531426911207e-05,131.0911545006694,0.4609521332396513
110_Narrow,1899295000.0,0.5083657756616647,0.0041791364433385325,-11.53096037888738,0.16044910216503852,0.01081538440899041,5.2720789697225015e-05,130.55358509066082,0.37507215803937194
110_Narrow,1899297500.0,0.5158602988142718,0.004240150078194886,-11.369158380302796,0.15958492489018458,0.010786148498791701,7.836151076173699e-05,130.5334438315615,0.4570311797151198
110_Narrow,1899300000.0,0.5181016360272798,0.0036218875087029485,-11.949215916683583,0.17257109248953365,0.010732625677453039,0.0001154477324485554,130.3662287487733,0.28453750378170656
110_Narrow,1899302500.0,0.5225958611440359,0.00396118832012562,-11.88272011353703,0.17845670447847653,0.010709471796276494,7.951534016799711e-05,129.86733004594754,0.5721459453349355
110_Narrow,1899305000.0,0.523458609020831,0.0036857940046353265,-11.67267527319502,0.12775277684243075,0.01070957413716355,8.562469246276438e-05,129.93754734421685,0.35304838568511104
110_Narrow,1899307500.0,0.528992284152096,0.0038210204504298376,-11.97315779481588,0.15936060355519718,0.010653844471469325,7.419320433351956e-05,129.77857272486887,0.4459137655528264
110_Narrow,1899310000.0,0.5318637877833137,0.003371819057994676,-12.168706910330561,0.18769412478874126,0.010631603037641655,0.00011862794202101421,129.18829962577257,0.3480554495079469
110_Narrow,1899312500.0,0.5358599932192024,0.003468650805907761,-12.182088991201267,0.17028323259441844,0.010607409753351003,7.854210009999598e-05,129.06711910519982,0.35871448714833587
110_Narrow,1899315000.0,0.5371043284340558,0.0034551694926636756,-12.262930203110187,0.19404739813115282,0.010613352406500116,5.362262411188927e-05,128.98698747136714,0.4531432891408029
110_Narrow,1899317500.0,0.5420393711576955,0.003116779351496507,-12.75478062763054,0.16094532892923985,0.010559319968994708,8.432228226577211e-05,128.74717578324993,0.44572306796855043
110_Narrow,1899320000.0,0.5461884826520904,0.003487935238096182,-12.813775409453191,0.14345253060516513,0.010573648963241887,7.204555132338018e-05,128.6139316876349,0.4079354106758763
110_Narrow,1899322500.0,0.5495344597397553,0.003324151426925004,-12.552300418492216,0.1542942473377064,0.010556165178939977,6.0942666343353366e-05,128.23034008034273,0.3057252460740962
110_Narrow,1899325000.0,0.5551789592419593,0.003183268708915164,-12.617122494444391,0.10352525960329256,0.01055594880638817,5.4221819461350686e-05,128.2053956533979,0.22688226747107595
110_Narrow,1899327500.0,0.5552704426533756,0.002980681492657232,-13.031013458192376,0.1733997228694337,0.010458210991475866,5.453862152328724e-05,127.88571559549355,0.4927767807177378
110_Narrow,1899330000.0,0.5584031157501609,0.0031145897535561798,-13.19371031859186,0.13398565085695172,0.010447922344794473,9.059855800752731e-05,127.76923441995635,0.39232961436163366
110_Narrow,1899332500.0,0.5644760353222718,0.0027104469774880337,-13.147457075995872,0.15985341756537588,0.010456952292090692,0.0001029534669493638,127.42362803589472,0.35332190530890023
110_Narrow,1899335000.0,0.565603854304748,0.0023590911516263155,-13.802041265872628,0.13529207681126684,0.010442252700561278,9.695554257773668e-05,127.26506422323614,0.5125322986229588
110_Narrow,1899337500.0,0.5707214005842036,0.0028345814621821004,-13.415142049965782,0.13814410219221754,0.010399406615003189,8.426659940892031e-05,127.05724804573107,0.33151710438934995
110_Narrow,1899340000.0,0.5698810772931451,0.0026187770369861226,-13.637864591394251,0.1242686866522441,0.010301941547048877,5.0572231370495174e-05,126.87322360585813,0.34191056561311894
110_Narrow,1899342500.0,0.5763825855580704,0.002285020511187109,-13.93921500965377,0.1433645007543649,0.010338513924129378,5.2104416526484075e-05,126.53210415566257,0.3386718566007736
110_Narrow,1899345000.0,0.5795364364003016,0.0025754879155162743,-13.966472602505407,0.14911208463462075,0.010309476823105288,0.00010204989737905188,126.35722148148281,0.47996252165666936
110_Narrow,1899347500.0,0.581999908978993,0.002539139845450806,-14.213945129858708,0.10588170076055937,0.01028570237740788,9.572448036424473e-05,126.07227665345935,0.4008355028365687
110_Narrow,1899350000.0,0.5862645114869012,0.00223820140612004,-14.655625495583319,0.0779121273738469,0.010239964935243187,7.971734200865917e-05,125.87422227688627,0.3627510035413094
110_Narrow,1899352500.0,0.5875014451854697,0.0019824582433806853,-14.688621394502366,0.1009450788690251,0.010185752610692128,7.633732397791349e-05,125.62518835075535,0.4707568991180613
110_Narrow,1899355000.0,0.5919539898692174,0.0024784341354954853,-14.449871841669568,0.11522015556038416,0.01018893044493845,5.882199055747396e-05,125.2582903208318,0.4342639161853346
110_Narrow,1899357500.0,0.5949766209615337,0.0017619966563992328,-14.671016395104804,0.12229862723404715,0.010179377533059418,6.912317976186125e-05,125.32306030774586,0.37517966172038925
110_Narrow,1899360000.0,0.602061907507435,0.0021807441202667927,-14.840920848763195,0.07049640981695604,0.010163018661400607,6.541482877881952e-05,124.84514011522334,0.430481039168121
110_Narrow,1899362500.0,0.6014045683040418,0.002106700884655078,-15.013025234434725,0.08721994293171971,0.01012856945786127,9.884383449663648e-05,124.8336726072279,0.3574405331274149
110_Narrow,1899365000.0,0.6022220189836461,0.0019768277164182286,-15.183494627482048,0.08390309530019424,0.01006771554964199,8.042586566376957e-05,124.47599817045487,0.34353722189234015
110_Narrow,1899367500.0,0.6088210259441426,0.002444861552000655,-15.160765155051028,0.08498948305952432,0.010069936508940268,9.707730490034943e-05,124.44470368010042,0.47028172271476454
110_Narrow,1899370000.0,0.6099434645674082,0.002125513479185023,-15.498258929924617,0.12741220477415977,0.01007478981791819,6.311493508570278e-05,124.28122876217128,0.5582881716335324
110_Narrow,1899372500.0,0.6156621656057907,0.00227520141411792,-15.514780361882108,0.12430619959591663,0.010079069311390378,6.748781557581702e-05,124.11612400563486,0.25866878340130955
110_Narrow,1899375000.0,0.6123497834608386,0.0021604718391353165,-15.857894817185187,0.1041551648011877,0.00997628377831395,7.599585819399725e-05,123.9614655245305,0.29510261251491476
110_Narrow,1899377500.0,0.6219444479341868,0.0024699132103274415,-15.844656337707876,0.10231879393666493,0.00997970135259903,7.32935270823204e-05,123.53558248883817,0.3204394166304814
110_Narrow,1899380000.0,0.6245974497152162,0.0021541483111541682,-15.740611414008733,0.12061497605713727,0.009967763092407902,8.725119579774403e-05,123.30982803841363,0.27028902134083443
110_Narrow,1899382500.0,0.6262024352712681,0.0023494916500824293,-16.104116363376736,0.10524821848955196,0.009951139169805783,5.3111909131265055e-05,123.47590232310772,0.5147420594071005
110_Narrow,1899385000.0,0.6254501247431028,0.001955054739416071,-16.366572182453407,0.1490767361317304,0.009892860627010487,6.879574905549075e-05,122.89305725618766,0.35815568520348534
110_Narrow,1899387500.0,0.6334806821756658,0.0021591674083952725,-16.388438802507505,0.09701689765390446,0.009876882894477673,8.466040231251244e-05,122.76667877413621,0.30212962352998896
110_Narrow,1899390000.0,0.6361695287566035,0.0023810260707327643,-16.6399073042814,0.12140138933017902,0.009895268341565263,6.764184704129977e-05,122.60610640408743,0.2595030413263613
110_Narrow,1899392500.0,0.6378689211433485,0.0023422438182407173,-16.43978668241234,0.12289379906735155,0.009814549359356847,8.991061992248197e-05,122.53046636290351,0.4990712063072147
110_Narrow,1899395000.0,0.6390206728446355,0.0022573719926299116,-16.56161904407038,0.1112013659619419,0.00980869158760284,6.0704092457889015e-05,122.33658753317124,0.3446025069883093
110_Narrow,1899397500.0,0.6428846131533034,0.0019824895841472896,-17.13010455683915,0.11162729468814322,0.009766829419060243,9.78396345618365e-05,122.00911071354334,0.3681327897869791
110_Narrow,1899400000.0,0.6475644444130724,0.002415697810753956,-16.685484325318864,0.13482546726519604,0.009718215814433754,6.663649664545239e-05,121.91180865528082,0.4484176628296866
210_Wide,2540000000.0,1.0056247351773602,0.005233038188417936,-132.13321372764682,0.20188354699344513,0.0019625127218562926,0.00045935229965556236,-61.43922576873173,161.80814694676917
210_Wide,2540125000.0,0.9932769111769038,0.0039890559398601325,-132.5327549923677,0.20674392206804568,0.0017888413813101265,0.00030245659073646495,-59.42240453009961,162.79414132976635
210_Wide,2540250000.0,0.9781851475969225,0.0033313566932343243,-133.56633634936117,0.32296126937172837,0.0018651926383234274,0.0003056468836514009,-169.78332489349643,6.335345185528979
210_Wide,2540375000.0,0.9897798783826056,0.002148317271010906,-133.78717015309442,0.20821845231928915,0.0018684461498661995,0.00021730800134221888,-96.96983100122198,144.01415009636466
210_Wide,2540500000.0,0.9606817805879306,0.003969481631021718,-133.04015680529673,0.20467254407683752,0.0017281001523517675,0.00021702591061616592,-158.76081481219578,11.190657306213073
210_Wide,2540625000.0,0.9567774516067208,0.004108805877622849,-134.53635652050957,0.21029745900405442,0.00184836637131674,0.0003374123646452463,-96.85450460059064,142.5270099207907
210_Wide,2540750000.0,0.9746532535220795,0.004483237293612703,-134.1361729851064,0.13730181649906412,0.0019001131920255861,0.00021719234080570406,-129.29646344615716,106.35906042983098
210_Wide,2540875000.0,0.9722944140990943,0.004303470403447562,-134.4912349719546,0.19056537790682543,0.0017921306243893907,0.00031426061722116715,-101.11018291062594,147.13884820078079
210_Wide,2541000000.0,0.9560692626842304,0.0028541147049589914,-134.41083174060057,0.19368884879162074,0.001831521333447725,0.0003383730491865953,-130.67880356120844,107.15622190416727
210_Wide,2541125000.0,0.9632964573053217,0.004010376215859581,-135.05094522436488,0.28436308687521444,0.0018795286074357138,0.0003013162964937627,-131.2606181312221,109.58235842623556
210_Wide,2541250000.0,0.9575040912244649,0.0042599710989646555,-136.94412115475004,0.2095578893379706,0.0016611269060098797,0.000418157394347669,-66.41862830127566,166.0532636598382
210_Wide,2541375000.0,0.9574413303434308,0.00570907631589328,-136.43223224437367,0.22661814544289818,0.0017460784545240606,0.0002828108662018451,-166.96605862823853,7.071479612127043
210_Wide,2541500000.0,0.9581897757850397,0.004947273634362003,-136.95835069059214,0.17951436628726636,0.0017653803315697421,0.0003437461975276118,-97.17692212095406,141.9450930660325
210_Wide,2541625000.0,0.9593102778873326,0.004503147747048347,-137.64236928987967,0.269375347000215,0.0019207464982991403,0.00032857762964548206,-64.03483267855556,165.41462303243577
210_Wide,2541750000.0,0.9578065335728964,0.003922385433242849,-138.190920253478,0.19759580165588345,0.0017830872480418976,0.0003296994944686202,-98.35804806691245,142.9500920438279
210_Wide,2541875000.0,0.9751848524771576,0.00413750772935991,-136.6689080791121,0.2772667075085821,0.0020911251768339113,0.0003246646684973545,-165.2134998099215,9.854688708374034
210_Wide,2542000000.0,0.9546493065885538,0.0035056048082111033,-138.0494123618758,0.19835574780096107,0.0017474636717729332,0.00031084250186573135,-163.37869819016322,8.963568978348302
210_Wide,2542125000.0,0.9476056910585743,0.0030118122753197956,-138.95584662199988,0.3069262589267378,0.001823876340453585,0.00028803285772141106,-131.15482342652996,105.89955345333938
210_Wide,2542250000.0,0.9961432343833874,0.004169845268305133,-139.2635668350315,0.2900092711252442,0.001826375050027381,0.0002746470541636002,-95.47824026212906,141.73307952829845
210_Wide,2542375000.0,0.9599522833010604,0.0032302994991542473,-138.91926336168146,0.22324726288860813,0.001820571083833719,0.00021392471879744853,-129.9625262824985,108.2733967994647
210_Wide,2542500000.0,0.9771307528644776,0.004369669381301566,-140.23419755013313,0.194590472653445,0.0019451277073424347,0.00035234072515880554,-163.64852743224523,9.89756970150064
210_Wide,2542625000.0,0.9629253984992829,0.0030281797321893393,-140.39819943117223,0.19066182304902612,0.0016520690491688545,0.0002863135158400524,-165.7697515742923,9.347754711482283
210_Wide,2542750000.0,0.9651217354350246,0.003001518423170798,-140.7824679830304,0.17846670206906173,0.001877717620786139,0.00039114809947896176,-129.97807013988773,104.3450895301253
210_Wide,2542875000.0,0.9671043681095595,0.0036101908241761797,-142.37543116488183,0.1593789320934747,0.0017136650068907903,0.0004559535998057432,-157.55008837312778,10.746762325314073
210_Wide,2543000000.0,0.9831843796199217,0.00421314475284603,-139.37464746452122,0.25080006940137045,0.0017914525175963501,0.00025818244994646635,-160.58932934679083,8.89268987667704
210_Wide,2543125000.0,0.9853489803428899,0.00293427874015236,-140.27190463270756,0.25510114207153956,0.0019455030935778322,0.00037253840666390167,-161.3828710456477,10.014115661644542
210_Wide,2543250000.0,0.9867633076812172,0.002529903166045355,-140.3517985509865,0.14934030823806094,0.0018285240735718099,0.00023316481563877183,-88.01932540299268,137.5616861967686
210_Wide,2543375000.0,0.9735986737880639,0.0023734456791866293,-139.65543389971768,0.19363887756637707,0.0018914185035129516,0.0002107022071909529,-124.48845567615902,106.12441664112154
210_Wide,2543500000.0,0.9762168744475204,0.0039002125825779435,-141.53510427028507,0.224563386886604,0.0016881732130385855,0.000232384583481108,-128.38608264415151,105.401502798923
210_Wide,2543625000.0,1.0005835490297952,0.0031502621988813966,-141.9289189726426,0.2004103972834968,0.0016429852906210986,0.00017642691030289796,-132.43488080256847,109.77646111472492
210_Wide,2543750000.0,0.9914976962929516,0.003799066397858049,-141.84311602225,0.1607908927248294,0.0018166400777862046,0.0003008734584667858,-166.38016028260898,4.309110307767731
210_Wide,2543875000.0,1.0163456117576852,0.0042460377107779055,-142.54671408243064,0.16612003610918308,0.0018479067351608693,0.00037186209790830656,-130.3805883621033,105.82950861209908
210_Wide,2544000000.0,1.014136174882129,0.004266542194167535,-141.84187630338903,0.1960852970000307,0.001822933286594277,0.000322795753749287,-95.99426341459498,143.819866524646
210_Wide,2544125000.0,1.008083095876573,0.004344560567722949,-141.98381152028912,0.21127598441414294,0.0017905026520310767,0.00041630910130416256,-166.71686773502861,7.784996310995762
210_Wide,2544250000.0,1.0147078760427353,0.0030125562267354104,-143.52893012874327,0.21715233736722053,0.001792135984244823,0.0002923593963746244,-131.98058018111738,107.71883501208767
210_Wide,2544375000.0,1.0044338252615375,0.0037117557277185358,-141.8396847083236,0.1909102273686732,0.0019214008350800476,0.0003014995210360629,-96.70889259114288,142.8318247196002
210_Wide,2544500000.0,1.0389039802398576,0.002312660459531309,-142.8393005426974,0.18617290958544694,0.001650630527775033,0.0002421351230480308,-97.68476131176836,142.82402060203339
210_Wide,2544625000.0,1.0242582009058046,0.004329369268102101,-142.7574578991909,0.19243105555822607,0.001637996601733321,0.0003871279552735821,-158.4486216358835,9.639292836336079
210_Wide,2544750000.0,1.0514130362074454,0.004450564592681439,-143.2308690317566,0.1291056141191428,0.0018346966578374033,0.00019430908011961663,-164.20116005943626,7.134729617765833
210_Wide,2544875000.0,1.0441858237957624,0.0034691969344648266,-142.71143557498328,0.1252778057059747,0.0017769253632823941,0.00037472971873103093,-124.38783261838357,107.03001616178373
210_Wide,2545000000.0,1.0349457917161622,0.003555669313053426,-142.5788662014461,0.16912108859041283,0.001827712121295985,0.0003393888870173725,-130.61808742180025,107.14383401199522
210_Wide,2545125000.0,1.0386676837968176,0.0044398624512674515,-142.81107412281312,0.24155649196073425,0.0017623553826379794,0.0002395394288152166,-128.55111296838254,108.09049732581781
210_Wide,2545250000.0,1.0321127019432375,0.002872734875999277,-142.70735664382238,0.20115430770468082,0.0018306766266828112,0.00025101655460555507,-160.50867891811777,7.066566430077751
210_Wide,2545375000.0,1.0612370802080415,0.003382250717270419,-142.22068483746273,0.1561980474521458,0.0018479722485444674,0.00030990640493882865,-62.851950071946845,165.51807433304123
210_Wide,2545500000.0,1.058642461184688,0.0035693287907049274,-143.16324662810584,0.18387444297830108,0.0018253225563253188,0.0005738214637560258,-164.0481458188397,10.200790957046255
210_Wide,2545625000.0,1.0635307456097596,0.0013180284740701939,-141.19476291120057,0.17157944534812417,0.0016569058034948277,0.00037252056947230063,-92.34301009289834,143.10890615296975
210_Wide,2545750000.0,1.0597666401181263,0.004552022879982113,-142.59400698742422,0.15577224643140275,0.0017588371898837243,0.00032773401649213377,-134.67658675242905,105.31349241211969
210_Wide,2545875000.0,1.0543523334374725,0.003351513997841472,-141.61095849706874,0.15211182760248115,0.0015461100523995203,0.00035394477569921674,-156.00178036595906,11.67560642202921
210_Wide,2546000000.0,1.0554218181530854,0.00335180508546743,-141.4275971116241,0.19068189305421732,0.0016900213640885862,0.0003021035483307159,-157.84743886040243,13.155086331389509
210_Wide,2546125000.0,1.038895650484777,0.0028243964916176813,-141.57182333326296,0.1325160723755488,0.0018271054569330206,0.00033759739137606207,-129.246604753027,108.48286525041631
210_Wide,2546250000.0,1.0458054708433786,0.003240943846873714,-141.35595427724485,0.16163725686294847,0.0016822002038917707,0.00020201264106072081,-128.9518860899869,107.93746697202776
210_Wide,2546375000.0,1.0630472511982343,0.002780569170837701,-142.0903466151154,0.1621703103618421,0.0016829211128340726,0.00027718388056129274,-97.8826999140194,140.7208442035885
210_Wide,2546500000.0,1.0622099350967387,0.003757728309099736,-140.29374530939458,0.25201504474507047,0.0017680276429184133,0.0002533372184209023,-129.97069488936657,106.42735314898944
210_Wide,2546625000.0,1.0733171370747558,0.0025302089146134635,-140.62016364609522,0.17126311013564502,0.0017216746915924483,0.00038168085177432205,-168.2021639348166,6.049810489834159
210_Wide,2546750000.0,1.0535101821037072,0.0025935819775775703,-140.08146294675828,0.10799320837584168,0.001661698073686525,0.00024165217993124812,-129.9171186785388,107.63537556470496
210_Wide,2546875000.0,1.0402580661934857,0.0038952553813282583,-141.42483902212717,0.1892722720019597,0.0016730060208846095,0.0002621362693680262,-164.40151180816926,9.979415502357078
210_Wide,2547000000.0,1.0481363169160138,0.002799813736912394,-140.17226605929687,0.19857524495434142,0.0018450427141221539,0.00020266458916351626,-130.9399813433531,107.79579958585482
210_Wide,2547125000.0,1.0595921434541764,0.003885665408244612,-140.33178500405532,0.21756103222047912,0.0018479083629035146,0.0001647160938456459,-127.29970667098767,107.02138272253428
210_Wide,2547250000.0,1.0685413139534854,0.0028301069786531054,-140.13018682923166,0.1575599338408599,0.0016566010122408862,0.0001905366544528167,-95.93886774536001,142.6485299728756
210_Wide,2547375000.0,1.0262659486255143,0.0017471528400201254,-140.51271839852458,0.1713186871409965,0.0018172659716804852,0.0003586493948323686,-129.0365447139961,102.44312647432184
210_Wide,2547500000.0,1.0629420120283628,0.0031894984925495496,-141.5930331956536,0.09016353959321079,0.0018043866479394194,0.0004281578113504461,-62.72992191209903,166.82797991958688
210_Wide,2547625000.0,1.036606836964628,0.002435717045381149,-139.90356628221565,0.20802968022646717,0.0015841814935535455,0.00019586177037884172,-131.93094833704825,107.70949347454429
210_Wide,2547750000.0,1.0541516197132754,0.0019232840222065707,-141.00440417811402,0.15988200708394398,0.0017471001245388234,0.00035197064315828017,-134.7685470625242,107.52222919973691
210_Wide,2547875000.0,1.0358133818726627,0.0035100064774940885,-141.3265437480876,0.17019781500813783,0.0017112832953211183,0.00021221788086466127,-164.4738137121378,9.664585937258831
210_Wide,2548000000.0,1.0379314861793532,0.0029266505566785377,-140.48435358950664,0.1391411131546345,0.0019702273387948027,0.00029975072953116437,-27.446409402203205,174.66164891960443
210_Wide,2548125000.0,1.0319280573128229,0.0031447175237127685,-139.25291990134298,0.15372789473243786,0.0017521402466367517,0.00031852837856304733,-167.00136176875168,11.661912943609792
210_Wide,2548250000.0,1.0239174377300486,0.0029020602976795908,-140.64285550176143,0.2784996270815271,0.0017956497374765985,0.00030001052779230934,-136.53223993380155,110.457875368862
210_Wide,2548375000.0,1.031276752495629,0.0029885546558340195,-140.63666169069654,0.24600627039429238,0.0015684138484345943,0.00038338458537793483,-133.67137423337627,110.32480204918456
210_Wide,2548500000.0,1.0246672526809677,0.002720346362977125,-139.69893245670156,0.1778272090518481,0.0016909891113100766,0.00026225185346820466,-132.58259049475097,106.1907511703526
210_Wide,2548625000.0,1.0132136325506913,0.004844787002061626,-140.3141394336413,0.2068527155807581,0.001726553086798811,0.0002875643774264448,-129.44673916114672,107.03806663253731
210_Wide,2548750000.0,1.01125311403076,0.0030683910894773432,-140.87556364306818,0.15568126164949966,0.0018397656403908885,0.00018441841434022722,-167.44640936624197,5.6543636782913405
210_Wide,2548875000.0,1.0198177488870392,0.002347017686498851,-141.36422027393243,0.13634787266153772,0.001587841295233461,0.0002840600080964749,-128.95321519436908,106.14745919985307
210_Wide,2549000000.0,1.0004844635982242,0.002248989707810647,-141.15836598400665,0.13502720675072324,0.0017113661291538159,0.00027306416609484296,-95.42303737717555,143.210967426273
210_Wide,2549125000.0,1.030942677458868,0.003895323084184425,-140.89434126101804,0.1854979151978876,0.0017415553834402072,0.00017676625159060872,-95.7476060432029,142.37125063894428
210_Wide,2549250000.0,1.006612897706891,0.0017964089193921152,-141.65895818471495,0.13402311681268853,0.0015460003402431584,0.0003535428798856132,-99.21820048762412,146.71382682293589
210_Wide,2549375000.0,1.0030315137175283,0.0023470383727817318,-141.38480014165387,0.13288934324700186,0.001480546452502035,0.0003575434970630421,-134.46143212725698,108.4626931827559
210_Wide,2549500000.0,1.00291117859503,0.004254480334462436,-141.4108491987017,0.15006364985891274,0.0016965444031563995,0.0003123892793244026,-133.0088289526704,109.29303797281541
210_Wide,2549625000.0,0.9984323091562972,0.0034287574732844196,-142.4065447290087,0.11175750086079701,0.0018775256852727315,0.0001893305460603705,-166.56313960638673,7.3502102018143844
210_Wide,2549750000.0,1.0117080333091835,0.004240384035125632,-140.71568963547537,0.1456318443365866,0.0017594449917721863,0.000226284308671315,-94.34914576611939,142.33328840025897
210_Wide,2549875000.0,1.0055405834712667,0.002929399193963538,-143.12335409311464,0.14330794710425884,0.0017480915649917862,0.00016537754303296384,-101.36880672727881,146.5224919297084
210_Wide,2550000000.0,1.022950942111171,0.0030937512869217325,-142.56395973994125,0.15427967574188586,0.0018602155616763503,0.0003311819897544394,-135.12295189769043,106.88523012389747
210_Wide,2550125000.0,0.9965351806640722,0.0026010498678792457,-141.95728643130326,0.17649544330194805,0.0016819000159353733,0.000274226589114089,-103.15853721207483,147.72257489250666
210_Wide,2550250000.0,0.9850513102206037,0.0026142362175732847,-143.7150918042466,0.15257240247817314,0.0017162187540393787,0.0002816099621082529,-134.25254827385024,108.78123199572701
210_Wide,2550375000.0,0.9886443495330839,0.0028709343037622184,-143.67623727004073,0.18786433499255492,0.0019181715954536944,0.00033631595570403783,-169.97901057552926,7.470069637527849
210_Wide,2550500000.0,1.0034578464152029,0.0023496934547454643,-144.00603748154887,0.22605846371362012,0.00161958498500527,0.0003307376117508177,-100.73194089432698,145.7649922447683
210_Wide,2550625000.0,0.9945880389157871,0.0030444335221508456,-144.36079435821176,0.15372117123402645,0.00188596163194149,0.00029447181018703734,-135.37903668552818,108.07626082798711
210_Wide,2550750000.0,0.9944206494308314,0.0029931284072102905,-144.01546364475297,0.20458777299709358,0.0017908960585652147,0.0002729609281394475,-98.6730463032373,145.79786242277768
210_Wide,2550875000.0,0.9838353431267401,0.0024940692602057842,-143.2784618533759,0.16498500126695792,0.0017053168162527571,0.00018650417207808628,-167.62021755219845,9.337293570752076
210_Wide,2551000000.0,0.9938914833568633,0.0018401142969397244,-144.6840987085547,0.17674413475189676,0.0017996665659280517,0.00028168672498238946,-28.509448319141534,177.70198515382202
210_Wide,2551125000.0,0.9712622574840171,0.0030047431828188116,-144.99252495402885,0.12364712730369815,0.0017497400598770608,0.00033452839833011684,-96.52454572863901,143.76627732744905
210_Wide,2551250000.0,0.9749145613012146,0.0024290738085029346,-145.45052039447364,0.17684726116736132,0.0017688613984868954,0.00032545525133167384,-160.61891685353115,11.81337104095828
210_Wide,2551375000.0,0.976781856553524,0.0033188160597109823,-145.27261431279703,0.1585971866132495,0.0017903009320273935,0.0002136642304789019,-29.088765342227404,177.19730962062366
210_Wide,2551500000.0,0.9890429611115334,0.00285560696189804,-146.3946796415555,0.23524088639963983,0.0016782701113381528,0.0002853808760303643,-163.11299439818708,6.638175912556004
210_Wide,2551625000.0,1.005585487871869,0.00244711729769096,-145.76596550431927,0.16500316878355353,0.001880826016264354,0.00018377204304289205,-168.86549320116174,9.616672205270108
210_Wide,2551750000.0,1.0032463295458394,0.0030362621968871044,-145.31283982322557,0.20525103271633593,0.0019200399632116874,0.0001780284455267949,-97.39304857310033,143.47273851868454
210_Wide,2551875000.0,0.9844725812516065,0.0018370585656797501,-146.47189775241003,0.24265023288810306,0.0016829960564024567,0.00024371205636869111,-138.2474361916422,111.58745144422862
210_Wide,2552000000.0,0.9968674893429729,0.0025868781191241298,-147.7283182334166,0.16154769035670116,0.0016586771847347682,0.00025226869531843753,-99.16482667907187,144.59000900184105
210_Wide,2552125000.0,1.0001112263039111,0.003398070557215578,-146.8683709594047,0.1477824927845743,0.0017426585725702922,0.00030145003403455456,-97.97441902070652,145.05431519351862
210_Wide,2552250000.0,1.0001622330487727,0.0031250480111649826,-146.6118313583277,0.10957332957437345,0.0017782571029518347,0.0003071304695584403,-131.65625510854588,109.39559445778623
210_Wide,2552375000.0,1.0079043279304132,0.002667603897299471,-148.28781206476032,0.09982470698307425,0.0016603888567076576,0.00018538709789448865,-94.20131785942979,136.54540826913134
210_Wide,2552500000.0,1.0214858350712452,0.002807892364277125,-147.01001755562194,0.18166228375115182,0.0017751963094777598,0.00023577549015246516,-135.56424349308543,109.56002399602392
210_Wide,2552625000.0,1.0235785895000518,0.003209103408859971,-147.14091348285956,0.13972752559247714,0.0017686181612737587,0.00044970754189327476,-0.8071747935663893,181.79721580108642
210_Wide,2552750000.0,0.9982416158758834,0.0035377952769186784,-148.82334842004974,0.1972440152766324,0.0017121070004721644,0.00041000562529663746,-61.91268903606057,164.22278904541983
210_Wide,2552875000.0,1.0273002913845686,0.0025204047701626524,-147.61306861141276,0.20700270239225113,0.0018636553854114893,0.00029891163566666645,-66.53214946816684,166.55437295677518
210_Wide,2553000000.0,1.025878901462998,0.0033739306505218636,-146.44746276164585,0.18148416538702336,0.0018927898152053969,0.0002943015760357761,-64.67710663615415,165.15793430188086
210_Wide,2553125000.0,1.0222989794955004,0.004663162008919772,-146.873462708837,0.12684468397256562,0.0016416830743867235,0.00017146717993807777,-101.12332794283166,144.84376719081246
210_Wide,2553250000.0,1.0158531741792376,0.002097435673705654,-147.18299053949426,0.1260824766532142,0.001888539768257283,0.00025066330774225684,-62.100847142136,165.1972633185385
210_Wide,2553375000.0,1.0379409702140399,0.002139243967943049,-148.17890071604145,0.1531909046546518,0.0018300003343189946,0.0002707347493401781,-138.55741699028496,111.78845224051521
210_Wide,2553500000.0,1.0166518260331965,0.002522418795054777,-148.59264071521014,0.1779322856227464,0.0018577040765295665,0.0003519464413701176,-100.5857680496696,146.08343274756564
210_Wide,2553625000.0,1.0276357721931872,0.002608887929017883,-147.13871092147338,0.10889898077263833,0.00187889451366585,0.0002835508507415969,-102.52393625636792,147.926341209193
210_Wide,2553750000.0,1.0155860099023508,0.0020838577243957714,-148.51555431240467,0.14315312413523112,0.001717903449634147,0.00018874384696914465,-31.799933484159055,181.77207465727633
210_Wide,2553875000.0,1.0272912334786937,0.0026323030997584033,-147.3225018738514,0.13718126996137742,0.0018544371551979567,0.00024145984139584747,-66.88203684735433,163.90150935696474
210_Wide,2554000000.0,1.044714068386401,0.003829778266207186,-148.64290824524434,0.19539248264330333,0.0019390055064564603,0.00017794626095284048,-66.7722781098659,166.44696566391826
210_Wide,2554125000.0,1.0495890240996506,0.002957001047575831,-148.52340698760057,0.16089420120993922,0.0019041889628862562,0.00018867944052033546,-68.02902708402652,167.7226552646471
210_Wide,2554250000.0,1.0330574851729835,0.0024790347564110694,-147.40436543625307,0.1860178309215556,0.0017239841394613552,0.00022795794686455677,-99.2355117393841,145.24035273662764
210_Wide,2554375000.0,1.0347261041571698,0.003431529470566431,-148.30970374440653,0.15716342960227175,0.0018703330725476515,0.00023515155477140854,-101.44989425436361,146.51175693050345
210_Wide,2554500000.0,1.043905499203066,0.0022477466844937435,-149.2680261656698,0.11264007503121613,0.001912717097944684,0.00015198832591482083,-66.48553202988116,168.3486116229307
210_Wide,2554625000.0,1.0429465867338656,0.002843952357742176,-146.4412692038397,0.1767809627527109,0.0018596739973872967,0.00036653984239232005,-102.55923733391803,147.0415907486096
210_Wide,2554750000.0,1.0635343014292835,0.0027231044392506533,-147.66739157151423,0.21637696282876653,0.0018159833050327338,0.0003396142074954363,-69.30468188330619,167.6452084092686
210_Wide,2554875000.0,1.0580237082149195,0.0022675607612722775,-148.4914606931953,0.15974949308038294,0.001908368412160217,0.00019880019538130026,-32.206932513890486,178.6065832630582
210_Wide,2555000000.0,1.0495845382779272,0.0024611818647538113,-149.01156867349314,0.17431036106593378,0.0020945448193491795,0.0003925372784347408,-99.89602926315116,145.85364343188934
210_Wide,2555125000.0,1.0516023056702166,0.0025263242800670277,-147.71526998022804,0.20774043632331646,0.002037605360308222,0.0002240451339532703,-65.91724243155328,166.99368592679562
210_Wide,2555250000.0,1.0609679782751626,0.0033372673110119047,-147.8255173371403,0.21910987610332933,0.0021173848071262243,0.0002950780647279483,-61.695945499926076,163.28181049958076
210_Wide,2555375000.0,1.0683685148706792,0.0016383775155163311,-148.27789899196105,0.11155399320835928,0.0018337771294279536,0.0001945564133666598,-31.8617288477527,177.97838792269613
210_Wide,2555500000.0,1.0472082384928574,0.0024019014407452963,-147.0838871226206,0.12309844779298613,0.002216659993548086,0.0002924257980210723,-102.42225442007437,145.1910209293215
210_Wide,2555625000.0,1.0645879998168137,0.0024295561757856307,-146.85078576460307,0.17084420793493194,0.0020124621060531034,0.00029526743072755756,-171.44961988878117,6.827144893276382
210_Wide,2555750000.0,1.0561543454658406,0.0027852900255024263,-148.40974234742694,0.16143194850831133,0.0020485088366886534,0.0003761694459985586,-36.30346460169912,179.90829764320617
210_Wide,2555875000.0,1.0345931396087182,0.003321831540547,-148.1710580333833,0.1696718288420663,0.002028350189824497,0.0002491569278112112,-138.09092417533975,110.31829605189536
210_Wide,2556000000.0,1.0755939480501733,0.002458917570009328,-148.7466090502081,0.1766326940737907,0.0019398032893431125,0.0002770361134596945,-101.88397927667374,146.84393127550186
210_Wide,2556125000.0,1.0576064447900182,0.002825107507618195,-147.69788471198532,0.20241341817043682,0.002265530524835405,0.0002821452696487578,-34.43823857681387,180.56847060820388
210_Wide,2556250000.0,1.0437636994373367,0.002328743427240136,-149.3207423062756,0.11928723828089416,0.0020340010967463316,0.0002728434279816197,-101.47417917902385,146.58167766198116
210_Wide,2556375000.0,1.0420742819592992,0.003573606860650457,-146.63676760220292,0.2150681806735052,0.0021376283464167394,0.00027653668871941177,-134.9026762210244,110.20387977312276
210_Wide,2556500000.0,1.082910321679253,0.004850444502575147,-148.20254970360938,0.16551142873052926,0.0022344360197294254,0.00019325958750542074,-101.9305491659932,145.89616330761325
210_Wide,2556625000.0,1.0376960679201659,0.0026514806652406502,-148.2336279684056,0.15534039235432298,0.002171112174773134,0.0002423557523492143,-101.42330018947342,145.37666370416912
210_Wide,2556750000.0,1.0439430660885376,0.0032888266843043266,-148.15752945267326,0.13677172868366172,0.0020606671913444173,0.0002448038319201083,-67.11478599427953,167.09574236067988
210_Wide,2556875000.0,1.0336433661588758,0.0021291471915971783,-147.92251201234083,0.09922855754576802,0.0020714592429225604,0.0003117273133799725,-167.90757206046135,5.400644414725945
210_Wide,2557000000.0,1.0618437945554988,0.0026250309608876333,-147.76984267662414,0.11260041618157754,0.002228429882042154,0.00025544818577363456,-100.74705266037385,147.542312398357
210_Wide,2557125000.0,1.0158797864640894,0.003676253588089688,-147.66680322745347,0.1329364413078709,0.002067844369346174,0.0002719695232222623,-63.64189442374848,165.48167456052076
210_Wide,2557250000.0,1.0596163046794556,0.0021682700482191656,-147.94836346457504,0.10167939101872552,0.0023477380943352586,0.0002536221156472264,-64.72800773722719,164.952101941868
210_Wide,2557375000.0,1.0499334144320112,0.0022276310090843248,-148.88674152443176,0.16469861994667848,0.002291784841742757,0.0002706952933742001,1.368599013803771,183.35307787219722
210_Wide,2557500000.0,1.0474257372151325,0.001709331159017113,-147.34770550481701,0.22207631432195485,0.0021493020133378504,0.0002428469987639383,-101.32411278935265,145.30453671413537
210_Wide,2557625000.0,1.0396789938578739,0.004061023598716403,-148.90078552725308,0.17460304969919654,0.002194529705600328,0.0002633388424601003,-66.21662680767702,168.01072356160594
210_Wide,2557750000.0,1.0440511688678278,0.0032428320839751382,-147.70750928040698,0.1268479152773834,0.00218158701693194,0.00028556946005937043,-33.07377368805992,179.5241335181072
210_Wide,2557875000.0,1.0319763232948134,0.0029470921538409653,-148.69329254987787,0.19914396985661795,0.0023654537953147446,0.00032309176733491844,-102.2099653130966,147.93372989644183
210_Wide,2558000000.0,1.0264833988863196,0.0028088482538356436,-148.52918628447304,0.17193889320308076,0.002216418026724779,0.0002875259296499613,-134.06571005667348,109.32531725498698
210_Wide,2558125000.0,1.0311436979453106,0.001907783198039835,-148.06747642703326,0.19120876125653852,0.0022929542845695422,0.00026029650549532185,-102.69352627854336,146.09131858613134
210_Wide,2558250000.0,1.0482736447822179,0.004395270197622521,-149.03657888160512,0.13533383109705052,0.0022793814432111796,0.00013757426669238018,-134.31789313939373,109.84468637386766
210_Wide,2558375000.0,1.0526318205918135,0.0017936221386720933,-148.17872778978975,0.20997886526329668,0.002189341380219259,0.00030609979380781836,-134.9742959264482,110.25699771865007
210_Wide,2558500000.0,1.0385517028591003,0.004510698662385708,-148.87970246421864,0.16644163059991313,0.0023402381958988784,0.00023571272312644719,-136.44015147879813,110.89457613960002
210_Wide,2558625000.0,1.0372814122848364,0.0032623294625524412,-147.76375089852846,0.19275609622463113,0.002297854848910787,0.0002184758771225404,-100.00776708844649,146.30652552358697
210_Wide,2558750000.0,1.065104408930234,0.0034861159654635794,-148.78938825746494,0.173280510216262,0.0023562434812484864,0.00024672611795391184,-135.1372607185288,110.42629930651515
210_Wide,2558875000.0,1.0267087820882688,0.001573163819715459,-149.38617616643768,0.14903903034875302,0.0023161992282239273,0.00025968081197182716,-101.7694107489878,145.23468259428182
210_Wide,2559000000.0,1.0520921508893992,0.0027355612725297363,-148.40789271445522,0.20130027270734047,0.0022938764585152165,0.00028267350280680677,-101.03858168901174,147.72696917275104
210_Wide,2559125000.0,1.0546157876052007,0.003074302251966564,-148.36219222719652,0.1148227484044692,0.002479606456830946,0.0002508036659292581,-171.54663476138953,5.488391723888533
210_Wide,2559250000.0,1.0239567181335916,0.0025915894078459593,-148.78709426853885,0.151856178752078,0.0023150617475482657,0.00015806644050120816,-100.99226459711333,147.13378916441053
210_Wide,2559375000.0,1.061675674502562,0.002844113904376594,-148.60309263532653,0.178418550072355,0.002365332401136916,0.0003594789822608544,-102.89095913584664,148.05722838426962
210_Wide,2559500000.0,1.0486605932133426,0.0029845208989137677,-149.30709855435438,0.15020253699741803,0.00254221385665071,0.00035217724530717194,-97.81755265566694,145.00418432663417
210_Wide,2559625000.0,1.0322693423190237,0.0028290975834891403,-149.3931880556864,0.1214361286141123,0.0024252598859833253,0.00023480207800783307,-101.30618078487606,147.16600554204675
210_Wide,2559750000.0,1.0442596867461706,0.002624921274590447,-147.35347491799547,0.19757186073138572,0.0024539647805140925,0.00036682528954275537,-168.65008720912033,7.330690583273726
210_Wide,2559875000.0,1.041516274280472,0.0018756297258681839,-149.42525894085756,0.1441905673868251,0.002335451041117058,0.00033462087345092134,-135.49284653958966,110.13074408816718
210_Wide,2560000000.0,1.0516872903856005,0.002270677075714408,-148.17350262049158,0.19364679531841655,0.002444866750069455,0.00024510091515527203,-169.18441298880302,6.918526421371507
210_Wide,2560125000.0,1.0720646436941748,0.002366003437193633,-149.2817762501864,0.18178899216411482,0.0024924034085340796,0.0003876996916944824,-170.63346789660054,5.231074489594777
210_Wide,2560250000.0,1.0564146644868204,0.0027611095744256567,-148.52751660823444,0.22561833317445676,0.0025492312693085554,0.00016700959571166516,-101.41718298148626,147.27176685655877
210_Wide,2560375000.0,1.0564995608804186,0.003260278697222256,-148.81849524099073,0.16328064125401012,0.002454997749580872,0.0002645337804932317,-169.86556549255644,6.611296992512821
210_Wide,2560500000.0,1.0373758205737944,0.0025388561046842005,-148.5798644081505,0.13193672430343248,0.002405225374539115,0.0002252364293016572,-66.22528549385213,166.7399754524585
210_Wide,2560625000.0,1.06882932853709,0.0029351522544638292,-148.44109942697645,0.09520166325701726,0.0026730312340805793,0.0002539988398106718,-171.59504601284317,3.970694505855261
210_Wide,2560750000.0,1.0560662040273017,0.0021716565715071785,-148.01364858397153,0.166954482770471,0.002403535884747846,0.0002371725349158792,-134.6820390599705,110.1440044514511
210_Wide,2560875000.0,1.0417658102637746,0.0017563713693157779,-148.23337775363987,0.1408201880603986,0.0025712559267042335,0.00038564794391297705,-167.71086859291813,6.281415927695763
210_Wide,2561000000.0,1.0348745008052969,0.0018021117546185197,-148.5871237325124,0.139012630041191,0.0024127001666063887,0.0002592130208067268,-132.76902953580526,107.65417657626385
210_Wide,2561125000.0,1.0654389083047002,0.0022071408867423404,-149.21833760112074,0.14647786677206107,0.0026532164360651284,0.00024165984695566085,-171.69905821621157,5.062279694415705
210_Wide,2561250000.0,1.0373809071934479,0.004136181939289306,-149.40870704617083,0.12228032889460183,0.0022697975306418213,0.0003825914055494063,-96.22840123001058,143.33509476798014
210_Wide,2561375000.0,1.0809598807281549,0.0018475281738225822,-147.27573987363536,0.14852181032998854,0.0025231600257540755,0.0003741803152740322,-167.37618584049798,6.9509784381947535
210_Wide,2561500000.0,1.0500588104607913,0.004207421592385834,-149.58400836004742,0.16785085671923228,0.0025180797876500276,0.00033523955262914354,-167.15801836063937,5.2587924782256055
210_Wide,2561625000.0,1.0377911623464706,0.002664652141477097,-148.47582487284856,0.17554121806213116,0.0025854203063105105,0.00027711281257945905,-170.85892203902714,6.241745103483497
210_Wide,2561750000.0,1.0514257645774925,0.0031601920243702923,-148.48078189411424,0.1347528387763671,0.00261854910291175,0.00016892627683460815,-133.51955151915996,109.55285945229846
210_Wide,2561875000.0,1.0665147388106577,0.0019402260097273662,-148.69692726255803,0.1691818327271444,0.0025179856242221405,0.00031866503266179166,-165.95673218803188,6.2798904939357705
210_Wide,2562000000.0,1.0416664082446987,0.003541449397051964,-148.28231698791257,0.15455637886954796,0.0026028647968407348,0.000207701818898582,-166.21703104147053,6.738882991239183
210_Wide,2562125000.0,1.0515431688709616,0.002968081224702228,-148.4896088868243,0.16412756024258948,0.002550452851700783,0.00025229307988685235,-168.0949285683275,5.471572457108889
210_Wide,2562250000.0,1.054953355773323,0.002767154015504306,-150.45121054550785,0.12608495617383783,0.0026763405643364328,0.0002857045958322346,-168.79158685291068,5.925166807032837
210_Wide,2562375000.0,1.0440247589403793,0.004393709148028709,-149.0309260003604,0.10347248446815606,0.002724349289279157,0.0002519365404151131,-167.6795848994577,7.087959855414412
210_Wide,2562500000.0,1.06567311896912,0.0031114143204634707,-148.885312526598,0.20221647846556576,0.0026875124105277745,0.00037810241829484034,-168.6705289066966,4.563708344626084
210_Wide,2562625000.0,1.0666549073071911,0.0036123508712323977,-149.37450387706122,0.18319651342859103,0.0026402490683587183,0.0003283931982968021,-131.81762750945114,108.4580074740804
210_Wide,2562750000.0,1.03787527923377,0.002105492332937386,-149.9151620736429,0.12350649762279285,0.00255824844093417,0.000335907675216983,-135.08544568052437,110.75558241334127
210_Wide,2562875000.0,1.046838899991728,0.0031290758253126267,-150.94438931741243,0.12841820728585496,0.0025284270997006746,0.00035129475924167717,-169.58773891057757,6.5974256554999045
210_Wide,2563000000.0,1.042837898349528,0.002172366116082554,-148.7604400943015,0.22623598349571683,0.0027073557414781344,0.000250351039162277,-167.71859572603452,5.1866870675369325
210_Wide,2563125000.0,1.0335985257096652,0.0034143067823093147,-149.62309245246882,0.21899945806157053,0.0026586618693234783,0.00024873174561987257,-167.1967859892073,6.010503396281214
210_Wide,2563250000.0,1.050635915228912,0.0033403109061684853,-148.98420764549883,0.18938702452611578,0.0026328242959383933,0.0003034274413685392,-170.98642724697083,3.407578686601904
210_Wide,2563375000.0,1.0643322843901573,0.0023376886740733597,-148.98650346549718,0.23741188179560965,0.0028705408270205835,0.00029298465011239007,-167.53580848904454,5.279191097917931
210_Wide,2563500000.0,1.0247674947973442,0.002692090606758763,-149.84772782458577,0.15762565546629811,0.0025634841924346424,0.00032032044788239276,-65.09886205448998,168.00411674960208
210_Wide,2563625000.0,1.0452531139233452,0.0036755287392701936,-148.8234389347909,0.2116222094396225,0.0027529572014928765,0.00033156912611304046,-167.21468769867172,4.444433901726926
210_Wide,2563750000.0,1.0603532234516522,0.0030900992932783064,-149.64766635561926,0.19636246160459436,0.002713412176677323,0.00022781890320498093,-133.9425158216612,108.92734041910211
210_Wide,2563875000.0,1.0338824302527962,0.0020038790504345243,-149.56464283193827,0.1497973473841566,0.002721437060637683,0.00042071574614592174,-168.45125231168845,7.2861636288859675
210_Wide,2564000000.0,1.0419772320605902,0.003130410204473144,-149.23256338868285,0.16631000588844833,0.0026550852186116606,0.0001682003465915348,-167.8778570291728,3.4912407406106447
210_Wide,2564125000.0,1.03346261733729,0.0026910882076726004,-150.70730503265688,0.12361094908257526,0.0027856676470803168,0.00033649553330405063,-166.9637235983225,4.117405315245431
210_Wide,2564250000.0,1.030914638420487,0.0023517734460666933,-151.06564343369786,0.10280498373797647,0.0027487527191781187,0.00019821891273881945,-164.36130820877682,8.934795481316126
210_Wide,2564375000.0,1.0277863398717233,0.004112189445013022,-150.1791695052447,0.2618108055771821,0.002546646210310829,0.00020476252344185007,-65.72043783571253,168.33051010360515
210_Wide,2564500000.0,1.0301775306184182,0.0027739467857679674,-149.80406405449455,0.21552010203986083,0.0028311350736473584,0.0002725253117327499,-165.2227986123524,5.504983921558533
210_Wide,2564625000.0,1.0232194083173782,0.004846489196957693,-149.42931866030867,0.2215030609048716,0.0029350141987859717,0.0003394523349021787,-169.97694096415833,5.1408499341458915
210_Wide,2564750000.0,1.0302055856935968,0.0025841747367715026,-149.84906370834975,0.26323462240086676,0.0028158917767515234,0.00029884672131946446,-137.16127917239584,111.32999123653862
210_Wide,2564875000.0,1.0175675790580792,0.003440130044811388,-149.72010426965775,0.17257482021471438,0.0027636953346683274,0.0003018844405764594,-166.3553826509941,3.818598481064818
210_Wide,2565000000.0,1.028660374980914,0.002682242108579963,-151.61159607658698,0.22049607125209092,0.0028265990566757743,0.0002373964101500249,-133.7484643195534,109.2373291789016
210_Wide,2565125000.0,1.0145528018249357,0.004349894145542144,-151.90781113336072,0.17994335609297418,0.0028565430784857457,0.0002248884626100005,-170.58617258641718,5.383258304893489
210_Wide,2565250000.0,1.0150026699566825,0.0026050855931146755,-151.04552812320358,0.1573983676596046,0.002912991841512877,0.00027883061762582406,-167.86583672479864,6.594968355574942
210_Wide,2565375000.0,1.0153747252192682,0.0032640963601623125,-150.92662499882454,0.19746784913264717,0.0029424253303151184,0.0003090875515027713,-170.85408089510847,4.945932525580631
210_Wide,2565500000.0,1.0138047304551978,0.002902935052991578,-151.37033458318126,0.1159624531886176,0.0029648481544224435,0.00030299264128790416,-171.61081747566007,5.023084415975956
210_Wide,2565625000.0,1.0295406360469654,0.003491603867060353,-152.35235944893842,0.1260326357683445,0.002958780259375153,0.00018856419184377546,-171.28216168598098,5.693327317854732
210_Wide,2565750000.0,1.0491653308032336,0.0028431357023428524,-151.77353703358645,0.1584667037695115,0.0031000516240911446,0.0002662488943446807,-170.50153053356144,2.7585366747773925
210_Wide,2565875000.0,1.0306610531687164,0.004117379479630986,-153.28049906720813,0.12406663406912141,0.002970808797577289,0.0003019433362704797,-135.71710130749005,110.57234518993215
210_Wide,2566000000.0,1.009475012507194,0.0028427999081272414,-152.3259375857516,0.14038204942807442,0.0032144297422841577,0.00014595876329535147,-169.27806533624337,5.767621566882408
210_Wide,2566125000.0,1.041155893749116,0.0036399328842242266,-153.59242080363856,0.1707674928105743,0.0032878360288035036,0.0002813940238670852,-33.68373077620022,181.09706978077995
210_Wide,2566250000.0,1.0137362298373052,0.002478405534084357,-153.13815985933985,0.1432979423736157,0.0031102679556398237,0.0003043936458409924,-135.92609148909,109.76801416990027
210_Wide,2566375000.0,1.008775300071389,0.002763003778621328,-152.65270806933466,0.11804753744180539,0.003282290317599652,0.00025330662626971894,-172.47177828186065,3.9148749253362185
210_Wide,2566500000.0,1.0393132516101427,0.0035732978677221164,-152.05414864765137,0.1944303414999977,0.003458255355728012,0.00031848609072881475,-172.99385476168248,3.3520056309080317
210_Wide,2566625000.0,0.9951187655536131,0.0032362934930382924,-154.4656753423604,0.2740195678574443,0.0033695989842368163,0.00024166228182991842,-101.54491968668187,147.24911760864427
210_Wide,2566750000.0,1.0210798991395649,0.0021663810893927794,-153.91290248097312,0.16412505140917516,0.0034130733786936762,0.0004113363458596694,-67.20405384263722,168.70856361719257
210_Wide,2566875000.0,1.0381783598445844,0.003913279106402868,-154.5840339977565,0.20550240032371198,0.003376116255456195,0.0002584091159914204,-67.90108883796596,169.00004936571358
210_Wide,2567000000.0,1.0202114736670866,0.0037399812271968064,-156.0544914416416,0.15308026551209672,0.0035554960205943487,0.0002833025725690636,-35.276542361747886,181.73726143383325
210_Wide,2567125000.0,1.036240228754548,0.0016047222226515208,-154.97881110918618,0.145250838795426,0.0035616091209770373,0.00030017113796647604,-69.7127994337585,170.14604972760944
210_Wide,2567250000.0,1.0237601410972252,0.0037924365557461905,-154.90887230545846,0.09756481478654792,0.0036942910675094205,0.00023437994979746274,-70.16043403530634,169.3740410376942
210_Wide,2567375000.0,1.033538056834548,0.0036920077438681986,-154.71310798971058,0.18070524236918628,0.0036623307713925727,0.0003069377858176908,-0.07571856186920342,184.899521885527
210_Wide,2567500000.0,1.0081452484142301,0.002900368878992495,-155.41313317143477,0.19465108002377113,0.0038695921351649593,0.00029301966242113183,68.20690348494094,170.86777838860024
210_Wide,2567625000.0,1.0292340002939855,0.005124655824654515,-156.40655908432672,0.16925161060933877,0.004077057543759162,0.0003821776509296717,136.35391068786163,111.03883547572671
210_Wide,2567750000.0,1.045036263006282,0.0027084316095387392,-156.70849440844182,0.15327722353102088,0.004324300042638431,0.0003612964601083903,136.35636379590264,109.64725313472465
210_Wide,2567875000.0,1.0355239780887653,0.0027156883658401277,-157.01284287436974,0.18569277003067292,0.004599072516738352,0.0003450759720666408,171.38901781370822,3.460744597890558
210_Wide,2568000000.0,1.0231269361648765,0.0037421283804771653,-158.86241149283606,0.15733708609783476,0.004977655164971453,0.00035220810522379123,169.6827081444879,3.2191305088434956
210_Wide,2568125000.0,0.9753368582851336,0.003365427891111717,-159.40714964528792,0.17004144698769139,0.004969707920787037,0.00020037014707256274,166.5075792820914,4.917857135292134
210_Wide,2568250000.0,0.9917486868495404,0.0030344896816602686,-159.75294103100072,0.2401258315827279,0.005314716817853917,0.0003363536037786655,162.6855795496476,2.39742513958485
210_Wide,2568375000.0,0.9766237564501362,0.002657452609448735,-159.67604753527755,0.21238589893016593,0.0058502322908223665,0.0004245708045305161,157.95638842361396,1.8717025034074324
210_Wide,2568500000.0,0.9413199210665316,0.0036612119903487146,-161.17092640453328,0.22181657637095664,0.006060518991046158,0.0002806439795861037,150.12048392129898,2.711021466680408
210_Wide,2568625000.0,0.918422822498977,0.004358752110211802,-161.41515126068487,0.1753844340631082,0.006678140580438889,0.0003369342570101159,140.8772291627238,2.3430259182479087
210_Wide,2568750000.0,0.8582012540583026,0.004745321216605371,-160.97658106009774,0.19089350138552863,0.0069221960009141666,0.0004070285119967787,131.1595715890292,2.435981482732125
210_Wide,2568875000.0,0.7897829736872001,0.0030205573636234314,-158.64563261685515,0.23109165517584526,0.007218133194312615,0.0003322765659424632,117.75596832565164,2.933554930698266
210_Wide,2569000000.0,0.765518046463032,0.0038342065441289595,-152.5559642969481,0.21486556632320997,0.0068497398213617335,0.00019013592729128653,102.46467314395817,2.9012970292692186
210_Wide,2569125000.0,0.8109576455996917,0.0038074217247242074,-146.92855262443777,0.16101886022340578,0.006312484995185563,0.00032659836896980674,85.86545302310219,2.1980534776181972
210_Wide,2569250000.0,0.8517536709507624,0.0050736605152446575,-142.71059595273556,0.20974893831072383,0.005353593826501014,0.00027396707480342025,71.95733552045306,3.539681239553178
210_Wide,2569375000.0,0.8932161321990447,0.003714060949702751,-141.83919489823896,0.17465410457529834,0.004264099593663064,0.00018161965583155998,59.00832403327552,3.3832146912324244
210_Wide,2569500000.0,0.9423716315622584,0.0029278062563213784,-140.07847199637933,0.18137382285646278,0.0031314762807643625,0.00039230415733460276,50.55026104990347,3.735102549267171
210_Wide,2569625000.0,0.9706823286272918,0.002937931548364299,-141.4958085346023,0.20163923321246968,0.0024176692544835786,0.00036918308747577194,37.98929874415627,5.183768977002959
210_Wide,2569750000.0,1.0117660611372576,0.003865021898783181,-143.95371779950386,0.22112167387965517,0.0019993153590375937,0.000325185308612566,34.0947525700297,8.488025638006043
210_Wide,2569875000.0,1.0322479248880192,0.0030056904650583027,-144.80213447094417,0.19346218036540766,0.0014438285437871844,0.0002527011928435948,27.9124201291958,11.623443157041393
210_Wide,2570000000.0,1.0217451143246359,0.003579007323941791,-143.86865579863453,0.23520741492446584,0.0010727525700452785,0.0003607527860770991,18.48036779754419,9.507786207861729
210_Wide,2570125000.0,1.0193765302844289,0.002878191396484963,-145.04023709344122,0.12404081248638832,0.000722095170507506,0.00031295379851915156,39.48793369680281,31.515625401079415
210_Wide,2570250000.0,1.0252807173380025,0.0036944489018609656,-145.86489155308382,0.158235434711453,0.0005362080385090506,0.00027921220744553724,-42.324473626894914,59.496946826740185
210_Wide,2570375000.0,1.0717141765810254,0.00331593549289874,-145.98244982642302,0.1649448498682152,0.00036677237981976593,0.00016832795922101925,20.787143069805754,97.31714292214276
210_Wide,2570500000.0,1.06615796217344,0.0028033633800469064,-146.81492832704805,0.16465838227965957,0.00046548445805629727,0.0002495708220339424,-24.251903425283,93.81359677074565
210_Wide,2570625000.0,1.0281272541597655,0.002765649532244604,-145.72471343608538,0.07316418432833229,0.00031776345419159757,0.00021795610044508942,-52.43612100759745,87.23088895211033
210_Wide,2570750000.0,1.047171360640096,0.0022022117639371817,-146.92647721920713,0.22149035526661914,0.0004003116823052429,0.0001823954443717618,-101.04378519024135,84.61318874846592
210_Wide,2570875000.0,1.0423448774128063,0.0040514597481593525,-145.35713667382748,0.20812361878672833,0.0006956478187579366,0.0002538411652741732,-99.50183754202199,100.23280531514531
210_Wide,2571000000.0,1.0476641558584692,0.003896732338386722,-147.46308434973673,0.15787583591972654,0.0007889054224207233,0.0002817159625627929,-105.69886413912552,93.69836900670525
210_Wide,2571125000.0,1.0461172152197542,0.003265112629268291,-147.80546687052706,0.20984648068169026,0.0007859357267681122,0.0003819970361404942,-128.58318175609958,22.644327421280867
210_Wide,2571250000.0,1.075954802050398,0.004219771454269192,-145.47614971417087,0.1178773053727004,0.0010559369634805223,0.0001893100008797365,-70.09819511067265,129.18596548433254
210_Wide,2571375000.0,1.0832324501190216,0.0016084577219704637,-146.9995175651475,0.20975307981114943,0.0009775084978319375,0.000336821591978047,-144.47668973930044,24.278568663546757
210_Wide,2571500000.0,1.0564326293934099,0.003486630460383521,-148.00519294115873,0.1488360285200819,0.0009734803781629052,0.00023430578473042658,-83.31655544808208,138.97422552281938
210_Wide,2571625000.0,1.0523329441158016,0.0033838782334478165,-146.29869876647155,0.10693751917316813,0.0008922604941099221,0.00038258016787107635,-106.62930905981112,103.85093153833968
210_Wide,2571750000.0,1.0428267754249487,0.0039412021196483125,-147.0379193573662,0.18267446921680897,0.0009505703522522831,0.0003692822456577483,-113.83175053831133,99.92522720770073
210_Wide,2571875000.0,1.0735813104418974,0.004974598954572161,-146.95598202676013,0.18251095485462296,0.0011574538167455923,0.00042686643596540134,-153.73100061974117,11.145336173795057
210_Wide,2572000000.0,1.07538373661143,0.0033793327503226158,-147.57604224551653,0.18098542992255368,0.0010515353738472992,0.0003528684166801472,-115.95314206851502,100.77186118254126
210_Wide,2572125000.0,1.0670358820688495,0.004833982988225278,-146.83594331806765,0.20473956282796482,0.001386061007283778,0.00015197625346588815,-156.60837659834604,15.640893805353285
210_Wide,2572250000.0,1.0612758630475352,0.004392277655793542,-146.7604448691316,0.185406306538662,0.0014587980236252748,0.0004147014590067366,-154.14176265837833,12.02665562379146
210_Wide,2572375000.0,1.071731737831605,0.0034212806913781614,-147.06481163908137,0.19151974288002202,0.001367608416724943,0.00034926968586830744,-145.23561510688276,12.501334813677955
210_Wide,2572500000.0,1.0570878812346933,0.0032579390355578345,-148.9767141242707,0.19152286233258042,0.0013974780449886677,0.00031661873599291013,-86.49233317584702,135.87286469681928
210_Wide,2572625000.0,1.0527438974379555,0.00311562799949971,-149.06179600694057,0.17737104084074898,0.001459685663099962,0.00034414120476221083,-159.72124542695593,9.064525365314026
210_Wide,2572750000.0,1.0690702104470307,0.003649271716020109,-148.63852639593924,0.16054386555261416,0.0013786056894368687,0.00024898389408652897,-154.68893056883516,9.148786391943352
210_Wide,2572875000.0,1.0466334215709407,0.0031947833278995657,-147.31168476767348,0.19285819446334607,0.001660516547532804,0.00029888661724573613,-160.86237058208343,10.511692063846477
210_Wide,2573000000.0,1.0408813250783895,0.0030537547746682333,-147.85077265190947,0.19552724452932463,0.0014947124835271042,0.00024711860703608877,-123.53517631987816,106.4841903129244
210_Wide,2573125000.0,1.0645304066538834,0.0032387958462903035,-148.23454341200014,0.23150706961100828,0.0016816706872176883,0.0003191405849735669,-128.45243015098035,106.39962688484862
210_Wide,2573250000.0,1.059850835562869,0.0037568548051873465,-147.89005232006554,0.17001537278017642,0.0015572960999562478,0.00033284841359772384,-158.18423180200688,7.997547075060807
210_Wide,2573375000.0,1.0374777732688907,0.002205722685419529,-148.1864854520066,0.21207862433776428,0.0016621172258349877,0.00038567578112858817,-95.43898545835343,140.46447956953529
210_Wide,2573500000.0,1.0421304239011182,0.0033762208012257633,-148.2241227928343,0.19847418538857536,0.001662230572428172,0.0003009830637574141,-131.6665178501182,107.00151432973085
210_Wide,2573625000.0,1.0507141341201474,0.0030556238542166782,-148.73188613457341,0.10330425794084662,0.0017687424881005762,0.00030838074975850704,-163.4983040587623,8.154060404334203
210_Wide,2573750000.0,1.047122791804486,0.00456210572440452,-148.96726616644258,0.21796898511116136,0.0015851559214925615,0.0001788706765474441,-99.54712175933727,144.39205581071178
210_Wide,2573875000.0,1.0219068193765903,0.003403280541757217,-148.534715449562,0.16693333853059902,0.001869882308642665,0.00029978411772860187,-131.3130717470482,105.48761873851923
210_Wide,2574000000.0,1.0580180232023126,0.002589147306811607,-149.93179031943313,0.28668902476797914,0.0019506204927804219,0.00032520002620206573,-162.83881203614433,9.832688247329118
210_Wide,2574125000.0,1.0678098976463613,0.0030416863506401394,-149.9868441685573,0.2097439774941478,0.0018678310532643792,0.0003826671711796444,-131.96105528134817,108.17906363008466
210_Wide,2574250000.0,1.03465620209139,0.003077625996520445,-149.2176861297767,0.13040024447977597,0.002007545898385789,0.00036457582970820325,-164.63345688979726,6.183575618898093
210_Wide,2574375000.0,1.0340347029961328,0.004681076604117047,-150.71844343587014,0.16356186773303075,0.0018754450360305782,0.00016937184551716957,-164.7022779875907,8.964042646595642
210_Wide,2574500000.0,1.037398410749133,0.0023824332908016993,-149.05642195082837,0.12285676071223027,0.0021280356637334683,0.0002900593708559835,-128.173541563935,106.59722589229179
210_Wide,2574625000.0,1.0547113799452823,0.0032793273119007048,-148.84203744976287,0.10757212380407921,0.001982692450468966,0.0004979354810269606,-132.4485991860746,108.34390999083386
210_Wide,2574750000.0,1.0244966800783195,0.0036110789168294524,-148.91629389778257,0.2216826598284591,0.0021223919252634747,0.00033015436872640985,-132.37525893888753,108.56512125884208
210_Wide,2574875000.0,1.0487030682268967,0.004625010608396944,-149.13577534760609,0.23919027425260497,0.002108957025626946,0.0004663055095839267,-134.8549770572318,109.75346730959218
210_Wide,2575000000.0,1.0443751115109705,0.004308559201354474,-149.85914960434482,0.1921359092882908,0.002248336153708017,0.0002706682786435562,-132.6085699200939,109.97537812571998
210_Wide,2575125000.0,1.033479148701228,0.004142985456201101,-150.78879182440784,0.23982154127887878,0.0021187386177754968,0.0002613554125085149,-99.91538238091238,146.69996761951563
210_Wide,2575250000.0,1.0218316174873487,0.005617494886925543,-151.18633773075135,0.2685487409692797,0.0019072731032487825,0.00030689031724118594,-102.86001915231614,146.4884152123395
210_Wide,2575375000.0,1.0720058612073289,0.004797579020847778,-150.47537131591133,0.21685905799576002,0.002173766574102099,0.00042589808978224806,-169.58662027482788,5.224187442929433
210_Wide,2575500000.0,1.0544066697298244,0.003326959105261862,-151.22122921931972,0.22247561756637,0.0021694056270765813,0.0004030490963699522,-134.32606420556692,110.59860291721485
210_Wide,2575625000.0,1.0347169803552267,0.0032149211995647848,-151.73502859526505,0.21374313226911196,0.0022031732031783237,0.00044159569325607394,-98.4958443345137,143.68049750522573
210_Wide,2575750000.0,1.0602685367362614,0.003658278697148577,-150.9995260263989,0.182727249217265,0.0023886347376575667,0.00025029610739571234,-99.37406945760179,146.27412096871421
210_Wide,2575875000.0,1.0444261312062113,0.0034484365541545114,-151.1587419562285,0.22113974608691236,0.0025574888877847152,0.0002590122864011095,-132.9595854295197,109.39956308047482
210_Wide,2576000000.0,1.0391380808782111,0.004367092670447415,-151.45837284219814,0.177830364812433,0.0024374241203879415,0.0003350709847275056,-30.27447512821599,175.7199975766656
210_Wide,2576125000.0,1.0449959288684045,0.00473346832597409,-151.1555134839342,0.1595001805439792,0.002473481982152411,0.00030989692967679674,-96.71116628539134,145.0972644088904
210_Wide,2576250000.0,1.0436295506494053,0.002756313431501014,-150.71901623007355,0.13744027317197366,0.002394781748712857,0.0003144103871668443,-99.36570610062236,145.27918216711396
210_Wide,2576375000.0,1.0286793706400004,0.004128693675910844,-151.17090791509466,0.09436348755243756,0.0025141291737217635,0.00031785713649741136,-173.25148069056053,3.6427952724175356
210_Wide,2576500000.0,1.0591130480443274,0.0036667114955140747,-152.50948698212454,0.1657862365215799,0.002632770335292166,0.0003774361002660452,-133.0102630218431,108.93935140885723
210_Wide,2576625000.0,1.040157603142451,0.00313617174612499,-151.4001163894239,0.252787450796813,0.002451040093465892,0.0004341355540430037,-169.09107112847195,5.339181997024802
210_Wide,2576750000.0,1.054937892448421,0.004028114563639617,-151.19885597146853,0.23370835371474863,0.0025563127373061777,0.00023753197161995393,-173.1438629804172,6.310510273771488
210_Wide,2576875000.0,1.0486907459437949,0.0021187624143518273,-152.60079514529463,0.15971353775873917,0.0026745372653783706,0.0004033221954541595,-104.05559652064723,146.01324411130034
210_Wide,2577000000.0,1.0501438314245874,0.004859936330990826,-150.14672662971444,0.2753719690987994,0.002438668193612355,0.00037541239730342545,-134.4843497353708,110.57936273806202
210_Wide,2577125000.0,1.0386175060495408,0.003746229384989239,-151.02007323443422,0.1464256727118087,0.002749427065627817,0.00026616659852262927,-137.21796479270049,111.44093109686902
210_Wide,2577250000.0,1.0491868383366723,0.0038563838059383093,-152.23683690932694,0.20341120401878884,0.0028021567121972873,0.0003331370181630138,-136.01654463947506,111.06698953026797
210_Wide,2577375000.0,1.0646417537555657,0.0028979005413159015,-153.20904922679333,0.1914989252622265,0.0029801610304062676,0.00034784595019158297,-136.72865892003887,107.93278226664599
210_Wide,2577500000.0,1.06522428873827,0.003067336646885583,-152.45965099815118,0.1284417003756694,0.0026902241985866317,0.0003695306926138011,-68.09431947570228,166.58748974358704
210_Wide,2577625000.0,1.078153753935135,0.0034436810477092698,-152.30277996900944,0.1343158117155455,0.003016383676362464,0.00024443151567607696,-64.82118171770858,166.74286294799137
210_Wide,2577750000.0,1.0759858415679469,0.002369393299522145,-152.3685788958399,0.162609728412972,0.0029262315500867744,0.0002024754298755491,-133.65624382760782,110.29484600685147
210_Wide,2577875000.0,1.065994082694283,0.003431111507943142,-152.22929736069688,0.16092093427155701,0.0029500461539836245,0.00023867430614342395,-32.13970777502106,178.84479243926774
210_Wide,2578000000.0,1.0475177695917894,0.0034829994503789903,-153.95983935307098,0.1480397516166409,0.002818021284807035,0.00031044563353125134,-103.29816489060872,147.06236108285458
210_Wide,2578125000.0,1.071112835144693,0.003399956705582638,-150.72900372765042,0.25575851157275237,0.003045072942273399,0.0001736559561100445,-170.12761875042287,5.465170813832713
210_Wide,2578250000.0,1.0581703949178176,0.004274611953238012,-152.79594843295155,0.10260097829283044,0.0031416594429016054,0.0001807184819726122,-100.86723796862914,146.99734124014512
210_Wide,2578375000.0,1.069378219177171,0.0026655065356380107,-152.20310441259943,0.16665729795956072,0.0032152126949289103,0.00036194428478616216,-102.60205957930161,146.64995083362197
210_Wide,2578500000.0,1.0895741468603768,0.00475827765144235,-153.18140352525973,0.2610318953985374,0.003246484660562507,0.0002834529763628047,-102.8700866403239,147.76099891537731
210_Wide,2578625000.0,1.060432251385123,0.00529122063866801,-154.03975055386618,0.20569054659371686,0.003215571526517955,0.00028052102669767244,-102.33812209511883,147.16986243714942
210_Wide,2578750000.0,1.0863580013112506,0.003694416130131575,-152.61430128234454,0.21517339746947153,0.0032075158989692126,0.00021975236457773097,-100.81034716455036,147.19297683710886
210_Wide,2578875000.0,1.0909356021496341,0.0024013380205226737,-153.49811930375182,0.17042792769923257,0.003302069266407171,0.00037329447966792423,-69.84159531527466,167.86806711648262
210_Wide,2579000000.0,1.067994216828063,0.004002065337333075,-152.58929170159132,0.12558536902489462,0.0033852733453088157,0.0002640680627106931,-140.63428614720522,109.93830179031525
210_Wide,2579125000.0,1.0547169915904617,0.0025125504440776697,-152.13584523720343,0.12973830335694564,0.00327614486574662,0.00022247499854012148,-104.8689048483649,149.2878799425817
210_Wide,2579250000.0,1.0595681418518113,0.002943200884529755,-152.38340915533973,0.25754201552585,0.0031748835042122317,0.0002666664575967093,-67.07993207695762,168.07396738869787
210_Wide,2579375000.0,1.0690333902842932,0.004640392949773684,-152.34666199911499,0.17969804322166416,0.003705587670860172,0.00024347541430513056,-100.1557074118934,147.0727529803015
210_Wide,2579500000.0,1.083462252863626,0.004229889200940255,-152.49955869753447,0.19992102084310506,0.003699411954390582,0.0002840601505590837,-68.05510907107963,169.93987598770593
210_Wide,2579625000.0,1.0644231364777716,0.004165593408536832,-152.93155044271012,0.13385856794125262,0.003637509205844984,0.0003185324451508443,-172.8055716450113,4.007182046080992
210_Wide,2579750000.0,1.0553127567574798,0.006051061730371262,-152.80419961955613,0.25911383784058306,0.003517630273390067,0.0003678851196582682,-101.62079102259388,147.71802396887242
210_Wide,2579875000.0,1.056847510222155,0.005830846758414719,-151.38932987560858,0.21223003288691109,0.0037071587080524182,0.0001545106846891506,-102.05494556283556,147.7481854892861
210_Wide,2580000000.0,1.0478075245325478,0.002814913554320397,-153.082462150519,0.2048500783029136,0.0036331162359296803,0.00023219351384463197,-137.00165435171613,110.95118780207274
210_Wide,2580125000.0,1.0666954448045716,0.0027707559246108603,-152.55444325028247,0.31219964381535525,0.003612664295897914,0.0002948699684126787,-103.80563822259155,149.49291876289772
210_Wide,2580250000.0,1.057632557177318,0.003015885835338327,-151.15757850972682,0.20089340795614555,0.0037045218307254547,0.00026831490991860023,-99.31123875092652,146.6512708806034
210_Wide,2580375000.0,1.051533576135523,0.004113519727599491,-152.55243023926013,0.182593964963683,0.0038221868434364357,0.0003301248903771098,-136.96313797999855,110.45983973929889
210_Wide,2580500000.0,1.0761677875049698,0.005287988403208364,-152.3564031700172,0.2756206176548143,0.00395502992518287,0.0003907481809014913,-68.17289154175852,169.58237109203608
210_Wide,2580625000.0,1.038757270911947,0.0027720548124901133,-152.72111474741348,0.2157193638960878,0.0038985965809194634,0.00020669925707390938,-103.0791223736151,148.859336181454
210_Wide,2580750000.0,1.0467702660526885,0.004835379579722211,-151.45701194358463,0.23664657976157952,0.003901700209470562,0.00020640521266090625,-100.13868346270726,147.1946855365388
210_Wide,2580875000.0,1.0639689045321927,0.003783020863921919,-152.49654343290393,0.21617413504894006,0.003984515918009734,0.0002368452260084458,-102.18573134172264,147.79312702237786
210_Wide,2581000000.0,1.039169957519145,0.0019521242780529888,-152.34725178105978,0.1829700141773416,0.0041205581615331765,0.0003390946468571589,-137.9804576718505,111.39191769938803
210_Wide,2581125000.0,1.0228550018120484,0.0038725688554007644,-152.38276613887697,0.16325034811577604,0.004177645535125739,0.0004051424689338304,-138.23921047152092,111.84681803926668
210_Wide,2581250000.0,1.0563744842862535,0.0026695740732832107,-152.099069143412,0.1529554237125355,0.004235724442028849,0.0002371987237151888,-171.70400041362504,4.064741872018566
210_Wide,2581375000.0,1.054490364285752,0.003239439518322876,-152.11129000171272,0.16379407607776222,0.004271083830462799,0.00031806427306023974,-139.2681183228099,111.81292812656173
210_Wide,2581500000.0,0.9954865626455125,0.002059612174225836,-152.6743211036767,0.1866664610559438,0.004394811495894207,0.00028208341897079277,-137.69157468127298,110.18383275892258
210_Wide,2581625000.0,1.0500383404797455,0.0037661365799189356,-152.86124626220595,0.2889313870208879,0.004464227388887903,0.0003081399136963335,-138.59723365939942,111.57014704214619
210_Wide,2581750000.0,1.0193803280937483,0.003353738062739531,-152.83270447276632,0.14948158686943075,0.004329239824572557,0.0003244074396636734,-103.53102349064451,148.00861771596064
210_Wide,2581875000.0,1.001638395585051,0.0044604977578294805,-152.98267909254184,0.21697464249768145,0.004626297234431602,0.0002889876217128055,-173.1396834557148,2.7137168842805193
210_Wide,2582000000.0,1.0112622968520375,0.003332681551629375,-153.254160882646,0.19433725991046913,0.004564867645844913,0.00037527383350255015,-138.4999471957396,111.0707066618506
210_Wide,2582125000.0,1.0205845272312108,0.0024786193030151907,-154.05920820008046,0.21720847549711345,0.004763762916266025,0.00022540361967017346,-139.03607908159438,110.958443260859
210_Wide,2582250000.0,1.0427943397404165,0.0031323729941346947,-154.5919204719969,0.35026788841610945,0.004798603923017569,0.0003962163381752281,-175.38357943963874,2.2839523919143963
210_Wide,2582375000.0,1.0280108558321779,0.0032725860339612974,-153.9394294339541,0.2916068320705309,0.0050435076184156945,0.00042650895334210825,-137.5616687735244,111.21733328352767
210_Wide,2582500000.0,1.0137660674198508,0.002622369782887385,-153.2869536738043,0.2231431513014343,0.004993806358781295,0.00032015827688617075,-139.47745465676667,111.03303570372788
210_Wide,2582625000.0,1.0027898129468598,0.003940763293218117,-154.83645976222954,0.17282902720402027,0.00521205892168737,0.0003633341687655947,-33.17504771366434,181.96400998676555
210_Wide,2582750000.0,0.9921083886693112,0.0036506012705898043,-155.82957796460482,0.2220295081711608,0.005142126758586386,0.0004147695712186879,-33.032378869687506,181.01044522590635
210_Wide,2582875000.0,1.0030391129757632,0.002104640214074367,-156.32090194027404,0.19117188050038383,0.005231074512187031,0.00034714181443465717,-140.33247972456778,111.73850173382478
210_Wide,2583000000.0,0.9938219686388045,0.0022891985371551516,-155.4247217285435,0.17355172330199595,0.005494094719219886,0.00033172906370851563,-104.8993659502434,148.6700170118475
210_Wide,2583125000.0,1.0031034970132318,0.0047449639122577585,-155.53525540697478,0.19073181810239517,0.005311420382080309,0.000271725906531447,-175.97097691480812,2.017665946681498
210_Wide,2583250000.0,0.9908312814124295,0.003577102059739186,-155.82838682310705,0.15658316026465802,0.005553746702273218,0.00027369964105169656,-68.4486354159633,169.68029665190454
210_Wide,2583375000.0,0.9917846381096295,0.00414334100055209,-157.00279886646533,0.12394304755920377,0.005916483130688424,0.00028632227541076704,-34.18405744067287,182.66193549889107
210_Wide,2583500000.0,0.9895605588321377,0.0025481890428039108,-157.5775832742158,0.13166987941246025,0.005859372812461806,0.0002053713571209698,-70.70864850269825,171.166643362424
210_Wide,2583625000.0,0.9978116182201582,0.003902196913803767,-158.27041989590623,0.28173781039233253,0.006411001605175931,0.0003944266102227262,-34.14221346975969,183.4714730489758
210_Wide,2583750000.0,1.007298752043034,0.002719788185619122,-156.94897759706595,0.23241200252349692,0.006657112995170611,0.0002914436549964212,-142.10561683292042,112.02940117123298
210_Wide,2583875000.0,1.0116778354471043,0.0037699207373338914,-158.22191850946217,0.1310217224148628,0.006716773784327446,0.00035853314583121377,-35.55042492647741,184.20565097642452
210_Wide,2584000000.0,0.9798950599901256,0.004042057500628154,-157.997806172028,0.1897113604264078,0.007087843155234191,0.00023588312345409744,-0.3188555103510339,186.06385909390343
210_Wide,2584125000.0,0.9998796576164711,0.0042415347357430445,-158.5972441209205,0.2789255975401446,0.007208205262633904,0.0004336865286066916,106.54374544102369,150.39427403040764
210_Wide,2584250000.0,0.9898133357458341,0.0030939449526457825,-159.16625985827156,0.29318583085180056,0.0078049726025796635,0.0004416765684284284,35.65189059022768,184.43433329739779
210_Wide,2584375000.0,0.9862144442519294,0.003676753652080878,-159.40711882145374,0.18700091711692143,0.008211231674801582,0.0005294156790871863,178.12029017799574,1.4279056282064135
210_Wide,2584500000.0,0.9806850920092758,0.002313079735015474,-160.66510755117653,0.3269768200327643,0.008380132905664845,0.00045859670831318054,176.57372037443187,1.442287441630615
210_Wide,2584625000.0,0.9958833853514146,0.001951274792517604,-161.08644296022857,0.12213254480058712,0.009079221065761428,0.00023846165526307541,173.71703508041477,1.3105958900996066
210_Wide,2584750000.0,0.9863812102023253,0.004395546148734918,-160.56071368183103,0.1880943749042413,0.009935246955032909,0.0003454399393130934,174.28643817481912,1.921964655593739
210_Wide,2584875000.0,0.9926900744421554,0.0036272870502725508,-162.29271302262362,0.189898464938196,0.010909197136780313,0.00025767507460618604,171.12542626944887,1.714295793930401
210_Wide,2585000000.0,0.9810415472518869,0.0021298399720314914,-163.84832818585096,0.15224788701728983,0.011721536238517873,0.00033153651957360057,167.4309679045473,1.778737914917058
210_Wide,2585125000.0,0.9757808618383391,0.002277846656995567,-163.21195677568713,0.24614829007243072,0.01288752841929003,0.00022569091693274652,166.72570098506966,1.2619611251324339
210_Wide,2585250000.0,0.9696107608442949,0.004597090337079385,-164.46036162081657,0.13973733253631518,0.014653397000343408,0.00028318233529161624,161.3365259389816,1.4368550147804526
210_Wide,2585375000.0,0.9518628392068644,0.004008132367651796,-165.3561160748893,0.18748494433911095,0.01672332341512558,0.0003529363595317281,156.25398122438347,0.6268455947376244
210_Wide,2585500000.0,0.9167011288522611,0.0025912700255207406,-166.62820509281545,0.15288569980787783,0.019285490878522438,0.00044424417469730745,148.25437501142395,0.7255414872419119
210_Wide,2585625000.0,0.8730703261065788,0.003379967318264341,-165.28843347245524,0.2676421930731733,0.022784842516114553,0.00030886932364497164,137.84510567003042,0.7969581798553884
210_Wide,2585750000.0,0.8074685496454193,0.005284926787779102,-163.96274662160266,0.27895307418572957,0.025296840238770067,0.00036422277383572595,122.13254834383253,0.6588490172109791
210_Wide,2585875000.0,0.7747835957717206,0.00436938219578543,-159.56603007345615,0.3300020061736495,0.026367438610412082,0.0003224342238141025,100.22980387359794,1.199286537277493
210_Wide,2586000000.0,0.8278833526799025,0.003355611995729115,-154.6141400462717,0.2600015362081237,0.02380949995992459,0.0003205980593815024,78.51019711056443,1.0026335175582255
210_Wide,2586125000.0,0.8665408215959429,0.002863804241909902,-152.47863208741404,0.34448386121264735,0.01913752018157467,0.000297759204857546,63.341763984769926,1.307203908024433
210_Wide,2586250000.0,0.9238461174226528,0.004939868385662871,-152.96143917965423,0.2925099750921419,0.01507234244670613,0.00018427769374498978,51.52422811605463,1.355172091347839
210_Wide,2586375000.0,0.9639806218246828,0.003451881318592551,-154.46447961080597,0.22141206574373445,0.01196047347824751,0.0003660049286374576,42.84503014391393,1.831679686061135
210_Wide,2586500000.0,0.9814695618289576,0.002578687046391628,-154.69871834289916,0.15168529604036798,0.009721454736444009,0.0004317942331927248,37.92363918773792,1.546749782507595
210_Wide,2586625000.0,0.9894044462169523,0.0021883855776504194,-156.16076439165354,0.1674709455077271,0.007776175061241289,0.0002598163510061805,34.679045248527856,1.6270931893322869
210_Wide,2586750000.0,1.008516715358412,0.002189440103616047,-157.6167455708898,0.14294290481167374,0.006654675361717188,0.0002734916701464647,31.296958205237864,3.5776223447209192
210_Wide,2586875000.0,1.0093578107453045,0.0035249741749237757,-157.39124008911577,0.18634144332730893,0.005407263442634587,0.0002923756548663321,32.9160897363713,4.742946512382161
210_Wide,2587000000.0,1.0000683720007815,0.003671352107885968,-157.4356301000129,0.23325881459818024,0.004616700697843567,0.0003420074245872554,31.441788468982228,3.06910765513755
210_Wide,2587125000.0,1.0033854154742017,0.0039085592076903404,-158.896041539515,0.24795802825032076,0.0037585479505800267,0.0003354112200700398,29.106834772104584,5.454198637667286
210_Wide,2587250000.0,1.0237982902118092,0.004322159690702118,-159.20300314999284,0.1986849035725786,0.0033317615868360224,0.00031536652196593166,28.91530525539071,4.573276826721839
210_Wide,2587375000.0,1.0091329473391986,0.0034846704637134076,-159.96576595608016,0.2762960645609594,0.002604743105722389,0.00026438712326686665,29.20024428662139,6.693116049626716
210_Wide,2587500000.0,1.0255972154841106,0.0036510224172459204,-160.55221732924645,0.09567556897764173,0.002395131678643872,0.0002877772042431901,30.79847761163186,6.242146050389045
210_Wide,2587625000.0,0.9968670461072477,0.004555344960606355,-161.1279923424292,0.23644364228108877,0.0019268992140284084,0.00035663693989408684,27.819410018413762,4.0530670583558175
210_Wide,2587750000.0,1.011927284785358,0.002983454115536425,-162.57143187503243,0.20082833801253894,0.0016226260425273044,0.00032723690946785244,33.44669392683084,15.411404196650937
210_Wide,2587875000.0,1.0229646158420993,0.005102865566743805,-160.7214719549643,0.23294120690555775,0.001405133347203302,0.0002960774450191514,33.06110068677717,19.640862662583586
210_Wide,2588000000.0,1.010038336893755,0.004126632137384415,-160.04732279545382,0.2670736886547826,0.001078497048140023,0.0003149374325890038,50.90086105729376,16.85461800684583
210_Wide,2588125000.0,1.0150611164809233,0.003923608907708276,-162.25257151453403,0.12698311554875313,0.000783348520533598,0.00025507157219864583,66.80495207880305,25.269456659221866
210_Wide,2588250000.0,1.005095772032942,0.0030108701724521824,-161.6245080513119,0.18188969620972145,0.000802482326699629,0.00021277688283647658,69.44787378632776,27.51885161282465
210_Wide,2588375000.0,0.9941903509485391,0.004240235411512271,-161.6157825562033,0.17855840507205784,0.0006323638951485977,0.00036161645552427947,83.48122981448167,46.340926137980325
210_Wide,2588500000.0,1.0005584003892263,0.0035258673599907133,-162.79699866889868,0.25450656608534417,0.0005919155597412449,0.00016302428760688785,96.62156434616875,38.238626683057184
210_Wide,2588625000.0,1.0147818556980739,0.003089330331867683,-162.1289353942851,0.2911846688643395,0.0007608874890207018,0.00026394773482981895,85.81049631933573,91.10619358869101
210_Wide,2588750000.0,1.0076677496760198,0.004459436864998822,-162.75021186559164,0.3339372415410235,0.0008500421189569302,0.00036149563771304495,108.5814580939533,93.3754593925342
210_Wide,2588875000.0,1.005492521806243,0.004020010704179106,-163.97320979923538,0.22630266525980597,0.0006570415523385843,0.0003263622104143628,100.90700382859853,91.84780638200996
210_Wide,2589000000.0,1.0177695327287886,0.0058048973876143484,-164.03188222159952,0.23498294909906464,0.0009872119570354214,0.0001457932038036559,157.24019251620044,15.012447611617024
210_Wide,2589125000.0,1.0161959303906012,0.003128206035697415,-164.80176723849317,0.24556118903786633,0.0010432327344620479,0.00037834863357860037,24.402447456640637,164.31008668124616
210_Wide,2589250000.0,1.0231023632344303,0.0038169474685653035,-164.68536784848493,0.25707039270507936,0.0011667420446245837,0.00019539732390097924,125.4810568819702,106.85134972197469
210_Wide,2589375000.0,1.0158591142283644,0.0036987600436618764,-164.92684493139618,0.18574852313292547,0.001276141176933281,0.0004548517700389242,121.34606903676654,105.8875982648841
210_Wide,2589500000.0,1.0118647323419068,0.003377059077478342,-164.27311434431172,0.25251173712936514,0.0014136632896733878,0.00029672268547602265,96.81471460260911,145.2482732678061
210_Wide,2589625000.0,1.012368815497737,0.0031804059411696113,-165.0143506650684,0.20944039746013401,0.0015490621643175374,0.0004278307801693385,129.72968157663436,108.8654131034774
210_Wide,2589750000.0,1.0132530359945933,0.006197690954162987,-166.11944248100872,0.25180474327797203,0.0015528363109525735,0.00038972732025694177,66.5066539677401,165.12368151738042
210_Wide,2589875000.0,0.9877469033217529,0.003302286538763253,-166.29114440395585,0.1470556392151385,0.0017100938168465225,0.00017864176716302318,95.79648499839298,143.01026924529708
210_Wide,2590000000.0,0.984956139267843,0.0035409361137762356,-168.2240547709474,0.14252233881777876,0.0018708849020504896,0.0004231111209289613,98.9159708620138,145.36374033807527
210_Wide,2590125000.0,1.0239022106827897,0.0029809271912967163,-167.13601090026577,0.21493940947175355,0.001850491683700426,0.00033230641302828045,137.3108400825683,109.25556876055774
210_Wide,2590250000.0,1.0050298745863036,0.004694364684005395,-167.4186526097691,0.14830657065258412,0.002029792292734715,0.0003467474444415321,100.8892579391642,145.6353228131497
210_Wide,2590375000.0,1.0140751651589137,0.0030335757671526853,-167.74960772983206,0.18405700983045814,0.0020744276164392497,0.0003601898618752801,134.4298914376285,108.47209710135263
210_Wide,2590500000.0,1.0049389073668102,0.004383171724258285,-168.32329340973197,0.11693640506141605,0.0023626896049031287,0.0003672251009115728,134.63686256982888,106.17405717729957
210_Wide,2590625000.0,0.9860542783737042,0.003925940128434273,-167.6520358824576,0.2333502941793098,0.0021751623028125893,0.00016435777810892634,68.0310132268909,170.06149418372073
210_Wide,2590750000.0,0.9958533923962096,0.0033871179189230885,-169.81979253683858,0.1715960811585484,0.0023673146330674306,0.00022622473854296357,64.7978908134619,166.89874314245657
210_Wide,2590875000.0,1.0212164597356244,0.003033154030459635,-170.096681327872,0.18050701476356323,0.002482027590410868,0.00039727599134879314,35.03342300781757,182.2482571593007
210_Wide,2591000000.0,1.0005093926320796,0.0030353419790635212,-168.98015783308776,0.18903072587247233,0.00278530456363236,0.0003514870533649845,137.2961339620707,109.94085185350579
210_Wide,2591125000.0,0.9904431183124704,0.0036710033931364543,-169.5013483196849,0.3027676761606945,0.0026373289636356908,0.00032926827445707324,65.62475010291224,167.70729146067427
210_Wide,2591250000.0,1.0063945960588523,0.0031300953207474167,-169.38824401275565,0.169629689656239,0.002874859961807207,0.0003649513681328358,32.92336722858137,179.69027001689332
210_Wide,2591375000.0,0.9959747028786581,0.0034346070656463895,-171.92447450007273,0.22050692514762646,0.0026571186512499424,0.00045176686767276413,100.82503231282776,146.02422868140482
210_Wide,2591500000.0,0.9989454610141694,0.0025663283543801508,-171.25141443963255,0.09523131653912853,0.0031179992850002367,0.00027665693158782334,171.80218307061676,5.04050584808949
210_Wide,2591625000.0,0.9965351707917471,0.0030210655592830303,-172.32201181533523,0.20422941132037467,0.003124086805335088,0.00030440014838721834,141.03379484285023,112.58003435555628
210_Wide,2591750000.0,1.0156980200532482,0.0025370222447054546,-172.69962415535755,0.2711700849545627,0.003102466604688785,0.0002845505800810694,135.68343075564957,109.46680790235425
210_Wide,2591875000.0,1.0307337876181268,0.0038097192771484067,-172.1899769854063,0.12155369936460504,0.003296886128342648,0.00029641611338951834,132.60621460013098,108.72334780162765
210_Wide,2592000000.0,1.013435672400012,0.0031350781687360524,-171.9767474586205,0.20767224311657093,0.003128770170469435,0.0003015279913885202,138.59783449093425,111.59131375771632
210_Wide,2592125000.0,1.0145895372085265,0.0033323644705755585,-174.09486574519414,0.19647949835260933,0.0033647246717773025,0.0002458026548655925,100.48882428468177,147.73555351403468
210_Wide,2592250000.0,1.021212328168673,0.004104615728282908,-173.74412462613284,0.20825889348163143,0.0035165893290091035,0.00034437071881592495,171.5747089694293,3.874073392595868
210_Wide,2592375000.0,1.003004328333892,0.004417422870405218,-174.74280035278113,0.22345769385393133,0.0033107025254456696,0.00020174434493817406,174.564876518617,3.286973137869221
210_Wide,2592500000.0,1.0203430826700743,0.002812147472351941,-174.54099162851097,0.10985847218937181,0.003651013271937851,0.0004578346171965331,135.58849253128713,108.81300406146087
210_Wide,2592625000.0,1.0020485962646069,0.0027373389663206084,-175.78082449288223,0.1856158759554384,0.0034670804714151708,0.00035579751902044347,137.4300860819997,110.19755227805037
210_Wide,2592750000.0,1.0273035331083407,0.0028045015188238737,-174.8088250134034,0.17262478183129212,0.0037534735715132484,0.00019560981050263112,172.68143620532237,3.31918211339956
210_Wide,2592875000.0,1.0148412853515039,0.002982923296736518,-176.37127922246805,0.16156491837890183,0.003623379044871669,0.00036174653575092147,170.48771952078144,2.675578151602962
210_Wide,2593000000.0,1.0141520193244538,0.002077642733914074,-175.86972214783066,0.20748372524793768,0.003759238943272733,0.00022103166153889355,103.27904089067964,147.31207435959752
210_Wide,2593125000.0,1.016268787068367,0.002705038302090067,-176.94114672175044,0.25127471147148595,0.00396949901806779,0.00035076542599105147,173.79040185560447,2.85721303827637
210_Wide,2593250000.0,1.0176737946288956,0.003531367321907974,-176.932917259592,0.09428412533665785,0.0038909297068449407,0.00017341486978779232,134.77099225174086,108.73827657630476
210_Wide,2593375000.0,1.0131193069384656,0.0029639814281427813,-178.9892886673517,0.22866026078294044,0.004036188185850328,0.0002685654105998065,172.4775921765633,4.0855525649450595
210_Wide,2593500000.0,1.0148668933691853,0.002799488142942142,-178.62411525210283,0.20869325733004074,0.004178200553058174,0.0003158527407427086,170.1571612861315,3.9946411919643694
210_Wide,2593625000.0,0.9990520464212413,0.0026271692108968563,-178.5345889798302,0.1973484199493741,0.004126053322453024,0.0002739796295636357,134.79710934094115,110.56297314550628
210_Wide,2593750000.0,1.0047357390428329,0.002595304207789801,-107.88032977839447,151.65873135852098,0.0042362090831451725,0.00020481181118771295,171.62371210157778,2.1123486299897074
210_Wide,2593875000.0,1.0254777992983388,0.00331216229662191,-179.68128740749725,0.22172740686938974,0.0044354168998902216,0.0002491076385801045,174.175732051624,3.4669686749681365
210_Wide,2594000000.0,1.0249619021967125,0.004242681815107204,179.52462107344238,0.21715090355825434,0.004534597467982275,0.00025362840830597637,168.87775110953936,3.5840646192645242
210_Wide,2594125000.0,1.0146959194890481,0.0031057150218483853,178.8311220585006,0.2202512724352199,0.0046736994799868765,0.000291815096887862,169.05573799354352,4.382275926150773
210_Wide,2594250000.0,1.0324785081791692,0.003622891694372726,178.3312868884358,0.10079965406296566,0.0048253522619798326,0.00038316730627034254,169.37943091358736,3.854125241787911
210_Wide,2594375000.0,1.0084592340378173,0.0037349409665995777,177.81281113508558,0.20715998452445608,0.0049562519328069645,0.00030337500191788966,170.09396320843092,3.280403536213433
210_Wide,2594500000.0,1.0236363961720663,0.002249453058332798,176.65924278916674,0.0882992110375824,0.004996507904720517,0.0002587799484501357,169.82526601484375,4.662656126925064
210_Wide,2594625000.0,1.0162212801351889,0.003202312996348839,175.43123963777782,0.18572289333520162,0.005056429083682254,0.00029382657635239107,167.60158266474735,3.7801121183210453
210_Wide,2594750000.0,0.996515572840386,0.002595762197147587,174.70806402187853,0.20102953993922837,0.005109458304774021,0.00018396385095475313,169.4020519181418,4.026547455673735
210_Wide,2594875000.0,1.0163456704862013,0.0030630682603366623,174.26958426534503,0.24052942947559,0.005324195308374101,0.00047739295975527903,169.82279540685835,3.559193302125362
210_Wide,2595000000.0,0.9906865288218533,0.003217016231086174,173.55642475997746,0.14434033259048962,0.005484487750913387,0.0003138097095900813,166.8336673222065,2.7303951892695015
210_Wide,2595125000.0,1.0057352600461167,0.0032569611266583466,172.56556251038134,0.1501245251589815,0.005793166108714226,0.00023044166931393827,165.96311651335031,3.4400221157266815
210_Wide,2595250000.0,1.005034366072988,0.0033932667311176233,170.66133880647078,0.25244389241996235,0.005704396290190492,0.00015390669287932928,164.80003329511987,3.6013246569778508
210_Wide,2595375000.0,0.9869923990618981,0.002202201393279255,169.8640739934054,0.21119705083289514,0.006063546250308698,0.0002655191685202115,164.94717677286616,2.5092815568936735
210_Wide,2595500000.0,0.9909832642087799,0.002498152170620853,168.90048676088747,0.16945020082737516,0.006050980659828554,0.0002851365602198556,164.9611964051121,2.6605348747440134
210_Wide,2595625000.0,0.9932680234191227,0.004129161735871007,168.07864332717148,0.170537761405412,0.006317521300716567,0.00028118287344165667,164.61187751014495,3.4667338130099905
210_Wide,2595750000.0,0.9803452337314851,0.002359822771212607,166.01759423198402,0.10871714076374021,0.006493289106464509,0.000255989504910255,162.75723336554876,1.5548616471438783
210_Wide,2595875000.0,0.9814941644456536,0.0020543293014772456,163.93105216706593,0.18720302481131154,0.006946646840642947,0.00017517489341226471,159.51777251792313,2.197035547591426
210_Wide,2596000000.0,0.9628256277669492,0.002966065973515826,162.0544652364041,0.18784155890164073,0.00677236908502995,0.0003558406888391464,160.53415831549094,2.57333596401241
210_Wide,2596125000.0,0.966692399739048,0.003447143996877859,159.9352821719196,0.18963518472953267,0.007189797061017951,0.0003669973243551484,157.601104310491,1.870134586674031
210_Wide,2596250000.0,0.9415308502262564,0.003321424772127878,156.7375478654836,0.30013777796090896,0.007500892838954021,0.0002652223124173693,155.85266757474898,2.3443562599151666
210_Wide,2596375000.0,0.930052806207264,0.0031370274002716345,155.05203246081774,0.2536655051897645,0.00784920414432787,0.0001716353125987439,155.12946421053468,1.8866297448850657
210_Wide,2596500000.0,0.9230221152343632,0.0030569032966000346,151.24696654651385,0.22818648852258522,0.00813611575915019,0.00021000899135183607,151.94716415546665,1.7186891773501551
210_Wide,2596625000.0,0.9032149994268405,0.0018450501121631034,147.49110771000755,0.18072427654748094,0.008556402333200862,0.00023934570471819625,149.7839142435247,2.9679294271386167
210_Wide,2596750000.0,0.872174386613795,0.0028996912303082046,143.16335690479852,0.2063271799468949,0.008872532506395855,0.00021773151781928702,148.94945785233233,2.494695904259151
210_Wide,2596875000.0,0.8354376795218168,0.0025919542731196363,137.62158465448633,0.24534350391614632,0.00885918667826868,0.000329566021070172,144.56851473798716,1.868514934402858
210_Wide,2597000000.0,0.8040400653190927,0.003337483776006255,131.0652946520299,0.2898656805234631,0.009682812735400394,0.00023986462634746175,140.96715365646742,1.773944064978874
210_Wide,2597125000.0,0.7587987002298621,0.0034091602659086905,123.62962558388548,0.25425102523594684,0.009817672974089827,0.0003165639888260291,136.83049725296695,1.977879977635549
210_Wide,2597250000.0,0.6940652044381016,0.0032707126347613427,113.70014778726024,0.32659707964505885,0.010320315089375214,0.0004071685144700199,130.51366630949286,1.8068950746456582
210_Wide,2597375000.0,0.6154783574946311,0.002733833990716497,101.16119932494237,0.20340777269404114,0.010472828765299277,0.0003297126486033979,123.99179034942125,2.0030066972360614
210_Wide,2597500000.0,0.5144574936821453,0.003366536574148169,83.42571069883314,0.38446261404623705,0.010660592679489015,0.0002518958939761856,115.9985706549727,1.0386403821152428
210_Wide,2597625000.0,0.4116302586619148,0.0034155084733219856,60.39145732052043,0.43688089060704527,0.01039438021476136,0.0003034424840814839,107.03656685843052,1.4138697875349318
210_Wide,2597750000.0,0.3304813390355609,0.0026178969363913444,26.26642766592468,0.47896502358249327,0.009877043334873067,0.00032827493020586295,98.07349703174053,1.2467952823584463
210_Wide,2597875000.0,0.31652431374084233,0.0030792386317325545,-17.41072754194868,0.5871804857980263,0.009029700575193644,0.00029689431238157874,89.15569221555093,2.0087144593767583
210_Wide,2598000000.0,0.38092696098843126,0.004665695936183906,-53.24460591467132,0.3726260414808891,0.007586550813943456,0.00020632022751910345,81.37114295112661,1.9724571916941733
210_Wide,2598125000.0,0.4664339871103083,0.003280442824718468,-76.93839194922003,0.41697795940936055,0.006312171353006002,0.0002793633809331015,74.98879844755528,2.410808454939963
210_Wide,2598250000.0,0.5535988047894969,0.0036880576667132044,-94.11661971080316,0.3414726740514288,0.005156726415099445,0.0004062958878690296,70.34686961025608,4.392507963108245
210_Wide,2598375000.0,0.6295897566388303,0.0025184631032152023,-108.58304689674247,0.3106685913090217,0.004061067797294827,0.0005449747900246348,67.25397409020682,4.270952660625768
210_Wide,2598500000.0,0.6746887796493064,0.004051719610204763,-117.88141845902976,0.3019633994995454,0.002882460753771359,0.0002650649811852459,71.24133862110946,6.522382059514133
210_Wide,2598625000.0,0.7386854040615689,0.0015780545854486084,-127.75516673844821,0.2593448542741684,0.0022115497534806565,0.0005320183590746475,77.97128048648796,7.237576728663138
210_Wide,2598750000.0,0.7520857160739508,0.004207749113652412,-133.0512154220591,0.2020128464404495,0.001712886407433556,0.00028514247068059384,99.13148944213495,10.878411846406811
210_Wide,2598875000.0,0.796639479115442,0.0031701699478914455,-139.43477200460336,0.16830445996557244,0.00128839969517275,0.00026664797236947423,109.92917914716072,10.6620061326918
210_Wide,2599000000.0,0.8241301360301883,0.0027088005602897976,-142.89026867392985,0.39310695486244784,0.0016320620440592843,0.0002250571961203628,143.05188106081124,12.895438568470933
210_Wide,2599125000.0,0.8258759868347815,0.0029990600641008024,-148.83587915418093,0.22803247047696806,0.001869776234537396,0.0002815747711325264,149.9881416666483,6.7978997952892986
210_Wide,2599250000.0,0.8249328726258437,0.003132896516089922,-150.72528001486904,0.12849312020474232,0.0022913175293793105,0.00023451328773833232,160.96088259441447,6.108416227985283
210_Wide,2599375000.0,0.8517723090602266,0.002346904868038114,-152.6132164900434,0.23921317555926713,0.0027963183880715605,0.0002049880090021704,165.40927664411709,7.075762186861983
210_Wide,2599500000.0,0.8616554398071342,0.0046427001789838655,-157.63974221276732,0.25601268120244125,0.0028142989166023056,0.0003217157212691952,168.641817613718,7.163543990949746
210_Wide,2599625000.0,0.8622700888827968,0.004045977928075473,-160.25605565821488,0.17494871336258241,0.003535596538192064,0.00025988662738844255,165.43943888194505,5.043303004769341
210_Wide,2599750000.0,0.8675314889047784,0.002955006291847231,-163.63282664712202,0.35238949815827025,0.003963602531634661,0.000350718180707445,169.606948310705,5.582139326535993
210_Wide,2599875000.0,0.8714832701667586,0.0022586216734038823,-166.50956125049024,0.18824851216316676,0.00416845514694701,0.000323311963659546,170.91388668729041,6.239550697062887
210_Wide,2600000000.0,0.8826206513565917,0.00415092927442541,-168.81510460023185,0.2543546948731884,0.004529189066290269,0.0003915197459766388,133.8190563663631,109.42788426250615
210_Wide,2600125000.0,0.8792733253341806,0.0027812282915185152,-170.5273102591042,0.13454560406390004,0.0047560356393589655,0.0002764544723758488,169.055897042628,2.0495659805238793
210_Wide,2600250000.0,0.880513771250989,0.00404065011619502,-172.73722858093356,0.16152135682001154,0.005264076062461215,0.00029136548010832075,170.27906563866696,4.086915617573609
210_Wide,2600375000.0,0.8832440564742029,0.0028761533808810695,-175.18018928430345,0.218323612412576,0.0054687073679456554,0.000210658977185208,167.29802081835317,3.1062206940835217
210_Wide,2600500000.0,0.8894459726911024,0.003384863829480875,-177.7196464037266,0.22384343901765902,0.0057705769381165345,0.00040975259638941473,166.25285586170418,3.2958041084160055
210_Wide,2600625000.0,0.9072398849256584,0.0038100807713739243,35.99213063503076,185.81807476852288,0.006198863250483626,0.000407112772273772,164.2807511528184,3.301642198215289
210_Wide,2600750000.0,0.8873336732690674,0.0031168930412601155,179.07534244304168,0.21986604864215123,0.006557008967364479,0.0003508886717866024,163.71914852581088,2.199912581704682
210_Wide,2600875000.0,0.8821606017224133,0.0034727741872402676,176.48420130886356,0.23564093335647204,0.006937068913441245,0.0003291701641708569,164.76771669347218,2.056459208885397
210_Wide,2601000000.0,0.9048728175181897,0.0030516741578392377,173.5972617180514,0.14458903648003396,0.007179288346202349,0.00027820915743346586,163.2506036735863,1.448743900336165
210_Wide,2601125000.0,0.8989518513925551,0.0026557686197978447,171.2910116991552,0.15773988671551978,0.007647439347227015,0.0001854737841520744,160.19359334243265,2.2170853496256893
210_Wide,2601250000.0,0.8995692291807049,0.0018030245036881499,169.5219225332268,0.23306125847222633,0.008057282679509397,0.00032075538276688285,160.9454068089056,2.6362385878939967
210_Wide,2601375000.0,0.8919036171736671,0.00295892778387707,167.06320516137404,0.09227915658121796,0.00848405736340867,0.000311569172014127,160.5312676304931,2.0826749190568568
210_Wide,2601500000.0,0.8851128660194467,0.0029416499611455574,164.89015755818357,0.1426254574322816,0.008969600716717634,0.0003034409577905493,157.39793096356775,2.5778489870523096
210_Wide,2601625000.0,0.8819391235009864,0.0022482429752637765,161.50769678860507,0.2372401879303146,0.009121480832332773,0.000271831983570895,156.91445481283404,1.3001755410217617
210_Wide,2601750000.0,0.8751947464856639,0.0036007352022781893,159.13971458509118,0.16966729879701556,0.009548442281038187,0.00024105763555270634,154.34636962316526,2.2873725608360496
210_Wide,2601875000.0,0.8630555716716349,0.002825095030741671,156.30304635448456,0.15416918431438853,0.010133243709099212,0.00019910036412393948,152.3866239067505,1.4597685694323788
210_Wide,2602000000.0,0.8523748447742716,0.0013065709398127829,154.1306661637316,0.27156420540609805,0.010815989960541074,0.00019291362307085244,151.74872456368337,2.162560173985243
210_Wide,2602125000.0,0.8464441012644928,0.0036519185992041924,150.122500338443,0.14589028048995387,0.011225736861196572,0.00020260175337789708,148.9554432678259,1.063772353426754
210_Wide,2602250000.0,0.8354939336758072,0.0029918258181679666,146.72674076762073,0.1329560152947241,0.011731865259591627,0.0003227609495256725,147.01379874562468,1.24306482095218
210_Wide,2602375000.0,0.8178105132192625,0.0029289558778734163,143.38563096922636,0.23078817338068688,0.012285471829435223,0.0003380649592900721,144.35910802391436,1.1090582577604589
210_Wide,2602500000.0,0.7990368534501352,0.003213456479386596,138.51506670704117,0.1729644092135803,0.01300146082052069,0.0003763037628230352,141.94121739652883,1.3138776029498194
210_Wide,2602625000.0,0.7810121678418583,0.004092631628934055,132.95131241232204,0.24929505886776604,0.01379013316019277,0.00019346497716811494,139.00216388827346,1.503154958596265
210_Wide,2602750000.0,0.7517960796705372,0.003894393507057059,128.4516877690215,0.3273189573578526,0.014235370092904457,0.0002831091615864656,135.8900493370243,1.2819005681720697
210_Wide,2602875000.0,0.726546558460739,0.0038880073618094996,122.21904448966316,0.3184986553089913,0.015114125932904872,0.000272957534544775,131.21884219777408,1.3697286872096068
210_Wide,2603000000.0,0.6993649567375724,0.0032412525461791735,115.82413120953703,0.28085848813144454,0.01572306044906207,0.00025290330427053223,128.1395027895876,1.7375880235634442
210_Wide,2603125000.0,0.6727292150805545,0.0034469732857270266,108.02957335338449,0.33978977631034135,0.01669943568053889,0.00030923055243247413,125.07299707915274,0.9913043282931876
210_Wide,2603250000.0,0.6231572456383181,0.002755016439335703,99.15286640872698,0.28673839942689855,0.016725936150178377,0.0002327081583462547,120.67434734808239,1.0665213884768445
210_Wide,2603375000.0,0.5902533228134933,0.002711641643408707,90.10243943360288,0.31322450435670207,0.01773323677439931,0.0003584014221583472,116.42248179574341,1.329325284563759
210_Wide,2603500000.0,0.5527337218165245,0.0014025875308515138,76.91187409667221,0.331738902230828,0.018295208461474404,0.00032875951131917475,111.38369161686434,0.9947831020879222
210_Wide,2603625000.0,0.5212580202615618,0.003171451874624061,63.90958803684361,0.4361336616342033,0.01868867339395651,0.00045048411151844847,105.91395841739713,1.0220746092515902
210_Wide,2603750000.0,0.5022402645070612,0.003645291407167177,49.96526433871565,0.4379836791312195,0.019103386749171364,0.0002752274402394353,100.5229681442896,1.2606564714448412
210_Wide,2603875000.0,0.4786202448497834,0.0030947645195757733,33.97349123654227,0.3227973972879254,0.019367456280812184,0.0004012768287971009,94.86065710266757,1.3170378953675026
210_Wide,2604000000.0,0.47847684222983433,0.0028041460264764985,16.82171370821785,0.6926845753192293,0.019414901065143625,0.0003539191538424152,89.98992141262768,0.8251183595916834
210_Wide,2604125000.0,0.49501483479964603,0.002542604531779508,1.8060907525579415,0.588274949411181,0.019126123396001428,0.000301838501737748,83.93426501610989,1.1491879490950605
210_Wide,2604250000.0,0.5139817259994556,0.0027976238845657873,-13.19447549346507,0.2802701667049646,0.01880373518068186,0.00022276981299173705,79.54866675507786,1.0434571723126578
210_Wide,2604375000.0,0.5537699590567664,0.004116119427763139,-28.35295085424898,0.503742303976135,0.01871522894467062,0.00032423019746861335,74.50911001535258,1.2054385622442032
210_Wide,2604500000.0,0.5909626649215097,0.0032948363038175724,-39.83206348135273,0.3269330230819034,0.018174194901909798,0.00036005362971123036,68.38358133588825,1.1768785639990944
210_Wide,2604625000.0,0.6279616938025221,0.0026573788824195456,-48.785457739425226,0.3364340999694065,0.017727703972406618,0.00024004473515060504,64.28717674876324,0.523743075678391
210_Wide,2604750000.0,0.6701974741707557,0.005296178167533255,-60.0032753936701,0.3548509475496502,0.017113551533050202,0.00039189119760618695,59.71527106738756,0.6892413785458708
210_Wide,2604875000.0,0.6956023688376101,0.0031867010346879683,-66.5643562695041,0.3737921960334689,0.016063419631566288,0.0003534886524024534,56.189614283704046,1.1379230193843097
210_Wide,2605000000.0,0.7260021738438311,0.001965409084008896,-74.17402573824388,0.3283131914736284,0.015674586925381113,0.00030503433058064677,51.825260052094464,0.9556276283359089
210_Wide,2605125000.0,0.7648853955513878,0.0024972439902424502,-79.26819990342484,0.30296811995997797,0.01505878627103507,0.00044686877121394227,48.68900791880063,1.4189435069926446
210_Wide,2605250000.0,0.7980322346047292,0.0019399394983648387,-85.44363622609268,0.31040594358564344,0.01445560071968311,0.00023931887493952036,44.844750301730755,0.6270951952398864
210_Wide,2605375000.0,0.8104190030832872,0.0030407887833033297,-90.2685941230271,0.28329647829416704,0.013718990764787935,0.00033663538364003077,42.60462363736374,1.2746132202195835
210_Wide,2605500000.0,0.8290251273895388,0.0022341719482051026,-94.43761076373869,0.14876793489964477,0.013008899020072991,0.0002575053161142642,39.57042355370902,1.7121171292945365
210_Wide,2605625000.0,0.8504160024900757,0.0018615564313232494,-100.73866346752368,0.23791105072460147,0.01267170315423998,0.00033985462402275085,36.41954878901449,0.9099594584749368
210_Wide,2605750000.0,0.8760592757335981,0.002962562268745045,-102.41573105785467,0.18527045289697283,0.01211901151208036,0.0001951533676519484,34.81876012669918,1.1289701260731264
210_Wide,2605875000.0,0.8655248528835782,0.004294619938741174,-104.90561159886258,0.1041182698207335,0.011390789895650214,0.00040603461478495357,33.308483436982776,1.1814750292983107
210_Wide,2606000000.0,0.8701699822264458,0.0020640869877070005,-107.2049897338363,0.23638377218318316,0.010955260842612507,0.00036292977159127054,31.145333610545855,1.7079450781369818
210_Wide,2606125000.0,0.8891266577064773,0.0034277410739044925,-111.39217797028603,0.18288843314416936,0.010479006460748813,0.00011893442386497288,28.03903821483254,1.400774147079733
210_Wide,2606250000.0,0.8929755610884301,0.0035706487403102142,-114.45205095114909,0.1093141954272913,0.010122130291244754,0.00030431192907972345,26.6590399016944,1.6189260620156427
210_Wide,2606375000.0,0.91217656259428,0.002530490485783256,-116.06232614042445,0.20623946464364754,0.009772699853777675,0.0003918962865693379,25.97222681665829,1.5821783485083054
210_Wide,2606500000.0,0.8954340072280729,0.004025898271163397,-117.79391255545161,0.18964806360444306,0.009129443176002502,0.00019379524789351325,23.89524882154458,2.254902304759761
210_Wide,2606625000.0,0.9242893596826411,0.002318872251333832,-118.92672078280063,0.21201965830455727,0.008947376708375969,0.0003149594451246059,23.680288466497345,1.568284159281268
210_Wide,2606750000.0,0.9427999797392708,0.0037391641143031166,-120.02269174511214,0.16285017370408247,0.00883058420682359,0.00026140584406855684,22.085221634255785,1.0867888340295309
210_Wide,2606875000.0,0.9406857654958272,0.003298174371805002,-124.29701960223704,0.15193261926397744,0.00850520493072265,0.0002645935672631302,20.865335013723218,1.784762416222564
210_Wide,2607000000.0,0.9298050745171473,0.003291222405360539,-127.35778967637093,0.16525304081757164,0.00804657076553226,0.00029135756835370666,17.752760949402894,1.1761306607446358
210_Wide,2607125000.0,0.9598961247733544,0.002473430981063972,-128.11364860961,0.22507681766187382,0.007939909561214318,0.00025156091098304243,18.306602163216372,1.8166237968880183
210_Wide,2607250000.0,0.934033822731154,0.0032593578749931552,-130.2680462958163,0.18598442559244824,0.007700548403920626,0.00027368347503622475,16.90146846306829,3.0026555405988904
210_Wide,2607375000.0,0.9432459030248045,0.0018072777181372725,-131.36032821266326,0.1814653835634669,0.007432001614640272,0.00029757217221369937,15.65643578008747,2.2738042527619258
210_Wide,2607500000.0,0.9504017151597361,0.0044595721434060225,-131.48205114825038,0.1932563109646134,0.007093710836779467,0.00020060131661335764,16.81335619836057,2.9587508689668938
210_Wide,2607625000.0,0.9292070434576299,0.002919868443044701,-133.42458946336893,0.16050492655038612,0.006746299091560134,0.00028230934217081567,14.933509125010566,1.8901469276600114
210_Wide,2607750000.0,0.958219053827946,0.0032893047374428605,-133.66834509015612,0.18007668138813737,0.006736102039745028,0.00039040655583174737,15.272657343018647,1.4070284359257523
210_Wide,2607875000.0,0.9684949414670916,0.0037743596612395554,-134.65413822847,0.17068642596894645,0.006641765576134861,0.0002519856546580101,14.220288253634386,2.9934913372889724
210_Wide,2608000000.0,0.950315547107957,0.0033921238905583297,-134.28160970235623,0.20424551827416657,0.006288948135206672,0.00024116320005580173,15.188649639480747,2.5192048248319363
210_Wide,2608125000.0,0.9452622185191819,0.0039007497166618625,-137.65296676685526,0.16372346440569543,0.006199501077534778,0.0002848636919272967,11.463078139186266,2.1033154016577282
210_Wide,2608250000.0,0.9664611637355099,0.003145369056392611,-138.18140195982127,0.20737808283314876,0.0058473763879124665,0.0003314620318801971,13.984623292434625,3.294720998879383
210_Wide,2608375000.0,0.9503847755178992,0.0027867073830370424,-139.6570985356858,0.1100469508325426,0.005667704468516065,0.000253554401302167,12.55443190927044,2.262883715409466
210_Wide,2608500000.0,0.9927333952092714,0.0023936916241433593,-140.4513643842527,0.22717049485733892,0.005759483301421699,0.0003064745930845273,12.056380645694178,2.525870700681387
210_Wide,2608625000.0,0.9698244291170952,0.001851569627396647,-140.90868541616143,0.1539417761995134,0.00543509674255655,0.0003143479125263325,13.980039799271388,2.1631371334471035
210_Wide,2608750000.0,1.0124502365117152,0.0030857188966556576,-140.98237179479355,0.20865102395877413,0.0056218137303285665,0.0002716064245338702,10.46978300413585,3.4063097886645055
210_Wide,2608875000.0,1.0026320718698307,0.002528424137317907,-144.7595646325355,0.23269075904809913,0.005104863479979818,0.00021760714410473038,11.066197815627602,3.7859709086952775
210_Wide,2609000000.0,0.9714912583590929,0.0030436078519633335,-144.46159609407212,0.12645410391139184,0.004991468270871198,0.0004068653574096508,10.354225202203164,1.9681470923320998
210_Wide,2609125000.0,0.9705539612491029,0.004282614678972753,-144.3545750588845,0.16653591638422846,0.004665511159056652,0.00024546300556055946,13.655491742496835,5.087229432791242
210_Wide,2609250000.0,1.0029248218559959,0.0028236253724877266,-146.31679889075568,0.21051041603675222,0.004890026220964714,0.00020587934618039803,11.01047541079571,3.2075920041490584
210_Wide,2609375000.0,0.9780975819676191,0.0021687232250762255,-146.1271467091094,0.138594147404876,0.004611012554118414,0.00024825269305345205,9.180958582293211,4.393566189118214
210_Wide,2609500000.0,0.9902886495510619,0.00428697537219901,-147.89183349552115,0.1556576405816993,0.004332913781509153,0.0003167297560161702,10.471717636187973,3.1806267892173374
210_Wide,2609625000.0,0.9996890721465692,0.004337120361156047,-146.66117265248835,0.25044721486962385,0.004441556417083038,0.0003293010844277196,12.009279217499694,5.287836615644749
210_Wide,2609750000.0,1.0261468603258508,0.0027262894504102874,-147.49720035022068,0.2390342239861163,0.004135430494043367,0.0002267525914178059,7.808657463956551,2.5552600435427877
210_Wide,2609875000.0,1.0375678194238243,0.0031790800311978598,-148.94229529913488,0.1721989904236536,0.004310277749624219,0.00033717561644288333,13.794056789489202,4.740173625589779
210_Wide,2610000000.0,1.053644618697438,0.003422917442339303,-149.82496780062183,0.2281914155183247,0.0040663785770660476,0.00028406457143703484,8.818730840520674,2.585411843856158
210_Wide,2610125000.0,1.025259492187344,0.0030643845843229133,-149.56480755634237,0.16381878120925106,0.003966078309665339,0.00033007410432462226,12.344768325862386,4.99683137712329
210_Wide,2610250000.0,1.0219752006272813,0.003167475784200271,-152.46061891846077,0.17531435364459483,0.0036655798360336724,0.00018967589618667098,4.849439393502598,4.551938886572821
210_Wide,2610375000.0,1.0236086252725314,0.0021959868298050272,-149.96452989993685,0.23975782973538295,0.0036175360456428152,0.0002442966872614339,12.282046679825836,2.521610786466042
210_Wide,2610500000.0,1.0502879926131796,0.003609921404582235,-152.35166884885246,0.1702022234895165,0.0035991744754072354,0.00012362069424856956,8.888116257332472,5.228592319206105
210_Wide,2610625000.0,1.0384811162374183,0.0034881680937872772,-151.79292635161443,0.20603115481494563,0.003257174639656604,0.0003453947567943776,9.422111449782745,4.445885218911724
210_Wide,2610750000.0,1.0348464092865932,0.0036798403297222367,-152.74414737136058,0.12152756077474895,0.003518167411443944,0.00024686756216818056,7.168672866336153,5.746468223464071
210_Wide,2610875000.0,1.0426236965926952,0.003516053181793437,-152.85566867324593,0.13974913277865883,0.003393252940188548,0.00021481576719204222,8.012328875626618,5.598250028552826
210_Wide,2611000000.0,1.026093470543861,0.0033186877208388915,-152.8619393543069,0.2163238119706807,0.003131636745083806,0.0002214509918532495,12.944787450001146,4.710616269915906
210_Wide,2611125000.0,1.0318410261861324,0.0032326940404711693,-153.3694821063902,0.12147317658525175,0.003019765077356447,0.00010320764188697801,11.658224098603032,4.082880240686524
210_Wide,2611250000.0,1.0364972734445754,0.002547454469043147,-153.21386397052783,0.1094165466892998,0.0029754549604865455,0.0001522588582986296,12.68688389122923,4.845930649796782
210_Wide,2611375000.0,1.048878121517672,0.003199813214267437,-154.00586842433935,0.14666444956041985,0.0027637615148537933,0.00021902039417978164,8.688786555378702,4.758632769935193
210_Wide,2611500000.0,1.05429367839798,0.00410481144054556,-154.3028724155049,0.1699830902306982,0.0027697262839958083,0.00040698671602554715,10.641873014758207,3.468601072733071
210_Wide,2611625000.0,1.0884510213079452,0.003898972017612603,-152.91532131451032,0.10951566777508441,0.0028144246035787337,0.00027073749848776854,11.425371881113916,8.17062657548491
210_Wide,2611750000.0,1.0478021941068063,0.0030256832500406635,-153.66179223470175,0.16653152833649143,0.002525033078156991,0.0003415707369712631,13.945324649494694,4.390343947374129
210_Wide,2611875000.0,1.0603980513443731,0.002178037800746674,-153.54071542653844,0.16067957665410398,0.002656540099853213,0.0002456893744342932,16.216644186614744,5.096578162320894
210_Wide,2612000000.0,1.0777607434042686,0.002601337417567054,-155.46112005831094,0.170261985132953,0.002205764551559098,0.0003707935542077112,15.419121759870883,9.694352853581856
210_Wide,2612125000.0,1.0375365973256088,0.0030166124938029145,-154.65842326964443,0.17248977506614308,0.002416413301747804,0.00019082273719475066,14.182234322348611,7.708801060922949
210_Wide,2612250000.0,1.0772559349640796,0.0037099238666095137,-154.72802356696545,0.14119035639665709,0.002081327358972721,0.00027733287157052157,16.462490677855822,8.053505178327468
210_Wide,2612375000.0,1.0401919285218224,0.002897141934789027,-156.24107225972523,0.18671009252687626,0.0019604391667014704,0.00030562734976089906,16.023796482530177,6.413016946245514
210_Wide,2612500000.0,1.0550949436191381,0.0037267221683696984,-155.09466358593642,0.23090482770646184,0.001941295903859151,0.00036872835667611667,13.38195867970913,10.321709785058891
210_Wide,2612625000.0,1.0463683221819482,0.003330946232978136,-157.8313406962084,0.1761929423634792,0.0017725178062754797,0.0003333028928146581,18.33080914844098,13.794273088600567
210_Wide,2612750000.0,1.0570808948044756,0.0028646882871060145,-157.6121522584227,0.14874253093507508,0.001800885398466693,0.0003622189207928202,19.352405200747427,10.4079920091177
210_Wide,2612875000.0,1.0547587159114775,0.004104908557733396,-156.46491226112732,0.15570361639090105,0.0018674956259131504,0.0002636812586696088,17.30457525784659,5.5088082803558045
210_Wide,2613000000.0,1.0517673619839332,0.0030208430891667695,-156.95291190042548,0.20070693622204586,0.0016773575580066506,0.0003423654832169235,23.85258595575354,11.769238079971466
210_Wide,2613125000.0,1.0599337202961734,0.00347924864129949,-156.81624019844705,0.11226286217592386,0.001616995337328076,0.00025071983550778497,21.179686180530332,7.104329381357322
210_Wide,2613250000.0,1.075260802230951,0.002889383719642692,-156.5930504778409,0.1767962644726691,0.001730750385396544,0.0002291439925628347,23.363669728855466,9.357506829313872
210_Wide,2613375000.0,1.0739583995975597,0.004333757035900298,-159.01969541144825,0.2710768980490283,0.001431191831565308,0.00029339535908388655,14.743260271761956,10.824314887862947
210_Wide,2613500000.0,1.0507405915465005,0.002817685695139955,-157.3430040434375,0.10957112423366824,0.0014983902569522286,0.00023153205516845052,22.091450394530916,6.874247659204767
210_Wide,2613625000.0,1.03449836639429,0.0019874165030720273,-157.48322981113128,0.20120923744639488,0.001384860412948181,0.00025788199651668705,20.21456684348915,11.799604878117622
210_Wide,2613750000.0,1.0539825125432198,0.003920047718733326,-157.82125572888873,0.1651345295661823,0.0011979897092950205,0.00020651365074775605,35.03492075542751,13.063724858076766
210_Wide,2613875000.0,1.0464575581095077,0.003979588729048722,-158.0760801021595,0.17626454180146373,0.0012684888768491774,0.00033537741803361677,37.4297271382837,17.243534306968563
210_Wide,2614000000.0,1.0400587040354976,0.003753970174456449,-159.56493645196736,0.1525318593412363,0.0012351324224246008,0.0003405884753392803,32.86697229938888,16.290934621985567
210_Wide,2614125000.0,1.0334024479250155,0.0038740483775467137,-160.09216348003523,0.18434169648515916,0.0008712891302926858,0.0003560302808842969,38.63896990491999,14.412339879228393
210_Wide,2614250000.0,1.0203484627095467,0.0024169523956306164,-159.65207106877722,0.1866915635310347,0.0008906355662420504,0.00021628668323222996,43.23781562575169,21.251368926514775
210_Wide,2614375000.0,1.0566722541722058,0.0031263551050754947,-159.89319987681588,0.2628745681461854,0.0009380685591754333,0.0002502820986690093,47.71734558803054,23.673041603571498
210_Wide,2614500000.0,1.039782839950324,0.003789726356752783,-160.0833936652349,0.183816699422014,0.0008097429392845882,0.00033547903317270847,45.67270286890177,24.292992345661595
210_Wide,2614625000.0,1.0725417296896458,0.0026273327626955673,-160.3604012552389,0.2263942441712009,0.000958708392539384,0.0003155492181162543,69.92595840828925,21.37856984696652
210_Wide,2614750000.0,1.0172421394387192,0.004120307552310599,-160.40041164620456,0.17141299071582095,0.0006888871211732018,0.0003201686957773642,67.71147970104276,19.129261211862104
210_Wide,2614875000.0,0.9962666595273231,0.0036445004571757683,-161.45213328595227,0.23336087734231659,0.0006303045128336161,0.00022739966739842045,55.26414592651433,21.353838670323928
210_Wide,2615000000.0,1.0227866048783825,0.003257018720323783,-161.9194806726496,0.22716361254502737,0.000644749380920813,0.00030242302456350023,65.59652484469254,46.144443525860055
210_Wide,2615125000.0,1.0315607673917584,0.003007523940247144,-162.50617384248667,0.2765067725503374,0.0007343505483385701,0.0002678163739251252,75.0949397416615,38.92650132583024
210_Wide,2615250000.0,1.015745736794919,0.004550431689867815,-164.2650108891652,0.22095403276824332,0.0006208337045881049,0.0002363833482112721,60.842790627323616,49.0049258408461
210_Wide,2615375000.0,1.024159481618046,0.002872042561188613,-164.87632613249406,0.2129657192234029,0.000610414147259907,0.00035391944494673393,51.15979648623129,96.38956992294314
210_Wide,2615500000.0,0.9998290931104032,0.001960271126607027,-163.98069189722776,0.1974545079808012,0.0006881481311645504,0.00025649434509889137,104.19136420161647,32.368155172806546
210_Wide,2615625000.0,1.0128569157258915,0.0036660170059538534,-163.67810264515455,0.2697150791268399,0.0007235494880799381,0.0002911125865866335,84.42766305378314,42.678813055798436
210_Wide,2615750000.0,1.047561669111994,0.003073473488640304,-166.07043967922056,0.16177638805680347,0.0006433133436407009,0.00024561412581705226,116.35059620646082,19.725050382048856
210_Wide,2615875000.0,1.044952354536158,0.0031831080169651992,-167.2813708281424,0.21233159950383287,0.0010364447480163247,0.00035893194685396627,122.12864576399916,29.423259730389873
210_Wide,2616000000.0,1.0241456502671795,0.0035004620668113023,-166.58886251454354,0.19333438280002785,0.0007772402396521724,0.0003964777413102478,96.59122599991055,84.70003081393641
210_Wide,2616125000.0,1.0151125931448628,0.0038034355242312326,-165.42742576908165,0.09426695811309217,0.0011091452248787146,0.0003729018128614512,139.91606075877894,17.54003225656668
210_Wide,2616250000.0,0.9871724884169482,0.0022885279513861078,-167.55468464703165,0.2578178276717101,0.0010081808329966552,0.00028142149451766576,143.04176306119706,17.135157238215466
210_Wide,2616375000.0,0.9973690675654677,0.004258324165901506,-166.96779546398943,0.11524435155017851,0.0010828471733599857,0.0002094153161445704,110.28922450438247,101.3754914708582
210_Wide,2616500000.0,1.0222341741893861,0.0025689333067718373,-168.23497226822803,0.2189302509025846,0.0011853416208653326,0.00035501537898026425,119.92477430715499,105.82077902314563
210_Wide,2616625000.0,1.0311532310482163,0.0034398680026577894,-168.87489612173223,0.251166731701691,0.0012941453245917894,0.00025084502209909065,142.64247845290691,11.664522149474996
210_Wide,2616750000.0,1.021685489565373,0.004515643786723447,-170.4491571505872,0.17163666691366702,0.0013369880290156101,0.00030238997323851676,151.44247800653827,15.066239536181778
210_Wide,2616875000.0,0.9914872304794892,0.0040833721527634495,-170.509266559549,0.261070451947845,0.0014701802717555525,0.00030472350201232734,153.50107762407748,13.554306557190118
210_Wide,2617000000.0,1.027295674561777,0.0023625142065535243,-172.7581475264252,0.19976232193027776,0.0015241311701388786,0.00040003506545984916,148.9386012005944,13.832533397290966
210_Wide,2617125000.0,1.0294847154552982,0.005231675744676877,-170.82286032097687,0.2574161893632203,0.0017283956170242914,0.00025998112309511115,146.20823301765637,11.166155582978707
210_Wide,2617250000.0,1.0295889338045499,0.004445506827769162,-173.37097480214476,0.2751131595746624,0.0017326596306327213,0.00033741926880532494,153.26089685201075,9.278674950577486
210_Wide,2617375000.0,1.015913496983952,0.0031841679425837284,-174.51760014492325,0.19279439072681487,0.001651574535781752,0.00032455563115178125,152.41930121129764,11.627270329493268
210_Wide,2617500000.0,1.0078352396553885,0.004331752861703906,-174.4236220829924,0.20251324277855146,0.001717593122978032,0.0002456119018207001,154.99106261001756,11.617512677910156
210_Wide,2617625000.0,1.0406137921026184,0.002995773411399609,-175.54808990724493,0.25437595404101515,0.002167836629696035,0.00031070494719163136,153.75848161454914,10.780824388954764
210_Wide,2617750000.0,1.0154248825734964,0.002828041712610342,-175.12314307081346,0.2090487913286727,0.0019920313753309785,0.0003258328058534034,161.59825818333886,9.462009264255837
210_Wide,2617875000.0,1.0100685887931866,0.0032864080015333487,-177.61891649102824,0.17849861709214476,0.002160530402693759,0.0002970394473937404,164.42270084870827,6.501987517594729
210_Wide,2618000000.0,0.9990146345941364,0.002828550508863266,-178.42924179636285,0.2184701838329511,0.0023176711751181126,0.0002756630627662396,158.01801246424475,8.800831429073058
210_Wide,2618125000.0,1.0112448193225596,0.0039565290389518394,-179.61633786091053,0.16791144724252338,0.002506816183731958,0.00039522913235986773,156.42490589926751,8.876139602109504
210_Wide,2618250000.0,1.0035722140720065,0.002408992108520661,-179.455929871638,0.2226286970252058,0.0026120453406966522,0.00036395973829242607,153.44640528163484,5.616600993536851
210_Wide,2618375000.0,1.0229803304407505,0.0031654865438335285,178.51656405508535,0.12769275996204707,0.0026014924198094207,0.0003507174317828915,154.57051818108062,5.529950107759444
210_Wide,2618500000.0,1.013381578029373,0.002552311666152861,177.71500693094043,0.19016004613545737,0.0026873985916474126,0.0002682291022780176,159.51495329337783,5.722258361764272
210_Wide,2618625000.0,1.0081509989710766,0.005154341533401869,178.0791098297778,0.24915857031729763,0.0030024535659027352,0.000508955216780893,159.78925861049396,5.9526752157852325
210_Wide,2618750000.0,1.0023236117332999,0.0035577756691570037,176.11211658388189,0.20823286223706253,0.0031513066111983324,0.0002299746269895612,157.3246297813779,6.027535878267574
210_Wide,2618875000.0,1.0131160046126408,0.0032490112120188153,175.00186028503714,0.2250816424419935,0.0034597839168654344,0.0003731743170080503,154.13693094731784,7.391888078067307
210_Wide,2619000000.0,0.994275769430565,0.004336294825351078,174.64206358931014,0.26201635838159193,0.003344983985474948,0.000300278155279172,156.2919269545196,6.509109899712729
210_Wide,2619125000.0,0.9898082389981158,0.002164870564577875,172.42435170148875,0.25409766388649985,0.003621086375232745,0.0003277228371223901,154.5584789598502,5.555291846690811
210_Wide,2619250000.0,1.0004141290026634,0.0020400719030194757,171.1023722720455,0.13376022377406965,0.003974451412376379,0.0003297865043819641,157.18040375074912,6.132043166443393
210_Wide,2619375000.0,0.9924601303616668,0.004102484468187306,170.01749047750587,0.2812219986997509,0.004474028197610463,0.00039890198837403757,154.00581675111704,4.186665871021694
210_Wide,2619500000.0,0.9947572173340584,0.005717978304407505,168.38283429288066,0.25272837196105113,0.0046456376634815486,0.0003805321191031328,152.93909298520575,3.6408978895600232
210_Wide,2619625000.0,0.9660478442897346,0.003737819996058802,166.4847214306352,0.29347784297632334,0.004696478896959423,0.0002487113574694175,151.54281277765298,2.582621447793219
210_Wide,2619750000.0,0.9603485110270547,0.004126603376149733,163.96036867327217,0.27250006368431823,0.004911619300165332,0.00041423332704827677,151.55794822875814,3.0434370806033666
210_Wide,2619875000.0,0.9623509311888521,0.0028853332161679086,162.83428100488027,0.3407718293646112,0.005321161097362348,0.0003289482123039947,151.36307963821247,3.8549743682640423
210_Wide,2620000000.0,0.9676000523155871,0.0042453767693635515,159.86925488538694,0.2303319342814266,0.005530825779338544,0.0002394609999175296,148.2881104619588,2.480801163045725
210_Wide,2620125000.0,0.95157432465368,0.004192238787533114,157.45111933787314,0.47831245907382675,0.006107281250691631,0.000386675859617971,146.45771038034485,4.074353536086415
210_Wide,2620250000.0,0.9293729423040076,0.003244157747131966,155.052980533747,0.40741295466123517,0.006306947670171092,0.0002507171007844462,146.87823577969897,2.669507606354789
210_Wide,2620375000.0,0.921382439816857,0.005170315079293047,152.02468898695875,0.24672749880791703,0.006691944790075039,0.0004399493550606824,145.60803907445245,2.3220669026381877
210_Wide,2620500000.0,0.8978624664851034,0.0031736288790952813,147.310027259344,0.2226963961878904,0.007107174302952107,0.0002128649965701254,141.4453186401007,3.4220557219514336
210_Wide,2620625000.0,0.8835416574931853,0.0039068038057427324,144.16039178367402,0.33577210621826686,0.007181224606842561,0.0002807651243904243,140.29993996469025,2.3574455373426573
210_Wide,2620750000.0,0.8691336268961963,0.005084501282468183,139.5424544195718,0.40944535678020394,0.008053578326138526,0.0002545890722754933,138.03510910962322,2.2520846049117162
210_Wide,2620875000.0,0.8427892027641977,0.005554291223747867,135.04099264409132,0.49104820932005766,0.008550558858034523,0.00033027524781426037,135.33394053383313,1.4179344950432466
210_Wide,2621000000.0,0.8222432852473824,0.0031501686722313978,129.09909385578206,0.44832348281486617,0.009013104426498232,0.0003572065685286708,131.48768657110952,1.9951232766878013
210_Wide,2621125000.0,0.7724651465003497,0.002695045398184161,123.07846997991119,0.5307408826820332,0.009550643014354617,0.0004064639163013892,128.35600280315614,3.158095208533181
210_Wide,2621250000.0,0.7421920851870043,0.0032680063066196493,114.74071313538104,0.3866869645199551,0.009998201982909172,0.00029672158703997534,123.71254247839472,2.0926349249074603
210_Wide,2621375000.0,0.7069185805966689,0.005160305315912383,105.77263351366443,0.6950025461311857,0.010831845379814093,0.0003518322389043926,117.95549157657159,1.6718394785766484
210_Wide,2621500000.0,0.6606543523672354,0.0033077195116362574,96.07370993971988,0.6075863606985806,0.011338456362584022,0.00035814057313101136,114.47045377011986,1.874582362393842
210_Wide,2621625000.0,0.6364036628368679,0.004194262471228417,85.40336768534833,0.7118308700984006,0.011956029558897335,0.0004838509297299438,110.8329852660563,1.893348588653474
210_Wide,2621750000.0,0.605656237698556,0.004329161186724592,72.25951929566246,0.7843984942526276,0.012466042412004054,0.0005676205627175102,106.08580589383104,1.3539874754613834
210_Wide,2621875000.0,0.5822027676130674,0.0030849301325891827,57.54391658613566,1.0054822671896826,0.012776527850984725,0.0003932258008214692,99.70236746565489,1.5185300054636865
210_Wide,2622000000.0,0.5628152806512154,0.0034533316024488478,41.1430716436727,0.8712149856509723,0.012898882470012932,0.00030616079708211714,94.61309810779274,1.9116850608830982
210_Wide,2622125000.0,0.5625819251023637,0.0037520488882774017,25.482181791953607,1.0452527234463245,0.013088881539720239,0.0002045336977154135,88.97685868222082,0.754538064303085
210_Wide,2622250000.0,0.5757110768270803,0.00331242145938954,10.429370912238424,0.989317429489651,0.013280661992897047,0.0002557108884491516,82.83422499559242,0.7818317201873771
210_Wide,2622375000.0,0.6027437818961697,0.00436214775464525,-6.1341457085121815,0.8245122668582693,0.013413869194848322,0.00030424261584973485,78.00366936735166,1.4675117796679884
210_Wide,2622500000.0,0.632627080599635,0.004637083627508601,-18.38085774267242,0.767359389567427,0.013236363204069698,0.0002736980798190504,72.22287566593306,1.6506862034652805
210_Wide,2622625000.0,0.6684689733833433,0.003170632566696887,-29.55728201691428,0.8499439918937151,0.012931748948156368,0.0002032442266530436,67.3140888719198,1.191278517080117
210_Wide,2622750000.0,0.7188294994148838,0.003694093660336299,-40.58225278871269,0.7182061514337775,0.012575993255380934,0.0002809261759978798,63.24181935318812,1.554783691653965
210_Wide,2622875000.0,0.7509196669968742,0.0048801867908387754,-50.27346417467321,0.5459130463065175,0.012132632307109316,0.00034926547794843856,58.3833662282597,1.170841192557946
210_Wide,2623000000.0,0.7915289713361401,0.005813235466133907,-59.15657283547818,0.5585208301552373,0.011838619353160294,0.00033331426598985143,52.57392473203612,1.6296065014694179
210_Wide,2623125000.0,0.8156942592662532,0.00423228753172064,-65.66030329823835,0.4318019662339401,0.011514663691908704,0.00021617963966978214,49.44393888609299,2.00997441553556
210_Wide,2623250000.0,0.8374254552125522,0.0041132374398168735,-72.22046370554905,0.5366362699725676,0.01116144168093326,0.0003030663200687291,45.8464497714345,1.8880577022804153
210_Wide,2623375000.0,0.8594429626648427,0.002597231743938575,-76.06224772738393,0.34061673313596985,0.010678291507108742,0.00026119908071818755,42.649919342210524,1.4675582760674075
210_Wide,2623500000.0,0.8815238317425653,0.0034708998918307737,-81.55509547518226,0.30551095887376073,0.010167518063320226,0.00028161607198610755,39.54671178366365,1.448878545406847
210_Wide,2623625000.0,0.9041532478400338,0.003712327883984758,-86.05896927101938,0.2511428540922434,0.010005498697844407,0.00034037759459490163,37.62950151530123,2.256690326818216
210_Wide,2623750000.0,0.9106664065052998,0.003517781122313483,-90.84945076919858,0.24099980543823518,0.00926249582211615,0.0002977879207375873,34.23172296696384,2.68016765953609
210_Wide,2623875000.0,0.9410476169953831,0.0023241407166201765,-94.41125461742607,0.22350807859607916,0.009247676340151426,0.00029182817127612376,32.20146546509095,2.291581658119007
210_Wide,2624000000.0,0.9322991748798347,0.004023965149549608,-97.47635425558528,0.25495799588912,0.008783171019951845,0.0003390655435916803,31.147405192202818,1.5913160954610492
210_Wide,2624125000.0,0.945300532029425,0.0032658422318174877,-100.9576913985518,0.2489716351441714,0.008582493955668333,0.00036332779048119497,27.472778483809904,1.0786951770905517
210_Wide,2624250000.0,0.9394127094977691,0.0033911560455608396,-102.87524871443743,0.2857942057073163,0.008395259784432148,0.0002547653521799188,27.23264534427985,1.5979625692185433
210_Wide,2624375000.0,0.9432594812160967,0.0024863551045140263,-107.32449854818329,0.3151532883745575,0.007897386668688,0.0003517516466862,24.300401314335623,2.108473400310983
210_Wide,2624500000.0,0.9778296277726714,0.0033854820482131886,-106.78672830966296,0.1815293947691774,0.007762408024522218,0.00039927241363866,25.087343607262216,1.9526942300342116
210_Wide,2624625000.0,0.9596015524003272,0.0033372252708411287,-110.27720926956566,0.29666175775904047,0.00748014799241985,0.0003334924132238752,22.791445359964726,2.7015979436910857
210_Wide,2624750000.0,0.9673975893093633,0.0023738379261254695,-110.99870139868345,0.29119713366005245,0.007181285860262688,0.00038260249229634763,21.773410852420234,1.9067022836368315
210_Wide,2624875000.0,1.0102959884597802,0.0021837598447857105,-113.5885626152271,0.34784455696596045,0.007202231933096188,0.00040628312703849573,18.489088020687365,2.781292384024088
210_Wide,2625000000.0,0.9863996296512136,0.0042880428878179075,-116.09188447340594,0.1657105573417555,0.006896321282134977,0.0004630105642185492,18.812520605847343,3.3045788739182314
210_Wide,2625125000.0,0.9993745894880546,0.0034079668126361586,-117.71905029688527,0.2285708561194391,0.006900846840725629,0.00018151928029196566,16.6843171392572,2.9588650169455657
210_Wide,2625250000.0,0.9733715889448142,0.00248777440516909,-119.16587151789437,0.23596009111427574,0.006411214088657298,0.00022555234265292666,16.257680169520516,3.5986310362059433
210_Wide,2625375000.0,0.9961708404169785,0.002321257672209739,-120.31614131859169,0.21172627461737173,0.006628678233927546,0.00043380226842931546,17.75358796112207,2.9872637280964236
210_Wide,2625500000.0,0.9850864760933583,0.0029130773462436987,-122.70080481866455,0.28414922028312717,0.006236862749604603,0.000377508129772644,15.10987521570566,3.60110333507589
210_Wide,2625625000.0,1.0231422384043318,0.002195780763566064,-122.52258371608308,0.24691612248283185,0.006330198620949928,0.0003094137643537928,13.661280516492125,2.5338355750846384
210_Wide,2625750000.0,1.0354074300315852,0.003570965816879323,-123.458239637611,0.17464114810273185,0.005927791852483117,0.0003144056327496598,16.85422601219771,5.121120807988966
210_Wide,2625875000.0,1.0006923110644406,0.003899394035899241,-125.42166402570629,0.18826500383382574,0.005825861390522983,0.0002851750817541972,12.752596960426501,2.5880664656722563
210_Wide,2626000000.0,1.0275435234473105,0.0028714370288613757,-126.60745761636159,0.15229145680405407,0.00598760622751246,0.00019884719177837683,13.687314715671047,2.1319358825592927
210_Wide,2626125000.0,1.0095904505843318,0.00297831789145463,-127.98025292765911,0.3210834942553308,0.005576697766403952,0.0004086456882641683,10.198065896481719,1.621180035443836
210_Wide,2626250000.0,0.9867562557242909,0.004868666356449948,-130.07531737635412,0.171963345522165,0.005363313101164582,0.0003990333975813998,10.326175866507956,3.555533980358158
210_Wide,2626375000.0,0.9980257909179103,0.0040623587734351044,-131.0982380985553,0.11401933491826628,0.005374277691884856,0.0002432940821987095,8.571058595455732,3.1607385773828605
210_Wide,2626500000.0,1.0050643656531333,0.0032587528004086822,-131.50911439526863,0.27857347179457814,0.0052537406642317085,0.0003009980264696591,8.995657865240853,2.823982790695073
210_Wide,2626625000.0,1.0474812431700116,0.00369506070255125,-130.87994583633667,0.2716182053013275,0.0056474494652549835,0.0004567219372315315,7.726602260191392,5.050977344878285
210_Wide,2626750000.0,1.0255833899473807,0.00324984109645071,-131.60221858569952,0.20862886946631354,0.005118549311817942,0.0002133036342713321,9.60053484636101,3.6443533747791808
210_Wide,2626875000.0,1.0302332748506446,0.0039801809204840916,-132.64443307543578,0.18508227691049606,0.005064160090900382,0.00023867560108232125,7.2243773960735975,4.592816340598525
210_Wide,2627000000.0,1.0725797424531638,0.0034692582363087068,-134.22735048579125,0.2209343470297149,0.005165962462572378,0.00033490846245568944,8.118302417772396,2.887529277547253
210_Wide,2627125000.0,1.0368665640713575,0.004580971547854421,-134.23175429134227,0.1654461378651785,0.005017276961037776,0.00029013790884926586,8.43280281358867,3.865380282195144
210_Wide,2627250000.0,1.0844286821529945,0.004128856043018267,-134.61689020777766,0.16829403668639148,0.00533804937557749,0.0005487893969579758,7.019466092775296,3.5143724242384016
210_Wide,2627375000.0,1.0863057281236888,0.0022757274415154075,-132.4616675053857,0.14924446925623844,0.00511693602127853,0.0003062777464248666,7.787918641545068,3.925151764786301
210_Wide,2627500000.0,1.0512926322827212,0.0033903164662061813,-134.56720978481437,0.15188126046008296,0.004668021826219011,0.0002949230444064823,7.7267800950015895,4.743101077756076
210_Wide,2627625000.0,1.0882097523459249,0.0035404289919473532,-135.8518315836311,0.17291317379654642,0.0048257928572514866,0.00022985698902440048,6.1356262454161365,3.7122934508360412
210_Wide,2627750000.0,1.0600055351835702,0.002478458406090245,-135.8097419549707,0.18648686683342391,0.004668017049802377,0.0004206538711735485,6.72920530762358,3.876545359640186
210_Wide,2627875000.0,1.0839247336679079,0.004250607324849603,-136.708806811838,0.20075256793929214,0.004539081350834482,0.00039982290262866656,7.717330836592029,4.693138262480709
210_Wide,2628000000.0,1.1223188818098475,0.0017143991314289126,-135.01755810039631,0.23332080889890064,0.0048092415404425975,0.0002834985164867391,8.283002314777766,4.423396777125382
210_Wide,2628125000.0,1.049484516280768,0.004897890851807314,-136.8363527850889,0.21880835447995514,0.004634870460785331,0.00023962949340527258,8.920306875482733,3.6018151414021853
210_Wide,2628250000.0,1.1148124895117466,0.0026158149309529837,-135.92115547138442,0.17461960836502538,0.004598860197603326,0.0003293315182119771,7.1950793543657685,2.908828412009552
210_Wide,2628375000.0,1.0976433819237519,0.004591839774790268,-137.40898058064863,0.1622506536732011,0.004428999517580954,0.0003818056398671034,5.712969586382948,5.547028393621173
210_Wide,2628500000.0,1.089529251376178,0.0031504120688390573,-138.08098873400186,0.1930720545764943,0.004496274031122789,0.00016353790779473815,4.8035579353851645,3.348514293887939
210_Wide,2628625000.0,1.0692830696203899,0.0020491503697100425,-136.87835957176526,0.21408748746891412,0.004385192791756616,0.00029545828324713973,6.381936213347454,4.053497132019549
210_Wide,2628750000.0,1.11879403190138,0.003767431933188827,-139.25233315120676,0.21771552431548255,0.0046327464062575424,0.0004144079535099381,3.7887104026819043,3.4852926582232646
210_Wide,2628875000.0,1.0998531165291092,0.0051168714387982905,-138.96554261304692,0.12461939226027843,0.004289121422299377,0.0003587165557390593,3.293697806588389,2.5613008986263504
210_Wide,2629000000.0,1.1264192844917906,0.0031591627885668053,-137.9020667990986,0.20095506943640573,0.004420436906443748,0.00034458404961964606,4.719830313073392,6.3770455758134466
210_Wide,2629125000.0,1.089057028821137,0.0034205270076733693,-138.00137192734823,0.30180913464746256,0.004261708748067292,0.000421447984442874,7.741998108244035,3.631963870281077
210_Wide,2629250000.0,1.1338584010366326,0.0034523406180872883,-138.14451412945573,0.1445269208661329,0.004351187404089892,0.00038841129766569663,4.157108665237633,3.1803241156900697
210_Wide,2629375000.0,1.1027084781545218,0.004457092048277317,-139.57322104360904,0.20759061969561896,0.004245499037223797,0.00042582852323757236,3.770075714761629,3.6176428124804616
210_Wide,2629500000.0,1.1023229742731777,0.003459782190702581,-139.22666132188579,0.21120909775435964,0.004181572953253439,0.00046134465888048173,4.7843498021216755,5.3622587044246846
210_Wide,2629625000.0,1.098643199826232,0.004385401235845387,-139.350451404287,0.260634346670089,0.004052974878192831,0.0002398882325325051,3.9901708002452128,3.1881624034772464
210_Wide,2629750000.0,1.1018545400555324,0.0046479696160424515,-137.09588198161822,0.16096436085620597,0.0040422472283259655,0.000263771861216414,7.3536106058565816,3.481384835597546
210_Wide,2629875000.0,1.0802688523286141,0.0022775584264716855,-139.23638908510804,0.3024862941867196,0.004065310699015819,0.0003699377846883262,5.398727774838961,5.027832393714354
210_Wide,2630000000.0,1.0932632429556508,0.00347460153044677,-140.51304319806653,0.2138665391461686,0.0040715170646247285,0.00033461642040484314,4.148555721001624,3.930762250078125
210_Wide,2630125000.0,1.0840858130898974,0.003519208388295374,-138.76235856060765,0.1858543609920254,0.004170601390367196,0.0004191864715714501,6.4523371359901525,5.230595865852787
210_Wide,2630250000.0,1.0670285700701767,0.0042996548859059154,-139.94271203000469,0.2775163832327885,0.003934130107777036,0.0002605462170784094,6.824893850311657,5.754777782856245
210_Wide,2630375000.0,1.0838545985103254,0.00545139889616317,-139.61047839951794,0.13287081676018955,0.0037482285634337685,0.0002963424896596965,8.081961441736977,6.405622249591316
210_Wide,2630500000.0,1.080116907085281,0.005541173464447709,-139.66691826909408,0.25915531188106117,0.00396787549826011,0.00031626190836784283,4.8598176117948295,3.6096196818287933
210_Wide,2630625000.0,1.0539164115539883,0.003168435984124653,-138.80816591333524,0.21918925652968285,0.003909532526323123,0.00036620081306228017,6.651678540935677,5.444248433906066
210_Wide,2630750000.0,1.0847427960221436,0.004529715159447157,-137.68946320815266,0.25192741369905985,0.0039033502518859673,0.00032964253209437876,9.866621788039618,5.295082377570848
210_Wide,2630875000.0,1.1071091566946625,0.0034037169750889404,-139.04043818358517,0.30540124641891125,0.004020253363199402,0.0002497623185679436,7.363588938599089,3.8524890311457263
210_Wide,2631000000.0,1.0765551199819854,0.0061493191228584095,-139.78837416930992,0.1607140933098188,0.0037220322083486653,0.0004230447323951995,5.496532957682399,3.3834246907601195
210_Wide,2631125000.0,1.0776026194068307,0.005473973225472006,-140.34523420214404,0.1912247082099623,0.0038492151272762017,0.00027846170137850516,6.824821647891559,4.744931451693986
210_Wide,2631250000.0,1.0443365477401032,0.004679585218659619,-139.6301007021213,0.23055015585987934,0.0035519897158087076,0.0003464691564325568,5.940061152934327,4.5474750634418415
210_Wide,2631375000.0,1.0725600241919828,0.0045637994466437935,-139.39670228590796,0.16591390980747683,0.0036617652300371087,0.00040256250120502976,6.647987871188738,4.456371988473177
210_Wide,2631500000.0,1.0577450799557486,0.004525754269209193,-142.04569423915314,0.2334101377069813,0.0036292572781860878,0.00024185202725845534,4.941430817200094,6.391088004478791
210_Wide,2631625000.0,1.072962433366337,0.0025795008075367807,-141.44791382888206,0.26934326307982615,0.0037906428182387466,0.00030799877814228414,7.687330131920127,6.8613977874945835
210_Wide,2631750000.0,1.0399098957458162,0.004505270596242463,-141.1087024886784,0.21217126631311825,0.0035492371271764345,0.00034235921076227323,3.5734462782127303,6.494175854451898
210_Wide,2631875000.0,1.049172306636979,0.004243808903340419,-141.32710582910312,0.21700043104053343,0.0035201516781769443,0.0004701127348256781,6.443254293886288,5.875242712025678
210_Wide,2632000000.0,1.0439916725294696,0.00541181269912766,-141.9224345620231,0.23780779577987987,0.00343447197684962,0.0003527451390067892,6.374424383041284,5.0860005668740165
210_Wide,2632125000.0,1.045434694296515,0.0029182998835474996,-143.7801325982506,0.19850024445678316,0.003483763223552634,0.00029609110001879084,4.746108715981297,6.2512014284751585
210_Wide,2632250000.0,1.0294407956270335,0.0032742730156311703,-141.8550733817163,0.2355607415407506,0.0035408990016130007,0.00045641905778789205,8.564214995079714,5.57221065876911
210_Wide,2632375000.0,1.0253284642560576,0.0032178679504236436,-143.54850206069744,0.18770986737610668,0.0033839600139008667,0.0005299100192226965,10.439659615881965,4.8614951001253415
210_Wide,2632500000.0,1.0633231829452152,0.006088463733322328,-142.0608818836362,0.23460913216998358,0.003555253818120431,0.00041084875761343695,10.78902871084409,5.8402947346420255
210_Wide,2632625000.0,0.9948242193550212,0.004740795587937621,-145.14399390212387,0.22153096116466242,0.0033369764274283785,0.00038028967145938984,7.489320292244395,4.411673581530009
210_Wide,2632750000.0,1.0207270506447124,0.003925533370570591,-145.7843161099725,0.269136685094136,0.0032852492623525143,0.0002980158605134709,5.9897731793072095,7.749969371402776
210_Wide,2632875000.0,1.0327858646360595,0.005109210983575151,-142.5682652848178,0.2443641497545636,0.0033706200667914053,0.00027901361897866,11.474596828086607,5.5774842628951635
210_Wide,2633000000.0,1.030230108699818,0.0064458419689367875,-144.91859101810317,0.2626406553259662,0.0031911797997387988,0.0004028620378147787,6.488061338404861,6.451197887939836
210_Wide,2633125000.0,1.0029925994077487,0.0037515539412554745,-145.08221504658084,0.23724440363359595,0.0033191172115983473,0.0004848504302207545,6.149075421642799,5.400123701928664
210_Wide,2633250000.0,1.019892083498444,0.005106925437614775,-146.64856937539008,0.23733764699682608,0.0032890741498976146,0.0003204974975064224,9.422776747173133,5.144486039598321
210_Wide,2633375000.0,1.0226182509396025,0.0045444180779925,-146.31891850146346,0.2549073597770739,0.003207417736016709,0.00034090345376446213,8.529403393178615,6.874470927115581
210_Wide,2633500000.0,1.0192129515853812,0.00460171402255286,-146.64902973698057,0.18868640305542958,0.0033018645231259382,0.00018457341667822946,5.556589646697329,3.4845450933207847
210_Wide,2633625000.0,1.0308494780457826,0.0022215143509069454,-146.19922112206993,0.24434043240677888,0.003118783794548033,0.00035083943804821454,9.919218904565906,7.716898072429177
210_Wide,2633750000.0,1.0058991508073174,0.004663146033969425,-147.27775521313592,0.20782809352039766,0.0031454526307927192,0.0003151312794995537,9.95195606388894,5.866659181466694
210_Wide,2633875000.0,0.9971797942954695,0.004933034287916591,-149.0509087603364,0.23752563582790895,0.0030923383625797527,0.00034817179422061184,9.104703552590932,4.990741111348714
210_Wide,2634000000.0,1.0346691428155506,0.003951336389397256,-146.78494422770063,0.2788369658613002,0.0032158112519381624,0.0005230666385082318,12.653900512813012,6.9496308786975405
210_Wide,2634125000.0,1.0281322918065252,0.004732978212121541,-149.4872242049225,0.23165631410550544,0.0031206551840111184,0.00032670327522779397,8.455097096326002,8.194436844072495
210_Wide,2634250000.0,1.0334544195654982,0.004765341132794287,-149.50597673771716,0.3080740563199303,0.0030090583528721328,0.00046353278083116313,8.29225853800744,2.9388256426611203
210_Wide,2634375000.0,1.025785014985859,0.004155148022623413,-149.56585997649375,0.2123818852819515,0.002885127994269334,0.00026297895870746034,9.27682772351309,5.435660479261503
210_Wide,2634500000.0,1.044970330231003,0.0029493764334994513,-150.91824790392832,0.3147245781968555,0.002984586136730147,0.0004033019898929673,3.232524998598566,5.5891181647289665
210_Wide,2634625000.0,1.049652684516391,0.004009867386043373,-149.85934444980916,0.30609522711701603,0.0029462092191636004,0.0003702656768431762,10.869190710021558,5.631322125925225
210_Wide,2634750000.0,1.0142870422287162,0.0020918479826244007,-152.02260719969357,0.25712374233098095,0.002785887355872399,0.00033953882779807197,11.529097878649525,6.599805559244709
210_Wide,2634875000.0,1.0590814314311765,0.004189071853873991,-150.80860137283256,0.1548790834002192,0.002751077652567355,0.00029984459963202503,7.762927407940099,9.475200355317943
210_Wide,2635000000.0,1.0208979506995532,0.004854945394373558,-150.12965527428065,0.2052785964172125,0.0028910424082969704,0.0004456916547698739,10.725100560459643,6.644571746898134
210_Wide,2635125000.0,1.064114456475898,0.004802759936689135,-151.21443805303136,0.24934535226699173,0.0030073164637670863,0.0003057204919299478,9.493738729571314,5.806100835184548
210_Wide,2635250000.0,1.0619728158299926,0.0056621235799656135,-152.20184098602525,0.2089952234431623,0.0028637636596544743,0.0002905884934044016,8.176197667533277,8.5563730574619
210_Wide,2635375000.0,1.0762410722694877,0.006156546279373271,-152.34365475921263,0.24601763988112504,0.003019855581569281,0.0002387382349338219,8.64937913561579,7.868992329503224
210_Wide,2635500000.0,1.0747090356812787,0.0025269594371302656,-152.27948865487176,0.20615499811588914,0.002846941212281107,0.00048348660878357497,6.745101001552955,6.3077449051215755
210_Wide,2635625000.0,1.039027805998981,0.004753721480263812,-152.22598960540532,0.23022248716217117,0.0027999548710885593,0.00039035111604585656,10.36671978198247,3.9616472195792043
210_Wide,2635750000.0,1.0823329265219537,0.004269715894970028,-152.85258549583574,0.24722403902081277,0.0029768889929214486,0.0002947280744596858,7.550275917066713,9.874263787083136
210_Wide,2635875000.0,1.1051497148013358,0.003327705120750871,-152.68017361131706,0.20750364478523953,0.00273419293358083,0.00024093787510374526,8.887568305686784,5.979663884647061
210_Wide,2636000000.0,1.0692653924211382,0.004177872983896415,-152.99136954208484,0.1786706015801057,0.002690288558039275,0.00037270303691210645,10.715423817072205,8.899313472140644
210_Wide,2636125000.0,1.080554722213356,0.0036856299715393196,-154.37799534846286,0.1076601326035529,0.0027521731233370204,0.00044999633983968144,7.8250825873324965,8.81644069408533
210_Wide,2636250000.0,1.059001320387002,0.0019877263272574212,-152.9111818420149,0.23376066116218805,0.00246724488993852,0.00044547020408188513,11.666129492414193,7.840408206828096
210_Wide,2636375000.0,1.0719588961228328,0.0027628678312151943,-150.68203463331437,0.1673754968939709,0.0026604663720729287,0.00032469634851865233,10.611810370646506,8.411686322831645
210_Wide,2636500000.0,1.0597521401193493,0.0038027405580060816,-151.1315130089329,0.2852176548304818,0.0025675621946811664,0.00026352223270994135,5.777614391144691,6.42094786814259
210_Wide,2636625000.0,1.1129939886156086,0.0039601679739561515,-151.40692375042556,0.26642920918254454,0.002655940540090376,0.0005257878684109655,5.860476367791478,11.331347304592464
210_Wide,2636750000.0,1.1099109409358605,0.004878622174305607,-150.38806228792856,0.1404475698939525,0.0024157188660939846,0.00042791994756872706,10.74106401321935,8.347569393223194
210_Wide,2636875000.0,1.0886485449172987,0.0036988485785269796,-151.8414467624948,0.30386561582702737,0.0023753925392606015,0.0003098889940780063,8.275007897726415,9.906093485239078
210_Wide,2637000000.0,1.1087331311209425,0.0031411308165186,-152.4442013095285,0.18133987392189332,0.002615405932222995,0.00025840795881582475,5.901008320273744,2.4342447803279783
210_Wide,2637125000.0,1.1419287781161955,0.0038613823340481247,-151.592146323741,0.23836470105236643,0.002879242558022042,0.0004656589452142713,6.776196113141007,8.261878737591909
210_Wide,2637250000.0,1.0966907196391265,0.0033833864474846144,-153.56592083978904,0.1926072503663408,0.0024509152623963483,0.0003130956663246283,5.973383803331327,8.194302979730578
210_Wide,2637375000.0,1.1320493476068374,0.004824791590164161,-150.9323003410705,0.1819858397327622,0.0026149365860436238,0.00013382326246866557,2.822172868151742,8.379740509163735
210_Wide,2637500000.0,1.107631657099202,0.003953028193778342,-150.50541145999227,0.19388221286406498,0.002601826253355223,0.0002802973295203903,8.02375314880685,8.398602912251576
210_Wide,2637625000.0,1.1144494925657906,0.00690400197928782,-151.57672701093,0.2173623355719024,0.0026478770774287174,0.0003743097943622062,5.324763278089267,8.48637890229245
210_Wide,2637750000.0,1.1062358270842607,0.004196096701878035,-150.3366419865444,0.16866177437384228,0.002490158795299904,0.000333330255761036,2.850704218702025,8.8284249552051
210_Wide,2637875000.0,1.1114034744878099,0.003498823506964344,-151.54482889545227,0.19155128803517946,0.002696703097955664,0.00036733504417262123,6.850611575458982,9.533355888121674
210_Wide,2638000000.0,1.1254003680122413,0.004443800759262322,-152.47750806892668,0.23342637027336582,0.002558102577829892,0.0002583803549336233,4.562791327101541,11.16135657651224
210_Wide,2638125000.0,1.1228672120000782,0.003822004133963832,-150.2201483697639,0.25851962644110593,0.0025669208407196383,0.0003051791458437981,3.4496826232635356,7.753522718814164
210_Wide,2638250000.0,1.1048563136244551,0.005444460947426936,-151.2187390511434,0.26720731641318846,0.002619529965618787,0.00030152863059386333,1.7154088277511237,6.382696734845422
210_Wide,2638375000.0,1.136725376246517,0.004291048867898242,-150.59664604112967,0.21383900010260812,0.0025543008052339657,0.0003827590159349646,2.7824474912718293,9.605141652331648
210_Wide,2638500000.0,1.110339374047777,0.0053611967124427935,-150.46505050442246,0.3208413588042199,0.002602121507669851,0.00030194832129474473,2.8702681575064597,8.895181260225907
210_Wide,2638625000.0,1.1194503894860064,0.0034839241338412833,-149.62419903203102,0.2648261788534544,0.0025645584512496065,0.00029760083141418443,6.747526942028595,11.398395180564629
210_Wide,2638750000.0,1.0922184209071748,0.004311114638442792,-150.20642029228998,0.204457761971769,0.002706822633455263,0.00028709654367832966,2.359259132331925,8.578612549671819
210_Wide,2638875000.0,1.0936599071815334,0.00479282451273776,-147.84429403308812,0.20095240909286685,0.002521429075394849,0.0005121328518188241,5.174795948638797,8.735879763329809
210_Wide,2639000000.0,1.0949048734517244,0.005440182537174597,-150.2488658072747,0.2667542510245662,0.0027318544480642334,0.0002875003228840946,5.383791589374369,8.933638505050718
210_Wide,2639125000.0,1.0903057005691705,0.0036436549388862626,-151.25198630310197,0.2119805040982039,0.002500066748723826,0.0003364310912577149,1.7515088960210068,6.30726182251556
210_Wide,2639250000.0,1.0625102084811928,0.005922268042733783,-150.82636981906555,0.1905024090130004,0.0025955594205031027,0.00028235122708062825,1.517891920594254,10.609480733130182
210_Wide,2639375000.0,1.043944475839076,0.004328005962774351,-150.71224033064516,0.24351359570213157,0.002608631250501296,0.0004892494986721101,2.5121536214660924,7.087621342800131
210_Wide,2639500000.0,1.0706058922000907,0.004236780528734627,-148.33671426591818,0.25826144192234135,0.0025910939413660767,0.00025676541436537215,1.0356193136440213,4.590704709423346
210_Wide,2639625000.0,1.0336738913884498,0.004407397869352876,-150.79113152191465,0.19585557686108576,0.0025087906217384345,0.0003692325037620109,6.296853202335913,9.96294491373953
210_Wide,2639750000.0,1.053230118308872,0.004490635886053456,-149.7035758903373,0.17068653128471,0.002646041148355318,0.0003927210427966924,0.9188268789508844,7.192972282380484
210_Wide,2639875000.0,1.0708778463047695,0.005452822661919879,-151.0034324240915,0.17950066898157094,0.002694514490710719,0.00026693802607549987,0.8508593778060475,6.8824046996697295
210_Wide,2640000000.0,1.0763832296331086,0.0037064092185404743,-150.47795289094617,0.2559029356467144,0.0026415422107308765,0.0003263897937841971,-4.144239398171713,7.733068901911532
210_Narrow,2563900000.0,1.0320286049668537,0.0007902641298852631,-149.68694711344276,0.08151304639310679,0.0027052603766992865,8.0101313951152e-05,-168.83840200790786,1.706659424023062
210_Narrow,2563902500.0,1.036251256875868,0.00132727861759529,-150.0520260776349,0.07605845717065587,0.0026736148765798664,8.320069006584052e-05,-169.71518974603896,2.1043999381066074
210_Narrow,2563905000.0,1.0360675978537721,0.0011395848790758509,-149.81827786920826,0.059430079477670913,0.002710398148910796,9.075015314226425e-05,-168.90195659946227,2.1410044266272013
210_Narrow,2563907500.0,1.0316422587407594,0.0011088651706390206,-149.7188891392106,0.07957106084193515,0.0027053843979445804,0.00010863762102186045,-168.6402824033145,1.8716437665563737
210_Narrow,2563910000.0,1.032609055423558,0.0012715266921455822,-149.6600555840771,0.05600221902433181,0.0026968819034511623,7.628143290888034e-05,-169.34989379653084,1.47091402231245
210_Narrow,2563912500.0,1.0314586096179097,0.0011069341086430715,-149.49653998795128,0.06903355369570943,0.00273518817140718,0.00011104555493578797,-168.3534263778828,1.4809820251338817
210_Narrow,2563915000.0,1.0323988171009688,0.0008623897417757735,-149.96758103619678,0.04320537888686495,0.002734540004739888,8.367871312398706e-05,-168.61369586026518,2.2000006738457945
210_Narrow,2563917500.0,1.036260172611302,0.0014246996643287404,-149.81285411230996,0.08162181019360469,0.0026744741233115732,8.38005407451908e-05,-168.71777910730222,2.5650298194433825
210_Narrow,2563920000.0,1.0322172229908693,0.0006426510948343725,-149.94677261402944,0.029381627122286428,0.002738052677666904,4.946465184715961e-05,-169.50340339813542,1.5089244792230236
210_Narrow,2563922500.0,1.0331490693904914,0.0011898467952366051,-149.91613166356626,0.04660453377960904,0.002705023782848798,8.862886381994363e-05,-168.14340669124593,1.6692307059605083
210_Narrow,2563925000.0,1.031326947205745,0.0009408245577273443,-149.8081892251851,0.05277300513040913,0.0026972989812011315,6.863326548261643e-05,-168.1761224455298,2.5273045444318605
210_Narrow,2563927500.0,1.0337341294739835,0.0013031870537644989,-149.39737567947063,0.0781631318381228,0.002740277770640037,0.00010875832263331037,-167.8408286328017,1.706656581636498
210_Narrow,2563930000.0,1.0303836630251815,0.0012023849324222329,-150.0525628667969,0.0759372841931327,0.0027236115129749363,9.15835124472172e-05,-169.26036683300643,1.5104987647898247
210_Narrow,2563932500.0,1.0347217714236399,0.0014380187654179904,-150.08699330025814,0.059146461401316706,0.0027750305446148284,8.22195070369747e-05,-169.17426224319078,1.6082923328913008
210_Narrow,2563935000.0,1.0294905449902034,0.00090741892300677,-149.91446261368665,0.0870592738943174,0.002734142335456311,0.00015131066126306198,-168.4456870767095,1.8620685105785686
210_Narrow,2563937500.0,1.0252569834279546,0.001163073010865131,-149.27847776213903,0.0688081846445109,0.0026875784634758583,9.103087699333288e-05,-168.0271294353122,1.2515707408768446
210_Narrow,2563940000.0,1.032139982945143,0.0006729680914188245,-149.81520686786985,0.06217431110888005,0.00272309228153665,5.422733132057754e-05,-168.9125167698401,1.507659123958464
210_Narrow,2563942500.0,1.030827002880063,0.0012529038137641575,-149.82630341199814,0.043341249722640626,0.0026828858617185,0.00011334371830268002,-168.30233427396857,0.9831429690865786
210_Narrow,2563945000.0,1.0303379326046298,0.0009921908753117421,-149.21220294773633,0.09392135594315859,0.0027549712759965196,0.00013508572277325868,-168.0847662588562,2.1228393711500506
210_Narrow,2563947500.0,1.0383691808475992,0.0008400203607420631,-149.58769339824588,0.06513092994937535,0.002708486378615883,0.00013456995940601984,-168.36131663205103,2.329107327234523
210_Narrow,2563950000.0,1.0297301561607255,0.00147955190460164,-149.79922636833706,0.09092473321979384,0.002709967053662326,0.00011713342987633801,-169.45682629748484,1.6600372276073234
210_Narrow,2563952500.0,1.0357807061317466,0.0013394858625872797,-149.78916378100809,0.056883723108367264,0.0027213701565527828,0.00012158913420338112,-168.41353702125846,1.7973339202702134
210_Narrow,2563955000.0,1.038654727849285,0.0014019941798763399,-150.24410150948947,0.04255487326771615,0.002693109774373461,8.515033395939124e-05,-169.5453653987887,2.1854109516282008
210_Narrow,2563957500.0,1.0373601825223633,0.001085175039277275,-149.86870913209918,0.08252104200497128,0.00268837737627779,8.749821423690027e-05,-167.91639608453158,1.471096168034532
210_Narrow,2563960000.0,1.028959822775349,0.0008157539777656259,-149.74650894108194,0.07176150173290068,0.002684042268838512,0.00010961020628041667,-167.94437408426558,1.629733766940114
210_Narrow,2563962500.0,1.0339032980649554,0.0011364352793114204,-149.23605806535335,0.04043675598607774,0.002702767822396639,9.014947348613854e-05,-168.05153374621497,2.057484910483208
210_Narrow,2563965000.0,1.0430322100960314,0.0011691335169560048,-150.02703865556956,0.06948559793356078,0.002710579078568687,7.943571351723722e-05,-168.88676727437988,2.193672377509559
210_Narrow,2563967500.0,1.0336266056365742,0.0010021739262447524,-150.02269962151607,0.0446249603658816,0.0027322748175782753,8.724921326931633e-05,-168.23050473458372,2.0253715522136515
210_Narrow,2563970000.0,1.024339807958853,0.001454576796636749,-150.21579910790862,0.04051949449109954,0.00270922608951326,8.946205689612486e-05,-168.8378968881006,1.4922403022480266
210_Narrow,2563972500.0,1.0396349301002261,0.0009527915509296722,-149.5364359908297,0.09311925796781204,0.0027932189690661447,0.00012577704125278982,-168.26718543478472,1.941023778097136
210_Narrow,2563975000.0,1.0370298231350303,0.0010137651992341594,-150.09471634528168,0.07745117801169558,0.002691579560724095,7.05425988040714e-05,-168.82540264894115,1.9301676191811132
210_Narrow,2563977500.0,1.0293844861637993,0.0009616528701773954,-149.96544153942475,0.06419148170879052,0.0026980400975020816,8.241339748520064e-05,-169.58841776277507,1.8781435984105748
210_Narrow,2563980000.0,1.0351609789019933,0.0013475717968729746,-149.96743171898711,0.061459825719835666,0.0027142028367280456,7.984222732408517e-05,-168.48064988362844,2.2103178534775694
210_Narrow,2563982500.0,1.031348045209506,0.001727145293204925,-149.37585714985636,0.029628975721416376,0.0026920837893228775,9.138751831788607e-05,-168.61722501268733,1.71778647545152
210_Narrow,2563985000.0,1.0300189416264258,0.001573615971707051,-149.42040284010093,0.05622826878750972,0.002760728717614933,9.64139307819352e-05,-168.80991031055942,2.117375212538794
210_Narrow,2563987500.0,1.0461994528960428,0.001397335735696407,-150.08952865053368,0.05753371302792704,0.002715776122048024,0.00012709535399025757,-168.05450248293434,2.0837567714098877
210_Narrow,2563990000.0,1.0393124938979792,0.0009369974712254101,-149.52920398887557,0.0580011909476198,0.002761831785460219,9.110947621695974e-05,-168.57428090576352,1.2256501905002126
210_Narrow,2563992500.0,1.0324528424128143,0.000842622295541439,-150.0193002156791,0.05906998884806749,0.0026759245349947483,7.451419937696612e-05,-168.24039322567205,2.341297653452025
210_Narrow,2563995000.0,1.040243646946349,0.0012770753983674611,-150.21242201556902,0.06147408799878662,0.0027537378413705904,0.00010848064914464199,-168.528254465066,1.9207388369500675
210_Narrow,2563997500.0,1.040741456412007,0.0011898115996145633,-149.4755262685107,0.08062605856246563,0.0027426601682214473,0.00010616270892831033,-168.6736879268007,2.569278548939754
210_Narrow,2564000000.0,1.036321912462293,0.0013434893240482566,-150.21511799793547,0.07448577396774653,0.0027042282751236326,0.00012787673244826113,-169.13275223492403,2.6375631754400044
210_Narrow,2564002500.0,1.0309181811292758,0.0017817301360956552,-149.46174722768907,0.06307256033115366,0.0027288123026352772,9.745187883652748e-05,-167.34831475717482,2.0881794653457186
210_Narrow,2564005000.0,1.028109316448238,0.0009223099762383763,-150.0863572085969,0.08062524981986444,0.002716059163376106,0.0001296914834274599,-168.26577450363757,2.2543101894100523
210_Narrow,2564007500.0,1.0355795409593958,0.001038410205654276,-149.45478571478677,0.083706439386166,0.0027717463352173667,7.440398065982255e-05,-169.86224291165794,1.587517284658686
210_Narrow,2564010000.0,1.0330027824653942,0.0011388743958285247,-149.46889229150315,0.05615365515457839,0.0027094727923360207,0.0001096507537010094,-167.99145524156685,3.8766106479394145
210_Narrow,2564012500.0,1.024617785884121,0.0008524947485199197,-150.24814075964153,0.10774135355624286,0.002622696951257258,0.00010470357439066616,-168.82256339704463,2.1153584124285083
210_Narrow,2564015000.0,1.0327934681077078,0.001220509320340954,-150.07529073938213,0.07586686611019844,0.002729066339278289,7.232110673547666e-05,-168.95566166188502,1.6847282238774233
210_Narrow,2564017500.0,1.0402619515243274,0.0014362782979762268,-149.9911520372365,0.08089902047905194,0.0027408531800853647,0.00012740430777301697,-169.28492801336986,1.7804879841017225
210_Narrow,2564020000.0,1.0257917555327267,0.0009613020207589609,-149.26460316918454,0.08557301228580749,0.0027079959546151043,8.219578460842812e-05,-168.57588677452932,2.2130072429670773
210_Narrow,2564022500.0,1.0280894191035397,0.0016464918311704386,-150.11262521654263,0.048567040614602014,0.0027285558665962693,5.9963701650495146e-05,-169.62142709625928,2.6739616345533297
210_Narrow,2564025000.0,1.0266444366414191,0.0017195864222735238,-149.88467538455149,0.08221798408054849,0.0027770266671929634,7.521288528571736e-05,-168.74220358124728,2.7349760679102744
210_Narrow,2564027500.0,1.0368072474736723,0.001156172276188826,-149.82024979682018,0.07714030693911662,0.0026961513410137835,0.000100625945784527,-169.59726203438214,2.5348486838418545
210_Narrow,2564030000.0,1.0312593553346354,0.0013051833632391982,-150.02930092496342,0.06500472739302729,0.002723147704420706,9.748958106868331e-05,-169.65775331062972,2.762838153944899
210_Narrow,2564032500.0,1.032262744357998,0.0011603144298438501,-149.52514685639343,0.09105856129087392,0.0026631694296363946,8.258374192365744e-05,-168.48766386685242,1.5333029857069953
210_Narrow,2564035000.0,1.035631922408654,0.0007186541612097669,-150.0516168892421,0.03833643662815867,0.002709710410565562,8.628719839488273e-05,-170.1685808137855,2.5050542396119937
210_Narrow,2564037500.0,1.0325644872893949,0.001209325387521429,-149.91114213877088,0.07048028638058564,0.002714322474330515,7.916185296894528e-05,-169.01140199213742,2.473881812551712
210_Narrow,2564040000.0,1.0277775346148248,0.0012396705135823125,-149.95072321793913,0.09280973330700217,0.0027497013161162593,3.698908823927482e-05,-168.10777972621204,1.7374671098935899
210_Narrow,2564042500.0,1.0251471362511797,0.0011343243930848242,-149.64576697048997,0.10585976844935184,0.002685263056090982,6.713303063851182e-05,-169.1683148288084,1.8380808657585874
210_Narrow,2564045000.0,1.044351527127125,0.0005864669743592285,-150.04683743443837,0.0446794619603402,0.002699555180208788,0.00012710187285264657,-169.22691635094796,1.9149404913129664
210_Narrow,2564047500.0,1.031744320630532,0.0009903628259185675,-149.95977820308252,0.056361649608633595,0.0027199462010693808,8.375310113259298e-05,-169.3657279728569,1.7311359156352253
210_Narrow,2564050000.0,1.0283656893478266,0.0007449536082745178,-150.14599797176203,0.059316769203957585,0.002738948953211709,0.00012664681541474013,-169.22591816130327,1.7219401597659778
210_Narrow,2564052500.0,1.0331829511169883,0.0012825334484514509,-150.33843393404692,0.07429937229382051,0.0026979345679617223,8.452442426274133e-05,-170.10881154312403,1.7901611805769293
210_Narrow,2564055000.0,1.039103670004837,0.0008815022571263166,-149.80234649939513,0.0732677485968013,0.0027604024283623975,6.518123458648573e-05,-169.59390596672037,2.0126705934040334
210_Narrow,2564057500.0,1.0323357519011775,0.0012644568110053908,-150.06915709560516,0.0710839369421781,0.002692809507547223,0.00010566973905341584,-168.92611040914164,2.6031194075043436
210_Narrow,2564060000.0,1.030853779520724,0.000956609242649923,-149.53518169222286,0.045368229087204025,0.0026946671017627627,0.000107165471807924,-167.56801022890733,1.638328024426554
210_Narrow,2564062500.0,1.0300810925176223,0.0014386641793176127,-149.55293433767207,0.11198794939403628,0.0027422108416503875,6.834612883225934e-05,-169.06982368226338,1.915472737902087
210_Narrow,2564065000.0,1.0322643441128385,0.0009717580721557231,-150.19797320940071,0.04338772417630041,0.0026763580519314854,0.00010862082540478062,-168.88032680759,2.2397645635998535
210_Narrow,2564067500.0,1.0343605106849023,0.0013637454310550976,-150.0197675122195,0.07914658420734491,0.002813822175934154,0.00012212656969554333,-169.48421028188685,1.621129564145197
210_Narrow,2564070000.0,1.0263447319623893,0.001394429221332908,-150.11274575965643,0.07443414165169059,0.002708733863553982,8.859164765048999e-05,-168.70302159110665,2.3347231330308675
210_Narrow,2564072500.0,1.0406029220869655,0.0010225054686013695,-149.73881417211493,0.052732995274209375,0.0027433645103486196,0.00014635458705769772,-168.661697464493,1.1191304805468183
210_Narrow,2564075000.0,1.0360108338520575,0.0006926475795867145,-149.8812159061656,0.08940922539199607,0.002734353320432411,8.707408167756506e-05,-168.17208507750465,3.017099373735807
210_Narrow,2564077500.0,1.035207988695014,0.0012287296581740188,-150.16166298829276,0.05392326781489256,0.00268956100444126,9.687202377929534e-05,-169.9486545470885,2.712799771464578
210_Narrow,2564080000.0,1.0247673546426208,0.0012665173037007778,-149.57986348028209,0.047204773719102464,0.0026881336208505286,0.00011295680402613569,-168.1548720681476,1.9295989543746475
210_Narrow,2564082500.0,1.031349041431163,0.0013016771988135665,-150.01015009324834,0.07250170202927868,0.0026913937898698863,0.0001406019286354724,-169.07731250686743,1.7782536231461366
210_Narrow,2564085000.0,1.0371868754420195,0.0013660032346888733,-149.85790350799388,0.06727762607883062,0.002733610335271913,0.00011001423272555518,-169.3246430119846,1.76654965833047
210_Narrow,2564087500.0,1.0372957148437585,0.001205328029210021,-149.5834049426818,0.05295243769063046,0.002764755416896367,9.005606090960674e-05,-168.02088157819537,2.2281938292068983
210_Narrow,2564090000.0,1.0287887010901078,0.001007779792289387,-150.2737477149486,0.05902560623644474,0.0027160578729309597,9.23485753969961e-05,-168.90253221114338,2.2663298942307337
210_Narrow,2564092500.0,1.0323812210546446,0.0017994642665317352,-149.97436856019664,0.06041754499239189,0.0027061547285430546,8.961419553445503e-05,-168.484036320829,2.0532600924424003
210_Narrow,2564095000.0,1.032120628882109,0.0009952818046064485,-149.7921143532923,0.07204846512158891,0.0026751808480948895,6.666028322651578e-05,-167.5014709306318,1.9464766284092316
210_Narrow,2564097500.0,1.0267491760582115,0.0012020163386547635,-150.1653352963075,0.05742988836623522,0.0027602460566813337,0.00011666939277682932,-168.99513612900898,2.4919671728573674
210_Narrow,2564100000.0,1.0367102523915284,0.001051286486395443,-150.19716168224372,0.04721484253203989,0.0027514663566088602,0.00010702135976728114,-168.61179664004098,2.4522277688129774
210_Narrow,2564102500.0,1.0329540381118378,0.0008531967412272806,-149.8998110084807,0.07945255320781079,0.002735043795952117,0.000127967585679907,-168.55271842982935,1.824496310688526
210_Narrow,2564105000.0,1.033875621694325,0.0006860929789426221,-150.02673367849434,0.04032306140362318,0.002800061349028245,0.00010852033474604853,-168.78762642276365,1.2953646381843722
210_Narrow,2564107500.0,1.0339412313702614,0.0011565635463550168,-150.23409290933387,0.04144860527251682,0.0026677842530319663,0.00012679348358080956,-169.20566302838472,2.638617265520283
210_Narrow,2564110000.0,1.0327034457723752,0.00045020211547001454,-149.6057125610557,0.06747404300506031,0.0027917491465392387,0.00014166856342428454,-169.0239034324664,1.1327586535916412
210_Narrow,2564112500.0,1.0310318463256243,0.0008580578821780338,-149.91944927151144,0.06238006949686532,0.002717694433818677,8.168584877139814e-05,-168.94994251671682,2.73422605296884
210_Narrow,2564115000.0,1.0243894349289187,0.0015397106742422978,-150.02668219102685,0.04907403326311032,0.002681758023345155,0.0001240071769856545,-169.00086968838957,3.319551844837169
210_Narrow,2564117500.0,1.0281076486732692,0.0009922079015847903,-149.87280905348658,0.08215170386189063,0.002655085038340203,0.00012931776115031728,-168.27350017710828,2.5052184452803803
210_Narrow,2564120000.0,1.0310909335220484,0.0011596567347166757,-149.8041225623045,0.08349078734351119,0.0026509132284323646,7.171223991993238e-05,-168.02619750689112,2.295916883303416
210_Narrow,2564122500.0,1.036092224710291,0.0015423101399299089,-150.1792427102786,0.037135861087498494,0.0027045625968514972,7.62922181176338e-05,-168.34753722329594,1.8417220709588114
210_Narrow,2564125000.0,1.0385751440279491,0.0016452407857660716,-150.0245380229158,0.05271870242135746,0.002781681366548055,6.930983448911439e-05,-170.38461909097637,1.520793696201307
210_Narrow,2564127500.0,1.0339064541545782,0.0012334517751124354,-150.04012582261112,0.058154729449949524,0.002709656450974105,8.529601107827987e-05,-168.63954018247512,1.612504299378912
210_Narrow,2564130000.0,1.039913612543633,0.0009292505239691994,-149.82163196969327,0.08207318486866808,0.0026752082457494088,0.00010191583256276876,-168.23293523755828,1.977333822695833
210_Narrow,2564132500.0,1.045690329964881,0.0013969765120628093,-150.2566694295171,0.0756686819646763,0.00277329246870019,0.00010339238748441047,-168.80251754829249,2.7469213806679136
210_Narrow,2564135000.0,1.0373109642267018,0.0010428028445965522,-149.9477362973485,0.08606260736585458,0.002704120703986216,0.00010766790928046716,-169.95368616956154,2.0660925049351624
210_Narrow,2564137500.0,1.0330194193124687,0.0009679846762358573,-149.91784899530572,0.06295011622521675,0.002732463894100132,0.0001194906842657588,-169.07032516125562,1.2659881386137153
210_Narrow,2564140000.0,1.02518588283112,0.0014178570926656,-150.29576842308722,0.08008998567296664,0.0026834645974685638,0.00011931781317732285,-167.3503373951491,2.590396637791581
210_Narrow,2564142500.0,1.03332770743447,0.001620284174783455,-149.68622532074968,0.06472352765217973,0.002727645193001153,5.695211829507825e-05,-169.29495362856548,2.2105155478746488
210_Narrow,2564145000.0,1.0255603790385852,0.0019265884971814923,-149.59096266248665,0.0781277650373801,0.002809805178292993,8.810554749721828e-05,-168.59901783040007,1.8023644665272085
210_Narrow,2564147500.0,1.0282255824640352,0.001610610970028094,-149.85207796087735,0.0669626181914444,0.0027034260662334606,9.930766497536444e-05,-169.21144446179707,2.0747896652929922
210_Narrow,2564150000.0,1.0242907343003955,0.001097326660260484,-150.26049621994787,0.06770761270898817,0.002702479789527075,9.245217919521043e-05,-168.6176320916039,2.0771639036959115
210_Narrow,2564152500.0,1.0373639584679533,0.0011545592828960207,-149.81755509018694,0.07634080691740502,0.0027672340351563704,9.638904056471392e-05,-169.57910414731825,2.349818309833164
210_Narrow,2564155000.0,1.026897319597012,0.0010988191072642936,-149.9852740737541,0.07160286170991373,0.0027538589686574785,0.00013509045349586487,-169.52232482603614,2.138405824702927
210_Narrow,2564157500.0,1.0332654819794027,0.0008618628491349356,-149.6919163419517,0.07364181929616744,0.0027428746701898122,7.915915824923139e-05,-168.2761593272141,2.5069606825116146
210_Narrow,2564160000.0,1.0346745473546475,0.0006916192875079504,-149.99786719909963,0.06858963673689346,0.0027201327092058305,6.140717174840826e-05,-168.2850428941451,1.717170334356265
210_Narrow,2564162500.0,1.0331831200162354,0.0006472950281762033,-149.73112477902873,0.040594293303471696,0.0027883105567610813,0.00011309446456260906,-169.63706653840478,1.1915493788638982
210_Narrow,2564165000.0,1.0383436329844014,0.0009143730895072095,-150.2250098163604,0.05690438831206614,0.0026825967421870477,5.917187784160103e-05,-169.57490399230997,1.2176570712985129
210_Narrow,2564167500.0,1.0295551286245939,0.0013655406929231387,-149.87674264313299,0.05689235053785176,0.0027042312438241775,9.777108525616878e-05,-169.012714978682,1.763288189125764
210_Narrow,2564170000.0,1.036284823005222,0.0011932679609914418,-149.95106405256556,0.05557529554598371,0.0027430823317799616,7.820043660836307e-05,-169.40792349785633,1.7982457999286607
210_Narrow,2564172500.0,1.027851026587692,0.0009839445042910736,-150.3006318052331,0.07013403115552806,0.0027099579663183077,7.833747764738973e-05,-167.56715509595398,3.002821252385984
210_Narrow,2564175000.0,1.0324562329313207,0.0010553341136116557,-150.47562289287242,0.0640661774056686,0.0027029525190828936,0.00010385581715637124,-170.21016454818945,2.1153860682473904
210_Narrow,2564177500.0,1.02888353710809,0.0009861749014996217,-150.4254645601436,0.0713378721911871,0.00271293056716461,0.00010961502665580433,-169.9166406607343,2.0759857712368186
210_Narrow,2564180000.0,1.0253756745782585,0.001298873957945054,-149.9544199664365,0.05200299947701313,0.0027043593093879475,9.406443791442263e-05,-168.35421730712758,2.4169908896866428
210_Narrow,2564182500.0,1.026620735475894,0.0008815584084319977,-150.1259089747244,0.05810424044238486,0.0027075238843355266,7.243513681357929e-05,-168.49251460002904,1.6051692914403184
210_Narrow,2564185000.0,1.0370195426940412,0.0012479767329111996,-149.84241019281473,0.07777131444141987,0.0026921033414555456,9.965942593701874e-05,-169.65602693888692,2.027818417603537
210_Narrow,2564187500.0,1.0319173767588576,0.001635736161564931,-149.99075972909995,0.055328932294383015,0.0027549402398484267,6.632386690713811e-05,-168.5662461381849,1.7080933550218447
210_Narrow,2564190000.0,1.0272683575651094,0.0017609753998428224,-150.18732712199505,0.08633974361584705,0.002749395806136347,0.0001329678063557597,-168.886439028284,1.998020151003922
210_Narrow,2564192500.0,1.0335570966340855,0.0009680784498864894,-149.43041171969895,0.06576200408141906,0.0027178671180488104,9.950392448376439e-05,-168.5988433354565,2.1347019446892483
210_Narrow,2564195000.0,1.03567475305099,0.001401742842082046,-150.08232924925457,0.04179900093411371,0.002833654425262327,0.00011557725576261437,-167.89606051771622,1.8352389018941806
210_Narrow,2564197500.0,1.0456536930465445,0.0013899999316063208,-150.3367150255345,0.06970212911306452,0.0027842274878595095,0.00012866033939474156,-169.35008796985514,1.8793543870947487
210_Narrow,2564200000.0,1.0225399572335017,0.0012546115875045729,-150.44207084912185,0.06493574826661735,0.002692310578038937,9.854121918289322e-05,-168.9583516017748,2.217339081115995
210_Narrow,2564202500.0,1.031313098446124,0.0013026606093295594,-150.53391699087058,0.0677786291259633,0.002731186974406664,9.195063426216811e-05,-168.8400019212699,2.342717652879653
210_Narrow,2564205000.0,1.0274501133356788,0.0010004849480980303,-150.4780552866982,0.04431556570362253,0.002749258708451415,0.00010389010320580834,-169.3163740251472,2.4342950835369317
210_Narrow,2564207500.0,1.0300508401427015,0.0008915446230021453,-149.9577057338745,0.05353510546456796,0.002726688026928515,0.00010631171242394946,-168.12438890892727,1.425653408540457
210_Narrow,2564210000.0,1.0361365740285235,0.001034055881054031,-149.9525246705336,0.06644490590309403,0.0027435204129175102,6.857512769125537e-05,-169.53173307496635,1.7440318060992372
210_Narrow,2564212500.0,1.0291519838742538,0.0011072854569078912,-150.09570263727394,0.05928983381252538,0.002716896410210606,9.269765803352406e-05,-167.7260925244658,2.279376267313362
210_Narrow,2564215000.0,1.014828390282352,0.0012831105211530969,-150.59658747962646,0.09942839314504619,0.002729643375190913,0.00012907677087336684,-168.00662773609196,1.7639142982621183
210_Narrow,2564217500.0,1.0279027937940384,0.0016141726682272319,-150.02743215822113,0.06235937454541436,0.0027618525389683807,0.00013313801256039718,-169.1969154076983,2.6490804817082134
210_Narrow,2564220000.0,1.0406120068580145,0.000828750888915051,-150.12310027454248,0.08222543733069945,0.002786588235852251,0.00011726646842392167,-169.49884863601744,2.6312521929891233
210_Narrow,2564222500.0,1.0290066149471517,0.0011237067603701164,-150.40551700024426,0.1028103419252004,0.002758965669687628,8.057879309239455e-05,-169.23367737030628,1.998112324509102
210_Narrow,2564225000.0,1.028579931535161,0.0006328006674224464,-149.92783850615783,0.06550186337804909,0.002718207641851827,0.00012302521794510675,-169.09918231506512,2.215095727164609
210_Narrow,2564227500.0,1.042180892734573,0.0012907413560694545,-150.12442194782065,0.08142481985103092,0.0027014093565575293,8.859677613061131e-05,-170.04005146974737,2.5263461950410897
210_Narrow,2564230000.0,1.0341292022870392,0.0013901406286606665,-150.1329842308768,0.08548618414420155,0.0027622483337469968,9.762405282645191e-05,-169.0747394342229,2.0475775272184347
210_Narrow,2564232500.0,1.0349332052816085,0.00115022842371302,-150.75783235179406,0.05762286722116556,0.0027511913175629035,4.6604565088162904e-05,-168.99458697655837,1.4829458859384714
210_Narrow,2564235000.0,1.0348733393769012,0.0010818037323815735,-150.02808178449826,0.050138862594641787,0.0027402467845732566,0.00013439085342628815,-168.24218984759563,2.6196694220408467
210_Narrow,2564237500.0,1.029416826759138,0.0012435790095951522,-150.4712232368013,0.081248682374943,0.0027454238938451813,0.0001241357719796513,-169.1649292050793,2.821168894995055
210_Narrow,2564240000.0,1.031289880558339,0.0017972760317171961,-149.70264905585577,0.05810885614684367,0.0027156187034914985,9.411992059971469e-05,-170.3686885834487,2.208237160758549
210_Narrow,2564242500.0,1.0269324343359387,0.0012830419346300435,-149.89864440231938,0.0610792784426821,0.0026996222851219526,0.0001086446475714482,-169.28744061027032,2.2645480394432105
210_Narrow,2564245000.0,1.0280050856244736,0.0009911225153267358,-150.32702142572776,0.06115165351556445,0.002726686089547241,7.161901539231929e-05,-170.37051672628965,1.7661175258470487
210_Narrow,2564247500.0,1.0337158534800468,0.0010630199708056027,-150.3691077947948,0.061321762574967145,0.0027692750402300466,9.600409263295461e-05,-169.56222818681803,1.7735761946392519
210_Narrow,2564250000.0,1.0249629223321675,0.0016341136542082472,-150.257034891803,0.08056247246777475,0.002761665088319445,6.547407924058862e-05,-169.90661463074653,1.174358617787347
210_Narrow,2564252500.0,1.0292731721532054,0.0005544399373140881,-150.53391668341058,0.052693799886915804,0.0027329397245433227,0.00010446115756737038,-168.9552254718244,1.560500430916811
210_Narrow,2564255000.0,1.0238901524617317,0.0010344392482768841,-150.63218566989084,0.10068994550680739,0.0027260749263607123,9.288173170107974e-05,-169.64163660500546,2.3590817028571975
210_Narrow,2564257500.0,1.0297045392790538,0.0009363041653191409,-150.40919860408349,0.06980811690664418,0.002808088782892882,0.00011164674612855268,-169.12639468286196,2.4366216637368434
210_Narrow,2564260000.0,1.0290980862908836,0.0012963970738911427,-150.25421553435552,0.056307212145821364,0.0027295849840648346,6.886985803308459e-05,-170.04532001146052,1.7330878559945073
210_Narrow,2564262500.0,1.0345879090325252,0.0012951709996221437,-150.67108653570443,0.03524912383422439,0.0027153084442138233,0.00010790179258399946,-169.59337456521712,1.7366223006062789
210_Narrow,2564265000.0,1.0196906830343366,0.0015282234803877446,-150.41875251614846,0.08962497534935515,0.002703586926454464,7.579721980264885e-05,-169.22872751685864,2.3316872069999706
210_Narrow,2564267500.0,1.0266035262336157,0.0010488819607752768,-150.1319388347796,0.05042181505129874,0.002685700690847159,5.0587630854987886e-05,-168.87298905316433,1.7342539324700292
210_Narrow,2564270000.0,1.030407857229159,0.0009108394967956721,-150.08665969563668,0.05911419919939927,0.0027718197715663495,7.133807848163436e-05,-168.5838027456362,1.9813020446268879
210_Narrow,2564272500.0,1.0305784104649953,0.0014932083786464564,-150.31362476883447,0.07816792513993641,0.0027329227559470012,0.00010053458094149367,-168.37762576109625,1.1998867208598039
210_Narrow,2564275000.0,1.0326999946504374,0.0007545975999296966,-150.38627207618248,0.05784909623226212,0.0027730211693490284,0.00011560742414680781,-168.26168705533286,1.5479677710182906
210_Narrow,2564277500.0,1.0313309710575098,0.0010223546660920071,-149.5782914389939,0.05765355039690944,0.0027626531061265645,0.00011360630442808908,-168.4474130600266,1.894449624222221
210_Narrow,2564280000.0,1.0327625944236467,0.0009212004790003261,-150.11802196746405,0.06517643719712216,0.002796034186275441,7.456134970736859e-05,-168.3101396995821,1.5552435865453194
210_Narrow,2564282500.0,1.0292960392711419,0.0012130795968290189,-150.0679820666893,0.07827011991410837,0.002704913014329351,7.782120653490672e-05,-169.3652661736954,2.2523147924462523
210_Narrow,2564285000.0,1.0387299088407116,0.000788223325835467,-150.7001433600479,0.06333537971083616,0.0026891184107730682,8.158588056091326e-05,-168.9346524056805,2.6374201511337945
210_Narrow,2564287500.0,1.0255507563744388,0.0010429216671232152,-150.34898536677434,0.07444647212773575,0.0027858663909544933,8.877606003919575e-05,-168.41400635766038,1.7274807646286383
210_Narrow,2564290000.0,1.0367310884983119,0.000987915526053837,-150.3821274861636,0.06581292705689801,0.0027290528005087106,7.731717806591894e-05,-168.48091731553922,1.402629170140502
210_Narrow,2564292500.0,1.0346622448699394,0.0010828766481457584,-150.21616531480882,0.04325996615959088,0.0027797927150795656,6.971958968686409e-05,-168.67995130474927,1.7760573508925495
210_Narrow,2564295000.0,1.0207907127984905,0.0012451312021884878,-149.78541774517456,0.04603393129873489,0.002676066534794129,6.044708593838099e-05,-168.6779150653948,1.876774671961028
210_Narrow,2564297500.0,1.0280378358579751,0.0011419057816677586,-150.36202631540735,0.0516500249528341,0.0027210776062942064,0.00010864328972993196,-170.18139830625253,2.168079809527507
210_Narrow,2564300000.0,1.0361503651708064,0.0013609140506963327,-150.39069524741544,0.0924099769326278,0.002739881491865992,7.020269876832271e-05,-170.0555585195687,1.9379294006437389
210_Narrow,2564302500.0,1.0312861675884888,0.0012731994451239612,-149.56089068317334,0.0763431980163899,0.0027777823471867523,0.00012017871432162876,-168.67938760563095,2.2176723489008086
210_Narrow,2564305000.0,1.031489398394478,0.001187240259993511,-150.23052979767164,0.05939778817886336,0.0027657342026158565,0.00010281186201341451,-168.73640711776497,1.3601448198817314
210_Narrow,2564307500.0,1.0359363233598926,0.0009762491362574464,-150.78793729868585,0.07655834909735576,0.002746006382404343,8.887111355493257e-05,-170.91785460644363,2.3231480248580745
210_Narrow,2564310000.0,1.0336651447804805,0.0012729999394964484,-150.20515571124028,0.042023676935883145,0.0027480689124056937,9.009698578630598e-05,-169.30493614570273,2.05743038033668
210_Narrow,2564312500.0,1.0449121032347504,0.0012789362203538715,-150.5667774481585,0.08147087134464473,0.0027885868288829462,7.100023686332765e-05,-169.6739883233689,2.1997576949947795
210_Narrow,2564315000.0,1.0312276611999331,0.0009625206636062954,-150.806502063981,0.045035525598350695,0.0027343765664023948,0.0001095353327495219,-170.36990123856927,1.489807212536147
210_Narrow,2564317500.0,1.0290370610758324,0.0014219920119307263,-150.28952758584265,0.06290249254747941,0.002767426627194901,7.089275810692665e-05,-168.34460032619901,1.6023636731176656
210_Narrow,2564320000.0,1.0315797674599942,0.0012271412087855192,-150.41107361348227,0.053265875011594174,0.002761303827865115,0.00010928438797338716,-169.49669306567918,3.0717324969633357
210_Narrow,2564322500.0,1.0285009528008686,0.0011205561769401218,-149.6911334303474,0.07264387116031079,0.0027938958280051525,0.00014208101020343826,-169.96364803033777,1.384150247203917
210_Narrow,2564325000.0,1.0280822999355395,0.0013849798201990948,-150.06893138669494,0.06870491230381298,0.002725110979366425,0.00012621496449561736,-169.77833993144654,1.6550353857724123
210_Narrow,2564327500.0,1.0354619588824676,0.0014829430525922192,-150.01880336240455,0.0863136900252013,0.0027592098909465135,0.00011196880686434085,-168.72395484350986,1.9811919293337232
210_Narrow,2564330000.0,1.0254390191350542,0.0016843814467097263,-150.45067671832987,0.0734927946402551,0.0027642054624462944,0.00015744745473530967,-170.53654984158666,1.9006080864640573
210_Narrow,2564332500.0,1.0367271538839715,0.0011113223329104898,-150.38272984600027,0.05749163860854521,0.002736466934893003,0.0001068146575736022,-168.65415978508565,2.1462057452186833
210_Narrow,2564335000.0,1.0384250651982012,0.0014724506208252408,-150.11906625226356,0.06883744342068689,0.002755807454584273,6.110394530725487e-05,-168.5713523942959,1.760333820948916
210_Narrow,2564337500.0,1.0363321441392734,0.0010489739959343221,-150.1943635107893,0.04971054844346865,0.0027973352399829105,7.551331187379664e-05,-170.18970395212978,2.720007576881791
210_Narrow,2564340000.0,1.0323369686189594,0.0012697970300844844,-149.90156588442053,0.07614139202573622,0.0026907059463454966,9.110018443264955e-05,-167.50789186017948,1.9567465049365873
210_Narrow,2564342500.0,1.0329509892860393,0.0016678521081879014,-150.40266395931621,0.056770410392598475,0.002742624879514071,9.600148110868312e-05,-169.18834030439402,2.298082006988258
210_Narrow,2564345000.0,1.042694780136573,0.0014747134855655091,-149.88564418542938,0.06948034919360294,0.002809289913676014,7.920965242677774e-05,-169.23781086809976,1.8798059255690662
210_Narrow,2564347500.0,1.0350644369014768,0.0014951935760946545,-149.86127374659267,0.07156029355766737,0.0028287657667528674,0.00011258846923853622,-169.01693532805837,1.234942494929386
210_Narrow,2564350000.0,1.034917737995713,0.0006741519359892764,-150.3408635631926,0.06841839327531053,0.002724258527969421,6.958795035822823e-05,-169.18885295382083,1.5743166758113483
210_Narrow,2564352500.0,1.0262546920254583,0.0008421495642703627,-149.69196159869367,0.06397414381494727,0.002793569994784498,9.978840642640241e-05,-168.28992496520522,2.319725875308634
210_Narrow,2564355000.0,1.0253834058221334,0.0007115633152407446,-150.05157710107568,0.07409628650347018,0.0027530409686960747,0.00012488652785666603,-169.69790051869032,2.2634258221112042
210_Narrow,2564357500.0,1.0167894235837138,0.0012439952051494048,-150.06115872507525,0.07750022402074144,0.002724515559938063,0.00011232216316114644,-168.52140261493517,1.1164304346976432
210_Narrow,2564360000.0,1.0398696748016316,0.0006608623896278995,-150.50019751480866,0.06932897341803604,0.0027467513793281466,5.333164884171466e-05,-169.97177483848316,2.236588158545359
210_Narrow,2564362500.0,1.0394310160596947,0.001199960101311156,-149.85375137946636,0.055776259966796464,0.0027897257334155543,0.00012106644419183263,-169.06151723533148,2.379299388550025
210_Narrow,2564365000.0,1.0328377382757281,0.0011441188603454795,-150.2351493859203,0.02994847725575146,0.002731392167277246,0.00012098121969864579,-169.83377570120967,2.108194035196793
210_Narrow,2564367500.0,1.0207135818263564,0.0012557518252608564,-150.09954189180536,0.0606391559917185,0.0026915767566552595,8.196444702024678e-05,-168.04145865087688,1.7120874423384087
210_Narrow,2564370000.0,1.0333428211249809,0.0009318403590560752,-150.5444318134304,0.08502263983174616,0.0028085237200811304,7.601556916733185e-05,-168.96079906584782,2.4497369676687684
210_Narrow,2564372500.0,1.022468505191788,0.000761190144933148,-149.59056557827753,0.030900622150374386,0.0027429394424841875,7.493338907619105e-05,-168.59616913237608,1.9994215118965528
210_Narrow,2564375000.0,1.0220347036705857,0.0008670382924912428,-150.16552269282815,0.06071552056810585,0.002720080510386371,7.33163911702118e-05,-169.53248848482426,1.904773260761015
210_Narrow,2564377500.0,1.0317259093048083,0.001405176029863452,-149.97277123275776,0.0479818525223775,0.002786613725881739,8.363061381167598e-05,-168.63476022391268,1.9289224712030937
210_Narrow,2564380000.0,1.029559025205262,0.0007207352087451304,-149.54597204220022,0.057098702470377655,0.0027719911289033573,6.25697182700104e-05,-168.172616189096,1.7687281060687434
210_Narrow,2564382500.0,1.0328723165938227,0.0007410297791447562,-150.50538757595362,0.036872174357434784,0.0027760413741312762,6.0528943025272245e-05,-168.073459118617,2.5241358948580093
210_Narrow,2564385000.0,1.0269164634749812,0.0014524808182267742,-150.33075480971607,0.07247121378532563,0.002756677992705545,0.00013769252141847222,-169.4117876351761,1.628598108465127
210_Narrow,2564387500.0,1.0267946086640145,0.0005663098929842708,-150.81417278608944,0.049610244318443374,0.0027194157935625293,0.00010284560203694589,-170.65917111502029,2.125075997815814
210_Narrow,2564390000.0,1.0223090941388344,0.0010233114766220119,-150.30297765268264,0.0674651934693117,0.002771342670135781,7.16213968857581e-05,-169.14936630061206,1.9649582319174055
210_Narrow,2564392500.0,1.04264623811577,0.0012234320753366117,-149.98083598681848,0.04383981458920867,0.002759439144896486,9.851882987206298e-05,-168.85626126521484,1.121634763468051
210_Narrow,2564395000.0,1.0342324265050746,0.0013282145731638062,-150.17409725981395,0.05871598233204034,0.00275019844833374,0.0001091345940724979,-168.7108589124485,1.8336085890191487
210_Narrow,2564397500.0,1.031557505068749,0.0015426296906856235,-149.89104739890328,0.05255054620818409,0.0027745423481603457,7.205837917341743e-05,-169.4774206569482,1.5092494331030049
210_Narrow,2564400000.0,1.0372840928475855,0.0011175171534448776,-150.43439808882263,0.05677518715084821,0.0027294548394499072,6.969669208487352e-05,-170.60898180325088,2.635574231806053
210_Narrow,2564402500.0,1.029177710809247,0.0015651036057407217,-149.9359315061554,0.08696511419988663,0.0026874027775528352,6.925289362101672e-05,-168.97425923334782,2.0979397274448983
210_Narrow,2564405000.0,1.0253847917829344,0.0009336902118529638,-150.4853376046886,0.05800661910922615,0.002811529322741751,8.420041443093917e-05,-169.8566731427042,1.535759764981617
210_Narrow,2564407500.0,1.021500272319553,0.0013412312990247342,-150.54182844030393,0.05217504182663459,0.0027504771223959986,0.00010100853668662076,-169.61389439318995,1.2031439353237994
210_Narrow,2564410000.0,1.0268088404107398,0.00126126664643905,-150.3989368236591,0.06415531853625692,0.002784112105937547,7.041834961636735e-05,-168.61604461480192,1.456156712421818
210_Narrow,2564412500.0,1.028942469103821,0.0005524181274102173,-150.0406323308712,0.06418533768540685,0.0027547137946060665,9.967632049045633e-05,-167.71200766643537,2.324965931972113
210_Narrow,2564415000.0,1.0207900426494136,0.0009721747204185592,-150.67196340303306,0.049939621477901555,0.002707373408137353,0.00011830843195368364,-169.04881705148748,1.944011097550688
210_Narrow,2564417500.0,1.0274289272808996,0.0013315854660766264,-150.04832891894503,0.0667273040770221,0.0027544113346292635,7.16517748759776e-05,-169.4223129687025,1.4322067193383485
210_Narrow,2564420000.0,1.024476673215679,0.001287056490307109,-150.50851788225648,0.053370495192643405,0.00275771426026706,9.144157455494296e-05,-169.300452134829,2.0021055420421097
210_Narrow,2564422500.0,1.0253502951099798,0.001097276070500156,-149.99477954947298,0.04949215252831371,0.002731309631087961,0.00011507430973833161,-167.95623655247945,1.8509634406271167
210_Narrow,2564425000.0,1.0257334343496332,0.0010728225558188317,-149.8889215142445,0.06989538135915525,0.002684464839755304,6.604763921238307e-05,-169.15380786363437,2.2384385960663162
210_Narrow,2564427500.0,1.034788435533986,0.0009082864189824268,-150.23156866654048,0.056823418676070866,0.0027633308605618107,7.577989966881973e-05,-168.67875149471462,1.4849361949980828
210_Narrow,2564430000.0,1.0308221063983953,0.001141979350511243,-149.9566228587763,0.07501991437604895,0.002712426517941301,7.530936098723675e-05,-168.6221921674913,1.6102540330160533
210_Narrow,2564432500.0,1.02779364588847,0.0010315308162626526,-150.4169636491837,0.04576113277255022,0.0028291832574843744,9.940363243001253e-05,-169.28801603307738,1.2059510437343048
210_Narrow,2564435000.0,1.0371699080367058,0.0011482212796115137,-150.8155087225265,0.04799079537581173,0.0028057027464593477,8.655108465725711e-05,-170.55632213490622,2.217541330133632
210_Narrow,2564437500.0,1.030886066735316,0.0012073314164118298,-150.48882574973888,0.0729208502593087,0.0028040747031083052,8.731799341184796e-05,-168.07108533341327,1.3484968535959998
210_Narrow,2564440000.0,1.0387469383900154,0.0008247897298638971,-150.38726547564323,0.0767439364556537,0.002779333331278218,7.406565989039647e-05,-170.3385076152043,2.2498370010052127
210_Narrow,2564442500.0,1.0338234828835664,0.0011508461572902302,-150.6189095722341,0.05794703335092788,0.002774307695851413,8.707838386655293e-05,-169.19743638148026,1.6789969215037188
210_Narrow,2564445000.0,1.0310283394794109,0.0010833940917939235,-149.96630149172526,0.08350798358065016,0.002762140440343277,0.00013358396495515387,-169.48188639017724,2.56498527537841
210_Narrow,2564447500.0,1.0440222441300913,0.0011522344060684489,-150.446741135676,0.08619659099932606,0.0028217018090850904,8.725291262654158e-05,-170.0422041012116,1.7120946013658735
210_Narrow,2564450000.0,1.039720263303619,0.0009598737835006614,-150.59081153188652,0.07122249188612222,0.002813854316403722,0.00010032787170593244,-168.85305480851295,1.3517197471777405
210_Narrow,2564452500.0,1.0255390079707174,0.0011651790244509262,-150.93237210953347,0.09982922144674063,0.0027379021469724186,0.00012611588202444832,-169.6013917261681,2.0590091536179838
210_Narrow,2564455000.0,1.030405498218109,0.001215558547203008,-150.8559177247089,0.04480380200701146,0.0028062487374085647,7.832134503628685e-05,-170.01690850140005,1.403355117121436
210_Narrow,2564457500.0,1.034478496980825,0.0014273349685912141,-150.6393075617485,0.0633792029090477,0.0027530359013087616,9.635045033749254e-05,-169.37063168936828,2.4251371543279068
210_Narrow,2564460000.0,1.016137896378777,0.0013102159049631125,-150.3725132867898,0.07955066819958197,0.002741912773798046,0.00011236497977213065,-169.0548915179826,1.3383015097855757
210_Narrow,2564462500.0,1.0281747401729497,0.0009485574169488272,-150.7952518917691,0.09447813059660246,0.002762103460822479,5.990523222218574e-05,-169.5434270905135,2.2345866090718722
210_Narrow,2564465000.0,1.0287788421313335,0.000869023248547156,-150.49793646767992,0.07298538272741602,0.0027094422976025496,0.00013046654621363558,-169.47302000768792,2.150755978538688
210_Narrow,2564467500.0,1.0334765789698357,0.0019511895940010123,-150.24608246132624,0.07934949078029375,0.002834053068446603,7.895936309304654e-05,-168.40921582335778,1.244359870781303
210_Narrow,2564470000.0,1.0336679564117308,0.001007954242256645,-150.06468049934017,0.06610379662496291,0.0027876237019930044,9.4374376557017e-05,-168.9685718496596,2.995225046632522
210_Narrow,2564472500.0,1.0265056250807345,0.0006155354692138606,-150.3501192313111,0.0421660174415732,0.002726237869983301,8.151663657132927e-05,-169.01160267298653,2.3147695558305585
210_Narrow,2564475000.0,1.0253500671812885,0.0007697071645305717,-150.33679878364438,0.047390501386754144,0.0027484626044485608,5.9548567977085855e-05,-169.55959138904996,2.1439234899176554
210_Narrow,2564477500.0,1.022247831854456,0.00113437738570143,-150.2102124701987,0.047581749684213116,0.0027442793703066257,0.00011433267825033392,-168.35551804742514,1.6769046645142789
210_Narrow,2564480000.0,1.0299600354159268,0.0013325869070577052,-150.23562323969105,0.053323393749557906,0.0027544625051582985,0.00013776918222059356,-168.4862310757375,1.7060740567063664
210_Narrow,2564482500.0,1.0266551365628407,0.0009437063701908376,-150.82637963231383,0.046302317652511395,0.0027734178441473738,8.918927361926006e-05,-170.0508845841472,1.435459469140108
210_Narrow,2564485000.0,1.0308494059659545,0.0013261180532226572,-150.72341065580815,0.06568323764176326,0.00273831913520147,9.279876656403683e-05,-169.39664914291072,2.2003594890580476
210_Narrow,2564487500.0,1.0259264628066154,0.0009562702411223297,-150.13744254993273,0.07657435361380077,0.002769665537091691,8.387623329716516e-05,-169.44295674031343,0.9959676859180852
210_Narrow,2564490000.0,1.0277279538535946,0.0011020964493371858,-150.3789870321006,0.08772547491801992,0.0027556953016360914,5.867621433621217e-05,-168.9312655153289,1.613154654087435
210_Narrow,2564492500.0,1.0252583313401415,0.0012166594916139877,-150.12809780024133,0.06997846504482304,0.002692405702578765,9.905739354186276e-05,-167.50736480772056,1.9799597695432019
210_Narrow,2564495000.0,1.025802259029524,0.0009837256599685288,-150.49581068658682,0.05165306770059755,0.00273803248104059,0.00012083205425964594,-169.22867916312723,0.7853373998863665
210_Narrow,2564497500.0,1.0270954267988157,0.0014381974749669985,-150.56708825864771,0.057488610175389414,0.0027180239979355467,8.287107655058148e-05,-170.19773076131787,3.177765561974445
210_Narrow,2564500000.0,1.0248842107390699,0.001178970285807741,-151.06011774909953,0.11580954867130422,0.002752017414514483,0.00010466522557957207,-170.04579066193384,1.2344679180827058
210_Narrow,2564502500.0,1.033149797168056,0.0017148698269868101,-149.85060688511325,0.07361169021771431,0.0027930753378094405,8.251994255451019e-05,-169.45594369900994,2.084853447323502
210_Narrow,2564505000.0,1.0280391184916862,0.0014373179574164938,-150.62770587922262,0.06708367156661424,0.0027407878369361226,7.373154327406796e-05,-169.81120586197412,1.8480346861687458
210_Narrow,2564507500.0,1.024390747451897,0.0013247359231866283,-149.8894481779512,0.08023786237210316,0.002773077144790661,6.736826774987495e-05,-169.0640885044921,1.430972588844614
210_Narrow,2564510000.0,1.0358414721864186,0.0018347504932927812,-150.16897741572598,0.05688709134615115,0.0027881942217097486,0.00011108694258692033,-167.43657423378076,2.106333510612895
210_Narrow,2564512500.0,1.0226291533503027,0.0006589204210811502,-150.26624457478184,0.07207595837981771,0.0027435555937148507,9.375789926311616e-05,-168.33096450864969,1.2816160414117796
210_Narrow,2564515000.0,1.025082662947295,0.0012933808772683207,-150.50106380674058,0.04854313258757451,0.002721884529969207,7.913956238790776e-05,-168.1964030700405,1.5077075064695429
210_Narrow,2564517500.0,1.0283921831715959,0.0010832223085626568,-150.4722953795628,0.06726433345193668,0.002783524260446875,8.154703238015891e-05,-169.25037088104736,1.4248239675103154
210_Narrow,2564520000.0,1.0258474030064462,0.0010328840553449842,-150.36103693199712,0.04537970029444834,0.002777650733198017,0.00010273556413822317,-169.33038393410752,2.4973729516647682
210_Narrow,2564522500.0,1.0327224680355729,0.0010269937400395424,-150.5628188659246,0.06179073380250803,0.002753795530679021,0.00010813636432435196,-169.7561932294969,1.558214519432049
210_Narrow,2564525000.0,1.0270653287200873,0.0011314847444506726,-150.27329804910198,0.08822608565355414,0.002791544582323648,0.00011145110979743789,-169.496649818536,1.776967388636131
210_Narrow,2564527500.0,1.0332368824050921,0.0009223868847778572,-151.01006587782288,0.08730096109940953,0.002758247850744079,7.937333551688515e-05,-170.44843136559084,1.8402392412133246
210_Narrow,2564530000.0,1.0339941224175981,0.0010872080100478817,-150.7116974530794,0.06034887308932398,0.0027986088429849546,9.32347220838044e-05,-170.2905357794641,1.6973750830905021
210_Narrow,2564532500.0,1.0257415205624274,0.0014772415018956743,-150.86974399696652,0.047146633729449786,0.00278956173468285,0.00013376115657519732,-170.29920701441986,1.993353183785995
210_Narrow,2564535000.0,1.0272274020342984,0.0010829718906336066,-150.39955784525924,0.079840069939674,0.002814144536823661,0.00011429032088876058,-169.14425287174993,1.8380752672880563
210_Narrow,2564537500.0,1.0396005251161833,0.0007343450526339634,-150.29384259161463,0.07424175998048466,0.0027992901029730436,0.00012067549457903554,-168.67707770145472,1.1666913745624337
210_Narrow,2564540000.0,1.0267694720544378,0.0014665907181436145,-150.96813556600338,0.08802254984119198,0.0027765808190383812,0.00010166417391442197,-168.89438477424088,1.7369316212145163
210_Narrow,2564542500.0,1.0256625041452432,0.000994426624546726,-150.36618245652986,0.07309009112072529,0.0027591131989537125,5.878252842180961e-05,-169.9010488022122,1.6256417315921428
210_Narrow,2564545000.0,1.0329406889250348,0.0014061612264405156,-150.4697396649251,0.07315701971804117,0.002763648475168709,7.39207764523912e-05,-170.2418974197179,1.541352825479722
210_Narrow,2564547500.0,1.0236725889083986,0.0010230534106068976,-151.14314777644407,0.06047284391666082,0.002773046128837739,0.00014031784629300913,-170.5241553710312,2.7101416747201847
210_Narrow,2564550000.0,1.0327054458273734,0.000979856025195062,-150.38881427097638,0.07065340415157823,0.002798949668662636,0.00011915269427266521,-170.4097961066549,1.7431136031903536
210_Narrow,2564552500.0,1.0218343245946742,0.0006560079146951602,-150.23953098577664,0.05185060961251328,0.0028216904094131427,9.75875651074898e-05,-168.71873897287756,0.7754148851024826
210_Narrow,2564555000.0,1.0213016871468446,0.0010371361908362584,-150.3117925980912,0.05890891323388975,0.002748391914343881,0.0001153385419295156,-170.05613360089802,1.9397939316754949
210_Narrow,2564557500.0,1.0265444801098516,0.0016594020332803272,-150.80853166004422,0.06471973889133693,0.0027543125555202497,8.585963992850871e-05,-170.8274717956185,1.334140840395576
210_Narrow,2564560000.0,1.0293096637833827,0.0012668035453213707,-150.01503561163523,0.05030274376926586,0.0027959349282996935,8.451452768574911e-05,-169.64443784116074,1.5107827372139295
210_Narrow,2564562500.0,1.0417873924990901,0.0013453316856523794,-150.18459765439,0.09945527454443703,0.002860121064258183,8.16599813066203e-05,-169.80046929344843,1.2949948665819482
210_Narrow,2564565000.0,1.0224130317988696,0.001097625010663039,-151.0008816481609,0.06189757130903647,0.0027901656325707075,0.00010099294932721002,-168.6361452758585,1.4923743103269531
210_Narrow,2564567500.0,1.0402305327241343,0.0011008437193851816,-150.4956750072809,0.07383539287982163,0.0027583723075101266,0.00012098453011998027,-170.91972212825266,2.018073934891313
210_Narrow,2564570000.0,1.0281797442805245,0.0009823667102637995,-150.64138649626736,0.07378716343987753,0.002748668218084087,0.00012201837428426512,-169.6270409779003,2.052295560312459
210_Narrow,2564572500.0,1.0322723626518537,0.0009429609063506417,-150.1594972098571,0.06685377456219489,0.002768602129555942,8.69721499408049e-05,-170.09894204423517,2.2283178949494578
210_Narrow,2564575000.0,1.0262557606585214,0.001226462242237896,-150.08007709499893,0.06348330415199605,0.0027797060852274955,0.00012158807025761666,-169.2145350264591,2.7827092957792794
210_Narrow,2564577500.0,1.0190788438346,0.0007779548440820673,-150.80479094032728,0.07627134456404568,0.0027260252644275757,0.0001112148868102534,-170.25977275829615,1.326548517937718
210_Narrow,2564580000.0,1.0280501078214852,0.0009253579980167633,-150.36159949209554,0.07085774264520804,0.002714421459832026,0.00010976932419978015,-169.18940130501048,2.3133025897212103
210_Narrow,2564582500.0,1.0278726533191844,0.0009070197455514731,-150.30738155398427,0.066029545860178,0.0027736810247233692,0.00012030871454797927,-169.15781968630733,2.360575367756134
210_Narrow,2564585000.0,1.03506476812753,0.0014963172399443075,-150.09064892723427,0.04558163227905249,0.002774562363651519,0.00011637454352677541,-169.77292738577205,2.461562680310455
210_Narrow,2564587500.0,1.0287412496032575,0.0007011721472171169,-150.66724602281968,0.07032831043186191,0.002795401672964082,7.608971327570346e-05,-170.16287896696025,2.4963964483421774
210_Narrow,2564590000.0,1.0283886918237344,0.001026274196695058,-150.76696532353154,0.03832747667370598,0.0027605633390760057,0.0001265677748603932,-169.75930683208964,2.5682082549960303
210_Narrow,2564592500.0,1.024686073626029,0.0015603206134805526,-150.0841783517293,0.09511636462743947,0.002865236274767312,9.772584830135367e-05,-169.1399215519537,2.3108159775678
210_Narrow,2564595000.0,1.0312733776195815,0.0012484213059440654,-149.98606341486234,0.07858097716612975,0.0027335543317290297,0.00013348415423086808,-169.35428517670363,2.396254577116384
210_Narrow,2564597500.0,1.0259262730708707,0.0010141914706587986,-150.8129684418357,0.0657689323100322,0.002761639634410674,0.00010919909262064391,-169.61333664560908,2.3399694543666634
210_Narrow,2564600000.0,1.0304995617188624,0.0010789931056389022,-149.90772101154735,0.10070733331321431,0.0027929173820000503,7.725291517942668e-05,-168.77961295618775,2.0827563528528232
210_Narrow,2564602500.0,1.0316532114437789,0.0015572052759424326,-150.69975459452834,0.03536519167841114,0.0028225133721160463,0.0001353098047454466,-169.7852585093812,2.264130484611816
210_Narrow,2564605000.0,1.0243244597741383,0.0013441643412942432,-150.64883808407086,0.04967797883537748,0.002752220603255757,0.00013538719020075735,-170.32781115429722,1.4598441511956255
210_Narrow,2564607500.0,1.0282462129662877,0.0007690600953420448,-150.62182481499556,0.06457380263589872,0.0028069023443357075,0.00010703695631852511,-169.09952497282487,2.4342198534473947
210_Narrow,2564610000.0,1.0333286819336684,0.001026294013708993,-150.74744106694877,0.0694844305956619,0.0028242620961577633,0.00011091740012686061,-169.9834758352334,2.1133839734965054
210_Narrow,2564612500.0,1.0320727786319959,0.0011014214530762104,-150.77558474004238,0.06806531976893397,0.0028329057374202387,0.00010158610688092825,-170.32746631775763,1.4654450787463345
210_Narrow,2564615000.0,1.0276271180333416,0.0009102850468343519,-150.94391794166154,0.06681468983803553,0.0028530228328972765,9.766815978525691e-05,-169.7799288820968,1.0265550866272417
210_Narrow,2564617500.0,1.034118762552794,0.0008780584802657618,-150.72735731829994,0.10276944704423,0.0028338001404061047,8.990394751768077e-05,-170.44479341807073,1.83610903549585
210_Narrow,2564620000.0,1.031665760198452,0.0012390418282199169,-150.6353839698763,0.07877355804543264,0.002806059187859885,0.00010551995761453258,-169.65635483202863,2.1888736789184784
210_Narrow,2564622500.0,1.0279831373292625,0.0014996701126504172,-150.8915145067704,0.06418586935445204,0.0027846675895339397,7.768192576322791e-05,-169.04389853507075,1.7913517938165335
210_Narrow,2564625000.0,1.0235503579624785,0.00128170205781031,-150.75903917846776,0.037254904633481335,0.0027255747523110157,0.0001163595844131178,-169.7018207120016,1.4369201100636793
210_Narrow,2564627500.0,1.0343674269904695,0.0008740369469437467,-150.5285679948288,0.05068017161206065,0.0028008860507910435,0.00010227478645547932,-169.8043897476507,2.4666167711808376
210_Narrow,2564630000.0,1.026079256534908,0.0011543536488201232,-150.86267211649852,0.05783323064360192,0.002746152257141278,0.00011258662856421799,-169.26237652100738,1.7404039880359572
210_Narrow,2564632500.0,1.0327019975428675,0.0010750980606287987,-150.14839091816899,0.076377305526941,0.002797178320987277,0.0001147749986843884,-168.54733039401054,1.2021674542566019
210_Narrow,2564635000.0,1.032345088848052,0.0007353303868234473,-150.6608906475828,0.04772112353055624,0.002794284508071125,9.119460227755119e-05,-169.66569536070944,2.3741073839693385
210_Narrow,2564637500.0,1.0260242929435206,0.0010068713981464135,-150.19709011973612,0.05846565227300361,0.0028209977914614628,7.083281158724075e-05,-168.78149197524093,1.4387252800513985
210_Narrow,2564640000.0,1.027758455494347,0.0007159597847077095,-150.56477019536953,0.08629826825060614,0.0027558110311140973,8.878445641455514e-05,-169.7248067115419,2.946183175665151
210_Narrow,2564642500.0,1.0281842595202875,0.001192180402563021,-149.964948288234,0.06642550423941229,0.002803551130600228,8.731667823913085e-05,-170.00415997130938,1.6206001195679718
210_Narrow,2564645000.0,1.0334613400014836,0.0014621825484440799,-150.57936305358828,0.056982208261095034,0.0028578583381567157,0.00010993746735749507,-170.0225136338956,1.575779761498902
210_Narrow,2564647500.0,1.0265539668383548,0.001287839028800026,-150.85234984884443,0.08720244730006087,0.0027817656423281363,0.00013149517229911085,-170.31675527106893,1.4115432814428555
210_Narrow,2564650000.0,1.0171256511206266,0.001397095955214622,-151.12638113180583,0.08950824490876653,0.0027601855200587444,0.00010153472791194122,-170.3232853132772,2.7597146702248647
210_Narrow,2564652500.0,1.0343311270873494,0.0009220047058489324,-150.51588651375397,0.06940925771745879,0.0027726011157048263,0.00010616679707987991,-169.97291991621157,1.4864178979567584
210_Narrow,2564655000.0,1.025451568004856,0.0009233965393477633,-150.51260240977754,0.08468751473333637,0.0028622822860535986,9.013035487061576e-05,-168.91794772441799,1.8460300903110132
210_Narrow,2564657500.0,1.0249235133853185,0.001589567277468805,-149.6597337457344,0.08227585609444378,0.002794275678555727,7.328438164870564e-05,-170.12471039167144,1.2806757763365622
210_Narrow,2564660000.0,1.0302141166218113,0.0011670143221587535,-150.64401621153547,0.05346346713851808,0.002809230504614915,0.00011072263799678397,-170.27254024954084,2.0113907614753757
210_Narrow,2564662500.0,1.0310191878528372,0.0009573088681132611,-150.81024382417758,0.07089540638415619,0.0028001405370563018,9.827793659953596e-05,-170.2705024241259,2.290104809809607
210_Narrow,2564665000.0,1.0265278896360333,0.00048331281077412596,-150.88998043785745,0.05687025017846378,0.002826565635414918,0.00010529390405822223,-170.576982785746,1.472688511768103
210_Narrow,2564667500.0,1.0314035821540333,0.0013878498192539444,-150.67572022084096,0.06112948232739976,0.0028030873447431395,9.637470329684446e-05,-169.896365083361,1.855773014278438
210_Narrow,2564670000.0,1.042077280975392,0.0012662362606282737,-150.36736434336254,0.0663176018275807,0.002860963447242997,9.16105618051459e-05,-169.71515065999523,1.9321073383471863
210_Narrow,2564672500.0,1.03056122631739,0.0012910559447354604,-150.87425359779394,0.05614106919089657,0.0028256931844610565,8.459073059974131e-05,-169.24541415749107,2.484481913749065
210_Narrow,2564675000.0,1.0287519369987266,0.001154644773986709,-151.17337348343773,0.06170624235785846,0.0027495695848982348,0.00010388231973215527,-170.43009499843527,2.3472070828253337
210_Narrow,2564677500.0,1.0316233257293455,0.0010120866362220114,-150.2299789452236,0.07908565469400437,0.0028009532546271463,6.693046338053946e-05,-169.24791754987717,2.0221544902622273
210_Narrow,2564680000.0,1.0246697956215753,0.0010200277919570502,-150.65217964044254,0.07213843657544271,0.002804895318182051,0.0001424023262995957,-169.9740056489307,1.848747880978851
210_Narrow,2564682500.0,1.0234715690273908,0.0010277693137201204,-150.63569069188947,0.056787234669418964,0.0027969490117115605,7.894616252014598e-05,-169.5704654019074,2.2192109523269186
210_Narrow,2564685000.0,1.0340801463871763,0.000801697735946688,-150.2020144128602,0.0520395993238458,0.0028287712518993598,0.00012031988310613695,-168.26220071598152,1.322937245697184
210_Narrow,2564687500.0,1.02368853595056,0.000737350946190901,-150.46367089514004,0.05035721765297364,0.0027443415739679634,8.893494488357812e-05,-169.42619799243616,2.278262745750169
210_Narrow,2564690000.0,1.027854438172575,0.0015734733898132292,-150.62924581909175,0.03699199827076452,0.0028365004704069647,6.943053509397247e-05,-170.1091191701694,1.8035988938340086
210_Narrow,2564692500.0,1.0264849258563373,0.0009341876481876851,-150.27649835318394,0.06701380615903313,0.0027322471319406573,9.271884446717955e-05,-169.68808860943727,2.317028769039872
210_Narrow,2564695000.0,1.029077229279741,0.00128997565348548,-150.44446795842794,0.08843223645906154,0.0027852620254375485,8.341937745123724e-05,-169.2975143962187,1.8056191950337004
210_Narrow,2564697500.0,1.03110288925024,0.000839778659143389,-150.2960905227842,0.048054109832323326,0.002892497320282844,5.2081771584642626e-05,-169.86776134570786,1.5390650810762951
210_Narrow,2564700000.0,1.034237372941794,0.001030940389525121,-150.4785648194665,0.058717901547996575,0.0027703555664636034,0.000104693703109319,-170.08370249252133,1.526696795853732
210_Narrow,2564702500.0,1.0267298399738636,0.00141995916821568,-150.57510465568294,0.06394451526782831,0.002815172784953294,5.206361211107572e-05,-170.0642704659544,1.0745357298163094
210_Narrow,2564705000.0,1.0276310510504172,0.0005260620719845491,-150.69440344925036,0.062040439409486024,0.002791248748216008,0.00012138063943280364,-170.15586678950905,2.2965269224012137
210_Narrow,2564707500.0,1.0361125162445255,0.0013223388298901457,-150.76176157561721,0.08246347761526956,0.00276334218929194,8.251950658721899e-05,-170.19618427181328,2.841881256983166
210_Narrow,2564710000.0,1.0324917128784437,0.0009212680723478082,-151.50099089317575,0.0494193508808102,0.002806872516344157,8.698099837715914e-05,-170.34967520060425,1.4188880874539311
210_Narrow,2564712500.0,1.0311497279990827,0.0013041318088361552,-151.2987961955715,0.04209000633165469,0.002830654431937745,8.398699564010681e-05,-169.51249253391575,1.7396694141653153
210_Narrow,2564715000.0,1.0193291405967229,0.0012427158912455302,-150.54110381013015,0.09705449515124415,0.002776828131519058,8.44286609467222e-05,-169.31416321493273,1.8093648555725312
210_Narrow,2564717500.0,1.0205552212322047,0.0009985193163166521,-150.65890687128544,0.07875552073636088,0.00280015469131575,7.683805472274757e-05,-169.50512528011353,1.9484572773579847
210_Narrow,2564720000.0,1.0289212939423797,0.0013103961979892608,-151.00824033562648,0.04309638439863749,0.002799956844906273,7.745987772427268e-05,-171.1316236340257,2.2462551027753515
210_Narrow,2564722500.0,1.0283582021640771,0.0010468594109522935,-150.66118987571446,0.0821441046944579,0.0028280532528598004,0.00010879022475395169,-170.44518119009985,2.380362597241137
210_Narrow,2564725000.0,1.0244312582380122,0.0009433160040015081,-151.0481009828142,0.060178229807931354,0.0027648402727935848,8.622934437747794e-05,-169.95450946231722,2.0241792287985576
210_Narrow,2564727500.0,1.0215471625700794,0.0011179649075858632,-150.58658220301058,0.0612040031598702,0.0027906410784348874,0.00010046829197328989,-168.46350567842327,1.6876890670584521
210_Narrow,2564730000.0,1.0316189092233794,0.0008587304440672025,-150.48197647413477,0.05957782906662348,0.002859953352440269,9.413932041013141e-05,-170.32018051787782,1.6105926930301193
210_Narrow,2564732500.0,1.0245622412035402,0.0010306672683053964,-150.46780630259775,0.04154730219903702,0.0027736232630615172,6.953337423575061e-05,-169.48925569824755,2.6307953211848707
210_Narrow,2564735000.0,1.0300346969527525,0.001463209092764838,-150.31237548367514,0.05224564706300889,0.002876672302533634,7.092072751917865e-05,-169.44781849393593,2.1423390752786715
210_Narrow,2564737500.0,1.0257619087025673,0.0009115028924605914,-150.8505009584909,0.05671887485731715,0.0028048530960153406,0.00011079968813113834,-170.55615262927867,0.9639910411822968
210_Narrow,2564740000.0,1.022345769815396,0.0014300020736569942,-150.64881992602596,0.06640823618694883,0.002894285919207333,8.93447822398487e-05,-169.08034935161118,1.8287051535338052
210_Narrow,2564742500.0,1.024192141978275,0.0013945270348908329,-150.46818825656985,0.08508356512174117,0.0028194460321562522,0.00010288319137716166,-169.22490209818284,2.3878050003999527
210_Narrow,2564745000.0,1.0304905622872382,0.001455679979870594,-150.6365513958538,0.06902282507068085,0.0027547099003365173,5.326385419594208e-05,-169.53629096716188,2.2969565911897947
210_Narrow,2564747500.0,1.0372799713195415,0.0011122004647328388,-150.96298902458898,0.056813351343944225,0.002848665184473657,6.226461793961525e-05,-170.40205967122884,2.2193443654961063
210_Narrow,2564750000.0,1.0363446596459132,0.0006565374306481869,-151.09477048204835,0.03869227031050277,0.002840892401389023,9.636595821278127e-05,-170.94641819209667,1.9920007667859525
210_Narrow,2564752500.0,1.0252969481322254,0.001535765553497257,-150.08799794600606,0.04696375457133984,0.0027551913819695377,6.053392771282945e-05,-168.87711709268922,1.8517110660138778
210_Narrow,2564755000.0,1.026906566024523,0.00093738960851547,-150.36240116425378,0.05959603926472648,0.002832110682311762,0.00010545340855164486,-170.13368240772883,1.5321771581191068
210_Narrow,2564757500.0,1.0247237271877727,0.0012191395685165506,-151.12882950266862,0.05129772724047117,0.002807675346819256,7.345014775996328e-05,-171.17269006243694,1.3261095211244973
210_Narrow,2564760000.0,1.0220360569534923,0.0013518548511914817,-151.04031904133214,0.04420605553510602,0.0028042878415065007,9.948586600968568e-05,-169.2186626237758,2.33907599089588
210_Narrow,2564762500.0,1.0306399869379146,0.0009541516852159627,-150.5929406789181,0.061198320083252655,0.0028268476668806925,0.00010516638321135943,-169.9300840950097,1.4490660347191588
210_Narrow,2564765000.0,1.028614087865702,0.0011739262633704826,-151.2033670869674,0.05319501611904596,0.002765723952483274,0.0001174086961471236,-169.8659933353803,1.663009000589317
210_Narrow,2564767500.0,1.03011968904338,0.0013689879122193397,-150.32144217700971,0.06541399737607452,0.0027747148070937826,0.00014094957065669157,-169.00740950306974,1.5119315281017427
210_Narrow,2564770000.0,1.0314198075203977,0.0013073953486913864,-150.78954454599443,0.07452158364007438,0.0027800100305241937,6.738546504591967e-05,-170.80661838684844,2.2458298228967664
210_Narrow,2564772500.0,1.0352729916281458,0.0010657844421758376,-150.5329946524685,0.0588102756983687,0.0028808860436477122,0.00011217676568947869,-168.61783980684584,1.9199883708292316
210_Narrow,2564775000.0,1.0262503412282404,0.0012985317591963363,-150.88126494857732,0.059741814497006565,0.002777538314654365,0.00010433933601713322,-170.22527773537135,2.1172558705048337
210_Narrow,2564777500.0,1.024153643327007,0.0010906780118267868,-151.00977971588264,0.08302886390606407,0.0028436322366076202,0.00010190177318491437,-169.88207578982295,1.3863656291220483
210_Narrow,2564780000.0,1.0238607729167504,0.0012209138856958761,-150.5723432246559,0.06078186200948544,0.0028301574103112167,9.904596472015e-05,-168.900336114374,1.7303439740025077
210_Narrow,2564782500.0,1.0240116474897183,0.0009514858183289146,-150.60812929377644,0.06509613768365874,0.002827498247286613,9.055048543071106e-05,-170.0542064478225,2.331793778207999
210_Narrow,2564785000.0,1.0306030774624508,0.000724378107184538,-150.4905647746955,0.07430370374651864,0.002857251580695834,0.00011561179647590509,-169.8846270381979,1.4603418493364702
210_Narrow,2564787500.0,1.0293852296414059,0.0012738114671230548,-150.64989213516264,0.07030385710495798,0.002770820950690522,6.171123134181504e-05,-170.3467279360219,2.1939981926729435
210_Narrow,2564790000.0,1.0274507613483213,0.0008361913985784786,-150.950154433171,0.05059744751635475,0.0028271384575116803,0.00012448725674933975,-169.34433492972298,1.7264653638801588
210_Narrow,2564792500.0,1.0219269677624871,0.0015373694625648807,-151.10321826309973,0.07431517694853738,0.002745561872874894,5.208430518627981e-05,-170.04687850355702,1.4754764896184445
210_Narrow,2564795000.0,1.0228632665594781,0.0009976930111535451,-151.00071445715685,0.09133503409236923,0.0028149979600284813,7.45326390730925e-05,-170.10364947637092,1.8401106410868002
210_Narrow,2564797500.0,1.0216330051233136,0.0011777966370859383,-150.97890422326543,0.08754647866477812,0.002837008639197016,5.36318916424843e-05,-169.76803997157867,1.8751120294735024
210_Narrow,2564800000.0,1.0283334199852425,0.0009020759118732139,-150.46792989702172,0.07000360217836597,0.0028229926098990708,8.734128128452999e-05,-170.59948459105246,2.1259877347986693
210_Narrow,2564802500.0,1.021528240263435,0.0015456897841730375,-150.8780552503067,0.07518909374681021,0.0027813391595810626,9.639800250984473e-05,-169.26340951771147,1.6425457187576682
210_Narrow,2564805000.0,1.0202733652049654,0.0011624267305371124,-150.9453790476171,0.08881518381684506,0.0027760498739335996,0.00011902314632933716,-169.8046170674069,2.3584629891565823
210_Narrow,2564807500.0,1.0193492099293475,0.0012452604809080569,-150.24886972792035,0.07020428908818284,0.0028547014844957,8.950933889728128e-05,-170.19554013741336,1.5791668416316627
210_Narrow,2564810000.0,1.0325776151670585,0.0011054114524894853,-151.02229505928608,0.0868776221065217,0.0028575578799374724,5.976132814197926e-05,-169.71335017164228,1.7085820820332795
210_Narrow,2564812500.0,1.0299882842187813,0.0011462216287568344,-150.57621237244194,0.04098974200100413,0.0028075255274570545,0.00010326024685679935,-171.34203417074917,1.8315544312464782
210_Narrow,2564815000.0,1.0311818343086774,0.0008616238631740198,-150.610790437261,0.06496602170046074,0.0028226241909709406,0.00014133417830062783,-168.4773354603848,2.1367770128795094
210_Narrow,2564817500.0,1.0198312473906959,0.0014622182750403693,-150.72040897714447,0.05130987795530741,0.0028081026525894103,9.139108568484064e-05,-170.31621357716034,2.084471839704632
210_Narrow,2564820000.0,1.0256186825898859,0.0014195484812678139,-151.18557374115892,0.08256648559931852,0.0027959628548741146,7.684315208919326e-05,-170.26716468658023,2.213596190047787
210_Narrow,2564822500.0,1.0276464035686608,0.001209417283808558,-150.86466909985418,0.06757790283522311,0.0027552754233128958,8.626194299676308e-05,-171.31975048621243,1.906706317883938
210_Narrow,2564825000.0,1.0328127979337591,0.0011706713475350043,-150.56937761314572,0.08523347828370235,0.0028532292520071184,7.805007791933457e-05,-169.60727553589885,2.7616827248155458
210_Narrow,2564827500.0,1.0218188988955974,0.0008125146827018837,-151.0591539862579,0.05141692146373777,0.002826182648748575,0.00012236427159448884,-169.02987659828477,1.5118443296646829
210_Narrow,2564830000.0,1.0384153769172562,0.0013596832353640865,-150.63176210415656,0.09181218439573235,0.002818020032272341,5.518811682722308e-05,-170.21137748008903,1.9612875856193965
210_Narrow,2564832500.0,1.0318401806124644,0.001237155337657071,-150.99014283765402,0.05431477432635454,0.0027509871314969716,0.00011678692116071408,-170.26583600543543,2.039933711257945
210_Narrow,2564835000.0,1.0244212582702903,0.0014387422001966399,-150.9499893071898,0.07153654611414963,0.002783957955750526,0.00011167689339005291,-170.83739260534347,2.2317372878924324
210_Narrow,2564837500.0,1.0198320854258482,0.0012548887881611115,-150.30071433708673,0.06578782928963424,0.002789588997456671,7.812746711241834e-05,-169.95407022796007,1.6912578222201373
210_Narrow,2564840000.0,1.0252861638514723,0.0008245884883398173,-151.55911264443512,0.09200447866483753,0.002809691142074362,8.490440429399018e-05,-169.9646967893329,1.6093493914657917
210_Narrow,2564842500.0,1.025328839671186,0.0008326947308736436,-151.06282353063534,0.051739877371659415,0.0028311025070262893,8.179194733627414e-05,-169.62688152183586,1.7999978384494428
210_Narrow,2564845000.0,1.030112279687707,0.0008200507522077787,-150.78868277874767,0.07806542083061917,0.0027824432605891743,8.66190046744721e-05,-170.80805798031793,1.9394154019510752
210_Narrow,2564847500.0,1.0189403386531957,0.0008332170896676313,-151.02648305332036,0.05305188759409467,0.002822561341048536,0.0001124779137287592,-169.52444440354603,1.5305178861229314
210_Narrow,2564850000.0,1.0086973478245813,0.000894973761214751,-150.75117589599014,0.08801326476384416,0.002725653697903862,9.110311558721486e-05,-169.90207240315866,2.245018405531053
210_Narrow,2564852500.0,1.0280016694143497,0.00121022431692007,-150.42513566594354,0.06461458076606061,0.0028589854141023896,9.220176084291671e-05,-169.29211993734197,2.3465808885279564
210_Narrow,2564855000.0,1.0279547079186957,0.0015986934310819345,-151.15273921185087,0.06836332926848947,0.0028533466015104106,8.65824136519327e-05,-170.65873479663338,1.6134710087705468
210_Narrow,2564857500.0,1.0168408572148269,0.0010410388584723514,-150.61045060696054,0.0779576606567024,0.002734350808964443,7.38608535165655e-05,-169.169747528832,2.0572200108257035
210_Narrow,2564860000.0,1.0217631288548639,0.001132218347401681,-150.45644766984068,0.07313148119927106,0.0028353942199280946,7.885561577213553e-05,-169.42612577222144,2.576686476848786
210_Narrow,2564862500.0,1.023321652064492,0.0006148871984982156,-150.83373397623828,0.044578112596121655,0.0028358311804407375,0.0001346775713996422,-170.80315031080147,1.9681823769352926
210_Narrow,2564865000.0,1.032476255385483,0.0017791174360667211,-150.93842899062602,0.09502011829878643,0.002832251073221311,9.206099873675912e-05,-170.64097709526547,1.7808288002290922
210_Narrow,2564867500.0,1.027649772831954,0.0010983530429415013,-150.99349789622525,0.05680089543345763,0.002893305540351376,0.00012247481862067057,-169.49737068111074,1.8772050056639407
210_Narrow,2564870000.0,1.0276038513859382,0.0008669803340985311,-150.85546922031511,0.05995926213718887,0.0028732207752105205,0.00010050939200254808,-170.05606600782573,1.2171428158851996
210_Narrow,2564872500.0,1.0268000523849992,0.0011387105940494234,-150.78905403331223,0.09970953509945636,0.002785132616797393,7.60733351537254e-05,-170.2408564271536,1.993181326932513
210_Narrow,2564875000.0,1.029077776125011,0.0007593022525147045,-150.9561683493441,0.08968640748714073,0.002791763641629108,0.0001236446377092832,-170.56662804115174,2.2326438304724214
210_Narrow,2564877500.0,1.0282408638205764,0.0017212158856252154,-151.4564065922785,0.04679459472877976,0.0027977611122855777,0.00012591597631821268,-169.86690570057945,2.269825112060901
210_Narrow,2564880000.0,1.035120133826662,0.0015108380873887495,-151.1234291027284,0.0585017186030705,0.002861134188548798,0.0001113709689943533,-170.68295257092674,1.7830535187644052
210_Narrow,2564882500.0,1.0279198239951948,0.0012837088593533404,-150.2976472782216,0.07543232834343083,0.002834442576359095,8.872105880498313e-05,-168.4069171113246,1.5493347182798778
210_Narrow,2564885000.0,1.0175819631390801,0.0010557202038097239,-151.02527497490087,0.06410285856407767,0.002819387419168512,8.416983028950223e-05,-170.26416504771214,1.9079165806828502
210_Narrow,2564887500.0,1.0153681864322632,0.0008646425815931662,-150.87545013187662,0.06076198713474235,0.002759443498129839,0.00010898377542594242,-169.7656784276164,2.1265048708558703
210_Narrow,2564890000.0,1.0222460183836515,0.0012839051139035295,-150.51902938276191,0.08241612791443717,0.0028217948438730147,8.887332804855677e-05,-170.22006428219586,2.2681079476063757
210_Narrow,2564892500.0,1.017228897811504,0.0009257146614333974,-150.70061884517773,0.06380536819541385,0.002795761329921685,0.00013241955628057571,-170.03338874309333,2.328200093148167
210_Narrow,2564895000.0,1.0190191748777684,0.001500867872075374,-150.49594418114583,0.07242463318987305,0.0028360459999689385,0.00010213610676042046,-169.00416523611813,2.3927419217247063
210_Narrow,2564897500.0,1.0226972367759493,0.0018287250751993175,-150.72951116002523,0.06416243931724806,0.0028445867601039096,0.00011847213970449647,-169.53045474415583,1.9532881581198156
210_Narrow,2564900000.0,1.0229050685318684,0.0006076856895114381,-150.97704271832276,0.08573406861782944,0.0028371181218343764,9.123017746031511e-05,-169.19089816378454,1.6821974800528818
210_Narrow,2564902500.0,1.0248830271214613,0.001692440493001424,-150.8685550876482,0.10215541533338778,0.002828346997777938,0.000119972720193508,-168.7515478899084,1.8511778163461194
210_Narrow,2564905000.0,1.0230500818305845,0.0012083760506797518,-150.777845264017,0.07787293897670541,0.002831869124784994,0.00011115569452553562,-168.94964298749005,1.7955518509583712
210_Narrow,2564907500.0,1.0312639651136966,0.0007355004035603144,-150.91618782743612,0.068968052779431,0.002817074263243354,6.167393219868411e-05,-169.56559513173443,2.658033806971621
210_Narrow,2564910000.0,1.0332434355440496,0.0010312868410680773,-151.28773418971963,0.06013925268363645,0.002867666343550912,0.00010390314602475613,-170.33832211260878,2.514263368243738
210_Narrow,2564912500.0,1.024813805122079,0.0006814079775672605,-151.09196274061068,0.05784036078188048,0.002802258599558533,6.979067833412934e-05,-170.00031469667815,2.4446049384537747
210_Narrow,2564915000.0,1.0256960692029713,0.0012743639260462273,-150.2210325707181,0.08741903044005282,0.0028250749518500253,7.140679891752055e-05,-169.0852516913406,1.8196972477843618
210_Narrow,2564917500.0,1.027327765186212,0.0012169014467687427,-151.09025194063133,0.0690075588777043,0.0028237949400006816,6.349115544824643e-05,-170.14080215102302,2.033775975332072
210_Narrow,2564920000.0,1.0212473234390678,0.00064520840461708,-151.1161762016651,0.07176365921654206,0.002850383757428193,8.519313779624961e-05,-168.33508272421537,1.4675225241010996
210_Narrow,2564922500.0,1.0331503648830296,0.0009956553754155615,-150.33070702330414,0.09993682434019713,0.0028444231892550457,9.683368253667112e-05,-170.9603473095585,2.2022728445795328
210_Narrow,2564925000.0,1.0228273842551068,0.0016178374016953866,-151.78384990162718,0.05250843439825194,0.0027989224237766046,0.00010654376601213869,-169.77639521994206,1.6188881753676552
210_Narrow,2564927500.0,1.0268584247636263,0.001103965038517028,-150.8820122458606,0.07764453279669183,0.0028325989439128806,6.533728194694007e-05,-170.76997411253814,1.4769071736730803
210_Narrow,2564930000.0,1.023853998677653,0.0012623021235735284,-151.14738837873392,0.09201254642549887,0.0028539117908063867,0.00011640900068424935,-168.80218702727853,2.550785187958608
210_Narrow,2564932500.0,1.0227909451417856,0.0012026257170184508,-151.00602771392153,0.06680732907710062,0.002807983001306059,4.075053360982926e-05,-169.78163077629628,2.4795989644962937
210_Narrow,2564935000.0,1.0290828222819202,0.0010772174298665064,-150.21563436635057,0.05922267599595997,0.0028321254233205045,8.142658562348654e-05,-169.11685372187537,1.5891897082945077
210_Narrow,2564937500.0,1.0228192171868122,0.0009937224905100278,-151.26714405022358,0.07594350580584598,0.002861847057687829,0.00010338796349269369,-170.7527655580385,1.6537021344631588
210_Narrow,2564940000.0,1.0202444519256957,0.0012206218273897323,-150.63396443990933,0.03794851770184232,0.002832230478517806,8.383996097222369e-05,-168.80177799714497,2.0280772966081253
210_Narrow,2564942500.0,1.0213087343821063,0.0008361405265297898,-150.79858489102935,0.06316564988766223,0.002836019933763809,0.00010954019304484759,-170.46486022059997,2.031802473666691
210_Narrow,2564945000.0,1.029857797395696,0.0008433919349244187,-151.0762519227356,0.062292681243851206,0.0028438074626971734,0.0001073464757030883,-170.39843280786485,1.7339838804947916
210_Narrow,2564947500.0,1.02003363198262,0.0007212265426686892,-151.43081707648463,0.08211904862621247,0.0028196558346253284,0.00011938921821798945,-170.09107043752212,1.1785988910416945
210_Narrow,2564950000.0,1.0258730883706422,0.0007300934381342003,-150.83480377139534,0.06677900182548625,0.0028301612317644617,9.468754914368041e-05,-168.91499411776147,2.430232642540274
210_Narrow,2564952500.0,1.0365957924789833,0.0015669438539137708,-150.96745185514425,0.059243312893065524,0.0028593987941189732,5.4985765686438965e-05,-170.04528827312598,2.018290842490359
210_Narrow,2564955000.0,1.0284309957323654,0.0009183002331487369,-151.0358945390981,0.055156808726348656,0.0028889905043742174,8.61492125082877e-05,-170.0899323396495,1.7773923555516575
210_Narrow,2564957500.0,1.024445849211544,0.0013416997967032457,-151.33129026397242,0.09737667387560331,0.002805237037660827,8.342622572878921e-05,-170.24974591156973,1.4016848675199967
210_Narrow,2564960000.0,1.0313953345478781,0.0013132276079891954,-151.26512391124834,0.05118542395004407,0.002855069443130182,7.714890178838728e-05,-170.94264203943877,1.3067118537156117
210_Narrow,2564962500.0,1.0203667455493475,0.0013905220129804036,-150.44251739308018,0.0687517646593743,0.0028228981423222142,0.00010377067909047766,-169.00956618834084,1.3965189166119083
210_Narrow,2564965000.0,1.0370580529866849,0.0015125412196767855,-151.0405062462253,0.07650084752429231,0.002863489457842439,8.262552606572945e-05,-170.50348546550322,1.7480025981878577
210_Narrow,2564967500.0,1.0182454282760163,0.0009779956133743075,-150.97701530134077,0.033103612766742854,0.002825603655299492,0.00011187382372263808,-170.39090782702505,2.5475519754535956
210_Narrow,2564970000.0,1.0223426354456868,0.0008288218730990112,-150.84398652428328,0.05539454641994664,0.002829161235864866,9.258393104583547e-05,-170.56273711696502,2.7172319168853236
210_Narrow,2564972500.0,1.021894177814519,0.0007661449962385509,-151.10280885232467,0.03718199501810662,0.002808137091185365,6.50940754879162e-05,-170.8847615746498,2.1905591081726503
210_Narrow,2564975000.0,1.0340086822245584,0.0012829499265771356,-150.6020100904313,0.06444245658527654,0.002830891382053558,0.00011617431452434895,-169.70964845561724,1.4538439521752682
210_Narrow,2564977500.0,1.0244192470434215,0.0012301761007054083,-151.1403184079357,0.10515222679845568,0.0028131850660393586,0.0001395751392862142,-169.9431428071714,1.5703331249850019
210_Narrow,2564980000.0,1.0264490837019633,0.0011331362334370486,-151.0959088598745,0.04522421857181801,0.0028450449688876074,5.730918334121054e-05,-169.84925752766665,1.5764342965232012
210_Narrow,2564982500.0,1.0248869394304099,0.0017257462119147796,-150.77596840873167,0.056124460344573135,0.002862692870070579,9.453943747315535e-05,-169.86010648003068,1.8042375017539494
210_Narrow,2564985000.0,1.0270357755925075,0.0009978615927479656,-150.87881128686377,0.0684859802541604,0.002829000429100916,9.958649413993068e-05,-169.16984112781992,1.7291208621743317
210_Narrow,2564987500.0,1.022812834065002,0.0012916774433813119,-151.07567061677645,0.06650716100451054,0.0027641648048989252,7.197555195988057e-05,-170.0703558387973,1.509556853544176
210_Narrow,2564990000.0,1.0213916563805825,0.0006443593737324908,-151.16874439168373,0.038420325273234794,0.002842972175445039,0.0001162616503812015,-169.23465809838189,1.9792287406337867
210_Narrow,2564992500.0,1.0307297362863301,0.0016403600371484917,-151.01051103892556,0.04691571321883321,0.0028557072554610203,9.211605052856595e-05,-170.86211037967269,2.4515574032236622
210_Narrow,2564995000.0,1.0243385817551554,0.0016315614352691462,-151.00059372319845,0.0548584935772688,0.002825317699745618,8.966633936434766e-05,-170.09847108630038,1.996578978683078
210_Narrow,2564997500.0,1.0236544165524613,0.0017366585067566354,-151.19444791961996,0.08222993616827057,0.0028326443791869466,8.313830369706723e-05,-170.22042031077228,1.2954313201561105
210_Narrow,2565000000.0,1.0305620681451153,0.0012267528946135183,-151.3930066513803,0.06959045329710713,0.0028698358134278124,0.0001188369807683696,-170.85057290001356,1.0925473232563574
210_Narrow,2565002500.0,1.0311829346358556,0.0013477656969747471,-150.6986792868389,0.05092585006498922,0.0028483010605112034,5.69598230168535e-05,-169.8618171134027,2.915615200011215
210_Narrow,2565005000.0,1.0230913789795892,0.0013292591679793316,-150.70348381685508,0.046848634012399804,0.0028216258264549005,0.00011827852013528786,-169.56294370462817,1.5063925004207062
210_Narrow,2565007500.0,1.0212851356806376,0.0010472172964096228,-150.95299920220765,0.059775497395327726,0.0028141006883128207,0.00012226288620634148,-170.10457500224288,1.7506312573851972
210_Narrow,2565010000.0,1.0238994274295488,0.0016593703105621904,-150.46297196571703,0.06561525031901053,0.0028359208539206647,6.183583145581294e-05,-169.4821635002318,1.7828646755076574
210_Narrow,2565012500.0,1.0303939986875443,0.001138319405059206,-151.25206713599698,0.09834586669220739,0.00281017010384798,0.0001364580729808695,-170.49188255141192,1.2876008679739037
210_Narrow,2565015000.0,1.0211594831114064,0.0011171449259839046,-150.99416845068703,0.03683901288533813,0.00285451083110138,7.067442594838796e-05,-170.27546962255806,1.4989235606775588
210_Narrow,2565017500.0,1.0199780527235274,0.0013830865631090912,-151.1968908379721,0.1255283730093138,0.0028270798949049008,8.935509082912646e-05,-170.74454511916608,1.96329521567829
210_Narrow,2565020000.0,1.0252288873934956,0.0010302482781799755,-150.78463205209968,0.04291265676205471,0.0028458054071469102,7.019095077491402e-05,-169.72252173740182,1.8665336923647564
210_Narrow,2565022500.0,1.02481313064066,0.001346089826701923,-150.6228349677423,0.05322121679320471,0.002845740957252152,6.23965932862218e-05,-170.30543485213738,2.106265770891664
210_Narrow,2565025000.0,1.0325800845295523,0.0008862398221426115,-151.60666690153812,0.07878062354225245,0.0028393021524853977,8.077384488257858e-05,-170.3315567837307,2.0277366829050893
210_Narrow,2565027500.0,1.0379347970789974,0.0009585832552568354,-150.87648979531957,0.08950637085202297,0.002854386309933803,5.869811259209331e-05,-169.83066598188339,3.1635916110677273
210_Narrow,2565030000.0,1.015430933750142,0.0009219563615002673,-151.28443474949762,0.07648012930148683,0.0028131964381865396,0.00011848151380759469,-170.11904889151427,1.7544851177478094
210_Narrow,2565032500.0,1.0121329419426517,0.0006168526933207289,-151.22248070931073,0.06148102020593543,0.002770925840336502,9.051655762375674e-05,-169.7348244151691,1.1547087141156231
210_Narrow,2565035000.0,1.0326765438192387,0.0014410016512034004,-150.90890537583283,0.08477249230839728,0.0028507865119831266,9.067678079662196e-05,-170.21475096588816,2.2130897561769074
210_Narrow,2565037500.0,1.0240704413796458,0.0009512795095691179,-150.98551852030542,0.07075944715558342,0.0028656857111937035,0.00012819419359204982,-170.59105489068781,2.163795133295126
210_Narrow,2565040000.0,1.0247151235841359,0.0011875607956326904,-151.1835065653867,0.08103215226687878,0.002826707563423509,0.00010708758466625833,-170.90561323252578,1.9053138319245961
210_Narrow,2565042500.0,1.0258813861518372,0.0012416536223330854,-150.99431825030194,0.06617170736629804,0.002854108233222923,0.00011135022588724067,-169.25194508426193,2.279486522972599
210_Narrow,2565045000.0,1.0267453961907351,0.0018032136532594985,-151.05498289768536,0.10107447159465599,0.002822475653051328,9.013977825584318e-05,-171.0667284207533,1.4929180840352922
210_Narrow,2565047500.0,1.02563621471006,0.0006878960908720338,-151.23431567697443,0.06270553388445144,0.002818921341918255,4.940752601708565e-05,-169.65445833203282,1.7370414268263332
210_Narrow,2565050000.0,1.0182808761652327,0.0010559422865228775,-151.01741774325822,0.08924128725418436,0.0028619653937616957,7.176397307535813e-05,-169.00440728957588,1.7987455248103548
210_Narrow,2565052500.0,1.0192308977400706,0.0012471253576869228,-151.32094293348993,0.041377732017553855,0.002843141740113501,8.753067636039107e-05,-171.44712404425354,0.5991151396028401
210_Narrow,2565055000.0,1.0277250470352808,0.0011526872661463052,-151.03318651166197,0.07279870838518779,0.0028674465144991525,9.111765253583398e-05,-169.78297130301175,1.8818860662038854
210_Narrow,2565057500.0,1.0266748132214591,0.0009450200037283163,-151.1533390374749,0.03757444162073888,0.002898312584863582,0.00011159858224269894,-169.98495968228966,1.7702900797737906
210_Narrow,2565060000.0,1.0276790595783223,0.0009332857845856144,-151.211143520319,0.053665462394026864,0.0028592875375002174,8.388299160720547e-05,-170.28220906410314,1.785200929167063
210_Narrow,2565062500.0,1.0343605919873444,0.0013269258263539161,-151.51482009240857,0.04681377467521941,0.0028892399931210564,0.00011056885939300368,-171.42903030293448,1.9621949824471445
210_Narrow,2565065000.0,1.0183715692792497,0.0011220215204298177,-150.5981197702632,0.060237965692131315,0.002879310833173366,8.064773866429216e-05,-169.73233508470614,1.550785073267341
210_Narrow,2565067500.0,1.02648125412994,0.0016153566869360893,-151.14078857191663,0.0692806642471121,0.0028552156725780977,7.96559184691483e-05,-171.56128836255408,2.3690651269912473
210_Narrow,2565070000.0,1.0314452475072227,0.0010384731208047265,-151.4600303666674,0.06227703344579254,0.002820432829075621,0.00011691787090054488,-171.414092439478,1.5672911367619191
210_Narrow,2565072500.0,1.031228421682347,0.0014529437780260654,-151.26194206390701,0.08180484136661893,0.002891269707642691,8.922171360364916e-05,-170.27351382822445,2.322475280902874
210_Narrow,2565075000.0,1.0125623570169968,0.0008123406359347093,-151.11654765119326,0.061415177931459265,0.002783732966972436,0.00010140133659075231,-170.5407958116508,2.002623090728493
210_Narrow,2565077500.0,1.0194008522237485,0.0006953707708436693,-151.14404106040354,0.06976067638761214,0.002828178547524666,5.70224929723793e-05,-169.6381844031727,1.4807330639385963
210_Narrow,2565080000.0,1.0261772233927886,0.001177429508954853,-151.4546034897755,0.07488529706674617,0.0027733093745689647,0.00011941541402565532,-170.59569714743088,1.6065111578661893
210_Narrow,2565082500.0,1.024368717529793,0.0014429452200667504,-150.8039814171194,0.04892310198013739,0.00285217327513087,8.26282677257624e-05,-170.2909234315594,1.8531338138423177
210_Narrow,2565085000.0,1.0259447171594227,0.0011972044198340277,-151.34667845125682,0.07105592446406973,0.0029003289489163042,0.00012540424540131423,-169.49877368781205,1.040950940263719
210_Narrow,2565087500.0,1.0248956655615782,0.0008590449623415341,-151.79121387758403,0.05869367584210359,0.002806407260719577,6.590886551750068e-05,-170.0352618292998,1.7735943451966283
210_Narrow,2565090000.0,1.0257584437179321,0.001125058349295465,-151.3663896019685,0.0885941712866365,0.0028221824013174184,5.112613411985474e-05,-170.33288072905074,1.7832086862610852
210_Narrow,2565092500.0,1.0318626225611407,0.0014007600433993443,-151.32897734010513,0.05420780765006864,0.002844441190037259,0.00010904595257310522,-170.88155496134942,1.8934922725014238
210_Narrow,2565095000.0,1.023263252870187,0.0010381011850248403,-150.99279756697194,0.041388321951918425,0.002875302617475004,7.405267959634615e-05,-170.64657955035696,1.6507569751580802
210_Narrow,2565097500.0,1.0285016625690224,0.001235542798660643,-150.8533318967994,0.06543358145709269,0.00291217654399237,9.039253588755373e-05,-169.77793901358783,2.0785502024230618
210_Narrow,2565100000.0,1.024658297556981,0.0011182181780090492,-151.36618260617902,0.0645685796611001,0.002862749830289802,0.0001044424974644813,-170.21521373545679,1.5258060295250793
210_Narrow,2565102500.0,1.033204846379961,0.0011838116021951044,-150.95319081884418,0.062417247450759085,0.00289230328622146,5.866053729879046e-05,-171.2485224948291,2.202549581571575
210_Narrow,2565105000.0,1.0303273690537362,0.0010056003935878985,-150.9705707445063,0.09210765534703522,0.002822071339605122,0.00013301606363138167,-170.53285316697932,1.6013372063540778
210_Narrow,2565107500.0,1.023319594858054,0.0010584841875240704,-151.53053899809862,0.061793343994704264,0.002826047989044168,5.863906909086278e-05,-169.9697265156599,2.0027887373161954
210_Narrow,2565110000.0,1.029949459958562,0.0008953783927935791,-151.13640588201278,0.07654618262215265,0.002906331113962055,0.00012232898986153058,-170.06521275975075,1.5114785926348207
210_Narrow,2565112500.0,1.0241491805408165,0.0011232456997915996,-150.9918065487526,0.07126736481591922,0.00286546458561466,8.111255347128408e-05,-169.87310964525852,0.9838000120768435
210_Narrow,2565115000.0,1.0229632109605769,0.000994735963967783,-151.13829062823982,0.04688938605092975,0.002832767909184299,0.00010402618630109533,-171.21503129002255,1.4347808596109957
210_Narrow,2565117500.0,1.0339207923721374,0.001684982910774223,-151.22284587806317,0.05970430762746587,0.002859492741498534,9.369569554336549e-05,-171.45983484672075,1.1382837805979733
210_Narrow,2565120000.0,1.0180223855535004,0.0012692697578801156,-151.65797065539775,0.06265706784262154,0.0029040436308505886,9.296617980254342e-05,-170.59154054180004,1.8317133981641485
210_Narrow,2565122500.0,1.0177005120078306,0.0010140765891746629,-150.91581221015133,0.043739759864422245,0.002889386896899353,8.15242856090798e-05,-171.20992595108612,1.7370471894647073
210_Narrow,2565125000.0,1.027136152799965,0.0014139877010842293,-151.31006947181737,0.058796083650319644,0.002886660027404579,7.485348097020017e-05,-170.53357154793093,1.6103881309972008
210_Narrow,2565127500.0,1.0279209530910316,0.0014680668504967861,-151.1314157441964,0.08016611416430668,0.0028303096623982344,5.753169298780982e-05,-170.3114124816394,1.2757423626265683
210_Narrow,2565130000.0,1.016618707457045,0.0008741148756535712,-151.50498539028183,0.08702086732157642,0.0029047394089526807,7.600597374969732e-05,-171.76483572664358,1.913172800622573
210_Narrow,2565132500.0,1.0371823024025175,0.0008079667192671284,-150.88525367025582,0.05253262727156139,0.0028533086802312343,7.258129663938873e-05,-170.36195678133745,2.41537058281819
210_Narrow,2565135000.0,1.0219317196483333,0.0010667180472717793,-151.1018455902393,0.08364403476589713,0.0028191647565988655,9.649421681416513e-05,-170.5411214594046,2.2349057340313103
210_Narrow,2565137500.0,1.0347159700962962,0.0012752752151339738,-151.17687269522867,0.08799579334202734,0.0028894401997093928,8.943008825933394e-05,-171.3629790408119,2.3134468387287876
210_Narrow,2565140000.0,1.0276563041774813,0.0012255046007636336,-151.70995028795085,0.05733340580591934,0.002856407742735016,0.00010138095737185994,-171.00584100314757,1.9216000630283532
210_Narrow,2565142500.0,1.0232296281422983,0.0011000762050655743,-151.33325444937907,0.05861137265779086,0.0028723686370085706,9.315552759961386e-05,-169.8900505970569,0.7676798884770683
210_Narrow,2565145000.0,1.026585941298793,0.0009519768802147893,-151.45633052214924,0.06038191469318762,0.0028801552437883854,9.472887622140639e-05,-170.35179037600886,1.5691661507146448
210_Narrow,2565147500.0,1.019543877178543,0.0011276230283287056,-151.54944040449965,0.0438791919216447,0.0028071562145035854,8.737641648863e-05,-170.10721085172014,2.0576658006626065
210_Narrow,2565150000.0,1.025311279120841,0.0011614647429766503,-151.27046699854304,0.08418205159777643,0.0028601212707577133,0.00010245844032793916,-169.5004170767351,1.3491019961091
210_Narrow,2565152500.0,1.0228851393881304,0.0007408187693922072,-151.72414861967096,0.07596301732691892,0.0028720518427966272,8.657518067426523e-05,-170.92746367521966,1.2891414571022155
210_Narrow,2565155000.0,1.027840889276267,0.001459694978234219,-151.71225165364274,0.03899136322320171,0.002864379095172078,7.294806686146697e-05,-169.6197846626126,0.702177660423038
210_Narrow,2565157500.0,1.0289138205535386,0.0013941921927386042,-151.17928523898692,0.05573324531648329,0.002849283079151283,8.308779419245239e-05,-170.31140585307068,2.015708075444245
210_Narrow,2565160000.0,1.0300731040365487,0.001452180319507028,-151.12919689484008,0.07009342521358222,0.0028593888855901056,9.338565326800495e-05,-170.50603306466263,1.4050612513801632
210_Narrow,2565162500.0,1.0315311567467038,0.0011857151583773164,-150.85168327935122,0.06383387677888633,0.002866463244854234,7.095160741919713e-05,-170.24046157295885,2.0137302157241463
210_Narrow,2565165000.0,1.0250380233579073,0.0010154501213468056,-151.47950825287268,0.08043009941860838,0.00294578763792322,7.92204183402545e-05,-169.6714464142232,1.589943178274661
210_Narrow,2565167500.0,1.032359179939477,0.0007524366968419662,-151.40882292110314,0.08191796426938154,0.0028967601788669607,0.00010655492660244118,-170.02487995932657,1.1638982575775063
210_Narrow,2565170000.0,1.0249493615339347,0.0011139942019495975,-151.28763163662956,0.09398179130699882,0.0029523320422298917,0.00011051941843702368,-170.80788678196825,1.9055203794085278
210_Narrow,2565172500.0,1.0274833056926442,0.0015658666004493057,-151.32820042868664,0.07820392691676396,0.002869501239833403,5.6626193468975015e-05,-171.51084353679397,2.7962301265938376
210_Narrow,2565175000.0,1.0167805851997311,0.0007863272702697076,-151.68704507402353,0.09194391310001927,0.002856734909553283,0.00010645736368116995,-170.61079382668967,2.060475511975142
210_Narrow,2565177500.0,1.024780924737141,0.0014930909061547331,-151.4808833370398,0.08382852595270934,0.002880424989252577,4.8105049160915574e-05,-170.4067979867461,2.0990995792903355
210_Narrow,2565180000.0,1.0317912696874398,0.0012094451991400573,-151.78140407646038,0.10812847298944979,0.002917717551427226,0.00012800228244602279,-171.3344097562408,1.843606331364142
210_Narrow,2565182500.0,1.0219585577416734,0.000898708933763701,-151.61972050827308,0.06061930007254355,0.002812751040878261,0.0001227868758175964,-170.7968189558687,2.4867222021132975
210_Narrow,2565185000.0,1.021265223181636,0.0011224385602608103,-151.21671350233845,0.05470283541247833,0.0028801306972568424,9.483067260527204e-05,-170.9831442423724,2.4557348084164716
210_Narrow,2565187500.0,1.0362046483733047,0.0012725924368905967,-151.62013266852284,0.05029500422149372,0.0028731423936206096,0.00010564523763814122,-170.6018873918745,2.2176953408281315
210_Narrow,2565190000.0,1.025678154155642,0.0013448937884530134,-151.28845000863743,0.10156875925945824,0.002913682564049581,8.484104692495304e-05,-170.76120925345256,2.6787919922137022
210_Narrow,2565192500.0,1.0230146186690974,0.0007992104912366412,-151.6055610237884,0.07822059830655771,0.002877260471266002,7.587333974124475e-05,-171.08479818891726,1.3816661063795241
210_Narrow,2565195000.0,1.0237988727745622,0.0012630835185195456,-151.73570516735907,0.09228943269710656,0.0029174265095935313,0.00013597357504646797,-171.26161520793426,2.5210875636809345
210_Narrow,2565197500.0,1.0225061572215477,0.0010965074937122627,-151.86382683195978,0.07330077099581553,0.002822547385005789,4.9923851624878286e-05,-171.8523924947151,2.3781429701194936
210_Narrow,2565200000.0,1.0189014106090388,0.001198021603491512,-151.0215010438698,0.0915993576942243,0.002870233892129175,0.00015326190466994973,-170.18656763744417,1.8729631077581548
210_Narrow,2565202500.0,1.024115107185359,0.0013345044978438016,-151.24428448244825,0.056378582834201836,0.0028521393833497613,0.0001234479039210975,-170.94146449463602,1.8208808331136757
210_Narrow,2565205000.0,1.0244988138179394,0.000792351309408152,-151.39313686820628,0.0709576726025948,0.0028592300090332333,0.00011688690945271929,-170.8810105031838,2.1794382509391848
210_Narrow,2565207500.0,1.0205376539034765,0.0011689834695695323,-151.78433076439467,0.07005956244370919,0.0028072551600854603,7.41008569582542e-05,-171.4702621114103,1.6505856631356335
210_Narrow,2565210000.0,1.0239204556271495,0.0014367864476204273,-150.94627597232474,0.06324143890027163,0.002888189701854605,0.00011610297338621669,-171.53894884770727,1.1878662676788054
210_Narrow,2565212500.0,1.0271029959764626,0.0014654768949225647,-151.62622132501102,0.10796689885422231,0.0028639766884558508,0.00010509177080751139,-171.5062048160018,2.3513432228316034
210_Narrow,2565215000.0,1.0322944098008187,0.0015161886775193585,-150.98493072334688,0.054085052676440204,0.002913305010818747,9.682051046696075e-05,-169.85552059204227,1.6567554632030819
210_Narrow,2565217500.0,1.0287284879373613,0.0011716535239570292,-151.62537561814298,0.0619263581310706,0.0028357417461734335,7.010612284245852e-05,-169.97915317974667,1.626163658977329
210_Narrow,2565220000.0,1.024802690941233,0.0011044249972477756,-151.4059370046233,0.08091574146724047,0.0028331367289768294,0.00011805043423514349,-169.99851143316724,2.267489778258706
210_Narrow,2565222500.0,1.0256468588084564,0.0009149964309625967,-151.00693479652534,0.08657157345813245,0.0028703546053998868,0.00012662550543065024,-170.07501547190267,1.3801262768334883
210_Narrow,2565225000.0,1.0243367550204767,0.0010579720690868754,-151.3328012134522,0.08749743948719654,0.002884840061820019,6.743297493346625e-05,-169.49222844321744,1.2860900092508627
210_Narrow,2565227500.0,1.0203655354994017,0.0010438013956994084,-151.57171390904728,0.07915670944426965,0.0029110523817773974,6.029034823407101e-05,-172.35036298829348,1.9180405656862045
210_Narrow,2565230000.0,1.016669469830129,0.0012436891744603226,-150.84332182030394,0.07267308499306525,0.002872096359705009,0.0001439498716613345,-170.0594685736008,2.1766329458612605
210_Narrow,2565232500.0,1.0212432555164985,0.0012413102938069011,-150.9841950317819,0.06516722818000367,0.0028837752830965105,0.00015740203647644823,-169.82949764755102,2.5481961808621896
210_Narrow,2565235000.0,1.0185023218410854,0.0010251873989330978,-151.51171363890734,0.06780812751791776,0.002862520885598653,7.712493621929083e-05,-170.6317538459736,1.7574955050648577
210_Narrow,2565237500.0,1.0344750306302157,0.0015535414297752983,-151.2912542995139,0.07180538501613039,0.002859887471770413,6.450723601543658e-05,-170.06842270606018,1.6786951858519346
210_Narrow,2565240000.0,1.0134176097359617,0.0010776798273237577,-150.85428884957432,0.06192744521758742,0.0029055716126989047,9.221245270205533e-05,-169.04681961240905,1.8628554023393602
210_Narrow,2565242500.0,1.0296378367901422,0.0010629946834802325,-151.0660544003335,0.06290970690797151,0.0028441374462476127,0.00011187269327072344,-169.8103221286729,1.769799573009933
210_Narrow,2565245000.0,1.020040263527512,0.0010275263480206557,-151.71177308808205,0.05923673350485647,0.0028124134151593684,8.42357513455881e-05,-171.7182465506103,2.310398647116575
210_Narrow,2565247500.0,1.0339437723004008,0.0008636135670108319,-151.6113362594487,0.043788108337028404,0.0029328908385574935,0.00010388433230838923,-171.36999881703377,1.1521504449495978
210_Narrow,2565250000.0,1.0226326852542682,0.0005012353551852618,-151.79766449554134,0.05427011928280375,0.0029146624972108065,0.00010252164732251681,-170.5964217150592,1.193247786355291
210_Narrow,2565252500.0,1.033495324295318,0.0008312753215736037,-152.25416651304107,0.09288566331823972,0.0028710503626154776,7.244837112254044e-05,-171.78495009374504,2.110136690356036
210_Narrow,2565255000.0,1.0272939771065464,0.0009817967409064055,-151.24692308116119,0.08213920755377987,0.0028637361419511335,9.963516888538992e-05,-171.0105863199379,2.5631166027801826
210_Narrow,2565257500.0,1.0273549908905673,0.0006221183078713262,-151.54745735168316,0.05533724230245666,0.0028807840023946313,0.00011320571276397229,-170.73869593820183,2.0937739359311665
210_Narrow,2565260000.0,1.0305148980551626,0.00104604022227334,-151.26489230942443,0.07210595668745916,0.0029631088841321736,8.867480368793663e-05,-170.38351705834987,1.6572836996476277
210_Narrow,2565262500.0,1.029129471734955,0.0011309410059131989,-151.2923863181572,0.08333506451746793,0.0029165864999490115,0.0001330639167577918,-170.79906427581108,2.358903687819448
210_Narrow,2565265000.0,1.027263672195685,0.001403843301029118,-151.37196213413628,0.06820391375759362,0.0029396553829008102,7.719842083053684e-05,-170.46165953689442,1.9834205928419106
210_Narrow,2565267500.0,1.016901750010535,0.0010804821358432748,-150.9651206455355,0.04396521800678992,0.002872384922855227,4.494378039616437e-05,-170.83576356106107,1.8206647903374222
210_Narrow,2565270000.0,1.0299886273562981,0.0009341077363561923,-151.74836980333342,0.07207355636463993,0.0028942543162766695,8.510189307510422e-05,-170.0987291693123,2.1489228568719496
210_Narrow,2565272500.0,1.0427451910835859,0.0008317781244778487,-151.2117702119539,0.0552659057785471,0.0029407963534869995,8.56118055941418e-05,-170.89393337397598,1.7001390147532625
210_Narrow,2565275000.0,1.0129585147533524,0.0013001075550998894,-151.2438324066285,0.06320947338921092,0.002885683946398966,9.579467494097148e-05,-169.2615514251568,1.4580508323818326
210_Narrow,2565277500.0,1.016676671736144,0.0015211746154366408,-151.8374746219491,0.07345434540519584,0.002879581092637929,8.00358327455954e-05,-171.26574603204244,2.6941977669436423
210_Narrow,2565280000.0,1.0218917111411703,0.000854375808150867,-151.1828840296662,0.05380562669588734,0.0028463647759883717,5.4485494507926894e-05,-170.833673884628,0.8678637197006259
210_Narrow,2565282500.0,1.0303498706250391,0.001524496497177891,-151.65740284719237,0.08399112143379062,0.0028961660387244307,7.201578600470068e-05,-170.54525921666723,1.4343150896205008
210_Narrow,2565285000.0,1.031791445924832,0.0010789856262111495,-151.2624235775127,0.05420193331845491,0.0029000396564223432,9.566247374491353e-05,-170.53821528742895,1.6784952824405754
210_Narrow,2565287500.0,1.025747454157991,0.0009971842249481228,-151.29648440496973,0.070986720221776,0.002872490311006816,0.0001067107804462501,-169.7064176083649,1.809036000515019
210_Narrow,2565290000.0,1.0180161928825782,0.0010287978240408977,-152.11649812546793,0.06448033536232622,0.0028084612105843117,7.423470457576775e-05,-171.43310330405777,1.4657556136843213
210_Narrow,2565292500.0,1.0277020534244141,0.0013216876304199606,-151.7564610744804,0.05823164789691226,0.002870534902101876,9.729311824544274e-05,-169.48887516118282,2.26221120797436
210_Narrow,2565295000.0,1.0287674638389563,0.0007768578690372709,-151.29027314597124,0.06615835707209124,0.002895862684260002,9.941994508633972e-05,-171.6299918275359,1.458900101925818
210_Narrow,2565297500.0,1.022901818739861,0.0008441827728830701,-151.67368874769573,0.06145438398594411,0.002917924770370459,7.313702089801978e-05,-171.81709787865904,1.4795397154727652
210_Narrow,2565300000.0,1.0261096230229938,0.0009350480347270168,-151.22630808520535,0.06028674887516179,0.0028817396385361085,0.00012160170150733385,-170.39236904050784,2.6307448729952605
210_Narrow,2565302500.0,1.0174232745484126,0.0007352535072494947,-151.54326074087413,0.07633132042356468,0.002867292137891413,0.00011290486238621545,-171.0552711707517,1.8234442343115767
210_Narrow,2565305000.0,1.0225505523802823,0.0011598904628322552,-151.42130459125084,0.061283721703338484,0.0029256018272217047,9.45760797222236e-05,-171.424519963018,1.9638078939989594
210_Narrow,2565307500.0,1.0280115590520378,0.0010415821674719255,-151.51018610060697,0.08837272265048662,0.00286914390040329,0.00012159484555219246,-170.58224107147655,1.816718541683046
210_Narrow,2565310000.0,1.0266915095740834,0.0009913674474099985,-151.4244703230153,0.058416312761569014,0.0029062239832054167,7.084157996787919e-05,-170.63758882315275,2.584939075510391
210_Narrow,2565312500.0,1.015915417196816,0.0013835176548629253,-151.41712581734635,0.06782548296981734,0.0028753645446207825,5.447998702926813e-05,-169.686465208778,1.5911236751234628
210_Narrow,2565315000.0,1.0283136565737423,0.0015069187863140715,-151.81971826927168,0.059117635288370975,0.0029052280168640958,7.136923566025593e-05,-170.58321518573823,1.1338739482779339
210_Narrow,2565317500.0,1.018730114008756,0.0012374375634588565,-151.82111870281133,0.07007674074609448,0.002879500160789995,0.0001186517809423812,-170.53832247824795,2.318515070471491
210_Narrow,2565320000.0,1.0225825243616005,0.0007513757211576386,-151.82661366389223,0.07116903794890095,0.002874818281625136,5.753434640747134e-05,-171.01191755931677,1.7870120282690367
210_Narrow,2565322500.0,1.0245212828255057,0.001055427675854735,-151.65814992067487,0.08776887449575835,0.0028957841504464437,9.695605815912919e-05,-170.554719654413,1.1345048069404806
210_Narrow,2565325000.0,1.0277519965752897,0.0004132443152435224,-152.06283377105683,0.06494633561895526,0.002863374862406692,7.125882374750044e-05,-170.4345272062969,1.3296415323091288
210_Narrow,2565327500.0,1.0237444863255696,0.0012690663610075018,-151.99488872309607,0.06575281107017196,0.0029288435367919438,0.00010323592915985714,-170.92558838716988,1.0720387536855591
210_Narrow,2565330000.0,1.0203036987006213,0.0012277108443255246,-151.49034045102,0.06690905815930892,0.002877886664885632,0.00010103475723512109,-171.39955765406262,2.5420392301660053
210_Narrow,2565332500.0,1.029017424891475,0.0011814197025388675,-151.30233584639618,0.05316937540770971,0.0029099445269777,6.634101090627937e-05,-171.64323419437156,1.4041206111340416
210_Narrow,2565335000.0,1.0256724796869172,0.0012347046738570425,-151.64611288413113,0.0718403563704137,0.002935801609161087,8.86787199043954e-05,-171.00331395663414,1.043776290791448
210_Narrow,2565337500.0,1.029296634462008,0.0011974904525018462,-151.8884198334331,0.04597671808597533,0.0028765815045063603,6.564183795628389e-05,-171.5085452928191,2.3539126800864496
210_Narrow,2565340000.0,1.0239131185666375,0.001487804048088251,-151.4521061844717,0.05119582333709035,0.002896432935356982,8.459979947988653e-05,-170.81968474085159,1.6766205410374975
210_Narrow,2565342500.0,1.023704905397878,0.0012645895904571988,-151.5787121871227,0.09810581598503149,0.0028533859428452103,7.369319924027189e-05,-171.24270629305235,1.5623471791082673
210_Narrow,2565345000.0,1.0250239705546196,0.001049002056811963,-151.39019699094254,0.07490627649595319,0.002951862433252328,0.00012863138273667082,-171.19162211263367,1.9045597270581203
210_Narrow,2565347500.0,1.0298623294801923,0.0011065742332784117,-151.53515941626506,0.06055106957274935,0.002910979382149924,8.675742723302336e-05,-170.46435421293407,1.7736303222139764
210_Narrow,2565350000.0,1.0265726668852877,0.0009792463187774888,-152.05516858922692,0.0776186462408031,0.0029238356983744967,5.157521869111261e-05,-170.5880233922791,2.0262004337302897
210_Narrow,2565352500.0,1.0166003967943738,0.0012671653187124677,-151.6853857641716,0.08695688016242042,0.0029358996433553265,7.31704748814534e-05,-171.58670680901164,1.4999900632701286
210_Narrow,2565355000.0,1.0305096826501918,0.001053673934644587,-151.92153142866562,0.05739568199666248,0.0029349375417118085,6.18722303993474e-05,-172.33994344042605,1.4825305109199611
210_Narrow,2565357500.0,1.018547247366938,0.0009961448906670052,-151.676088972585,0.061853630806550826,0.002897808522521528,0.0001041893403460368,-169.82277848040803,2.443223032862356
210_Narrow,2565360000.0,1.029689041190403,0.0011528917249499949,-151.31175165209177,0.08719007732344458,0.0029767897702337727,0.0001156622432346893,-170.92494704404749,1.4777828770945423
210_Narrow,2565362500.0,1.0230570824743828,0.0015241790144211534,-151.5323993626197,0.07514110705325582,0.0029419307627326498,9.199484575735937e-05,-170.72380493606704,2.2247382813075403
210_Narrow,2565365000.0,1.0273483806461774,0.001159540981373918,-151.52424990929154,0.06395725353212389,0.002913789486302383,6.605438944900118e-05,-170.85435056212162,2.0517659484064077
210_Narrow,2565367500.0,1.0243859030890625,0.0010633228174711721,-151.9982110203434,0.05732018958762509,0.0028930896921943745,0.00011150260041803394,-170.065603274047,2.2062410874643277
210_Narrow,2565370000.0,1.0243258238247839,0.0011099052419694317,-151.68909900437424,0.08303956884920335,0.002884838463464893,9.176193248834163e-05,-170.88851110969435,2.454463870020964
210_Narrow,2565372500.0,1.0226276951530142,0.0009162742858781791,-151.80362834903696,0.06905011701252159,0.0029122206456633683,6.712776920160581e-05,-171.56776829537688,1.7990010733968684
210_Narrow,2565375000.0,1.0292942425677714,0.0010685840199112174,-151.70336772275073,0.07216515523598911,0.002892700544627681,0.0001318528998374064,-171.31690749065353,2.0212478189797602
210_Narrow,2565377500.0,1.033176332597962,0.0010629229657050901,-151.59008130166328,0.06827119153243098,0.0029122950952942396,0.00013359251741207302,-171.43870400141395,2.0360745103677167
210_Narrow,2565380000.0,1.0234949756956502,0.0009234954352216177,-151.81266791647772,0.0682608000981852,0.0029146551740725207,6.890386545166532e-05,-171.25979350956433,1.794562006132077
210_Narrow,2565382500.0,1.0216316009754747,0.0010722026626085394,-151.86215600634205,0.038349514383860354,0.0028939888533901247,0.00010676240864571712,-171.10880142047546,1.722698232583993
210_Narrow,2565385000.0,1.0240465097935096,0.0012467857428424356,-151.12073982569908,0.0801552334881201,0.0029371051698423136,8.036117769811754e-05,-171.83730743628809,2.489414817116706
210_Narrow,2565387500.0,1.0304990744080713,0.0019940870317739982,-151.65247030574739,0.06371837326081937,0.0029093788976788594,9.310825903031917e-05,-169.9860572170653,1.843787002193041
210_Narrow,2565390000.0,1.034011981641209,0.0011996198524822882,-151.62142183957428,0.07870626941936981,0.002918163971979637,0.00010734783367178788,-170.63852924604805,1.218485442080335
210_Narrow,2565392500.0,1.0218931020443685,0.0012415998886145013,-151.52678167632283,0.05553451664332336,0.002890600811637617,5.4255161661600754e-05,-170.71466918931281,2.5282333849525793
210_Narrow,2565395000.0,1.0190727793216212,0.0016077554757912152,-152.03962480097852,0.07593087536464509,0.0028756106549621416,9.270532731381222e-05,-172.2515259895146,1.846670982535113
210_Narrow,2565397500.0,1.0188656735083805,0.0009349092076877365,-151.43819709012013,0.08693199468100635,0.0029034622534410003,9.060565014891812e-05,-169.66563769667255,1.9356185825661398
210_Narrow,2565400000.0,1.0193397183432995,0.0012093533516739359,-151.80461078031453,0.0864018698210359,0.0028974242093168256,0.00011959451095972015,-171.68081983591935,1.8866818806351684
210_Narrow,2565402500.0,1.0318694309889183,0.0016120246837987933,-151.7852450538504,0.06799039213341755,0.0028984226767321,9.059422320155043e-05,-170.33489312338142,1.6366957205222852
210_Narrow,2565405000.0,1.0242305493007162,0.0017334592998180397,-151.7512720441527,0.04585958904995971,0.002915718033728543,7.483787748174315e-05,-171.1870574355425,2.0803366448224048
210_Narrow,2565407500.0,1.0232787903980083,0.000848538526367451,-151.6567175391187,0.05846469319453145,0.002868392637488621,9.396286730107065e-05,-171.05268837809163,2.058302163760457
210_Narrow,2565410000.0,1.0280599218433606,0.0014381841488446939,-151.58039542108116,0.04975871059870844,0.0029457731531683357,0.00013414554957061705,-170.55058723704897,2.0969079661182506
210_Narrow,2565412500.0,1.025785493243965,0.001229430626079648,-151.83682290993372,0.045757990695094584,0.0028650303296850026,8.372293533727842e-05,-170.54850741218348,2.0173313681236427
210_Narrow,2565415000.0,1.0181982111425445,0.0013082736877665514,-151.7753414084868,0.041913483102974096,0.0029042829791011784,0.000120245765057396,-170.37772202376715,1.9021329151032342
210_Narrow,2565417500.0,1.0153256497288639,0.0015719739335698813,-151.79387998710487,0.08075420658028995,0.0028650438375774495,9.2679437735192e-05,-171.6802669014425,2.0733263953449166
210_Narrow,2565420000.0,1.0282561713215586,0.001002530413030202,-152.05640687975597,0.06297552965694499,0.002935932770132452,7.69068250924361e-05,-170.28815084283892,1.3534729611856806
210_Narrow,2565422500.0,1.0270540918031847,0.0014668524496362577,-151.73950933841607,0.05951007772022553,0.0029650485462662333,6.615412467361199e-05,-171.68599574707974,1.661622963388268
210_Narrow,2565425000.0,1.0192446755047277,0.0015084179600017554,-151.31750711146535,0.06739515152252455,0.00292107711928873,0.0001006218663542192,-170.95709619842526,2.6703748059072288
210_Narrow,2565427500.0,1.0125007934913124,0.0013370905854360952,-152.04609432416729,0.05236562621471259,0.0029027215893407897,0.00012298257091130442,-171.46468865016692,2.404995790221925
210_Narrow,2565430000.0,1.022091100145239,0.0017457552501822695,-151.38239741887523,0.11127820164688797,0.002887843515773684,8.625440144527255e-05,-171.64697103893786,1.7688462732768553
210_Narrow,2565432500.0,1.0235131909194928,0.0003920206414843938,-151.25494996781228,0.03426852118409894,0.002862558518099043,9.574970508805137e-05,-170.50508966905744,1.970796573711465
210_Narrow,2565435000.0,1.0247780242275641,0.0012491216285752222,-151.85816659861337,0.06428854651928231,0.0029022948984503967,0.0001420329538330161,-172.38239060377165,2.0684840142362324
210_Narrow,2565437500.0,1.0285163847775813,0.001263076409259259,-151.85193694612255,0.04797310592489093,0.002964071331333244,0.00014111690959958976,-171.84549942036358,1.7625957957164948
210_Narrow,2565440000.0,1.024161550226608,0.0007995887351836764,-151.9147192933441,0.09405875825629173,0.0028969077317666423,9.929503254619278e-05,-171.6238275937511,1.2440803842435728
210_Narrow,2565442500.0,1.027026597714389,0.0012909348892080792,-151.56264059960037,0.05704085856981534,0.0029295329540771735,8.364293940328376e-05,-170.81735103866095,1.5750076318478785
210_Narrow,2565445000.0,1.019027135988895,0.0013904696390981113,-151.24101707149805,0.04697782487875212,0.002870657363282213,8.588349099323801e-05,-171.34543718969593,2.482037582264501
210_Narrow,2565447500.0,1.0282212619053048,0.0011595281072710492,-151.9299333137375,0.047380425782770956,0.0029443255296600084,6.213062639297294e-05,-172.52277583143666,1.067533623524145
210_Narrow,2565450000.0,1.0263182949748904,0.0016380251300667347,-151.39680387566975,0.05872674071042655,0.0029669131435001283,5.092174468851605e-05,-171.0232789722707,2.3612607982726597
210_Narrow,2565452500.0,1.0278313631962983,0.0013767804196783246,-151.73945059678,0.03502465153992593,0.0029497482357963077,6.161806811723849e-05,-170.4561969677116,2.1262879980818123
210_Narrow,2565455000.0,1.0309739056737302,0.0016028571210695232,-151.72641017278661,0.06516636353356135,0.002912204559838914,0.00012645412792710442,-170.541117441029,2.1595748772730556
210_Narrow,2565457500.0,1.0170075219927592,0.0008899605142182814,-151.97679317813447,0.048289531940707654,0.002890300347540882,0.00011360447786962136,-171.83100119225747,1.7235136991408195
210_Narrow,2565460000.0,1.028585799774139,0.001091114158653824,-151.8208903745954,0.06176433405999862,0.0029186918012539774,0.0001241864176609967,-171.91838832811334,1.0982532266588378
210_Narrow,2565462500.0,1.0218360379915101,0.0010024487215258557,-151.2990948196585,0.06683824359850125,0.0029805352807301838,6.549433287467011e-05,-171.43162027698247,1.875411322608295
210_Narrow,2565465000.0,1.0234606774030963,0.0013455051235623768,-151.5741286124793,0.07647146327780141,0.0029457107758233065,0.00011349738777865687,-170.67724611092797,2.7490556604944234
210_Narrow,2565467500.0,1.0348129078631494,0.0010251251289371723,-151.67671087168773,0.07903434000230562,0.0029693324394821164,0.00010088032244487443,-171.38136378006539,1.450936014490075
210_Narrow,2565470000.0,1.0215345853244742,0.0010571109376256386,-151.64513992730835,0.0535850286183541,0.0029282494375589873,9.748630743287853e-05,-170.883523459581,0.7757514501717104
210_Narrow,2565472500.0,1.0282259757567775,0.001135840331309449,-151.19153859332488,0.06366388301297464,0.0029300320055369376,7.246578862762145e-05,-170.25620194661082,1.2741573805906037
210_Narrow,2565475000.0,1.0228991902837203,0.001798767690092723,-151.32164197063642,0.03643761520724741,0.002900988539321443,8.142586254561944e-05,-170.71225084512326,2.119261623133003
210_Narrow,2565477500.0,1.0316217766565294,0.0013160516164509072,-152.34085835689285,0.06152884059921031,0.0029200788513592158,8.256071573239087e-05,-172.8268318291777,1.7118587770908817
210_Narrow,2565480000.0,1.0248553956207993,0.00102293589945441,-151.6650087027676,0.09105177260757154,0.002935883428806384,8.802028622751118e-05,-171.2700432490093,2.3066241688510556
210_Narrow,2565482500.0,1.0161974609298527,0.0012370095825565387,-151.795116448542,0.07501376253793288,0.0029528547060967626,8.448828144126554e-05,-170.96870586018207,2.205105847311451
210_Narrow,2565485000.0,1.0215903915244369,0.0010376990766700225,-151.53240310858496,0.10579962572804011,0.0029288229364951264,8.670224434458807e-05,-170.38489422674846,1.7383033906530019
210_Narrow,2565487500.0,1.0312751177909116,0.0015084036186308505,-151.514307141862,0.03384565092290012,0.002933573813635529,0.00010056104700201224,-170.91967128639473,1.1346830239842423
210_Narrow,2565490000.0,1.0231460331580695,0.0010204349271538014,-151.2901648852815,0.0559428881415601,0.0029158826470880067,9.940455186537471e-05,-171.31315162594416,1.6348938569517302
210_Narrow,2565492500.0,1.0321320737367834,0.0018481332965580774,-151.71918793315277,0.07328163348985904,0.002964503673220773,7.237979546254481e-05,-173.13886351264216,2.164171168083419
210_Narrow,2565495000.0,1.0235073943651767,0.0009807480975761963,-151.89577343181338,0.05663646239763113,0.0029222717788038055,6.598246462404141e-05,-171.76737046662902,3.439153042104107
210_Narrow,2565497500.0,1.0199675410517302,0.0010679296517332143,-151.75308450314506,0.08223034912760392,0.002935345842641601,8.369521851302182e-05,-170.591110587324,1.9478408170648183
210_Narrow,2565500000.0,1.0173508467321366,0.0011486378795866157,-151.7444189161977,0.0606309243166194,0.002899281106122642,9.37137487987597e-05,-171.9337030002498,1.2360966762991692
210_Narrow,2565502500.0,1.0225888070099414,0.0009411753795379904,-151.95859125742825,0.0697234293878806,0.0030038365736701073,8.041568734372e-05,-171.7677252443563,1.6320106074995455
210_Narrow,2565505000.0,1.0229139783040568,0.0013391443175572659,-151.80580079637784,0.05671705793191033,0.002925016508699284,0.00010932986645891439,-171.2557864070972,1.9548458825182444
210_Narrow,2565507500.0,1.0269034282115923,0.0011886060719795016,-152.01667508014262,0.08339685968856189,0.002958336992491153,0.0001185467651763463,-171.35210688074287,1.4965433181167203
210_Narrow,2565510000.0,1.0306428781916486,0.0007967954187535085,-152.09483880605697,0.06569795431527871,0.0029827332041116234,0.00010824966045533776,-171.9261286419813,2.2954259755804824
210_Narrow,2565512500.0,1.023038775779386,0.0013989060066472638,-151.81267126784167,0.06660039168671147,0.0029243295499683224,8.711571136167213e-05,-170.76993598743925,1.6753931925170502
210_Narrow,2565515000.0,1.019418031728283,0.0009525494167997675,-151.82055194554482,0.09225300315045977,0.002906928008350166,6.503272477763443e-05,-170.63079286646547,1.95648676633584
210_Narrow,2565517500.0,1.038591281993377,0.0009138952655682396,-152.09132292520187,0.11650947203607384,0.0029764054628023274,8.050722410852248e-05,-172.15921432918788,1.1875502444410695
210_Narrow,2565520000.0,1.0249493687202134,0.0016969380075846196,-151.901969732295,0.1037585136939295,0.0028976931133008264,7.02597483920404e-05,-171.7644772815828,1.966228059676615
210_Narrow,2565522500.0,1.028903199683557,0.001509628538601015,-151.9135838464585,0.045736026359697715,0.0030005882354590726,0.0001414139243083079,-171.60485690780365,1.7906977737579397
210_Narrow,2565525000.0,1.0304297614335038,0.0025613538679448884,-151.8632189180334,0.08142425359177465,0.0030098303502076804,7.037964566677794e-05,-171.80712546107264,1.817292468090706
210_Narrow,2565527500.0,1.0278565310415855,0.0012430568497234064,-151.59295785085465,0.07508572511411804,0.002876469105076766,7.477798224881507e-05,-170.54199638682098,1.1482136276946802
210_Narrow,2565530000.0,1.0275413121279997,0.0012080272152647053,-151.91574700270033,0.06617583854940651,0.002952025279973963,0.0001409068852766612,-171.8804962726293,1.9334485992651713
210_Narrow,2565532500.0,1.0289921480566233,0.0010556491435139007,-151.60731315137537,0.0626885278622103,0.0029799913868158545,0.00010086404330588241,-170.51376976230543,2.0881774509558153
210_Narrow,2565535000.0,1.020926046648604,0.0010718199533836176,-152.15508940065058,0.069188731531038,0.0029019623828669995,7.268658294938854e-05,-171.17491200173544,1.0536141983563858
210_Narrow,2565537500.0,1.0307921210530382,0.0009079674940288948,-151.99279779224156,0.07598156564324868,0.0029503491615968324,7.133422719453523e-05,-173.24344147230653,2.1716422189479685
210_Narrow,2565540000.0,1.0232571062305884,0.0014187912737950341,-152.13381193087548,0.06893708967746079,0.0029371009491444937,7.844083138550978e-05,-172.2282207801092,1.8702760209992944
210_Narrow,2565542500.0,1.0211894664473555,0.0011805484942792018,-152.14979657263535,0.043942997179861214,0.0029527258591401304,0.00011557748399009812,-169.89314771753303,1.5022799386926173
210_Narrow,2565545000.0,1.0287897220069122,0.0012581231395778886,-151.59907097419585,0.06770607871976161,0.002983225442708772,8.717935945822901e-05,-170.95124948847268,1.8258528740020157
210_Narrow,2565547500.0,1.0208822320579607,0.0010133934043294313,-151.9018149836845,0.06433526131005309,0.002945199556206232,9.656114749998645e-05,-170.81812797333913,2.2025846122655484
210_Narrow,2565550000.0,1.030187862105066,0.00156787137768942,-151.3174117587645,0.08746546336615231,0.002980791406368155,9.5234241298995e-05,-170.93991589675358,1.0552025693635765
210_Narrow,2565552500.0,1.0148846597258487,0.0009503707056879697,-151.83116560950594,0.07750249325936744,0.0028982411949928103,0.00012432195855021752,-171.28542864866316,1.7766665702189048
210_Narrow,2565555000.0,1.0155438169462048,0.0010081710376805032,-152.04657433202334,0.07452129862609565,0.002909621854066301,4.7923929660002824e-05,-170.7045180186853,1.7286733674818135
210_Narrow,2565557500.0,1.0263116878233154,0.0010263043154763113,-151.77925229660514,0.032830983215574316,0.00291578687482245,0.00011296314402225077,-172.2289625026151,2.512834246997085
210_Narrow,2565560000.0,1.0299525497128355,0.0013911584513593637,-152.33885602302115,0.05815363219752549,0.0029402419218482957,5.5332252447604086e-05,-171.96211565920146,2.2673654196413273
210_Narrow,2565562500.0,1.0266531439400333,0.0011445348644203298,-152.3614841108298,0.04509394060187479,0.0029749528780024653,6.995138259351874e-05,-172.31086501952169,1.9405386081080842
210_Narrow,2565565000.0,1.02415275957799,0.0007804910230218177,-152.73507698213405,0.08248791798541635,0.002952053730738778,0.00011147390108481036,-172.74093338192193,2.0192982047541084
210_Narrow,2565567500.0,1.0221134512187549,0.0012172050887513603,-152.30937323114415,0.043886745947211446,0.002936518867168338,7.378819654581954e-05,-172.75568341755275,2.4721650364171075
210_Narrow,2565570000.0,1.0272533199216736,0.001395107676308359,-151.94693060469473,0.08071801562988808,0.0029191985696013878,0.00011692698243051494,-172.09203867441528,2.5123831638453527
210_Narrow,2565572500.0,1.0310159258358065,0.0014524124434479328,-152.2596802009329,0.03243383298554954,0.0029228260672061537,8.488244437583068e-05,-170.84065368068025,2.6943853229044086
210_Narrow,2565575000.0,1.0199256349238037,0.0013478236617074362,-151.8658685538283,0.06639013479100937,0.002937601202514963,5.246376187585589e-05,-172.1034114056579,2.1199306438541083
210_Narrow,2565577500.0,1.0321557879548395,0.0010726937788117512,-152.15189782584588,0.03482434090872278,0.0029370508040995934,0.00012052557915359622,-172.17658680119803,0.8481784583314759
210_Narrow,2565580000.0,1.0235418400013052,0.0009100815404199798,-152.1971412524093,0.0651772980537363,0.00295956691191422,9.20213186488787e-05,-172.13933561788076,1.6449885494219685
210_Narrow,2565582500.0,1.0187752586355348,0.0016347210815638535,-151.56258068527268,0.050018347524647705,0.0029228702423381727,9.30766989337897e-05,-169.88439346880193,1.6341483450592664
210_Narrow,2565585000.0,1.0244235049925225,0.0012709157515334117,-151.93046156629924,0.07690069777247079,0.002934524834978157,0.0001130697887907075,-171.93027486514194,1.369047027845543
210_Narrow,2565587500.0,1.037264168513466,0.0012422147294181244,-151.39791303075415,0.05019354711664025,0.003017697140162106,7.574641425247494e-05,-171.61605849005133,2.1131440884821884
210_Narrow,2565590000.0,1.0240713452446397,0.001620721112669435,-152.0347083187886,0.06551104633767901,0.0029181859083535476,8.736783537766195e-05,-173.03741475615786,1.7408799865838547
210_Narrow,2565592500.0,1.0214317497282799,0.0013832258697845778,-151.77794830011385,0.025550259199913924,0.0029454627658794482,6.023593760870796e-05,-171.27520526130218,2.0890304186003763
210_Narrow,2565595000.0,1.0273198997237691,0.0009774605195683524,-152.13296736221903,0.08494873093777934,0.0029080391658139566,5.304354175942715e-05,-172.84370301561822,2.6465040752699234
210_Narrow,2565597500.0,1.0297127625389564,0.0005816315691632159,-151.74472052688344,0.08802085744371903,0.002933954332029582,7.755210890804489e-05,-171.08557676414932,1.712317027544078
210_Narrow,2565600000.0,1.028060827288839,0.0007277881685296106,-151.9358275669005,0.07841795353636498,0.0030509354940660696,9.558031853743806e-05,-171.15507310228477,1.700732059746984
210_Narrow,2565602500.0,1.027126732243011,0.0011837566807884703,-151.79107972895042,0.038076708097679594,0.002958430733744934,9.112352239287841e-05,-170.5483489443674,2.000944951284913
210_Narrow,2565605000.0,1.0246441858057709,0.0014207314323226,-151.84455855263204,0.06742299840583216,0.0030004453698960513,8.826480516959543e-05,-172.26481716845507,1.5816581957833604
210_Narrow,2565607500.0,1.0199364968113809,0.0013737084064854561,-151.80237814550193,0.031194643255905968,0.0029630208515478693,0.00010707248062686565,-171.60842961516488,2.532923966519214
210_Narrow,2565610000.0,1.0230263927669305,0.001041448636630246,-151.9855791819988,0.07690112625332873,0.0029785686881780883,0.00010818517403749933,-171.98416815140922,2.2172572300921187
210_Narrow,2565612500.0,1.0274787648635453,0.0012420658282326338,-152.0757482233197,0.06711576674588847,0.0029942262422342682,0.00013582574159582176,-171.41439604467752,1.2377759409295674
210_Narrow,2565615000.0,1.017445157112607,0.0009893161998834957,-152.2024396018236,0.10662699084451428,0.0029574234935518242,0.0001156188787210159,-172.24978785329273,2.594235123647107
210_Narrow,2565617500.0,1.0313491764143543,0.0007212795744534032,-152.13875807732626,0.06790647285047925,0.0030039415926029988,7.470877080596622e-05,-173.01225262608924,1.6229046856651586
210_Narrow,2565620000.0,1.014891224488959,0.0012113657348396237,-152.50232272410568,0.05584758384355325,0.0029370415758325,7.707238472820688e-05,-172.7799870797945,1.5086713256047612
210_Narrow,2565622500.0,1.0225841611581825,0.0012500930779633273,-152.23878481842493,0.10013246268353608,0.0029349371552798553,7.638992609883125e-05,-172.23498443619025,2.1172091305625247
210_Narrow,2565625000.0,1.023004662967887,0.0011238977412041994,-151.45006638071195,0.08615393882939516,0.002922086242005378,9.208803301539386e-05,-171.24205299899307,1.761462267947656
210_Narrow,2565627500.0,1.0285651799567808,0.0008385148186671984,-151.93963419680622,0.06030458557993426,0.002945231312880191,9.560800903405123e-05,-172.41177815967072,1.363706521358831
210_Narrow,2565630000.0,1.0337565621939016,0.0013312243536114004,-151.96816761538054,0.07067228642753091,0.002991027647816024,9.641688008453001e-05,-172.4742867444455,1.5719925792764184
210_Narrow,2565632500.0,1.0265697163666556,0.0013667127213990988,-152.11651648882568,0.07190716803127703,0.0030314236099768153,8.4631623800971e-05,-173.32592895363447,1.158797728461339
210_Narrow,2565635000.0,1.0304724210470546,0.0010876559267646883,-151.93040761172412,0.08894567967688138,0.0029599902507058454,8.719586278587915e-05,-172.2684049310116,2.0860363738060532
210_Narrow,2565637500.0,1.0314543071574862,0.0011740117654220961,-152.1993286375034,0.05664708444337496,0.003045334652268621,0.00011008363426096784,-171.25260407423258,1.8187739335616222
210_Narrow,2565640000.0,1.0245260002022196,0.0012083885783389042,-152.05771475653182,0.06375850273897485,0.00296684851853883,7.934686096001843e-05,-172.28044660124857,1.0696440481874816
210_Narrow,2565642500.0,1.0265621105351102,0.0013880492084735341,-151.84886527629098,0.06265634525455041,0.002963508966914401,8.24576377165805e-05,-171.5023580581062,2.7118923957000853
210_Narrow,2565645000.0,1.0211197635075147,0.001355691771593661,-151.9641720302531,0.08030579050148565,0.0030409585217011786,0.00010493929388358806,-171.82748160727502,1.3111312117069496
210_Narrow,2565647500.0,1.025425485701928,0.0013702738783124796,-151.9787707416219,0.051911603343124044,0.002991604623008785,0.00011396531901210459,-171.35548191387136,1.8314238363298934
210_Narrow,2565650000.0,1.018869624878533,0.0013258168053976106,-152.05010621320457,0.07427360032586655,0.0029258802627226094,9.870453127738538e-05,-172.14612748093452,2.662528834381578
210_Narrow,2565652500.0,1.0286077309899562,0.001004265366135848,-152.41919239213686,0.08117008182399936,0.0029731358927721522,0.0001326084920877884,-172.18395708016462,1.6919417875567468
210_Narrow,2565655000.0,1.0195801635769348,0.0009622917281068508,-152.01913045906616,0.06628891280526411,0.002994136418563453,0.00014075351750374314,-171.63958729634282,2.077767404280561
210_Narrow,2565657500.0,1.0197445214478138,0.001371789276305433,-152.09935190993258,0.06787212101256429,0.0029786291296020574,6.668874247924357e-05,-171.71868575965865,1.565701997182908
210_Narrow,2565660000.0,1.022262809956882,0.0011912828796864312,-152.3576653522596,0.09233964223412133,0.002968657205209276,8.484669725427582e-05,-172.4870650272275,2.41814269906793
210_Narrow,2565662500.0,1.0249123163505038,0.0014085177725045416,-152.2252370409164,0.07576320732221473,0.002936307582992995,6.91106690826278e-05,-171.28477353849522,2.317840045183755
210_Narrow,2565665000.0,1.0175828047751203,0.001083076862984254,-152.2189123662935,0.058899755871338506,0.0029609585711517284,8.546490827326166e-05,-171.35552708405407,2.420221465818449
210_Narrow,2565667500.0,1.0313598921315237,0.0011080664252637702,-152.1999215552112,0.0762375984349275,0.002956667010839378,9.345214320587734e-05,-172.8178387766896,1.926607143476583
210_Narrow,2565670000.0,1.028994742452677,0.0013113293255492058,-152.64244948018438,0.0747439543285772,0.002990059240172433,9.732482282229708e-05,-172.34341944695353,1.8156585005173658
210_Narrow,2565672500.0,1.0276820475999076,0.0017036325686489503,-152.19930056486484,0.06273979843324108,0.0029688688242923145,0.00014055489096021,-172.65684021237436,1.883353532371671
210_Narrow,2565675000.0,1.0234558748129357,0.0011649754103898646,-152.03330418147428,0.09472773070439577,0.002977759233949824,0.0001266933239169501,-171.26507169112958,1.8679775542103163
210_Narrow,2565677500.0,1.0185652141423633,0.0011736313188813133,-152.4090210638798,0.0640125236160497,0.0030008779304923584,0.00011196961966666024,-171.23349492401294,2.295030451686233
210_Narrow,2565680000.0,1.0367538079990104,0.001151568432859706,-152.29290853148083,0.08443159802202525,0.0030476743384124263,0.00010624212535819225,-172.8487606496803,1.9322647813632385
210_Narrow,2565682500.0,1.031272692375089,0.0008658182772034048,-152.19072902889957,0.06162161127636404,0.002939871724473219,9.786502387625513e-05,-171.01563422144207,1.7225924825784409
210_Narrow,2565685000.0,1.0285257759485393,0.001103495055290667,-151.5416625972068,0.0788962733161099,0.0029320004463960023,0.0001043761543092091,-172.08704194450294,1.69848883825202
210_Narrow,2565687500.0,1.0188994604032418,0.0011209240241939365,-152.0990890078355,0.06384238158202844,0.0029523261029408706,5.331692202035948e-05,-171.8992404546183,2.289794614259608
210_Narrow,2565690000.0,1.0256199624412994,0.0012768203698169086,-152.56933065170168,0.05479372576459777,0.002959223980510604,0.00012024737383040788,-171.88762234336417,1.5178388815892454
210_Narrow,2565692500.0,1.0273625290204982,0.0010823757327089666,-151.79541682803955,0.08340788957723534,0.002994068699107318,7.77635545449138e-05,-172.20738835512935,1.9056373690259494
210_Narrow,2565695000.0,1.0274845296309603,0.0017067010625418505,-152.0444893494123,0.06626041937016623,0.002987670964117808,0.00010056665402571825,-171.26162196522432,1.6697465033755083
210_Narrow,2565697500.0,1.0269707270327737,0.0011455897165737726,-152.0166384036893,0.07299064980599843,0.0029989239390846986,0.00011567633441533948,-171.72791456241964,1.62445430918619
210_Narrow,2565700000.0,1.0256838059524687,0.0010076640599097114,-151.85112363496123,0.055163094372250324,0.0029456759302051477,7.237374067732757e-05,-170.95451338441913,1.9628104562804483
210_Narrow,2565702500.0,1.023460921862087,0.0016227925701202143,-152.58451408952146,0.04412111132488884,0.0029901807941516553,8.813321409622502e-05,-172.39654504462692,1.0947844792607437
210_Narrow,2565705000.0,1.0293550025520797,0.0014615340211776872,-151.9321167466171,0.0661633307637301,0.003018794659833496,9.61844700749881e-05,-172.09583147895904,2.413862951792593
210_Narrow,2565707500.0,1.0274970020546639,0.0014200017687497734,-152.20595234261532,0.06687417600196169,0.003036846549441533,0.0001027607262329128,-171.95935991932575,1.55612168004861
210_Narrow,2565710000.0,1.0231354771614465,0.0009214330465381213,-152.1795690152097,0.06433756530488013,0.003000000019408066,0.00012944186760139887,-172.00608296274117,2.201204281308977
210_Narrow,2565712500.0,1.0213258618348477,0.0014075767473013113,-152.4213003953127,0.0643903091802699,0.002956531509093236,9.387064215762053e-05,-171.7242144156082,0.9759322804966827
210_Narrow,2565715000.0,1.0265325017259819,0.0007882445406210324,-151.71559521047223,0.09449358367776065,0.0030453024110528018,7.960447882263798e-05,-172.11430099275793,0.9262883659952178
210_Narrow,2565717500.0,1.0255777678161484,0.0011879543118597945,-152.3539523027488,0.06952736557387115,0.0029723155563791104,0.00012485714919594716,-171.3388470746446,0.9837275473832928
210_Narrow,2565720000.0,1.0160178778110642,0.001221155585032663,-152.45821822486315,0.058856296922121215,0.0029410053871991026,0.00012539567051539398,-172.81383063616985,1.521419222197636
210_Narrow,2565722500.0,1.0394815448500256,0.0009000355004317948,-152.05684141737504,0.0810825959528725,0.003028295193405744,7.582975520505128e-05,-171.24102519321784,1.423461560051949
210_Narrow,2565725000.0,1.029131648774389,0.0007961485714365818,-152.20604509644662,0.02985486956363568,0.0029629920869537175,9.207427114995477e-05,-171.135982816821,2.045695902823439
210_Narrow,2565727500.0,1.0169195377366869,0.0008476674987637323,-152.39319728368824,0.07690401212139902,0.002993883047091618,8.902848089834361e-05,-171.35134332723487,1.8783133032563342
210_Narrow,2565730000.0,1.0218952484149668,0.001315508011168256,-152.25922986216204,0.05752501790755043,0.0030376042502516225,0.00011484508633784527,-171.67023353078062,1.6518730460803825
210_Narrow,2565732500.0,1.026732663318091,0.0011106478271537324,-151.69568276138966,0.04243383322352563,0.003007415802053249,7.036869604300696e-05,-171.50365439015695,1.834273070699351
210_Narrow,2565735000.0,1.0154060196223813,0.001047559908752386,-152.13678386515556,0.06914209569191603,0.002945106232306177,8.284684745495487e-05,-172.36176314362388,1.2408597392714047
210_Narrow,2565737500.0,1.0290966821343637,0.000959243776157347,-152.18678334345083,0.07895983663898838,0.0029917110737438086,0.00011700483661602844,-172.05398055722864,1.971210278366173
210_Narrow,2565740000.0,1.0233820937268057,0.0012148995252196362,-151.98656293043518,0.05913763533562616,0.0030054268587561307,8.73741930746965e-05,-172.52974051150068,2.389415411430432
210_Narrow,2565742500.0,1.021874455147135,0.0008934001442338459,-152.3501018723082,0.09133397320164546,0.002989936480274912,0.00013250777112640028,-172.42107759054034,1.4538522936548415
210_Narrow,2565745000.0,1.0335193279030774,0.0010534069772965915,-152.53958336954594,0.06464326037531518,0.0030532917143802994,7.552385571445824e-05,-174.27449508406497,1.94289681901786
210_Narrow,2565747500.0,1.0302563594387253,0.0009229424850475645,-151.88743874090622,0.0889833682725253,0.0030010182413809858,0.00012159471043675215,-171.3429426731783,1.4784255945203029
210_Narrow,2565750000.0,1.0216321901857561,0.0011948709405556794,-151.6929601269982,0.06363493260433659,0.0030127384907901057,5.146168818206212e-05,-171.01276396352173,2.5985282392358022
210_Narrow,2565752500.0,1.028136595979671,0.0015886862024604375,-152.70164760833518,0.054808816541021245,0.0029912502548295273,7.413186764919269e-05,-171.12317051387126,2.071509102497505
210_Narrow,2565755000.0,1.0247921144708017,0.0012692402879438275,-152.25051079829802,0.06513205295710918,0.0029571203769952477,0.00010128321995471595,-172.24729032488125,2.1688025250742005
210_Narrow,2565757500.0,1.021573955117182,0.0012549998986968556,-152.01074522986295,0.09269487157173117,0.003020848338198179,0.00010146393447142071,-171.3081245895438,1.77854171352429
210_Narrow,2565760000.0,1.018286904099624,0.0009972904160768367,-152.11997350209532,0.06577791724848632,0.002939015511311008,8.287978480877887e-05,-172.11013929024531,2.1016960162485865
210_Narrow,2565762500.0,1.0238689790251352,0.0010572972007487937,-152.182148510093,0.09126419637469235,0.0030518710429128957,0.00010880823966821879,-172.2812019915012,2.0504516510418878
210_Narrow,2565765000.0,1.0238605654934907,0.000963898665726081,-152.2888292513885,0.06224639423612157,0.0029670377607533475,0.0001249858445082692,-172.61981814056406,1.3969337374908297
210_Narrow,2565767500.0,1.0262809618290172,0.001047354544251589,-152.1967307247339,0.09652091308646421,0.003033911640063699,0.00011160717930617031,-171.8635303934554,1.621982017044544
210_Narrow,2565770000.0,1.0195682418865755,0.001007703745732978,-152.41964130505997,0.10414217473900983,0.003003115808398627,5.682629319668728e-05,-172.8205780765501,2.4603161474138933
210_Narrow,2565772500.0,1.024012305867604,0.0009770064748392201,-152.7056243551415,0.04522241934247862,0.0030328031533295033,0.00010866726256619979,-172.56197203081663,1.3962969555728753
210_Narrow,2565775000.0,1.0268833226859555,0.0013924807635849832,-152.24339898129773,0.079052556252975,0.0029492383846736053,0.00011862213745158159,-171.67024050677566,1.2274027022112994
210_Narrow,2565777500.0,1.023823279806923,0.0015541268776897634,-152.41036727501276,0.06828519487671166,0.0030238698861204585,7.284039440737204e-05,-172.74327375031032,2.4102620928637513
210_Narrow,2565780000.0,1.0205479310434795,0.0014223020345095123,-152.50572167060295,0.07884356548316804,0.0029718850480691577,8.315806234245617e-05,-171.72516794631568,1.5076085975593567
210_Narrow,2565782500.0,1.025159436720471,0.0013087298047510666,-152.35356529463482,0.091469914838477,0.0030181059819886042,8.251636255251639e-05,-172.3224109789114,1.8412871670285074
210_Narrow,2565785000.0,1.0239020374144656,0.0011886145045020711,-152.5444328399124,0.08017747278010216,0.0029755426575348684,0.00013144116816933118,-173.15301902942537,2.318526868893542
210_Narrow,2565787500.0,1.0298713412108136,0.0012604207600408128,-152.43766771089992,0.10535797939302266,0.003052595093174187,0.00012515468183078274,-172.36471933419764,1.960983698152945
210_Narrow,2565790000.0,1.0235685451649188,0.0012961181583959118,-152.35889394308248,0.06422546678599957,0.0029680033831001673,9.109100462928804e-05,-171.82804856768468,2.0862146359939957
210_Narrow,2565792500.0,1.0269782829977196,0.0013453088218640167,-152.5819105444914,0.049973329431546226,0.0030114051720108942,0.00010815269845043418,-171.67940452046372,1.3898881808446912
210_Narrow,2565795000.0,1.0206128861531865,0.0008330071321803765,-151.94106189581123,0.06781483532642205,0.0029880760287034395,8.651796292609215e-05,-170.738585422359,1.7916391016687698
210_Narrow,2565797500.0,1.0226313212511189,0.000984040644865469,-152.2928170808914,0.07739910272872912,0.0030413137015794503,7.704739285033051e-05,-172.0978039185418,1.5248337168315849
210_Narrow,2565800000.0,1.0220271984668767,0.00114547659592717,-152.49626053968842,0.06702440693722435,0.002961586369200881,6.469364883074416e-05,-173.11548548730045,2.2609921701325955
210_Narrow,2565802500.0,1.0298858331732874,0.0009983807478295356,-152.1152180394641,0.07932312173210986,0.003033031213861001,0.00012952340858097343,-171.96224778443184,2.004816790289191
210_Narrow,2565805000.0,1.0244589749813369,0.0012102376579089273,-152.34447393870136,0.06500495254370836,0.00298171412794418,0.00014912918689593432,-172.16959494144962,1.4029265410317215
210_Narrow,2565807500.0,1.0279337544267748,0.0006079315160144739,-152.4500945969072,0.056548308799728386,0.003012849175603944,5.6187181245193146e-05,-172.54204093290315,1.2623082516540027
210_Narrow,2565810000.0,1.0298023230642759,0.001266350150679662,-152.16253169991072,0.05202490931572667,0.003066817042399188,0.00012800904231441144,-172.85935488571712,1.5293564879663826
210_Narrow,2565812500.0,1.0331522964383497,0.0015260595238111119,-152.69870822010668,0.04879542530254793,0.003010148330440167,9.0205409352288e-05,-173.0842693918486,2.4344119239845403
210_Narrow,2565815000.0,1.0211923586280074,0.0008291305072583879,-152.8928212087964,0.10198954362640981,0.002974493931851999,0.00010352364089007356,-173.61408870288076,1.2347204477362377
210_Narrow,2565817500.0,1.0245390250804498,0.001237242997414266,-152.6454690041475,0.07859577067399434,0.00297700562083466,9.149786173715326e-05,-172.0201441943808,1.8287998898092364
210_Narrow,2565820000.0,1.016267958426674,0.001275817619438254,-151.7969777231857,0.0551643233355617,0.003010014733142673,7.846573501647503e-05,-172.60091415773888,1.9694546898607201
210_Narrow,2565822500.0,1.0201414793540937,0.001013299079492668,-152.24271105961793,0.05802217085072869,0.0029915758586582866,5.3714440125944914e-05,-171.0097083090305,1.7186264422472786
210_Narrow,2565825000.0,1.0198778434787203,0.0014523838671991539,-152.31620928812822,0.06951073566642343,0.00297804598718705,0.00015325622089648188,-171.4376291064717,3.0815518594855744
210_Narrow,2565827500.0,1.0239056836365796,0.001051309186118247,-152.47959291551243,0.06621429132476615,0.0029622098822366634,9.1428556071423e-05,-171.9042444969873,1.943813928768547
210_Narrow,2565830000.0,1.0131233458862972,0.0008882575609208139,-152.31923949863358,0.061849464321928095,0.003021161979221555,7.89386423885469e-05,-173.06660525562228,2.328721891210838
210_Narrow,2565832500.0,1.0291719476637549,0.0014905049635965555,-152.6165416146363,0.07556807004121092,0.0030704658432760936,0.00010149274310117022,-172.98250869411154,1.8865611721660802
210_Narrow,2565835000.0,1.0206769290394053,0.0006952064241175266,-152.3816084516764,0.07155784555511563,0.0030280826940589736,0.00016469501964651138,-172.77471132689436,1.8669429166314797
210_Narrow,2565837500.0,1.024607437872121,0.0015968788966755345,-152.3631889799672,0.05167998890882646,0.003030637737097655,9.037314692495911e-05,-172.62176891180732,1.4488759409780145
210_Narrow,2565840000.0,1.0344461903509874,0.0014256092401962205,-152.20063839567487,0.06597812618647322,0.0030401864024251638,7.016532383491238e-05,-172.95582012294383,1.804537564257473
210_Narrow,2565842500.0,1.0220904722291566,0.0011095558649107575,-152.60818416695412,0.08304791084225564,0.0030450280377521395,6.835398916248066e-05,-172.08940528175307,1.9219841343430777
210_Narrow,2565845000.0,1.02840884156604,0.0016178750671304051,-152.48073777426927,0.07656280596588501,0.0029846275259262584,9.212161250115221e-05,-172.910495616273,2.176501002878559
210_Narrow,2565847500.0,1.0290260152486592,0.0010279121406193423,-151.95518024747884,0.06776033523074775,0.0030371623985665963,0.00011491908551933181,-172.33482190300583,3.1693575655083444
210_Narrow,2565850000.0,1.0234735164492743,0.0013018704184396092,-152.0771072300277,0.04466698728509624,0.003009428036262302,0.00012354657546486474,-173.13054370692433,1.6839665713622578
210_Narrow,2565852500.0,1.02815743111497,0.000881475727425258,-152.67427996443453,0.06732575920504999,0.003009683711760758,7.969269529349137e-05,-171.35548992828268,1.5885914466372137
210_Narrow,2565855000.0,1.027285285259899,0.0010860372593489002,-152.5258555176855,0.06807647221963227,0.0030611383722399838,0.00011243174773937542,-172.31144362675727,2.0911772662062527
210_Narrow,2565857500.0,1.022324969287824,0.0017932699453634664,-152.6254272543808,0.07233793872546468,0.0029836909707107793,4.654133855148175e-05,-172.7218106414445,1.9357938225625873
210_Narrow,2565860000.0,1.0182364059859883,0.0009459362003663928,-152.5746738780498,0.056731139038919666,0.002998309438354848,9.12077055062229e-05,-172.1263567129614,1.8413613233612682
210_Narrow,2565862500.0,1.019627590748131,0.0011236112975995093,-152.44414689166328,0.0605962734092972,0.0030143736671066467,0.00011696296359628676,-172.43203902020505,1.7443330371423402
210_Narrow,2565865000.0,1.0246895237700624,0.0013911620031435352,-152.44452643851918,0.0833265853788497,0.0030173521385804766,8.55381845613471e-05,-173.04043004383792,1.808044089895343
210_Narrow,2565867500.0,1.0294389043220096,0.0007548752404666773,-152.32975591463295,0.044019337972070235,0.003047838941556635,0.00012016575798859538,-171.96248761540258,1.943925619361129
210_Narrow,2565870000.0,1.0317732594965854,0.0010214679984659693,-152.49672382750163,0.09511807910515725,0.002973972717401859,7.903758149346186e-05,-173.23033467189435,2.278774180608484
210_Narrow,2565872500.0,1.0298423449232152,0.0008041647570929088,-151.90279272302885,0.07216841072630843,0.003060492679273851,7.36434612888576e-05,-171.9548317753859,2.365362379604842
210_Narrow,2565875000.0,1.024133161132781,0.000959704189296506,-153.05130708454374,0.049237407076492205,0.003023671683393561,0.00011317229707652338,-173.35041345606973,1.3809070996324673
210_Narrow,2565877500.0,1.030902687936827,0.0014089506960750446,-152.1244085374898,0.06745966074593078,0.0030562577592832822,0.00013151684037210985,-172.43727340518228,1.8987506951380828
210_Narrow,2565880000.0,1.0234102242170664,0.0014966758877501744,-152.51922331609867,0.07440138329209886,0.003024437450031386,9.600176589614828e-05,-172.22238656925026,1.6135597180055083
210_Narrow,2565882500.0,1.0215067016618862,0.0011755816711031541,-152.7850934640075,0.08439718683371612,0.0029997551427213857,0.00010117825146127343,-173.9810502265308,0.8657218885636051
210_Narrow,2565885000.0,1.0247950413937632,0.0012121286583979046,-152.41481734833872,0.045908459461138494,0.0030000708868011083,0.00011760120736357007,-173.1714000446789,2.647951610738084
210_Narrow,2565887500.0,1.0156473366365977,0.0011327854633389647,-152.53305689583485,0.07769468885091822,0.0029797594600223776,9.184649835486675e-05,-171.30758075948035,2.0641811468811992
210_Narrow,2565890000.0,1.0272532788973165,0.001028073713345117,-152.4335017145068,0.0659962831101161,0.0030577466490175577,9.749703399256207e-05,-172.29107221512615,1.7904321602137434
210_Narrow,2565892500.0,1.0197404674743793,0.0013543107738847142,-152.7092465067023,0.08179461301843326,0.0030038863658444523,0.0001458609093934204,-172.22216276299986,1.8794862888114499
210_Narrow,2565895000.0,1.0243311457233009,0.0014870789415125743,-153.0545903567432,0.05233735866738906,0.003045411042023309,8.012640094304588e-05,-173.71824826342115,2.034856500877132
210_Narrow,2565897500.0,1.0365838804089003,0.0010200024064114578,-152.92426952864153,0.050761815322891944,0.0029921286055978585,7.997641981943546e-05,-174.5539477722291,1.3831740342744727
210_Narrow,2565900000.0,1.028279433188124,0.0009593091041562869,-152.80010752749186,0.07638906393362699,0.0030198551704547754,0.0001264055762040956,-173.22496830979193,1.8422578882680498
210_Narrow,2565902500.0,1.0353881598839012,0.0010895115966031539,-152.7001962112355,0.044612115246580264,0.003059447575359067,5.3505949478644406e-05,-173.03463226442224,1.1477646823724312
210_Narrow,2565905000.0,1.0248788453502007,0.000903928513008791,-152.5727039318776,0.08362021301782088,0.0030223076485590447,8.465251484083384e-05,-173.48078789594058,1.219989141967774
210_Narrow,2565907500.0,1.0182677505857078,0.0008830275040956975,-152.3755427701017,0.06728357531294986,0.0030042746774827777,0.0001128351397798241,-172.1239467704213,1.478974717716877
210_Narrow,2565910000.0,1.0236535624392342,0.0012010333184270634,-152.25273703298998,0.034506198455748344,0.003032897941209916,0.00011218766623603824,-173.17301576409528,1.424809869735071
210_Narrow,2565912500.0,1.0397193240198952,0.00130040777065169,-151.97244998226776,0.0634819771593606,0.003061401425197164,0.00014759818112215415,-171.9640293316912,1.4207422753039225
210_Narrow,2565915000.0,1.0308050367284254,0.0012860520909150706,-152.3764445164036,0.08168689547594271,0.0030549213971712303,0.00011247338137751227,-173.61387896756585,1.0584821026190865
210_Narrow,2565917500.0,1.0308874286420568,0.0014736573172524753,-152.61517077382908,0.06687725638236001,0.0031029272949054474,9.906981712798956e-05,-172.90520647459513,1.4811369154649676
210_Narrow,2565920000.0,1.037440400442028,0.0012954756609368497,-152.94079447858496,0.07578792614926635,0.003055157472833748,8.579611545913343e-05,-172.8692411261943,3.000010115923442
210_Narrow,2565922500.0,1.0248161024633446,0.001324389070733254,-152.62266828213842,0.06097978150696464,0.003038434984684997,0.00011671818089514689,-173.34493635591403,2.0929728131175893
210_Narrow,2565925000.0,1.0223044399309105,0.0008453580251986256,-152.91472785989083,0.05422707773660347,0.0030396275994733304,0.000104017451762811,-173.49820949948196,1.6000333248126826
210_Narrow,2565927500.0,1.0298192643699198,0.0009982030801245394,-152.29048371980255,0.06641800866120703,0.003076651520666094,8.166914949782442e-05,-172.76041218697975,2.0573971663792934
210_Narrow,2565930000.0,1.0302617847420514,0.0011647694226846167,-152.5062470488248,0.07086853503517208,0.0030305420324194085,0.0001246393836845265,-174.05500423940384,1.8758829043494247
210_Narrow,2565932500.0,1.0255266645493903,0.0014471255430819061,-152.52371533859855,0.0757440475016185,0.0030614630325084954,9.309898234591893e-05,-171.91787578838705,1.6654987257189553
210_Narrow,2565935000.0,1.0171632929304466,0.0013256147321095643,-152.34514887773474,0.05802025109649649,0.0029756181995079594,0.0001293799298573414,-171.74344650801334,1.2715174643932996
210_Narrow,2565937500.0,1.0228519829570764,0.0009564450706756001,-152.48295527931606,0.05805843303115315,0.0029830551130616972,0.00011541810064119111,-172.70490172977543,2.4993681270850567
210_Narrow,2565940000.0,1.0318578416264879,0.0018224819732592964,-152.14394634451278,0.07329644776368716,0.003051615374643986,6.196270568428607e-05,-172.5983799008114,1.6003400170973012
210_Narrow,2565942500.0,1.0252066542609997,0.0014021871544874249,-153.08609523177466,0.02527441117734391,0.0030823126068279974,9.315719054051073e-05,-174.06585670830106,1.6025277887282612
210_Narrow,2565945000.0,1.0207080835032565,0.0010921895865911794,-152.75392609718185,0.04841602099068437,0.0030592058482191396,7.585168852483035e-05,-172.71171228986012,1.5405529718069093
210_Narrow,2565947500.0,1.0320029670326765,0.001305444153286126,-152.1305019579687,0.0893142284900454,0.0031021640447687214,8.343734515537713e-05,-173.6404163891547,1.8717178878626588
210_Narrow,2565950000.0,1.0296446398653385,0.0009907349997880283,-152.85810287400633,0.0555733256182566,0.003046367938798251,9.81172956435362e-05,-172.56473855346383,1.986314835997066
210_Narrow,2565952500.0,1.0178236344704816,0.0008226713690216591,-152.8462206338597,0.06686778455218292,0.0030631946729701223,9.041671381199612e-05,-172.85730095310015,1.42681730863044
210_Narrow,2565955000.0,1.0264262524098893,0.001192156338695396,-152.83822378587573,0.07896909362886197,0.003018891266232423,0.00011370635058400117,-173.2533307323163,2.213238479672326
210_Narrow,2565957500.0,1.0281950238330513,0.001202095034289193,-152.2117320450666,0.07665127537568787,0.003094606167252211,9.867909777548875e-05,-172.2584444573105,2.5979753590770405
210_Narrow,2565960000.0,1.0348253525082076,0.0008725313837303841,-152.8217241523088,0.11193816932495661,0.0030826574940246458,9.467176514134143e-05,-172.73347004328076,2.0662660974380893
210_Narrow,2565962500.0,1.0270087329643418,0.0009413794740967019,-152.40595955662238,0.05106912553358526,0.0030353495212814565,7.227111013722828e-05,-172.21822991764603,1.7387196746555924
210_Narrow,2565965000.0,1.0290996348595125,0.00103558162677221,-152.70560541077853,0.07583687992149524,0.0030902595682783447,8.363898091638015e-05,-172.60694188238514,1.4021061248761932
210_Narrow,2565967500.0,1.0341544614213016,0.001567212917835439,-152.7780831879577,0.04857834652917313,0.003066776671667768,6.844464502931731e-05,-173.1034755627074,2.423907083585186
210_Narrow,2565970000.0,1.0246038203869945,0.0013096075109963537,-153.05247766998184,0.05767965417477437,0.0030972998383410923,9.673424451391091e-05,-173.2953474200387,1.726441773958332
210_Narrow,2565972500.0,1.0296293324887977,0.0014571972042831049,-152.28805929197537,0.04656770722254502,0.0030062814054411732,8.703792218519313e-05,-172.6627043322379,2.2632982836233864
210_Narrow,2565975000.0,1.029991909636853,0.001400177578098319,-152.8393177591522,0.049742010318693436,0.0030511412114705653,7.329759047813945e-05,-172.98760933266664,1.6819695161642307
210_Narrow,2565977500.0,1.028521786543067,0.0008558212015335228,-152.0402098024187,0.08986763090160006,0.0030627606945567544,0.00010564450491399095,-172.1286947541815,2.7619297718868285
210_Narrow,2565980000.0,1.0203642971032818,0.0009112626156195061,-152.0523280552779,0.10240639615541675,0.0030517217873563206,0.0001002750973485527,-172.51708973680635,1.9695467659771697
210_Narrow,2565982500.0,1.0188440022779734,0.001663450296445036,-153.160989607472,0.0820751167408619,0.003000863072040962,7.632665599671776e-05,-172.9322327753379,2.6055348119064328
210_Narrow,2565985000.0,1.0249534785603882,0.0009933697604131856,-152.83066866358317,0.05526602539989321,0.0030178955249220416,9.938754163141791e-05,-172.90870201507056,2.321314841629187
210_Narrow,2565987500.0,1.0225103725316818,0.0009081300703710419,-152.8301668073808,0.06816359904749107,0.0030441990109133154,0.00011125619354330301,-172.94517047850758,2.193173631071377
210_Narrow,2565990000.0,1.029288724508191,0.0014805897586176744,-152.68211616225156,0.06584677265203354,0.003041849358892773,0.00010503521502367396,-172.83320447886578,1.4205761082299495
210_Narrow,2565992500.0,1.0206540401750344,0.0012355590590862246,-152.55141053589753,0.07315160711916568,0.003029282078294938,0.00011005404775135529,-173.24748436465921,1.9516888280277966
210_Narrow,2565995000.0,1.0265041295585016,0.0012945958032729717,-152.66083495148752,0.08356134794167684,0.003075143670423125,0.00010876895440596957,-173.4917544983257,1.9242613991070927
210_Narrow,2565997500.0,1.0330789494229278,0.0007851952109295342,-152.27852382042894,0.09221692488729308,0.0031270045820849563,9.186847666414202e-05,-173.13784700571773,1.687539198647217
210_Narrow,2566000000.0,1.0279627371931035,0.0012387497479750898,-153.00173330500598,0.05373387868461091,0.003045691867567759,6.908646350500239e-05,-175.0534616211507,1.5930933939282135
210_Narrow,2566002500.0,1.0319733108498061,0.0014494949475586897,-153.16808880306255,0.054947697895658364,0.0030520233498218885,0.00010890314108811469,-173.33047971774607,2.7860448064743064
210_Narrow,2566005000.0,1.030354377536818,0.0011694397938337544,-152.21316765389997,0.09853771852607134,0.003106809667075725,7.808458892911603e-05,-173.05522714715266,2.009182776175949
210_Narrow,2566007500.0,1.0229889749423886,0.001383731549060881,-152.95681974750633,0.08106358082787,0.0030608998161600802,8.50906198281553e-05,-172.99702253962042,1.7647833240055464
210_Narrow,2566010000.0,1.0313315181065594,0.0010040727722730122,-152.63567029179202,0.06953850804489231,0.0031245210990765793,8.834936546496506e-05,-172.2728834839578,1.6945083961914187
210_Narrow,2566012500.0,1.0272993246723539,0.0008982142321076028,-152.7583683156189,0.0516084279897004,0.0030692963350290314,9.062211151785918e-05,-173.77754716580154,2.0173180252965133
210_Narrow,2566015000.0,1.03069216273394,0.0018826088322452283,-153.0194060167705,0.08108763698526662,0.0030787803820928597,0.0001110014672035727,-173.7903595739636,1.834025658747205
210_Narrow,2566017500.0,1.0371528089698994,0.0018598542952489253,-152.03727072457048,0.06738787836625564,0.003057384725302992,7.554847655133144e-05,-173.65222651495978,2.0697989261988035
210_Narrow,2566020000.0,1.026322112976038,0.0010902077784948978,-152.87566263559623,0.07723175153029097,0.003034778905461751,0.00014814210607372669,-172.01368581382135,2.2917928174686857
210_Narrow,2566022500.0,1.0319027555427571,0.0011179566109286636,-153.63073373297075,0.07247120346364935,0.003067263964221361,9.559883534635623e-05,-174.8493142301759,1.9667810117189048
210_Narrow,2566025000.0,1.0176625534865784,0.0011398798783145141,-152.56035589846297,0.06665186582210801,0.0030638978740780616,0.0001240592749903517,-173.0080864257887,2.212789867194286
210_Narrow,2566027500.0,1.04238327446795,0.0010402480051326902,-152.3966526280921,0.06422455652004973,0.0031104315524668686,9.406561554481926e-05,-174.0547181074342,1.6478440796246925
210_Narrow,2566030000.0,1.0236263216932886,0.0012783994587541967,-152.78367920478436,0.061818965760281855,0.003048713281053394,7.537068191858091e-05,-173.1350865303932,1.4883123930031656
210_Narrow,2566032500.0,1.0262681347232867,0.0012834839810320472,-152.6172168133302,0.06904879236189633,0.0031091395764721603,0.00011361489279118221,-172.8890294316979,1.5608660915903734
210_Narrow,2566035000.0,1.02873169552408,0.0013665385622687676,-152.68709225740332,0.08263834772292646,0.003049501361152718,6.546334068468133e-05,-173.27218492799324,1.651989202140462
210_Narrow,2566037500.0,1.029738758184929,0.0008741237084570856,-153.5776346169676,0.07521725073266017,0.003061461329731528,0.0001161629072831075,-173.9173269816614,1.4886125885982433
210_Narrow,2566040000.0,1.0316787701681647,0.001315945422301082,-152.5724484830058,0.058191910471799786,0.0031129951356452497,6.613261193983928e-05,-172.6278089984774,1.574883127493519
210_Narrow,2566042500.0,1.0324282326816259,0.0012623685875605938,-153.3531404688599,0.07804471224289654,0.003035349418516291,0.00010126061629976357,-174.11037454668212,2.2661181472281
210_Narrow,2566045000.0,1.0297079387424257,0.001133326697378792,-152.5379645757865,0.06268830913795191,0.0030550446942254118,6.514513068811016e-05,-172.14180684924824,1.8512517430720634
210_Narrow,2566047500.0,1.0344304222685317,0.0018289104523909537,-152.89421319076538,0.08415639067525264,0.0030493224799116635,0.00010705351707953433,-173.45508025784883,2.022289369733857
210_Narrow,2566050000.0,1.0334114314644458,0.0011491412101820564,-152.64636677780638,0.07527080547611353,0.0031322256883430134,0.00013450809640031528,-173.120230738816,1.486145765667844
210_Narrow,2566052500.0,1.0331696293310064,0.0012934725645836031,-152.8213779282942,0.08553014493797613,0.003097499637516641,0.00013781956687622285,-174.22015542132763,1.4140607475579703
210_Narrow,2566055000.0,1.0328419331693848,0.001288317390989777,-152.28794197936847,0.036852160342397626,0.00301244964833291,0.0001333092633748641,-173.59403358204563,1.5019317955951117
210_Narrow,2566057500.0,1.0254053054909231,0.00121639779594578,-153.07927168676713,0.06289710496022026,0.003081368329389853,7.148623593373202e-05,-173.26801228802287,1.8355759187086271
210_Narrow,2566060000.0,1.0251468586203578,0.0010741194636577644,-152.97702678536996,0.11161142665284134,0.0030652378739562847,6.264995377071015e-05,-174.78788153675913,2.10945989394268
210_Narrow,2566062500.0,1.0301190729264373,0.0007544591221139077,-152.55253177513978,0.09325772672032515,0.003096773158284444,0.00014736307759931,-173.03295073762763,1.6573468817910673
210_Narrow,2566065000.0,1.0316326948799281,0.0009292377653559474,-152.86098838885874,0.054581789579807326,0.003105848127084461,0.000127486396360759,-173.58946341368525,1.9966831999276442
210_Narrow,2566067500.0,1.0363682889977244,0.0007893451170340702,-152.63142038489406,0.07285245807426279,0.0030709781949515035,0.00013824786757860646,-174.00281735534242,2.533724719482589
210_Narrow,2566070000.0,1.022877817632351,0.0011743886031389573,-153.03687546803056,0.05639309660894851,0.0030725151853384924,0.00013073548280349785,-173.5491463466355,2.355320260718855
210_Narrow,2566072500.0,1.0274212366113857,0.0010149412503800519,-153.30449363918171,0.07822935489657457,0.0030752188533000845,7.617806702138111e-05,-173.25857911408187,1.7765134589192917
210_Narrow,2566075000.0,1.0251892462982273,0.0010955180774584617,-153.08804218033018,0.0792980022012791,0.0031020461341229573,6.298008750569625e-05,-173.89428426277934,1.4083526911613264
210_Narrow,2566077500.0,1.0259916741614856,0.0015071103608165993,-152.426976902922,0.042111796236781844,0.0030605048869503564,9.52346058330759e-05,-174.03636562351727,2.320497011357762
210_Narrow,2566080000.0,1.0251319347155503,0.0004980924481408707,-152.73256481298213,0.07579819021527447,0.003105569016952719,8.791990081230464e-05,-174.45663691391883,1.8556228644932868
210_Narrow,2566082500.0,1.0298515314186143,0.0016694255016233962,-153.0237638300188,0.06672564147176313,0.0030564600432234188,0.00011154886120983937,-173.750908189996,2.623410215185182
210_Narrow,2566085000.0,1.0296146901899448,0.001437095706918641,-152.6839713050375,0.06261548602539245,0.0031265190790830772,0.00010167991115824336,-173.19488133480638,1.4394466248837745
210_Narrow,2566087500.0,1.0347968659627662,0.0013045662859261537,-152.88678885104147,0.07140498400067136,0.003122945950100478,7.528151027085508e-05,-173.02251248369888,1.97675784839972
210_Narrow,2566090000.0,1.0382043303976067,0.0010905659432646278,-153.18170700515128,0.08121499644751808,0.0031040523695407413,7.249609472592416e-05,-173.7612553708384,1.778142725252536
210_Narrow,2566092500.0,1.0345105343053733,0.0011748011690361788,-152.69552618570063,0.07149396146480816,0.0031488741620633604,9.12054923852072e-05,-174.2094834194386,2.0139479411856076
210_Narrow,2566095000.0,1.0283425359612153,0.0011270861152909385,-153.05050533926428,0.07247190233835571,0.0030802588965674242,0.00012840012016382345,-173.16553767222197,2.2809333750646275
210_Narrow,2566097500.0,1.0255707305941841,0.0014971007913697513,-153.26341967219247,0.08248629233979549,0.003055064114961105,0.000131787411996851,-174.34601729199238,2.0150819618797935
210_Narrow,2566100000.0,1.0267328638319388,0.0013101477094068818,-152.74503992541,0.07178816609754173,0.00311670146825442,4.003360535202255e-05,-173.97849441567774,1.776353389613136
210_Narrow,2566102500.0,1.0282329628542768,0.0013050998116591137,-152.63170392702366,0.09315780777466513,0.0031464750750454934,0.00014132929354748828,-174.70177716783573,2.741300010171068
210_Narrow,2566105000.0,1.029610066315898,0.0010517142402428294,-153.20169809280935,0.045160656358461566,0.0031656541623932563,8.860019357049222e-05,-174.02037563533784,1.8016158719195192
210_Narrow,2566107500.0,1.0280156746556264,0.001169815081316647,-152.62174556597222,0.04971774035767015,0.0030991815502901037,7.687988830859821e-05,-174.00093723862824,1.6952756484929865
210_Narrow,2566110000.0,1.0387303520987188,0.0008703958534465628,-153.12700710500712,0.07321534300917192,0.0031246725900072343,9.818164182648812e-05,-173.8138245301964,1.723148720073735
210_Narrow,2566112500.0,1.0252019792015041,0.0009332114796190752,-152.61307084078476,0.06836806078409097,0.0030929663355967127,0.00011834575871831108,-173.3906340767626,1.1708392752979782
210_Narrow,2566115000.0,1.0257588198050396,0.0011433885507677482,-152.8965792217756,0.0599325527924968,0.003090594066448933,0.00011157196848023555,-174.34842841573885,1.5041108685021425
210_Narrow,2566117500.0,1.0251749302910398,0.000802111882261953,-152.908864082027,0.06649558159606207,0.003146399361567455,0.00012110059281718326,-174.18064862012716,1.583263928271212
210_Narrow,2566120000.0,1.0292318203423598,0.0011442524268453693,-153.18926243131813,0.06862283123728005,0.0031260580648900765,6.99735912017639e-05,-173.5603419996819,1.3541795617314767
210_Narrow,2566122500.0,1.0354081722070196,0.0010001786556366578,-153.14899245276746,0.06453200958218418,0.00318422776930427,0.00010504260037657544,-174.3860321231101,1.609467194413445
210_Narrow,2566125000.0,1.0302186255579608,0.0010945390733769623,-152.62464031397235,0.05620932138892293,0.003109347628577776,6.116324944086678e-05,-173.35713806605392,2.196415476917759
210_Narrow,2566127500.0,1.0357638778187845,0.0015360924931320022,-152.52343189215753,0.07138535415084753,0.0031205264374428656,8.01294789556864e-05,-174.02250081632013,1.5940167443246807
210_Narrow,2566130000.0,1.0180821154490378,0.00103768085740074,-152.9936622642171,0.06355754705420183,0.003110044179362258,8.857855311873891e-05,-173.81794932624166,1.7465355221817362
210_Narrow,2566132500.0,1.0247098293245371,0.0013505287976566603,-153.1139759672541,0.07249514345337742,0.0030740161868123327,0.00010519477901117013,-172.6416725275324,1.1117571009815448
210_Narrow,2566135000.0,1.025910505963395,0.0008412562520993491,-153.13203746200446,0.06271286635605715,0.0031272389720892724,8.55150082822003e-05,-174.58732993974712,2.134941751102935
210_Narrow,2566137500.0,1.0228364232836031,0.0008762825525202655,-152.88755208282603,0.05815803282404788,0.0031186648713183093,7.188580794091252e-05,-173.9329797556826,1.1509778999108682
210_Narrow,2566140000.0,1.0271264063693566,0.0012823860758282121,-152.97361150373203,0.060210627487751016,0.0030958791960213803,0.00010588308324894179,-172.3927508331593,2.394923902010351
210_Narrow,2566142500.0,1.0350406077051457,0.0007584409578266422,-152.87150739645693,0.0702255642184948,0.0030940550805398283,8.209622466234628e-05,-173.73267903856114,0.9061314717096906
210_Narrow,2566145000.0,1.0337941466935545,0.0009789435514739502,-153.09854726456194,0.06610104555920515,0.003137991276498006,0.00013178023153258292,-173.40387047734538,1.363051767690074
210_Narrow,2566147500.0,1.028999223456946,0.001302647176249623,-152.56497400041673,0.05869289399865164,0.0030455113563962683,8.960495325321175e-05,-173.72970439828643,2.138586219261518
210_Narrow,2566150000.0,1.0316474531609798,0.0008594337347594305,-152.8859625942448,0.07220955181415331,0.003111854884903096,0.0001300737530778374,-173.4450598095692,1.404497069859704
210_Narrow,2566152500.0,1.026740919453366,0.0011463321537617044,-153.2541457268229,0.08143601658490494,0.0031104984957745045,0.00011030801529795172,-174.24931012539398,1.629146431941398
210_Narrow,2566155000.0,1.0244821074968624,0.0013571207142121019,-152.38447289396316,0.06520163362659133,0.003099270869788417,9.608618875574671e-05,-173.23619986332224,1.1440488404408213
210_Narrow,2566157500.0,1.021806753880722,0.0011162495235458062,-153.07578809594781,0.07635398069420758,0.003129521324816724,7.795051080898815e-05,-173.79588221847737,1.5532763787392296
210_Narrow,2566160000.0,1.0369730594916693,0.0012547578192889624,-153.2166324870728,0.07271645271400236,0.0031033582955138188,0.00010978087769462536,-173.12031014964384,1.8691903398190473
210_Narrow,2566162500.0,1.031091202463894,0.0010157087917001563,-152.99788131141992,0.06269161030454444,0.003147719786638294,0.00011237569600129784,-173.54176413881527,1.3731701986476896
210_Narrow,2566165000.0,1.0235099847073366,0.0012079366086663146,-153.23937639197902,0.11325068042415622,0.003130351624445953,0.0001336533083359839,-173.58859736848927,2.0630748303260096
210_Narrow,2566167500.0,1.015611071806022,0.0010811337741379802,-152.74752402266756,0.05615772497208933,0.003053269272948215,9.262508512095747e-05,-173.5027077630849,1.7513911061545802
210_Narrow,2566170000.0,1.0276478975290368,0.00137774653655077,-152.43128056123885,0.05875578840659685,0.003135592840294358,0.00011506005353035289,-173.88814311329565,2.0886117599688037
210_Narrow,2566172500.0,1.032869338831779,0.0011914379518132452,-152.95906551899526,0.06879935263614455,0.003135511438560951,7.750218134530197e-05,-174.66958621911078,2.163455433307005
210_Narrow,2566175000.0,1.0211978032454623,0.0009266457800862247,-152.80787780626846,0.10493780494846729,0.0031048433140747267,0.00014087013039860839,-172.41378291154257,1.4236654590515128
210_Narrow,2566177500.0,1.0294241918212383,0.0016034118595348575,-153.08862684148025,0.06159350709451354,0.0031531333077852086,0.00012428237654955315,-174.6187111849457,2.014318051696777
210_Narrow,2566180000.0,1.0257871853017309,0.0014783751724653056,-152.7687230071837,0.0574659715885512,0.003138854440084349,8.590519309507515e-05,-173.57584889664463,2.0222878429020805
210_Narrow,2566182500.0,1.0318570608423179,0.0014741566415395117,-153.16649394401105,0.05503823316561219,0.0031018776637105963,9.805571844490769e-05,-174.0393915137944,1.275694698427326
210_Narrow,2566185000.0,1.0169153060075449,0.0009734168566320002,-153.4276697059316,0.05803523030459534,0.003087340920699819,0.00010509651093863327,-174.2881149985989,1.8068401276557151
210_Narrow,2566187500.0,1.0254610844011116,0.001122711858023465,-153.23903665913318,0.047096467772399765,0.003065838020596693,0.00010245550517328257,-174.22703295886805,1.7847245005247496
210_Narrow,2566190000.0,1.031909894856185,0.0009512563585642302,-152.81789165523065,0.07260278773319896,0.003120437634983901,0.00014401249414569442,-173.89041558090994,1.1958412245039476
210_Narrow,2566192500.0,1.027822694639963,0.001664917145232523,-153.0625546128589,0.06513351764228109,0.0031077032552543743,6.793469793692507e-05,-173.90276258534897,2.237959615272323
210_Narrow,2566195000.0,1.0236820120978545,0.0010787344299568262,-153.29108795472976,0.05621658871616899,0.0031699319163168527,6.895911144100307e-05,-174.51382508428745,1.0351300237778864
210_Narrow,2566197500.0,1.0270068777712813,0.0007249795218954749,-153.2824247840561,0.06334560727441423,0.003140920719496213,4.886450207690522e-05,-173.1408196506118,1.844281881059136
210_Narrow,2566200000.0,1.02439112871197,0.0008487616205841461,-153.0996850602114,0.06987932845718328,0.003098314652000717,0.00011396246195800498,-173.56800640526995,1.6140231266272003
210_Narrow,2566202500.0,1.0277249014969134,0.0007409518627729286,-152.91728528678382,0.07539656450219875,0.00309339042693699,5.6246794214723105e-05,-173.69678278430018,2.1490101200745078
210_Narrow,2566205000.0,1.0212432550242376,0.0012131406236416313,-153.40701446138604,0.04206173844157534,0.003119120851163083,7.777799291227845e-05,-174.0069590340788,1.2942759244190465
210_Narrow,2566207500.0,1.0302615116716376,0.0014468215946248295,-152.7688631307928,0.06302328075561678,0.0031480630137040062,6.660060315970092e-05,-173.9569623271116,1.5599054210850862
210_Narrow,2566210000.0,1.034731421675118,0.001347221025049423,-153.07406316282112,0.06475530104476981,0.0031379290538112352,6.792641884743867e-05,-174.84112467295537,1.9685439587866114
210_Narrow,2566212500.0,1.0201549142554853,0.0011940185852866573,-153.33155045260105,0.0528141756312707,0.0030948711901134032,0.00010479918045279077,-174.79598457737043,1.5047756172256688
210_Narrow,2566215000.0,1.022846701615218,0.0013507247597976614,-153.3158148654,0.06385755256022244,0.00306342125999992,0.00010110699055790398,-174.33635442626323,1.2480098266959918
210_Narrow,2566217500.0,1.0193770058148806,0.0008974813140718179,-152.72758443240514,0.06933685824491498,0.0031107143216903875,7.383738776408494e-05,-174.4013057000635,2.7878202497251188
210_Narrow,2566220000.0,1.0278490481231422,0.0012474721749997197,-152.96886142185886,0.08437963567296623,0.0031723461602238823,0.00012953793125242269,-174.25940504966434,1.5992454717245608
210_Narrow,2566222500.0,1.0208899267467764,0.001237776563970691,-152.9467659048486,0.05365406683571472,0.0031100759965557332,0.00010050761186453943,-173.0797042223119,1.649735212259965
210_Narrow,2566225000.0,1.0293369282857499,0.0010042028506942057,-153.25150604781183,0.05984402375068614,0.0030878096660266765,8.769403636304061e-05,-175.12472072525773,2.3980282926792746
210_Narrow,2566227500.0,1.021031446932368,0.0013909176395763049,-153.1468623482976,0.04842912575175334,0.0031790438068294573,7.940688715920254e-05,-173.1577202190816,1.5951059870869964
210_Narrow,2566230000.0,1.0268974634349926,0.0009688281275849854,-153.69060147928963,0.06280456598175971,0.003164050093056314,8.30390174560706e-05,-173.96699441719966,2.1038876069040904
210_Narrow,2566232500.0,1.0335551579386058,0.0007032671618480547,-152.84233927864037,0.06512116651742764,0.003158533670556011,9.577621433226259e-05,-173.92381673481967,1.738932815764177
210_Narrow,2566235000.0,1.0305886808701796,0.001347700179771196,-153.16860707756393,0.058324993875591646,0.0030949860583857763,8.244721834132109e-05,-174.45090771683144,1.8123300251930357
210_Narrow,2566237500.0,1.0338460512968226,0.0010889944119726912,-153.1869292362864,0.050545424294767285,0.003130251363843817,0.0001301499942973475,-174.3420443755311,2.1821038862770976
210_Narrow,2566240000.0,1.0240869857507904,0.0020573452575505715,-153.16899333237473,0.08766661690130761,0.0031244788923729984,9.755787340028935e-05,-174.42901646817936,1.7220047558757152
210_Narrow,2566242500.0,1.0338290396175727,0.0015374020421803972,-153.31138275756282,0.04793809705585351,0.0031595847051614848,9.485202507689655e-05,-174.4344036378267,2.2842093748859655
210_Narrow,2566245000.0,1.0308778063471427,0.0017065654258875827,-153.08099546106223,0.07602644340340463,0.0031248315348416183,9.579383580832828e-05,-174.34499107613576,1.1283951347347156
210_Narrow,2566247500.0,1.0289832093031173,0.0015561167966410758,-152.60476828663457,0.04600384444064532,0.0031194473861637637,7.392951682575505e-05,-173.317589836397,1.9171219036282674
210_Narrow,2566250000.0,1.032311385817656,0.0010764104953815577,-153.2321828538828,0.08111719363970517,0.003175916985243789,0.00014328898415887125,-174.58814198145197,1.7895818537141148
210_Narrow,2566252500.0,1.0350827652479584,0.0010551140877829283,-152.82023963349286,0.07941205075009586,0.003225858520556829,9.15496407596012e-05,-174.82492029801224,2.135261347100117
210_Narrow,2566255000.0,1.0307870934861016,0.0014771484918043982,-153.40067767834933,0.03478249218530542,0.00313208059525399,0.00011591312587821607,-173.62074077883634,1.299200271471128
210_Narrow,2566257500.0,1.0232278017430996,0.0011280002250840563,-152.88181234837435,0.07816178214546961,0.00314409375487035,0.00010499640775518974,-173.9691115642259,1.6959564916113539
210_Narrow,2566260000.0,1.0218317219841817,0.000879201784255976,-152.90646100857123,0.05738611255706558,0.003146419898882908,7.887202773220493e-05,-173.7377556082804,2.2151084333938353
210_Narrow,2566262500.0,1.027573743467364,0.001043893267631994,-153.09198276837176,0.07262440173235196,0.00315975608326045,6.657955877145389e-05,-174.24094170150943,2.238931753630885
210_Narrow,2566265000.0,1.0380394706617044,0.000753117211890117,-153.47892114698436,0.06713026981098773,0.0031588948722403973,7.569177614971647e-05,-173.99101562201878,1.2930394275047372
210_Narrow,2566267500.0,1.0216879313499971,0.0011387607375905248,-153.48055003618785,0.0671776560237479,0.0030985847521657205,9.050594186764715e-05,-174.57726641478015,1.8733381417176538
210_Narrow,2566270000.0,1.0250543084369192,0.0010951224860699957,-152.8432894877599,0.06761548750906114,0.0031367565910771413,0.00013927899192934466,-173.63592574926906,1.5840418545357045
210_Narrow,2566272500.0,1.0229303736361257,0.001314850450706434,-153.07290173848847,0.06230080121740583,0.003164917189273576,0.00011182392971742554,-173.76966898041266,1.8545512324540487
210_Narrow,2566275000.0,1.026450952958745,0.0015149869543990455,-153.54416421448963,0.07331330082572392,0.003176734846900903,9.467650012970063e-05,-174.65532429355994,1.6298664722971004
210_Narrow,2566277500.0,1.0270953186715053,0.0013188220533927356,-153.26162133891003,0.06729260162119624,0.0031461781070425974,0.00012295054345210722,-174.51357641907188,1.1488567607501423
210_Narrow,2566280000.0,1.0203318660232115,0.0009008891568669383,-152.68638084984858,0.0632137035815185,0.0031313520897986277,9.447567512245427e-05,-173.73032545975684,1.8318404985310275
210_Narrow,2566282500.0,1.0257893247980212,0.0012751694832219417,-153.08141532621255,0.06013421308567439,0.0031389444661310078,7.586060930244167e-05,-174.94869210100575,1.8359440776810405
210_Narrow,2566285000.0,1.037002910782104,0.0014784470659279527,-153.13279391869645,0.08207191427874908,0.003133809644063591,8.13161712133964e-05,-174.55541596801837,2.483422720075978
210_Narrow,2566287500.0,1.0257631534461575,0.0009303950048901789,-153.63178061539958,0.07045583963990906,0.0031095289840401973,6.725848963702496e-05,-174.76653514470874,1.1916033162477044
210_Narrow,2566290000.0,1.0241973684541663,0.000779084158770678,-153.5743934133131,0.06487482632770833,0.003136874194091663,8.641676536453464e-05,-174.76810804203632,1.497617852902068
210_Narrow,2566292500.0,1.0256229514358715,0.0012415096335600978,-153.07366844857688,0.05504794412724132,0.0031778177580598236,0.000100283154196153,-174.1973908367785,1.4740512692338057
210_Narrow,2566295000.0,1.0255888657495478,0.0019590400786432976,-153.3460671730595,0.06927794987337407,0.0031325269127495665,8.875268834550568e-05,-173.5531526096775,1.783197272168982
210_Narrow,2566297500.0,1.0295489501146382,0.0015932273424773282,-153.27169318098274,0.06632095724167082,0.003139887819621744,7.707012292609833e-05,-174.16747532348438,2.0909657755835
210_Narrow,2566300000.0,1.0184099966231757,0.0009268976790963638,-153.57519441485866,0.07102815788212909,0.003199629565797325,6.895835898987357e-05,-173.8233479428164,1.8830345773405346
210_Narrow,2566302500.0,1.043517045512366,0.0015204313864422246,-153.12780973154605,0.036480023627861936,0.0031826663835958003,9.978978465347078e-05,-174.7081731211288,1.4233743196092243
210_Narrow,2566305000.0,1.0227144211384525,0.0010241204469777032,-152.87641805769567,0.06348422379086331,0.0030924030794968315,0.00012404368652939462,-174.78045398390597,1.3607448664028277
210_Narrow,2566307500.0,1.0186186575593363,0.0008667270576934346,-152.56126840528407,0.05018031739546854,0.003122001787065925,7.403885627385557e-05,-173.25476863274503,1.7338756355738398
210_Narrow,2566310000.0,1.0314086051532372,0.0014003164327211905,-153.31644175441184,0.07755004509360856,0.003215053195839974,8.67435052480639e-05,-174.95438310904788,0.8595632587113787
210_Narrow,2566312500.0,1.03154975763004,0.0009999474286504528,-153.41939615516614,0.052591807639943,0.0031461752713367727,0.0001163528350568576,-175.1655066278533,1.4301736273286625
210_Narrow,2566315000.0,1.0235212471868655,0.0009368165073177494,-153.23334769389248,0.09550438862248685,0.0030880801425564944,7.404947006284957e-05,-139.4738367629437,112.14000811265142
210_Narrow,2566317500.0,1.0384064634288992,0.001275990110898627,-153.4195594049973,0.08258600528711149,0.003157991329210158,8.211056906005195e-05,-173.8683244558419,1.8475426995452862
210_Narrow,2566320000.0,1.0324172501658349,0.0007485855189140983,-153.02128748770383,0.04617426031196194,0.003170316359111199,9.094373127618589e-05,-174.06170788502843,1.7378769556932634
210_Narrow,2566322500.0,1.0376325588054118,0.0015619587939946981,-153.58724580181988,0.04759848502794275,0.0031824098675675783,7.98858864770159e-05,-174.3372717282423,1.574461599718361
210_Narrow,2566325000.0,1.0162021082398416,0.001312443321986991,-153.31827278841297,0.06400898029749431,0.003076761391387502,9.145756291100706e-05,-174.39068737374444,1.315922152257635
210_Narrow,2566327500.0,1.0225681435807148,0.0012032138070585362,-152.67920094928218,0.10450092489293225,0.003193775653859691,8.772728267566893e-05,-174.16481589537875,2.163211329515699
210_Narrow,2566330000.0,1.0331687959442002,0.0009301403231051802,-152.85500524093882,0.07868432721367095,0.003186904215894954,9.364773849315799e-05,-173.3858969353462,1.3231772867369012
210_Narrow,2566332500.0,1.0374876416460594,0.0015218334114616221,-153.11484458639674,0.09034754699316123,0.003171005816045961,9.945474275934548e-05,-174.3877788652304,1.8726273830126872
210_Narrow,2566335000.0,1.0357770951837144,0.0012970284184099323,-153.371857816387,0.10533759512701128,0.0031879482131742694,0.00010559686820065636,-175.09477015044692,1.329264634297785
210_Narrow,2566337500.0,1.0291436660361153,0.0010754567464631686,-153.20022592996042,0.044805142462709995,0.003152310108465705,5.827071108084384e-05,-174.7179159933145,1.8920049321259231
210_Narrow,2566340000.0,1.0322365598545238,0.0014868611101106878,-153.67562843126524,0.08843111659254903,0.003230703919763487,0.00010285866703618427,-174.53096163051572,2.107907528138022
210_Narrow,2566342500.0,1.0285842079014038,0.0008340004487481339,-153.3912604427036,0.047329054863457926,0.0032115171345026656,0.00012360145989746387,-174.65522443737748,1.7752810067861036
210_Narrow,2566345000.0,1.026426389021128,0.0011885757138108102,-153.21702637951506,0.04596478842826121,0.003169985454329807,8.596793211561128e-05,-174.3971332618722,1.6064468251486808
210_Narrow,2566347500.0,1.029448320499093,0.0012024778853347354,-153.3259709244661,0.05802580224735724,0.0031514316156478397,9.111439453813266e-05,-174.92321552159598,1.1336037659062856
210_Narrow,2566350000.0,1.0309634812398674,0.0013682609130431316,-152.76273339140684,0.06104576874273534,0.0031849640808235013,6.350426430484733e-05,-174.18090882342395,1.8132926152192308
210_Narrow,2566352500.0,1.0315099544845576,0.0010310959862734916,-153.07195069864912,0.06337254533075518,0.003194119081649252,0.0001190441312232383,-174.65324005426626,2.0771152188989133
210_Narrow,2566355000.0,1.034136067923639,0.0010779456411895726,-153.37129398671883,0.05414233665008133,0.0032145387652920115,0.00011696643623682198,-174.63838746903656,1.2610689927090382
210_Narrow,2566357500.0,1.0391819987484403,0.0014941020809543198,-153.05483347545953,0.04950751602767162,0.0032545732086073985,0.00011424327905717287,-174.54980283802905,0.8815888656712136
210_Narrow,2566360000.0,1.030227924416109,0.0013353651807609895,-152.7854866290513,0.06691121854297842,0.0031745798817090654,0.0001201900812226894,-174.67780101308313,1.0154817144867208
210_Narrow,2566362500.0,1.0320878695476836,0.0014825896093000439,-153.09104927135948,0.0633260045897622,0.0032185364908434615,9.203653828283164e-05,-173.5161903215906,1.6535295235648018
210_Narrow,2566365000.0,1.0276140504249567,0.0009523386897241518,-153.48133421147764,0.07801235354999611,0.0031795572212938573,9.569479145253396e-05,-175.67431710498278,1.6301612593875288
210_Narrow,2566367500.0,1.0286098161702366,0.0011531925948812653,-153.8674976477618,0.0657137334174841,0.0031647861057492377,0.0001047053772675479,-175.40841203272146,1.558735221936848
210_Narrow,2566370000.0,1.027845891555903,0.001091690606207211,-153.3883220972513,0.04989829344904912,0.003139611396520889,0.00011628303741410279,-174.54108000071412,1.7034449393590823
210_Narrow,2566372500.0,1.0255533513168906,0.0011289512013286968,-152.89787440731618,0.06726349189390893,0.0032096063276644913,6.640352508642811e-05,-174.52656027520496,1.4037978582479735
210_Narrow,2566375000.0,1.025289408508628,0.0013833003633426635,-153.46455188230823,0.06459295124724626,0.003137885398775371,0.00012670098617058705,-174.09313686975628,1.4929201829767
210_Narrow,2566377500.0,1.0183317458735393,0.001613354977887711,-153.43940815996447,0.09606033025765369,0.003177638289402798,6.77640687036233e-05,-174.36593831521506,1.154762349075832
210_Narrow,2566380000.0,1.023461399526484,0.0013067058343773869,-153.26919029064842,0.07950576809341552,0.0031345761846957422,7.866765871902976e-05,-174.7310898088112,2.3090490018756373
210_Narrow,2566382500.0,1.033350854007081,0.001154316094653358,-153.14862572640934,0.07858535118334178,0.0031966758450189814,0.00013882787831082712,-174.70455145446078,0.8778628474889099
210_Narrow,2566385000.0,1.0159558403478868,0.0016033129573087457,-153.03826120686807,0.055862134951139626,0.003208219634068455,9.545533065068457e-05,-174.9840372849806,2.0891249308556503
210_Narrow,2566387500.0,1.022872606590514,0.0015248087572826096,-153.05159460289252,0.0747213990070195,0.003180110692535395,8.337241134354642e-05,-174.33334337463953,1.0909231086789772
210_Narrow,2566390000.0,1.0297793711949974,0.001166419138924792,-153.41079824045602,0.07117871095705253,0.0031869784469451116,0.0001230267604619412,-174.39637276995217,1.2281538722697725
210_Narrow,2566392500.0,1.0241611388815077,0.0011364942427215842,-153.34570654285588,0.06722091392404035,0.003216215751781144,5.0569125877774875e-05,-174.50817114621407,1.743943594287259
210_Narrow,2566395000.0,1.0252513925436884,0.0009538847438752541,-153.5309952281316,0.08829866663078835,0.003197164084906437,9.80099630245332e-05,-174.69393702411497,2.0375191296326323
210_Narrow,2566397500.0,1.0343397165115178,0.0009953672553926038,-153.39471835401596,0.06025146904613595,0.003252295215733778,7.31076808268252e-05,-175.39699967134902,2.0212546485415857
210_Narrow,2566400000.0,1.0191571092809872,0.0009251587605792387,-153.67800395396497,0.09156075801418069,0.003156696265664045,9.061295203549874e-05,-175.43234055774343,1.3330704239908366
210_Narrow,2566402500.0,1.0358987305914322,0.00146881310490483,-153.88019577265163,0.050624899355520225,0.0031703033846596316,8.884744616337815e-05,-174.38910351372178,1.5929118587637814
210_Narrow,2566405000.0,1.024376941887767,0.0012463220794458698,-153.2320620950032,0.05638559865892638,0.0031795827265219925,8.210075782101887e-05,-174.90679919133834,1.6943030507901389
210_Narrow,2566407500.0,1.0338030660636477,0.0011796602956196847,-153.48662347185262,0.07486028109185953,0.0031807991735710657,0.00011883876710834764,-175.47164595616368,1.850955389493385
210_Narrow,2566410000.0,1.033240179057493,0.0009037354736067142,-153.0263889768309,0.0810495870105652,0.0032334951081109536,9.072893253421764e-05,-174.747236478599,1.7476110176375383
210_Narrow,2566412500.0,1.02724436345941,0.0012883809558577664,-153.73999892183224,0.0706208538419113,0.003178968533407962,0.00010524611302645866,-174.68002653572933,1.6606493964471674
210_Narrow,2566415000.0,1.028011880067264,0.0015352337050378775,-153.30160213456816,0.07077533483852484,0.0031763768693264236,7.731701189044106e-05,-175.45235212100044,1.5723879663857239
210_Narrow,2566417500.0,1.0289726511357549,0.001623391240607316,-153.45590228788205,0.0612229668174947,0.003216907792639427,6.674602151576894e-05,-173.77977773602976,1.5778091371868233
210_Narrow,2566420000.0,1.0239068568260994,0.0010022001895240709,-154.0262383693733,0.06822130910138614,0.0032010913803238233,5.791183753433006e-05,-174.52789981020504,1.84368162962211
210_Narrow,2566422500.0,1.030702097266944,0.0015222585301543706,-153.2808698167062,0.05388722175445062,0.0032180491768449243,5.378856815355659e-05,-174.84844304310175,1.580498925632913
210_Narrow,2566425000.0,1.022894144515827,0.0006494824610493137,-153.80559426758302,0.10145868729019253,0.003136778156833263,9.016973754258111e-05,-175.1459408527226,1.7803772552468506
210_Narrow,2566427500.0,1.0294931128708147,0.00048226315401258456,-153.29894245215763,0.0661562752756193,0.0032241032955496827,9.606055069170404e-05,-175.67432081295323,2.158715421068405
210_Narrow,2566430000.0,1.0260142175354172,0.0008133464264754285,-153.918377773474,0.06109632543088409,0.003149777262693429,0.00010004619622987923,-175.18085866952663,1.3192832004169395
210_Narrow,2566432500.0,1.0410160449019406,0.001052466481807174,-153.83585526131554,0.04416630599446438,0.0032031380502556706,8.28941305747909e-05,-175.85709773950373,1.3572533308663277
210_Narrow,2566435000.0,1.0260019156229885,0.0009315912892183688,-153.47416640767858,0.057410786847745345,0.00316737150760171,8.919489046513492e-05,-175.10388151273165,1.4239497406932629
210_Narrow,2566437500.0,1.0358938684751495,0.0010216082161287213,-153.5414189302463,0.07413877013783232,0.003167832183981409,9.70405642962669e-05,-174.85670431323885,1.050493699486985
210_Narrow,2566440000.0,1.0368362503516018,0.0012245063097719657,-153.44814530006144,0.06783567396113663,0.003235628367249754,0.00011157156966944902,-139.1196355610005,112.11059261135195
210_Narrow,2566442500.0,1.0382808822167788,0.0010898081968420121,-153.24201131735623,0.04839631290914812,0.0031917552008000455,0.00011777094936605256,-175.61145737804088,1.254235791173906
210_Narrow,2566445000.0,1.0282495541917251,0.0012877481221982203,-153.7592150774262,0.05703168433447064,0.003220962792775364,8.989435282728509e-05,-175.205526469853,1.3362201801128613
210_Narrow,2566447500.0,1.017305892120342,0.001572173903866935,-153.70281690303938,0.05281416328752679,0.0031939364320794895,9.849341145156734e-05,-174.26503268691357,1.9904234948680788
210_Narrow,2566450000.0,1.0288134705945464,0.0012798057893305657,-153.7122179749125,0.05072899076448185,0.0032057018252117948,0.00011815143621142217,-175.43043620523596,2.051146164500125
210_Narrow,2566452500.0,1.0299005598209843,0.0015571312097378198,-153.13895891293976,0.058444884251907005,0.0031754648990712326,7.457699358917552e-05,-174.2308601934017,1.6634233472939959
210_Narrow,2566455000.0,1.0220445614450218,0.0013368804628395136,-153.8293074678282,0.1044300606706772,0.0032069426018511323,7.749525650135632e-05,-175.00586693273655,1.4439098506429906
210_Narrow,2566457500.0,1.0340083882430995,0.0010533954147363411,-153.79596990053463,0.04267645206010666,0.003212102628810955,0.00013043728343866757,-176.1072782604297,1.720072031438185
210_Narrow,2566460000.0,1.0311059038044768,0.0018386663324583264,-153.0500593787691,0.06419491160843704,0.0032298994398009652,0.00011258094902188077,-175.02218816247012,1.847702496166766
210_Narrow,2566462500.0,1.0348594684315944,0.0013185875523030746,-153.0278902769438,0.04637969614258662,0.003223925735250577,8.05315988164052e-05,-175.50096345444308,1.728989946276354
210_Narrow,2566465000.0,1.023069979987401,0.0007267261601614271,-153.07361025483948,0.07877819168352725,0.003252448734324225,6.335141038261854e-05,-175.17782944719139,0.7598185166966731
210_Narrow,2566467500.0,1.0251087407692634,0.0012367903142189026,-153.17235084557518,0.05870363445345648,0.00324683991800297,8.765486638579905e-05,-174.81827277197593,2.024467291360802
210_Narrow,2566470000.0,1.0274236463056547,0.0013151662177768395,-153.78167901606898,0.06164883340699883,0.0030887456725152466,0.00011352698916203239,-175.18719462335957,0.881449546197976
210_Narrow,2566472500.0,1.0261257435547235,0.0015042197411463513,-153.49868598203255,0.06326631531746901,0.003257505766075586,7.107120738757083e-05,-175.09564491457982,1.2417861802291086
210_Narrow,2566475000.0,1.030913044258162,0.0010081135440805236,-153.60432882500498,0.06899154791443768,0.0032448660813764,7.983561936790202e-05,-175.39652615022487,2.2507285767650287
210_Narrow,2566477500.0,1.0273666111933073,0.0015196976813236602,-153.7720850334546,0.06411021151543493,0.0032889165430754616,0.00015296590557633844,-139.65721942590034,111.84802369008308
210_Narrow,2566480000.0,1.0306336223918464,0.0008888160347999475,-153.91895383603222,0.05867434515341845,0.0032091789261921213,8.161480910505801e-05,-175.59320507628712,1.539909980219165
210_Narrow,2566482500.0,1.0200541097491582,0.0008094766537606455,-153.35304956031635,0.09253379538542723,0.003147408353594558,6.063536735264657e-05,-175.46487351637455,1.9091287108781232
210_Narrow,2566485000.0,1.0224613476601396,0.0009256190978889102,-153.6980102853053,0.07746540071857526,0.0031980948874722097,6.927506169698548e-05,-175.4067245196314,1.9581055933926867
210_Narrow,2566487500.0,1.019958545330194,0.0009367154156214726,-153.8095494310295,0.0647444588741022,0.003209139686434401,7.362724097065018e-05,-175.0560692732991,1.883726000959106
210_Narrow,2566490000.0,1.026416673750409,0.000729054245880141,-153.57534375568144,0.06568153636335827,0.003168416779443175,0.0001202947336912326,-174.06774756663782,1.7743461477055829
210_Narrow,2566492500.0,1.021997293082146,0.0011797015112261276,-153.72327020177357,0.07608015169679631,0.003155216175455877,0.00014222775549807142,-175.05467375842304,1.0572207714638995
210_Narrow,2566495000.0,1.0394576504472715,0.0015131227972808318,-153.70770485433485,0.0687352967183887,0.0032226200006407117,0.00010491475822758707,-174.7017925663648,2.4576308351961647
210_Narrow,2566497500.0,1.0339226329126918,0.0011169464422432906,-153.72406283064117,0.08793961360632296,0.0032785705580817208,0.00011953308564436552,-174.98494252913997,1.5474448789196102
210_Narrow,2566500000.0,1.027186181466342,0.0009435618215073383,-153.3223164324413,0.07872020336482068,0.0032894914080708612,8.281044019156336e-05,-174.40768726111085,1.72593321691031
210_Narrow,2566502500.0,1.0368890440155698,0.0008982109109896128,-152.99727610926755,0.07250995793352831,0.003235719394114377,7.710054615595078e-05,-174.87964205404182,2.1496217824280595
210_Narrow,2566505000.0,1.0285076990256308,0.001095157136408284,-153.9201617294172,0.058905266115380384,0.003270423477039691,6.372829919201849e-05,-176.20580952649922,1.5729814428398783
210_Narrow,2566507500.0,1.0291249184844904,0.0013419448845274878,-153.24539419865027,0.06395722587304699,0.003303848483027882,0.0001368340703041408,-175.82173041415209,1.8503033442156005
210_Narrow,2566510000.0,1.0290811718132291,0.0009746484828475945,-153.84527297585007,0.05270143813611922,0.0032155067621581607,9.844272737221681e-05,-176.31608818890936,2.573910181888554
210_Narrow,2566512500.0,1.019756628378086,0.0011754043196654281,-153.42353688625553,0.08629110228096468,0.0032329793530988826,6.872906313110359e-05,-174.01880428940763,1.6500852786086102
210_Narrow,2566515000.0,1.0287903649724919,0.0009880750173865871,-153.32346307459514,0.0956993393450643,0.0032755733322434384,9.336146662279016e-05,-174.74189846984856,1.9509799860583945
210_Narrow,2566517500.0,1.0395522643964663,0.0008177712355589065,-153.8417821719826,0.05388432964779122,0.003284262858424187,6.55922905867133e-05,-175.28015030785267,1.3560768298303196
210_Narrow,2566520000.0,1.0241905913138525,0.001040227199799375,-153.70050371636304,0.06019258412627354,0.0032553609842168726,0.00011644008089373396,-175.69251010770913,1.8081703917878371
210_Narrow,2566522500.0,1.0310114501479741,0.0006390382324510746,-153.4259711946254,0.06768030177311449,0.0032862262008544916,7.759446482389749e-05,-175.09603863300154,2.124633091547967
210_Narrow,2566525000.0,1.0222622874785063,0.0015886739872561322,-153.43158693025705,0.06365874530296455,0.0032139983912899957,6.960559676307846e-05,-175.30267418382184,1.3811483653013688
210_Narrow,2566527500.0,1.0327946903536693,0.000677428890858114,-153.7479647716683,0.039421402845708726,0.003241598981840012,7.676146609188002e-05,-175.5295265618502,1.8639726840135171
210_Narrow,2566530000.0,1.0363587123593903,0.0013069652859718334,-153.39185711412358,0.06272953396082115,0.003275546303252776,0.00013028855846155898,-174.07851249839007,1.6075244439782215
210_Narrow,2566532500.0,1.027297179108916,0.0013497736879903527,-153.36287675609572,0.06782508827715483,0.0032069544263554016,0.00011213405088362484,-175.1027210216295,1.6934635300430418
210_Narrow,2566535000.0,1.0313665716700915,0.0011597218410299426,-153.73653469599495,0.04060048497873502,0.003242151340096566,0.00012493762587354463,-175.65197724013976,1.528408323939045
210_Narrow,2566537500.0,1.0254907195705738,0.0006770340709123186,-153.5633200370237,0.05676518036503336,0.003285168749696266,6.751368326297954e-05,-175.23047429857377,2.0119525382925696
210_Narrow,2566540000.0,1.0294820241434248,0.0016457263630936378,-153.6656524184105,0.06725349874499571,0.003297969240729552,8.527644217286603e-05,-175.57253234097087,1.6775683012481422
210_Narrow,2566542500.0,1.024415184707297,0.0008248455701301955,-153.77858639123843,0.05473265721638134,0.003253963370929953,9.410350401556922e-05,-175.81036200932076,1.2040150184212388
210_Narrow,2566545000.0,1.0317272356553804,0.0011562912817043745,-153.89521396933347,0.10523047684527516,0.003262400219858427,0.00010974199958308542,-175.86608465980305,1.9332240781428705
210_Narrow,2566547500.0,1.0444115535007477,0.0011826318715781492,-153.29606539650243,0.05874006926431754,0.0033300816447325277,8.259546499771997e-05,-175.53243457249764,1.730433550012378
210_Narrow,2566550000.0,1.027066214527465,0.0016416782483907378,-153.659313550128,0.0712142730365646,0.0032382909611054834,8.838590628048046e-05,-175.24573805804127,0.9954915552007296
210_Narrow,2566552500.0,1.0321124780760054,0.00105280939927275,-154.02213446780092,0.084663016175021,0.0031787791035373424,9.355573852522483e-05,-175.19030838587358,1.941324132484105
210_Narrow,2566555000.0,1.0293570885862564,0.0017553219618946898,-153.66447669553432,0.08226577816344685,0.0032778215633115764,9.627196619343285e-05,-175.03840829261688,1.632098768614754
210_Narrow,2566557500.0,1.030534858863548,0.0011387786724675849,-154.12700058883178,0.07853257241810074,0.003247820197890202,6.398805654940212e-05,-140.5299954457087,112.58079184694816
210_Narrow,2566560000.0,1.0215558797514208,0.0011335526002758081,-154.01197955914023,0.08450020226387041,0.0032127167518139614,5.821104943955168e-05,-175.1190366896945,1.8219591239629145
210_Narrow,2566562500.0,1.0176110371843328,0.0012882073305339587,-153.90552396928788,0.08424444812055648,0.0032717716792636776,6.332637942038172e-05,-176.26580226235868,1.029239391449389
210_Narrow,2566565000.0,1.0258729028197253,0.001583015817888674,-153.6773254000353,0.08086367487230275,0.0032254438097168193,0.00010275207697754102,-175.96972629395555,1.603611616071289
210_Narrow,2566567500.0,1.0351855329897037,0.001294499149163354,-154.2879349319519,0.05639524823454939,0.00329362139154333,7.148480708580168e-05,-174.80110742393916,2.185396378599976
210_Narrow,2566570000.0,1.0315208950766703,0.0010438914074404348,-153.82634509621877,0.04722344617424468,0.003224729977650759,0.00013630590885349133,-139.33030654246357,111.88486118592103
210_Narrow,2566572500.0,1.0197732859679904,0.0014571019314887218,-153.58540086581328,0.0927715423341006,0.003251024397952605,8.23669742235157e-05,-175.338174079338,2.439947134110423
210_Narrow,2566575000.0,1.026226238187898,0.0010981586015010082,-153.77107701048473,0.07011194502542918,0.00326918426471294,0.00012363424489791278,-175.54685640742056,1.3646044583307946
210_Narrow,2566577500.0,1.0265723424177007,0.001133842388409336,-153.72561905172597,0.047334523776746976,0.0032219836808215258,0.00013647111621771486,-174.7771636366838,1.5844932414917297
210_Narrow,2566580000.0,1.0304469204504443,0.0010173298660600342,-153.6381214537692,0.06021532829812456,0.0032788919162344845,5.510851765862108e-05,-139.81448649200988,112.27877706618536
210_Narrow,2566582500.0,1.0356317986919608,0.0015364719251248187,-153.73003184048846,0.06856959081553445,0.003264301787424943,7.826154273419536e-05,-175.92025051529947,1.2633678804286594
210_Narrow,2566585000.0,1.0230912213666365,0.0010683991001045692,-153.22019856253903,0.07240958740956434,0.00328101349993849,7.261682524965287e-05,-175.26790937981386,1.8785584014419114
210_Narrow,2566587500.0,1.0329714250460953,0.0012772705060062383,-154.22965332343796,0.06350313284873975,0.0032755984474995324,9.383877463007351e-05,-175.82013934480338,1.4667993307853906
210_Narrow,2566590000.0,1.0387889214359234,0.0013749644904863896,-153.60053933243415,0.050808933431972805,0.003278656833337682,8.838195805212939e-05,-175.80303739748405,0.9318465545855809
210_Narrow,2566592500.0,1.0323755184675147,0.001136663988689879,-153.65848478200917,0.0650086193248942,0.003308597318603393,7.52927139051982e-05,-175.92910124774835,1.2420665569740617
210_Narrow,2566595000.0,1.029192863237597,0.0013329764797715084,-154.30803192406555,0.08502916689020243,0.003282931889040713,7.264174853523245e-05,-175.92797132307822,0.9346018314952955
210_Narrow,2566597500.0,1.0319839693998953,0.0013126225996013656,-154.0387039315012,0.08029616737336809,0.0033262394561949207,9.49880203204393e-05,-175.99142544470192,1.5765218300609405
210_Narrow,2566600000.0,1.0354317950216259,0.001056634590186273,-154.3641098630833,0.07833166760810835,0.0032825774972820554,7.838781040395688e-05,-175.79650093758275,1.2572423792654701
210_Narrow,2566602500.0,1.0346348568772719,0.0013679395392255543,-153.94077359894186,0.07702181037878832,0.003307124638554586,7.66121301550941e-05,-175.57664101732558,1.4566909652763866
210_Narrow,2566605000.0,1.040009189487292,0.0015577880679311703,-153.75951133928658,0.07461461689219001,0.0032846772027956307,3.531819193070912e-05,-175.76461808504408,1.720294741397163
210_Narrow,2566607500.0,1.030200920697379,0.0012083736334757358,-153.82451239109935,0.07442410661283134,0.0032290154607758246,0.0001321855333705037,-176.36259943758708,1.4224336810570957
210_Narrow,2566610000.0,1.0307361753775641,0.001487183932733556,-153.87553745584634,0.05826125885897725,0.0032642168243710717,8.360407772197315e-05,-176.1990620651021,1.7930022322193473
210_Narrow,2566612500.0,1.0356608716209172,0.0010391721724691291,-153.8959010265326,0.04949893431046988,0.0033279619848904326,0.00010684830721277793,-176.55224290240102,1.64039415937725
210_Narrow,2566615000.0,1.027793988428863,0.0012178866942557578,-153.8677513894408,0.06097460442104895,0.0032401915139888353,5.365726400311011e-05,-176.62629165811722,1.2958018294233584
210_Narrow,2566617500.0,1.0320145169712305,0.0012014464654767723,-153.77850554928392,0.06954346321172095,0.0033146011878977004,5.562743045303287e-05,-175.96669496223439,1.8517163803125372
210_Narrow,2566620000.0,1.026778515332142,0.0006301998894289599,-154.18641193222118,0.0730429596751864,0.0032830737077473456,8.001405646888321e-05,-175.45564028768533,1.6910189009201653
210_Narrow,2566622500.0,1.0230019027431556,0.0005522766958515285,-153.77954846154273,0.07020373988807244,0.0032572371252052664,5.493248870618533e-05,-176.09063999348467,1.7113318913215212
210_Narrow,2566625000.0,1.0317589859605354,0.0008541104909739665,-154.34073644770262,0.06421035421989886,0.003329216072386656,8.389471533326598e-05,-176.1592955871786,1.5284003608735637
210_Narrow,2566627500.0,1.037220074301063,0.0010746621729212987,-154.34199412436075,0.06898980139588438,0.0033013782352724914,0.00013207930455840747,-177.18889698443738,1.1028687016148324
210_Narrow,2566630000.0,1.029453932706021,0.0009641732844894127,-153.61835131422777,0.07767781397043752,0.0032602895443583258,0.00010649874903243972,-176.0769908418877,1.069718570204865
210_Narrow,2566632500.0,1.0269079500247802,0.0011126138350592888,-153.1336153504543,0.06594286039541644,0.003309493531675941,0.00011462023614980256,-174.91958406993382,1.288309288030339
210_Narrow,2566635000.0,1.0375510559943741,0.0006414305408762967,-153.80711052492765,0.04061548688934509,0.0033153759204667173,7.518024646746288e-05,-175.35512679440504,1.3420327587474024
210_Narrow,2566637500.0,1.042347619518552,0.0015628580935938715,-153.3615984087275,0.05893234416729239,0.0033718370208831922,0.00013272757119354794,-175.2931126672313,2.4883730306207923
210_Narrow,2566640000.0,1.0239639611512643,0.001340330080511294,-154.29471400049925,0.054680868742507244,0.003309913658276494,8.937701970043824e-05,-175.33695597131202,2.0566555021570294
210_Narrow,2566642500.0,1.0252227279495585,0.00119330021764613,-153.90773914195407,0.07143187562507997,0.003186050850580031,0.00013920143041807017,-175.9632231814823,1.7387054525326442
210_Narrow,2566645000.0,1.0322544961905944,0.0012050211894638015,-153.92733690581903,0.10412108741209598,0.0032909362606764058,8.410850588136287e-05,-140.8482071480884,112.39452641002303
210_Narrow,2566647500.0,1.0291743425159392,0.001108080023440386,-153.7099090086072,0.0747284250192505,0.003373080433527958,0.00011644592234368725,-175.65991910969112,2.0059715724627285
210_Narrow,2566650000.0,1.0231327744390406,0.0011996338463307872,-154.15168642500296,0.0617441947738474,0.003293575610309908,0.00011806395099079925,-176.96029596564537,1.9211158033201525
210_Narrow,2566652500.0,1.0361725514660918,0.0012084764785810361,-153.54676118389148,0.09523462927051259,0.0032951260810386057,0.00010445925758920722,-176.16273684127108,2.072282907184902
210_Narrow,2566655000.0,1.0285059213328158,0.0011980350005987813,-154.1536632844399,0.06891093866020126,0.0032925218322854585,9.913860678307025e-05,-176.09577333046136,2.2494191214538515
210_Narrow,2566657500.0,1.022486386336361,0.0009649254229636594,-153.97221917006956,0.08057605448848439,0.0032841532912322585,0.00010310250096520488,-176.0420979366101,1.8260221773065644
210_Narrow,2566660000.0,1.0282060843607284,0.0008824917013232923,-153.72724466963726,0.05671966193893932,0.003285960262788955,9.837953331078673e-05,-139.98417851688285,112.1981984578537
210_Narrow,2566662500.0,1.0235344383208445,0.000841612933231617,-154.1344795409303,0.09212479767493648,0.0033136507171728853,5.897066184069519e-05,-175.66789377878735,1.155159949181776
210_Narrow,2566665000.0,1.0303855934120498,0.0015037192015909624,-154.1347816725731,0.047696878061981154,0.003277510633457035,5.938765279521686e-05,-176.2845898708239,1.2702901148421386
210_Narrow,2566667500.0,1.0203451765227194,0.0020161732337933692,-154.02410131667565,0.04446932416103106,0.0033858016610859424,0.00012259292045922507,-176.1388811690557,0.8386850743406857
210_Narrow,2566670000.0,1.0313935012398536,0.0012526066666381785,-154.00720253050687,0.05227758150543221,0.0033220306358547726,7.781659849342046e-05,-140.80793236067683,112.65156595604917
210_Narrow,2566672500.0,1.0376140136808656,0.0011279002574437393,-154.14021850071023,0.10109714869555671,0.003304626779416868,0.00011045436698738923,-176.51890139864994,1.054651902259564
210_Narrow,2566675000.0,1.029107906217537,0.0011495164600276967,-154.26046367221932,0.06826441424863551,0.00334434904905517,8.632575517918874e-05,-176.53679976889057,1.6740797537410184
210_Narrow,2566677500.0,1.0216133490557362,0.001233034430914836,-153.98565580833545,0.0785165281994786,0.0033185801656855376,5.004882944541861e-05,-176.60002468134317,1.056499163081087
210_Narrow,2566680000.0,1.0361463061766318,0.00117960718784501,-154.16108587941153,0.07141023726319944,0.0033292896830185385,7.306544249462976e-05,-175.82926585681548,1.268088224865739
210_Narrow,2566682500.0,1.024118839647278,0.0011265171917837224,-154.2504635589671,0.053077314136999225,0.0033113804275864507,6.871047781708757e-05,-176.36040294211818,1.8750240019084683
210_Narrow,2566685000.0,1.026603539284758,0.0009191127039392322,-154.2465666485379,0.06842757131553091,0.003340695082457736,9.006200767838753e-05,-175.89252329748908,1.7394268745831971
210_Narrow,2566687500.0,1.040002773156591,0.0010742039489021402,-154.24698609370628,0.03839770640830636,0.0033122054412736248,0.00010274442520468169,-177.18211839994495,1.526908153079197
210_Narrow,2566690000.0,1.0338660314919075,0.0010106225426259835,-153.67678940029356,0.07888421657201167,0.0033690128501721174,0.00011858075206375501,-176.52064776948632,1.9635540686221378
210_Narrow,2566692500.0,1.0248007498089982,0.000874030496097959,-153.7359577793988,0.049156596184906164,0.0033044482944037386,8.60855196867153e-05,-140.64462710749194,112.55478764460814
210_Narrow,2566695000.0,1.0196180576924059,0.0012530210725575064,-153.7944529358043,0.06293450528100727,0.003293326674237212,8.015029942878432e-05,-176.73858988295976,1.3534934197663926
210_Narrow,2566697500.0,1.0321484339182112,0.0010686546304965,-153.5572303143132,0.1139169584585173,0.003375506660955393,8.690989993398949e-05,-176.1326167899171,1.2488618425491147
210_Narrow,2566700000.0,1.043049222490793,0.0008003559324793738,-153.71753718897207,0.07412043500374085,0.0033439616909113714,0.00011358481260884217,-176.2460947304431,1.3522403559801475
210_Narrow,2566702500.0,1.035447856596344,0.0011907510802579358,-153.76322049687013,0.037261649892805705,0.0033336995858041763,0.00012068997686446243,-175.61583732281014,1.9230449322860366
210_Narrow,2566705000.0,1.0306131402203882,0.0011004870277545248,-153.78606796320875,0.0751870277504332,0.003314175456655618,7.214266436003143e-05,-141.24122545112095,112.8765772778543
210_Narrow,2566707500.0,1.0282895836000312,0.0011871580183967611,-154.06443186920592,0.08204566344306194,0.0033073202084327406,0.00010036212117617707,-176.81045631708875,1.83087061048906
210_Narrow,2566710000.0,1.0281586497150026,0.00102855584791385,-153.93444261852065,0.052233442522127145,0.0033436005531578923,8.995445742113626e-05,-176.92156555650757,1.7196112228373241
210_Narrow,2566712500.0,1.0289202162407134,0.0009663169478133097,-154.49717851567044,0.09642416594947843,0.0032984652591745945,8.886376405952498e-05,-176.5297330392599,1.3903373779294042
210_Narrow,2566715000.0,1.0296152255515305,0.0011729608726352202,-154.57167718635836,0.06193158653330201,0.0033725729944897856,9.667972078986803e-05,-177.25016925332636,1.5038150586373797
210_Narrow,2566717500.0,1.0374756994625882,0.001688208410847117,-154.13776480985928,0.029854595413070294,0.003377227923054854,0.00012584387058557942,-139.71740790262552,111.99636136630876
210_Narrow,2566720000.0,1.0319458759273363,0.0011548555506788497,-154.4679704235472,0.03985659306711574,0.003358388632561361,9.886268266683803e-05,-176.66172393292587,1.2678157810880197
210_Narrow,2566722500.0,1.0264292053559947,0.0008480051955841986,-154.17269888201344,0.08750781458901986,0.0033107063765762854,0.00010148876365395653,-176.52716762662024,1.3018070865295464
210_Narrow,2566725000.0,1.0269332390054555,0.0015848488357344916,-154.08109467433783,0.06133362759638997,0.0033395995737736735,0.00012673754282855763,-176.98093835244347,1.6886905838857071
210_Narrow,2566727500.0,1.0299207531452084,0.0013589390240276542,-154.0860496979172,0.06247361180442595,0.003325509578590265,0.00012268254373319097,-175.45052995186438,1.107614302683603
210_Narrow,2566730000.0,1.0287900101753846,0.0013466020601882423,-153.76487121117862,0.05516910991916802,0.0033751335851216987,0.00011823011636992723,-175.95218033913415,2.06899787319994
210_Narrow,2566732500.0,1.0270523064234889,0.0005896754820433683,-154.35923273342198,0.07079291577610605,0.003330879615650421,7.733901587937855e-05,-176.62440647215792,1.9968970782533395
210_Narrow,2566735000.0,1.0317518444806626,0.0012962724935220095,-154.54949977810844,0.07517975289427796,0.00331893665906499,0.0001216468942059173,-177.4449944405033,1.4613660375210518
210_Narrow,2566737500.0,1.035990186610825,0.0008854498188144443,-154.3180754548963,0.06494198385266875,0.003391172450525308,9.559661153214163e-05,-175.780010823526,2.086073321220693
210_Narrow,2566740000.0,1.0206243248434514,0.0014687152924796687,-154.03112506587618,0.09347829473515565,0.003296786102934929,6.0949892956439736e-05,-176.46076222549243,1.8459653971832828
210_Narrow,2566742500.0,1.0282478329009048,0.000975023288595256,-154.1685805087854,0.07282195410569192,0.003402242121225824,7.120127230137547e-05,-175.8591350357402,1.561258584761799
210_Narrow,2566745000.0,1.030654290203908,0.0006527053542227461,-153.99272007930037,0.08347736287524014,0.003373909676641159,0.00011600174490815877,-176.40454795048262,1.8606360651635623
210_Narrow,2566747500.0,1.0301618772121972,0.0008185103353871837,-153.72663068142225,0.09826244612003718,0.003343629118208448,7.905294040125775e-05,-176.1313647044477,1.4425377197268707
210_Narrow,2566750000.0,1.0211483593581454,0.0016047123859876029,-154.05235932837206,0.05193427505235892,0.0033254725767011975,0.00011592976820324262,-176.51020387923157,1.7103562841955053
210_Narrow,2566752500.0,1.0310385265395643,0.001201496341197129,-153.74663159565046,0.09404617093044032,0.0034016185009055322,0.00013211208512450885,-176.0412670877489,1.3541565410496086
210_Narrow,2566755000.0,1.032309172326288,0.0014237962474820173,-154.09104460112502,0.07446014270662162,0.003443038240779188,0.00014524223631395648,-176.36370747346206,1.6943460141657545
210_Narrow,2566757500.0,1.0290513979022249,0.001039479732072123,-153.5352317313054,0.0801111602725853,0.0033416904018923727,8.630198029566945e-05,-176.23898237707033,1.5555695931291327
210_Narrow,2566760000.0,1.0318109452840338,0.0012335280010334706,-153.75685608315047,0.05367896430960579,0.0033708326428295017,9.174263186355339e-05,-176.5388610200393,1.381159253175163
210_Narrow,2566762500.0,1.027403554233221,0.0011128992661957012,-154.27443162397688,0.0714518058143805,0.0033709639022165903,8.43273540856669e-05,-104.77278642576098,149.9952636632729
210_Narrow,2566765000.0,1.0327676244313226,0.0011186228477623296,-154.42233082012535,0.0982992201013616,0.003333477834473008,0.00012031653902533644,-106.61684297879984,150.9011528386403
210_Narrow,2566767500.0,1.0400302396760512,0.0012405511203899924,-154.36283818668676,0.04621295707298489,0.003373906247372883,7.64668054288399e-05,-140.7040782644689,112.53158998983108
210_Narrow,2566770000.0,1.0342006745865706,0.0007327225560379027,-154.55203801683916,0.08789896778165614,0.0032715325203690414,0.00010259439978972606,-176.58032675655716,1.3014373323839896
210_Narrow,2566772500.0,1.0365398279123792,0.0009636584436998785,-154.176795495953,0.05548708393041385,0.003373161906203199,7.899883112331922e-05,-105.78174412743664,150.41499908463018
210_Narrow,2566775000.0,1.0326192376348413,0.0009136072768891639,-154.38639431258807,0.08217372730863721,0.003339970692870573,0.0001126132627046382,-177.7265295810203,1.263441454953451
210_Narrow,2566777500.0,1.0254480805761088,0.0011667573826723715,-154.45433103619303,0.05884047122314215,0.003363081269770974,8.323210685924908e-05,-177.689209338836,1.1753198325235488
210_Narrow,2566780000.0,1.0282627762817556,0.0009936343712923501,-154.62130636817434,0.050515775847448374,0.003359681334379891,0.00010201105681839267,-177.85205685876917,1.8871212039214664
210_Narrow,2566782500.0,1.0382208639482469,0.0011213466976991268,-154.3870410304532,0.08676288562604303,0.0033712445548265847,0.00010588258626834598,-177.08806605338464,1.0476418277811945
210_Narrow,2566785000.0,1.0324223576758653,0.0015425960885324553,-154.3252502043284,0.06305965553961726,0.0033569196651069707,0.00010807964081273062,-141.09511716795907,112.62432155384755
210_Narrow,2566787500.0,1.0391198882786,0.0011016865792427492,-153.98142086500505,0.051006949050973346,0.0033549144719722712,0.00012519512146842284,-176.06015317537617,1.290428395158318
210_Narrow,2566790000.0,1.033513313365699,0.001322910678158791,-154.4631259041641,0.05702979140964281,0.003404953348313805,8.507487214117274e-05,-176.67707484467135,1.848192144566631
210_Narrow,2566792500.0,1.027858041190416,0.0010828583097928883,-154.15444593938216,0.0492621829138878,0.0033616511123684186,9.868660719284754e-05,-141.44409494123423,112.73978582217907
210_Narrow,2566795000.0,1.0282109777033144,0.001918959470393007,-154.3711117503017,0.07915086473236621,0.003358135741565444,8.719704826194893e-05,-176.53715083277115,1.39539467677359
210_Narrow,2566797500.0,1.02494649538653,0.0007196310001586037,-154.2390845240449,0.08839185939549997,0.0033455430770161043,9.680763500757301e-05,-141.13485044428177,112.16680941623935
210_Narrow,2566800000.0,1.0311257182999682,0.0011725885134975815,-154.16136359141697,0.0763567487009619,0.003391260832143905,9.699611039865489e-05,-140.62348508382604,112.5410386058784
210_Narrow,2566802500.0,1.0275710223230488,0.0011915770051699756,-154.36945444704824,0.0742657900873782,0.003379998023646972,4.3325087743585424e-05,-176.7223688431638,2.0966794950768164
210_Narrow,2566805000.0,1.0283581994728057,0.0008683613453217749,-154.26077303245398,0.08672038880119334,0.0034408103347881346,6.529219607900995e-05,-176.67025100945327,1.7250527697967224
210_Narrow,2566807500.0,1.0332347977663199,0.001067512471295206,-154.21748199805407,0.07471425874976739,0.0033725924672675964,8.416684192061808e-05,-176.2230743003234,1.1048596076096686
210_Narrow,2566810000.0,1.0282067006791382,0.0011435622083310504,-154.1256766049049,0.054637070670322994,0.0033427177279278073,6.444657571745566e-05,-141.48750294281373,112.8723272676744
210_Narrow,2566812500.0,1.039315648540182,0.000712766607447432,-154.36988714026873,0.06840681950181766,0.0034252002733438027,9.882711551010895e-05,-141.46683920808795,112.71381562368924
210_Narrow,2566815000.0,1.034663473365585,0.0006185120563152347,-154.5736087361763,0.10613800175245597,0.0033663421781594672,0.00013102213700279367,-177.45981074338584,1.2719438938619596
210_Narrow,2566817500.0,1.039430922167546,0.0012868128775459797,-154.02585641228984,0.06845869126787565,0.003369450902836113,6.870405339412606e-05,-177.80151226921794,1.0323019655488714
210_Narrow,2566820000.0,1.0403787499529948,0.0009594180363034813,-154.46194423062417,0.07621897065077365,0.003429770554743912,9.049595829226022e-05,-141.6956151923441,112.8404745156474
210_Narrow,2566822500.0,1.026903346068623,0.0016139223127471874,-154.08916963239759,0.058199221924730635,0.0033574881362366505,0.00011116772729246666,-177.3563042723843,1.906173886015438
210_Narrow,2566825000.0,1.0321418140689533,0.0015251794143822928,-154.62365008081056,0.07218509237352376,0.003398805957837768,0.00010098344088265354,-141.67672551265898,112.43809602268041
210_Narrow,2566827500.0,1.0333555227599938,0.0012169731586206042,-154.54921890697085,0.062015953177970526,0.00340369490989687,9.097844689337382e-05,-141.43184891765748,112.5771025286702
210_Narrow,2566830000.0,1.0261984082960944,0.0011876699470896304,-154.33910908307155,0.08577189233976895,0.003428332507564096,6.449620352452547e-05,-177.3563865005567,1.2511881803034954
210_Narrow,2566832500.0,1.0331703085116404,0.0014462655465084034,-153.9776744418309,0.056756833980993016,0.003431923031484112,8.303185803166082e-05,-106.26324201787735,150.18860301619887
210_Narrow,2566835000.0,1.0283397348187973,0.0009349877813712285,-154.34028747111162,0.05201992309589815,0.003423455081445801,6.016138154354181e-05,-105.91618454824574,150.0294094882368
210_Narrow,2566837500.0,1.026774785879911,0.0015338526990257082,-154.55470531553436,0.060068394830086955,0.0034089786653143904,0.00012955852774469419,-141.3398381450535,112.88541661424647
210_Narrow,2566840000.0,1.0288474227728166,0.0007360986447003337,-154.58021737122345,0.0495185784942981,0.0033669496035335198,0.00010140358192985534,-141.77999274623932,112.98647573229249
210_Narrow,2566842500.0,1.0250975612057764,0.0010449534986020862,-154.88410744642516,0.07696783808520873,0.0033689255787160725,0.00010437093476310125,-142.33303045349695,112.58665794413535
210_Narrow,2566845000.0,1.0243486980652818,0.0009788856130410288,-154.29632946798526,0.09256966429015896,0.0034088758319168926,4.79723324791889e-05,-177.5057473593578,1.7377011047978188
210_Narrow,2566847500.0,1.0229603158272373,0.0016841204547273147,-154.39273744554995,0.08235337024569914,0.003365674004335448,8.939392303965463e-05,-141.85925828668329,112.96436005148392
210_Narrow,2566850000.0,1.0307740379773938,0.0011351073855496569,-154.14927300607667,0.07116084187854983,0.003417273277728295,7.413183203177568e-05,-177.6080988487995,1.6575235973723432
210_Narrow,2566852500.0,1.0382681781983314,0.0019301753416545847,-154.08348655413695,0.0735296680504759,0.0034063664277298156,9.002480029569494e-05,-141.23043263234305,112.768652397396
210_Narrow,2566855000.0,1.0301082980478915,0.0009614533178308479,-154.22200281610031,0.036346010997640794,0.003383161440696163,0.00012571411090827768,-177.17827988706907,1.404869679679673
210_Narrow,2566857500.0,1.0263919156375374,0.0009328176682815652,-154.10278677887055,0.048495642586543465,0.0033791193361017565,7.927332467076218e-05,-142.4218377631238,113.15684304308449
210_Narrow,2566860000.0,1.030347499899856,0.0014893220938685997,-154.16872809382855,0.062243650235481715,0.003444840541227365,7.262917599330362e-05,-175.73984014873267,1.4716097098041758
210_Narrow,2566862500.0,1.0250802322145038,0.0008578464172146152,-154.6406184239412,0.058318037500729954,0.0033636127251461777,7.98070800638141e-05,-177.33785524205447,1.540151707716627
210_Narrow,2566865000.0,1.0339443296919417,0.0015272081395568677,-154.5482521613705,0.07812367571089048,0.003397877938883097,8.003419038724435e-05,-141.7811718099815,112.47481007014177
210_Narrow,2566867500.0,1.0313128115058836,0.0014419081274845585,-154.02409799950482,0.07405997526347669,0.0034193586276640834,0.00010238367001726351,-176.8367763272592,1.186033797013071
210_Narrow,2566870000.0,1.0273575614954966,0.0009377369753206531,-154.5600756272253,0.11232623266629677,0.0034133045096002585,9.863278647462967e-05,-141.58311554369445,112.9740251977213
210_Narrow,2566872500.0,1.0286958431501017,0.0007303562509689074,-154.15864270961904,0.04647465561654065,0.003400455554854001,7.290608793666355e-05,-176.79085040419844,1.410538557911501
210_Narrow,2566875000.0,1.0300018809531244,0.0008378167012556451,-154.13076735849327,0.06621535984104383,0.003448813713674941,8.334437225083508e-05,-141.6709160719675,112.86559967006995
210_Narrow,2566877500.0,1.0319337414224725,0.001558612889238178,-154.71163434770878,0.06435578468778246,0.003404697208807881,0.00014129188585975774,-177.81646998981466,1.6852589835590994
210_Narrow,2566880000.0,1.0334303740830613,0.0006202199042175756,-154.90973001653762,0.059294827462520405,0.0033756239390085206,6.64875369124664e-05,-141.99828075133047,111.65435621661128
210_Narrow,2566882500.0,1.037127983404271,0.0011405955826087907,-153.87766600316672,0.06923049472508791,0.003475623754737351,0.00010824469436383946,-177.96994905861752,0.9487388895709027
210_Narrow,2566885000.0,1.03056787203755,0.0016105787755395142,-154.5344594998057,0.07453780375617328,0.003472726797743475,6.414014023509232e-05,-177.64142311940623,1.8191037932895386
210_Narrow,2566887500.0,1.038021144071539,0.001045821929435936,-154.32019735808606,0.06704417939480077,0.003452775631874661,8.7610143148212e-05,-105.33959853324752,149.6945405747662
210_Narrow,2566890000.0,1.0304014316071877,0.0008532500442317969,-154.80351968901925,0.08220592403821622,0.0034723274212081117,0.00012723524455836543,-141.2667403900957,112.67294931791264
210_Narrow,2566892500.0,1.0349941475766349,0.0018034809036861416,-154.12785871437427,0.07083796023580861,0.003437687768946716,0.00011311472029549893,-141.98692812353468,112.87459538809142
210_Narrow,2566895000.0,1.0300227725169657,0.00124965160302952,-154.220861312107,0.101546821975217,0.00342989787706501,0.00012490522820056491,-142.00062582483096,112.94783362053774
210_Narrow,2566897500.0,1.0380205530648874,0.0009179963499255059,-154.61484414973546,0.04094782178174496,0.003419034034819557,5.109958830149573e-05,-106.2797936474111,150.664752886431
210_Narrow,2566900000.0,1.0341714261473434,0.001506937119283436,-154.5122825013219,0.02644945077361723,0.003469099444324267,0.0001646261456955013,-177.81444521910507,1.6116039188942646
210_Narrow,2566902500.0,1.0363564737807538,0.0013778447167174957,-154.31302632996224,0.06864209935248956,0.003392063719072371,0.00011526895890773668,-177.35796901746954,1.265599435469781
210_Narrow,2566905000.0,1.0274046091494045,0.0011056363114298176,-154.67779058849953,0.047222122446588986,0.003443865520876818,8.684006205331191e-05,-142.4874260469433,113.24055436860097
210_Narrow,2566907500.0,1.038715180713771,0.0009452258860736702,-154.7549796381229,0.061229225157172475,0.0034220596811041144,7.100155596972189e-05,-106.73719433963186,150.98006376566988
210_Narrow,2566910000.0,1.0294696015056297,0.001312243313144755,-154.43612363931857,0.10927790062505992,0.0034365769299689675,0.00010363074249608975,-70.09217897078528,172.0870304758514
210_Narrow,2566912500.0,1.0324748283546246,0.001007015634292775,-155.04208900214186,0.05760474783624421,0.003413340996590746,6.20778359964396e-05,-178.11999548366163,1.0887313228140525
210_Narrow,2566915000.0,1.0286029899854245,0.0009921917165791757,-154.7696934315784,0.08817938985866941,0.003465810387981909,0.00011822585491601602,-141.56293953930538,112.70474231228317
210_Narrow,2566917500.0,1.0251141289884278,0.000851132710375816,-154.59308659527053,0.06710269437606833,0.0035070554052310126,6.87154827193945e-05,-141.62415905313924,112.61931587652795
210_Narrow,2566920000.0,1.0238088267081826,0.0012536108214410123,-154.5092521063685,0.06384394772037025,0.0034008904686203476,8.86699703046986e-05,-178.23117442441114,1.2054804753094552
210_Narrow,2566922500.0,1.029673393807182,0.0007515274184716925,-154.37003234032954,0.06457370353697671,0.0034459139790644217,7.928034112515949e-05,-141.90142248794137,112.45565228216282
210_Narrow,2566925000.0,1.0348431378198228,0.0008363099960856159,-154.22231522895794,0.10025762217684216,0.0034953396100010623,0.0001083132120574097,-178.25621290314083,0.8243892699910863
210_Narrow,2566927500.0,1.028205667834413,0.0013390333698806997,-154.26077712216363,0.07439294339998882,0.0034787510766382205,0.00011739796672186489,-177.50949254676107,1.693327318671652
210_Narrow,2566930000.0,1.0302576236765204,0.0006863148356218151,-154.57573606503308,0.086415678248808,0.003472986917669886,5.6679194683008176e-05,-176.88312398818383,1.8585378765526246
210_Narrow,2566932500.0,1.0376335621960344,0.0013495971518067776,-154.03657285412407,0.06299436445483068,0.0034774752406369,0.00010790643032189412,-177.45744214124602,1.5705034892819216
210_Narrow,2566935000.0,1.0324770557007135,0.001261454748118638,-154.36131637683908,0.06353676520567551,0.0034830103130642867,0.00010761447669593452,-106.4200646310149,150.83873323411692
210_Narrow,2566937500.0,1.0311463930010762,0.0014979843284195307,-153.92213847481884,0.06184060706346596,0.0034513387996553888,9.020071877505821e-05,-177.43078577671687,1.3430607018997964
210_Narrow,2566940000.0,1.03248614665097,0.0011352418398890046,-154.31434909894062,0.05627355123073407,0.0035155837739886554,0.0001299297308872289,-177.60400160724572,1.0556679828069147
210_Narrow,2566942500.0,1.035541780200999,0.002038240716090025,-154.76843546769064,0.04770810679229865,0.0034105210706024225,5.7367206440189014e-05,-69.93819643646474,172.1918318688201
210_Narrow,2566945000.0,1.0286114775384345,0.0011548315533373103,-154.67420491571278,0.0961206564892448,0.00345319037969942,0.00015792706732243317,-105.91189417375942,150.51662218141797
210_Narrow,2566947500.0,1.0326221337042452,0.0013104461411279265,-154.28972130240217,0.07646087619844912,0.0034770983041801182,8.941401463857553e-05,-70.71284707767272,172.57063534128505
210_Narrow,2566950000.0,1.0411792343933652,0.001076019815084294,-153.87499838255454,0.054416500675274586,0.003474600876700452,7.175308757752724e-05,-142.1028997970796,113.06264590504311
210_Narrow,2566952500.0,1.0297254277360028,0.0010700837591828987,-154.1921539887684,0.07749042190744503,0.0035065522108820436,0.00010336571543432318,-177.33767166789622,1.1495433959368229
210_Narrow,2566955000.0,1.0282557727159964,0.0018277681412209048,-154.74057121947837,0.08437247990053529,0.0034671307859817885,7.887504194169111e-05,-141.8633408764628,112.2241865793596
210_Narrow,2566957500.0,1.0313055339499573,0.0013032641679026442,-154.98736612890465,0.06442726969486343,0.0034565243949024656,0.00013839499199567835,-142.5672201838455,113.14506291402341
210_Narrow,2566960000.0,1.0311350745560295,0.0013863374687389713,-154.91406166500218,0.07592659237423997,0.0035143904854921535,0.00010165090847140972,-143.25820261129863,113.473924775593
210_Narrow,2566962500.0,1.030733525213441,0.0007197409411720178,-154.31178487245342,0.09057995925819004,0.0034491072971048783,5.7602706204439994e-05,-142.23989442640047,112.74729828899336
210_Narrow,2566965000.0,1.0284802380614455,0.001275255367231773,-154.60195089404704,0.05605908036202584,0.003447722248076844,6.938586903945925e-05,-141.84536053489026,112.99066783860853
210_Narrow,2566967500.0,1.0348471825803363,0.0010221276344769378,-154.5543946023387,0.08600361873346468,0.0034741476001785027,9.157571686552337e-05,-142.06145664162932,112.87391403667165
210_Narrow,2566970000.0,1.0355083843020085,0.0011915706869873879,-154.78952647703068,0.08141719988758682,0.003486620553099229,0.00012682615613527704,-142.04009204926444,112.29403920668676
210_Narrow,2566972500.0,1.030007273177892,0.0013591450651323752,-154.57206927737283,0.06183577147571603,0.003488812444068139,0.0001415098790476954,-142.2184322631027,113.06427476892566
210_Narrow,2566975000.0,1.031824704538537,0.0013827201878185793,-154.70458557081153,0.05278756641972942,0.003541207829887257,0.00010586046246858902,-34.87298413141293,184.50665445182466
210_Narrow,2566977500.0,1.021636660847732,0.0004983139361331078,-155.04016809534446,0.07473369987884251,0.003414870495971524,7.592463232029678e-05,-34.799734948779644,184.32446806047147
210_Narrow,2566980000.0,1.033459545778916,0.000804301397222574,-154.59865328521477,0.07020982458454578,0.0035088716672548427,4.924243288988766e-05,-177.84601344039064,1.389449339645955
210_Narrow,2566982500.0,1.0339526775368482,0.0010745100988634115,-154.75110385951888,0.06699497282773771,0.0035006394301309715,9.523666390557062e-05,-35.34786292343208,184.83351333561257
210_Narrow,2566985000.0,1.0339418585100784,0.0017209603950842825,-154.17279416835888,0.09954722135307487,0.0035110339038957423,0.0001256392409256223,-141.33770672518165,112.86626345228494
210_Narrow,2566987500.0,1.024105062840163,0.0011014384293757053,-154.87645593440433,0.07305518156781897,0.003469816701387811,0.00010953737385866922,-71.36432288443798,173.11614146742735
210_Narrow,2566990000.0,1.0279056825452464,0.000720986626863939,-154.56696117479078,0.0828738840272048,0.0035279896139647857,6.278389678131008e-05,-177.93506275252875,1.0417947542020076
210_Narrow,2566992500.0,1.0358463273787073,0.0009573842732458988,-154.65959011549637,0.07702975342463766,0.003483874741280737,0.00010160507013631599,-141.47973566882195,112.82912085738285
210_Narrow,2566995000.0,1.0206882960654504,0.0009173005713376469,-154.89294534804168,0.05943718777789826,0.003504337854971295,6.74138574234678e-05,-141.4449444311759,112.3686378976584
210_Narrow,2566997500.0,1.028362787981085,0.0013402600267172144,-154.52451256238987,0.05830117971694011,0.0035179695082035844,0.0001061077004692895,-178.3127359595567,1.0846494140545229
210_Narrow,2567000000.0,1.0293316186054327,0.0014111460243123922,-154.97207526383622,0.08180930820279082,0.0034749234800139223,0.00010446630944088214,-70.7367777015539,172.5013200542613
210_Narrow,2567002500.0,1.0378891979909568,0.0007313183146067813,-155.15757643249816,0.05088196585565159,0.0034974994509228557,0.0001050230232959933,0.35447285785880067,188.37548694390713
210_Narrow,2567005000.0,1.0258290987461596,0.0008542065494173347,-154.21439947924443,0.07444075445035908,0.003500033994027851,0.00010766764007665202,-106.38909602917207,150.5737672653844
210_Narrow,2567007500.0,1.0358203723582344,0.0009498924178879688,-154.4012577083712,0.07966559608386925,0.0035436158702092883,0.0001228735902180035,-106.35355792461341,150.46418507091343
210_Narrow,2567010000.0,1.0227522970076757,0.0010400274597599036,-154.3018138222638,0.07401186858665187,0.003445807345503556,9.398845156379225e-05,-142.56685654692765,113.34201218832563
210_Narrow,2567012500.0,1.038063537367314,0.0012006358499387969,-154.45861275110812,0.09193426961439163,0.0035497900268509734,5.8466282241955426e-05,-70.95290217520137,172.5390707976266
210_Narrow,2567015000.0,1.0306122337471588,0.0012981493138850577,-154.73416969789554,0.04530166416911711,0.003480268106654369,6.548189020446649e-05,-142.00419819099386,112.49709612638853
210_Narrow,2567017500.0,1.031890919609891,0.0015987482327842943,-154.70777251075333,0.0776419072943317,0.0034746922982884856,0.00011507016850365365,-70.76069710273322,172.33055747751382
210_Narrow,2567020000.0,1.0391180174780335,0.0011636852645359054,-154.5482909167461,0.08396546122313278,0.003531198274384971,8.985667841938044e-05,-35.21426526144455,184.65939118259004
210_Narrow,2567022500.0,1.0277785145621827,0.0006537931168195499,-155.0821231866179,0.071766029377593,0.003481681788973117,0.00010473413979347728,-71.49925746175374,172.7020384612009
210_Narrow,2567025000.0,1.0301324282407374,0.0014569292980015768,-155.14968318205234,0.05354328985574682,0.00350772523559811,0.00011170137943390116,-71.34667182908191,172.7402435563252
210_Narrow,2567027500.0,1.0283576564437356,0.0012567010435240082,-154.48501722682727,0.09578774569453832,0.003454947097289341,0.00012028825690643117,-141.78113967925432,112.67081736807226
210_Narrow,2567030000.0,1.0264259170374994,0.0006102900486830349,-154.86917758116718,0.08858672337494292,0.003465185121121373,7.77204985539387e-05,-70.27417294913916,172.38636279296537
210_Narrow,2567032500.0,1.049084107283743,0.0013543105326010152,-155.4318735000417,0.05846313807500443,0.0035737201201538975,5.414611260489854e-05,-70.77556761342059,172.42158672861092
210_Narrow,2567035000.0,1.033736969205408,0.0013182379239289194,-154.90081738670878,0.10232776627243965,0.0035537026266981905,0.00010986964949502872,-106.85583099611085,150.68871976402053
210_Narrow,2567037500.0,1.0420603674685427,0.0012913431018960293,-154.95417870847183,0.048256124175105414,0.0036123564377084512,8.106593903068138e-05,-142.55122949345548,113.26066282809005
210_Narrow,2567040000.0,1.03693594554055,0.0011525615258889963,-154.98320560627772,0.06515494296625964,0.003553613400547769,0.00012413953517847196,-106.87402571396093,150.8458981095359
210_Narrow,2567042500.0,1.0287794887694222,0.0016195995637749297,-154.77970070171295,0.06702554074914789,0.0035919969466758146,7.225104465349509e-05,-106.27967744360197,150.384761469502
210_Narrow,2567045000.0,1.0310874984750984,0.0008344933697469361,-155.1344416514829,0.06582956267396135,0.003553023709082146,0.00013268771111517815,-71.15914790216013,173.01984690470718
210_Narrow,2567047500.0,1.0356884709028948,0.0011151533283845802,-154.533302935564,0.05846168028725944,0.0035176925389498147,6.744433655534422e-05,-34.92887068916524,184.0373430539031
210_Narrow,2567050000.0,1.0279264959699952,0.0008670088129088459,-154.97059010559894,0.05986496119445868,0.003512013089206207,5.2452725148572596e-05,-70.94513300344589,172.83489521767342
210_Narrow,2567052500.0,1.020496561673283,0.001313936537153015,-155.4946419630547,0.09076640671013132,0.003520295763040697,8.127500544674562e-05,-178.5936116272686,1.0262514909124143
210_Narrow,2567055000.0,1.034865134219256,0.001113619273799855,-154.51793174378173,0.051866189157576084,0.0035436656697328825,0.00010388669795036347,-142.54370145679445,113.2027375436647
210_Narrow,2567057500.0,1.0346959068043156,0.001376291344247477,-154.62471134278871,0.06752511081294138,0.003516141793713653,0.000106357207147803,-106.6928104481045,150.2168914790187
210_Narrow,2567060000.0,1.034544855038581,0.0021130100150575817,-154.82006479588702,0.06849928300514578,0.0035554654122574424,0.00010433733344032117,-106.97917074503701,150.46519848727633
210_Narrow,2567062500.0,1.032384333229317,0.000882888257332635,-154.97632530927405,0.06405811728857762,0.0035389708064310576,9.358490205292437e-05,-107.3011883182287,150.98138320082802
210_Narrow,2567065000.0,1.0363085042071498,0.0014990190449389186,-154.58240817232772,0.08840620750261975,0.0035736728066641304,5.6366444546254824e-05,-141.8688996941778,112.97817037672277
210_Narrow,2567067500.0,1.0351127951364008,0.0008178239130894175,-154.6469339855555,0.05858296208952788,0.0035436269501414757,8.32300139144112e-05,-142.18848836398791,113.05690674262165
210_Narrow,2567070000.0,1.0287629475298847,0.001528177043316666,-154.56360104813018,0.07246685683434916,0.0035518530849121535,0.00010624068536427208,-35.095963330232564,183.61978889745657
210_Narrow,2567072500.0,1.0349899011142658,0.0010219662054078602,-154.77302427178475,0.04770574502945629,0.0035730766818207727,6.50625297871334e-05,-106.53736383599055,150.82043931635806
210_Narrow,2567075000.0,1.0265151662188916,0.0007707134972828291,-155.23118680075976,0.04604226829884092,0.0035608553398837482,9.064684416991881e-05,-142.53375271328454,112.84381859111878
210_Narrow,2567077500.0,1.0340568770638674,0.0015731460618639895,-154.32431043594616,0.10151769381186884,0.0036060393331707134,9.853449561259101e-05,-106.43756590213299,150.66362169272836
210_Narrow,2567080000.0,1.0384193873426888,0.0012052177253597605,-155.3095793147922,0.061494646819054546,0.003602466580880772,7.596894543797532e-05,-71.53798842655752,173.35552561629504
210_Narrow,2567082500.0,1.0381624579444384,0.0006815702480632566,-154.9256965395769,0.05425507409023589,0.0035550352626901194,8.394154588787368e-05,-71.60114704396779,172.98178370974253
210_Narrow,2567085000.0,1.0427724785808978,0.0015010543140189035,-154.60893451717297,0.048496769897306724,0.0036156017468632487,0.00012111479091539315,-71.02255742995035,172.36219282530507
210_Narrow,2567087500.0,1.0331512030621863,0.001247580406331519,-155.19817333101633,0.05193252870796642,0.0035186439406799486,8.42801521122206e-05,36.08852623602697,184.68966285359264
210_Narrow,2567090000.0,1.0395624659583917,0.0013172623252138763,-154.79303882480704,0.07336339560271728,0.0036123321734077857,8.805497689173495e-05,-106.16392430721474,150.71638632653298
210_Narrow,2567092500.0,1.0293414096056914,0.0008227266604285383,-154.69458336953784,0.07728681463389579,0.0035242268397475945,0.0001247769088146181,-105.13693070850327,149.91799679926396
210_Narrow,2567095000.0,1.0380186894413297,0.001266015158301448,-154.67913394123974,0.07459537360201825,0.003576817190768146,8.266789914144648e-05,-34.9588327899153,184.26884197436615
210_Narrow,2567097500.0,1.041229686280945,0.001254087927305458,-154.62007764777852,0.07785199856561442,0.0036211784442138004,9.554925363645986e-05,-142.42564837688099,112.3867895644271
210_Narrow,2567100000.0,1.0342603229848786,0.0011090866176998017,-154.49924971553105,0.08432944847566122,0.0036224296643534095,0.00010857387791097736,-142.1912900926622,112.64876950394621
210_Narrow,2567102500.0,1.0359033951929715,0.0014457933546328794,-154.94537514146677,0.04621727928282478,0.003624273435639273,9.620306172366459e-05,-35.82145950974467,184.7761191636686
210_Narrow,2567105000.0,1.0326925814802097,0.0013449103631843755,-154.97690526282213,0.05671270120169025,0.0036166747628727024,7.781740072142133e-05,-70.82778439979474,172.44506178836158
210_Narrow,2567107500.0,1.0347110846335081,0.0009471052416503831,-155.35460493180807,0.0843917935585023,0.0035809557310086996,7.346918628029301e-05,-143.4514392435745,113.19697760826223
210_Narrow,2567110000.0,1.0393549743348538,0.0014369796702047028,-155.1003014371175,0.07067429160521063,0.0035450564238507618,9.771108682000874e-05,-35.25708011994854,184.5419963165251
210_Narrow,2567112500.0,1.0354182067119106,0.0015850178702885864,-154.98965689498203,0.08543278585876805,0.0035904319913587436,0.00011745289037160637,-71.31817687323047,172.8433788823106
210_Narrow,2567115000.0,1.0339750257480522,0.0013402131223345568,-155.12539161741165,0.07068379702222977,0.003583369219199086,9.768970892999333e-05,-71.85735032828796,172.60436700930492
210_Narrow,2567117500.0,1.037627246313328,0.0009667927207420089,-155.1151661788012,0.05118469105507206,0.0036430281197086896,7.317655709785819e-05,-71.2974217892087,172.68161716877302
210_Narrow,2567120000.0,1.0281555406912202,0.0016385097943422155,-154.89231428990564,0.05503346960113171,0.003612197895002362,8.90072575403163e-05,-35.11653393412974,184.72186402031062
210_Narrow,2567122500.0,1.036251959067473,0.0010011253524887694,-154.94398292242724,0.0620810315305131,0.0036476492128117944,4.8077349921122284e-05,-35.86519783529553,184.60161727636068
210_Narrow,2567125000.0,1.0311832503055054,0.0011947992567601063,-155.2028886831534,0.08182055783913164,0.0036346381716245474,0.00010702813736432348,-71.4241850217443,172.54665673473846
210_Narrow,2567127500.0,1.031694963137448,0.0008634586591701486,-154.90220517448358,0.04424217478930294,0.0035928473031723537,0.00010973204596665553,-106.6392074045453,150.9517246929155
210_Narrow,2567130000.0,1.026270002281948,0.0019809903198835612,-154.9146553937905,0.05922348738756376,0.003603424216488733,0.00012166969374190595,-178.14972235897702,1.2251322699029592
210_Narrow,2567132500.0,1.0276468154219138,0.0009685826562963554,-155.10132155595852,0.07269227008998172,0.003651669413285016,6.753714357698311e-05,-35.507014976707254,184.6490085585074
210_Narrow,2567135000.0,1.030075556968248,0.0016385551613867723,-154.49773536807044,0.05307725075729967,0.003611268552471778,6.938193885830029e-05,-35.50130924178274,185.02529822752777
210_Narrow,2567137500.0,1.033151630844116,0.001327654771106176,-155.10189845724153,0.0920825805311946,0.0036355064228788575,0.00012154325815418242,-35.766815784111756,184.52960914144154
210_Narrow,2567140000.0,1.0407192874947584,0.0016118403260643494,-155.08008991035882,0.04239761406420773,0.0036700315261141625,0.00013208197439256526,35.815326763310495,184.60453017485446
210_Narrow,2567142500.0,1.0342833764576342,0.0010740270837822374,-155.02060338234838,0.039609810722943624,0.003629706440490514,4.580094559459455e-05,-35.85583831658438,184.98743000789818
210_Narrow,2567145000.0,1.0263098767682777,0.0013243293486549274,-154.42803563186237,0.07663008654482158,0.003618647071714749,0.00011248045335822854,-106.65072257687743,150.63776533653072
210_Narrow,2567147500.0,1.0273849686931167,0.0009145991197864372,-154.7119972507422,0.07751607135543802,0.0035803558715256007,9.028279902184882e-05,-107.35216542494031,150.97702779829447
210_Narrow,2567150000.0,1.0343625662537081,0.001239870473433459,-155.5806161710097,0.09657456742547615,0.0036030160012606384,7.564934855333594e-05,-0.6068946051156701,188.62989088043213
210_Narrow,2567152500.0,1.0301011604173227,0.0009215092961673516,-155.1285946213734,0.0391097590307278,0.00361887297154168,9.76639442477344e-05,0.3157588064428296,187.6784973589446
210_Narrow,2567155000.0,1.0284079291708732,0.0008946012626039453,-155.18216626372197,0.061384602891895484,0.0036632422361722824,0.00011586668150771309,-142.96470123859777,113.14210924543634
210_Narrow,2567157500.0,1.027108789921548,0.0018711269032979214,-154.66996220058076,0.05551090945798271,0.0036174145486022125,8.22973719343342e-05,36.169794399170016,184.50022535018655
210_Narrow,2567160000.0,1.028218403583057,0.0011014758721874947,-155.20868233694037,0.09904737666749493,0.0036204129796790427,4.917884675503478e-05,-71.50213225864,172.09872241721854
210_Narrow,2567162500.0,1.04011256334644,0.0012574300577127293,-155.4262545288247,0.07388404872319299,0.00364783589499391,0.00011639652504465997,35.43514512147037,184.0435099154169
210_Narrow,2567165000.0,1.0326757996579148,0.0009090044286021355,-155.2250234470979,0.06916970418753471,0.003623600695079864,5.364685828400669e-05,35.310006166269474,184.6912405130487
210_Narrow,2567167500.0,1.038530929150022,0.0008075295627786912,-154.78879727709213,0.0949570616793323,0.0036702644370658526,8.876511259125999e-05,0.30790270522809066,188.2279333382501
210_Narrow,2567170000.0,1.0385816052497163,0.001280234408585102,-154.74262297374588,0.0749036869150476,0.0036319979949051354,6.989756624982272e-05,-35.62017924030934,184.55417929845012
210_Narrow,2567172500.0,1.0321463813465113,0.0007484364332699374,-154.91552925791353,0.04848495437097387,0.003607915307054147,0.000112706332892543,36.02481710373183,184.64005766382115
210_Narrow,2567175000.0,1.0293603334277404,0.0011042234973201496,-155.20508854426413,0.0752596076591007,0.003593536412697609,0.00014446639951511798,-35.621714854697515,185.15824038291242
210_Narrow,2567177500.0,1.039321674107826,0.001317338584351695,-154.7716741699807,0.06956424829471253,0.003708470979065723,0.00010610721552420304,0.06941907733850314,188.59639139013856
210_Narrow,2567180000.0,1.040421055504186,0.0014720297479686871,-154.7708620438887,0.06130345301504525,0.0036825931042529032,8.013213944508177e-05,35.650739274052256,185.01609997509408
210_Narrow,2567182500.0,1.035327473785859,0.0012667792293948109,-155.3079957809669,0.06895986609733853,0.0037323936946901583,0.00011311441730552075,-0.0850537741904958,188.97442146985105
210_Narrow,2567185000.0,1.0380194973241441,0.0012235599190044695,-155.1508037410155,0.08104239486930828,0.0036627818907601756,7.421558303640914e-05,35.82802252536945,184.75260061707894
210_Narrow,2567187500.0,1.0210859472060378,0.0011106759015163548,-154.39532646046072,0.06976750063607401,0.0036062650866084843,6.584278182071757e-05,-71.62901836478993,172.1153316438986
210_Narrow,2567190000.0,1.036035324506431,0.0009741159013279295,-155.0485936835241,0.06902395196196891,0.003617282971799644,8.996487577960093e-05,0.3408068096642978,188.36415875091762
210_Narrow,2567192500.0,1.0318409385842813,0.0007036784737305454,-155.3729869259294,0.07016255106773153,0.003699929178758951,0.00010884694713599769,71.85704458266014,172.51743946812223
210_Narrow,2567195000.0,1.0409287729603052,0.0009931710300348257,-154.99973952283023,0.09797411353970906,0.0036813605115102615,0.00011752091606149765,-35.881124800208774,184.685490901211
210_Narrow,2567197500.0,1.0350157037692007,0.0005363861637796271,-155.28043916717814,0.07997355969105545,0.0036488704209535396,0.00011498486756741578,0.14671846979563555,187.895267104646
210_Narrow,2567200000.0,1.027733006616552,0.0009281269060863276,-155.12336883010045,0.07731485953717042,0.003657868049259075,8.987247122013092e-05,35.718412911152626,184.27951201385568
210_Narrow,2567202500.0,1.0268693518943324,0.0011846757397030745,-154.87095524635754,0.05761591823148579,0.0036061762913800572,7.171885254055076e-05,107.35134502004723,150.66577218775555
210_Narrow,2567205000.0,1.0268698068879054,0.0011573414528166567,-154.87793404656014,0.07767971188567384,0.003679635611138164,6.741307041383671e-05,71.48964556949159,173.06093029536544
210_Narrow,2567207500.0,1.0431373696786888,0.000749642034718993,-155.22701411935523,0.0704259474891146,0.003704095773378217,0.00010911625438123433,35.996350179709346,183.80005258243796
210_Narrow,2567210000.0,1.0222521744576827,0.0014189053262688605,-154.42341911598157,0.12272840709469067,0.0036543067702301583,9.786032198947805e-05,-35.533828138056045,184.6310340691583
210_Narrow,2567212500.0,1.0358600492731533,0.0009485221808749028,-155.23883234689265,0.06239615797153087,0.003706345803305566,9.21422598083282e-05,71.53627504197424,172.67303637198972
210_Narrow,2567215000.0,1.0340622049869375,0.0010362171150694267,-154.73228146002324,0.053421894204046735,0.003684565456595563,0.00012070322365590464,35.65682534615484,184.52932188987606
210_Narrow,2567217500.0,1.0318658721069731,0.001287410063887133,-155.41129510235834,0.08805065062058354,0.003683663566455731,8.5202227455788e-05,35.74754124674439,184.6502304464955
210_Narrow,2567220000.0,1.0311168178135597,0.0015292734623319087,-155.13270564375415,0.03217745591206431,0.0036885287746340418,0.00011361461862684188,-0.44040034588259686,188.45482871122573
210_Narrow,2567222500.0,1.0288002662979694,0.0013398198131383435,-154.64830875940584,0.04513894272055694,0.003694924810248874,0.00016008351864576405,-107.07379837395467,150.61101070496036
210_Narrow,2567225000.0,1.0309297771360002,0.0009988252630108569,-155.5534958387282,0.05073265991490363,0.003693213923333104,8.954933224974644e-05,35.722018249188274,184.77830820915423
210_Narrow,2567227500.0,1.030347743579231,0.0009672113709483452,-155.38435508021195,0.0494708407751842,0.0036305300816059987,0.0001118832101485212,-35.96837751218588,184.35078639839074
210_Narrow,2567230000.0,1.0328401715423874,0.001794024063939271,-155.31955670248112,0.06145098917868939,0.003616746167502425,6.62402402008072e-05,71.77859090920937,172.7386597425383
210_Narrow,2567232500.0,1.0357854432151716,0.0006622028659804232,-155.19005038650747,0.053487435531953995,0.003731529895727218,0.00011616131262055104,-36.07326002261778,184.20124497389645
210_Narrow,2567235000.0,1.025324141217289,0.0009321458191535044,-155.1553215215988,0.07387640788162472,0.003656029539964697,0.00010251259938255627,71.37127567785737,172.93828600209554
210_Narrow,2567237500.0,1.0298731281293432,0.0010105125072292392,-155.36333860256178,0.0844287765425145,0.0036865112623541488,9.20685885692542e-05,71.43349945458651,172.6326462568337
210_Narrow,2567240000.0,1.028256550474428,0.0007631874886162831,-155.04465087228417,0.06509491691362652,0.003705442786602587,7.723562221878258e-05,0.12904903828277553,188.92279227465582
210_Narrow,2567242500.0,1.0408254717333378,0.0011033155302773063,-155.30967002143475,0.07433555781216172,0.0037640336936929472,9.497073854639305e-05,-0.272884818018278,188.15847224653933
210_Narrow,2567245000.0,1.0258069999762507,0.0011126524081538057,-155.5785676252161,0.052131904551647,0.0036660276991023056,9.220426559062638e-05,71.3848685380375,172.87478810302474
210_Narrow,2567247500.0,1.0369516289041156,0.0009956794159791057,-155.5054289774435,0.0703334362517455,0.003701818404961412,0.00013426716218312718,71.04955271390259,172.51328021677963
210_Narrow,2567250000.0,1.037229014226066,0.0013529660468043585,-155.02456771229012,0.0710416254022726,0.003711295875388558,0.00010345479518717507,35.285066684390145,184.5256642163248
210_Narrow,2567252500.0,1.028373982605954,0.0008597239441337312,-155.33354234834226,0.06928609353132141,0.003639634354933689,7.798772141357051e-05,107.05541871874578,150.5679755399266
210_Narrow,2567255000.0,1.0284434184187783,0.0011628041588567803,-155.6661513466193,0.0945438366933246,0.0036691937653388768,8.063080903639793e-05,71.26599493143986,172.84573411577372
210_Narrow,2567257500.0,1.027635885230773,0.0010118016866451477,-155.67679110586937,0.05554703409429213,0.0037095796788063754,0.00010601811726580003,-36.69953056533425,184.74609540282023
210_Narrow,2567260000.0,1.0388777095171065,0.0009552034301294059,-155.5790506008435,0.0735013254168804,0.0037574769650314433,0.00012984221356675702,71.18616811576732,173.23241168232525
210_Narrow,2567262500.0,1.0366582353685039,0.0011501456061790336,-155.13926741344096,0.07423345552263544,0.0037507774710686683,9.607737778158501e-05,106.7568484858231,150.99711182510694
210_Narrow,2567265000.0,1.0235727195453197,0.0007419744053502829,-155.2212425083978,0.06900345422500258,0.0037063966248953198,7.512392467434232e-05,35.35684258489452,184.5162794233325
210_Narrow,2567267500.0,1.0442219930324028,0.0010724819448695209,-155.4003280319258,0.0382955999427148,0.003693081091828085,9.084751951354163e-05,71.59274710200904,172.62868305650568
210_Narrow,2567270000.0,1.0319464917925503,0.0015874018380855695,-155.59162852595367,0.06320719299916147,0.003671654349595807,9.57862285620426e-05,36.18031907709343,184.25415885960516
210_Narrow,2567272500.0,1.0341697355529784,0.0010983990988627063,-155.4427346259978,0.09105785057986664,0.0037189646987014027,0.00011054047665062809,70.49370598760547,172.4154123410501
210_Narrow,2567275000.0,1.0406590144179213,0.0012957238045879554,-154.92557194135753,0.0904091946236681,0.003730847703473579,6.931278042079386e-05,-0.5201935038140988,188.4507433329697
210_Narrow,2567277500.0,1.0338912435552163,0.0012851980943216542,-154.9157307221161,0.06435703830181147,0.0037261312951354666,0.00010195408539557593,178.66138755860973,0.8727608545043559
210_Narrow,2567280000.0,1.0337516477115098,0.0009568816309052778,-155.26845904126688,0.062131234723721694,0.003660190333062958,9.055137103105392e-05,71.49766547765054,173.09539400769262
210_Narrow,2567282500.0,1.042216727130045,0.0010553605033578148,-155.14269656889826,0.09348070542327411,0.0037150863958292923,8.584240924748144e-05,35.14869744702867,184.14845999450296
210_Narrow,2567285000.0,1.0317188022628783,0.0018794345588946802,-155.53039245618226,0.08261034864499903,0.003774037424745043,7.516700218743365e-05,141.9461608494546,112.8780648013118
210_Narrow,2567287500.0,1.030767415369811,0.0009266333373407399,-155.7371433758764,0.07792430984662038,0.0037739433037616604,8.504562249760107e-05,70.87940560914647,172.78198273484543
210_Narrow,2567290000.0,1.0299881050551354,0.0012909872651891703,-155.50907396736798,0.07378150997009035,0.0037495505842830667,6.929217139457991e-05,106.31448317250418,150.6104850779575
210_Narrow,2567292500.0,1.0308987802873613,0.0020748517374811273,-154.90648365392332,0.07786325482653819,0.0037377437877477468,0.00012584896750411683,35.20405814072514,184.88500169216636
210_Narrow,2567295000.0,1.0219602604618157,0.0014674433987905884,-155.59258757860158,0.08662540191785123,0.003672160753683514,9.244502735869434e-05,107.1215757865406,150.50013817143437
210_Narrow,2567297500.0,1.0329709945920855,0.0014582371754049356,-155.6082202554257,0.08388639311992531,0.003763358979405079,5.1342519230411505e-05,71.22897914886353,172.3412671864165
210_Narrow,2567300000.0,1.0337605746124001,0.0021214275747381407,-155.40096753960123,0.07099281854354612,0.0036999987063033174,7.558635940467982e-05,35.234659930184804,184.66398048772277
210_Narrow,2567302500.0,1.0418411481155894,0.0014238131874327654,-155.22496958212847,0.08202245162036745,0.003780112402225219,0.0001064298703821753,35.77290264138925,184.89685914107275
210_Narrow,2567305000.0,1.0296202965358778,0.0013071374523571074,-155.64485394129875,0.0564807907538564,0.003761961077839362,7.407660744248786e-05,142.7230935508141,113.27653916608746
210_Narrow,2567307500.0,1.0356001412594258,0.001240232142016526,-155.13994035814184,0.07575075208703042,0.0037491185513980137,0.00012009516136158322,35.69332975644742,184.76035347557777
210_Narrow,2567310000.0,1.0347242875723577,0.00161346411576131,-155.33749508420976,0.05297335472198119,0.0037838757561292876,9.220484531872778e-05,107.36271017026415,150.84515752960561
210_Narrow,2567312500.0,1.03418747676314,0.001176598996069432,-154.97251351989897,0.08684712306970738,0.003736408501711761,0.00011536515212402971,-36.20520227042301,184.2191459420103
210_Narrow,2567315000.0,1.0382510495773583,0.0016956251909002328,-155.18673038699404,0.07311534858140484,0.0037991496191445723,9.493111703083586e-05,70.74434391976398,172.19729215718462
210_Narrow,2567317500.0,1.0342226160386276,0.0013051116359454175,-155.39406533345482,0.07337698383204039,0.0037804219387037926,9.234687016956309e-05,106.64983678065812,150.34263310676008
210_Narrow,2567320000.0,1.0308350529458785,0.0010710754610622848,-155.00072264335913,0.07510604016373477,0.003744123825500262,0.00011453216138214465,71.13230705336134,172.7695671831263
210_Narrow,2567322500.0,1.0350121681330584,0.001082098567870822,-155.65747083870025,0.10068874406686026,0.0037653671199307757,0.0001311857497703062,178.1892193984246,1.0928372898463659
210_Narrow,2567325000.0,1.0387216788469822,0.0009610245001730772,-155.59589121651396,0.07714862662967846,0.003803898275898257,0.00010711968466681458,35.49948445255219,184.58204035328444
210_Narrow,2567327500.0,1.032899666523619,0.0015458514286239616,-155.22617523544093,0.08094835942035439,0.0037746142544245426,0.00010004780131650966,70.86845555875149,172.59257652901113
210_Narrow,2567330000.0,1.0318972350132791,0.0010543832892755043,-155.47185536436103,0.08651682341199954,0.0037828865366685413,8.277735688398689e-05,142.48546816049446,113.10673099678635
210_Narrow,2567332500.0,1.0360938828436757,0.0012580729213065196,-155.3237100920442,0.07147093337807474,0.003835092796506907,8.973895576921903e-05,142.12410982348905,112.74348748550773
210_Narrow,2567335000.0,1.0265447492727642,0.00129745562802558,-155.7091206306289,0.08094410507891694,0.0037629596488648934,0.00011593441043480141,70.97442804590126,173.13595736435474
210_Narrow,2567337500.0,1.0376234061102432,0.001201976141179896,-155.5684334895813,0.041073059383133645,0.00378374114101799,0.00011921835624154364,106.52226624825168,150.72633803248135
210_Narrow,2567340000.0,1.037134752673644,0.0011701783241704227,-155.43896413578713,0.06057045993512397,0.003734702096397278,9.29058346015546e-05,142.26307796168706,112.68764950221669
210_Narrow,2567342500.0,1.0260030709511108,0.0013436693558292717,-156.01571171803735,0.07733716051534542,0.0037726784276033163,9.724053710996498e-05,142.37554298807743,112.88523832300119
210_Narrow,2567345000.0,1.0285866599204774,0.001285011272629728,-155.1971499363096,0.0735790280256209,0.0037544069368674023,0.00012216264919348094,142.54108080989243,113.15369907850949
210_Narrow,2567347500.0,1.0240341168320553,0.0009218970725233861,-155.1978680277947,0.0830948618070837,0.003758135269016662,0.00010037998781525832,106.98463356098799,150.7243668417484
210_Narrow,2567350000.0,1.0343803735376873,0.000993828674743029,-155.5936787767031,0.07230779212545832,0.0038463063676838286,8.787166881499109e-05,142.723907038714,113.37291093935099
210_Narrow,2567352500.0,1.0251082947562915,0.001128702749989186,-155.09277844027423,0.045531120476965836,0.003773851790602925,9.511624317067003e-05,141.81588649580112,112.87900385535569
210_Narrow,2567355000.0,1.0347989186895878,0.0013592390977178552,-155.4388366082033,0.08828541456861802,0.0038058556008002953,8.66112703126464e-05,177.38085961246546,1.2303804704805292
210_Narrow,2567357500.0,1.029406357125903,0.001350269480796873,-155.71759890540108,0.05643424138491404,0.003776673656853506,9.286165384428624e-05,141.670700445637,112.88828000979451
210_Narrow,2567360000.0,1.0356474974179801,0.0014053364129744173,-156.0512257873423,0.06940600431092082,0.0037492803327199577,0.00010379593646960075,177.9389263057085,1.6029271489269676
210_Narrow,2567362500.0,1.033884522219026,0.0007531506485168819,-155.78935660224795,0.06880571208565621,0.0038039776131421022,0.00010871401539200636,106.21293509779134,150.56769099043163
210_Narrow,2567365000.0,1.019968649508635,0.001450766376111306,-155.49767897366064,0.08339786521481074,0.003816586956676568,9.978523283851893e-05,177.81940564880193,0.608033093951512
210_Narrow,2567367500.0,1.0339911892497686,0.0009817247986046937,-155.67667086602856,0.046357901096894985,0.0038224876562136393,6.296349061160686e-05,178.37489150768027,1.1688309396801344
210_Narrow,2567370000.0,1.0383290402678442,0.0009891385741969115,-155.4011745808905,0.06327906134180485,0.003842202846464975,0.00012071939768980893,142.60442771266526,112.82432047513913
210_Narrow,2567372500.0,1.023925474441959,0.001583551744422219,-155.43505023009968,0.08452839979946407,0.003807227275208342,9.308272682100677e-05,106.31899050691993,150.59552828057988
210_Narrow,2567375000.0,1.0322060792754606,0.001303526017022795,-155.92171618860007,0.06335628578197185,0.003861754775922689,9.698945032328474e-05,106.74625708981031,150.73959918699413
210_Narrow,2567377500.0,1.0341916034716854,0.0014152205691148807,-155.75660893073282,0.05856240406517027,0.003826682080187925,0.00011267875947651455,177.19741720952985,1.63077248385132
210_Narrow,2567380000.0,1.0334013334489582,0.000736375484197846,-155.8528874449422,0.05537882192752622,0.0038540363587811722,8.388597328840628e-05,105.42118968482333,150.28616682024145
210_Narrow,2567382500.0,1.024594862421873,0.001187923316646588,-155.76867649267803,0.07748262327491363,0.0037960841465803836,9.176911921830261e-05,177.862666993638,0.9155078083677608
210_Narrow,2567385000.0,1.032602240724,0.0011148065184686594,-155.68633964579732,0.06203016854300314,0.0038552817739000954,0.00010945741230968022,178.1617123559081,1.1176253495645594
210_Narrow,2567387500.0,1.0398100285304872,0.0011554287074350246,-156.21463244805676,0.076036190342459,0.0037846257842350747,0.00010328494475216877,141.39478301213725,112.64622892233578
210_Narrow,2567390000.0,1.0475769521661538,0.0011065627105936084,-155.38298455153452,0.10135637581855485,0.003887979323835503,9.956008852507833e-05,177.52017482043038,1.3287413417250598
210_Narrow,2567392500.0,1.0409324438181626,0.001664634670501469,-156.13168602428362,0.05808544503475209,0.003851147167119582,6.128215511566688e-05,177.57479157365142,1.1737158546614626
210_Narrow,2567395000.0,1.0200947766206343,0.0009139857188750565,-155.4898748255091,0.05940753543768594,0.003792841558741436,0.0001054111178120382,70.26449108008585,172.12776396434396
210_Narrow,2567397500.0,1.0322654944824718,0.001319810840239756,-155.9214667211188,0.05019432697411612,0.003806890168428713,0.00010345749336188361,178.31092920204634,1.1584483456831214
210_Narrow,2567400000.0,1.0348063648488974,0.0010741929358962258,-156.04407966714047,0.06376906694660155,0.003835619493737869,9.37180408095831e-05,142.34960970281426,113.11769296196631
210_Narrow,2567402500.0,1.0364738772453825,0.0014680071911086577,-155.98493123722798,0.07897003743225395,0.003869250375793356,9.664781563453964e-05,142.1170103783674,113.10282772198381
210_Narrow,2567405000.0,1.03143453701608,0.0011216292438970344,-156.15896342218423,0.08698547613469199,0.0038333718818757507,0.00011475325634529339,141.5283113284908,112.81446045375233
210_Narrow,2567407500.0,1.0382744022881716,0.0011030180204618257,-155.78994149942173,0.09722106414486985,0.003859505174926022,0.00011072575238808235,177.55755623682688,1.4575401732448972
210_Narrow,2567410000.0,1.0344482881180617,0.0010608986557514323,-155.58422603204514,0.06679147933307333,0.003824171454358221,0.0001126637177464216,106.39550608777466,150.35601133206524
210_Narrow,2567412500.0,1.0397389830252384,0.000885494447451203,-155.879056746414,0.060018336800479945,0.003926284581899122,9.014392588160169e-05,177.28546698561536,1.0640457207031087
210_Narrow,2567415000.0,1.034106375243772,0.0012338579901394772,-155.252179829978,0.06324979968422344,0.003842117533972489,7.577491994087732e-05,177.69190494469225,1.6676496439770632
210_Narrow,2567417500.0,1.0322460877516804,0.001082672432715212,-156.229764783271,0.05355522632211916,0.0038376525097459954,0.00010136749310192574,177.20573534609068,1.2511257467601398
210_Narrow,2567420000.0,1.0245183559831286,0.001255101688464151,-155.23418618419072,0.057901049797342154,0.0038369813830327077,8.032110370746376e-05,177.69182828838876,0.8303959311778201
210_Narrow,2567422500.0,1.0318920066792854,0.0010939060734476598,-155.29961078831462,0.07220008254960263,0.0038685361566512862,8.955170317168655e-05,106.41619594970793,150.73556242548213
210_Narrow,2567425000.0,1.0319805147888406,0.0007098451077406752,-155.9538868478559,0.07563351592890444,0.003906366939952413,8.414013891890438e-05,105.81083388507149,150.09941762165082
210_Narrow,2567427500.0,1.0316317566393431,0.001008824102285765,-155.5441263572023,0.06180145635680083,0.0038891722448813845,7.063313793864191e-05,177.2170678039146,1.8134285626470765
210_Narrow,2567430000.0,1.0350544019958963,0.001109782318812213,-155.83350946831,0.077170992627495,0.003906253487725646,0.00011671776691882546,105.49731423481198,150.0779580892752
210_Narrow,2567432500.0,1.0358688864712928,0.0004818771697172099,-155.5417024457115,0.07497502034762119,0.00390457187989141,0.000101666208955919,177.41818828018512,1.2172073787023285
210_Narrow,2567435000.0,1.0294197156149136,0.0013692854512120111,-155.71748012133583,0.05932967768880573,0.003797249711868163,0.00011804246843966887,142.0698740113861,113.03011425939506
210_Narrow,2567437500.0,1.0372459701968522,0.0008011497743577334,-155.82901336403347,0.061747361559076536,0.0038614890643926614,0.0001282628098426187,176.90164180147315,1.3150749816758556
210_Narrow,2567440000.0,1.0253145537000496,0.001096867038246177,-155.58567174998916,0.10051134490608786,0.00388344580546794,9.895584030280815e-05,177.72502572243064,1.3741209805525156
210_Narrow,2567442500.0,1.032882337891414,0.0008356560749624586,-155.96305095505673,0.0568494515137645,0.003884257265424615,0.00012721488303540023,70.01595148879302,172.01441979360052
210_Narrow,2567445000.0,1.0361116000635229,0.0010557670621238312,-155.71136305666408,0.0563609704548936,0.0038908721531822434,7.13061577719481e-05,177.4019967142202,1.1297834166509548
210_Narrow,2567447500.0,1.0347093977985613,0.0011283961510583917,-155.54069425265135,0.04300245251856227,0.0039108972117700225,8.067554150559454e-05,141.22651515774032,112.75997002567927
210_Narrow,2567450000.0,1.0251464638578183,0.0010721574607528831,-156.21073167864253,0.08408294067619884,0.0038491623843126114,0.00010340172770354188,177.25382328945994,1.7123411788202618
210_Narrow,2567452500.0,1.0378918037963825,0.0010522536452945862,-156.0087455946126,0.06781063806416289,0.0038583772690362218,0.00011249995375416157,141.7164534247016,112.7614698530272
210_Narrow,2567455000.0,1.0242011084925324,0.0018057019171445227,-156.00032892398082,0.06052703989293515,0.0039041438656441485,0.00010379526086772037,140.84445772181195,112.68666940740937
210_Narrow,2567457500.0,1.045037242948693,0.0011480810383420312,-155.97599485881852,0.09577400206734825,0.00395803863090672,0.00010249258107367607,177.1487167896914,1.8293382927077322
210_Narrow,2567460000.0,1.0388712741898836,0.0012713963692840126,-156.16973598786856,0.09583776191031397,0.003937089924748006,5.5742018320948026e-05,140.32048191334394,112.32939213890022
210_Narrow,2567462500.0,1.0337482074350204,0.0010061339048151106,-155.78017961786855,0.10378667874029988,0.003860117815910926,8.243462197698695e-05,141.89808722663483,112.13091782748477
210_Narrow,2567465000.0,1.0328136873339382,0.001671174201426101,-156.22297996198773,0.06590850077456323,0.0038435492490732437,9.396006255972014e-05,175.89520812460566,1.2008912107672525
210_Narrow,2567467500.0,1.0293772788654705,0.0011021092892173577,-156.2930866927668,0.07467645750165418,0.003867137564236127,7.076065900437517e-05,176.43932533323925,1.820086670036104
210_Narrow,2567470000.0,1.0330670989968622,0.001125861721203888,-155.57406937462144,0.09327077336594253,0.003957200945974989,7.665147775709226e-05,177.62334388772288,1.657202027086727
210_Narrow,2567472500.0,1.0278372480937574,0.0010976177780564185,-156.1968842496301,0.12167656418001709,0.0038806285220042234,9.643075069947416e-05,176.68765596400252,1.3288722486848348
210_Narrow,2567475000.0,1.042415872151083,0.000835769540622279,-156.25224288626674,0.06639940567851842,0.003942432923436065,9.95287087670816e-05,176.42923729959278,1.3818608557918346
210_Narrow,2567477500.0,1.034352929238922,0.0014384447353509697,-155.75406033071934,0.049432707317661466,0.003975063041172347,6.233038767010852e-05,141.3966914656424,112.57965019760418
210_Narrow,2567480000.0,1.0276042451596166,0.0008237504392764525,-155.65845532724975,0.057794037986867754,0.003947043070844862,7.551118654681539e-05,177.19735265164053,1.4298806364799672
210_Narrow,2567482500.0,1.0235077257654255,0.0016238128265646254,-155.92824800117626,0.052290395196989074,0.0039475137627954645,0.00012222999917496234,141.3014493943078,112.73685946519028
210_Narrow,2567485000.0,1.0215610643522737,0.0015457803931118892,-156.23894046562998,0.05145372718731231,0.003871405393731082,0.00014588755133830843,176.96034744241402,1.2224281362819502
210_Narrow,2567487500.0,1.036048971453897,0.0018498521822432042,-155.95518624755783,0.08401526490713558,0.00393887217466769,0.00012008643884537207,175.97465102812964,1.036432888856035
210_Narrow,2567490000.0,1.0206563792134633,0.0006902639384445872,-155.73612922633072,0.11447031148616914,0.003940883724297999,0.00012501961090857026,176.73486221392324,0.9786320850556604
210_Narrow,2567492500.0,1.0289176593371607,0.0011714929065378985,-156.1951685867822,0.08627763522612612,0.003885796554008848,5.655303965796257e-05,177.28106478887761,1.8404557273971722
210_Narrow,2567495000.0,1.038142927244657,0.001623266437732453,-156.40209195090947,0.060509458050249286,0.003981065594165782,9.032607065944886e-05,176.39976725167628,1.5656436336251787
210_Narrow,2567497500.0,1.034877893315801,0.0010768395576857964,-155.44766178354968,0.046972564026133166,0.0039586373243960865,9.98120106413985e-05,176.3772857967812,1.8996409980462856
210_Narrow,2567500000.0,1.0251390975647494,0.0008806546397697485,-155.76498726142256,0.07088791934481557,0.003962097078995507,0.0001243571884397214,177.05716020075366,1.0036919014587458
210_Narrow,2567502500.0,1.033342392711568,0.0013153063896145074,-155.75881304743936,0.08900144734897851,0.00392989888122161,7.260102182006942e-05,176.9412238099604,1.2115680619646207
210_Narrow,2567505000.0,1.037487881824647,0.0014803735155732925,-155.75436588489043,0.05757739415886732,0.003969986098375225,0.00011278241846207789,176.9196990007585,0.8357505943255669
210_Narrow,2567507500.0,1.0436090355675918,0.0010563024880177526,-156.37229820043115,0.06051270212387052,0.004008288958558751,8.420006653819687e-05,176.39671179562043,1.6579036877228657
210_Narrow,2567510000.0,1.0391141086890305,0.001880401124948332,-156.47464562090516,0.03764760017089708,0.003987347851511934,0.00010743473053059491,176.45318065522315,1.337233313164911
210_Narrow,2567512500.0,1.0256951005816983,0.0009197549658383066,-156.18095239363004,0.05769152820777838,0.00393863821136211,0.00010036110351209237,175.950087739816,0.8291390575242586
210_Narrow,2567515000.0,1.0329209610368022,0.0011837944370676626,-155.88515589587396,0.07363479928916591,0.003974611557842479,7.539788391352419e-05,176.41415371629628,1.482695171797404
210_Narrow,2567517500.0,1.0269157606768735,0.0013747181558403374,-156.2878039429711,0.0539783457481895,0.003970004751760226,9.800511644062282e-05,175.74522037084915,1.372410288858584
210_Narrow,2567520000.0,1.0337395494993236,0.0009151367731880254,-155.72301830290613,0.05919721227897838,0.003980563864033629,0.00010671651742943884,176.60956889347543,1.2268084757490747
210_Narrow,2567522500.0,1.0316475751008263,0.001027878066919982,-155.93487841710845,0.07135259150562683,0.003983672859369457,7.59024904869255e-05,177.23987440608954,1.4885636232896586
210_Narrow,2567525000.0,1.030285418710511,0.0007277363341575452,-156.68496413819295,0.055335497856160876,0.003962909327560655,0.00011838619032367474,176.0681616267992,1.3213630861244416
210_Narrow,2567527500.0,1.0358789082097408,0.002063768860710774,-156.68915052790825,0.06249090654241537,0.003978980679941414,9.622459509597846e-05,175.99814367854162,1.4601789841677693
210_Narrow,2567530000.0,1.030888614626464,0.0010073444835445589,-156.053114962223,0.06540695182737666,0.003964571881396441,9.12894607862681e-05,176.29948523656438,1.4717985644624454
210_Narrow,2567532500.0,1.0384126496182442,0.0014377959327034544,-156.07025153521633,0.05844836438069973,0.004014901525186738,8.688696710473918e-05,176.7153766905275,1.6128219262706527
210_Narrow,2567535000.0,1.0298709080271122,0.0011402643715022426,-156.21540645927652,0.06832262986742445,0.00400227680480512,9.42342679248579e-05,175.94368390578396,1.6522058655071015
210_Narrow,2567537500.0,1.0328993885177014,0.0010420702309155128,-155.9360664805914,0.04715837513463365,0.004032350837764392,0.00013918533289000894,140.34439654459243,112.4851700590753
210_Narrow,2567540000.0,1.0327813240949169,0.000810822105438837,-155.74339357613755,0.04115975913545685,0.003998702819218995,0.00010814433043356938,176.58790192710308,1.292291484902645
210_Narrow,2567542500.0,1.0239201848802688,0.000950274252163072,-156.50969831487868,0.0516528529564389,0.003997466912498791,9.512696294659958e-05,176.6967632771871,1.7902993030313419
210_Narrow,2567545000.0,1.0346005324175367,0.0012356553076381055,-155.94019764255017,0.08019205713519253,0.004012188327974078,0.0001203243959700882,176.25210844426869,0.9054634545672332
210_Narrow,2567547500.0,1.03429116559904,0.0015941022918072479,-156.8813036682384,0.05436576266276625,0.004054561265502162,0.00012548645650976747,175.61809342902112,1.3575979492139332
210_Narrow,2567550000.0,1.0280780195518187,0.0013924153765280361,-156.32901040736954,0.0694087738354765,0.004003839776896006,0.00011224705983439811,176.73090938867932,1.8123966224934935
210_Narrow,2567552500.0,1.0336143810419134,0.0010029689619373647,-156.01573998468461,0.05951292271351625,0.003994912167665127,0.0001340246034017175,175.2087018579067,1.7253322569091025
210_Narrow,2567555000.0,1.0155375630866066,0.0015420444372280153,-156.3850051174412,0.05044654108358434,0.003933470136188918,9.396850476745966e-05,176.28220070954708,1.461749780696734
210_Narrow,2567557500.0,1.024577602319405,0.0008398314616031234,-155.83522316899368,0.08621032900864706,0.003959874300209053,0.00010583254062993196,176.5929889941008,1.18338774380469
210_Narrow,2567560000.0,1.023962263613628,0.0013449144729384057,-156.47679092659916,0.06793067067311154,0.00398386528474295,8.563699478578042e-05,140.11179531380571,112.42372701215578
210_Narrow,2567562500.0,1.031978463852557,0.0011868922032639794,-156.48006118455368,0.08085665943925881,0.004015288334598183,0.00014773117783077667,175.64180285301103,1.561646009434567
210_Narrow,2567565000.0,1.0268319060933593,0.001002731752869719,-156.2026156796968,0.08749792278462032,0.003965664568014075,0.00011220399416960928,176.1476962069034,0.999490655833311
210_Narrow,2567567500.0,1.0404714773332187,0.0011314842634955675,-156.05873826060244,0.08223377490070963,0.0040664577486046434,0.0001066313028984496,175.84606270292062,1.240060740878384
210_Narrow,2567570000.0,1.035064030576431,0.0015595231173760095,-156.32773343197994,0.07555411659349259,0.004021990928075788,0.00017155951578523698,175.25831364120285,1.1857909064138643
210_Narrow,2567572500.0,1.0419965715987434,0.001161154782600604,-156.34518022936277,0.06444384593466815,0.004066256525998415,7.843197799839884e-05,175.71267506765213,1.4352398368447499
210_Narrow,2567575000.0,1.0208401545769155,0.000627261558524943,-156.59029271468359,0.08253639182225223,0.004033357193594702,8.42425565281987e-05,176.77712782577265,1.7830965986662661
210_Narrow,2567577500.0,1.0377023275646051,0.0008064971914652396,-156.64706639129295,0.07030299177752627,0.004045303023883275,9.71425644084556e-05,176.20760666165864,0.7844099997479899
210_Narrow,2567580000.0,1.0326245874373379,0.0011943640255611557,-156.6880037934031,0.06080272308665679,0.004077160888076564,0.00011914938945258584,175.47938489650804,1.0877080454668941
210_Narrow,2567582500.0,1.029392911346388,0.001074511045119959,-156.25904825679115,0.07210195247914776,0.004047889701787663,0.00012894899495699422,175.85049042155407,1.4096333127942118
210_Narrow,2567585000.0,1.0280388423288334,0.0010114353317980185,-156.25905228103449,0.07178642420549716,0.004064508666375201,9.74240299226821e-05,176.05104830414547,1.3997848834875632
210_Narrow,2567587500.0,1.035831247413281,0.0015042931643452296,-156.6022568155954,0.04817983076006984,0.004037281774314269,8.75045361432452e-05,175.6959145012523,1.807811618592834
210_Narrow,2567590000.0,1.0362762117981326,0.0011742357820351535,-156.74387604441773,0.043949695064132065,0.004101693456358034,8.308965845629841e-05,175.5982724462023,1.4054016609886697
210_Narrow,2567592500.0,1.0301887516623713,0.0009384280073049196,-156.01312015998042,0.06372224225613556,0.004064516168400685,6.637013636674764e-05,176.69842935591268,1.0009317878739272
210_Narrow,2567595000.0,1.0260489501880903,0.0015116029683503605,-156.65182843329353,0.08897301657961335,0.004059307287485346,5.230535638537723e-05,175.42473832472922,1.275513202821423
210_Narrow,2567597500.0,1.0336519423705262,0.001327791022096016,-156.56528672864468,0.051819569305323644,0.004047269692581931,0.00011274048505603782,175.73641129996167,1.2388241183192283
210_Narrow,2567600000.0,1.0274169032428546,0.0013607928724168972,-156.45092714986515,0.048218675152959245,0.003986822537094685,0.00010079620492471035,175.1525635037218,1.3752436244972188
210_Narrow,2567602500.0,1.0312495293334327,0.0010464126805428257,-156.2335024267693,0.047015018132214474,0.004082930446872471,4.469026594742979e-05,176.14735808649647,1.160824612103603
210_Narrow,2567605000.0,1.023167564813299,0.0013918196369355404,-156.34644016685863,0.0890565125716233,0.004068303179582496,9.185077592298976e-05,174.5488721024803,0.8627687528092292
210_Narrow,2567607500.0,1.02618030711945,0.001340395375515665,-156.36978817648122,0.07692019821540413,0.004104577930888524,8.418109237545216e-05,175.36056964249562,1.1268797941548958
210_Narrow,2567610000.0,1.0360329384997697,0.0013113208765417304,-156.70311377041335,0.037907794707083865,0.004059504406700842,9.917538765707008e-05,174.9538701209846,1.6109659885558083
210_Narrow,2567612500.0,1.0320535853556125,0.0012279352774713199,-156.00072849040887,0.06769035559518113,0.004039390748942114,0.00011445768679272571,175.15944554333439,1.7787335983920576
210_Narrow,2567615000.0,1.041556131905052,0.001090093675792814,-156.77826831857993,0.07103152340254142,0.004127956454882006,0.0001352359424757066,174.82001815981718,1.3249188385042552
210_Narrow,2567617500.0,1.0231621830968214,0.0012177883743116837,-156.33848588880952,0.06420763212270464,0.0040347388526008575,0.00011660879048050922,175.75167077645182,1.620116252262108
210_Narrow,2567620000.0,1.0359739607961633,0.00128701059788619,-156.6233014838946,0.05795300543714279,0.004141275653526728,8.171895592426293e-05,175.14764769621388,1.4332809787907153
210_Narrow,2567622500.0,1.0292169992822038,0.0015719153197428593,-156.23264008739113,0.06813516966974212,0.004035506537923622,0.00010479375864062848,175.83541881372855,1.555786160072951
210_Narrow,2567625000.0,1.031684519741599,0.0015577685995277245,-156.27247416120508,0.05510723686979331,0.0041476445740614674,6.999960212040885e-05,175.64393130548203,1.7417955202522433
210_Narrow,2567627500.0,1.0226373588499404,0.0008404235245343665,-156.6402472161078,0.08059366262141339,0.004045164570041547,6.830700197758462e-05,175.2287518794897,1.3553939290504766
210_Narrow,2567630000.0,1.0255627518674277,0.0009314577704317105,-156.5310755130091,0.06539741031938695,0.0040780210545520185,7.971127327614542e-05,175.23944104777334,1.3572483090601797
210_Narrow,2567632500.0,1.0274589841127133,0.0010561063440060639,-156.49188996574802,0.06358879647699092,0.004101148574970158,0.00012385340968723801,175.27471221348193,1.5233936764205422
210_Narrow,2567635000.0,1.0315216337951316,0.0012553803154674683,-155.9993426222259,0.07319116875368853,0.00412763723978507,9.697719841126037e-05,175.0731901151085,1.3672055609671223
210_Narrow,2567637500.0,1.0350826365842836,0.001094151055741899,-156.63563957641605,0.041727282705912284,0.004162777314017046,6.882481308653388e-05,175.12155796540404,1.251084160173461
210_Narrow,2567640000.0,1.0270006394667128,0.0012388176261509149,-156.13286094413937,0.05692214227871436,0.004093495654597284,0.0001024825536641706,175.55425769863308,1.5421105230654435
210_Narrow,2567642500.0,1.0288311542288076,0.0011288023489951806,-156.6717079425879,0.03798206916927663,0.00410363514536307,8.858188173271077e-05,174.20058429169308,1.3760310892125485
210_Narrow,2567645000.0,1.0241654715715782,0.0011832521357814244,-156.77810529306868,0.059524213856146105,0.0041121450129781335,8.48530766639834e-05,175.08374752169314,1.0290218663869604
210_Narrow,2567647500.0,1.041817063747735,0.001424793723223302,-156.48625531346673,0.06312924593251079,0.004142899497917575,0.00011155400425334127,174.67178709252892,1.560098928103285
210_Narrow,2567650000.0,1.033764898284352,0.0020466069979588383,-156.85336403660312,0.07365516730788571,0.00410244030342674,9.03700859035283e-05,174.47304058551225,1.4835797955388812
210_Narrow,2567652500.0,1.033170597873781,0.0010858151788279767,-156.3625555282083,0.07593108017399251,0.004138944217365931,0.00011290829467891702,174.36219465634161,1.163748232343576
210_Narrow,2567655000.0,1.0219014626499294,0.001048519544048285,-156.04702325749486,0.06560484479202368,0.004104404123096558,0.0001115534582572915,175.30256235822708,1.234001639618004
210_Narrow,2567657500.0,1.0276740945612013,0.001045316542789493,-157.36368301469332,0.062026254456914925,0.004128275133082975,6.960171494225094e-05,173.62916204937983,2.1161489435579806
210_Narrow,2567660000.0,1.038566280715664,0.0014452236801296712,-156.53381550919696,0.041547911602495664,0.004130290406885441,0.00010162293766142918,173.81298902488064,0.8639626743203718
210_Narrow,2567662500.0,1.0357470754018734,0.000989597750749375,-156.5096870411553,0.05859465038325008,0.00412873612519062,0.00010237146657820755,174.01108287685508,1.8006908871729341
210_Narrow,2567665000.0,1.0331035757979017,0.0006153674843759371,-156.578489797926,0.047733307264271545,0.004157296424418473,7.381776690884806e-05,174.48638340906888,1.7121996424390604
210_Narrow,2567667500.0,1.0278018166106504,0.0009358941904286735,-156.71291931732208,0.0708152587575081,0.004163502142276506,8.200734869515626e-05,174.47497528322793,1.6236085414510668
210_Narrow,2567670000.0,1.0210644159117894,0.0007711807435513393,-156.61989993962456,0.0774423630054172,0.004137907689310684,0.00011403788232562267,175.27263114854574,1.7731228252533415
210_Narrow,2567672500.0,1.0249646113415656,0.0010253143565394846,-156.95961279839094,0.059360784706390696,0.004126436097778811,0.00011049026982127552,174.29427920414324,1.3193550605758229
210_Narrow,2567675000.0,1.0270018527519633,0.0010611596231572056,-156.74564869655515,0.07565989631341914,0.004113977517698371,7.212839402496675e-05,174.677983921593,1.598632329780037
210_Narrow,2567677500.0,1.0253307967185419,0.0015090078689190328,-156.91681584994194,0.05050589431550152,0.004132154203396111,8.377784640492017e-05,174.24201825196343,1.2487062147775254
210_Narrow,2567680000.0,1.032832521660964,0.0010970502652668324,-156.71664821787047,0.057384342344200985,0.004164373717676296,7.171261857724664e-05,174.3042958762465,1.896643022584738
210_Narrow,2567682500.0,1.0224799739092214,0.001197389771636423,-156.6496822672576,0.06744898198121231,0.004198828278080924,8.827131696504217e-05,174.6844305109056,0.8033411932212507
210_Narrow,2567685000.0,1.0289232001864992,0.0011378845455541342,-156.2261777390548,0.04613598906199372,0.004194639868075972,0.00013672450307917095,174.97104669257158,1.4758081308505548
210_Narrow,2567687500.0,1.0278688921847392,0.0006597123070292355,-156.675695129717,0.06126050047188136,0.004186080581602414,0.000121627383450041,173.57959081733776,1.4315906464120125
210_Narrow,2567690000.0,1.0217812130193342,0.001572256695041299,-156.84101885459725,0.055754780593732164,0.00415576812232957,8.571650641117042e-05,173.65037003023608,1.6133108584563556
210_Narrow,2567692500.0,1.0295780365689498,0.0009231291296069043,-156.5412590515039,0.08080158988375376,0.004180868299230216,0.00013672016798855672,174.56399771293366,1.474388452909535
210_Narrow,2567695000.0,1.0223996459893816,0.001356617267493577,-156.8140517178094,0.04615143070748549,0.004212742833140542,7.671782087009377e-05,173.93836998257802,1.0235572350218936
210_Narrow,2567697500.0,1.0399263216056498,0.0011181186488108882,-157.19590643705044,0.0668272607279912,0.00415973896502261,0.00012018081495701494,174.51787602667633,2.172468926045148
210_Narrow,2567700000.0,1.028151730838046,0.0006088663339807756,-156.3401428506549,0.05392649594960043,0.004246642657880238,0.00012314199874830837,174.48621376723182,1.3859946331299384
210_Narrow,2567702500.0,1.0358451104704438,0.0011213637978586348,-156.38646931149358,0.05797907659184926,0.004210980373745392,7.792101303766034e-05,173.4846221085671,1.2460305437722818
210_Narrow,2567705000.0,1.0333902856187454,0.0015700556517971994,-156.7132556239403,0.07325537810326346,0.004166596376195257,0.00010841883563986791,174.36552859377545,1.1230997728268197
210_Narrow,2567707500.0,1.0347656295813255,0.001457780412676867,-156.71390447598776,0.034214109876408653,0.004210034507465753,9.771252798708883e-05,173.35216745878577,1.4842940972993302
210_Narrow,2567710000.0,1.030419201431551,0.0008143427060152284,-156.60852507924108,0.07480455200160688,0.004152002876210696,9.999909812469874e-05,173.82429681305206,1.1433537855244391
210_Narrow,2567712500.0,1.035792319368361,0.0014543341717434437,-156.84293402615046,0.05557792282696143,0.004262342943393742,6.641427733609138e-05,173.31520354280414,1.3558444405163323
210_Narrow,2567715000.0,1.0337545056999689,0.001051281713383172,-156.7290709798607,0.09238890225517406,0.004266331093495582,0.00011990066621062967,173.14458180893646,1.289058552068789
210_Narrow,2567717500.0,1.0283670282523647,0.0010141296067196438,-157.23564596820978,0.07373397598222314,0.004191853283230105,0.00012922526108475162,172.30216977725502,1.2548126904993326
210_Narrow,2567720000.0,1.0190334268644625,0.0012335034387261016,-156.75477424860313,0.07254057728823009,0.004173888625902214,9.184584093545021e-05,173.46239640496896,1.1270354734115142
210_Narrow,2567722500.0,1.0308560179202597,0.001141882530344006,-156.51375578490413,0.053946724196769824,0.004237486900114012,8.928915371335424e-05,173.7535670072299,1.243259027409903
210_Narrow,2567725000.0,1.0345379194680064,0.0013322658075543923,-156.62376360874535,0.05261623602705895,0.004248676167569529,8.025924250684503e-05,174.03588240363226,1.5893358025196378
210_Narrow,2567727500.0,1.0218708937414065,0.000923083961341814,-157.0119279339989,0.07296915323554164,0.004182577520442473,8.595067983003733e-05,173.52152079648263,1.2029308449665697
210_Narrow,2567730000.0,1.0217844009497625,0.0011326594268182512,-156.73931148325474,0.08469422781075896,0.004238229784554161,0.00011506896852514862,174.2084373236747,1.617553209560119
210_Narrow,2567732500.0,1.0243213308788943,0.0015598240235687253,-156.8948000706937,0.0830031889897297,0.004249790924411746,8.57203189398061e-05,174.57527167892007,1.2224684579155733
210_Narrow,2567735000.0,1.0354826995560242,0.0014294115216381402,-156.73733945906295,0.06921531590347858,0.004229707185168628,0.00010421206344498295,173.70220212910644,1.2130200727363223
210_Narrow,2567737500.0,1.026800898731982,0.0011122217944452206,-156.3121994322571,0.057699001252372865,0.004240379886229638,7.733832041323496e-05,173.11193500413452,1.4375293654304664
210_Narrow,2567740000.0,1.0289798385370237,0.0015015479452412687,-157.02050449720622,0.06153120484730597,0.004273338458327957,0.00013418379760727042,173.69057952990642,1.8293737232981553
210_Narrow,2567742500.0,1.0304405710987559,0.0018261424201833395,-156.62873536656184,0.0625110624504442,0.004257809859289686,8.103835090672279e-05,173.94701363502637,1.5338908039378103
210_Narrow,2567745000.0,1.0218816598174325,0.0008269042629171276,-156.336024802036,0.11593496850884996,0.004252563858538272,0.00012565605359821035,173.85135241559635,1.2301978399934397
210_Narrow,2567747500.0,1.0307140612938475,0.0014195088752851045,-156.6867211595693,0.0676737042353881,0.004286562198736344,0.0001020121218516109,173.6690319673459,1.5111757689483023
210_Narrow,2567750000.0,1.0232058150420835,0.0009367048428847665,-156.8553353787246,0.06030803803662157,0.0042884672807273205,5.758585084868832e-05,172.48158807650174,1.3477277670361054
210_Narrow,2567752500.0,1.0220249145304132,0.0007567291233692524,-157.0410141170671,0.131602914493447,0.004303199099267308,9.958818800527421e-05,172.78422045653,1.0824535360979928
210_Narrow,2567755000.0,1.0334426344833334,0.0010494659559540317,-157.11845516119337,0.07878803183234681,0.004242427079647644,6.374005534196073e-05,173.8781317150026,1.6136033364113465
210_Narrow,2567757500.0,1.0334556016833623,0.0012728691759142181,-156.67821119351797,0.08187824360926194,0.004340437999347294,9.091806701206755e-05,172.83765631834947,1.543589912743232
210_Narrow,2567760000.0,1.0261895577243678,0.0011098099026754689,-157.15289782886654,0.07348795169252127,0.004237043138742084,0.00012986871761601313,172.78067823289416,2.3465390088933606
210_Narrow,2567762500.0,1.0274577416293718,0.000971564893821503,-156.52665372187226,0.07572647029970558,0.004281304758948887,7.032020562844213e-05,173.17605303887308,1.1749230260679706
210_Narrow,2567765000.0,1.0237151626781713,0.0009518412435004939,-157.24368594252044,0.0827259798479872,0.004320425349251142,9.535183718188892e-05,173.2471832162787,1.9609594350224036
210_Narrow,2567767500.0,1.0276835576994239,0.001471866710544091,-157.26703227627692,0.09686919466610892,0.004287619405960362,0.00013122994710378446,173.00453253029303,1.4813261891655005
210_Narrow,2567770000.0,1.0260562350071392,0.001422679887719954,-156.89806849328306,0.08789225216671684,0.004317986828674778,8.26064460876658e-05,172.58660035313238,1.422440407965221
210_Narrow,2567772500.0,1.0265924372771023,0.0008953532352426556,-156.69865877299495,0.06621889063831389,0.004289038273051652,0.00011193169407298939,172.63415446123162,1.211243288777411
210_Narrow,2567775000.0,1.0253898279294344,0.000614343323746924,-157.45425287659376,0.055494109898369066,0.004263537201619355,0.00010521924140404299,171.9741375060541,1.0879222721927373
210_Narrow,2567777500.0,1.0322214894784143,0.000796752729659244,-156.89158552788314,0.12320559859292854,0.004327424600770399,0.00010008229085928602,172.7476276626909,1.3265720029609536
210_Narrow,2567780000.0,1.021643389513793,0.0013932128473550295,-156.9185631830924,0.05407857554431315,0.004294483518386535,0.00012167843713209587,173.15843361769103,1.3531780901666381
210_Narrow,2567782500.0,1.0382153100810605,0.0012727596201564527,-157.15223942478994,0.05923341761742002,0.004342847941075256,0.00011273177640620574,172.94174736020275,1.4408558494659538
210_Narrow,2567785000.0,1.0236205394259466,0.000785353548647007,-156.88692041206113,0.09598823981596924,0.004292992382130342,0.0001286138211736836,172.0722112145116,1.2331313731386244
210_Narrow,2567787500.0,1.0319794971591336,0.0012219081927708913,-157.5922713292493,0.04750041226929029,0.00432951591231539,0.00010378309648940877,172.32506647137845,1.5999848461031803
210_Narrow,2567790000.0,1.0253119206021877,0.0017647586043000357,-156.9320664210337,0.04582679441000271,0.004373935842169493,0.0001167312831280118,172.48064159227508,0.9223747279912669
210_Narrow,2567792500.0,1.0310249800737523,0.001327619282453489,-156.96848874717716,0.06606566727790938,0.004393707013683803,0.0001542374157793354,172.92133314531884,1.4142989806901902
210_Narrow,2567795000.0,1.0258461386965354,0.0013242367553455558,-157.48647367257834,0.07421702232973829,0.004318287894927521,0.00012095204758258997,172.60718608082047,1.139515053847662
210_Narrow,2567797500.0,1.028698803488114,0.0015452753408200111,-157.22310479031682,0.04966394851019727,0.004353364762559114,0.00012129454003591935,171.9802909481642,0.6630429586651632
210_Narrow,2567800000.0,1.0243513952260233,0.0007049829585117094,-157.04856455368724,0.05357139786208963,0.004348888396769545,0.00011844876252126195,171.97125318709072,0.9551361816680869
210_Narrow,2567802500.0,1.0207756885591317,0.0016797566870474072,-156.74625868841733,0.04627181505646925,0.004313910117528286,0.00012604069912805632,172.23829084962364,1.5821080237104581
210_Narrow,2567805000.0,1.0332861973055782,0.0011924152232398225,-156.99468312299257,0.06195377081509051,0.00435705036150324,0.00010515210807145651,172.22739901646173,1.2501894024189406
210_Narrow,2567807500.0,1.0263254274693534,0.0015452599705031364,-157.0566826763896,0.050762590050336814,0.004388721306545595,0.00010923720333194851,171.38326322452428,1.2316358992854435
210_Narrow,2567810000.0,1.0306201890180156,0.0011621673672847737,-156.81842961247773,0.09177923693918337,0.004401672547798094,0.00010753760032678802,172.25450528084883,1.261329595894089
210_Narrow,2567812500.0,1.0278687276275027,0.001210150959633554,-157.1680869236285,0.08460883904495015,0.004412146256084296,6.005829025117207e-05,173.2003408001734,1.127725390106131
210_Narrow,2567815000.0,1.0308877362781883,0.0012578677479938793,-157.7521043320986,0.05840608420712003,0.004346404094185876,6.971880702176292e-05,172.03169988888638,2.127796189452683
210_Narrow,2567817500.0,1.0314737126522857,0.0015795424951665581,-157.1004155617375,0.0559838643262253,0.004341035829285519,0.00013368303989405274,172.16425676282284,1.144342084144024
210_Narrow,2567820000.0,1.0268170544142383,0.0016362124083920116,-156.76287028300212,0.08118392864250785,0.0043342160255953706,0.00012030444314729146,171.88493716392335,1.7116270824272695
210_Narrow,2567822500.0,1.0191317237895807,0.0010280475442346411,-157.03350289423497,0.09107528524084485,0.0043265860702401335,0.00012164944731389651,172.09381664014413,1.28743864278469
210_Narrow,2567825000.0,1.0220288135207019,0.001519951523103562,-157.18571244551572,0.06822425817930235,0.004337909547277425,0.00012388092763459244,171.89618945104698,1.1152010758828006
210_Narrow,2567827500.0,1.0342728571524842,0.0014041757942768944,-157.1545480049585,0.0729021427452822,0.004381571314934644,8.305720753477296e-05,171.73769737678316,1.3819220172201592
210_Narrow,2567830000.0,1.0276543389237265,0.001490146412444218,-157.38956800135983,0.04133384922202161,0.004348026353401119,0.00010238033622666846,170.6513497874121,1.0635001672606637
210_Narrow,2567832500.0,1.0148079893211133,0.001041340717149152,-156.5247016517122,0.044935287153427636,0.004383177555831656,5.627301812124071e-05,172.12613381749645,1.1393220620643327
210_Narrow,2567835000.0,1.0286192091731428,0.0010042122342233519,-157.4089505225268,0.061781993984548395,0.004396626087011625,0.00011106769434630366,171.57880693408768,1.073299813932439
210_Narrow,2567837500.0,1.0237530421998253,0.0009836712187486366,-157.03661122259336,0.09654993338743491,0.004408800166574204,0.00010485802830519919,172.237423017648,1.217354840060735
210_Narrow,2567840000.0,1.0294077385072924,0.001169082514812283,-157.1634394542709,0.04924081264140149,0.0044426563058637646,0.00013812760440432676,172.06447925680555,1.1645544829248526
210_Narrow,2567842500.0,1.0210171309725113,0.0015306830362673168,-156.99268118462084,0.06942580334935625,0.004413655278988337,9.944099164348449e-05,172.0042787595709,1.7079807438128967
210_Narrow,2567845000.0,1.0196390718419,0.0007657452716913146,-157.36971789862184,0.09795627809624975,0.004339422214861923,5.834021291211366e-05,171.82675494247837,0.5698219834909866
210_Narrow,2567847500.0,1.0267489867021602,0.0012003578109773747,-156.9858035375318,0.09061128070238791,0.004401929572182279,5.860686733826929e-05,171.57342702922188,0.7399200268171909
210_Narrow,2567850000.0,1.019494263908968,0.0012400201264037786,-157.17221032541437,0.08019755357477215,0.004423787269074047,0.00010600869372732955,171.04109445131482,1.5981125189372147
210_Narrow,2567852500.0,1.0314992964120193,0.0005994986069038227,-157.28605612154624,0.06534783700758258,0.004400661979065089,0.0001402254527407271,171.2189998378587,0.939797222363561
210_Narrow,2567855000.0,1.0269023941023725,0.001231157711735649,-157.43044061947333,0.07548413936334458,0.004341410361603243,0.000108343228867938,171.8123131122757,1.2879391661539825
210_Narrow,2567857500.0,1.0341432415694973,0.0010695176559853362,-156.89346380317818,0.06329003313213354,0.004501087338435728,9.17912611380843e-05,171.37504606781667,1.6414119440405521
210_Narrow,2567860000.0,1.0255048808436247,0.0007215761223260867,-157.17855589344774,0.05753246941234784,0.004512353491777998,0.00010598169529015672,171.6212360978433,1.512606802295108
210_Narrow,2567862500.0,1.023115723550703,0.0017882304507778625,-157.41969517642994,0.09913109634657409,0.004402210240112912,0.00013347318666846053,171.27384903630713,1.5256317344983656
210_Narrow,2567865000.0,1.023731535234566,0.0012336272368981848,-156.974880120846,0.07595372886229579,0.004491568085417294,9.246716082013913e-05,171.8894433211276,1.4466300557597382
210_Narrow,2567867500.0,1.0207042267017208,0.0009249166075351364,-157.6267298891371,0.052377877157658556,0.004414529891463808,5.2236974480892355e-05,170.8809736659329,1.1752087911469353
210_Narrow,2567870000.0,1.0187484155055573,0.0011581039081239143,-157.67489479257702,0.07205866296125006,0.004463581567040888,0.00011657888712207828,170.84232843493345,1.4010161130371055
210_Narrow,2567872500.0,1.0291080189342972,0.0013681231390750238,-157.55023776049262,0.07915199541273867,0.004448361566752467,0.00010496000057423281,170.54823813850055,0.9517107811201954
210_Narrow,2567875000.0,1.0306450590158778,0.0008751077285725036,-157.6298694450017,0.080633119935519,0.004505674642709385,9.915309139009257e-05,171.27088427774507,1.3293780178866974
210_Narrow,2567877500.0,1.0157414937080023,0.0012580079125785774,-157.23586485072548,0.04954759366140139,0.004491834914570639,7.603435183844724e-05,170.89354355186703,0.8233768474951467
210_Narrow,2567880000.0,1.0204138993743805,0.0020640400260007502,-157.23562053642956,0.06548761426951187,0.004398079072239631,0.0001279723651864209,170.42107695730803,0.9063282916654309
210_Narrow,2567882500.0,1.0238643340273623,0.0010082818444990167,-157.4224618279063,0.07952454527241445,0.0045189846565622405,0.0001337174801089395,170.3959743133317,1.3089316736876022
210_Narrow,2567885000.0,1.0236738492854651,0.0014216614131567146,-157.5035362823637,0.04928817201297637,0.004429162366175553,0.00010527707688930238,170.54787690247804,1.6121998030709406
210_Narrow,2567887500.0,1.0268533435518434,0.0006901154391996606,-157.44557766810632,0.04777910278343209,0.00450098723630841,0.00011623670279826639,169.78187254986207,0.8501284014854131
210_Narrow,2567890000.0,1.0152329082487563,0.001003647226778227,-157.61778508766537,0.04365321518069368,0.004501144034523553,0.00015386696743257514,171.21141494211076,1.3052815602714236
210_Narrow,2567892500.0,1.0264330509885609,0.0011965320553415692,-157.48262532333902,0.057765860511311704,0.004500563340895296,8.997301581405302e-05,171.57267763687315,1.2489111254007943
210_Narrow,2567895000.0,1.0255928179125087,0.0013226712954409715,-157.72616680108754,0.08907418363473804,0.0044770662761784,0.00013855234311387356,170.62238725088795,1.6174171288345656
210_Narrow,2567897500.0,1.0168966734500604,0.0012855467568896094,-157.70901968577476,0.05716098926392285,0.004433694821828009,6.435414689262537e-05,170.4209507032741,1.1781544909506734
210_Narrow,2567900000.0,1.0243302044342937,0.0010361778488063352,-157.63809830775108,0.058687669161692484,0.004531056656820403,7.142778897671494e-05,170.1761390017908,1.0446368398488375
