Measurement_Mode,Measurement_Count,Frequency [Hz],S11_Amp,S11_Phase,S21_Amp,S21_Phase
110_Wide,1,1000000000.0,1.3692324432993916,133.64972243696133,1.1616113664613772,54.686375051739226
110_Wide,1,1010000000.0,0.9201761330643471,-156.27368904235036,0.9153759958212202,110.48553253205091
110_Wide,1,1020000000.0,0.7339666017819919,97.23119138058208,1.214583186556732,-136.66685291365303
110_Wide,1,1030000000.0,0.5238169282102731,58.56722630708722,0.4633929502487142,131.9323734746199
110_Wide,1,1040000000.0,0.6886210998136884,-36.77393653168711,0.7752351515175608,150.85013307308813
110_Wide,1,1050000000.0,1.0594786123723472,-144.88323940441393,1.0010930207784448,38.87054932856243
110_Wide,1,1060000000.0,1.2048119303765934,-142.79161069937453,0.4548832864122225,-61.00902934918095
110_Wide,1,1070000000.0,0.6426229770234476,-106.19927949921437,0.8630328222280907,36.88407987152922
110_Wide,1,1080000000.0,0.9245609562865951,48.07284507932452,0.7515900082976384,-140.57414483615995
110_Wide,1,1090000000.0,0.9427289690972962,104.48555465666989,0.7714392274666914,-175.35738779126754
110_Wide,1,1100000000.0,1.0650867522419973,30.840948586975816,0.8136792117531744,23.04086780126034
110_Wide,1,1110000000.0,0.9735549594887085,-144.5968617643332,0.8860456675388234,106.21822879102083
110_Wide,1,1120000000.0,1.1631193422988526,-50.48383925681298,1.0628545244505812,149.4019065383917
110_Wide,1,1130000000.0,0.3861003891752622,-39.85214506843829,0.9582295601820866,-59.8502787627959
110_Wide,1,1140000000.0,0.6183691846164537,-104.26249194188784,0.849053839838958,34.94320932499971
110_Wide,1,1150000000.0,1.092573205653808,118.82591248362331,0.5638528889324464,-146.1770735332453
110_Wide,1,1160000000.0,1.1319342046203538,134.5115140650456,0.859131411160946,-158.33183491378387
110_Wide,1,1170000000.0,0.5388651497845731,-92.60336622935915,1.0812379886881158,36.439088196866216
110_Wide,1,1180000000.0,1.0024905087903997,-112.7935923142361,0.7990587111559784,-157.74406300456295
110_Wide,1,1190000000.0,0.501419412604368,-63.986709828193604,1.0290325726013805,38.74090166890428
110_Wide,1,1200000000.0,1.1274043745596123,-45.94436602433416,1.3699575504381862,-136.36171069307915
110_Wide,1,1210000000.0,0.7308215312976242,28.3654922640203,0.7394182834686048,131.98444882748316
110_Wide,1,1220000000.0,0.39139539128264295,1.952656096199247,0.8965312070416713,-136.1273827984787
110_Wide,1,1230000000.0,1.1372919736684604,53.92087887345678,0.25047299419400804,-168.12806884191568
110_Wide,1,1240000000.0,1.0999027885317874,-57.10107627604304,0.9365955425713269,-5.412050946081229
110_Wide,1,1250000000.0,0.5460240027230481,-15.85426165165926,1.0801533926348446,-53.86367305875467
110_Wide,1,1260000000.0,0.5226471931140187,-143.79827482212195,0.8688446950421929,154.32026245386635
110_Wide,1,1270000000.0,1.3190873653606878,137.0378474303024,0.24590306052377464,31.757303394128833
110_Wide,1,1280000000.0,0.23148979689819912,-58.765892035406175,0.5707631877922817,-111.0818218308634
110_Wide,1,1290000000.0,0.7056596830221817,176.9418615756392,0.7786756390531563,-130.9676848958849
110_Wide,1,1300000000.0,1.1809413028933833,-123.8901334470864,0.9013880433455143,84.54063209861451
110_Wide,1,1310000000.0,0.3117931432593534,11.847215937309683,0.8417770301721637,98.55099915964308
110_Wide,1,1320000000.0,0.6642279804225723,-88.65239952531648,0.872082996194591,144.85493919120225
110_Wide,1,1330000000.0,0.9122715142867824,-152.31524077980689,0.967773051654903,14.863864015000594
110_Wide,1,1340000000.0,0.3250936602339588,157.32887559835848,1.1211178340029673,-31.48029766832786
110_Wide,1,1350000000.0,0.6439245188484419,-76.77385610545504,1.2233633744521086,-132.59800867517254
110_Wide,1,1360000000.0,0.7561104607019272,178.6895377080565,1.145326283530543,-131.9400984323554
110_Wide,1,1370000000.0,1.2608281853188703,-137.49152303868405,1.0355865312830945,-42.303964652896646
110_Wide,1,1380000000.0,1.024156575011264,-42.399102804670136,0.23996108352493214,-23.380444905392643
110_Wide,1,1390000000.0,1.0501990726561494,111.38187254992376,0.21266077772173692,-110.92528466769868
110_Wide,1,1400000000.0,0.4637000767290772,-14.364059863346277,0.5985177183327651,-141.08656579983005
110_Wide,1,1410000000.0,0.8849191333102301,92.63459618115081,1.0923944358002244,-39.36638889757817
110_Wide,1,1420000000.0,0.7634473827799705,-117.03606535339243,0.9953336605323921,-112.33495763343169
110_Wide,1,1430000000.0,0.7576985601322475,100.46112692059523,1.3231802870056222,46.239717306645744
110_Wide,1,1440000000.0,0.984802372266766,-143.54270181021639,0.943503593566457,-13.108287034747825
110_Wide,1,1450000000.0,0.7111628832865603,156.94486703563064,0.7284581036055285,79.01102076794145
110_Wide,1,1460000000.0,0.981588025605287,104.88834226766907,0.3536299640897275,107.80290111022516
110_Wide,1,1470000000.0,0.748989527228549,-55.13156983529653,1.2139305689174158,49.87627232097072
110_Wide,1,1480000000.0,0.8991532283588052,-133.6747131158483,0.9491127397497712,-92.13094522029665
110_Wide,1,1490000000.0,1.1381934110426677,-121.08678374199754,0.3078158331038322,-61.126063305899166
110_Wide,1,1500000000.0,0.8713228840585675,-120.83248527193403,0.4763965991485527,-46.20291559063062
110_Wide,1,1510000000.0,1.0258693695228658,72.27805068617499,0.9208109508180704,44.60278180578593
110_Wide,1,1520000000.0,0.9259140078713111,176.98804466103942,0.6676630712357404,-20.02935827895577
110_Wide,1,1530000000.0,0.6743170851951032,-131.4862005616555,0.7887535127246201,113.99778122882718
110_Wide,1,1540000000.0,0.05648385972397216,152.83240303277427,0.9680033489664781,28.1266617802963
110_Wide,1,1550000000.0,0.949074239178737,26.97397355913321,0.21590033181863583,108.36559403758076
110_Wide,1,1560000000.0,0.2262248145075106,-173.37311846749344,1.0019712614659415,64.16612479624811
110_Wide,1,1570000000.0,0.4979237688441642,95.02097881119016,0.4622796960547601,151.59074743791112
110_Wide,1,1580000000.0,0.49655780293339713,41.58893951100255,0.8224911542532792,95.01649658980213
110_Wide,1,1590000000.0,0.047653989205772275,-1.7259168770970896,0.8645085530715028,172.8164081263412
110_Wide,1,1600000000.0,0.7423033743748795,-163.53531782948426,1.2413974364597677,-138.33567338246522
110_Wide,1,1610000000.0,0.7426173387086907,46.35847735555615,1.2419250041793328,43.471036699139965
110_Wide,1,1620000000.0,0.6126074452308506,149.9576770273096,0.7095830704022106,-152.87601837708038
110_Wide,1,1630000000.0,0.8160480700832369,16.64300476743219,0.9090215158370986,-159.38646360705812
110_Wide,1,1640000000.0,0.4013078760224188,-33.35853487310396,0.4441862157970143,-139.60647487267585
110_Wide,1,1650000000.0,0.8803752139580258,-46.031784071011266,1.1295946647880415,48.65989176476244
110_Wide,1,1660000000.0,1.1885705558281017,-45.59846326589978,0.6722078665578494,-49.37383027943885
110_Wide,1,1670000000.0,0.27010676601068523,7.093293900918177,0.2685353976228964,-94.43322461849063
110_Wide,1,1680000000.0,0.37663968539768383,-112.19130527621736,0.6857184080846952,-133.60648161996505
110_Wide,1,1690000000.0,1.3241811379260258,-41.059155756315384,1.0437986489687685,142.6936070927045
110_Wide,1,1700000000.0,1.1984216486080717,135.0340799887775,1.2000005800438591,129.3683233608654
110_Wide,1,1710000000.0,0.6031678612891753,-140.70055853342734,0.29030287555515616,-133.00441640065543
110_Wide,1,1720000000.0,0.4852090469382427,-39.72076306272135,0.08398878383198984,-121.29237372268096
110_Wide,1,1730000000.0,0.97772079044936,60.86074712800487,0.3240106269072616,125.22674552032338
110_Wide,1,1740000000.0,0.12159559990569915,46.03970255685144,0.6441884188002998,43.93076260964043
110_Wide,1,1750000000.0,0.6730673479913626,131.8771128989284,1.1359129580710416,-46.6962654278782
110_Wide,1,1760000000.0,1.0281881384186244,129.05647986205136,0.551004561307581,16.11208384329526
110_Wide,1,1770000000.0,0.9156790381628476,-36.931159313849406,0.9280094438180757,-22.751294774181964
110_Wide,1,1780000000.0,1.2688953926509248,41.44958302155271,1.2673004082554622,128.537696259683
110_Wide,1,1790000000.0,0.7659490744006762,77.65666622160829,0.2551309547642672,-87.48968886195202
110_Wide,1,1800000000.0,0.7172176382016494,-4.349894702664945,0.34281442365473713,-52.12889623473605
110_Wide,1,1810000000.0,1.1668608290860885,-127.04342722509719,0.6055028268464888,-159.76436865252987
110_Wide,1,1820000000.0,0.8790845558726441,158.03447615491297,0.3344867617897127,84.9835567900706
110_Wide,1,1830000000.0,0.8397977557135133,-124.84910528312648,0.7767721468423261,17.275358554747402
110_Wide,1,1840000000.0,1.1722826039301408,45.91870636456435,0.8067101181809557,-161.05884532804663
110_Wide,1,1850000000.0,0.9975990741342691,-134.67342425094142,0.6732318010347497,166.26956544932668
110_Wide,1,1860000000.0,0.8714685529935727,6.426742911720343,0.9092803777995034,-165.07643975030223
110_Wide,1,1870000000.0,1.3375159683560478,-41.949236681642105,1.3222210271527817,-138.74836347392693
110_Wide,1,1880000000.0,1.0324433472136083,-158.18001024667305,0.6926743184404155,13.470833482092312
110_Wide,1,1890000000.0,1.1486368223637056,-143.62201460890802,0.5142652582715954,58.43297211495905
110_Wide,1,1900000000.0,1.054851248442306,-23.200370726773684,0.8896923415167878,-99.57774757947224
110_Wide,1,1910000000.0,0.8425419281231689,48.2584747532025,0.6725108865067937,64.49665897797269
110_Wide,1,1920000000.0,0.4991992322282876,-63.644060232938884,0.6642337879863258,45.084940276808574
110_Wide,1,1930000000.0,0.6975488507314378,-156.39272589520473,0.5777509242691482,-178.33015271761124
110_Wide,1,1940000000.0,1.0585889335384302,49.46737382408266,1.1160647196387912,47.70854805555593
110_Wide,1,1950000000.0,0.8702696568381175,172.8387248628897,0.40039121556865565,64.96833589982649
110_Wide,1,1960000000.0,0.9770330875396566,31.417634285703503,1.1745040298443052,-35.38882216856638
110_Wide,1,1970000000.0,0.7398086879536488,172.17020780869223,0.5791723122789784,-47.00332735937453
110_Wide,1,1980000000.0,0.7965521104133415,175.30029668868585,0.8228931784542641,139.31768677155316
110_Wide,1,1990000000.0,0.5080007294984273,27.63595625305765,0.35971767835870977,127.67481904935208
110_Wide,1,2000000000.0,0.6467070227406259,-45.43668901260603,0.9354111092563258,60.06503054240107
110_Wide,2,1000000000.0,0.9167836772504601,-167.2445898301904,1.2754566408367196,129.12247389245405
110_Wide,2,1010000000.0,1.082292713620811,35.21728494968163,0.7987965008381961,-30.381367219566453
110_Wide,2,1020000000.0,0.8748341728057334,-78.65999314640285,0.6053744069018224,-118.1129970171106
110_Wide,2,1030000000.0,0.1405264628322083,152.2827222287784,0.5129156523386567,123.29146908697399
110_Wide,2,1040000000.0,0.8160928062232754,-107.03652085004421,0.24266434169124895,58.24305627548372
110_Wide,2,1050000000.0,0.702745426561703,-88.81248318776996,0.9849385572379348,-17.173710168146897
110_Wide,2,1060000000.0,0.9234121788366452,-56.08710846654798,0.8770900917342423,-55.06064800857026
110_Wide,2,1070000000.0,0.806228264751453,12.090494233043344,0.958324477644742,163.0885317154889
110_Wide,2,1080000000.0,1.037459604221793,106.35312204399678,1.1969841117017623,-49.018434902470766
110_Wide,2,1090000000.0,0.4776942662366979,123.4075641056357,1.066099486849142,-52.34872737856388
110_Wide,2,1100000000.0,0.30359565821865026,59.535939998525556,0.7801964965096234,86.21791549137802
110_Wide,2,1110000000.0,0.9164412351504018,-17.81488674907457,0.9249965920921257,0.5697825870496359
110_Wide,2,1120000000.0,0.5391162286077043,102.62937752833311,1.3424991699391962,134.58501681585963
110_Wide,2,1130000000.0,0.9389235023967746,-121.96793017539444,1.107651260647609,-149.6561813342116
110_Wide,2,1140000000.0,1.0483378995012858,18.491780690170653,0.4046225220605845,-171.94891498667616
110_Wide,2,1150000000.0,0.7493438048288212,18.122133093494213,0.7170136943477655,91.20702996168595
110_Wide,2,1160000000.0,0.4578995011627283,7.242586315631749,0.891838844961294,-108.06230968637489
110_Wide,2,1170000000.0,0.8498931996736389,-50.56711647124768,0.6986853464606997,-106.07570561884278
110_Wide,2,1180000000.0,0.6068549128523834,174.7532048824285,1.2718409757614406,-48.23001818342206
110_Wide,2,1190000000.0,0.07411092669551943,-28.466195202294042,0.5176802058510054,112.17044852877072
110_Wide,2,1200000000.0,1.101515614638326,-36.12225347532629,0.9324308809207416,126.11637540945765
110_Wide,2,1210000000.0,0.29587424723014455,-91.92559689827627,0.8055217201830787,-166.91117524825736
110_Wide,2,1220000000.0,0.7174094176092677,-59.01579198547833,1.1299461385751242,-139.48721422676786
110_Wide,2,1230000000.0,0.7713274751001133,-98.00753321877224,0.6665834040161046,-77.59037801167868
110_Wide,2,1240000000.0,0.7352979067863732,-31.911693293487193,0.4661115472740364,-47.64361157527636
110_Wide,2,1250000000.0,0.9353034058619573,-88.73376234913428,0.17762962526351694,169.27102620454252
110_Wide,2,1260000000.0,1.030162887834685,-38.32348986630276,0.7936466614628359,-98.0578466210726
110_Wide,2,1270000000.0,1.0553971796559714,-64.15442622217513,1.0808018522984604,-52.70848375191827
110_Wide,2,1280000000.0,0.2954676517980508,58.36322131751501,0.7199889471991944,77.62379265421907
110_Wide,2,1290000000.0,0.7683701411786903,12.766451648150339,0.955544844160846,46.68478853071598
110_Wide,2,1300000000.0,1.0361215005545714,128.82230110515457,0.8039812021798657,175.2922006019794
110_Wide,2,1310000000.0,1.2549839161717196,-141.02239759441818,0.4124875173916245,67.83128484937565
110_Wide,2,1320000000.0,1.0782666658181257,-50.392247494165325,0.8817712130680545,112.22479427039103
110_Wide,2,1330000000.0,0.23663315914161476,-127.66545195380901,1.3507017665739107,-133.23238026190137
110_Wide,2,1340000000.0,0.15202101158854675,10.18603418182607,1.0294403814993163,-40.754839034517246
110_Wide,2,1350000000.0,0.8784263677475513,151.03088968807867,0.9473780210322807,32.4073828458344
110_Wide,2,1360000000.0,0.37265715681841016,-15.939216081901165,0.6513600657635215,-54.67533974110556
110_Wide,2,1370000000.0,0.7443559275829139,-63.32220642991089,1.239752227620372,36.37722059680258
110_Wide,2,1380000000.0,1.009528302645008,-60.72017256296584,0.8034338074417213,30.138347768599058
110_Wide,2,1390000000.0,0.8417431851729571,60.196142770510804,0.33803610352190844,-103.93736825830997
110_Wide,2,1400000000.0,0.4817533012363636,-58.79236570122528,0.6237910201632447,-106.92696931707869
110_Wide,2,1410000000.0,1.2668360756209422,-39.81230094204068,1.0093377430895139,-119.12933387411111
110_Wide,2,1420000000.0,0.29484623109970165,31.376237697586802,0.8609923231220192,45.475907315055885
110_Wide,2,1430000000.0,0.8411177661097073,-128.22255344141027,0.21400129466477044,-88.7082096682207
110_Wide,2,1440000000.0,0.385512303849023,-152.4089482335285,0.8298110812775402,-8.01592024852155
110_Wide,2,1450000000.0,0.7336433810396883,88.35158614634136,0.8653164595367383,-24.887157232250672
110_Wide,2,1460000000.0,1.178602599645066,-55.57495378331296,1.0255243613208092,-74.66394060699658
110_Wide,2,1470000000.0,0.8333586081920639,-21.00919093670766,0.7190613329368661,-102.29001353072435
110_Wide,2,1480000000.0,0.7851740264445204,139.5862670757953,0.4335486034397817,41.812495292165934
110_Wide,2,1490000000.0,0.9061273866545677,177.21975378520432,0.5786844868445861,60.202926295493285
110_Wide,2,1500000000.0,1.2447696266003543,-127.69513858614827,0.3365631017097374,177.12112213729245
110_Wide,2,1510000000.0,0.9291714189583423,118.10064702535723,0.9430398746606965,-0.9787044221214175
110_Wide,2,1520000000.0,0.5703776409410117,-17.008832693584417,1.1121280030968448,48.40108005158087
110_Wide,2,1530000000.0,0.7583486831029707,108.61494177155937,0.4010580363688802,-41.914354894588904
110_Wide,2,1540000000.0,0.6289495412629046,167.11652346774954,0.8584699358511929,-124.40078074830002
110_Wide,2,1550000000.0,0.3901769174788648,128.86612481264362,0.8317464287338192,-77.58357764645783
110_Wide,2,1560000000.0,0.9394791377864963,-125.67997587169816,0.8635052310650669,51.51513025810005
110_Wide,2,1570000000.0,0.7256227696702192,105.00702225134121,1.268776693532647,-50.08457563898367
110_Wide,2,1580000000.0,0.4381229534242333,57.319996716692486,1.146504297105698,-147.24209307036887
110_Wide,2,1590000000.0,0.24584752041899513,144.59511344046513,0.466426889628926,108.09648350892235
110_Wide,2,1600000000.0,0.8335940178963713,-50.845677452167024,0.45018259544720496,-15.502500914219146
110_Wide,2,1610000000.0,0.9577043319996673,-112.36652378165009,0.6042917406424704,-51.30121615847704
110_Wide,2,1620000000.0,1.1352087977100171,-145.36411827562083,0.9153726672594031,154.045790820505
110_Wide,2,1630000000.0,0.3835791631676874,83.8781949752663,0.29906266464484516,-81.99196754186386
110_Wide,2,1640000000.0,0.77224653171186,162.28464153727117,0.46250846566177517,6.1253255268425635
110_Wide,2,1650000000.0,1.0991821540691993,-120.03182930680141,0.3700337039864798,113.2143703383291
110_Wide,2,1660000000.0,0.8440497598983047,18.848713994764807,0.837248678582789,-20.378917913383084
110_Wide,2,1670000000.0,0.9093004843425893,32.633283548137356,0.7096064554222578,-105.81211703301433
110_Wide,2,1680000000.0,0.3540449119022426,-0.36482183755951164,0.7010305149301909,-2.8473466959478726
110_Wide,2,1690000000.0,0.34246723035545423,-15.161214353109417,0.5162679757396971,93.51245440698068
110_Wide,2,1700000000.0,0.426349655993574,-73.21809171729355,0.9148660202588397,30.07613965650901
110_Wide,2,1710000000.0,0.18072983834067372,-21.68238683343446,0.7934031389818196,93.4030792150685
110_Wide,2,1720000000.0,0.9283814712000017,-108.5662170372927,0.9055936347259007,-114.2165021698375
110_Wide,2,1730000000.0,0.6915421796520311,56.39662423910356,0.6304979009273829,63.33417706835348
110_Wide,2,1740000000.0,0.7588340227898627,-92.83642696493995,0.700529320916746,-35.34582183619889
110_Wide,2,1750000000.0,0.8682687568978228,5.102670575872982,1.022855323189362,48.65015548427631
110_Wide,2,1760000000.0,0.9143076853133086,87.48108330809119,0.3618947856713651,118.12147752654354
110_Wide,2,1770000000.0,0.6767015289674267,-13.212762521008367,0.49393044777126327,156.75539202162523
110_Wide,2,1780000000.0,0.8244829487103822,62.42623565405118,0.25364089506603144,105.16175594706522
110_Wide,2,1790000000.0,0.7274174702706145,-1.054973948710716,0.9927038856773341,-34.913204676927954
110_Wide,2,1800000000.0,0.8288400040485162,-151.16503474986905,0.5767376142663926,-136.12621933624035
110_Wide,2,1810000000.0,0.544134142102443,31.86816080531381,0.35271050859424335,159.22496193748114
110_Wide,2,1820000000.0,0.5275542242436935,-69.49802828149919,0.24468868125233148,-120.38980160873776
110_Wide,2,1830000000.0,0.9641631587298455,162.4620680086069,0.7360715520223788,18.57023101529612
110_Wide,2,1840000000.0,1.0370630942716264,-110.1562337409952,0.5063328926428983,80.23469397686029
110_Wide,2,1850000000.0,0.8778295432212915,31.85571119880528,0.8271603299006307,-136.12261443334802
110_Wide,2,1860000000.0,0.7032569948962045,-166.9705502461777,1.1235381928833423,-125.13134051531101
110_Wide,2,1870000000.0,0.8583739627888138,33.37206959082712,1.1527870658983017,-40.446531719725684
110_Wide,2,1880000000.0,0.03775854088261029,35.993819608192226,1.035989166347295,35.72695987219107
110_Wide,2,1890000000.0,0.9300954115446263,22.844784936097106,0.8704500809619653,-144.360660856649
110_Wide,2,1900000000.0,0.5638960827801935,172.47713545520415,0.9948765093626073,-171.25304933237274
110_Wide,2,1910000000.0,0.9000019728863496,-106.37176119487879,0.9066726680551769,-94.02831246865209
110_Wide,2,1920000000.0,0.6720644324057606,-148.48635294446254,0.38219797706507586,-142.42716800195987
110_Wide,2,1930000000.0,1.2392756657513295,-139.25723168385602,0.7735884875900412,-11.437325204020679
110_Wide,2,1940000000.0,1.0575388332307183,109.59470663125572,0.9672846051495143,22.612237039308653
110_Wide,2,1950000000.0,0.9287740309338932,71.20436679057784,0.9153741114571095,-23.488517354944037
110_Wide,2,1960000000.0,0.6704530445651321,-175.58906064446577,0.9025566713777785,32.46687506525408
110_Wide,2,1970000000.0,0.6792445474933162,19.553733873913437,0.9810260161624631,156.2123839874499
110_Wide,2,1980000000.0,0.19374451717160482,-71.94479502071522,0.17737942413660598,145.76139752010042
110_Wide,2,1990000000.0,0.8503280193192285,-142.24293429595417,0.9420838710871197,-59.530084753121976
110_Wide,2,2000000000.0,1.098635457032366,117.0137256968947,1.2419872465332875,-137.4913092064103
110_Wide,3,1000000000.0,0.8047145250790276,39.65971094233932,0.7825614200093413,101.97436792755732
110_Wide,3,1010000000.0,0.9233517757486919,-57.3794382479459,1.1606449256765174,121.6237400261653
110_Wide,3,1020000000.0,0.2263404007689064,32.22269754103116,0.5821659874842672,-86.221424839103
110_Wide,3,1030000000.0,0.6087961047095567,32.855336683606836,1.2712703487831543,-129.02695467211626
110_Wide,3,1040000000.0,0.9448329221738642,-178.0012492597701,0.26461942914646297,172.88855757940752
110_Wide,3,1050000000.0,0.522272815358527,46.74571202234612,1.1385701942649338,-141.28202422979106
110_Wide,3,1060000000.0,0.8851458792238924,-96.18555379105854,0.08872997953246198,-62.448686312533546
110_Wide,3,1070000000.0,0.9916414450345411,-10.3540179331746,0.7556052911175819,-80.82658130106358
110_Wide,3,1080000000.0,0.7171386276981071,69.28858546720063,0.873693356644473,-30.196788112752465
110_Wide,3,1090000000.0,0.7713658044235702,101.32119888703303,0.40684882784295434,-69.49820932313156
110_Wide,3,1100000000.0,1.0102557373325354,-52.02915401010403,1.1355822466325318,-130.41547210699284
110_Wide,3,1110000000.0,0.2970936028961549,147.46252029652686,0.5122183968111702,161.59842477643087
110_Wide,3,1120000000.0,0.8256710912905468,38.435339663810794,0.883759362831501,154.0653373362962
110_Wide,3,1130000000.0,0.7810913295006883,121.92849170986598,1.3673595431024717,-136.34391912448473
110_Wide,3,1140000000.0,0.3310954453978556,-57.8671842511011,1.1595989646030893,46.137773857357224
110_Wide,3,1150000000.0,0.9054794985149586,-29.10981299457025,0.5065682395829436,-85.65918545669767
110_Wide,3,1160000000.0,0.42475071021298716,38.14362028074411,0.67550357779514,110.17988576635872
110_Wide,3,1170000000.0,0.4218350721522813,-9.336432560889092,0.8692711478413615,39.86337976082777
110_Wide,3,1180000000.0,0.7909956001084008,-45.25542676247268,1.1464933631636376,-132.5752583572972
110_Wide,3,1190000000.0,0.38121933973970734,86.99801661476263,0.8860065195667364,-123.34927533620122
110_Wide,3,1200000000.0,1.124340517108154,-151.71624310711593,0.40070419250011363,83.08473553374108
110_Wide,3,1210000000.0,0.7678685416095228,-56.302259720508104,0.42743830314242337,-162.20077429456882
110_Wide,3,1220000000.0,0.9557614392100651,-165.93663354625392,0.5506704780196624,-104.87819804228877
110_Wide,3,1230000000.0,1.1453406155405077,-29.512199286025776,1.118547751449086,41.90670869541615
110_Wide,3,1240000000.0,0.20599251022543294,-91.11055284341262,0.929335934956162,165.68853088958468
110_Wide,3,1250000000.0,1.1591995337428334,38.816881125874694,0.5061856668151918,-157.74954921933377
110_Wide,3,1260000000.0,1.1631672416304546,-49.99921176373138,0.9881471370270603,62.27820869278185
110_Wide,3,1270000000.0,0.4968532635095239,-163.6977981743398,0.2975218668833267,-83.87820076542299
110_Wide,3,1280000000.0,0.5684693049732643,127.58306186017225,0.8562961324976303,-21.619187157488728
110_Wide,3,1290000000.0,0.6565446657972565,-95.28792917810065,0.8591186711018366,-7.945506990654846
110_Wide,3,1300000000.0,0.9456124162031845,-159.06307599706173,0.5374761439784397,105.00742925695593
110_Wide,3,1310000000.0,0.7170517819355983,-37.85656025458835,0.7590438292973893,59.86929178815208
110_Wide,3,1320000000.0,1.0734720238762667,145.05616461902414,0.9764209638738777,-126.90128921592255
110_Wide,3,1330000000.0,0.9748900269535998,77.14463109734162,0.41049361187761724,-45.514522769892544
110_Wide,3,1340000000.0,1.1410420816298124,142.4155939496769,0.5959409644093508,179.15505858156652
110_Wide,3,1350000000.0,0.9111134068991812,133.67378524909037,0.7869922236803304,-67.46633214137178
110_Wide,3,1360000000.0,0.8009800558631481,-74.89787952129254,1.0304047059369368,-142.62245879268036
110_Wide,3,1370000000.0,0.7862090785746044,-143.20055612879918,0.8124740688875364,-138.32483518943894
110_Wide,3,1380000000.0,0.8162830218611146,-55.48577611644965,0.1662075552863811,-173.23946091703735
110_Wide,3,1390000000.0,0.5714721025050451,-84.09509454166454,0.8514303262377101,-126.77720346750354
110_Wide,3,1400000000.0,0.48723667429476053,46.785285073363816,1.121446993572622,-143.4188213736019
110_Wide,3,1410000000.0,0.9366548415358744,-97.98639792390064,0.6867219567368921,81.12060539560271
110_Wide,3,1420000000.0,0.4721190798209694,-157.24046341968062,0.9157725490064079,9.146605083337274
110_Wide,3,1430000000.0,0.7728442566854437,-77.29462141451407,0.9569337808508235,-110.22166094679457
110_Wide,3,1440000000.0,0.9427588603942157,63.41265029545818,1.2956770166347433,-130.27453810792335
110_Wide,3,1450000000.0,0.6633876268720793,88.46110420500794,0.4813609916823955,-53.2107620375802
110_Wide,3,1460000000.0,0.8530791073201139,-154.20931939506357,0.8686568048236852,54.643585712608974
110_Wide,3,1470000000.0,1.3118423811253086,-132.9310632051295,0.991834565383175,-48.429200689446276
110_Wide,3,1480000000.0,0.6491432686015325,-27.910453506645947,0.7673362646878533,43.30088878577223
110_Wide,3,1490000000.0,0.41368301338352353,-57.49823098902401,0.47685645005980937,-43.86957284804159
110_Wide,3,1500000000.0,1.0026636383767702,-111.53036100352683,0.7952915249846437,-38.26363566356063
110_Wide,3,1510000000.0,1.0548830460451422,150.83663195594875,0.5024700209516507,-85.67879658556826
110_Wide,3,1520000000.0,1.0627910616948915,-115.92702422960501,0.8575265411154296,-52.870154491790366
110_Wide,3,1530000000.0,0.5714254976392915,-83.06011552586166,0.9705783371839564,85.40241397766296
110_Wide,3,1540000000.0,1.0174449365839215,64.28396773807813,1.2285341336607365,-137.8598598356863
110_Wide,3,1550000000.0,0.8315614239208843,-5.441304901989357,0.7178342588056662,63.64779505610074
110_Wide,3,1560000000.0,0.6167458298776902,-28.286434751719657,0.4958995594796335,34.76449499938097
110_Wide,3,1570000000.0,0.9404504218112136,-127.03078304371269,0.4100563643531787,-51.415838669501866
110_Wide,3,1580000000.0,0.9170299645936648,150.65500297833577,0.9808415450920895,-116.36393643704373
110_Wide,3,1590000000.0,1.0474036102024378,122.52608572082023,0.5560836997179549,76.07898634940783
110_Wide,3,1600000000.0,0.7266124530908725,111.64692015258564,0.9614681513101611,-117.74771007802268
110_Wide,3,1610000000.0,0.9731233038618613,-105.45082049882629,0.7635358895782663,67.89863490276223
110_Wide,3,1620000000.0,0.9337159466816178,-63.347683662810425,0.13154028956741604,-93.25966952983788
110_Wide,3,1630000000.0,0.8920451362270965,-102.42837740189067,0.6954045087981088,-88.72909853086017
110_Wide,3,1640000000.0,1.2200546611494572,42.181985248477645,0.33586567742490486,-156.77302573802834
110_Wide,3,1650000000.0,0.8589184154582727,-126.75265984618979,0.186977705479845,159.40293325262007
110_Wide,3,1660000000.0,0.7393947576085869,161.27147645166835,0.8091386763654302,-100.45245874954371
110_Wide,3,1670000000.0,0.2384779701229037,32.44119153934433,0.3595867735587805,127.05966301127067
110_Wide,3,1680000000.0,0.8969861609776613,-51.70770088690633,0.19371085848070185,100.38726163322555
110_Wide,3,1690000000.0,0.9459316612655575,32.570517711465264,1.0611009021593014,21.02310984909509
110_Wide,3,1700000000.0,0.777971330598031,-132.9165181676651,0.07961894369220411,29.661154298859284
110_Wide,3,1710000000.0,1.0147451170403468,12.826743850530304,0.5482250484300013,-160.6736311550972
110_Wide,3,1720000000.0,0.5262988797899255,-139.21598118553004,1.0437227945356498,-43.68404240818889
110_Wide,3,1730000000.0,0.8998570163288,42.38638111350768,1.1907939404312256,36.84203828893902
110_Wide,3,1740000000.0,0.847070893941912,-76.15726651385725,1.1184146152792531,147.35913591014022
110_Wide,3,1750000000.0,0.26702841734564975,-106.28782284091204,0.7322027803548534,5.133614516348615
110_Wide,3,1760000000.0,0.612519052499336,-119.62165812865278,0.3504528393807902,152.92599637434685
110_Wide,3,1770000000.0,0.7112283461894414,-73.92184676740708,0.9710316403892186,-117.37253684221055
110_Wide,3,1780000000.0,0.7502419735132865,35.106068573767395,1.143672224237321,-35.64728715946898
110_Wide,3,1790000000.0,1.2268099798144265,142.40818835446998,0.4294476884988928,21.29439075432428
110_Wide,3,1800000000.0,0.4226874758514457,169.666558514416,0.9901185418776508,-24.251508444702093
110_Wide,3,1810000000.0,0.6738254252246443,143.56450182061818,0.88964071946622,-114.31621835864567
110_Wide,3,1820000000.0,0.20556931479278584,106.6142335380886,0.29501034733190507,-77.97305402292548
110_Wide,3,1830000000.0,0.29956088882602644,46.542904784970744,1.0519850619238278,-118.38169787705903
110_Wide,3,1840000000.0,0.9665215058227925,-58.96671671085473,0.8977415680869522,176.95279998716327
110_Wide,3,1850000000.0,0.6937302180510905,8.001727074496891,0.541303964521751,116.75239699848726
110_Wide,3,1860000000.0,0.8994489096234822,-59.58123465344252,0.8199621674511075,-166.54410308272884
110_Wide,3,1870000000.0,0.8878083777986805,-114.73219588450512,0.8028310199111987,172.6323014334746
110_Wide,3,1880000000.0,0.37352649665277665,-14.188313836108119,0.6717657232275394,30.61369195199884
110_Wide,3,1890000000.0,0.6902345918058624,-162.5075094876756,0.09058243712741004,22.28258004889689
110_Wide,3,1900000000.0,1.2713121305048363,43.397050229861705,0.6755247400725513,-142.5594869192897
110_Wide,3,1910000000.0,0.48862768868432904,-92.58847656639273,0.25856625179855525,-173.76435568504738
110_Wide,3,1920000000.0,0.5188985608032488,112.94422077523139,0.5316038546607722,134.53966775151468
110_Wide,3,1930000000.0,0.9927815650077174,-19.16766625107398,0.6667912962440002,-150.41074570756572
110_Wide,3,1940000000.0,0.505987145525144,103.6295542367077,0.8112660086380853,120.76391137846853
110_Wide,3,1950000000.0,1.0558178466005679,-146.4696058816609,0.6572744443522812,64.97513291966555
110_Wide,3,1960000000.0,1.1106320014944497,41.77705200673138,0.9548153390054362,41.97168290135415
110_Wide,3,1970000000.0,0.6596846311332819,-14.990066419609,1.1028336153965872,-55.995446290114856
110_Wide,3,1980000000.0,1.1372193068643484,125.70595168638484,0.6310683648065706,135.94650242474296
110_Wide,3,1990000000.0,0.8835866139287823,-38.270217180988055,0.7673780356953378,-57.075537982143885
110_Wide,3,2000000000.0,0.5341984902744544,-105.66788935126704,0.6604993509317415,104.26438154828473
110_Wide,4,1000000000.0,0.7314471182901422,172.76979090057262,1.033395189547199,31.747963828963034
110_Wide,4,1010000000.0,0.4345236009362744,-138.31884897155055,1.0327730248394522,-137.31647132367078
110_Wide,4,1020000000.0,0.8957597903473002,-140.31124075334316,1.008820407759147,-104.51016893874936
110_Wide,4,1030000000.0,0.9756333900843837,2.662680662080829,1.1159371514829548,119.68298541046526
110_Wide,4,1040000000.0,0.8483515936348768,132.9852564028588,0.6638510679854216,149.63741200429584
110_Wide,4,1050000000.0,1.137547338953907,-119.76795630186847,0.8938430607139933,-95.50791033377804
110_Wide,4,1060000000.0,0.826079368176949,-169.714100964263,0.8771630253067465,84.39566682712201
110_Wide,4,1070000000.0,0.8292215810472124,50.630641871647626,0.8077227837728719,136.99124992606306
110_Wide,4,1080000000.0,0.3631459638422243,69.6822647630295,0.695976870468461,148.29425105011154
110_Wide,4,1090000000.0,1.2358740699997859,-139.88143567834908,0.6413462177069168,29.257933344186366
110_Wide,4,1100000000.0,1.1018540769629996,30.05384675585739,0.9730777733575641,-40.85439365405394
110_Wide,4,1110000000.0,0.7969096762009972,112.64633620229273,0.7868628354395437,144.9298657571547
110_Wide,4,1120000000.0,0.25094744787566764,85.1186723851263,0.7406621583755614,-122.8772589650721
110_Wide,4,1130000000.0,0.1942916630211665,-92.8920905572489,0.5078465856975417,-40.92839214493038
110_Wide,4,1140000000.0,1.1007273421383876,59.100645701471414,0.24236234583063576,-39.04005543575147
110_Wide,4,1150000000.0,0.9059109288081988,130.13978152718613,0.16335499295094266,84.88270286780701
110_Wide,4,1160000000.0,1.045793017088451,39.28705722396801,0.8190328267771653,-99.89364668653216
110_Wide,4,1170000000.0,1.134369636686067,138.6021834802841,1.1505595891221383,125.8193804424772
110_Wide,4,1180000000.0,0.20511079441925523,-45.95710167432652,0.782919921694201,-62.52830259495224
110_Wide,4,1190000000.0,1.1664598148257672,32.99472142577629,0.7948048854340318,-32.535523668653624
110_Wide,4,1200000000.0,0.7227273555715387,3.571979421009875,0.382918849153706,2.146649706960202
110_Wide,4,1210000000.0,0.29491049395838037,64.22319251656003,0.9460985643575457,147.69144155318025
110_Wide,4,1220000000.0,0.2879009982216254,-41.39695530444021,0.652965618604362,8.212065459207189
110_Wide,4,1230000000.0,0.4674562646426984,10.03846528771027,1.0938252616271948,25.080639340342785
110_Wide,4,1240000000.0,0.40322079186417803,-88.28602069299149,1.0625055351057924,-123.07974511717366
110_Wide,4,1250000000.0,0.297387033076103,179.5947819242414,0.818504691372702,141.00642408685005
110_Wide,4,1260000000.0,1.1143295385144916,51.59246608574882,1.216093974950496,127.20039797020802
110_Wide,4,1270000000.0,0.7893222270965053,108.09335829582855,0.8181271924407274,135.0393289660511
110_Wide,4,1280000000.0,0.8028137797932826,41.32985319273137,0.5896004519344064,146.6587502588024
110_Wide,4,1290000000.0,0.6567861122379292,161.90375220368355,0.6034026468498934,58.93207048488558
110_Wide,4,1300000000.0,1.0839560461631805,-31.715407727624992,0.47269819019153597,17.363967534119453
110_Wide,4,1310000000.0,1.224047040378924,-138.83281187022007,1.2046861764655112,-48.06101312144775
110_Wide,4,1320000000.0,0.9521989739182443,-158.92362519213756,0.8628617302459646,94.56897562398878
110_Wide,4,1330000000.0,0.7237954603865039,-37.495948837080995,0.7084848860850655,-78.83586600366276
110_Wide,4,1340000000.0,0.44923513397063325,-167.03955836945894,0.5911337146439594,-121.25874503734548
110_Wide,4,1350000000.0,0.999153018357185,-26.809431867774496,0.7867651142981201,-168.33806196223793
110_Wide,4,1360000000.0,0.9010249420775357,-174.53232529324913,0.8146686907007128,110.63910439222148
110_Wide,4,1370000000.0,1.272041291746701,-131.80784802137612,0.8769251087823394,-162.610109178805
110_Wide,4,1380000000.0,1.0366133762303442,19.003408071502115,0.5360839727108576,81.02063344319465
110_Wide,4,1390000000.0,0.8716666352196062,-34.50820344175259,0.03501068199054564,87.96734005164662
110_Wide,4,1400000000.0,0.8812306093003482,-17.279190759661258,1.0003542942714179,-124.91318064177362
110_Wide,4,1410000000.0,0.4590480003550777,-0.34748806893936224,0.8477426127552138,-113.7249238625986
110_Wide,4,1420000000.0,0.558492924175,90.20232528760143,0.8947226975329431,-45.03222317863493
110_Wide,4,1430000000.0,0.45468241422451816,-6.292592752882065,0.28940187870060347,7.045212897054433
110_Wide,4,1440000000.0,0.7184279667821557,-5.502322556449888,0.3444986871168528,107.17675161262994
110_Wide,4,1450000000.0,1.1912107318932403,140.03616745107755,1.1706019496122633,143.47453626990827
110_Wide,4,1460000000.0,1.0439549888651178,160.31620737498585,0.7117382280518452,-85.42902493489746
110_Wide,4,1470000000.0,0.8074740956011698,138.5702732302163,0.7751611541417993,-56.3074494991355
110_Wide,4,1480000000.0,0.4042594174462888,-123.95095731568829,0.37924964232571223,79.13577649996176
110_Wide,4,1490000000.0,0.711179161310769,-49.14783480639305,0.6148475829038155,105.38051836372834
110_Wide,4,1500000000.0,0.7674985031536439,92.74308928161759,0.67636726703166,-110.65736940315774
110_Wide,4,1510000000.0,0.6825781042827195,-168.67038486370097,1.1433344008930941,-136.41821528037406
110_Wide,4,1520000000.0,0.4290736248993246,-176.6876305305355,0.9841949700529518,141.43987841530978
110_Wide,4,1530000000.0,1.040820337224208,-36.05684989483919,0.8399666814719842,148.7443751235408
110_Wide,4,1540000000.0,0.609530993907179,115.67963306481012,0.8800266596439441,-48.02612999456087
110_Wide,4,1550000000.0,0.8882118165770898,122.82760909215942,0.8929812585671242,-72.94916742613789
110_Wide,4,1560000000.0,0.291946914166445,41.42981154655989,0.6696500053548365,134.86630211184266
110_Wide,4,1570000000.0,0.7974913133194595,-48.7060750199955,0.5064870639533596,-16.715488783152207
110_Wide,4,1580000000.0,0.9388935749186914,-102.95826599284824,0.6562105629408517,43.741193797743534
110_Wide,4,1590000000.0,0.8069864341595899,-141.34616251520026,1.1187903728977404,-117.86003779725317
110_Wide,4,1600000000.0,0.6209284358749475,-175.21811401172903,0.9250933064598803,-133.2722795730689
110_Wide,4,1610000000.0,0.24600436070181855,-140.15273369245085,0.9616235051397086,-25.016120639669257
110_Wide,4,1620000000.0,0.7948015780541338,-74.41687517998811,0.5419513729055443,50.03436095389959
110_Wide,4,1630000000.0,0.35184160004426895,-152.1342499190692,0.6916904628944337,11.681566232389653
110_Wide,4,1640000000.0,0.9995763133956705,-79.15262898055147,0.8766658925625536,-92.33551173748633
110_Wide,4,1650000000.0,0.8885343009882336,82.32450021467272,0.573507044462767,-89.50960084137007
110_Wide,4,1660000000.0,0.8941077017888829,172.11677509336963,0.6180481448175518,-156.9556756445386
110_Wide,4,1670000000.0,0.11938899395678962,-118.32686884039227,0.04229600373050851,-5.7561522190605645
110_Wide,4,1680000000.0,0.8786317287967244,20.42668861121743,0.14742395229416544,-122.21680313068839
110_Wide,4,1690000000.0,0.9343751750579814,-82.1154611662551,0.6421243157583604,-167.50715816950253
110_Wide,4,1700000000.0,0.7803710964642736,123.87850501121227,0.8151472307126553,105.8986146548041
110_Wide,4,1710000000.0,0.7746974662669258,138.75821175113717,1.155968822679026,-139.5741765299326
110_Wide,4,1720000000.0,0.5293187454918692,-30.695937853950813,0.4887270752885046,61.89063849243912
110_Wide,4,1730000000.0,0.6438235676154263,-1.1344781099937828,0.8438135001956413,163.75098277600594
110_Wide,4,1740000000.0,0.6636927058525683,96.5130570031335,1.087020619487236,-124.25813562674409
110_Wide,4,1750000000.0,1.2175510863005217,-130.83601591203748,0.8105781002353546,-14.733782838947581
110_Wide,4,1760000000.0,0.97317892926277,-150.37821333816777,0.8474339035481161,26.34698047913366
110_Wide,4,1770000000.0,0.5176524262735862,117.92250300832404,0.6929301177687606,-119.2714280925571
110_Wide,4,1780000000.0,0.8956129623676603,-49.29457510197047,0.8105937509432963,48.25744714492416
110_Wide,4,1790000000.0,1.2339125897374934,44.486988746320044,1.1528103575507043,53.86755878315868
110_Wide,4,1800000000.0,0.7925389359563482,-40.91298764277963,0.2722472610990248,127.24636862998004
110_Wide,4,1810000000.0,0.8992066984454391,82.3184071075363,0.5168840667182792,97.81862841176732
110_Wide,4,1820000000.0,0.9432547178174783,138.74599216276624,0.5801011256068183,-35.808035932168394
110_Wide,4,1830000000.0,0.8182692193839219,-2.8681861343785213,0.9215236363898761,-43.93468647344057
110_Wide,4,1840000000.0,1.2493631430368635,44.11709721413678,0.3026302866836595,72.41266675421923
110_Wide,4,1850000000.0,0.6306251331088197,157.13194904693228,0.412533859733149,61.84926143788863
110_Wide,4,1860000000.0,0.7247254065326421,15.685572239605511,0.15101746336175034,171.10106692837476
110_Wide,4,1870000000.0,0.1936894949512808,76.01050279854107,0.03949241105142699,70.49639677168004
110_Wide,4,1880000000.0,0.7790167235408086,-126.47435716567482,0.5612063855854772,-43.421530646602875
110_Wide,4,1890000000.0,0.4517732223352776,-125.22237732338348,0.8176890607686749,27.74120566199105
110_Wide,4,1900000000.0,0.9134635206264935,60.17616894383076,0.8401200941014298,116.51725845114828
110_Wide,4,1910000000.0,0.9937211199146798,23.562054453624967,0.9567344252706695,-8.613291094897725
110_Wide,4,1920000000.0,1.0135853605022458,149.98606251847548,1.0684949311195566,-140.20642680095108
110_Wide,4,1930000000.0,0.9976789046100949,-118.27954633932436,0.8346805858405199,-107.64116436615785
110_Wide,4,1940000000.0,0.3510565229860854,72.81119108407884,1.1334738638235335,28.484374130315878
110_Wide,4,1950000000.0,0.6186529911491172,153.278122974034,0.8079277302205261,165.51547888060335
110_Wide,4,1960000000.0,0.4143692639877328,-17.698324840751834,0.9538771363709198,-48.95507183549705
110_Wide,4,1970000000.0,0.599159947484326,-94.21703486505568,0.8786187738999126,-36.19751210860099
110_Wide,4,1980000000.0,0.6734788254483601,-159.2549223910195,0.7902199761573772,106.26617011848793
110_Wide,4,1990000000.0,0.5355352471438551,-119.46377429484379,0.8468415848230305,88.86981208184422
110_Wide,4,2000000000.0,0.8068923823495507,-31.32829632114548,0.738539656465376,-173.53086360518645
110_Wide,5,1000000000.0,1.0604966217443892,-54.50352893600612,0.8126484973654629,135.07077729960838
110_Wide,5,1010000000.0,0.7880162143708807,113.43614496386085,0.7406278455926234,39.12844517185661
110_Wide,5,1020000000.0,0.7137152715216121,12.316222506105168,1.0768520429979749,28.384617158670228
110_Wide,5,1030000000.0,1.1323870194947967,139.33708046685544,1.1824886129149805,-147.69977481651526
110_Wide,5,1040000000.0,0.43592280150896623,3.744435909436098,1.0464010666632746,110.77338964918505
110_Wide,5,1050000000.0,0.8373190438577205,-33.3507565969807,0.47596923051482687,-30.734169993799046
110_Wide,5,1060000000.0,0.5604417269765439,-16.556795034035254,0.7603077661206893,-1.8084208124889258
110_Wide,5,1070000000.0,0.8004914919330437,161.87813471644253,0.5678426544434431,-122.95946511267914
110_Wide,5,1080000000.0,0.7017180542709913,130.33978211294,0.7039493698629703,0.36202140626105644
110_Wide,5,1090000000.0,1.3900043979773546,135.97048997043842,0.2819543068742686,84.57829851104228
110_Wide,5,1100000000.0,0.701692560972162,-178.2784204634859,1.0130869824995377,-119.54328272924968
110_Wide,5,1110000000.0,0.7448834138740659,-119.00664578103351,0.5491296787939395,-138.62791498010372
110_Wide,5,1120000000.0,0.7965499902116515,4.297613346671382,0.69943765949347,-52.80813978941838
110_Wide,5,1130000000.0,0.5568261533630386,20.235423944465243,1.0690464850928652,126.08958721732225
110_Wide,5,1140000000.0,0.536527792756028,7.286779449667195,1.0158631341688238,148.97179184823048
110_Wide,5,1150000000.0,0.6829828277104976,-15.964944387253926,0.991107485013188,55.38588929373406
110_Wide,5,1160000000.0,0.9194089276943409,112.82648763319644,0.6027181020042516,178.06231625089606
110_Wide,5,1170000000.0,0.15649998461722522,82.12633438978965,0.4880368950929943,-90.48902308555071
110_Wide,5,1180000000.0,0.6016036443888992,100.71153841215371,0.480391749261003,69.40015743857073
110_Wide,5,1190000000.0,1.2906090216581614,136.80498331803716,0.314884639389787,140.33612802018692
110_Wide,5,1200000000.0,0.6382946141512731,-116.02152667618581,0.13266092644346664,-68.19924781322662
110_Wide,5,1210000000.0,0.4949201746542837,-147.28353248465874,0.5791657587544496,106.5736494446578
110_Wide,5,1220000000.0,0.466272226464875,136.63970329058995,0.5777571568714756,-26.095498729830826
110_Wide,5,1230000000.0,0.6815456627768598,-1.669008344850923,0.3059264870037038,49.69804374700374
110_Wide,5,1240000000.0,0.8904119749935174,-63.443083734091665,0.955547696489844,123.07288215936518
110_Wide,5,1250000000.0,1.0150371133795086,-149.9910464805282,1.0068846174912591,-64.69255409090526
110_Wide,5,1260000000.0,1.1365028109294903,52.356772792769185,0.8242507383399622,29.006249364640766
110_Wide,5,1270000000.0,0.8973111395746085,109.10906693704825,0.7388039965410004,-111.16612394727922
110_Wide,5,1280000000.0,0.5915789043406182,120.46994615479427,0.2765091583835744,100.37835217413792
110_Wide,5,1290000000.0,0.6899711250236267,69.29742729818119,0.9348483845665814,119.67287325792614
110_Wide,5,1300000000.0,0.5761765746153173,-10.026005996612366,1.1750244307200208,141.34309875838215
110_Wide,5,1310000000.0,0.4555447051409236,132.34228696693222,0.6882781634167152,-152.31965477647805
110_Wide,5,1320000000.0,0.9220539269344422,16.593741070470948,1.0716008723915214,-142.8459667388703
110_Wide,5,1330000000.0,0.7981229731241022,-137.32112239623177,0.6125415181599086,45.694226017189344
110_Wide,5,1340000000.0,0.2897334021030307,51.247531825186876,0.3292893417937759,-82.68103321498153
110_Wide,5,1350000000.0,1.2707878011729459,-47.597837036174745,0.7680266136326589,112.42506566028842
110_Wide,5,1360000000.0,0.44587825731522523,39.91526539646109,0.5885950109006967,-82.87997667227832
110_Wide,5,1370000000.0,0.7209913560017889,-2.9784940029446307,0.7483977911307446,-5.159132925955829
110_Wide,5,1380000000.0,1.0342296634156949,-151.805871514215,0.5956471774158555,-88.18099868553414
110_Wide,5,1390000000.0,0.768840166961562,-63.49960352110031,0.14447011834024298,-90.90304417065984
110_Wide,5,1400000000.0,0.7917645545946206,-48.356118994123115,1.0136485749027968,51.06414430435419
110_Wide,5,1410000000.0,0.38396933973984615,-21.73212884041726,0.4656213074140045,-157.7435441628065
110_Wide,5,1420000000.0,0.6654141715788694,61.224513003390754,0.1681831470518724,-54.29332906965971
110_Wide,5,1430000000.0,0.6456960767095422,30.783844004053893,0.3850615676013206,-17.496098814944226
110_Wide,5,1440000000.0,0.9007277394470029,129.3211244033055,0.5354357898257992,-140.67214353751567
110_Wide,5,1450000000.0,0.857704187885291,-60.796696048402545,1.0319086384560188,67.22164157569449
110_Wide,5,1460000000.0,0.6504716464200575,36.12584089060193,1.0373270564053294,-72.88788132366395
110_Wide,5,1470000000.0,0.553735985962563,163.8235163113262,1.0995060639988972,134.73720245023208
110_Wide,5,1480000000.0,0.5357152352285958,-84.64342072896957,0.2981095737398366,-34.21787769247622
110_Wide,5,1490000000.0,0.7472477345982513,73.90989727496772,0.48649913565948016,142.58001526214275
110_Wide,5,1500000000.0,0.14665920533595042,162.03467814826925,0.8800168636046303,150.86940925015233
110_Wide,5,1510000000.0,0.9596223917982898,31.33311218269571,0.41176590794737955,89.25882845594072
110_Wide,5,1520000000.0,0.25733595537179105,-78.9955255712666,0.3603460846077447,-91.00677404809926
110_Wide,5,1530000000.0,0.660822385268221,-64.00308770789084,0.300747536052851,-44.00574801233289
110_Wide,5,1540000000.0,0.6410093819028476,117.77933613034371,0.9814062566341141,-35.416165994084245
110_Wide,5,1550000000.0,0.6024564623495741,-76.10567382785993,0.8288588345865844,-129.0045952251702
110_Wide,5,1560000000.0,0.32752934992510574,-74.40245042707204,0.28826456574000636,-121.39808443442976
110_Wide,5,1570000000.0,0.674225487096638,125.14737972310355,1.1940684015124645,135.69787151185426
110_Wide,5,1580000000.0,0.9249406130724876,151.14790051916606,0.8402760967293379,124.92779821723711
110_Wide,5,1590000000.0,0.9638850034317235,-160.90604444694867,0.8158508256294263,-96.12610079051854
110_Wide,5,1600000000.0,0.8857201612558763,66.18066586268147,0.38614000886315264,60.868267311497235
110_Wide,5,1610000000.0,1.090789189687901,-144.1295901211659,1.3866572666737678,44.143984661918054
110_Wide,5,1620000000.0,0.8802928503239906,-67.30147341521763,1.0867541321193268,-115.7195724885081
110_Wide,5,1630000000.0,0.7230011651822,-101.41465345021946,0.37764337659161945,89.09111476482478
110_Wide,5,1640000000.0,0.5148744297119284,174.0555328444555,0.8320456139051048,137.6934731900341
110_Wide,5,1650000000.0,0.9756609974455258,65.07239670884927,0.48901266095039364,-27.935304403795264
110_Wide,5,1660000000.0,0.9516787509767062,-51.03089684503205,0.6450432514841757,-117.4056554421729
110_Wide,5,1670000000.0,0.4641595286352933,-88.56144103695789,0.9560973532290309,-179.17285763469303
110_Wide,5,1680000000.0,0.986703602649859,133.59428309548736,0.7332722118234807,65.19409370139769
110_Wide,5,1690000000.0,1.3393585023354253,-44.30901266242145,0.7049230622805225,124.59542808840244
110_Wide,5,1700000000.0,1.1612037907165598,133.86518817840573,1.0821773737048224,43.509170970000724
110_Wide,5,1710000000.0,0.5227865616758055,-134.01801951406213,0.8234731924490849,34.197653920924424
110_Wide,5,1720000000.0,0.5628314903127458,-99.15912536639584,0.7727630327408833,49.80560296235385
110_Wide,5,1730000000.0,0.5604617178174374,34.99008664797885,0.8132992032256449,-32.36661377835644
110_Wide,5,1740000000.0,0.607357819139902,-177.76923475472995,0.8306253084471179,83.07582379069817
110_Wide,5,1750000000.0,0.48204533092921203,117.20521077127592,0.8287561048848353,89.05314858650199
110_Wide,5,1760000000.0,1.2126998087463365,34.862956336667445,1.2249300133584002,46.75737013091453
110_Wide,5,1770000000.0,0.9223532877667759,-108.65115991761135,0.3117159472803392,-172.7223963213833
110_Wide,5,1780000000.0,0.8797522084433697,44.54762740525255,0.3265810335778185,-153.3616146902233
110_Wide,5,1790000000.0,0.8937854721759553,124.30224794011701,0.4498346666786008,-92.93608459689561
110_Wide,5,1800000000.0,0.9923732896342885,178.37406486875648,1.0586130739565058,-47.67462638384036
110_Wide,5,1810000000.0,0.6516694543084937,47.24253309277313,0.8904049053185126,177.70227355720627
110_Wide,5,1820000000.0,0.24756826015120478,102.80288304905987,0.8251620906716366,-25.20690039717253
110_Wide,5,1830000000.0,0.8450070443667488,159.73522954041158,0.2520135124603387,-177.07346114805483
110_Wide,5,1840000000.0,0.9531804847227181,-81.29897452058852,0.8467993213177907,146.71074612585116
110_Wide,5,1850000000.0,0.8124603924410096,99.73587450856049,1.0675200801587723,46.38795365936186
110_Wide,5,1860000000.0,0.9462591084473114,7.360707374464044,0.9491198809955903,-64.76209662597397
110_Wide,5,1870000000.0,0.39069596927601286,-44.68780042037444,1.0030478736448567,-150.80735513820815
110_Wide,5,1880000000.0,1.3135145114291642,-49.01332201436873,1.0043264013642852,-161.65109608251998
110_Wide,5,1890000000.0,0.32824253105767326,-130.2088014288778,0.34446149075227633,22.65168787165611
110_Wide,5,1900000000.0,0.8173817865257019,-175.61131969609724,0.5597407238629379,176.99032285975198
110_Wide,5,1910000000.0,0.5827262904077448,-99.76678600291005,0.5598350832951974,27.456457646547612
110_Wide,5,1920000000.0,0.6146685369973408,-62.134117814174424,0.45189692989399805,-160.57467314225437
110_Wide,5,1930000000.0,0.9127433478800727,113.98861753826733,0.3464464035495809,-177.7023311441281
110_Wide,5,1940000000.0,0.9379063374340816,-97.1598411825947,0.6615858254856913,153.47741778833856
110_Wide,5,1950000000.0,0.5393612542544752,133.093231358808,0.4904324641793567,72.25864501291329
110_Wide,5,1960000000.0,1.0976330357313193,51.540212476500926,0.8819647409486299,106.74934819337166
110_Wide,5,1970000000.0,0.9534891965474627,-78.50118492078668,0.9132027614629847,71.08769372410084
110_Wide,5,1980000000.0,0.9218491979846263,-85.00810332258703,0.7879194435514537,3.3102359057121244
110_Wide,5,1990000000.0,0.39958080992948186,51.870988639023004,0.5218400908025206,135.74785355000392
110_Wide,5,2000000000.0,0.8919344258413484,-1.7596130662913536,0.7836972126634436,121.66842462776997
110_Wide,6,1000000000.0,0.32001682948873894,115.99670132519113,0.3161706415627008,-1.2527924617213972
110_Wide,6,1010000000.0,0.9394248262688858,-57.464031311475765,0.8820840437289277,-109.76419211548448
110_Wide,6,1020000000.0,0.4647851595037074,129.40553189424256,0.22830414635789137,143.5136978554162
110_Wide,6,1030000000.0,0.4968701258867359,82.61978386958374,0.437834907405649,78.08295164837402
110_Wide,6,1040000000.0,0.29907987788702484,179.46859429992648,0.5177070763991453,-143.38066438737806
110_Wide,6,1050000000.0,1.073687969483912,-24.32775634210578,1.0930592777478807,53.43223838383082
110_Wide,6,1060000000.0,0.6634934537048185,150.2823702481601,0.7034255822885913,-96.9021006663358
110_Wide,6,1070000000.0,0.8331201524490214,98.7386818378339,0.8383351403427106,-78.21599401614951
110_Wide,6,1080000000.0,0.8092727503382641,-23.41302099628879,0.776956078171982,164.084765474481
110_Wide,6,1090000000.0,0.45798832579565746,66.35896130300553,1.3091652219850054,-45.37759133411059
110_Wide,6,1100000000.0,0.8344770928420654,-174.15598703229668,0.8063060942050504,66.66407988295285
110_Wide,6,1110000000.0,0.40008916598301064,155.43014131583067,0.3163030709835398,-161.80148226039668
110_Wide,6,1120000000.0,0.9857761117044718,125.70780395680866,0.6476825268482773,-99.7355748279584
110_Wide,6,1130000000.0,0.632069493670585,25.89070484801235,1.085433257087724,147.09604023787833
110_Wide,6,1140000000.0,1.0016604200841805,116.06198340551249,0.8736833426553127,142.61356745052603
110_Wide,6,1150000000.0,0.9714211215580555,65.99907494671315,1.0485112959413578,-62.27091442282612
110_Wide,6,1160000000.0,0.1688155238170961,-146.74812752046535,0.9890030564228645,-146.28337509583193
110_Wide,6,1170000000.0,0.8121806477266744,132.06867491268468,0.5569783955435073,164.25633033098438
110_Wide,6,1180000000.0,1.024965574646577,-148.74815522913696,1.1957065421356654,-45.100468676756805
110_Wide,6,1190000000.0,1.2639137706143921,130.87287288728163,0.9264296550643085,107.66382546354171
110_Wide,6,1200000000.0,0.9152672812017558,27.982612747529494,0.8050651907795643,-44.48198899323831
110_Wide,6,1210000000.0,0.8990741661309931,144.25161245346553,0.4909672288478559,-42.262756851425344
110_Wide,6,1220000000.0,0.41400320417371606,-171.77977297565576,0.7423643846671627,-37.24747010947703
110_Wide,6,1230000000.0,0.2657334712555883,18.3239205593427,0.1552151146932128,-122.92358210201391
110_Wide,6,1240000000.0,0.7368091649194136,177.60343723913473,1.0270205414125404,134.30066664028516
110_Wide,6,1250000000.0,0.4827184055869423,-153.99870104112975,0.7348715932260721,131.3960885364626
110_Wide,6,1260000000.0,0.17168690401653772,79.98957762878904,0.6806544634701047,-110.01293085685512
110_Wide,6,1270000000.0,0.577070122678999,-139.07108583096772,0.9288846596096201,178.93230820681754
110_Wide,6,1280000000.0,0.27864071824567493,-162.29655654507042,0.46349822948379293,-118.16511965245307
110_Wide,6,1290000000.0,0.672831377394422,-69.81522318109405,0.9620600036077207,-10.519885875439243
110_Wide,6,1300000000.0,0.774306732586978,99.62820552068385,0.8347729595703283,66.33823437152743
110_Wide,6,1310000000.0,0.7574719251335024,125.19864756103422,0.40780439621933123,-61.734723552320105
110_Wide,6,1320000000.0,0.6907587943814604,40.69898117029397,0.6275738660323463,14.108058011234165
110_Wide,6,1330000000.0,1.115035507902571,146.68458614196382,0.7308779519461306,125.27001527182311
110_Wide,6,1340000000.0,0.8676214846004003,118.4379372413827,0.6642296591127879,72.45210915579337
110_Wide,6,1350000000.0,0.7565839321647664,102.09753504746952,0.6051506349651836,14.307982229291472
110_Wide,6,1360000000.0,1.0306489131002545,133.68947634537926,0.6443707166793576,153.0237217597338
110_Wide,6,1370000000.0,0.7438559268601124,-102.27411674442722,0.5309863096984857,-9.474395617606644
110_Wide,6,1380000000.0,0.3700279984285983,-54.830488801668814,0.26070079704344384,-100.20790215498567
110_Wide,6,1390000000.0,0.9259465414535262,90.18531522411375,1.1141342483830297,50.23179793419588
110_Wide,6,1400000000.0,0.27117504120163355,129.74128870116897,0.5713734963456253,63.86211429229478
110_Wide,6,1410000000.0,0.6193717518191791,9.760144956423394,0.7461116717410501,-115.12345994482787
110_Wide,6,1420000000.0,1.124135253745336,119.45238956787084,0.6521875889619307,-30.78142108175267
110_Wide,6,1430000000.0,0.8104123844717004,172.99609396812062,0.37767867787127,146.05158266922564
110_Wide,6,1440000000.0,0.8047252410270967,-31.824472522477564,0.4470759019309236,90.1602385025316
110_Wide,6,1450000000.0,0.5404169149230239,19.910614102560917,0.11740748043863197,15.883568715958837
110_Wide,6,1460000000.0,0.6685967455793219,-116.80649200138981,1.1705948479057808,-53.64607243195059
110_Wide,6,1470000000.0,0.16147817543635742,-123.61464138784389,0.6786370631817602,-6.099283530891293
110_Wide,6,1480000000.0,1.0477931615352547,-122.69277402097032,0.4807230228890182,61.58943017919848
110_Wide,6,1490000000.0,0.8744212871712548,4.435824903507335,0.10880906314783778,54.65008644186665
110_Wide,6,1500000000.0,1.0890129978464362,-119.56866187271127,0.8800401553327104,-71.85861258826748
110_Wide,6,1510000000.0,0.73035091146835,-163.9219553274021,0.6767028733943542,172.75383377308495
110_Wide,6,1520000000.0,0.9275268240871917,169.74275590524584,0.17957020163931717,158.0125147375544
110_Wide,6,1530000000.0,0.8042412889277157,152.53242814197208,0.7114855349369458,-8.565682492958269
110_Wide,6,1540000000.0,0.5001084654844843,164.29262908174175,0.6231242133775367,74.57362902952659
110_Wide,6,1550000000.0,1.0663070040784834,123.43339023721234,0.8824856659784045,-124.97242846148502
110_Wide,6,1560000000.0,1.2942554784362672,-137.6019107450668,0.9407630201299789,62.275578310465534
110_Wide,6,1570000000.0,0.5771415150683684,-126.12933342096404,0.6651392537545097,-62.02176246772656
110_Wide,6,1580000000.0,0.32695977263605747,3.2392393752453073,0.8028822859653382,144.92818131223035
110_Wide,6,1590000000.0,0.5193933415205153,-136.72367591246694,0.47888344175413383,-29.429833817065088
110_Wide,6,1600000000.0,0.6718633898629102,149.4885181176697,0.8556972798752867,111.85622031903156
110_Wide,6,1610000000.0,0.9433499578043105,-2.441009034665789,1.0720588839578413,-50.852850714259255
110_Wide,6,1620000000.0,0.1898173726653294,171.82912796178044,0.540419602821767,62.89091134062231
110_Wide,6,1630000000.0,0.5278139880328773,-18.12504439192189,0.7105778118973018,-175.0470316614263
110_Wide,6,1640000000.0,0.6686119091776015,-138.03432165251746,0.19777686260186364,-43.146738314934254
110_Wide,6,1650000000.0,0.7205603784584869,122.99663678562065,0.5252889410467814,16.61616451941281
110_Wide,6,1660000000.0,0.3431972111356551,-122.69961232901197,0.8757953775866024,138.97891322639762
110_Wide,6,1670000000.0,0.38271802731523563,14.537886113180877,0.8922316416174303,-95.95273671043726
110_Wide,6,1680000000.0,0.34830114498271064,-157.25242675600447,0.37841266212094854,14.78664953894091
110_Wide,6,1690000000.0,0.9340542044910646,-77.81146670357101,0.9402324500649913,-140.70960397933885
110_Wide,6,1700000000.0,0.4523802713232846,108.53878053474057,0.4210657243367187,67.24470364742771
110_Wide,6,1710000000.0,1.089552190132354,148.54258195022976,0.8961815187931109,-0.5352637469199365
110_Wide,6,1720000000.0,1.231973327973808,135.85877074292077,1.1227590993814103,122.38304468251324
110_Wide,6,1730000000.0,0.9307654200618224,-165.29731511418467,0.4141625451600024,155.86000804730492
110_Wide,6,1740000000.0,0.5977406442342047,172.36397509764453,0.4520281818390812,-63.53759403843039
110_Wide,6,1750000000.0,0.777577872726929,-20.86390957624372,0.9398600271513028,-35.72952789251363
110_Wide,6,1760000000.0,1.003420054655852,-21.288268428129975,1.1304600406841152,35.879252271642656
110_Wide,6,1770000000.0,0.7484972931910531,64.84952101620776,0.1881096952930503,-41.14620409833903
110_Wide,6,1780000000.0,0.23479247478142679,-46.82296013159103,0.7105079339455058,7.4760820348512524
110_Wide,6,1790000000.0,1.0647863948885563,-49.429087784476074,0.5708566235846678,67.59387942210233
110_Wide,6,1800000000.0,1.1918851152185959,45.976040524470626,0.6174293293043418,-63.189825378344736
110_Wide,6,1810000000.0,1.2569190484888924,-131.23927668076482,0.6082296523348292,-41.828031021879134
110_Wide,6,1820000000.0,1.1545001732703013,129.19429245490497,1.1045725725086808,-37.950808165283206
110_Wide,6,1830000000.0,0.6475665614275409,-73.01627285588508,0.953892161104648,41.17265243192256
110_Wide,6,1840000000.0,0.5731190074267248,61.24047689857104,0.32775318373185347,-141.8424059961084
110_Wide,6,1850000000.0,1.190027173568747,141.48354327214818,0.7223105572930335,128.64567070716228
110_Wide,6,1860000000.0,0.7545166198063091,153.72112300616442,0.5342892831054378,-72.51352496387787
110_Wide,6,1870000000.0,0.6898328785269073,45.117731512935926,0.38938254351499885,-54.43712569328711
110_Wide,6,1880000000.0,0.8320068846255533,26.70812726392517,1.2655139034630596,-135.8409545397902
110_Wide,6,1890000000.0,1.00699878372361,115.60545848110952,0.6645532747218029,162.9755307829753
110_Wide,6,1900000000.0,1.1727991378529337,139.09172267414584,0.35947871959131666,-12.988581972165369
110_Wide,6,1910000000.0,0.37403063000527603,-23.637206741459185,0.78530957380699,-101.81198263681205
110_Wide,6,1920000000.0,0.44546673894827465,-159.0270681745006,0.4215358554361714,83.90457106656471
110_Wide,6,1930000000.0,0.5161769942849059,-12.966471192279135,0.23054823372916938,-41.879151377242714
110_Wide,6,1940000000.0,0.2916644911525222,118.71255820414561,0.7880357994465997,-120.18891199444157
110_Wide,6,1950000000.0,0.8235748995806317,-139.98683468444537,0.6815711602403709,-26.238726308414257
110_Wide,6,1960000000.0,0.9031489243368532,25.341243627258635,1.0811335441354801,153.57720355928654
110_Wide,6,1970000000.0,0.4990768166831713,-30.053548679622455,1.1354330542652682,31.721287975347142
110_Wide,6,1980000000.0,0.8050847812653109,-42.74569388931156,1.216050360403224,45.38940313893045
110_Wide,6,1990000000.0,0.612982134338709,0.9148350356578694,1.0994583716121364,136.0548446886637
110_Wide,6,2000000000.0,0.7937565409124169,-178.537757759495,0.6292124320329673,60.73165212318803
110_Wide,7,1000000000.0,1.1476595871374025,50.39041335794586,0.9929654032800144,174.80523883934774
110_Wide,7,1010000000.0,1.1108165917263342,145.2457530427516,0.8880613607668059,153.99676358627588
110_Wide,7,1020000000.0,1.0042494113339693,-81.00008025192258,0.9748253062032132,153.8869012283766
110_Wide,7,1030000000.0,0.4348436436634508,2.9484089016650916,0.8263350188597635,27.27695717628767
110_Wide,7,1040000000.0,0.38735428777632297,-11.548027785725642,0.8477304393978371,-121.1593491482483
110_Wide,7,1050000000.0,0.6970856401251145,-108.11747704354843,0.7138234745530533,-24.58544535618202
110_Wide,7,1060000000.0,0.7305109160561829,-55.42577830072648,0.16216794112685567,-62.95295601748311
110_Wide,7,1070000000.0,0.7621353434097814,-9.040530976353184,0.3169552904040342,-79.25826519788892
110_Wide,7,1080000000.0,0.6765006095752519,108.0980994291477,0.5872225689414429,-22.866224665215768
110_Wide,7,1090000000.0,0.9711235016967152,16.685429587662185,0.45752879632131715,154.66312950189607
110_Wide,7,1100000000.0,0.9100641097793738,-55.98836991788815,0.3777547032368208,5.584216149891181
110_Wide,7,1110000000.0,0.7506429228101661,-118.40605869032913,0.76382683610394,121.64777295558883
110_Wide,7,1120000000.0,0.7883845531511576,-4.808074877306546,0.8548317605341011,47.425103548291915
110_Wide,7,1130000000.0,1.0686367353210475,42.52061172704584,0.1999399099064099,81.12181102146371
110_Wide,7,1140000000.0,0.48625655437523924,79.46680623714552,0.5752283727837216,147.1265258110729
110_Wide,7,1150000000.0,0.4087503388481542,148.3472689167082,0.2959723378838618,169.15595503574968
110_Wide,7,1160000000.0,0.6356134559052029,100.18425024390771,0.3552771133739279,38.56272649799301
110_Wide,7,1170000000.0,0.46056597311101616,131.0650226893208,0.24269380058505882,22.49600097110322
110_Wide,7,1180000000.0,0.9797658622761599,-73.82457478517216,0.9964080210834685,77.84525724476669
110_Wide,7,1190000000.0,1.0140334783527758,-120.03140315119362,0.6462552267100067,-117.08642017004577
110_Wide,7,1200000000.0,0.9774618054533475,-68.15748801712483,0.43594800086742724,-132.9620255914881
110_Wide,7,1210000000.0,0.7800955375992442,-108.37283960506073,0.33933999348038585,66.31633944524948
110_Wide,7,1220000000.0,1.0636943664534722,140.594040096995,0.9463215180195622,-98.90515211317106
110_Wide,7,1230000000.0,0.39428175243605096,-67.0547465814568,0.5243987834209609,-31.159108239070132
110_Wide,7,1240000000.0,0.7388594991689864,-49.709565670387796,0.8466418268880743,97.65184015631472
110_Wide,7,1250000000.0,0.5627443713375816,14.448500769696073,0.6442099281984047,-9.165616705746816
110_Wide,7,1260000000.0,0.36081667858299626,49.95410379236889,1.1297134294609026,43.34293396830149
110_Wide,7,1270000000.0,1.0426723393289028,-21.77810377059555,0.7948042477277758,-14.707153646111319
110_Wide,7,1280000000.0,0.8790827123965277,114.74874958287673,1.3100472066308535,-137.4613957397825
110_Wide,7,1290000000.0,0.8461407409128254,136.10852479791333,0.40470179763128894,-102.77747556882879
110_Wide,7,1300000000.0,1.0446391412166973,67.49169867959286,0.6050023385358658,-24.180207356354334
110_Wide,7,1310000000.0,0.7576209810133531,-144.1675495456478,0.6728545009336924,55.36451732371782
110_Wide,7,1320000000.0,0.7814925939223656,144.37347227757695,0.7479547778050318,75.99101704748165
110_Wide,7,1330000000.0,0.7997682385351534,-159.858979549017,1.0154328260164347,-61.39848862892992
110_Wide,7,1340000000.0,1.2978716440309854,-47.667627995066844,0.8802731987777586,24.29456269702111
110_Wide,7,1350000000.0,0.4160230248978026,165.2406014940472,0.8069208034777337,-2.8693660840416495
110_Wide,7,1360000000.0,0.22489636110224595,32.96367570847365,0.7522024069733951,62.722854719844975
110_Wide,7,1370000000.0,0.416420799287431,-140.16553423727052,0.8091320640492574,169.38189228969034
110_Wide,7,1380000000.0,0.6913203119698765,148.8580163401522,0.7637647646465742,-177.97480037344755
110_Wide,7,1390000000.0,0.662050258751895,43.118260343879946,0.5148595303102829,-148.10868944302004
110_Wide,7,1400000000.0,0.4318770046682329,93.88689825103066,1.1534049621652478,-133.65464769090016
110_Wide,7,1410000000.0,0.94726103360732,-90.41689349483677,0.5739638425837453,141.64729203350433
110_Wide,7,1420000000.0,1.3676381597709133,-44.46583867560509,0.9074880349480173,-97.0679745426752
110_Wide,7,1430000000.0,1.240165921607504,-143.53912166396444,0.9641669498324488,-60.386322289587696
110_Wide,7,1440000000.0,1.3219409438658523,-138.47003036596297,0.7581346059626842,128.71294177744082
110_Wide,7,1450000000.0,1.2398965516554274,-131.9994209242418,0.9147578854625031,3.2593186795210447
110_Wide,7,1460000000.0,0.4967728874507686,67.88782792448399,0.8273568677679671,47.33360524700102
110_Wide,7,1470000000.0,0.9931860161012754,-168.37401794735908,0.8694981588257205,83.43751631797656
110_Wide,7,1480000000.0,0.35130274640506276,172.72819951843874,0.40514598996240614,-102.33901735238076
110_Wide,7,1490000000.0,0.8761414799673822,-9.963366184088489,1.1356928603878833,-124.935174271313
110_Wide,7,1500000000.0,0.4194570566515324,129.44532101262976,0.6933842514180711,-25.26240350510875
110_Wide,7,1510000000.0,0.765154754437505,14.78096994419695,0.8052520687097109,-47.348311846319675
110_Wide,7,1520000000.0,0.76538049054053,135.52524839126502,0.44861972256190014,-16.574322305554777
110_Wide,7,1530000000.0,1.2548433935353713,132.19679150563798,0.9510470519095223,-17.7005724048204
110_Wide,7,1540000000.0,1.0657457962654215,-58.6474353401898,0.9581169437762604,26.442353651523185
110_Wide,7,1550000000.0,0.5875019198838822,102.2658119491379,1.3801589431502064,-133.5937851363592
110_Wide,7,1560000000.0,0.4315879013866698,166.27860959129742,0.7335595145662183,143.21018315937386
110_Wide,7,1570000000.0,0.9687002587740435,-75.47199455984484,0.9533085296288331,90.05216173697679
110_Wide,7,1580000000.0,0.7431275555040465,21.939721255085168,1.2625006218346504,138.7259586724378
110_Wide,7,1590000000.0,0.20796706911897483,-138.58719104524968,0.7160379151761174,65.51977491471666
110_Wide,7,1600000000.0,0.849562108579323,159.05667672360917,1.2195802413689083,41.59937009868501
110_Wide,7,1610000000.0,0.973586342768172,-162.0458772561485,0.7144869037204161,88.67189585383986
110_Wide,7,1620000000.0,0.5578885051611508,150.30632775695773,1.2880230658993839,129.70222381190783
110_Wide,7,1630000000.0,0.6514223099310045,43.57816989355112,0.41088640204060983,-20.040812516690572
110_Wide,7,1640000000.0,0.31818938510696426,51.33056669322315,0.5356270898908371,160.38105329387895
110_Wide,7,1650000000.0,0.6021494541385811,-152.45754186787303,1.1934387546208582,42.06459106905587
110_Wide,7,1660000000.0,0.8974633733447589,12.882107630906729,0.34528742994518197,-83.19331840882887
110_Wide,7,1670000000.0,1.022585459077064,71.01612328836957,0.7296837228836982,3.5187331647926015
110_Wide,7,1680000000.0,0.2545726186416324,10.667852846446868,1.2839921712960751,-39.05575710052589
110_Wide,7,1690000000.0,0.5724539811290659,-12.529671023546227,0.4831323916059214,46.9929998313416
110_Wide,7,1700000000.0,0.5095853375560013,-102.94255102643031,0.6228001053970051,-43.62356580183863
110_Wide,7,1710000000.0,0.30794983299153167,131.27735266895013,0.5781770723497522,148.09931267928854
110_Wide,7,1720000000.0,0.09226424807431464,90.28200614727304,0.4207442827863411,-161.32858619829562
110_Wide,7,1730000000.0,0.24785474502276478,146.352714009294,0.4696647984484837,179.4134628303532
110_Wide,7,1740000000.0,0.8686320765518079,52.046654949198754,0.8558769695583538,-150.74528611324172
110_Wide,7,1750000000.0,0.5902387009025595,-55.92509507591579,0.4288843250857563,-166.06393739904124
110_Wide,7,1760000000.0,0.7693282164318317,-49.60596474175231,1.1432201674743108,-30.31469872568657
110_Wide,7,1770000000.0,0.23689028009704768,150.9585003489691,0.9080539626002169,-151.77348928478145
110_Wide,7,1780000000.0,0.990977924631533,21.720557225902123,0.5805554272730653,-137.926311368286
110_Wide,7,1790000000.0,0.9376782235696842,-167.0499877866651,0.9670534073853938,177.48782195279912
110_Wide,7,1800000000.0,1.25143604835809,47.7077545368571,0.8517730033801488,-85.26816813578
110_Wide,7,1810000000.0,0.5732785896584304,-122.74812356481314,1.1386112829990542,-145.53809093227417
110_Wide,7,1820000000.0,0.6112673745972769,-179.1578330939202,0.9735959597754366,125.95707227252697
110_Wide,7,1830000000.0,0.7204383326906876,-76.67959372467452,0.619896645883497,-45.123173404085314
110_Wide,7,1840000000.0,0.8567776415839262,141.60910124502493,0.22203961863086602,-176.62535413823835
110_Wide,7,1850000000.0,0.9928781420023426,42.64105507779674,0.8949420881897808,-6.119097169576498
110_Wide,7,1860000000.0,1.1716413521999043,-130.8336662867382,0.4859918661769948,-137.53995481755192
110_Wide,7,1870000000.0,0.7715529090439855,68.22368547461306,0.8473955785472082,120.7708456451317
110_Wide,7,1880000000.0,0.8578995686457346,-141.65486059390076,1.2379344819092801,-37.982952699772724
110_Wide,7,1890000000.0,1.0238979881957673,142.20002068096983,0.9027168119210257,-7.166230922065448
110_Wide,7,1900000000.0,0.4783217738879243,-17.08387676478845,1.1706333824371769,146.52873470067905
110_Wide,7,1910000000.0,0.9460205923550535,105.79502241557613,0.3807129536975189,16.940703725707188
110_Wide,7,1920000000.0,0.8164081232939164,74.40031323761107,0.9573093797511308,59.88000826893519
110_Wide,7,1930000000.0,0.7615713770188582,-158.31560568220738,0.9741833884841842,-58.9445362554246
110_Wide,7,1940000000.0,1.0442237362608677,109.19382662751929,0.9282348487253761,111.09877299984939
110_Wide,7,1950000000.0,0.2020163555488009,157.93110639370744,0.3151365610253947,91.3408983189017
110_Wide,7,1960000000.0,0.6530339127949425,-159.3523861379091,0.44398158943727206,71.91365554225946
110_Wide,7,1970000000.0,1.1398327608038936,-38.599093819105555,0.9234845643536287,4.352728518946218
110_Wide,7,1980000000.0,0.983604446610799,53.32524566662978,0.7279793642476581,-71.4608130868451
110_Wide,7,1990000000.0,0.8363177725068713,-8.98566134947811,0.6941487091617835,-158.02657772495635
110_Wide,7,2000000000.0,0.6468670055808875,-61.063162474624406,0.4594368661065811,171.43052269220897
110_Wide,8,1000000000.0,0.83290939321904,-14.921413240738415,1.2312175283040399,41.56990636887374
110_Wide,8,1010000000.0,0.83648149647099,135.0629636342584,0.8748747145260397,-27.405464233173564
110_Wide,8,1020000000.0,0.45320466622387345,-68.82647137896417,1.0083881716591079,69.61753277914632
110_Wide,8,1030000000.0,0.7368854138432464,-15.172294777789352,0.5397292159437816,71.00757921475841
110_Wide,8,1040000000.0,0.3214200467500462,29.70072255057078,0.5079178781213408,-71.11594406535959
110_Wide,8,1050000000.0,0.5440502674079075,152.2540777147538,0.9480761394210534,83.13318549861933
110_Wide,8,1060000000.0,1.0129676488593797,-80.66407429174748,1.134382385353879,142.49456606567605
110_Wide,8,1070000000.0,0.721345041142766,-177.84010903261142,1.235090331515164,52.1025669741806
110_Wide,8,1080000000.0,1.3111751792303084,136.93931485195515,1.0124130168552894,51.54335880918694
110_Wide,8,1090000000.0,0.5910346675104708,132.70420866391353,1.1302610838564566,39.48735013179904
110_Wide,8,1100000000.0,0.23749216207089036,-166.71627973191434,0.9072250617722049,144.19446826868875
110_Wide,8,1110000000.0,0.4634555298415794,-163.48580359960678,0.8866102879484827,82.94110961757869
110_Wide,8,1120000000.0,0.43696775674943356,-176.95817645611547,0.4760226980717325,117.04186109653142
110_Wide,8,1130000000.0,1.017288320160893,47.93212056450932,1.1386681590639391,141.9639619684305
110_Wide,8,1140000000.0,0.8225122473930011,-24.148721750159197,0.7884500984875086,80.07571389680663
110_Wide,8,1150000000.0,0.9023298411043966,-11.660608641939875,0.666402497947459,-67.79907742882122
110_Wide,8,1160000000.0,1.4075569263109218,-45.11302209879847,0.9847626795579242,73.22426877962634
110_Wide,8,1170000000.0,0.7950977577530972,84.80871549840279,0.8436988523340501,-153.63840071157458
110_Wide,8,1180000000.0,0.8860796611045751,-157.77228235152927,0.9729058058733605,-90.82759543446903
110_Wide,8,1190000000.0,1.0624790212809414,-60.673872797215914,1.2687952350674943,-51.73638113665192
110_Wide,8,1200000000.0,1.0909314020148555,29.081837291227245,0.3451888759141095,149.91887918891516
110_Wide,8,1210000000.0,1.3108834508261038,41.27286480215058,0.6998017253385862,65.5201925177614
110_Wide,8,1220000000.0,0.7601272934351812,66.69123048746697,1.045143689412847,53.09963340113712
110_Wide,8,1230000000.0,1.1390319811375766,-59.53614099830581,0.8647638271919033,-28.536832179153983
110_Wide,8,1240000000.0,0.945174145646962,-33.46035221465484,0.9617541843840646,101.33089258775999
110_Wide,8,1250000000.0,0.617999023105977,2.6489233150360443,1.1888968528887023,124.90845760282646
110_Wide,8,1260000000.0,0.8242744380018168,-119.07636128915021,0.8922760030908934,-90.7525790843577
110_Wide,8,1270000000.0,0.7820316346230609,-90.44824283537064,0.8062143627309908,-16.114806542464557
110_Wide,8,1280000000.0,1.3115446189903623,137.7617091850447,1.0928855871505225,-120.66318432954294
110_Wide,8,1290000000.0,0.4953269347500913,-37.237610328124816,1.0283108856324468,-23.583103397962958
110_Wide,8,1300000000.0,0.3167197716719119,-54.74909757717277,0.7792623216213059,-177.67042241240728
110_Wide,8,1310000000.0,1.2043006387737325,39.46179172512886,0.8543859245783285,-95.76505682447699
110_Wide,8,1320000000.0,0.9294498243876007,-10.120487645019773,1.1591835305957623,-131.46276049676533
110_Wide,8,1330000000.0,1.1528425897061447,47.8193117103688,0.8415409567779804,123.97956720177046
110_Wide,8,1340000000.0,0.976941740051198,-68.67065909557417,0.8882443552941863,-167.15118927025063
110_Wide,8,1350000000.0,1.2750550106483993,133.06244914039434,0.8341420932709765,-33.81141675883181
110_Wide,8,1360000000.0,0.8528586474963713,-96.66342465057124,0.550219734064606,-165.53519792184179
110_Wide,8,1370000000.0,0.8880969000550697,95.87801737133856,1.0217973995168588,131.0131332152076
110_Wide,8,1380000000.0,1.2915112329425558,49.928994640295365,0.30735833505055,42.89215788671794
110_Wide,8,1390000000.0,0.8042485248518245,15.82320019098795,0.9689432199468744,61.496319774904535
110_Wide,8,1400000000.0,0.47380960276484174,-11.966865933844355,0.703687052255806,-69.91409482641782
110_Wide,8,1410000000.0,0.7376709844115483,-93.54111733138886,0.8287038357075588,103.72896193172838
110_Wide,8,1420000000.0,0.9687175282971449,-93.59212388148133,0.8511836804255184,-45.66409967790651
110_Wide,8,1430000000.0,0.9302395194143642,23.482638846988877,0.6418858722082053,-79.14426664250925
110_Wide,8,1440000000.0,0.8659745454886141,146.48989967191343,0.9526763288142839,24.792862986779017
110_Wide,8,1450000000.0,0.19648908219019756,147.08334351243076,0.7113472504184061,-129.512266345816
110_Wide,8,1460000000.0,0.11414302580668623,-156.0349773691205,0.8912928589660931,108.79746402345855
110_Wide,8,1470000000.0,0.7937579553122491,75.71898281554566,0.7290676936571827,141.40351525955307
110_Wide,8,1480000000.0,0.1830488577678738,27.391431831512577,0.8007191325850251,53.20710580504915
110_Wide,8,1490000000.0,0.7307516006925198,164.4551523008615,0.7226402399131128,177.86927213575447
110_Wide,8,1500000000.0,0.9706442573110337,158.6737551331382,0.5530729917387708,-101.05844972491747
110_Wide,8,1510000000.0,0.6567266193482574,-16.946727634235994,1.328942943563207,-46.71446688531569
110_Wide,8,1520000000.0,0.5704025703042058,-41.02420415420258,0.5992663568876795,117.40885809951656
110_Wide,8,1530000000.0,0.833810204514055,144.67549462663686,1.0026023116539515,151.68486818421522
110_Wide,8,1540000000.0,0.16433241434655652,103.55522349119296,0.11422051201417159,139.3063190834262
110_Wide,8,1550000000.0,0.979555544788521,-113.88249943005599,0.6774989166848142,-20.637064732665994
110_Wide,8,1560000000.0,0.7588800312779164,93.1742404051533,0.6681449021800171,173.85318898657533
110_Wide,8,1570000000.0,0.880550788133728,-76.04642478651866,0.9841102316881377,142.5877971744716
110_Wide,8,1580000000.0,1.0293083682641189,49.4915351220855,1.049894717320227,146.16261374065746
110_Wide,8,1590000000.0,1.097704481348609,65.00481102828309,0.5275208747959959,75.30468709261194
110_Wide,8,1600000000.0,0.15851293596310947,120.75655886908837,0.8355093478126289,71.16549724868345
110_Wide,8,1610000000.0,0.24173685961653557,105.70199232012027,0.5611387195970934,-20.51275147012413
110_Wide,8,1620000000.0,1.0070291643950098,124.39081529849308,0.7921245348879754,35.945092684214046
110_Wide,8,1630000000.0,0.9807158185411157,-95.62858945263972,0.3782526626873968,-144.55374438614052
110_Wide,8,1640000000.0,0.752580679068298,86.87876594817044,0.7508794532126972,-85.97425532194536
110_Wide,8,1650000000.0,0.994072763241442,-106.81877490919568,0.42292295594751206,107.62491638988327
110_Wide,8,1660000000.0,0.6136975545248902,78.99147211933969,0.5294722509114239,162.88655876119154
110_Wide,8,1670000000.0,1.0071259703176123,9.712023785505302,0.6852825891576723,-167.92310470085462
110_Wide,8,1680000000.0,0.4479895623506182,155.54937019623597,0.6852004849189386,-142.38458337789115
110_Wide,8,1690000000.0,0.7954796380692934,73.9331246904976,0.6832295171746373,167.5992846643272
110_Wide,8,1700000000.0,0.2886668015965661,-5.13970294632342,0.9489324908648018,-38.393425877666914
110_Wide,8,1710000000.0,0.5483217712421043,67.87455025231935,0.8435943184023258,12.008819774098615
110_Wide,8,1720000000.0,1.2250356891873642,51.5632758684941,0.7970120343188944,63.57923052677013
110_Wide,8,1730000000.0,0.9529000408440463,-60.74891118682332,0.9995216516064325,50.29136538847547
110_Wide,8,1740000000.0,0.9034551432091674,-30.13211745124465,0.8057633352465341,-135.758056175668
110_Wide,8,1750000000.0,0.13319395106870785,-58.02200037948319,1.258438630434332,128.87945025955966
110_Wide,8,1760000000.0,1.1420926277077712,-33.02854525292594,0.9291968449749987,-148.15034700484537
110_Wide,8,1770000000.0,0.5634206892344561,-158.83084997181285,0.9726009859418976,1.26121350981508
110_Wide,8,1780000000.0,0.8535297716551373,45.01183809549377,0.30742397512515485,83.65125087669014
110_Wide,8,1790000000.0,0.37792681426675984,51.1656871687844,0.8528176272428329,-141.7894461126906
110_Wide,8,1800000000.0,1.157117988940326,55.126447473768714,0.29168488064245257,25.66653716132197
110_Wide,8,1810000000.0,0.5244119823535185,-14.932895432673737,1.0387028599290613,156.18168746690725
110_Wide,8,1820000000.0,0.4552469477048322,145.38146904423184,1.0116592600695336,32.33407013436283
110_Wide,8,1830000000.0,0.718643143189745,38.22014506020287,0.2786798964136831,-42.0366990546285
110_Wide,8,1840000000.0,0.9320786174786506,169.05303833108619,0.817847231700325,-92.07576043071097
110_Wide,8,1850000000.0,1.210868534714397,49.60057084361016,1.086205573501341,-45.05408009809209
110_Wide,8,1860000000.0,0.7394645189102167,139.1000411353763,0.1484464300987213,-88.42303316985912
110_Wide,8,1870000000.0,0.057062493946089414,-159.07093203478027,0.7234033955355728,52.64861505628813
110_Wide,8,1880000000.0,0.5592133681364866,57.84186585142908,0.9797236663642156,3.941864515634455
110_Wide,8,1890000000.0,1.3141962184449274,45.2022557206488,1.1041917209693959,146.12811817576693
110_Wide,8,1900000000.0,0.8475856149136732,-147.80524670982703,0.5056809734662064,123.30771601018174
110_Wide,8,1910000000.0,1.0100651250247896,-37.10987822921778,0.6890208900845863,4.268687514424525
110_Wide,8,1920000000.0,1.145795998038929,-48.217789399324815,0.3323612770548118,97.42835781211734
110_Wide,8,1930000000.0,0.3261827596380148,-32.13042968168579,0.45168702375971276,10.763895311335927
110_Wide,8,1940000000.0,0.2238673068679612,-12.127030156883169,0.47367287176135325,3.596118211395129
110_Wide,8,1950000000.0,0.8010274741339761,-158.97905163269527,0.989915558204869,-42.07063310927213
110_Wide,8,1960000000.0,0.3653120871545693,-25.799077767305285,0.9929837537051703,-36.65723655043858
110_Wide,8,1970000000.0,1.039109671260485,29.90300683761332,0.3607238033682786,-158.7533060139816
110_Wide,8,1980000000.0,0.8188739325113505,94.03819147331792,0.75980448639777,28.72235416077259
110_Wide,8,1990000000.0,0.6838320565914808,71.64048243515046,0.696273020928755,-148.9987149297644
110_Wide,8,2000000000.0,0.4671813592936606,137.7551079577132,0.4352546858802882,-165.44872421627423
110_Wide,9,1000000000.0,1.1156954254086981,50.8574757272433,0.8397635400074773,-119.62925024814942
110_Wide,9,1010000000.0,0.8508871743960398,-145.09149977529287,0.9571535119852561,94.03610729976299
110_Wide,9,1020000000.0,0.8236201247988544,175.09455013352573,1.1361158879966342,-132.7077694450477
110_Wide,9,1030000000.0,0.29443908859532547,45.363912943968096,0.838688086458604,-161.76446498356586
110_Wide,9,1040000000.0,0.8753695982727202,171.31922712283762,0.7882379001775752,-76.5058388822483
110_Wide,9,1050000000.0,0.7368406556847584,-174.69507163012727,0.742733830881736,-7.183327830708019
110_Wide,9,1060000000.0,1.2195321126323964,41.853688587313634,0.9313561573105735,108.7057701029532
110_Wide,9,1070000000.0,1.188020065019348,47.868329409395585,0.5796482426388394,120.93602849721
110_Wide,9,1080000000.0,0.5378876309583726,23.331781014183157,0.8984962941681138,-114.18647191974351
110_Wide,9,1090000000.0,0.6349701238370318,6.540979382208331,0.4750300376740155,58.62431920250207
110_Wide,9,1100000000.0,1.022267145370444,155.48489740277248,0.45081964228135113,21.310920127307316
110_Wide,9,1110000000.0,0.7301480479342236,-88.50350779082677,1.2271304623056456,-131.94639236485617
110_Wide,9,1120000000.0,0.39625179689412915,32.835614014853554,0.7793260999677178,47.15405842040119
110_Wide,9,1130000000.0,0.8957006977426963,-179.94481634542973,0.5076139351833301,-171.23531103767698
110_Wide,9,1140000000.0,0.7232219713333614,-43.520032983814744,0.6946053834737623,28.184156433049676
110_Wide,9,1150000000.0,0.7018583318805927,135.09807968796798,0.8280838051490025,-45.33548399368676
110_Wide,9,1160000000.0,0.4330863248020782,-57.76023569838543,0.1734257436258473,54.729343928221404
110_Wide,9,1170000000.0,0.3870349063491811,-102.84788934279808,0.21557913917817415,56.06139652484913
110_Wide,9,1180000000.0,1.1550798337789274,-135.46833309978925,0.48819968052561474,148.87178135716152
110_Wide,9,1190000000.0,0.6825264979272246,35.112515487731066,0.8890285702305977,-112.87722020911842
110_Wide,9,1200000000.0,0.26122959057153505,-58.69687162169718,1.245626083330967,-37.507237275458294
110_Wide,9,1210000000.0,0.9586477566153083,-105.95954357059381,1.248663299039854,128.61902090809377
110_Wide,9,1220000000.0,0.4448465893348549,-158.04815914350294,0.9869569635445736,-170.67881911976465
110_Wide,9,1230000000.0,0.24607873182180914,-126.84526892430836,0.76015918336149,-132.4638635781714
110_Wide,9,1240000000.0,0.891642306877276,105.60295862723319,0.8646036129549148,75.59561125260988
110_Wide,9,1250000000.0,1.1155711655752119,-29.62482903579178,1.1193680733114408,-137.8061995974636
110_Wide,9,1260000000.0,1.0972435540915257,-35.49002751050219,0.9785826346914235,95.40239915025276
110_Wide,9,1270000000.0,0.8948799476222061,-115.30658097667222,0.38716899108644015,13.446329865316873
110_Wide,9,1280000000.0,1.2794030283302378,44.95440388799353,0.4852033076026258,118.92812342945989
110_Wide,9,1290000000.0,0.9064698810167603,170.13815093681708,0.816148373833564,28.806370119090037
110_Wide,9,1300000000.0,0.9187190871857305,-79.98438142721454,0.595150157582013,-151.21115240410595
110_Wide,9,1310000000.0,1.0285871433128946,22.23309525619472,1.1992256923073426,48.812541658500244
110_Wide,9,1320000000.0,0.8771109104293363,-168.63607739891958,0.35001611134824345,50.62913620113221
110_Wide,9,1330000000.0,0.6858542714554933,68.54258458536209,0.8556354401720945,-49.3740196539135
110_Wide,9,1340000000.0,0.9702383823570545,129.70098543008527,0.9442941986998332,-73.44525678986444
110_Wide,9,1350000000.0,0.5866787864412688,39.2509878024797,0.8077156795787286,-171.92530337221783
110_Wide,9,1360000000.0,0.5111293825650333,162.59537065450758,0.7107686497897262,-159.58891469157908
110_Wide,9,1370000000.0,0.6206858992281081,100.62661826192252,0.7623071335504312,-148.2721685464999
110_Wide,9,1380000000.0,0.8038331027504888,159.20121754082757,0.41569587044227774,-67.30873798232544
110_Wide,9,1390000000.0,0.9476837167758938,86.7139561459681,0.7021006913774398,147.625949541655
110_Wide,9,1400000000.0,0.5730110303573457,-0.12504978228743896,1.2530555095738551,50.106682672214404
110_Wide,9,1410000000.0,0.7701390441597274,-87.78018510317479,0.45099765535866654,124.57474550644672
110_Wide,9,1420000000.0,1.115184662412088,-133.5933730060024,0.5292845077766963,-159.4186144188206
110_Wide,9,1430000000.0,1.251371134042807,-37.63519994687257,0.7144504054944882,-146.0142569324597
110_Wide,9,1440000000.0,0.8570931452936944,-61.28831469165738,1.2436161620788557,129.14619014025698
110_Wide,9,1450000000.0,1.077476478884671,-43.36321898470881,0.9370042814995134,-156.672050304439
110_Wide,9,1460000000.0,1.1751303795559955,-51.31759464759737,0.5820827302963397,-33.824067584059684
110_Wide,9,1470000000.0,0.8520729450405502,44.49839257574436,0.626364092139718,79.94362792131909
110_Wide,9,1480000000.0,0.684499589992187,-40.35531630892755,0.1880899734553648,41.6751787134692
110_Wide,9,1490000000.0,1.2906409030890147,129.44291178148646,0.8750784747558448,129.67043926968594
110_Wide,9,1500000000.0,1.1702209348663326,35.23539544305415,0.7374632276531331,-176.63021421221856
110_Wide,9,1510000000.0,0.8365518790149862,-139.68982992077642,0.6173531996080248,-66.11094322958357
110_Wide,9,1520000000.0,0.3946007600687396,54.292144946712625,0.6022349969986298,-60.268510060796686
110_Wide,9,1530000000.0,0.6180215707647498,176.06406131234144,1.138390230670489,-148.9705245939139
110_Wide,9,1540000000.0,0.5793185483679877,-46.67667939403615,0.7594513841608651,-8.349200892707872
110_Wide,9,1550000000.0,0.7677301791486744,50.967224146534,0.407211478626439,-71.7717853568124
110_Wide,9,1560000000.0,0.33399226248904773,127.00386674999099,0.05680381055707257,-121.51492543923804
110_Wide,9,1570000000.0,0.7087619243214803,-177.0448231999126,0.04307874046583385,157.20976804298485
110_Wide,9,1580000000.0,0.49352164440606294,-24.88846967833737,0.2955965634326942,64.02605796539596
110_Wide,9,1590000000.0,0.6570655323277604,-54.47367606777585,0.7151211127355405,-114.7381958103555
110_Wide,9,1600000000.0,0.4937593123904271,-152.9551398602215,0.9682316764616263,147.04803312439188
110_Wide,9,1610000000.0,0.9341958762696025,-25.141937379595262,0.772536399338825,59.16429630104542
110_Wide,9,1620000000.0,0.24934872664378263,-35.71735661802958,0.3507374245854284,-155.37717285808537
110_Wide,9,1630000000.0,0.5110987993572781,-173.6959868616952,0.6131800525619638,70.72206621353973
110_Wide,9,1640000000.0,0.6378770233540049,-121.36787805594378,1.0888284048126444,-65.75565741073737
110_Wide,9,1650000000.0,1.0109506280982163,136.98061831395265,1.0414403904226952,-44.909996865975145
110_Wide,9,1660000000.0,0.6951314448817337,-151.7052887055672,0.6535849389475781,-6.64375473150531
110_Wide,9,1670000000.0,0.8077902148630595,146.14494301739398,0.48496951753287204,132.77639722602805
110_Wide,9,1680000000.0,0.7937646665079702,-92.39179642261747,1.1211846760286905,-58.488558612277245
110_Wide,9,1690000000.0,0.9642732232156406,-168.84945115151362,0.893704656306566,131.13993992952342
110_Wide,9,1700000000.0,0.9026764419704293,85.73196205584226,0.6059005445329843,-25.020810546776048
110_Wide,9,1710000000.0,1.2593375558716966,39.14933139658742,0.9825824931992168,26.281105079659707
110_Wide,9,1720000000.0,0.8283465581420658,-111.5992020070718,0.791679898940573,47.59423690931673
110_Wide,9,1730000000.0,1.1272733076932178,27.645882815115172,1.1236779915796744,143.64708540771554
110_Wide,9,1740000000.0,0.7724476443525574,-37.08671334207039,0.923462357698058,-153.0729054228506
110_Wide,9,1750000000.0,0.8083811004915489,67.59711324394553,1.037669895049932,50.263604141136206
110_Wide,9,1760000000.0,0.33034139158594983,-150.592515469555,0.5905683715167248,-94.21897811162552
110_Wide,9,1770000000.0,0.646740089434797,120.07912135558627,0.4154450133191706,-71.01094040975357
110_Wide,9,1780000000.0,1.0623915344267312,-57.616751297870834,0.5515518961939296,120.65034905824433
110_Wide,9,1790000000.0,1.0448154322086558,24.95390385542562,0.7810162722111199,-151.11500412405735
110_Wide,9,1800000000.0,1.0238539717418298,-141.33849755481887,0.8813091954075736,-37.475021495778144
110_Wide,9,1810000000.0,0.5796908244186283,-140.91437809792907,0.3043358941278908,-34.50183318085955
110_Wide,9,1820000000.0,0.5415366677280701,144.23385608618227,0.27783104458732527,-141.0048722021934
110_Wide,9,1830000000.0,1.1431566287398014,-124.25911220403994,0.4606487251785538,-147.36488070714535
110_Wide,9,1840000000.0,0.7676172167040656,134.5242960721752,0.37045183782763874,124.69752609654041
110_Wide,9,1850000000.0,0.9701637003193396,21.727703025110845,0.2991581923426023,-85.85157267300077
110_Wide,9,1860000000.0,0.9566623613398382,-24.217899582639582,1.0652561974032988,-127.5178839859194
110_Wide,9,1870000000.0,0.9627996975965939,167.91192273331535,0.9158449830240967,-172.90584563339405
110_Wide,9,1880000000.0,0.49394062240093844,71.72668493191755,1.0329851473549445,137.00934397258447
110_Wide,9,1890000000.0,1.1157872151099222,52.04015237920949,0.398980055978644,154.89422302328714
110_Wide,9,1900000000.0,0.9644537768653204,-144.8049800734126,0.9128663858984939,-115.52151578139858
110_Wide,9,1910000000.0,1.2250237450505577,-126.09632069254155,1.2198074133636583,-53.78953329147565
110_Wide,9,1920000000.0,1.0222710158622483,-69.4894379559774,1.101821917898021,118.6398905453615
110_Wide,9,1930000000.0,0.9983819706302837,-22.135397835663124,0.4437341061417833,-145.99272961680813
110_Wide,9,1940000000.0,0.7379589953658726,-7.951430084940707,1.1729686038579572,147.71173603451382
110_Wide,9,1950000000.0,1.0354565031438472,-44.81595370621996,0.8492948701260803,152.0927305277365
110_Wide,9,1960000000.0,0.5353690593522855,-122.65146287438115,0.9561764823481301,129.76275462157224
110_Wide,9,1970000000.0,1.213194294536064,-133.42758615522726,0.971769658821439,-159.7691146058858
110_Wide,9,1980000000.0,0.9448872757773656,-168.459371229474,0.3919373308666801,-32.07563813517756
110_Wide,9,1990000000.0,0.9083901866084728,6.231353277446463,0.22541377868601206,68.28867741625156
110_Wide,9,2000000000.0,1.0452388068459937,58.84297505161343,0.40327071281711135,-72.74383700355719
110_Wide,10,1000000000.0,0.7675965580060576,126.2082214537931,0.821377594156574,76.94335942326936
110_Wide,10,1010000000.0,0.7437585446173052,-154.47942669054342,0.526426880729441,164.69734987364427
110_Wide,10,1020000000.0,0.9762659293345115,-29.79567539202257,0.4900895686426253,176.50588015061993
110_Wide,10,1030000000.0,0.6238251544802313,53.10160121621777,0.19737911688807003,-33.20078909918569
110_Wide,10,1040000000.0,0.2710499055464949,135.7984121336458,1.0136551084700274,106.70669589425138
110_Wide,10,1050000000.0,1.0163592421603234,138.309113848477,0.44828677357792074,-94.7023815959766
110_Wide,10,1060000000.0,0.8141698923058499,-63.13971077549613,0.7395353686406101,-112.23337560374509
110_Wide,10,1070000000.0,0.48957510575043534,103.99421176797524,0.7303383063200233,28.699039189339782
110_Wide,10,1080000000.0,0.8612573980723676,-81.1542840217892,0.9798509475846091,-127.73254219401136
110_Wide,10,1090000000.0,0.9937339466140627,-46.26196526857852,1.101621961998148,125.43601545150149
110_Wide,10,1100000000.0,1.1390793418416731,125.61250893038577,1.0231316329511237,76.89656384218527
110_Wide,10,1110000000.0,1.1215586081268967,143.84595405278114,0.8750571890034927,84.08839683575836
110_Wide,10,1120000000.0,0.45398102111453975,89.8740174462295,0.8339773401637911,65.2911829935951
110_Wide,10,1130000000.0,0.8153257705787729,134.28539439735894,0.8514509228709413,10.688194242915054
110_Wide,10,1140000000.0,0.39112236182633925,-62.14995712434894,0.8877923801660569,32.96067494770316
110_Wide,10,1150000000.0,0.6590676509256106,117.39994468565352,0.8143408863150684,104.92536538373358
110_Wide,10,1160000000.0,0.7766105679016315,-76.90333205340303,1.0356454416951388,124.44001767493214
110_Wide,10,1170000000.0,0.6862712811527977,-31.299012552492716,0.4404736242364868,29.501643877727364
110_Wide,10,1180000000.0,0.7604451673028979,61.165609131522594,0.42463940467597205,-150.11247961880363
110_Wide,10,1190000000.0,1.2687564384398244,45.109389610884996,0.9761501273573969,89.18607635639174
110_Wide,10,1200000000.0,0.9962514042342523,-146.61991760443956,0.8314150731702532,-62.56118562861459
110_Wide,10,1210000000.0,0.633438600406099,2.5158252947034674,1.0049721462453516,-53.579785159647585
110_Wide,10,1220000000.0,0.4850660921939434,-157.69674087097283,0.714270869301156,-12.004404518072057
110_Wide,10,1230000000.0,0.7556171948451429,-47.285585020034375,0.8370802488175222,-137.46431960261418
110_Wide,10,1240000000.0,1.1381904108500431,135.3149127400973,0.7079062123828203,-143.29597008663177
110_Wide,10,1250000000.0,0.6884811663177149,-12.040718088456947,0.6238965458455721,-76.18983508990945
110_Wide,10,1260000000.0,0.7878779111058162,44.49545384378444,0.5294694305668406,-171.70585964809482
110_Wide,10,1270000000.0,0.6623513746431802,-140.5062422481524,0.3653714382592505,90.5104460807765
110_Wide,10,1280000000.0,0.7518586890748437,166.62319266544816,0.9285599730910784,73.68571146030092
110_Wide,10,1290000000.0,0.8240363377833533,-112.88894290079514,0.5750147287827162,-59.11001728422004
110_Wide,10,1300000000.0,0.5520340846597531,-10.408683841315378,0.8359293118042599,179.30780877712812
110_Wide,10,1310000000.0,1.01981358826435,108.4048742292951,0.6562578791386596,-132.04948136035782
110_Wide,10,1320000000.0,0.3152897510939362,116.34833271276302,0.8740369765621778,-131.40436106677402
110_Wide,10,1330000000.0,0.37495004775878527,96.26044558679072,0.5475545340179729,-173.80819698132984
110_Wide,10,1340000000.0,0.28974610330175243,-114.91951162207657,0.9687134272942378,101.55430308883781
110_Wide,10,1350000000.0,0.5939641164898422,166.9262824473295,1.1944843310665916,-127.49061888808589
110_Wide,10,1360000000.0,1.1161412656803193,-149.21107882942474,0.3377739750439428,63.31448901904746
110_Wide,10,1370000000.0,0.8037588670744172,-53.72322778476497,0.3729579732665048,85.3940106515987
110_Wide,10,1380000000.0,0.7291279856019452,-151.16003708584108,0.8587497951634806,29.257714212800206
110_Wide,10,1390000000.0,0.8226960742014978,111.47871772064269,1.2793286956294851,-43.1160066868985
110_Wide,10,1400000000.0,0.5024027161275378,-151.01786272705266,0.9948036662713373,62.24879804334075
110_Wide,10,1410000000.0,1.0529098336331153,124.08077857247729,0.7989739895797403,-119.81335946862903
110_Wide,10,1420000000.0,0.6352229394785431,0.5203317603152023,0.9949580687368426,-78.51533174991795
110_Wide,10,1430000000.0,0.7723117244211437,2.5092930252228154,0.6567201847050244,51.37812574970711
110_Wide,10,1440000000.0,0.5616165524078862,-145.48401130457873,1.0299561536001114,-114.33749503079672
110_Wide,10,1450000000.0,0.8106940288086001,9.856427373728202,0.6920417688739552,-156.95636855800706
110_Wide,10,1460000000.0,0.7369170152430427,163.93347360994045,0.7134563320475239,-174.8400487634999
110_Wide,10,1470000000.0,0.09740594613983172,55.74951951356383,0.2282562641040476,-72.20369098915853
110_Wide,10,1480000000.0,0.8748214517382283,143.44533139091206,0.40531423777575665,164.59581373240667
110_Wide,10,1490000000.0,0.09632508924150564,112.86674686349171,0.724613343457348,-14.117436143307154
110_Wide,10,1500000000.0,0.21196468247590006,-108.61346866085165,0.4231625389800923,75.25375206624801
110_Wide,10,1510000000.0,0.7634466497248937,132.8688074130398,0.8485520694942889,-143.14201736811216
110_Wide,10,1520000000.0,0.554695861090787,-156.24530854444743,0.7450898106259007,112.32905127773539
110_Wide,10,1530000000.0,1.310897373322874,-44.303211638827,0.38433831316888223,-147.27730882653515
110_Wide,10,1540000000.0,1.0710104630702184,-39.69018194343082,0.9412384251849377,-52.21300992264542
110_Wide,10,1550000000.0,0.6192681664276126,149.01795787536204,1.0029419322574555,130.89476034017846
110_Wide,10,1560000000.0,0.12725107620511156,-113.21304410506193,1.1567660612720057,-51.575566275086395
110_Wide,10,1570000000.0,1.0856997888855777,-34.632879970717866,0.29121783602419804,163.94455793436381
110_Wide,10,1580000000.0,0.647898965003712,122.03522646541161,0.9852525757522643,-133.73858205264787
110_Wide,10,1590000000.0,0.6844556255362303,154.25975950693365,1.058883637386145,150.55577100383724
110_Wide,10,1600000000.0,0.988145085255173,29.15221411601651,0.48674978658223045,-50.05349466969397
110_Wide,10,1610000000.0,0.979055455306323,-76.79508334151001,1.2739483074127353,42.96629526301246
110_Wide,10,1620000000.0,0.5655939832829056,60.34120030029919,0.19292355235945335,-160.56107632368762
110_Wide,10,1630000000.0,1.0808383877978405,130.25391972715832,0.8973476657967097,121.2719343333806
110_Wide,10,1640000000.0,1.054137230892956,-134.45381555606355,0.7662085780236971,88.85407718493714
110_Wide,10,1650000000.0,0.8330410151750934,102.38358656287984,0.7507716578905806,10.615345971395563
110_Wide,10,1660000000.0,1.3054914284471577,-131.18365365570693,1.1479256862040483,48.51348899562929
110_Wide,10,1670000000.0,1.2589711692250916,140.79669886275974,0.4470998805186908,-20.766867398254295
110_Wide,10,1680000000.0,0.7785007787655961,-52.81057585331508,0.8293548094671294,22.025763567228484
110_Wide,10,1690000000.0,0.8057338090465143,-154.35010972388665,1.047086388148462,-154.036141427296
110_Wide,10,1700000000.0,0.9454710212582965,72.44151020931828,0.3927787797437204,-100.99170079742672
110_Wide,10,1710000000.0,0.9082826445120101,2.5119977164496086,0.19650026977046908,-168.24503283796471
110_Wide,10,1720000000.0,0.8999651068331187,-3.5199169012900895,0.9602726250968373,135.20626813238323
110_Wide,10,1730000000.0,0.7649851978701016,-33.24604656527695,0.5992026674379012,92.46939129862537
110_Wide,10,1740000000.0,0.8822967106743077,32.018937576836876,0.8242431507989457,29.890978726237236
110_Wide,10,1750000000.0,0.6516591965948055,-14.742326206091853,1.1285950702792473,138.1377610973193
110_Wide,10,1760000000.0,1.1732442193756893,-32.393454666410065,0.8994097244489513,63.97430779877047
110_Wide,10,1770000000.0,0.584068188895844,-123.651253442706,0.9410996731905898,145.78012272536895
110_Wide,10,1780000000.0,0.7957789239154397,42.4285809731972,0.2052991236503801,-167.2422164265267
110_Wide,10,1790000000.0,0.7616527322096956,148.91378022944826,0.6495137118300119,-5.1164230193104245
110_Wide,10,1800000000.0,0.7357910378048832,-95.565253454883,0.6710182837846879,112.67256659673959
110_Wide,10,1810000000.0,0.8508748739039217,135.92323286607774,0.9303809327012194,155.3717662909725
110_Wide,10,1820000000.0,0.8886887063740123,-158.1344438020664,1.1657758814271721,-56.52935196927711
110_Wide,10,1830000000.0,1.0081941700023294,154.178561101073,0.6520265488908583,-156.22761574962118
110_Wide,10,1840000000.0,0.5443717263148106,163.69705288373268,1.0984312693295997,-44.54295198381811
110_Wide,10,1850000000.0,0.30682380912852253,43.50361171532092,0.39072709895219443,-81.07406733420072
110_Wide,10,1860000000.0,0.9383482942167162,165.84945852538857,0.9068407822224386,109.69869908035156
110_Wide,10,1870000000.0,0.6570430755285032,-72.20515096670752,0.7137387996081553,-6.3739026337136035
110_Wide,10,1880000000.0,0.2889591039430693,-27.197108140731544,0.27719238483387804,-155.4377397151403
110_Wide,10,1890000000.0,0.09674953038269872,67.66202572308393,0.8684815205428787,48.47882801604961
110_Wide,10,1900000000.0,0.9667885082029642,138.33816434529047,0.9715653906024451,-148.05021570676334
110_Wide,10,1910000000.0,1.0155851557935396,-166.2168281126591,0.9093575743071574,30.307559183518695
110_Wide,10,1920000000.0,1.0354169931732253,143.52336897872382,0.5631556982073451,-62.134491152535254
110_Wide,10,1930000000.0,0.8772701021627963,-168.86898356021987,0.44675239432990854,103.10389198397644
110_Wide,10,1940000000.0,0.4291538711577475,-35.18150767193829,0.4307171516308171,124.28338500520299
110_Wide,10,1950000000.0,0.8504504540319702,31.24229346340087,0.9691744236235045,-44.7065939317067
110_Wide,10,1960000000.0,1.0675479540036414,-116.77157794280082,0.816371575472638,-15.308186763949129
110_Wide,10,1970000000.0,1.003166920192794,-96.0202518888286,0.6777170917083051,-20.699366953153707
110_Wide,10,1980000000.0,0.5051461861923835,-86.11709912052262,0.7633651323388955,-102.58889061385462
110_Wide,10,1990000000.0,0.7074726712176612,-31.769748516116405,0.5180629927008585,-9.117562343630047
110_Wide,10,2000000000.0,1.3632155588013541,134.2463904094233,1.0787619360936251,-66.93678272757559
110_Narrow,1,1000000000.0,0.9440629446304722,-96.21462965367047,0.7512566555877853,7.417670824438057
110_Narrow,1,1010000000.0,0.6431173200461223,130.57075548533442,0.8140033075354802,-95.16343868759614
110_Narrow,1,1020000000.0,0.7458044683637053,-65.86893325108497,1.062278557934753,158.62501213809793
110_Narrow,1,1030000000.0,0.8893164009719048,161.80367953508792,0.8544387193042009,-123.93601028060607
110_Narrow,1,1040000000.0,0.20397791969146242,175.25816486876693,0.16161786869514885,-151.7469754228024
110_Narrow,1,1050000000.0,1.003277242171213,-137.30904825598745,0.6221881524022568,101.99319500204464
110_Narrow,1,1060000000.0,0.48864329992122496,-99.46422317762237,1.1503887438287625,-48.82999787013892
110_Narrow,1,1070000000.0,0.427009319297515,22.09260396796544,0.038352012720634,-132.51636640597042
110_Narrow,1,1080000000.0,1.02574424251824,61.16709282721833,0.4990358881910379,1.0558196209531794
110_Narrow,1,1090000000.0,1.0654574796673577,49.47492877383402,0.9938391469648448,-56.05857032689346
110_Narrow,1,1100000000.0,1.3942550488962648,45.17648364805658,0.8753153562013606,106.43816429505385
110_Narrow,1,1110000000.0,1.1488544420746698,-136.50027857231237,0.9514358935595126,59.917093292307946
110_Narrow,1,1120000000.0,0.6971626093833339,-14.22183238800475,1.2694605577786524,-132.968874103071
110_Narrow,1,1130000000.0,0.2122557197310038,-112.53253467158318,0.4828902078867588,41.47780336016874
110_Narrow,1,1140000000.0,0.8646257553959209,67.37573882162721,1.1636355521960928,-145.4689902751762
110_Narrow,1,1150000000.0,0.44959425690007054,-157.28360032255287,0.8864629575437013,73.83929760659052
110_Narrow,1,1160000000.0,0.2877181018440604,49.0732546128584,1.1165976854170598,61.3242286990322
110_Narrow,1,1170000000.0,0.8098649216691653,128.95845551325675,0.6049469240412864,112.48178221349471
110_Narrow,1,1180000000.0,1.014985615227558,27.710124569190462,0.040947838374439154,-144.63125807844702
110_Narrow,1,1190000000.0,0.8977733963780464,95.32182740682622,0.48627602593582225,37.095374114107216
110_Narrow,1,1200000000.0,0.4963650041359478,-42.38378525136525,0.8183701328627517,-21.514717322787643
110_Narrow,1,1210000000.0,0.9046384768719145,162.49663550762082,1.1905102518805377,125.5994051960112
110_Narrow,1,1220000000.0,1.0550848675240703,-41.02468787108108,0.7628341060840595,130.39460424055036
110_Narrow,1,1230000000.0,1.2545563522596535,-45.83932327539117,0.9472036801466599,22.916012452687983
110_Narrow,1,1240000000.0,1.359833126586276,-134.5346858733516,0.9639436397829892,52.587937234464746
110_Narrow,1,1250000000.0,0.7522484530703447,-95.50924746010305,1.1670257447541659,39.614807722146146
110_Narrow,1,1260000000.0,0.7603007583300315,-173.29141972773033,0.9662241272772867,170.62257890697936
110_Narrow,1,1270000000.0,0.2608727116238529,141.11647306645403,1.017352468821804,43.657303624111535
110_Narrow,1,1280000000.0,0.3514645441408704,178.29943877164507,0.5177666535215371,74.91668967447336
110_Narrow,1,1290000000.0,0.5096901409632787,99.59240383199291,1.1256117235680256,119.64582478444785
110_Narrow,1,1300000000.0,1.1746077643644368,-53.517045633265646,0.5499528341437255,-30.019339464465176
110_Narrow,1,1310000000.0,0.8191955785515033,-42.160840133732215,0.8762743263628555,27.67554124557795
110_Narrow,1,1320000000.0,1.2382404418204946,39.75135053097313,1.1523708045779522,52.45396254310221
110_Narrow,1,1330000000.0,0.7804675762992724,-76.96675254891747,0.8784576573048967,84.2633534086031
110_Narrow,1,1340000000.0,1.1344814177082783,-45.55043224800651,1.0893373673285218,117.2437521973289
110_Narrow,1,1350000000.0,1.049833460294067,-154.62489251392682,0.5188312973212554,-114.63823832836421
110_Narrow,1,1360000000.0,1.2455477727117472,137.32527872502263,0.5252666667654705,72.99148076699447
110_Narrow,1,1370000000.0,1.0299299965277315,63.10422083830717,0.6462707563512076,113.19190090923341
110_Narrow,1,1380000000.0,1.2370877644883118,36.64457305162747,0.9188082191405481,45.452323186239084
110_Narrow,1,1390000000.0,0.6842191248084826,68.2199632534656,0.9019346961456035,85.61787933751617
110_Narrow,1,1400000000.0,1.1044252491515252,133.8089215656742,0.8987457867843283,-47.10105785921257
110_Narrow,1,1410000000.0,0.8710586734516531,3.453696993440003,1.0006803560444668,-16.282279301436397
110_Narrow,1,1420000000.0,0.6895604356109589,-19.838362186940376,1.0253568129942885,-148.17299169690546
110_Narrow,1,1430000000.0,0.21327669924074083,-13.213498460434188,0.42103666949636637,168.00423234934797
110_Narrow,1,1440000000.0,0.9733613569519278,-102.45927313729185,0.245224190150482,-35.96737256705554
110_Narrow,1,1450000000.0,0.5893886959843889,18.909037868293414,1.2850337595546377,-44.23805607977981
110_Narrow,1,1460000000.0,0.7458947499319939,-100.01908921542642,0.7225977002694656,26.89272466744189
110_Narrow,1,1470000000.0,0.20200207064833026,-4.54226515118302,1.0858029491324332,-49.490469910120076
110_Narrow,1,1480000000.0,0.9626467670886965,-77.63612855407113,0.45537569056113475,57.51791835729916
110_Narrow,1,1490000000.0,0.30609711475699675,87.07300163271302,0.38043953531922475,-80.35983593953415
110_Narrow,1,1500000000.0,0.7907506623771542,-151.74995549104025,1.0165937242056737,-158.06481365053313
110_Narrow,1,1510000000.0,0.20748629502003094,-133.18564409836202,0.6314694927261105,65.31617990046226
110_Narrow,1,1520000000.0,0.9096333795931473,49.48510919761467,0.9164405372479023,-105.79834209933472
110_Narrow,1,1530000000.0,0.4471274308304791,-176.07132643268383,1.062549358126569,137.39570168589808
110_Narrow,1,1540000000.0,0.4118826445526319,-88.26934976547884,0.16168463903697744,34.54319789237535
110_Narrow,1,1550000000.0,0.34324301821841474,129.80957388215793,0.579430924744618,178.7502055544076
110_Narrow,1,1560000000.0,0.1988496571825675,-17.002134091625912,0.5026536208792365,37.49184543586809
110_Narrow,1,1570000000.0,0.7454706340574233,-55.8756415617891,0.3431354843481365,-48.31990327597105
110_Narrow,1,1580000000.0,1.1468273387774186,-132.64469686765594,0.9626921877890471,-57.79908346718962
110_Narrow,1,1590000000.0,0.802296805275278,-72.71499906199806,0.9388842855651244,161.04315669983026
110_Narrow,1,1600000000.0,0.7333115789895185,94.65750989848922,0.890885843765239,15.671111505148994
110_Narrow,1,1610000000.0,0.8927453424647137,-80.45538384048459,0.26739889044423903,-54.11753183591965
110_Narrow,1,1620000000.0,0.699251226156494,93.0278570813529,1.000977449285948,-99.59902161035616
110_Narrow,1,1630000000.0,1.0019579563679408,30.405624584699925,0.4131432925808763,171.87587061432774
110_Narrow,1,1640000000.0,1.001659447329279,169.4098820112384,0.8680910452907707,-10.983265495818452
110_Narrow,1,1650000000.0,0.9311891626329001,179.34840340386785,0.9286689622497165,43.193819685504884
110_Narrow,1,1660000000.0,0.6312851932106398,164.99584077795103,0.8874093913200061,-20.285275668431407
110_Narrow,1,1670000000.0,1.145004558212411,-122.53743496729443,0.7336735133236137,-1.8792554967009598
110_Narrow,1,1680000000.0,0.9797416083566813,-44.80613961425892,0.4637337144156058,157.6179015079298
110_Narrow,1,1690000000.0,0.9330058450183348,133.7083406606921,0.6590799473844,153.60230858238688
110_Narrow,1,1700000000.0,0.23484300803200667,140.68745815409645,0.826165890888115,117.8678773865638
110_Narrow,1,1710000000.0,0.5035125912589977,-171.10877132494832,0.7548059542882525,-38.443194222780235
110_Narrow,1,1720000000.0,1.3780045981034514,133.78973191056411,0.6261251441960506,163.19341895025423
110_Narrow,1,1730000000.0,0.9550016047514653,44.0110752141406,0.7190175339827022,-59.60005892198734
110_Narrow,1,1740000000.0,1.0153836709522792,-108.29370984901259,1.1808513703750656,-53.06514453472268
110_Narrow,1,1750000000.0,1.0623665396893185,-148.0925041693739,0.8572715071033187,40.980094990868196
110_Narrow,1,1760000000.0,0.9652401501542232,37.92536219795528,0.8868623577955946,81.87336885201474
110_Narrow,1,1770000000.0,0.2910549107185058,117.26883923982372,0.8262879710626962,145.66970796001033
110_Narrow,1,1780000000.0,0.1533104507545129,-8.682796962658987,1.0550982798728534,136.6690068973889
110_Narrow,1,1790000000.0,1.1314930226159083,142.28568330229638,0.9514654264584321,70.32102696719429
110_Narrow,1,1800000000.0,0.32190330962407854,89.13004227817358,0.8802027385305012,-151.58063334696317
110_Narrow,1,1810000000.0,0.6542187326242257,-151.05214536328816,0.8677131156889059,-83.65296759776007
110_Narrow,1,1820000000.0,0.9870774014511128,-16.116162380582466,1.1041152119591353,-140.05210928848922
110_Narrow,1,1830000000.0,1.1517786647381703,-53.77281226195586,0.8106863501762245,124.20108606406907
110_Narrow,1,1840000000.0,0.6668014581031697,-154.2060298738563,0.44023965077927474,30.603388825981003
110_Narrow,1,1850000000.0,0.8130376470630067,106.23353501813759,0.7759629544479014,-73.21556476892874
110_Narrow,1,1860000000.0,0.8184135471481382,-163.04636387214111,0.4122676655536685,96.5230598713242
110_Narrow,1,1870000000.0,1.179222593133509,-123.80720622214525,0.750169881192435,36.68799632986769
110_Narrow,1,1880000000.0,0.3454008517250442,129.85639243814126,0.8563617517570666,161.67943338748756
110_Narrow,1,1890000000.0,1.0283916959942832,166.07567105142627,0.5321122805833669,-117.34959171765213
110_Narrow,1,1900000000.0,0.9975967801231366,-93.0793386607908,0.5499406040593208,-43.901965642748145
110_Narrow,1,1910000000.0,0.8314230160269681,-175.85168870458352,0.3084511965453603,174.1862500642068
110_Narrow,1,1920000000.0,0.3420898401378912,-139.50384703225882,0.2932943430107858,-44.17258392750327
110_Narrow,1,1930000000.0,0.8612909134522766,41.22358138881305,0.9427058101042112,144.36425519709675
110_Narrow,1,1940000000.0,0.9545976628530591,99.52693993594038,0.8575214733677797,-88.92901269338573
110_Narrow,1,1950000000.0,0.3332936787495491,-156.91464551371294,0.7783625988905928,46.70124049083499
110_Narrow,1,1960000000.0,1.0753172946909713,-135.26359646513453,1.1868123186777604,-46.11004122969439
110_Narrow,1,1970000000.0,0.21015418994747495,-173.05023408945513,0.9000632920098911,69.57042904354893
110_Narrow,1,1980000000.0,0.965655086082578,-164.14966064368096,0.9006984488097655,-1.693588818610668
110_Narrow,1,1990000000.0,1.1963676244861132,45.02389616558322,1.1448691981022265,47.33418948814465
110_Narrow,1,2000000000.0,0.8125473943476944,-129.35397356508165,0.5297542752249679,152.9397395823925
110_Narrow,2,1000000000.0,0.10549907300858091,-67.65408382440832,0.5305618336133724,-102.78340658772122
110_Narrow,2,1010000000.0,0.2605364363987664,58.81305771611813,0.7347536245329966,130.86662185693268
110_Narrow,2,1020000000.0,1.034472189339701,58.85761298689252,0.9505066641998283,-150.70564509515123
110_Narrow,2,1030000000.0,0.8136301910428685,-53.832263199219874,0.7710039183443826,119.44197155950604
110_Narrow,2,1040000000.0,0.47155771785470363,158.95391936336577,1.077996961351387,126.6825127361183
110_Narrow,2,1050000000.0,0.9063257595624279,14.748502451798704,1.220216447949866,141.81280379021734
110_Narrow,2,1060000000.0,0.24598620331025292,-162.45494907718663,1.1250662943386447,-138.65174041832412
110_Narrow,2,1070000000.0,0.9518780293969625,-5.4339225034522185,1.1896225554774909,40.75832765600293
110_Narrow,2,1080000000.0,0.33656079111919024,28.985836125533773,0.8522769905117502,76.85168150065415
110_Narrow,2,1090000000.0,0.5650642047356909,-46.875504876702585,0.8465487097378134,-120.16226528267353
110_Narrow,2,1100000000.0,0.518586882045187,-118.93655539182069,0.12435378115784504,9.880877895457655
110_Narrow,2,1110000000.0,0.603250191990224,-113.12978129836893,1.0553736259376987,-138.0999829309184
110_Narrow,2,1120000000.0,0.7323402910464814,76.66550219725421,0.2803835238881821,57.179822748006835
110_Narrow,2,1130000000.0,0.42720337145571197,107.9643426360798,1.1213170555768972,-46.308063369550794
110_Narrow,2,1140000000.0,0.5634419482642057,-85.63115080574883,0.9190612003287927,-80.0258324956649
110_Narrow,2,1150000000.0,1.0570609195945775,147.1966824821328,0.7323907896085727,-130.9012425934605
110_Narrow,2,1160000000.0,0.7693495059323512,-26.01558131897647,1.1020965337190096,-52.37611963039962
110_Narrow,2,1170000000.0,0.9832819751973753,2.782340599311298,0.3944959962735522,19.230045695563728
110_Narrow,2,1180000000.0,0.969260761824151,-116.01693112377559,0.8228444470428151,153.63793985738783
110_Narrow,2,1190000000.0,0.6425095499005953,157.7097986777377,0.6334205877063573,-148.123850988652
110_Narrow,2,1200000000.0,0.8962074359986676,-77.53529921985296,0.5133407380074851,-38.07810052285263
110_Narrow,2,1210000000.0,0.8903388831537692,77.92622647467456,0.927761309922451,-117.05894529126265
110_Narrow,2,1220000000.0,1.2253406661439767,-139.11827912098468,0.776257964832001,140.6673683924361
110_Narrow,2,1230000000.0,0.6596236346414674,-161.1967074984532,0.31526855810191934,-151.09536562821006
110_Narrow,2,1240000000.0,0.605515028189963,-135.95059707743042,0.45380628125010614,-99.24079771177462
110_Narrow,2,1250000000.0,0.7031269416671195,-110.00930857419101,0.3771574312847182,-66.95867735256321
110_Narrow,2,1260000000.0,0.06941779987832682,-39.466976088418484,0.5252240898574212,-31.807071153777976
110_Narrow,2,1270000000.0,0.917299922070175,98.63099425162338,0.7734241888693569,-77.96901272192983
110_Narrow,2,1280000000.0,0.9039472568472734,-55.50213702769665,0.27155476425168673,93.32646601054289
110_Narrow,2,1290000000.0,0.3790230360686512,149.83925065953417,1.0261696986044848,-35.154919804844454
110_Narrow,2,1300000000.0,1.100076512830118,138.0607036820085,1.3020455032609792,-136.07655390690147
110_Narrow,2,1310000000.0,0.94125614142616,-53.21017484034117,0.3362449140221277,-109.71673416282063
110_Narrow,2,1320000000.0,0.7302038814075669,162.79560952243216,0.6082406970861596,78.04053437194878
110_Narrow,2,1330000000.0,1.1105395577099126,142.27793254391088,0.8847753581825031,93.05337317278145
110_Narrow,2,1340000000.0,0.2669419150536328,-8.072192322857957,1.04239320877364,133.41992826973006
110_Narrow,2,1350000000.0,0.26536641341869316,-177.07838702890808,0.9437690822231621,109.79146319250094
110_Narrow,2,1360000000.0,0.7043423485579454,166.53603434148286,0.5191617651931807,-11.763428729741472
110_Narrow,2,1370000000.0,0.8223480567602883,93.0808449996994,0.46474075130066106,10.322777894320518
110_Narrow,2,1380000000.0,0.4410883974536863,-80.2725824309305,0.763491577022147,116.60351955902414
110_Narrow,2,1390000000.0,0.39656593627565095,-165.6106433451567,0.47592912859508285,82.44491893533686
110_Narrow,2,1400000000.0,0.9121413664740653,16.87321450786348,0.9905557713432727,-40.01327182507873
110_Narrow,2,1410000000.0,1.1075048687198776,-50.243275546604714,1.045268433605609,138.62855222586438
110_Narrow,2,1420000000.0,1.13053486731803,36.7187627676307,0.8280357192779962,143.22054551369493
110_Narrow,2,1430000000.0,0.7435185750671897,154.87290045166569,0.8888322381181353,-113.84663376745583
110_Narrow,2,1440000000.0,1.0243283260165714,28.76059696369823,0.19101562996819207,75.42487293493612
110_Narrow,2,1450000000.0,0.8168724350443679,-62.3486594916059,1.0994992773535306,-35.53528177208456
110_Narrow,2,1460000000.0,0.9683424027360821,135.91327698417706,0.6816503738627725,146.3074507975268
110_Narrow,2,1470000000.0,1.019626856205653,131.14743977141188,0.46057645471036585,156.43282125160906
110_Narrow,2,1480000000.0,0.493616221342651,87.30349449095517,0.835488948690481,29.814941913308832
110_Narrow,2,1490000000.0,0.5281793140322323,116.95918740470883,1.0328476938576743,109.4485951750261
110_Narrow,2,1500000000.0,0.7769252548306327,79.5280545356071,1.1440804838406897,-133.28418824438901
110_Narrow,2,1510000000.0,0.49057011288191227,-149.9235861468136,0.9373419467717681,89.87903068763093
110_Narrow,2,1520000000.0,0.6212828486850277,-165.16190395222182,0.9157457080545189,49.01041400966301
110_Narrow,2,1530000000.0,0.8984711512396696,-100.374600302961,1.1367401052147283,121.15973664066688
110_Narrow,2,1540000000.0,0.9191673883521974,-70.73596002603144,0.9308940000927886,-6.818191143974303
110_Narrow,2,1550000000.0,0.9707573073064053,83.99678425052926,0.46621238145160565,169.72163851803487
110_Narrow,2,1560000000.0,0.7339407057543579,63.99502770322125,0.8343362307424323,-6.977058732305094
110_Narrow,2,1570000000.0,1.1106122126376496,-60.74832658865402,0.9432348492932527,155.64717016391126
110_Narrow,2,1580000000.0,0.9069330038001643,49.94968686060784,0.37994493109217786,153.3225707437772
110_Narrow,2,1590000000.0,1.1450991181128383,-133.92422661062383,1.0014785609869994,-140.64400302973627
110_Narrow,2,1600000000.0,1.2937681441859492,-132.61401925677143,0.45593527613164087,-29.094084078217218
110_Narrow,2,1610000000.0,0.5089425679722671,136.8740540187541,0.8403715184503773,-164.3666552541897
110_Narrow,2,1620000000.0,0.4766442053608455,-37.58230045864944,1.0299023803731975,33.231283675545775
110_Narrow,2,1630000000.0,0.42345362032015843,-77.80152710687442,0.6143578195016989,-8.307620918013985
110_Narrow,2,1640000000.0,1.063089325060607,-155.92443317128604,1.1785237612420232,44.322609958473514
110_Narrow,2,1650000000.0,0.31973194015492207,16.359460484168473,0.8673011509882497,67.4637328019478
110_Narrow,2,1660000000.0,0.2281517489537329,-74.8074896675127,0.9992418862308986,84.32888188655166
110_Narrow,2,1670000000.0,0.4446414871883062,-56.347908674384435,0.8644417762053175,-112.97211264585944
110_Narrow,2,1680000000.0,0.8501623138880485,-157.65557928731064,0.678573635371436,17.31303689506284
110_Narrow,2,1690000000.0,0.9708763365259696,-96.88273061227468,0.8589609397990919,49.004450138635164
110_Narrow,2,1700000000.0,0.6309051285282281,-124.74996041265112,0.6097379371825676,132.58818513201572
110_Narrow,2,1710000000.0,1.0224433237281356,115.98507470300594,0.9311167049200992,-161.63509181281475
110_Narrow,2,1720000000.0,1.1084182111325505,150.36970478192805,0.9713733866825405,92.29152661338038
110_Narrow,2,1730000000.0,0.39918453138045285,57.78300123818875,1.1304950800498936,125.42845552244154
110_Narrow,2,1740000000.0,0.8316250047116478,159.79327023722584,0.7275350197869341,-63.621489519512984
110_Narrow,2,1750000000.0,0.8694355405058962,35.51765877558456,0.43243411301903395,-77.91440535348259
110_Narrow,2,1760000000.0,0.9910236127186556,-66.28002228193374,0.4387437228114426,-57.61137824193338
110_Narrow,2,1770000000.0,0.7720735353222117,-101.9467175682285,0.11010965016473068,15.84362371343211
110_Narrow,2,1780000000.0,1.0981115649020983,-143.4743533963823,0.6293039876033785,58.27487989155584
110_Narrow,2,1790000000.0,1.1793432564987105,-39.61266654665673,0.7408484653054397,21.645125840060867
110_Narrow,2,1800000000.0,0.962247169870603,-175.79517565009883,0.3880893668258664,109.87270513663415
110_Narrow,2,1810000000.0,0.9797963986815684,166.43752545410567,0.7551653730722437,155.09555614175196
110_Narrow,2,1820000000.0,0.7691448274894438,8.891835841769174,1.2274128989543251,133.0119866610843
110_Narrow,2,1830000000.0,0.6440485108156685,24.955695123698433,0.45727625093675367,169.48690959238715
110_Narrow,2,1840000000.0,1.1866804325834985,49.414068370007016,1.170845642253726,-142.5650489233916
110_Narrow,2,1850000000.0,0.6415912475394251,11.750289823685284,1.1775624576344967,-138.1119187039512
110_Narrow,2,1860000000.0,0.4293672525965078,-167.43062361720118,0.9915824571289098,21.218502428419924
110_Narrow,2,1870000000.0,1.0112707189127181,165.03979813151943,0.17194752773023783,61.25388357732691
110_Narrow,2,1880000000.0,0.582415081421849,-74.97761895524229,1.0665771831129878,41.68411098152941
110_Narrow,2,1890000000.0,1.0020585732545224,129.67221181861632,0.5503179498475841,-166.61282600922576
110_Narrow,2,1900000000.0,0.7257529196183873,176.81713074614413,0.6151598427036408,-134.93220170398413
110_Narrow,2,1910000000.0,0.7057499347599607,-18.14689347358345,0.40710868879253276,-48.34787132612139
110_Narrow,2,1920000000.0,0.13687205340102063,-80.15932988447011,0.5617794588066461,-40.363028975411865
110_Narrow,2,1930000000.0,0.78991537404369,50.68660630705481,0.8915894586099327,-171.3149114083427
110_Narrow,2,1940000000.0,0.7580370789194673,-44.90268404358396,0.3750389544598277,2.798710091950792
110_Narrow,2,1950000000.0,1.3704457499700569,45.054855193539964,0.6963060426713489,-118.78954564766477
110_Narrow,2,1960000000.0,0.9154779249914697,48.88267504372522,0.9479536254856792,-167.7426913749151
110_Narrow,2,1970000000.0,0.5383084103264012,-80.09256681675092,0.6515272325673723,63.30531360313755
110_Narrow,2,1980000000.0,0.4080075308593828,-38.2694908510482,0.8128628742257732,-135.89549114228032
110_Narrow,2,1990000000.0,0.7413528392233133,-152.6553883438794,0.6282389873649151,143.0449423465479
110_Narrow,2,2000000000.0,0.17817323435270177,69.5323806967093,1.1814063368881034,-50.029180075098886
110_Narrow,3,1000000000.0,0.9210037396963872,-4.022841631460193,0.9458728599308545,108.71011582597747
110_Narrow,3,1010000000.0,0.6794803155545331,53.43691460667313,1.06028688731978,-153.99346131311927
110_Narrow,3,1020000000.0,1.2333362446292273,36.24912338687163,0.8067297518791099,117.66016378307512
110_Narrow,3,1030000000.0,0.7552322205487125,-28.228079232915793,0.900009724297391,-7.019338191227186
110_Narrow,3,1040000000.0,0.8098226867376256,49.07055654544566,1.3106247199291567,41.67231063623104
110_Narrow,3,1050000000.0,0.7203520305013786,-36.14665373372316,0.31981594882374254,147.45621604420325
110_Narrow,3,1060000000.0,0.7410104198769659,176.1869151191677,0.5164562872822562,76.06515664196557
110_Narrow,3,1070000000.0,0.3572693251637432,-46.8472748639102,0.7590012178476034,-21.25005956601455
110_Narrow,3,1080000000.0,0.9120245393044054,-147.2385394735144,0.6602948370696493,-66.61675262921526
110_Narrow,3,1090000000.0,0.6519769407925191,11.699424082502606,0.43120994820257813,-135.36355336226046
110_Narrow,3,1100000000.0,0.22415412004213256,-32.581984684295065,0.9902719782360712,104.72166828482264
110_Narrow,3,1110000000.0,0.5795819422251909,93.48459572911426,0.7603351356014538,-95.76732975862647
110_Narrow,3,1120000000.0,0.8061140828756149,7.87061679253773,0.19483104976687804,50.79022904908795
110_Narrow,3,1130000000.0,0.7804210700207054,156.10254292107692,0.7474368998145269,-140.17564759259733
110_Narrow,3,1140000000.0,1.028088189922625,68.98370341051249,0.49641695936290914,122.3557889756577
110_Narrow,3,1150000000.0,0.8852434828710635,-95.81500614556012,0.32996998315504833,-6.090590482519608
110_Narrow,3,1160000000.0,0.9673117788081333,110.77850623813714,0.2603105581787989,80.3360190372819
110_Narrow,3,1170000000.0,0.20762442555136587,167.76236248687664,0.8848453630462884,-35.06213241346212
110_Narrow,3,1180000000.0,0.20489090197186852,107.23585067113385,0.916507659225986,105.4004875121384
110_Narrow,3,1190000000.0,0.5372965001255795,-140.25491803047126,0.33217435935262735,-147.06223238671905
110_Narrow,3,1200000000.0,0.8854345738998735,75.46761376884183,0.4907353383743519,-66.53421138075248
110_Narrow,3,1210000000.0,0.4952923799132115,32.5974162184681,0.4449023370861572,-43.886155713957265
110_Narrow,3,1220000000.0,0.6302329073477301,-179.3389929530222,0.5024072582439995,-23.746145796424845
110_Narrow,3,1230000000.0,0.9412367341456004,-93.4900322220859,0.8534786306188329,-69.49461086301487
110_Narrow,3,1240000000.0,0.6913203244831851,65.0077281701945,0.4994296337020967,25.557379299990043
110_Narrow,3,1250000000.0,0.9341077107504191,-122.42684463503915,0.8215681292760697,-65.80976628700112
110_Narrow,3,1260000000.0,0.82992767797457,-5.14340422300233,0.39822640616851096,-68.18350516358811
110_Narrow,3,1270000000.0,0.9105422742586683,117.66571522666266,0.7223630736135096,-114.08187319617097
110_Narrow,3,1280000000.0,0.3330857581915911,-1.0526569671826078,1.0904867521727004,-37.748495761264856
110_Narrow,3,1290000000.0,1.1153515637002622,38.54562619301345,0.8101943326722275,60.94516220742928
110_Narrow,3,1300000000.0,0.5515285707835095,-2.7522731497370954,0.2591171092377652,-29.368733475883314
110_Narrow,3,1310000000.0,0.7702683504980175,171.4058757651879,0.29144174834434267,159.37721915028433
110_Narrow,3,1320000000.0,0.8100640134543935,-70.40438807678666,1.1068295291111963,-117.52273746289637
110_Narrow,3,1330000000.0,0.7171783950362504,2.909398317230588,0.802331087678249,-79.9372369618634
110_Narrow,3,1340000000.0,0.3024949341038969,-115.8588703554958,0.44689582570715414,-90.68637859293224
110_Narrow,3,1350000000.0,0.7657682683819084,-139.42401611431904,0.797714368789518,147.52042383743824
110_Narrow,3,1360000000.0,1.1503724281385608,-133.68818147087708,0.9663941266279686,-177.3758051445358
110_Narrow,3,1370000000.0,1.0979595613628712,-135.48250582072467,0.3127305549641924,126.27051270451851
110_Narrow,3,1380000000.0,1.1267351372497458,31.63753476711348,0.8931471415194222,21.920013441471642
110_Narrow,3,1390000000.0,0.8618654800710868,151.9663460193506,0.3920326646404984,167.41528599288128
110_Narrow,3,1400000000.0,0.7135999631222,-131.1270526611035,0.9721890154732123,-107.03817051894329
110_Narrow,3,1410000000.0,0.9421454962209346,139.3276604827086,0.9304521416815995,18.21123123646949
110_Narrow,3,1420000000.0,0.7543015195858243,55.75055540281729,1.1029871636440594,-34.24595178176852
110_Narrow,3,1430000000.0,0.7364014763800266,91.37374460344027,0.35262521374355554,105.04054932001715
110_Narrow,3,1440000000.0,0.5353018308953573,-100.24541354253898,1.0264568239397152,-66.9169673191421
110_Narrow,3,1450000000.0,0.9979161562317753,154.86782705100632,0.6918618031311773,-47.26999513642801
110_Narrow,3,1460000000.0,0.5866635415501613,5.934889236264917,0.9367690900714277,-109.98264007944118
110_Narrow,3,1470000000.0,0.7682577377649434,169.79428120862605,0.5717866365277919,-16.2781801547816
110_Narrow,3,1480000000.0,0.5885752608126894,5.331624734733287,0.7267348873433112,-70.72758099749777
110_Narrow,3,1490000000.0,0.994348203283853,-58.27341583307689,0.7888724181413643,165.46125162530032
110_Narrow,3,1500000000.0,0.5966023087972614,-70.1190582542818,0.6858924902678337,51.80598990379278
110_Narrow,3,1510000000.0,0.053707817139149426,113.19487528659822,0.38204213616019866,47.86964875298827
110_Narrow,3,1520000000.0,0.8032937852686135,74.10796335057944,0.6149989532695709,-169.90243193709387
110_Narrow,3,1530000000.0,1.072791904182339,137.89182484157575,0.5572000293609337,-4.828671836848189
110_Narrow,3,1540000000.0,0.7358063311055252,88.14522408772885,0.4656988641892807,-111.17208622156468
110_Narrow,3,1550000000.0,0.43557577896128585,-114.33219389456212,0.9791860029010837,98.86884582566915
110_Narrow,3,1560000000.0,0.6601796837119841,-161.846516721276,0.9007087080752276,-147.43784229980065
110_Narrow,3,1570000000.0,0.5182126622006826,-113.64141284011652,1.2490648659453727,-138.67476261244153
110_Narrow,3,1580000000.0,0.38761203059833654,-43.9579290294927,1.2566703772005992,47.21598516767775
110_Narrow,3,1590000000.0,0.325832538652651,85.38552019477375,0.9200587397228751,-105.3755383866727
110_Narrow,3,1600000000.0,1.038635567207266,-56.245858707916156,0.3865527671498747,5.324668072881228
110_Narrow,3,1610000000.0,0.47287848226799184,44.494782428779175,1.0365223870494262,130.6339007969474
110_Narrow,3,1620000000.0,0.8643862459458599,65.18743670059273,0.42116987231390096,110.25335796462723
110_Narrow,3,1630000000.0,0.7148670146326103,-161.74364311980864,0.848380293894672,173.73112189851437
110_Narrow,3,1640000000.0,0.7782613827880882,-64.96596667946721,0.6281476612299229,-127.92656291685758
110_Narrow,3,1650000000.0,0.9350423869989067,84.71093065859043,1.2173520337851191,51.43744682523272
110_Narrow,3,1660000000.0,1.1238387519147297,127.24161967490501,0.8849582578390284,-179.29550322392367
110_Narrow,3,1670000000.0,0.9175165702419366,-57.799713533420345,0.17062787095148774,60.546219015025855
110_Narrow,3,1680000000.0,0.7635259639257134,175.9767371884768,1.2262393719390239,-44.72223039548699
110_Narrow,3,1690000000.0,0.802979008230644,45.1063865063782,1.1838808395047118,-124.2024041261891
110_Narrow,3,1700000000.0,0.6675729127020743,25.072006914830425,0.8849789729435847,-77.86156852172438
110_Narrow,3,1710000000.0,0.6406627002464549,21.85732438882871,1.0806527568049111,34.43731248588073
110_Narrow,3,1720000000.0,1.2080767630639624,127.97733192017358,0.9939635237661595,75.74766152536853
110_Narrow,3,1730000000.0,0.25370592642707707,72.81842876258553,1.2643363926336746,-50.06240664351721
110_Narrow,3,1740000000.0,0.1948275430872069,74.89775185294931,0.514353743474364,-160.2220202973099
110_Narrow,3,1750000000.0,0.7022797305792856,112.27979196988214,1.1065424969740405,147.45870081464935
110_Narrow,3,1760000000.0,0.6192939216868363,122.52841162521062,1.0374725132023408,35.85718440102698
110_Narrow,3,1770000000.0,0.8223918919919795,29.38920779714789,0.8059438006246954,-94.90762455544315
110_Narrow,3,1780000000.0,0.24064791250439088,39.7558068394486,0.20039681266225334,133.52001271382593
110_Narrow,3,1790000000.0,0.24903822180734825,39.41367054714869,0.93707289078388,108.1409030662919
110_Narrow,3,1800000000.0,0.7880658215458423,86.59923139859953,1.1209219745256078,42.17861614310846
110_Narrow,3,1810000000.0,0.8103635069107793,-47.996283510300394,0.6523009067320411,-179.86838067367674
110_Narrow,3,1820000000.0,0.3703050391590061,-15.22421569156847,0.6891898143698205,-143.83061732625288
110_Narrow,3,1830000000.0,0.8543002355046737,-56.22486070472336,0.4577445648562219,163.9054779290816
110_Narrow,3,1840000000.0,1.1822382011942871,141.59657350684253,0.9121793829997334,114.45032047716413
110_Narrow,3,1850000000.0,0.7535009452389202,-126.79458917645952,0.7430168014669674,162.5702241908606
110_Narrow,3,1860000000.0,0.8659286545757369,148.60049640965147,0.6330353671557618,-33.55939522478858
110_Narrow,3,1870000000.0,0.47723959216624007,53.05462993296179,0.6175820646590808,-31.906589340080387
110_Narrow,3,1880000000.0,0.6780076195097181,15.827963696724357,0.8187673697508969,161.7775619884743
110_Narrow,3,1890000000.0,0.3160080062387984,-92.18752208564486,0.8559681628170974,113.47955340125843
110_Narrow,3,1900000000.0,0.6802086457863735,-156.27332219031896,0.34022279116140397,59.73425654913076
110_Narrow,3,1910000000.0,0.8057972631248105,50.55144623705885,0.5073487368415345,-164.03162187164145
110_Narrow,3,1920000000.0,0.32860924596495494,-144.50558930696394,0.6555859049947829,-12.412178964843136
110_Narrow,3,1930000000.0,0.43558248624003343,17.227482033802143,0.8621502095219592,-59.74079927282398
110_Narrow,3,1940000000.0,0.8378518577813032,-4.014453721741384,0.9658781436396153,-98.90176371326983
110_Narrow,3,1950000000.0,0.7602264733215658,165.306342963673,0.8112797600879745,-90.01189404088464
110_Narrow,3,1960000000.0,1.0746315391663774,-145.03340533318107,0.3125703768853792,-171.91197836124383
110_Narrow,3,1970000000.0,0.12142479032988286,-9.354279061330015,0.42445819262517354,123.66057061110234
110_Narrow,3,1980000000.0,0.9112884267879605,-170.77717003148751,0.8315835626473076,-167.7523066290783
110_Narrow,3,1990000000.0,1.0292839775102798,-110.80866749549028,0.4185829194580678,154.22605908015123
110_Narrow,3,2000000000.0,0.22525513154780794,10.89940455412452,0.6954961334145209,112.24785264045337
110_Narrow,4,1000000000.0,0.7304205252930455,77.22119232450768,1.0382320666342688,-121.16100796229192
110_Narrow,4,1010000000.0,0.6390499618509158,87.56915360307987,0.8716219143424935,-65.81337450805007
110_Narrow,4,1020000000.0,0.7531891834144956,102.49696185219987,0.13017328010290993,123.36761497074386
110_Narrow,4,1030000000.0,1.1124676263047366,-32.69224298825244,0.8808808125086952,148.06352702709557
110_Narrow,4,1040000000.0,1.2336256969991513,-135.4211338856276,1.0960796424790171,27.117398331527028
110_Narrow,4,1050000000.0,1.0167386418420286,-57.980717344049765,0.5241786368957376,-173.41412940465628
110_Narrow,4,1060000000.0,0.6076937627609497,-57.54957175728179,0.20781912967015823,-152.2858866341701
110_Narrow,4,1070000000.0,0.7218469630065153,-74.52897481751782,0.5694169056365139,-114.7364070070092
110_Narrow,4,1080000000.0,0.7180864262273242,-83.40445938720273,1.0361250682603131,-118.41122934614573
110_Narrow,4,1090000000.0,1.1689215162736122,-129.99508715759356,0.7876716855727591,53.59778128536229
110_Narrow,4,1100000000.0,0.22260869053129745,-20.67179665344799,0.16818176495709888,-69.76188675242497
110_Narrow,4,1110000000.0,0.4446094424205533,-143.81918512017043,0.819207060693339,143.76392296078734
110_Narrow,4,1120000000.0,0.36484181808137245,156.8718912622051,1.1117159834320156,63.11773650753514
110_Narrow,4,1130000000.0,0.5293812080480179,-68.89777389463598,0.8386091531089467,-146.27173079345357
110_Narrow,4,1140000000.0,1.2180823847531888,133.0623916437757,0.9068547270021408,-95.943971941947
110_Narrow,4,1150000000.0,0.3295684441603844,-87.42179087723409,0.6742261622608842,-39.89945888198679
110_Narrow,4,1160000000.0,0.8038357364770982,-6.445305326043758,0.4310244806965563,113.89323720692136
110_Narrow,4,1170000000.0,0.6491181858109404,-142.64247812435158,1.309736621127324,41.39502274061623
110_Narrow,4,1180000000.0,0.36580308530768424,-85.33426771301598,0.5957574204839506,12.056724385031403
110_Narrow,4,1190000000.0,0.9219850366314857,133.61201240166793,0.7757647532445444,-67.55184260668635
110_Narrow,4,1200000000.0,1.2261455916441637,44.76153010936303,0.9677875816436509,-167.97697612688492
110_Narrow,4,1210000000.0,1.026277260985143,-159.5166519920668,1.061071483388997,64.57019954247994
110_Narrow,4,1220000000.0,1.1016057648955193,54.645388473889774,0.7375790904431305,95.24495512166101
110_Narrow,4,1230000000.0,1.0952537690250528,145.39412035396097,0.9491521255504036,85.23358397785657
110_Narrow,4,1240000000.0,0.6715093640633918,89.44573370472939,0.7942460940743915,-64.32824759413357
110_Narrow,4,1250000000.0,0.8750537458695147,-154.09164763355298,0.8626195159662788,93.80146875063838
110_Narrow,4,1260000000.0,0.25188198409107526,154.29184091628966,0.8007391086526139,82.13700685331568
110_Narrow,4,1270000000.0,0.5730711442148636,22.84801014133064,0.8320375661796383,70.20092675532513
110_Narrow,4,1280000000.0,0.4676385517494272,61.47296815678472,0.7365329383965135,98.87113256515651
110_Narrow,4,1290000000.0,1.027262648693874,110.67776781206774,0.9112553459059154,6.1829244027265045
110_Narrow,4,1300000000.0,1.0516850490848015,-43.300905546415756,0.30220648305579917,-152.6001626207706
110_Narrow,4,1310000000.0,1.0626065974276162,-44.99641668451784,1.097166287679993,51.4969593923706
110_Narrow,4,1320000000.0,0.4681070705552593,88.26316643712478,0.962329620742502,-80.83700801070762
110_Narrow,4,1330000000.0,0.6544413675303242,-73.6490646526724,0.2617786719800725,-82.12721228373319
110_Narrow,4,1340000000.0,0.6315101688348563,-73.03222240320974,1.1102215560175868,-46.884419085794825
110_Narrow,4,1350000000.0,0.3873384784208583,-109.37095849644963,0.8284529531067165,54.536674643302256
110_Narrow,4,1360000000.0,1.1368893263868247,151.15987827009602,0.9862420936402361,107.69288832090629
110_Narrow,4,1370000000.0,0.7420482102177718,-71.6037361651336,0.6631135068099138,-94.2157968502764
110_Narrow,4,1380000000.0,0.6179846365027873,-135.52564679615972,1.1113914475098388,46.1177249616195
110_Narrow,4,1390000000.0,0.8052877915246974,147.52661348615413,0.3893023825393435,15.151120002658482
110_Narrow,4,1400000000.0,0.78047960548462,169.40641303150136,0.8192996208148481,91.1905740845444
110_Narrow,4,1410000000.0,1.0622286027539596,-109.81062285630881,1.2830511836140657,40.15570776438391
110_Narrow,4,1420000000.0,0.4366726127499228,140.43593775500835,0.9589269077598174,78.84569688916102
110_Narrow,4,1430000000.0,0.9128291205502542,114.52377145551986,0.2659081212145894,130.4819123570581
110_Narrow,4,1440000000.0,0.8304020929280201,-9.638996373416248,0.6854852543834417,174.0033456887036
110_Narrow,4,1450000000.0,0.18627450142039645,-50.482453218467924,0.5288387437457591,-20.087903436887405
110_Narrow,4,1460000000.0,0.2846804470786491,103.51315613998274,1.0136675471710626,-161.75569468522127
110_Narrow,4,1470000000.0,1.015697001345674,119.71935189120522,0.9303081899474176,29.651559182735927
110_Narrow,4,1480000000.0,0.41795488059118063,56.7677327256996,1.0477087247475405,144.28394173956832
110_Narrow,4,1490000000.0,1.1143984906349003,150.35963892169855,0.6434230731191443,23.715010182653337
110_Narrow,4,1500000000.0,0.9134278099069624,-11.761857998261325,0.33899117023848574,148.62174840102986
110_Narrow,4,1510000000.0,1.2892749701004382,-41.92175190119507,0.42729834287568597,18.00594622093224
110_Narrow,4,1520000000.0,0.9346834623121097,-132.47232306734765,0.9661823268206623,-90.9268475808401
110_Narrow,4,1530000000.0,0.5483215326707312,169.41622607540342,1.2186959996993485,-51.874985023126705
110_Narrow,4,1540000000.0,0.9651241876525987,-169.7693729590664,1.0360862333057117,118.76382829140007
110_Narrow,4,1550000000.0,0.2666954511781408,141.0905182070276,0.5480865875508384,-61.355409201645365
110_Narrow,4,1560000000.0,1.0128048580194575,119.0735775369804,0.5635935616730561,76.57590016526446
110_Narrow,4,1570000000.0,0.5264247514932711,30.160147767422888,0.3537718189267261,72.17518459436745
110_Narrow,4,1580000000.0,0.7849215403552611,72.10235060884753,0.4880612128073149,69.76630155460329
110_Narrow,4,1590000000.0,0.8407944292540408,39.16162704559791,0.8165898794089537,141.00640016847186
110_Narrow,4,1600000000.0,1.1109520209488482,-45.47060451234463,1.0738976867146417,-119.9246680361502
110_Narrow,4,1610000000.0,1.0448868139246572,125.1744174611495,0.9882514896885499,-64.12289558366068
110_Narrow,4,1620000000.0,1.0054482437260424,-49.69904287790122,0.4934543882268902,14.116019956381255
110_Narrow,4,1630000000.0,1.0939231053601648,-145.79826552663152,0.3239024802766521,57.8016110957015
110_Narrow,4,1640000000.0,1.0958560133507362,65.5517391978743,0.7420997635440324,67.3334488940047
110_Narrow,4,1650000000.0,1.0046636477081716,-111.10431248412394,0.8088674070354488,-26.86535956915744
110_Narrow,4,1660000000.0,1.2844912157798785,39.89433343309738,0.7704601705636797,-82.67233995043487
110_Narrow,4,1670000000.0,0.14538811994583406,-35.36416203344614,0.44034058415845817,121.43871283964936
110_Narrow,4,1680000000.0,0.8911472641952007,84.18808191303113,0.9411305475456833,161.51646840766344
110_Narrow,4,1690000000.0,0.416247531149254,165.58608185082392,0.8407653113909233,115.32565948985543
110_Narrow,4,1700000000.0,0.9678655893955476,-84.78750464099981,1.208911761150983,-127.02889528386012
110_Narrow,4,1710000000.0,0.9061792279834001,41.60374886485143,0.5754565323594,75.24986021918622
110_Narrow,4,1720000000.0,0.7088323628347799,-109.19656870676128,1.043388915995306,-154.19862409686783
110_Narrow,4,1730000000.0,0.8786712847870805,6.2985441456314435,0.5836336080821363,61.78625964206791
110_Narrow,4,1740000000.0,0.6749412675571499,24.45844396581563,0.6186127995767848,-70.80097571480175
110_Narrow,4,1750000000.0,1.0929597348645739,56.57362491180188,0.6898737883606657,70.49737053711715
110_Narrow,4,1760000000.0,0.046541722784458506,49.13986693917271,0.6422201468278727,14.726484505583201
110_Narrow,4,1770000000.0,0.9669435269042733,177.95321549744327,0.6734591629182733,-160.40343240838732
110_Narrow,4,1780000000.0,0.7635547435153911,129.3141555787978,0.8988934667145482,65.14518393326358
110_Narrow,4,1790000000.0,1.0138161215890444,25.28004910518811,1.213304366546079,129.1433066773472
110_Narrow,4,1800000000.0,0.6490370825430464,178.96525336793042,1.1423035954912204,133.8246679325682
110_Narrow,4,1810000000.0,0.8163811819488717,-98.66805951071281,0.8225164986899945,115.32174809503736
110_Narrow,4,1820000000.0,0.883942812972539,-146.72812315388526,0.9038086778540406,158.24771743423184
110_Narrow,4,1830000000.0,0.9501056599103762,24.628537173355816,1.143638907348242,48.42460769364056
110_Narrow,4,1840000000.0,0.8611202349554258,-150.81497743681152,0.5433436735776678,86.33695808307584
110_Narrow,4,1850000000.0,0.37803259748474743,157.96976221771845,0.12631862042826691,-158.06617517232513
110_Narrow,4,1860000000.0,0.817641754090382,85.71949042089476,0.6299006240724622,115.91588810218978
110_Narrow,4,1870000000.0,0.9539544996921075,-174.1332917553494,0.8318173128997105,-54.86927979498589
110_Narrow,4,1880000000.0,0.20882739442884174,111.44827668101884,0.8768493407007204,-21.150572808355097
110_Narrow,4,1890000000.0,0.6168993475265862,104.09188579839218,0.6733809847749352,-165.8733702049296
110_Narrow,4,1900000000.0,0.7049838637330592,-68.55116079280671,0.4467663005154706,4.183921885478587
110_Narrow,4,1910000000.0,0.3367156909449328,-29.96285133042303,0.4746440056657046,135.18754209872196
110_Narrow,4,1920000000.0,1.165185576285361,-126.78985635901202,1.180915535944809,36.183588444976486
110_Narrow,4,1930000000.0,0.7299843898978662,-46.74148036778602,1.3119069106861119,-138.06427577738287
110_Narrow,4,1940000000.0,0.825051022467817,-16.131014161580985,0.5152563371559304,77.96747789285153
110_Narrow,4,1950000000.0,1.0224875958109578,-63.35312074552479,1.036307801461227,-72.36423225065234
110_Narrow,4,1960000000.0,0.5699358037917076,-55.540830836314754,0.5808492300191884,147.3259812540121
110_Narrow,4,1970000000.0,0.3731657156940892,175.7071101164166,1.1394589736230138,134.3820622182565
110_Narrow,4,1980000000.0,1.3581762820740049,-42.72155247659202,0.9290171226846812,155.49088887320406
110_Narrow,4,1990000000.0,1.2194716937910965,137.60052112330095,0.7751382351829796,-178.63011729751983
110_Narrow,4,2000000000.0,0.2551012883595592,139.84268753781015,0.6497959845395237,129.4342285491522
110_Narrow,5,1000000000.0,1.0012913196866189,-174.24502534683725,0.9197076235855122,152.235426022135
110_Narrow,5,1010000000.0,0.8457498137584485,109.49119723479966,0.7958155262866807,28.626826807042427
110_Narrow,5,1020000000.0,0.9081694070061681,1.489084045717062,1.184222783943817,-38.115321376090336
110_Narrow,5,1030000000.0,0.7776114890803051,-77.45624205423397,0.7618930109611294,163.30154812103805
110_Narrow,5,1040000000.0,0.5144940790582382,169.46917009978785,1.0454906229694487,-49.99012123985459
110_Narrow,5,1050000000.0,0.6221577915737762,-69.79675724668978,0.7903243730515093,-109.08801844685694
110_Narrow,5,1060000000.0,0.8809479113938031,56.49950773060124,0.4076910943152412,104.32262834312918
110_Narrow,5,1070000000.0,1.128036388195596,44.65125699281637,0.7929210701094789,73.69303105340434
110_Narrow,5,1080000000.0,0.5670465208466698,-103.26124779256203,0.42687486729811674,176.83260383645748
110_Narrow,5,1090000000.0,0.8758940281954959,-72.44668174940027,0.5613811338144946,114.51433927489951
110_Narrow,5,1100000000.0,1.0869284630744307,-113.6366393809721,0.7744581249031743,-75.609755540739
110_Narrow,5,1110000000.0,0.8340319539251502,77.7740920541371,0.960810117408123,-120.84969485316252
110_Narrow,5,1120000000.0,0.7162612890550589,-177.5873569647539,0.4823749110223301,105.06005400449882
110_Narrow,5,1130000000.0,0.6060970687576086,58.71294666057984,1.168959158832166,-36.80478586470527
110_Narrow,5,1140000000.0,0.24670738293919223,178.04488822323998,0.8684474256643064,167.9579546013857
110_Narrow,5,1150000000.0,0.809261008882393,10.359473915770392,0.5278168535821877,109.20021004514061
110_Narrow,5,1160000000.0,1.1028201629317593,37.7069550112496,0.7366348727730959,52.71333468821448
110_Narrow,5,1170000000.0,0.41963416613904403,-117.90075775920234,1.0139192766976837,48.00302366674217
110_Narrow,5,1180000000.0,0.8736186580716205,96.19014772940993,1.0438389209498236,-47.48068583321179
110_Narrow,5,1190000000.0,1.160679514931484,137.8852081215507,0.32837054112641856,-88.0690711477244
110_Narrow,5,1200000000.0,1.1311101694167425,135.11645417624757,1.0593453234007548,-69.4028116287739
110_Narrow,5,1210000000.0,0.992673187730235,175.41318575835763,0.9410016859958231,-121.60479005162028
110_Narrow,5,1220000000.0,0.1673916549096156,80.26262812180616,0.9016627629178183,146.79789582652663
110_Narrow,5,1230000000.0,0.6644949280054353,40.45398912432991,0.7480507467655743,-19.06352361056258
110_Narrow,5,1240000000.0,0.541876957869651,131.11316231016562,0.5970365144500251,-11.496556316149773
110_Narrow,5,1250000000.0,1.2475323111829235,36.75457835225957,0.73126233776054,-176.89747568367136
110_Narrow,5,1260000000.0,1.0117958483101375,-161.5122605393836,0.7912342700439984,-49.58805704524319
110_Narrow,5,1270000000.0,1.0290054201494485,-24.140351094421792,0.888229839284227,60.1681705072451
110_Narrow,5,1280000000.0,1.0575516997610606,-109.87676944018479,0.6337605482896094,-34.1680233256741
110_Narrow,5,1290000000.0,0.5701198646406131,-104.07358921216476,0.85000994398664,126.05229406401486
110_Narrow,5,1300000000.0,0.6035768708765686,30.162003826265355,1.1417079186798083,-126.42017575676212
110_Narrow,5,1310000000.0,0.7449392982724269,-174.3610722420562,0.3155722707314024,60.875970383753234
110_Narrow,5,1320000000.0,0.8302035349586301,48.319869588871974,0.9599214219329039,60.88939550777734
110_Narrow,5,1330000000.0,0.49715708344443876,-3.1974781424031016,0.7026384560971649,-103.18538462348079
110_Narrow,5,1340000000.0,1.1561863380005346,37.773360642107725,1.2814452285937827,141.06298063424163
110_Narrow,5,1350000000.0,1.2052884683332539,-125.87831435292924,0.4619534406431817,-97.18991805532833
110_Narrow,5,1360000000.0,0.7495929211344232,107.27297301148651,1.0210715743699825,64.83388292784649
110_Narrow,5,1370000000.0,0.7986213249710951,-66.57179082223865,1.053697968266044,-155.12813986493376
110_Narrow,5,1380000000.0,1.0429726131719679,128.0886126483366,0.7183809448717889,79.60465512435238
110_Narrow,5,1390000000.0,0.5020573561083638,-47.522137911575214,1.1972034237434999,-136.70110241796874
110_Narrow,5,1400000000.0,0.3281086313728919,48.44990593962341,0.6513976017645275,-42.74885784949077
110_Narrow,5,1410000000.0,0.7324406894714045,27.744784451205696,0.6147508382213895,-81.44594451330528
110_Narrow,5,1420000000.0,0.8364103745037307,-39.36532333891897,0.7256865541383287,30.1034066781408
110_Narrow,5,1430000000.0,0.38027038853478845,-112.34834979041017,0.7717074028936481,132.9942421383464
110_Narrow,5,1440000000.0,0.831209154365513,-168.06329481020612,0.6885318488439547,114.47055336457619
110_Narrow,5,1450000000.0,0.7891145934629938,-178.86852921564486,0.835979293907999,89.55685658532579
110_Narrow,5,1460000000.0,0.7975832275374118,-96.78792246396837,0.5685169758006563,-169.19520826536623
110_Narrow,5,1470000000.0,0.7737016544514661,-78.33634470331052,0.5117939934147013,-101.7916781641997
110_Narrow,5,1480000000.0,0.2201395324174247,-173.80394433588023,0.5825207860518924,-61.300470584151086
110_Narrow,5,1490000000.0,0.11485012103140406,138.34544802462906,1.0821470578617656,-123.21616523193923
110_Narrow,5,1500000000.0,0.4463812760041823,77.8082994214257,0.9565794368722227,-105.2297223012497
110_Narrow,5,1510000000.0,0.24761557911693183,-85.59738880963694,0.947939287620796,-104.28503771916522
110_Narrow,5,1520000000.0,0.8136816516059889,19.584911346135577,1.102316000707192,-58.66892041785545
110_Narrow,5,1530000000.0,0.8252850958722802,17.54788171610382,0.8925821073057733,55.205653444933674
110_Narrow,5,1540000000.0,0.989927746734178,5.351519733100315,0.46248482421868936,154.94886575832626
110_Narrow,5,1550000000.0,1.045545259311561,59.3882076701132,0.8333563971087679,7.354167865177656
110_Narrow,5,1560000000.0,0.45734323517987685,-132.43069412058964,0.9382704036718047,88.81458000948092
110_Narrow,5,1570000000.0,0.73934998962654,89.12324679986821,0.7440941010453203,-92.54201814771871
110_Narrow,5,1580000000.0,1.1323486616751677,-31.7149278676444,0.6297537953908829,172.3985181311846
110_Narrow,5,1590000000.0,0.7573415516461962,-168.1042876930644,0.9539718074089124,8.175449397680818
110_Narrow,5,1600000000.0,0.733648940960779,160.45124178896208,0.18776879198338864,159.81192494373516
110_Narrow,5,1610000000.0,0.4232088813060523,-94.72150542273509,0.9962315880906344,-104.11129190120863
110_Narrow,5,1620000000.0,0.9744573090918001,-63.310941598099475,0.6084045066864915,-177.88016802002548
110_Narrow,5,1630000000.0,0.9805102933132642,-80.06413463055311,0.8987850748592515,-153.679156057694
110_Narrow,5,1640000000.0,1.0216275477937646,114.37823316450904,1.1067573412727916,34.506879983424994
110_Narrow,5,1650000000.0,1.0836745527633005,35.31113330665691,1.3076176485578153,47.047100913927785
110_Narrow,5,1660000000.0,1.0818153349120605,-49.99923143470736,0.49437208955420986,-177.96623083309396
110_Narrow,5,1670000000.0,0.8277501739477562,-12.26411180963842,0.42882270919630977,170.04348241843675
110_Narrow,5,1680000000.0,0.911507382958715,157.17505900755594,0.35980938722589645,-28.554706120444116
110_Narrow,5,1690000000.0,0.9726676413178054,-51.06195962055113,0.9934086678453158,28.604434949889225
110_Narrow,5,1700000000.0,1.0963328620701305,-53.89898950995972,1.064871870924021,-65.46614108081585
110_Narrow,5,1710000000.0,1.1322264771706418,130.91540515139897,0.8609721974751893,46.608580723390894
110_Narrow,5,1720000000.0,0.98471213398681,-90.19815841127394,1.148090203964776,127.4926111638766
110_Narrow,5,1730000000.0,1.2204712377863067,37.51401351190137,0.4005610838597622,99.6844687112247
110_Narrow,5,1740000000.0,0.8662091419147476,-146.00484018175774,0.5094194158339765,164.55626141512028
110_Narrow,5,1750000000.0,0.082005172866017,35.72373572572338,1.0245508400094059,39.565312843096876
110_Narrow,5,1760000000.0,1.0753819805727816,-120.10753136377222,0.8561281619009401,87.31403810834884
110_Narrow,5,1770000000.0,0.7693631578181037,87.51222634032382,1.260279051451739,48.90057023945746
110_Narrow,5,1780000000.0,0.9194971451435038,76.27315402259667,0.5749613357941287,-133.24124742445656
110_Narrow,5,1790000000.0,0.6658844912985543,119.13146839402839,0.9854209628763673,69.67955438774027
110_Narrow,5,1800000000.0,0.40647790792903193,65.4514045216956,1.0437599772698454,52.198774824537715
110_Narrow,5,1810000000.0,0.7121044341376213,54.6769222725488,0.31773786771581203,-88.21261209265502
110_Narrow,5,1820000000.0,0.5602600214382533,-71.803376677124,1.0346914928267115,-30.376355811994767
110_Narrow,5,1830000000.0,0.46588513144650673,-23.370652694051998,0.5911395182425457,166.72474895827312
110_Narrow,5,1840000000.0,0.7377302255361698,-50.39451868083531,0.7333100522768854,143.24912493044158
110_Narrow,5,1850000000.0,0.5218758099924943,-90.78677763982846,0.796826868073093,142.80243171939395
110_Narrow,5,1860000000.0,0.8034582719770135,-45.20953246300087,1.038147373345209,67.20246260209584
110_Narrow,5,1870000000.0,0.7266504221971081,14.412653438010947,0.704300956963706,31.494052696184234
110_Narrow,5,1880000000.0,1.1803079290063752,-52.70186486786496,0.8453159362498655,171.40569910615744
110_Narrow,5,1890000000.0,0.9170944682676005,-144.0519676800852,0.7063026806515436,106.65814574781068
110_Narrow,5,1900000000.0,0.5913871323449625,144.74310425167465,0.9474866799333957,8.852933663969901
110_Narrow,5,1910000000.0,0.6475269649449852,-169.15439522540626,1.1707728860073285,-122.88435868831704
110_Narrow,5,1920000000.0,0.8345708738260416,-57.74496565734422,0.7021288621380399,-39.398048003419824
110_Narrow,5,1930000000.0,0.9644373128078454,-15.693680394407878,1.130491081078145,28.56216101868623
110_Narrow,5,1940000000.0,0.9673227380761579,97.85330077663922,1.0797603515004228,-113.209653806067
110_Narrow,5,1950000000.0,1.1269145936951384,-59.76589322054834,0.7513983242502831,-54.30610191227648
110_Narrow,5,1960000000.0,0.7768774970262317,91.67537379308747,0.7105933705870193,-85.57563039680218
110_Narrow,5,1970000000.0,0.5979160250081531,-12.228434258648267,0.690651770012707,-94.37562189295772
110_Narrow,5,1980000000.0,0.38297884951990424,81.59009743723017,1.2545057789207583,-37.46348651752937
110_Narrow,5,1990000000.0,0.9740450471418766,-0.8663716813890362,0.7086688628372763,125.81198543615562
110_Narrow,5,2000000000.0,1.387323457601481,-44.835696718844744,1.0658601896114652,27.83954387431034
110_Narrow,6,1000000000.0,0.7961905018219938,-5.200459890868039,0.8763171414939646,-161.97278764370148
110_Narrow,6,1010000000.0,0.7924435095661747,125.73419698720302,0.8002498688486354,-167.29332322151438
110_Narrow,6,1020000000.0,1.073546882948114,142.80975095638118,0.9117354331548247,-80.26091639795823
110_Narrow,6,1030000000.0,0.993338110485784,7.138792013392889,0.9056522366142759,-152.0549606291993
110_Narrow,6,1040000000.0,0.38886809685549406,46.94965908728399,0.8494337678197119,33.99489728805544
110_Narrow,6,1050000000.0,1.174024634552675,-56.64216144581784,0.7826920038416042,133.2657690115157
110_Narrow,6,1060000000.0,0.4767544951235497,-91.25728085240898,0.8537433462696625,-74.13870026960402
110_Narrow,6,1070000000.0,1.0335348315639021,-68.15646952756536,0.8943896847351586,31.78768572909273
110_Narrow,6,1080000000.0,0.5365118464810519,26.789138705455766,0.6809033936896197,156.25548461006548
110_Narrow,6,1090000000.0,0.9561626536616858,-78.88732261821585,1.1098761771256755,151.90956829267714
110_Narrow,6,1100000000.0,0.8419744044780407,21.072320534877512,1.0551001097335584,61.18133187247276
110_Narrow,6,1110000000.0,1.0191133555115548,18.770793760259046,0.9243411781353676,-174.25642075597042
110_Narrow,6,1120000000.0,1.0400461095009461,18.315964875249712,0.7668553940101133,98.82302002962032
110_Narrow,6,1130000000.0,0.4653421537946038,-124.54232972056768,0.6199522452894711,94.27303985962754
110_Narrow,6,1140000000.0,0.8091379878266972,168.43667504136624,0.6884504589486625,31.594151153944377
110_Narrow,6,1150000000.0,0.9958349990926169,115.11273042823258,0.8861554221157637,172.93371047248138
110_Narrow,6,1160000000.0,0.9331509157962422,86.32587493824339,0.8115908326255917,-113.46663356470732
110_Narrow,6,1170000000.0,1.2470401918848315,51.413049832620544,0.5404101146501314,-74.5046116245805
110_Narrow,6,1180000000.0,0.9434689135987802,118.9858765146594,0.8892751261969504,-136.38493112007518
110_Narrow,6,1190000000.0,0.44245400454526357,-136.51506502800518,1.2811282832126956,140.17415978285345
110_Narrow,6,1200000000.0,0.9863349063148676,-140.07812276468604,0.6399226779216238,-68.76075136438003
110_Narrow,6,1210000000.0,0.8593265885220415,63.31320127309036,0.9078548540574144,-43.10453022412593
110_Narrow,6,1220000000.0,0.9099138367547356,-29.465894102301082,1.1978041895541622,-41.192005476918176
110_Narrow,6,1230000000.0,0.4027288703484622,-16.07602717461569,0.5012774012187723,170.27003933148723
110_Narrow,6,1240000000.0,0.42761752346181503,26.13081813327919,0.5280039625819272,108.63291212620366
110_Narrow,6,1250000000.0,0.9384799562774374,-44.42507431041547,0.7980513957173888,-33.05094471392575
110_Narrow,6,1260000000.0,0.2952108873992561,134.64291447537943,0.48292422289778136,68.93992452021504
110_Narrow,6,1270000000.0,0.9816308061188003,20.014075022886203,0.6306119809169051,-77.32225088192006
110_Narrow,6,1280000000.0,0.7070060344267982,173.2802024280532,0.8423384831670833,68.93778082434598
110_Narrow,6,1290000000.0,0.7619149177059732,-139.6931673128054,0.6645581857381495,-147.73749396166315
110_Narrow,6,1300000000.0,0.7695477973007062,-128.30016565331945,0.48799030770713736,113.76313740261584
110_Narrow,6,1310000000.0,1.1506120596218867,46.38610719404937,1.131175493993696,124.57719454462486
110_Narrow,6,1320000000.0,0.5337889675266648,-143.69265695729797,1.2708227305150182,129.67378003815844
110_Narrow,6,1330000000.0,0.26487460259122614,136.26794264832216,0.7114084308361956,69.4236727796465
110_Narrow,6,1340000000.0,0.9932757168322335,-136.59723094491375,1.0097922515169626,-141.10261031853804
110_Narrow,6,1350000000.0,0.6237022272073592,-121.44834771579379,0.8397468182030856,170.93565491793453
110_Narrow,6,1360000000.0,1.060733329755534,29.35195732216625,1.1826924396414766,131.83969845393094
110_Narrow,6,1370000000.0,0.9325562115832096,117.93371743786618,0.9085778679167161,-160.1857575668282
110_Narrow,6,1380000000.0,0.455512128942948,-115.30373948723198,0.9801215265307259,162.47742401648117
110_Narrow,6,1390000000.0,1.188563838417351,131.5801559251761,1.276081005057107,139.42688643132135
110_Narrow,6,1400000000.0,0.993645825243763,-34.33381774692355,0.6978858488943922,47.03746141052137
110_Narrow,6,1410000000.0,0.4060946212371043,-64.44377973143203,0.7858547434054114,137.72865409762412
110_Narrow,6,1420000000.0,0.8285467866578843,78.36512232260941,0.5503914421589814,-60.652887388282224
110_Narrow,6,1430000000.0,0.7198975981047864,-69.34006952218893,0.7070961510727554,50.69453581107241
110_Narrow,6,1440000000.0,1.0071130031442137,33.80917287266368,0.9371058162500114,-100.6721165333564
110_Narrow,6,1450000000.0,0.970521798284031,1.5681921596408572,0.8873709682240767,165.96774439259318
110_Narrow,6,1460000000.0,1.083054033791704,-130.91666864873642,1.0462688478458126,-141.1481424651903
110_Narrow,6,1470000000.0,0.9665629186276097,168.6519936548857,0.5550253435794944,-70.29598546611957
110_Narrow,6,1480000000.0,0.9903326792262751,146.82567941154963,1.03373098687757,123.71272214009971
110_Narrow,6,1490000000.0,1.001833629487909,-18.588732889295482,0.8034264039844711,114.31260806321768
110_Narrow,6,1500000000.0,0.31153105065442105,41.28044106305701,0.8068385019111494,-166.44021111909166
110_Narrow,6,1510000000.0,0.7130721356388932,-136.85066323039982,0.7877436135497139,167.6924670416964
110_Narrow,6,1520000000.0,1.1295465217973324,-119.17268868058045,0.9475345298611153,-63.219425735716726
110_Narrow,6,1530000000.0,0.8792849770116832,102.97405812018225,0.6860419079090587,-40.78046054421142
110_Narrow,6,1540000000.0,0.4879231317471285,36.91224346699879,0.8893227001276042,-137.69848084147472
110_Narrow,6,1550000000.0,0.9042132851014766,-140.7027977028434,0.42364692177159485,-108.44009811364675
110_Narrow,6,1560000000.0,0.38542052134098614,101.73652678155607,1.020381681841862,-71.18445061047804
110_Narrow,6,1570000000.0,0.6466499403354732,113.34693823388008,0.7075650083841727,9.672240422038387
110_Narrow,6,1580000000.0,1.3090142041093662,-46.46325473496553,1.0997851954217017,-33.75156034731854
110_Narrow,6,1590000000.0,0.40425583472839427,16.882198575258702,0.8081828407034498,-134.53655105366067
110_Narrow,6,1600000000.0,0.9423581728077426,167.28948239874265,1.058443763500625,-59.4586694797339
110_Narrow,6,1610000000.0,0.7428982069847055,-67.47164185292944,0.43697120144329216,161.72453903114922
110_Narrow,6,1620000000.0,1.1122701817179932,-133.44887986972793,0.2823346963426742,-20.829001624299217
110_Narrow,6,1630000000.0,0.759954920577341,36.545602822524664,0.8995866160991979,105.43784261197564
110_Narrow,6,1640000000.0,0.5861608774510481,29.80854654886066,0.986090797144961,-61.245170996029046
110_Narrow,6,1650000000.0,0.8745301818613334,-77.45086931375269,0.14088397892566826,134.4293911717977
110_Narrow,6,1660000000.0,1.0351302751182423,107.84866962430176,0.619288676933978,134.91906587603563
110_Narrow,6,1670000000.0,0.4794832674171855,-134.7978814456807,0.14665284201230305,173.09159715098312
110_Narrow,6,1680000000.0,0.9798600221723784,28.79167431001168,0.3004560943579682,-142.92504670801418
110_Narrow,6,1690000000.0,1.043470925216032,113.36534925151801,0.9024097742948326,33.711360398938545
110_Narrow,6,1700000000.0,1.2317257791998624,139.50146507906473,1.1645903108220061,41.10246646230606
110_Narrow,6,1710000000.0,0.25957701096924146,-114.27050660062528,0.9284143038367315,135.75619909481568
110_Narrow,6,1720000000.0,0.7293907713767761,57.36048114843135,0.9403732225796936,-81.49592389645949
110_Narrow,6,1730000000.0,0.4595182189152616,108.9105647595724,0.19772508150635784,47.883853149176375
110_Narrow,6,1740000000.0,0.8646213816637819,101.76312935170361,0.9001243547502302,-137.62066881331148
110_Narrow,6,1750000000.0,1.1103545681464386,-139.23567291907867,0.3566836012208196,68.84699937068464
110_Narrow,6,1760000000.0,0.8421804690873919,31.610291205671007,0.6791962748777589,171.56225114570722
110_Narrow,6,1770000000.0,0.8351755514600322,-91.04919689356322,0.8085107591206452,-46.12935723396801
110_Narrow,6,1780000000.0,1.008688768937709,-113.35322650127758,0.8537523409199452,-113.97174357525547
110_Narrow,6,1790000000.0,0.6950690231583678,60.83854242568715,0.484315823012042,-177.44237841582802
110_Narrow,6,1800000000.0,0.7706799469401401,-125.92547469952295,0.7604642495581952,5.633725859365007
110_Narrow,6,1810000000.0,0.6149532929930314,75.30731838308331,0.4960832900246064,-111.38030665070005
110_Narrow,6,1820000000.0,0.519651879064471,-54.19039091087483,0.8704445463499333,25.640603880646
110_Narrow,6,1830000000.0,0.5591174628153753,175.8066969458149,0.6940672265497191,91.61772303873445
110_Narrow,6,1840000000.0,0.5658513390912454,51.116408965434296,0.9454083693118246,45.73484687763843
110_Narrow,6,1850000000.0,1.0071475696379144,-103.7976667064544,0.8121696510776032,-155.97789606346058
110_Narrow,6,1860000000.0,0.6180463389849004,-159.52445385246864,0.9295474018857223,-69.71989695686617
110_Narrow,6,1870000000.0,0.8985715783943707,-175.1610299500621,0.728195565244855,64.94459819401332
110_Narrow,6,1880000000.0,0.6504891589700774,23.362432049967246,1.1052228067006482,145.25441286305858
110_Narrow,6,1890000000.0,0.990937087357421,-37.90920233441251,0.4268612538196731,-88.63871851575657
110_Narrow,6,1900000000.0,0.9164668623066679,-131.80529826516002,0.8902996821886845,61.71974383473672
110_Narrow,6,1910000000.0,0.6159002343225739,-10.576189773832104,0.9724369646143766,-76.91894038130997
110_Narrow,6,1920000000.0,1.2312185509679918,-40.91905142803654,0.21973977225360805,-79.07168887699305
110_Narrow,6,1930000000.0,0.9881922367571955,-157.12039210210395,0.29630932099675034,-93.56483150174608
110_Narrow,6,1940000000.0,0.6616615656551155,-40.87782201278943,0.9352158577481364,-77.44180956379384
110_Narrow,6,1950000000.0,0.2426468090751566,127.48570111434792,0.4682245048702961,76.50894845711932
110_Narrow,6,1960000000.0,0.8745165092726428,-65.63153244730337,0.9875895071470597,-124.54488057276275
110_Narrow,6,1970000000.0,1.218341581400565,-142.56289488224266,0.883952887908472,-67.41507842079632
110_Narrow,6,1980000000.0,0.8576866577307535,173.09913558441005,0.5657248011543013,-109.6831055433317
110_Narrow,6,1990000000.0,1.0480235773648132,-47.24461190964545,0.933803716191367,126.69035736691876
110_Narrow,6,2000000000.0,0.712917427339155,39.94789872489458,0.5553484611864695,-40.100594477384725
110_Narrow,7,1000000000.0,0.7167846818422952,-34.02474669355333,0.6948548837387252,-134.48521995945904
110_Narrow,7,1010000000.0,0.6763590031859923,58.31212130564412,0.39773308286411574,17.76172152874932
110_Narrow,7,1020000000.0,0.9969015256518355,-101.22772751762304,1.0525343889721313,21.36685178125859
110_Narrow,7,1030000000.0,0.4812328491100624,-135.04147139922085,0.9292939180578401,137.332744967896
110_Narrow,7,1040000000.0,0.9989299402007629,-159.38319076812817,0.651648435110749,-71.03365121120865
110_Narrow,7,1050000000.0,0.8969056107484483,172.98147400982646,1.151490591160354,33.44951566751439
110_Narrow,7,1060000000.0,0.15796920155868313,-125.82245405264041,0.3288541736225371,-97.96232128907056
110_Narrow,7,1070000000.0,1.1945474535576657,-54.404779020022055,0.11495464277341905,111.3405389416801
110_Narrow,7,1080000000.0,0.34612675884443883,-149.76325047790374,0.38788470365859296,46.835268068364854
110_Narrow,7,1090000000.0,1.0915663036987022,61.47051104881317,0.32380541219580183,42.817695271138646
110_Narrow,7,1100000000.0,0.43499046603196595,95.0848977067281,0.4720470444183463,-125.59133794302298
110_Narrow,7,1110000000.0,1.332586191687856,-137.41362692429274,0.33002949344720606,68.42238038436761
110_Narrow,7,1120000000.0,1.1360702369716427,33.160615321015285,1.066016898236623,-59.89007943643042
110_Narrow,7,1130000000.0,0.5166053919795937,166.232843810245,0.8030788296456827,-102.22111211419728
110_Narrow,7,1140000000.0,1.2772484284762513,132.5712111160498,1.197668067745613,-52.971919136608605
110_Narrow,7,1150000000.0,1.0642033288929216,-111.50587114059833,0.9025746494683101,-119.81747764661303
110_Narrow,7,1160000000.0,0.6685413923795954,-107.44579222619217,0.7224904961867009,59.49253307746778
110_Narrow,7,1170000000.0,0.8053900327187518,132.1509716254421,0.7883317853164576,164.5014882830182
110_Narrow,7,1180000000.0,1.3570400156007159,-136.83626503245384,1.2140519649367656,41.97786914276802
110_Narrow,7,1190000000.0,0.7730221233646211,-34.55146588547034,0.09976244116149792,151.31348582656742
110_Narrow,7,1200000000.0,0.9567593798333942,30.73964020001224,1.0240607787858904,-51.58137079304228
110_Narrow,7,1210000000.0,1.0574412326349043,145.34001654220705,0.415938723210494,-110.72765665110491
110_Narrow,7,1220000000.0,0.9676601680944712,50.791751596648,0.9154216301408367,-119.97340673689811
110_Narrow,7,1230000000.0,0.9732109635448289,155.19674543768875,1.257587527758466,-40.82076806553579
110_Narrow,7,1240000000.0,0.8496918757646498,-61.918133434233354,0.625663179794877,-108.24665001511786
110_Narrow,7,1250000000.0,0.6039823381298475,173.09745854534304,0.903906505752226,95.33404424760099
110_Narrow,7,1260000000.0,0.6433806892301586,-5.641901691397878,0.6812656635319505,-7.498501819341816
110_Narrow,7,1270000000.0,0.9038146278998026,16.101254955679586,0.9454714798660071,84.17763229638581
110_Narrow,7,1280000000.0,0.49156111896593135,19.547271647251204,0.627382715067668,-56.5946378513488
110_Narrow,7,1290000000.0,1.0920296483843484,120.9579736269079,0.8194129357999888,-22.498377529113423
110_Narrow,7,1300000000.0,1.116895597103713,-45.41190820642872,0.9882374702185837,103.76336778815673
110_Narrow,7,1310000000.0,0.8532488737827318,165.8449466583147,0.9204963777216801,-50.77799309243851
110_Narrow,7,1320000000.0,1.0349488469806305,-160.527753945899,1.05512001837286,-159.47104223195979
110_Narrow,7,1330000000.0,0.6058714374009045,-154.94197164666645,0.6321813263033471,-100.79576488303609
110_Narrow,7,1340000000.0,0.46759524766469934,70.74126058328592,0.7432077826949414,-67.42931854754104
110_Narrow,7,1350000000.0,0.8807115353590664,-11.067366388938797,0.7126628683186368,156.83997922529431
110_Narrow,7,1360000000.0,0.38065934416863656,139.00941494594616,0.6677442484228051,-120.46726191858734
110_Narrow,7,1370000000.0,0.5207438973250145,-114.97619641483197,0.5363726963785747,-66.9069339441431
110_Narrow,7,1380000000.0,0.9827082758955451,-40.87475554306648,0.5561762704739641,-8.948325968385536
110_Narrow,7,1390000000.0,0.38936407338551404,-25.638926996751195,0.47578189294144674,127.34348628150975
110_Narrow,7,1400000000.0,0.6179979984524265,-29.749014496039877,0.8305959191497692,13.600090205035755
110_Narrow,7,1410000000.0,0.7255494865662709,-85.03631541807728,0.716565941660485,-130.473296975177
110_Narrow,7,1420000000.0,0.7629900018998106,-59.102731500387684,0.5256967407045973,-59.69977226818718
110_Narrow,7,1430000000.0,1.0020255405026337,-26.26588589365544,0.7873374514037582,81.20639031133692
110_Narrow,7,1440000000.0,0.923818082717744,-82.98216431123406,0.721712813808657,46.470128500232065
110_Narrow,7,1450000000.0,0.8587173173287546,160.1391704982838,0.08265935061009864,-81.92248250418638
110_Narrow,7,1460000000.0,1.0307601059811464,-155.07517490019657,0.61299161541686,-102.97980245925548
110_Narrow,7,1470000000.0,0.8094149790321593,166.79113154284337,0.8950481436509515,-75.33840048370192
110_Narrow,7,1480000000.0,0.7107249369800036,-53.593993063719715,1.1354244450709259,146.92981554918146
110_Narrow,7,1490000000.0,0.06343832922360691,-146.43048334178928,0.9370440484207472,68.32658578569347
110_Narrow,7,1500000000.0,1.100832018823565,-26.08322636058441,0.22749342920294469,100.0692423857672
110_Narrow,7,1510000000.0,0.6981774862707387,119.51903985399159,0.8214781996113026,-10.676214586560354
110_Narrow,7,1520000000.0,0.8015451650781628,137.53921015380266,0.41388837992498567,-153.61201850759753
110_Narrow,7,1530000000.0,0.37992978000093935,-150.35489787143513,1.075537801722559,-37.58878009364427
110_Narrow,7,1540000000.0,0.8496140167962734,6.302022103247254,0.4675776510136138,170.63829159725384
110_Narrow,7,1550000000.0,0.9126304887750399,82.61088308544687,0.8722550127739239,-35.47069770470951
110_Narrow,7,1560000000.0,0.7865252300453744,-56.602687533634,0.9674486796589152,-16.84881756987454
110_Narrow,7,1570000000.0,0.8600330324764398,-124.85181865405654,0.6999885045447364,-92.1198672780385
110_Narrow,7,1580000000.0,0.5487138278282095,121.37088632914033,0.560328586100365,108.20929234709008
110_Narrow,7,1590000000.0,0.861401430815293,67.64287958648033,0.9517585729744273,151.43298010111462
110_Narrow,7,1600000000.0,1.1066372072638615,37.52401709281531,0.9616954210989758,65.77640113300905
110_Narrow,7,1610000000.0,1.006109484334321,72.15846942593872,0.8282344384878825,129.64331490309854
110_Narrow,7,1620000000.0,0.9903676989100453,85.32873459279934,1.043466393532467,115.24862880710153
110_Narrow,7,1630000000.0,0.46448947981934047,144.1919580647715,0.9190873199289565,122.07963030961407
110_Narrow,7,1640000000.0,0.5028124866529896,-133.0431727577958,0.4298060994894153,-48.13643203902589
110_Narrow,7,1650000000.0,0.9252232443318168,-138.97163088788736,0.9805586457303699,-64.93917005525917
110_Narrow,7,1660000000.0,1.10171582121824,52.16362738033061,0.5783554857186063,-179.3745011417962
110_Narrow,7,1670000000.0,1.0912711643025255,-150.52881501544707,0.3271533206018515,77.3237066682866
110_Narrow,7,1680000000.0,0.7728126015767715,-101.0646674598015,0.7774594291507476,-137.56141450796943
110_Narrow,7,1690000000.0,0.6262268801284091,132.8071767149976,0.5139759957477656,107.30303946026022
110_Narrow,7,1700000000.0,1.0211794016405962,-158.8106725274205,0.8641566267447063,16.714000530156063
110_Narrow,7,1710000000.0,0.45537262377673604,-28.500537895913276,0.987102662217489,138.3529216954361
110_Narrow,7,1720000000.0,0.5075357477479242,52.84761459945855,0.16468524847067056,177.05005287204875
110_Narrow,7,1730000000.0,1.0965014909183597,54.54282379223366,1.2492018966335485,37.35130963363704
110_Narrow,7,1740000000.0,0.6771502485117536,-97.56332940092577,0.8898569459070468,133.7024673111617
110_Narrow,7,1750000000.0,0.60827617924109,-25.463306851070037,0.38681998903071513,-104.4130466273891
110_Narrow,7,1760000000.0,0.8154595225637218,-105.03937172216816,0.5001759403311923,-147.07314251758095
110_Narrow,7,1770000000.0,0.9467580203059951,-170.37555734609182,0.8023106441565843,-0.2113328855682448
110_Narrow,7,1780000000.0,0.8581688731290951,85.7882897070813,0.825492966882532,33.98052749208658
110_Narrow,7,1790000000.0,0.5600471420240634,-43.3437547218512,0.7599353752214959,-3.015030074919239
110_Narrow,7,1800000000.0,0.8625796080269813,-111.55014359792482,1.1065369347733258,41.07960609920753
110_Narrow,7,1810000000.0,0.40278226631997555,-152.406931549398,0.6779136948038004,113.69092170328759
110_Narrow,7,1820000000.0,0.8277476922585417,104.84619872940671,0.9560752463578436,-165.20745148845506
110_Narrow,7,1830000000.0,0.47820723242251517,94.78197663466783,0.6421496393426447,103.64793212022272
110_Narrow,7,1840000000.0,0.21862160707180617,73.86644880063399,0.8556266492889982,-20.17163992598462
110_Narrow,7,1850000000.0,0.09868452645134461,-156.86587214938749,1.0050187956480425,-27.62859755486441
110_Narrow,7,1860000000.0,0.8040224601277971,119.78756449099681,0.8918135583542138,106.46300004352412
110_Narrow,7,1870000000.0,0.9542874072914951,14.493537198630236,0.06652507047751959,64.0733677334901
110_Narrow,7,1880000000.0,0.19172878337911414,-4.529623596467043,0.11084225270501005,-130.51632545120518
110_Narrow,7,1890000000.0,0.867348535599901,30.133625222142562,0.5443515707553364,62.432186298707926
110_Narrow,7,1900000000.0,0.45009138450470476,-51.23640786780959,0.7999592255173628,-80.79012048482437
110_Narrow,7,1910000000.0,0.6283044420810645,155.054370216507,0.8212000626158177,140.20699929289103
110_Narrow,7,1920000000.0,0.9210586958688787,-35.35119913497898,1.2225240694071406,54.79729723072991
110_Narrow,7,1930000000.0,0.879798033701787,-128.18233098122397,0.7125216679987096,-120.50915285901468
110_Narrow,7,1940000000.0,1.0349069336426358,144.3499875079833,1.0275804249556562,-70.69092137670168
110_Narrow,7,1950000000.0,1.1301522885181283,147.44925875652154,0.9744800784965918,164.51741537863566
110_Narrow,7,1960000000.0,0.8861798752894726,-130.55997953322765,0.7989731957109623,99.56993967055003
110_Narrow,7,1970000000.0,0.7400664240629831,-116.29823183672022,1.3471231916488193,-135.6670487881591
110_Narrow,7,1980000000.0,0.9271978622706863,157.65909473434724,0.8789815771941603,86.0126142723455
110_Narrow,7,1990000000.0,0.2658639289385134,-145.8068681859411,0.8494468472232977,99.50691783011166
110_Narrow,7,2000000000.0,1.1398141840881353,-129.7318014852751,1.257687390181009,-129.93348404163905
110_Narrow,8,1000000000.0,1.0275429942256917,-117.47246901347378,0.995127277704529,-152.6813795414282
110_Narrow,8,1010000000.0,0.9281602627164895,-129.74196683194407,0.7447810593366976,1.4659474788889961
110_Narrow,8,1020000000.0,0.5190550445798247,-175.37344748546099,0.648459578683733,-27.987081731568352
110_Narrow,8,1030000000.0,0.7082260230334712,118.90528051657668,0.9855234278693421,-145.46573005321196
110_Narrow,8,1040000000.0,0.9796411953495494,82.15591655447587,0.8443619736944237,-64.97364846679238
110_Narrow,8,1050000000.0,1.126468444290375,123.02290296200385,0.4811906966782627,53.487894115637644
110_Narrow,8,1060000000.0,0.8371685404017056,41.759255784151044,1.1194974641780344,62.356704454460285
110_Narrow,8,1070000000.0,0.9157414152822709,154.23449176164755,0.9431235763533625,-2.536735338145857
110_Narrow,8,1080000000.0,0.7418496270038387,37.46005601456991,0.33147237609808344,17.780536635682576
110_Narrow,8,1090000000.0,1.0856965507257679,152.41187091340203,0.9178193779897981,-108.55216872168678
110_Narrow,8,1100000000.0,1.1755594454503893,139.4726723917594,0.9791256555525888,-100.30885387040496
110_Narrow,8,1110000000.0,1.3726844595163223,44.63283890293541,0.9741970152026845,142.45616562702057
110_Narrow,8,1120000000.0,1.2628818729467792,46.25449730057023,0.724049569478262,-60.50525028313619
110_Narrow,8,1130000000.0,0.8142564281642113,42.728828866671506,0.9733139655518644,-157.6187597955407
110_Narrow,8,1140000000.0,0.8950602576298202,128.5316395434322,0.8501012015282657,107.63000163850796
110_Narrow,8,1150000000.0,0.14013126337270704,159.01821688202077,0.9292243172111635,-170.52991383863406
110_Narrow,8,1160000000.0,0.26455606131899,132.09876213660854,0.33660821600412233,51.5631641804063
110_Narrow,8,1170000000.0,0.9231473929348359,-116.95277192311435,0.382312544195612,160.5685391001693
110_Narrow,8,1180000000.0,0.7068470031450182,140.90289909187845,0.6803506785990411,-50.17604251038164
110_Narrow,8,1190000000.0,1.1818037063608209,-33.52437945806881,0.7167117703755316,74.20583298401952
110_Narrow,8,1200000000.0,1.1483397654608276,126.0133233925235,0.9736998739732536,91.4450931590699
110_Narrow,8,1210000000.0,0.7358092117487931,-20.612464492710835,1.2997033454061793,44.99294846086449
110_Narrow,8,1220000000.0,0.7319001156885239,48.37247361367308,0.8702957900963283,72.48618768930864
110_Narrow,8,1230000000.0,0.9533300043568271,-61.22117928519791,0.4435223653024238,-81.78543758767267
110_Narrow,8,1240000000.0,0.9732258216670696,151.3088739671462,1.3639858053059946,-45.644876471564615
110_Narrow,8,1250000000.0,0.4131087349896934,41.14385416507934,0.41934448413095804,47.323072191630445
110_Narrow,8,1260000000.0,0.8206165873685295,-140.948499045477,0.5893903763241243,64.268091307263
110_Narrow,8,1270000000.0,0.46620873848729794,24.23433362671842,0.3784217963735324,-36.269490195963684
110_Narrow,8,1280000000.0,0.9408034406349334,-167.10676146844023,1.153481568918825,-31.356820779486522
110_Narrow,8,1290000000.0,1.2256379531741621,52.916097993593326,0.6655820436806389,12.787994691219541
110_Narrow,8,1300000000.0,0.8790929991171182,-59.51764491179536,0.586012842622147,123.41011029556175
110_Narrow,8,1310000000.0,0.822446285007707,-138.65438911493638,0.6766923086734019,36.2857486306307
110_Narrow,8,1320000000.0,0.7400763974137671,-170.2021173101572,1.3327775486160176,136.18165468696617
110_Narrow,8,1330000000.0,0.3191803256987826,160.2756039574233,0.7952416015910297,136.46867014381257
110_Narrow,8,1340000000.0,0.2900012133234804,-21.230775540594575,0.5958870024790988,-149.22166061538863
110_Narrow,8,1350000000.0,0.6608795727722301,160.8353495983343,0.13287043917898725,-112.77760491828036
110_Narrow,8,1360000000.0,0.9346816660562873,69.45357238772839,1.019879640526249,104.01523908344956
110_Narrow,8,1370000000.0,0.1740431022956278,107.2715136854661,0.8044082523967355,-120.93636996590392
110_Narrow,8,1380000000.0,0.9907809529275322,-172.39751766435722,0.24392486085848483,80.53339970052524
110_Narrow,8,1390000000.0,1.109700357311541,55.065952847361075,1.102758562426443,151.96154488675666
110_Narrow,8,1400000000.0,0.8232155828088952,-12.92123035864996,1.2198951391897157,-131.67918459889228
110_Narrow,8,1410000000.0,0.21589832665094996,-147.72875481953403,0.7175184012685529,-142.92954235810305
110_Narrow,8,1420000000.0,0.5201139752784009,156.3942468860063,1.2955274038322404,134.35317772993562
110_Narrow,8,1430000000.0,1.0218528366068864,-53.9406744720946,1.0819055670364168,-142.53998484019849
110_Narrow,8,1440000000.0,0.70399354229546,49.56160434165964,0.8805543584112859,138.93721847657636
110_Narrow,8,1450000000.0,0.44899543120422547,-168.70241041788776,0.6054849355373962,-62.324278172664364
110_Narrow,8,1460000000.0,0.9283842014103555,-49.22556454309664,0.8124836291116997,24.39834042202714
110_Narrow,8,1470000000.0,0.43415430713267356,-74.20028248336683,0.5739751116413553,-174.88902515532823
110_Narrow,8,1480000000.0,1.120884518092302,-133.00262095027355,1.06658981915126,46.02503671985779
110_Narrow,8,1490000000.0,0.6117538073316472,146.64483785516634,1.103681471586373,-60.83524166633265
110_Narrow,8,1500000000.0,1.0575808688188404,-43.145363975024814,0.9998022721424943,56.73896162230456
110_Narrow,8,1510000000.0,0.6118881342873431,133.49011968454212,0.511601001583396,-175.59867264396317
110_Narrow,8,1520000000.0,1.2559241022196141,41.18472412631961,0.24969597752582595,-111.72100704044817
110_Narrow,8,1530000000.0,1.3115358725098263,-42.51522041007271,0.2811862023496019,-43.12230460702542
110_Narrow,8,1540000000.0,0.26133729986092913,122.77801142220729,0.3426428740897408,124.23866899545202
110_Narrow,8,1550000000.0,0.8618715301198938,19.133570124431277,1.140371004575376,137.1283134152315
110_Narrow,8,1560000000.0,1.1802166578201874,-139.608980624356,1.1087002686009793,151.46684085173925
110_Narrow,8,1570000000.0,0.7708360669052745,-68.69259153625399,1.0374603644108193,62.88410833000692
110_Narrow,8,1580000000.0,0.7351035370723755,-41.326597998090534,0.5518282022777624,67.84921945016083
110_Narrow,8,1590000000.0,0.5775591604958642,6.4109922941535284,1.1315089058793837,122.78222356908462
110_Narrow,8,1600000000.0,1.166012197920387,-31.819630682017973,0.6796792271989348,-4.0561700991901946
110_Narrow,8,1610000000.0,0.6833960361277811,-35.66559149130589,0.9393254150260661,86.78917321926485
110_Narrow,8,1620000000.0,0.7012173268246016,-167.3295168039965,0.6518571967491827,-29.04687119959204
110_Narrow,8,1630000000.0,1.0228289558556976,61.085050724908854,0.8660014129967016,150.84337462546623
110_Narrow,8,1640000000.0,1.0984575837117985,-134.648642173396,0.44932759885822304,-57.70861026698726
110_Narrow,8,1650000000.0,0.8385311974114182,-140.83809853314062,1.352610998164169,42.86256633199731
110_Narrow,8,1660000000.0,0.6528482058717733,-120.90114365168495,1.0089101102219278,60.90343618604143
110_Narrow,8,1670000000.0,0.5706050584788351,30.072467648175138,1.0592621231208277,127.51808697989539
110_Narrow,8,1680000000.0,0.528820229787497,-19.85830815272341,1.0151157608971748,-159.8902704077663
110_Narrow,8,1690000000.0,0.8814115709092202,47.35008312324397,1.194647233298193,-40.98905362971662
110_Narrow,8,1700000000.0,0.6416796379063082,36.403395496695055,0.7641520764957662,-161.3582880563782
110_Narrow,8,1710000000.0,0.9192553564467727,17.49273871594983,0.8366035867348977,-80.16954639369206
110_Narrow,8,1720000000.0,0.9848528884224762,6.421458519225249,0.9591143281691367,44.47367317982675
110_Narrow,8,1730000000.0,0.7077312848323719,150.03803702011334,0.9090909886786244,-129.12314009884298
110_Narrow,8,1740000000.0,0.9798145642923037,176.9967050613693,0.17043580120348345,129.34112041926352
110_Narrow,8,1750000000.0,0.8073328533974725,36.11341197535364,0.8032634048992662,-100.66096128950673
110_Narrow,8,1760000000.0,0.5905692840881779,-20.253670312655796,1.066309395272127,-119.39884357447869
110_Narrow,8,1770000000.0,0.692545038293031,105.98938469092691,0.9915563797541413,-111.04598818129337
110_Narrow,8,1780000000.0,1.2917557730723799,-136.3573759082864,0.9463394937153228,-105.85377417010059
110_Narrow,8,1790000000.0,0.8837765451022616,-88.34564400254185,0.6797025218167446,-57.303038266119835
110_Narrow,8,1800000000.0,0.9755112635108676,-158.81289698431834,0.6462478336397979,-124.85753330302754
110_Narrow,8,1810000000.0,1.1473523016687477,132.38247041640736,0.947219852192892,-150.93046406438827
110_Narrow,8,1820000000.0,1.0636085316043282,-131.52503562591568,0.32892490947910075,177.44610316673166
110_Narrow,8,1830000000.0,0.6653315652118403,89.27655939494575,0.6877171602383177,135.86661017573925
110_Narrow,8,1840000000.0,1.006321224886582,-28.754875126354474,0.7837580916746417,-120.26021777777648
110_Narrow,8,1850000000.0,1.1106817459346379,117.51272060745723,0.5686823114507522,-132.03273118205175
110_Narrow,8,1860000000.0,1.3023758746667076,130.41692941741124,0.5644412347539478,116.4798008601413
110_Narrow,8,1870000000.0,0.7590602865731852,87.06674750164075,0.26273922302940295,-128.2646364470977
110_Narrow,8,1880000000.0,1.1406248586887828,42.231310156560994,0.7372091179250136,-143.35186976486426
110_Narrow,8,1890000000.0,0.7004139247752448,123.09330610327217,0.48724676426659724,37.24888687576364
110_Narrow,8,1900000000.0,0.9529360311639665,-24.367370299342944,0.8883935095792351,5.675251333944033
110_Narrow,8,1910000000.0,1.2730874259573932,-48.90490602397656,0.9278025550723664,2.260095034535809
110_Narrow,8,1920000000.0,0.907888973514051,-60.29091039649848,0.7788331703351548,178.98901392723724
110_Narrow,8,1930000000.0,0.9055955075412921,-8.743080030869976,0.1887148019000002,-109.49764848607614
110_Narrow,8,1940000000.0,1.0760915140632517,25.89701046808235,0.4089157345280477,-164.20371227332677
110_Narrow,8,1950000000.0,0.3691526090317349,133.9817914614234,1.314076618735982,42.34858724564118
110_Narrow,8,1960000000.0,0.8952265300725908,-46.72060912946053,0.9706117805178361,154.12295391220425
110_Narrow,8,1970000000.0,0.5923515071705276,-176.20265002672974,1.0856232337841722,143.13946593696588
110_Narrow,8,1980000000.0,0.9719967461322757,-143.58506618303443,0.5368271719126063,-157.03587184712566
110_Narrow,8,1990000000.0,0.8462628874670771,-84.0059308207506,0.808914199767112,-149.84831591401007
110_Narrow,8,2000000000.0,0.8916948749136163,133.783347750456,0.6051883665755915,-54.45609847120511
110_Narrow,9,1000000000.0,1.3055020638903863,-43.01492937372586,0.6967607016370975,-124.83160832762599
110_Narrow,9,1010000000.0,0.5337538459605903,117.26900875436648,0.8758231657287503,130.1250719480494
110_Narrow,9,1020000000.0,0.4950672167105263,-130.76808254167605,0.04990599686132768,56.773880054682685
110_Narrow,9,1030000000.0,0.5292721959309721,19.171377329828783,0.3271318842739251,154.68761984601696
110_Narrow,9,1040000000.0,0.6288206337758827,-30.04731474168838,0.8554316570127319,57.32482992163701
110_Narrow,9,1050000000.0,1.0210081080231914,-69.9788667609836,0.8757751714315367,0.9464049628127654
110_Narrow,9,1060000000.0,0.6996086038026472,64.1253378356542,0.9077605096370317,-38.63109597273363
110_Narrow,9,1070000000.0,0.5393261724259855,81.08921315051373,0.3889178488853743,119.92525359051815
110_Narrow,9,1080000000.0,0.952333457449217,-174.79359624102216,0.5750226834519995,82.28521890667004
110_Narrow,9,1090000000.0,1.0007670693197437,66.60238847909103,0.6786745154196139,2.5580312812410653
110_Narrow,9,1100000000.0,0.9272460569240607,-31.597384505700752,0.9522815770226858,76.89679005485881
110_Narrow,9,1110000000.0,0.9979390389051987,96.32631274706303,1.0670789840559083,-120.38411088109989
110_Narrow,9,1120000000.0,0.7854185499499508,-117.8847098103396,1.0618415370195868,-66.11360520232465
110_Narrow,9,1130000000.0,0.6095578265144113,-4.694671223042782,0.6616032200684611,30.87480731763542
110_Narrow,9,1140000000.0,1.057961990319186,65.10772840693566,1.2060067100033431,124.99532558213822
110_Narrow,9,1150000000.0,0.687827329599884,146.19125119867005,0.6249408137926302,-138.0843373820844
110_Narrow,9,1160000000.0,0.42856567981587546,67.30056680234897,0.6762061017355975,-131.07770524904657
110_Narrow,9,1170000000.0,0.7367016584997422,45.75329328796716,0.7199052795533532,-159.56043381386672
110_Narrow,9,1180000000.0,0.7827133634058652,116.54032101370977,0.3669971241933176,101.42570131623727
110_Narrow,9,1190000000.0,0.3499746172058707,31.335362623788143,1.21901123710119,-47.34865364149996
110_Narrow,9,1200000000.0,0.6006167143208997,-91.79540079894421,0.2687894642080331,-57.71361814393157
110_Narrow,9,1210000000.0,0.8175853813184212,-150.18509045116338,0.9055115051865891,-22.073475244208662
110_Narrow,9,1220000000.0,0.8181429127713735,61.05183716228065,0.42182980679643833,26.590834246648676
110_Narrow,9,1230000000.0,0.22476483294098928,-23.898319814682885,0.7512527657465248,-54.57360820727058
110_Narrow,9,1240000000.0,0.27594548536695535,97.35629704392777,0.8470738416717907,70.12674675082842
110_Narrow,9,1250000000.0,0.3479341521233801,-155.3893243546919,0.11900021666965953,-103.35166470131462
110_Narrow,9,1260000000.0,0.8996279562236211,121.64019734205228,1.127935673719939,-47.42495711832729
110_Narrow,9,1270000000.0,0.966474041528818,131.75390819778244,0.8822127841624319,20.969498375366552
110_Narrow,9,1280000000.0,1.1650208238578459,35.77493335478756,0.5283105817157112,79.72212993836841
110_Narrow,9,1290000000.0,1.1606814080573749,-132.60079924474886,0.3899484717335291,-63.62264442832587
110_Narrow,9,1300000000.0,1.0781882169723886,-31.59993142728141,1.1198183100057044,125.58767453727076
110_Narrow,9,1310000000.0,0.3979785033400085,-83.30066144143805,0.8921811674357077,110.61152463394912
110_Narrow,9,1320000000.0,1.1236599502377775,62.85752501918086,0.2762461421174976,96.8660400614161
110_Narrow,9,1330000000.0,0.9464893822806488,82.53543476867412,0.801607759787994,-27.4646012749802
110_Narrow,9,1340000000.0,1.1381496292067104,142.2117172215971,1.0304739609007,33.67229819830955
110_Narrow,9,1350000000.0,0.5153713685750555,-113.60947683378947,0.6151464501954811,-103.91384491804702
110_Narrow,9,1360000000.0,0.7707571898237664,-116.50493792361141,1.2407796403973848,-41.472635838423194
110_Narrow,9,1370000000.0,0.7744414586159081,141.4627206117559,0.9338344094034324,146.33124558005056
110_Narrow,9,1380000000.0,0.8421144837852639,-118.88474130524891,0.326559970029693,26.44256587462057
110_Narrow,9,1390000000.0,0.6620543964069392,170.47400606204283,1.0898427029393842,-53.27327318634108
110_Narrow,9,1400000000.0,0.6609970975865429,-39.48030297631352,0.38068813619711217,-52.24123996202583
110_Narrow,9,1410000000.0,0.6218379777836828,-145.5068196787963,0.766720756087278,98.08584788326161
110_Narrow,9,1420000000.0,0.6454279090093552,166.1231265412188,0.9217989667515196,60.42495540183416
110_Narrow,9,1430000000.0,0.8845930945535231,-173.83189783654373,0.7133672161520385,27.260551011615366
110_Narrow,9,1440000000.0,0.7033610560827435,41.9228570031579,0.9773686229532254,-133.1307578258053
110_Narrow,9,1450000000.0,0.8665297266495801,2.41373580657813,0.40636696697147967,-54.327134592072056
110_Narrow,9,1460000000.0,0.9100527128536354,74.40816304944781,1.1069164568704823,-121.35990338568197
110_Narrow,9,1470000000.0,1.0956014967861532,31.787179905508818,0.11596395478913361,24.691026945255963
110_Narrow,9,1480000000.0,0.501995742570344,165.8231242528882,1.325154744464295,48.94103450651587
110_Narrow,9,1490000000.0,0.7734413507389188,-20.637559835134862,0.7250837092704365,-150.63853825722336
110_Narrow,9,1500000000.0,0.9798537774987927,136.27457430371626,0.774113614316746,-99.01144831596203
110_Narrow,9,1510000000.0,1.2633512540523055,-48.29028820548445,0.7209443301539347,-85.3413865558771
110_Narrow,9,1520000000.0,0.0932384043801433,-2.164538121162527,1.1872281848925532,-43.86794882051688
110_Narrow,9,1530000000.0,0.9363896258773838,165.87194798657447,0.8614789431366469,-12.885609323042617
110_Narrow,9,1540000000.0,1.0980780529438259,-129.5873583295601,0.6208825679582101,45.33256310504757
110_Narrow,9,1550000000.0,0.2415984757143905,80.92874176883313,0.7901838616552475,139.2878453479865
110_Narrow,9,1560000000.0,1.0327917852488608,-117.70225459928288,0.9928001578861412,-119.6612902766305
110_Narrow,9,1570000000.0,1.219978346069586,-139.17829742185006,0.3173371298507873,42.09095797680399
110_Narrow,9,1580000000.0,0.07096141001616689,-78.34583407704642,0.9601028007533327,-29.06017529851566
110_Narrow,9,1590000000.0,0.6447446977215828,111.10096677329064,0.6837245323950738,21.819374200991838
110_Narrow,9,1600000000.0,0.6897895800450735,148.9544102717411,0.45636046550636006,-70.90335036263605
110_Narrow,9,1610000000.0,0.8327511934349365,39.33480108140306,0.9343672088615724,35.11586411625068
110_Narrow,9,1620000000.0,0.07277793487726947,58.9293224716333,0.915083445812067,110.67055576155394
110_Narrow,9,1630000000.0,0.3369623193985328,175.79924207145834,0.6678731141831985,-54.650648804713505
110_Narrow,9,1640000000.0,1.0237018913195957,-19.029342038428098,0.6792929784022966,-69.65067938953639
110_Narrow,9,1650000000.0,0.5581617672637713,26.456392478683092,0.7741249777335604,122.96734954730441
110_Narrow,9,1660000000.0,0.993553216169718,-169.03971466507238,0.5874944670396918,-98.9822981351667
110_Narrow,9,1670000000.0,0.22082224807281836,13.222726975393668,1.180541447128599,134.489735072344
110_Narrow,9,1680000000.0,0.9528288928325716,116.34363609731231,0.6578934199462382,169.91374216348805
110_Narrow,9,1690000000.0,0.7976219735076976,106.33139891798443,0.5293718667234146,134.6626860005032
110_Narrow,9,1700000000.0,0.797448039756808,121.01342298153523,0.9131017185358757,-88.55913438841894
110_Narrow,9,1710000000.0,0.7674864604050385,108.5222760603259,0.45798253449315685,-124.85726477866122
110_Narrow,9,1720000000.0,1.0377859506531897,155.43588914014737,0.4398623732588414,-162.1841858433052
110_Narrow,9,1730000000.0,0.8923546951894533,-60.236889582885624,0.6539573765899376,54.47959207128572
110_Narrow,9,1740000000.0,0.9890003819690003,-5.9957661541914975,1.198887757762241,52.45413819998438
110_Narrow,9,1750000000.0,0.975496711867262,69.374032005275,0.7497070698130411,-7.3891925064117645
110_Narrow,9,1760000000.0,0.3408715568993425,7.126250403891737,0.17053193449376744,-178.68782625033361
110_Narrow,9,1770000000.0,1.180531668875965,34.30726829759102,0.8130989959024785,151.09511062129002
110_Narrow,9,1780000000.0,0.9238434332397429,-178.46817505701333,0.7028458376185328,36.12557682053743
110_Narrow,9,1790000000.0,0.6994412317393051,-112.7605063153197,0.4142464052174569,-138.25163171224892
110_Narrow,9,1800000000.0,1.0076486228881012,169.29437697438547,1.1513166065001825,43.25709393434354
110_Narrow,9,1810000000.0,0.4611305511491864,-94.28536768192407,0.845429880949854,-74.7651146787499
110_Narrow,9,1820000000.0,0.1767481995289862,-81.81652375381161,1.33493902436272,47.77416480435942
110_Narrow,9,1830000000.0,0.8236162785673867,-154.94286837442627,1.1305834392636396,-131.11361780320743
110_Narrow,9,1840000000.0,0.8045267832945251,-17.079055036460108,0.8023573516169954,147.99554061161402
110_Narrow,9,1850000000.0,0.8823125130053872,-105.35250880356973,1.2195524110747402,-126.21490386409535
110_Narrow,9,1860000000.0,0.7418968241230265,-34.20319807896722,0.6694283078786906,-8.473359829621877
110_Narrow,9,1870000000.0,0.8031909271894893,86.17350745683613,0.403346085200144,73.29226597692042
110_Narrow,9,1880000000.0,0.9562227440939696,-161.37155856453765,1.123780933931542,123.17878985861854
110_Narrow,9,1890000000.0,1.0545489779688129,-61.09583859473657,0.6812821483502077,-17.40584231482372
110_Narrow,9,1900000000.0,0.4660975474925523,-17.579999249812836,0.4328598114386667,-82.81755430454767
110_Narrow,9,1910000000.0,1.0225365005027212,32.72256464807134,0.4957183083911174,77.93519244675953
110_Narrow,9,1920000000.0,0.46358934832814774,94.07430502924772,0.39105283410560016,30.63903031523885
110_Narrow,9,1930000000.0,1.0149562611223342,102.8376261021105,0.2568250615181453,10.01397740360431
110_Narrow,9,1940000000.0,0.5945131537333211,-164.05825692792175,0.6978855992743376,101.03937668435262
110_Narrow,9,1950000000.0,0.1816785323618873,-12.21970795775454,0.7949629035889031,23.79370283425517
110_Narrow,9,1960000000.0,0.7205701861755782,72.19462719213425,0.36983020762305385,-65.06078839673059
110_Narrow,9,1970000000.0,0.38408781422465016,-48.2515616675062,0.7300804071464828,128.11719998232914
110_Narrow,9,1980000000.0,0.8835005212487159,17.09177264578525,0.430832142711222,-53.833785134738676
110_Narrow,9,1990000000.0,0.8333775507962503,166.06349465189734,1.0020978150324198,-77.47773629512163
110_Narrow,9,2000000000.0,1.0551421334221414,140.8063968762822,1.1319892561958955,58.706176218670294
110_Narrow,10,1000000000.0,0.07042502689878663,28.169098806433094,1.2203460573155522,36.43563874152016
110_Narrow,10,1010000000.0,1.0553757816207505,-127.95352994334304,0.5482326317917896,116.93446645730164
110_Narrow,10,1020000000.0,1.002809807712674,170.62663856256734,0.8056790645402838,32.235256795793426
110_Narrow,10,1030000000.0,0.3100714779392167,-153.48501446106926,0.8095113334919454,-48.942582828936445
110_Narrow,10,1040000000.0,0.7184228396340558,85.56894889300317,0.9724347038639177,139.81674130573492
110_Narrow,10,1050000000.0,0.5406618153345748,22.68022631180235,0.8677769515537737,84.71685372499395
110_Narrow,10,1060000000.0,0.34085273015161016,-84.63567577393079,0.9269103318514073,69.38242414866909
110_Narrow,10,1070000000.0,0.9206259425561345,-76.93507356708173,0.9593065468489061,-3.602279712258621
110_Narrow,10,1080000000.0,0.9352458646732016,-168.28046736406762,0.6469862376658151,148.63663074335835
110_Narrow,10,1090000000.0,0.3771352502771512,132.64662665911317,0.8646384047838969,-9.85279132057224
110_Narrow,10,1100000000.0,1.1271300419173127,-127.12784686376419,1.0825292475258552,-148.29196956145637
110_Narrow,10,1110000000.0,0.8730746109189855,66.89587510962586,0.6130824499950792,80.26725515837482
110_Narrow,10,1120000000.0,0.7796851618808502,-144.84854104049512,0.5450967177201724,13.209762608370644
110_Narrow,10,1130000000.0,0.08586763418390564,75.19277832374277,0.8729808473861351,-15.665882518769406
110_Narrow,10,1140000000.0,0.9028942898065226,47.893019676450365,0.9298309098844213,-86.27905837816515
110_Narrow,10,1150000000.0,0.8249188870639116,144.53856763302576,0.5735014325440773,122.50342214982487
110_Narrow,10,1160000000.0,0.9053459499253854,105.96638586344602,0.4059385446210403,135.8294711781344
110_Narrow,10,1170000000.0,0.986743789873077,15.010110778532376,0.8886108537598205,-31.012360197574694
110_Narrow,10,1180000000.0,0.8973457844775039,100.95702479020868,0.8011582341938618,-108.16590548794805
110_Narrow,10,1190000000.0,0.5861914443995825,108.16611839826881,0.8690310266932131,-109.26836411944707
110_Narrow,10,1200000000.0,0.29484444301124746,117.12739549080882,0.948437096969755,58.48927802983442
110_Narrow,10,1210000000.0,0.19745561399445147,63.48137775253558,1.1037098310797944,-47.98677475426189
110_Narrow,10,1220000000.0,0.7330565767915603,3.6169225868724264,0.9242272741499638,179.27520055112726
110_Narrow,10,1230000000.0,1.0306736949981925,-38.5232830953104,0.9897352443117076,9.740369696530044
110_Narrow,10,1240000000.0,0.9389331971532017,33.84776214023466,0.6816948845917902,124.40576483204515
110_Narrow,10,1250000000.0,1.0408199732632253,65.45880878366229,0.9134405970987572,57.544591651459754
110_Narrow,10,1260000000.0,0.7530026538730258,-22.608552240924507,0.5409645715458208,-134.54728146414038
110_Narrow,10,1270000000.0,1.0508801191914108,-40.15576605770154,0.5473871417522301,102.61577404159455
110_Narrow,10,1280000000.0,1.1456673813462102,55.49782028044949,1.027066681128126,112.4372423598425
110_Narrow,10,1290000000.0,0.7476258732862859,-111.51941168347066,1.24625084071377,-127.98083679137824
110_Narrow,10,1300000000.0,0.8862752900495404,-26.183944101278314,0.862162038274192,-10.438137229810879
110_Narrow,10,1310000000.0,1.1958639721650857,138.8921496289252,0.1950009985861219,62.114703541460706
110_Narrow,10,1320000000.0,0.9408995178608603,-5.577060304957033,0.9198723863337659,-81.45915518301952
110_Narrow,10,1330000000.0,0.4930132963371993,141.59441961786257,0.746068260310569,12.215582431932306
110_Narrow,10,1340000000.0,1.0583527273527111,33.02893837921848,0.4293024205488692,144.26260274824824
110_Narrow,10,1350000000.0,1.032407748215517,-157.7429607496164,1.016124386050348,26.603918535722443
110_Narrow,10,1360000000.0,1.2259187538759007,48.224876697330586,1.1263904216931167,148.89021998686465
110_Narrow,10,1370000000.0,0.051058907476309645,-151.82766942115904,0.8467510262291581,120.85628709394757
110_Narrow,10,1380000000.0,1.0940491278833702,-153.937145930946,0.6791121292807702,-120.39186102030804
110_Narrow,10,1390000000.0,0.6855220117499322,173.916062325014,0.788981275124276,52.38327640436246
110_Narrow,10,1400000000.0,0.7030274561549111,75.81309264343002,1.2795619202577662,-43.956091251448576
110_Narrow,10,1410000000.0,0.12215958602721955,-149.84293048450002,0.8564835900482662,-87.99660073769168
110_Narrow,10,1420000000.0,0.17101086106919205,77.0610855945819,0.9328645321819172,144.85791652372006
110_Narrow,10,1430000000.0,0.6793435299066152,-89.32288586815201,0.7228662185091349,-172.4141616772698
110_Narrow,10,1440000000.0,0.8485756895401166,-0.6949699591555311,0.6142117399806855,-30.8208087571014
110_Narrow,10,1450000000.0,0.5569009267110674,-15.13798186843094,0.6457691429717032,-77.26582098332676
110_Narrow,10,1460000000.0,1.0139411605890034,-54.573480593408455,0.7772206753890409,-64.71878107476618
110_Narrow,10,1470000000.0,0.3581545058324988,147.5553254548967,0.5149991980216415,152.05543098524413
110_Narrow,10,1480000000.0,0.9685278297207308,-154.70023752022135,0.7648908787347802,45.11302412472025
110_Narrow,10,1490000000.0,1.173563153225084,145.03644868526294,0.5673679212235956,85.89522482520864
110_Narrow,10,1500000000.0,1.0171946276853772,48.50112067091128,0.9712176611361061,54.925840876107905
110_Narrow,10,1510000000.0,0.35143620549775767,-44.69937437084026,0.5571149063856153,163.08875768781292
110_Narrow,10,1520000000.0,1.2299676483107347,-44.869467668199114,0.7899735925431095,40.57346169460221
110_Narrow,10,1530000000.0,0.4005572197393624,-34.31740354197289,0.9888179986665102,149.492254737127
110_Narrow,10,1540000000.0,1.3511165721626814,45.58694333987874,0.4521243328780908,135.7195809046885
110_Narrow,10,1550000000.0,0.6351767185708639,171.0904469745223,0.9830808266890873,-45.86900886323475
110_Narrow,10,1560000000.0,1.1674452048392328,129.39797095742708,0.9974065602056149,88.89685466042071
110_Narrow,10,1570000000.0,0.8559864082498065,122.18293439768613,0.7817865460709805,-145.01193334923414
110_Narrow,10,1580000000.0,0.8551455578155842,24.491022764233747,0.4709838907591357,-91.04904584688134
110_Narrow,10,1590000000.0,0.8193368964165183,96.36578216115217,0.6595556036275777,39.360038617091014
110_Narrow,10,1600000000.0,1.002854091270892,-130.2378873993737,0.7659034235684435,-49.74519629347728
110_Narrow,10,1610000000.0,0.2607766328146154,25.898927516854293,0.8303884746470194,175.47365670360608
110_Narrow,10,1620000000.0,0.9998254280055522,-98.68250802633106,0.6506488969342238,10.116335408729249
110_Narrow,10,1630000000.0,1.117363402019447,118.91753053450586,0.601315879901373,127.80549249998404
110_Narrow,10,1640000000.0,0.9832204159214771,-131.13724075158044,0.9168305237178714,-129.7224735260561
110_Narrow,10,1650000000.0,0.10406027057499392,-0.42780689816732936,0.7415337557100736,-114.49510100584737
110_Narrow,10,1660000000.0,0.9253785510184811,141.4247109643652,1.0291085963918813,32.408562034936836
110_Narrow,10,1670000000.0,0.8609487637086163,-170.82229568089664,0.3472047402286182,77.80107478416794
110_Narrow,10,1680000000.0,0.8321790004473454,95.31526136368421,1.1080972952317028,126.94021177499091
110_Narrow,10,1690000000.0,0.9101457336924978,-104.5818610606243,1.0231218790714574,-125.11788034172835
110_Narrow,10,1700000000.0,0.2739924587892943,-8.52666556221822,0.67562467803764,-29.022117268183518
110_Narrow,10,1710000000.0,0.5401743982107068,-54.17431788446226,0.8783608326778028,-123.89104433171616
110_Narrow,10,1720000000.0,0.887396353811299,104.39326686818812,0.8145905095737892,-64.09464939096785
110_Narrow,10,1730000000.0,0.4659894168099821,89.20743753676729,0.21477270285674097,-82.17071227589958
110_Narrow,10,1740000000.0,0.8986939639514935,113.29674146017146,0.5712070865816322,-74.12711624825424
110_Narrow,10,1750000000.0,0.3763656380878222,-5.453922741039758,0.6267448943247484,118.03564746842925
110_Narrow,10,1760000000.0,0.8678722807674192,-14.792873937201238,0.8498644708682273,-47.633800528906974
110_Narrow,10,1770000000.0,0.21818797981439705,50.90020958851526,0.32407792674612745,20.7318489111772
110_Narrow,10,1780000000.0,1.187007433631249,-131.66615234771655,0.7390212417227301,-57.219393235138064
110_Narrow,10,1790000000.0,0.6947820071815848,117.30427463466496,0.9108787380305022,88.29334821925067
110_Narrow,10,1800000000.0,0.1296092662525694,-52.27042681922741,1.0020155012419125,-175.2209418267102
110_Narrow,10,1810000000.0,1.0610859500010288,55.161407327193295,1.0102074534499688,-159.95762798762794
110_Narrow,10,1820000000.0,1.1817742048015745,-138.8569549189786,1.1075346375218176,133.03116664475786
110_Narrow,10,1830000000.0,0.5684852201065694,62.89432501018167,0.8468648919347032,-33.8958120982203
110_Narrow,10,1840000000.0,1.0742672418069532,-132.54046407417576,0.5693264545137422,95.31476227668566
110_Narrow,10,1850000000.0,1.005731714632362,10.65313884206274,1.2448571659872352,-41.946046994592336
110_Narrow,10,1860000000.0,0.8617315165668885,-31.689041707236026,1.0363634833246183,-126.7852906665904
110_Narrow,10,1870000000.0,0.40605704021214317,-147.85088601868955,0.33993774049025927,-79.59487322434987
110_Narrow,10,1880000000.0,1.321927197168173,43.539854439469245,0.7690931701787135,80.8284354647755
110_Narrow,10,1890000000.0,0.39959637323903424,150.70624453677289,0.9220085017260821,-90.72089693468293
110_Narrow,10,1900000000.0,0.5188147146033638,-62.2187576057333,0.6418623445222638,-179.70003739498853
110_Narrow,10,1910000000.0,1.0543371892026587,-31.74376009906469,0.7974705878531255,39.450498471829285
110_Narrow,10,1920000000.0,0.6557346927619897,-149.69910061290904,0.46286185025604604,175.83159982910482
110_Narrow,10,1930000000.0,0.7891523670759106,-25.612762431869374,0.7310430517095142,-82.32351933085005
110_Narrow,10,1940000000.0,0.8213303100836323,155.36184117710667,0.9040113329407856,119.27264616915079
110_Narrow,10,1950000000.0,0.3815232701715343,-117.04015735257607,0.9758569668049494,-45.73986160840356
110_Narrow,10,1960000000.0,1.1656860636438235,121.16553152389686,0.8022064549784376,158.53768960699182
110_Narrow,10,1970000000.0,0.6726012049193341,137.25417110648849,1.1526781090447484,-50.42482539623761
110_Narrow,10,1980000000.0,0.9828046423396315,122.52891962687576,1.1040209530185534,-126.34914950436584
110_Narrow,10,1990000000.0,0.845735052753275,-157.26582801562353,0.7009551118866519,-4.069682261673523
110_Narrow,10,2000000000.0,1.1266225885999233,-129.60372774756488,1.0113493641453888,79.47569126528533
210_Wide,1,1000000000.0,0.789836289820007,157.67053636523465,0.6872296653983718,164.58241511823454
210_Wide,1,1010000000.0,0.9883530965075452,153.65114665509216,0.9142243349502388,121.00394675525496
210_Wide,1,1020000000.0,0.8395285360001933,-160.65729510543844,0.17662548270718156,67.77990114743922
210_Wide,1,1030000000.0,0.5014841890378733,63.73027079091529,0.6839203733672494,-153.86986352041885
210_Wide,1,1040000000.0,0.5059827948215129,110.78828807179853,0.9047634991330336,-71.35550101359935
210_Wide,1,1050000000.0,0.9265718357778031,29.50272467501362,0.6708935139295729,133.14573517254186
210_Wide,1,1060000000.0,0.9887986213661469,122.08353469574644,1.0291126097519296,-28.00872597774417
210_Wide,1,1070000000.0,0.8437136400154777,-9.361272356753444,0.7464105144063579,-134.86485364985788
210_Wide,1,1080000000.0,0.921872638679983,84.96908329083921,0.9447157116481739,15.650085312340615
210_Wide,1,1090000000.0,0.45869661203017414,-15.665417127136875,0.9815774247335812,110.61496937596354
210_Wide,1,1100000000.0,0.8628463902978492,139.08479823805675,1.1921475170875109,48.5745451611963
210_Wide,1,1110000000.0,0.5002863734503338,139.24424208003967,0.9599010438526169,-99.62273253199078
210_Wide,1,1120000000.0,0.46164279536723246,-92.98063701708239,0.23234126265036523,83.74609328346013
210_Wide,1,1130000000.0,0.7106425260205782,-151.97801551397455,1.1517091684569167,-138.37194628874755
210_Wide,1,1140000000.0,0.9132897681986921,-58.14634407542892,0.7844880777847433,-140.03777639078982
210_Wide,1,1150000000.0,0.7561738996969225,-31.93276144688685,0.5904853665109033,-160.19619287165523
210_Wide,1,1160000000.0,1.2703029186380494,50.51150378939574,0.7225518155166233,-20.33119309394361
210_Wide,1,1170000000.0,1.0587874516570372,154.5571876403641,0.5035194760556758,-136.48578619389573
210_Wide,1,1180000000.0,0.8381480892052974,136.02389719022173,0.3478157461951967,-58.67428024041952
210_Wide,1,1190000000.0,0.9343216898398157,114.88312735295295,0.9927702148370061,-64.94277431145288
210_Wide,1,1200000000.0,1.2184690104024296,131.9380185785784,0.4151778951012385,153.4056482241385
210_Wide,1,1210000000.0,0.9789705491360737,65.47005657737552,0.5054639619851935,85.69801091793082
210_Wide,1,1220000000.0,0.9378377877274833,-4.827799755014419,0.9633322014600331,6.84972534032634
210_Wide,1,1230000000.0,1.1588411768117102,-49.91578437826339,0.5270990100728508,80.35986176391779
210_Wide,1,1240000000.0,0.8202163937784924,-65.79572203562577,0.5411858990390647,104.88981897603037
210_Wide,1,1250000000.0,0.8875183128930624,70.90391237394117,0.924867422333593,-14.999426826633869
210_Wide,1,1260000000.0,0.763009589917723,-1.5320129253830652,1.0434992549991664,42.311529170787495
210_Wide,1,1270000000.0,0.9464589199754782,-89.74873887597914,1.240724826410613,-42.41882591175756
210_Wide,1,1280000000.0,1.0048189587493657,-164.3481482009728,0.5921387849197923,-14.29691782231886
210_Wide,1,1290000000.0,0.913146394237291,-105.47239625430547,0.26775516956609324,-49.412807485296874
210_Wide,1,1300000000.0,0.8975869025939359,-21.390294178935356,0.20753571977367177,-64.54876760798098
210_Wide,1,1310000000.0,0.46530213926349173,-130.67007249255028,1.1934008051014426,-134.62600695064307
210_Wide,1,1320000000.0,0.35842242129360125,-90.8892338474206,0.5628672593063625,99.74631565184478
210_Wide,1,1330000000.0,0.45169806844070287,-105.68687314023842,0.5165128753941417,177.5604754981186
210_Wide,1,1340000000.0,0.6844289016101401,-56.50467836953988,0.5688864825971203,-93.48178756423351
210_Wide,1,1350000000.0,1.1180688017228029,55.07004082068973,1.2378334221161855,43.02327170215287
210_Wide,1,1360000000.0,0.4151554369509951,81.60583591594488,0.8830470393614229,50.419326037660014
210_Wide,1,1370000000.0,0.7060526130265691,-33.15412816629868,0.851557541770749,-35.004861367804374
210_Wide,1,1380000000.0,0.7909766329529183,-42.72601494986055,0.6430326045277579,75.1893137836728
210_Wide,1,1390000000.0,1.0571958889882387,-124.58369110212301,0.40844747483545557,27.47464635001668
210_Wide,1,1400000000.0,0.8271652349180583,-91.0270771221352,0.6162386102728179,-21.393671032944624
210_Wide,1,1410000000.0,0.9843361199931382,13.605751095290882,0.8907525552726959,136.9157544534089
210_Wide,1,1420000000.0,1.0966863108233094,-149.12777966778555,1.0562689153264488,29.516983719550097
210_Wide,1,1430000000.0,0.1961422192921315,113.72870491840979,0.13848989236305154,-38.99967432126998
210_Wide,1,1440000000.0,0.15022152359680482,166.97353356886154,0.6372832665408538,175.52472632734015
210_Wide,1,1450000000.0,0.6546081679128635,-9.272027691984949,0.2115962443978092,-66.56918190198567
210_Wide,1,1460000000.0,0.1383878063014097,15.654095814296149,0.8213328414070235,112.61380768266378
210_Wide,1,1470000000.0,0.12446296179250362,-83.26961298594635,0.6942017309230375,-146.68944974340553
210_Wide,1,1480000000.0,0.8316725307883467,-94.61161740074924,1.1460960282201305,41.33732024187253
210_Wide,1,1490000000.0,0.930762753391674,66.3291031590276,0.6711493364195205,6.318639574261272
210_Wide,1,1500000000.0,0.8893380069519766,162.35639109286265,0.6032257514321855,141.2235869680077
210_Wide,1,1510000000.0,0.697948690446721,-73.29919025604805,0.2571453023922694,108.9485065340684
210_Wide,1,1520000000.0,0.754560788187562,-117.6616379649426,0.6517417810642115,-137.19588392245612
210_Wide,1,1530000000.0,0.6859350637253822,23.53021026475595,0.8161772203739569,-129.48833103325353
210_Wide,1,1540000000.0,0.3516827070789983,-109.75395498874934,0.8407914235723561,-126.62796442856133
210_Wide,1,1550000000.0,0.5191270088304973,-92.20657169327825,0.2659873271386314,-150.0253249420307
210_Wide,1,1560000000.0,0.5942358713064371,63.878688236050245,0.6822882668410212,-20.482760189602292
210_Wide,1,1570000000.0,0.4033178985564161,-48.42927580265722,0.8154633560182338,-133.82944668870996
210_Wide,1,1580000000.0,1.0691054781643925,-51.85204520604252,0.42151605004035997,-112.92767913637239
210_Wide,1,1590000000.0,1.2784615679712026,43.131797120020344,1.1549267119404176,140.46206760446464
210_Wide,1,1600000000.0,1.115389476933393,-147.7734740319405,0.6005028530079017,-153.75770361300022
210_Wide,1,1610000000.0,0.8360916800573643,96.7329928229773,0.8306045419364129,-113.7539357729212
210_Wide,1,1620000000.0,0.7733735224786278,-88.59838307528646,1.0320573071951051,-51.99566950434302
210_Wide,1,1630000000.0,1.171128762608516,33.610150000265534,0.7165668705447517,6.619322406418894
210_Wide,1,1640000000.0,0.8256578663855624,-134.9181527633786,0.4071784792442888,164.73628292104382
210_Wide,1,1650000000.0,0.6000487396976356,153.62146363137276,0.8510220047799213,-114.61752545466966
210_Wide,1,1660000000.0,0.7717880893033784,4.103601681998977,0.8656647255136023,2.7395673085496686
210_Wide,1,1670000000.0,0.4211484425658738,-23.144861461530624,0.3787899422989181,11.70333305189937
210_Wide,1,1680000000.0,0.8113159867101337,161.29752238275492,0.7998925771752959,126.8822780913874
210_Wide,1,1690000000.0,0.8941203239871699,-93.8342378961583,0.8052047107210429,172.84104299467683
210_Wide,1,1700000000.0,0.9076281444063421,-14.035498290509192,0.9342193834154682,-46.060326788839234
210_Wide,1,1710000000.0,1.131051271953283,41.19750679417451,0.1354063569356023,-141.0191657251558
210_Wide,1,1720000000.0,1.0499257618918365,-39.06356504933338,0.12227150067025573,14.271063894946915
210_Wide,1,1730000000.0,0.9659809310071277,30.137757076107615,0.8677494741593188,-124.81848384460667
210_Wide,1,1740000000.0,0.584201689916785,1.1902953738937765,0.11735985121379147,10.832717279206669
210_Wide,1,1750000000.0,0.9662631730132407,-174.5637067905097,0.635082062224234,-1.9140585556649579
210_Wide,1,1760000000.0,0.18293769475218813,-9.907396546414992,0.5927536669921312,-13.56564946942309
210_Wide,1,1770000000.0,0.9577052271699841,167.21985749657694,0.9380925596799924,145.30203545227607
210_Wide,1,1780000000.0,1.000157587424115,-99.78018224161815,1.0247937020523228,-75.54789107479965
210_Wide,1,1790000000.0,0.565483460248672,10.86544136989909,0.6186052305844231,124.57733915200023
210_Wide,1,1800000000.0,0.17166016471048634,-59.658166885762014,0.15494563475628242,-96.5956273808922
210_Wide,1,1810000000.0,0.26450784143738354,-136.9226661517541,0.9485606862516808,117.24152331854044
210_Wide,1,1820000000.0,1.0395548280893452,-26.991033434902132,0.3726371679974313,173.72310880101764
210_Wide,1,1830000000.0,0.5937428212596231,114.07985567007155,1.2300550841026283,-41.48988211085414
210_Wide,1,1840000000.0,0.3663867618547765,83.23141078813356,0.5330711603794245,-74.49329469505763
210_Wide,1,1850000000.0,0.7925551794710052,153.09999501469633,0.9444278595225329,113.08867320081579
210_Wide,1,1860000000.0,1.3236682755319185,-137.29791846850642,0.928104388170408,-63.593350644149446
210_Wide,1,1870000000.0,0.69457480235901,-164.67827421756684,1.1580769689088466,-122.92663650203887
210_Wide,1,1880000000.0,0.9582597792412971,-159.75121030349072,0.5692489825129173,14.964407272687511
210_Wide,1,1890000000.0,0.7938679778256208,67.11191797278072,1.017179794227147,-124.03701289389244
210_Wide,1,1900000000.0,0.6111861115166048,73.5370090140249,0.6906570239874933,-58.12129272514984
210_Wide,1,1910000000.0,0.5682084343714365,69.42232735924867,1.0479301993393464,145.0311916034858
210_Wide,1,1920000000.0,0.7346032000874076,-20.27427361223575,0.6592328601912391,-108.05008121018926
210_Wide,1,1930000000.0,1.0666365300241558,26.054268415920532,0.5535624154598199,-69.74789582490233
210_Wide,1,1940000000.0,0.8833534938951709,-168.18762180303483,0.4929041370593736,-63.83877572337943
210_Wide,1,1950000000.0,0.565904907671457,172.58326579835207,1.1205596921235563,58.13597127661277
210_Wide,1,1960000000.0,0.9637401466481793,95.17815683907116,0.8628608412236325,162.77797552498419
210_Wide,1,1970000000.0,1.1186437827874474,-122.70273266350617,1.0212263910608705,24.590643777601862
210_Wide,1,1980000000.0,0.46294447414885187,64.34406107471499,0.6787324356381719,-169.65546565757876
210_Wide,1,1990000000.0,0.6994073667221056,-52.18069139243972,0.7066667381127003,-0.3654531430079253
210_Wide,1,2000000000.0,0.7397339718330848,-68.14270350426436,0.640403856663297,160.39729169787734
210_Wide,2,1000000000.0,0.6784338687675405,51.44456269350162,0.6257194746508783,-119.65297423848145
210_Wide,2,1010000000.0,0.939669351822735,7.068999741056795,0.5627877750132001,130.6184923087698
210_Wide,2,1020000000.0,0.4446917051569194,66.33336366716627,0.6505949643279795,116.11839413014273
210_Wide,2,1030000000.0,0.3190766705460111,14.488832765415781,0.9409849785073867,-158.74610854248036
210_Wide,2,1040000000.0,0.9114427262389266,176.433454356906,0.8740707922549483,-83.51661301913414
210_Wide,2,1050000000.0,0.3466506301661681,37.12205147567793,0.8945127850138519,158.45784998792604
210_Wide,2,1060000000.0,1.137006706508013,-38.00997710914177,0.49228589555915425,30.22803430242545
210_Wide,2,1070000000.0,0.17585612588364768,157.34937251337715,0.6242308486177696,22.450181982543356
210_Wide,2,1080000000.0,0.8434122525766723,175.9887817158104,0.4454107707075323,0.22300977183909346
210_Wide,2,1090000000.0,0.6749953589487319,-114.85586272305598,1.006149469637832,21.01874605792994
210_Wide,2,1100000000.0,1.205113846437833,135.85050030901812,1.060411427578344,158.65287306040076
210_Wide,2,1110000000.0,1.2297843462630798,-41.33459384417638,0.9183520614719655,-174.73239520702435
210_Wide,2,1120000000.0,0.40785749740898253,-90.20115571733123,0.2671115385689744,28.042134927248203
210_Wide,2,1130000000.0,0.6079913188687222,-171.7907561223742,0.8417827067590488,-155.83288336420244
210_Wide,2,1140000000.0,1.0537079672986709,-133.61507765821338,0.979401483763281,-91.17164654981241
210_Wide,2,1150000000.0,0.46396128722976476,-45.84748854194188,1.0699837962603247,65.63197315764762
210_Wide,2,1160000000.0,1.3663638536005016,-46.56769140702138,0.9459427433017434,-76.35760021428057
210_Wide,2,1170000000.0,0.6673109881236987,56.49224777742318,0.4312214156741634,-89.30295491940964
210_Wide,2,1180000000.0,0.503910871640385,40.70423228177173,0.7948338538366564,133.5444215817568
210_Wide,2,1190000000.0,0.439180383858751,-124.0185026660345,1.0900696265386027,-52.642038019504675
210_Wide,2,1200000000.0,0.18645357109467517,159.84658796138694,0.3642330602615099,134.0358602678598
210_Wide,2,1210000000.0,0.33480166796864935,115.68002374229258,1.023481825574803,-24.706235358419093
210_Wide,2,1220000000.0,0.5922550990515577,93.33313757181928,0.6972972905527938,125.24926397630378
210_Wide,2,1230000000.0,0.5507813179104996,-8.093264508966232,0.7775501681097513,78.9951768418854
210_Wide,2,1240000000.0,0.8600886403726937,173.79770313960643,0.8412202526202692,86.54650915210793
210_Wide,2,1250000000.0,1.2739031819866555,-137.38584404354754,0.8850417456739816,-122.89748663899226
210_Wide,2,1260000000.0,0.7942331261535044,131.4845151781697,0.3398185583101888,-63.91055153235924
210_Wide,2,1270000000.0,0.8205644373990478,88.31539339662413,0.8133962423591331,-145.21221023171748
210_Wide,2,1280000000.0,0.968543353645972,94.59811543368292,0.6848880351583835,-62.22217186981135
210_Wide,2,1290000000.0,0.9753118041638114,55.78619844972443,0.8392107591131162,-173.10444640331013
210_Wide,2,1300000000.0,0.3972322999928154,-120.97480385972219,0.4961368045141009,-84.6777638814938
210_Wide,2,1310000000.0,1.159294940043274,-53.03758843794942,0.6016180192957964,-122.14958851533086
210_Wide,2,1320000000.0,1.0099244087915045,78.65309778726439,0.700849805496337,44.77866755663074
210_Wide,2,1330000000.0,0.7447152618848969,145.6013459637395,1.2529139043030721,-131.42587779128598
210_Wide,2,1340000000.0,0.4070257076481835,-11.269167946455049,0.39138560935674865,121.52533996106781
210_Wide,2,1350000000.0,0.5875151287732653,-139.25872497544762,0.7513186413096824,0.9622053607305924
210_Wide,2,1360000000.0,0.46819124089950714,-112.44159068997989,0.4058941969930735,-69.85887880767659
210_Wide,2,1370000000.0,0.9197119372125803,85.01772070541836,0.9123557116622109,-123.41317830007709
210_Wide,2,1380000000.0,1.0366842036910668,25.441919950984623,0.5795086638564911,5.8915489635848735
210_Wide,2,1390000000.0,0.5761360122168313,147.56001166814542,0.3219102581911082,112.5102714088073
210_Wide,2,1400000000.0,0.589487851707689,-155.96040459947852,1.230035287123987,48.374769345753876
210_Wide,2,1410000000.0,0.4757009911937746,146.08998474690168,0.8526107515323438,-15.841065406281874
210_Wide,2,1420000000.0,0.7900834248400695,132.2490673539482,0.6442520241333981,-84.99529551020838
210_Wide,2,1430000000.0,0.3790052783261731,90.32774951107413,0.8077321422145936,31.989943245628876
210_Wide,2,1440000000.0,0.8760418609439806,56.73823035174194,0.2961519032785875,-33.87735804483719
210_Wide,2,1450000000.0,0.8240482308577747,-29.979820399764662,0.30060332537608436,-116.67749620502107
210_Wide,2,1460000000.0,0.9500346217247608,27.604040593227538,0.8880969082336388,-119.24101651500303
210_Wide,2,1470000000.0,0.5373432450227379,18.11120547726599,1.2104397837194656,43.53429264567839
210_Wide,2,1480000000.0,1.3500842721006625,-45.40128966808167,0.842345802517757,72.75742129705921
210_Wide,2,1490000000.0,0.7854736054362845,118.55550556578883,0.9465705035783307,81.39978303979792
210_Wide,2,1500000000.0,0.6405304580951321,-44.05811102138539,0.7576911228133111,-10.928622396935614
210_Wide,2,1510000000.0,1.3021265989734425,-139.09518161104683,1.0253197121665747,154.2421728000853
210_Wide,2,1520000000.0,0.4711771402169146,139.6849325074159,1.3173710854306153,-45.6731561100595
210_Wide,2,1530000000.0,0.13416779267725315,32.1652771535536,0.8380293277425932,-87.15718489623353
210_Wide,2,1540000000.0,0.6610862752568206,-167.0540225611414,1.0257651641169827,-20.03374423481411
210_Wide,2,1550000000.0,0.2542912875933901,-102.4911699118736,0.9741268587213068,68.74311544479117
210_Wide,2,1560000000.0,1.020337390322692,-124.09083557469197,0.9834186405030999,-54.96851910962462
210_Wide,2,1570000000.0,0.7298456496496811,131.00568248398267,0.8324576393061552,108.89428366372407
210_Wide,2,1580000000.0,0.8799649236698295,-124.05196866973982,0.9877185257986336,135.78628072727503
210_Wide,2,1590000000.0,0.1889352805037658,175.04691916763844,0.5598978356178496,50.40792579108002
210_Wide,2,1600000000.0,0.6682348848921358,-14.615151680247058,0.8638694168644163,34.45375424105609
210_Wide,2,1610000000.0,0.8299640898720358,114.8491477320346,0.7263273204737485,-69.76667264971141
210_Wide,2,1620000000.0,0.6255322205812723,-155.32313101184846,0.8035657297163189,-88.12360500058163
210_Wide,2,1630000000.0,0.5656781411163055,-16.045967349791027,0.5623977829854933,-143.09158983438056
210_Wide,2,1640000000.0,0.4492062747602467,-68.09383907949335,0.2920110677806506,-30.727719042729255
210_Wide,2,1650000000.0,1.0881329859287519,-53.97331012005012,0.07970419278441201,-110.40315672544136
210_Wide,2,1660000000.0,0.6668459666799903,-67.26916367444846,0.9893170583789237,-102.50021407418384
210_Wide,2,1670000000.0,0.2785487495412958,66.0881506126005,1.3026790813191909,40.57970957020167
210_Wide,2,1680000000.0,1.0405506992489544,123.29956147412558,0.37545672501693184,165.45587326428543
210_Wide,2,1690000000.0,1.1873643503957665,-140.46463054652725,0.2415204978094252,132.631620836801
210_Wide,2,1700000000.0,0.927877384963648,-2.4957860188608585,1.0011454798124868,-48.26646418551948
210_Wide,2,1710000000.0,0.9193129595421469,-155.97456500085866,0.5399998533964283,120.23253329434924
210_Wide,2,1720000000.0,0.8927689481514982,59.81474769692055,0.17239462981375525,93.19551492662004
210_Wide,2,1730000000.0,0.5527377799798046,-18.22456194890435,0.5915264214343668,-17.70759551578762
210_Wide,2,1740000000.0,1.1891913424547285,-47.739410241443494,0.8843083609579351,126.25016790271644
210_Wide,2,1750000000.0,0.3932377724133458,-22.1667810260749,0.9947896223113247,-108.11763240745205
210_Wide,2,1760000000.0,1.0163725405708743,144.49847748752975,0.8846486578942068,-128.13998660644222
210_Wide,2,1770000000.0,1.0100949660466687,69.77300191751989,0.7113982829437431,83.0441708386881
210_Wide,2,1780000000.0,0.5868329327539034,-48.0808372224734,0.7162677930874084,-80.9247415028783
210_Wide,2,1790000000.0,0.9402918440338561,-82.43180381042038,0.8852246908959925,29.11787635028429
210_Wide,2,1800000000.0,0.7249245665395582,49.1086600833105,0.6137371150167183,13.623068073152318
210_Wide,2,1810000000.0,0.7841612346146882,-46.128640414584076,0.7026017092974598,-127.51605432776957
210_Wide,2,1820000000.0,0.7584771370206504,-144.39408966155045,0.9267424681465328,-87.61562965484632
210_Wide,2,1830000000.0,0.905938942084767,61.68290081558159,1.0788792711339492,-39.83636185030494
210_Wide,2,1840000000.0,1.0230970450835584,60.986923335359535,0.9692755281777805,-128.68691803825655
210_Wide,2,1850000000.0,0.43626990248230696,159.2245314199631,1.0901910570302027,127.65998044900398
210_Wide,2,1860000000.0,0.9830220424800812,51.72631040821297,0.6314514971982188,-170.43654155209717
210_Wide,2,1870000000.0,0.6885572039832923,-103.72095237601117,0.5287042624126288,-75.24785800793056
210_Wide,2,1880000000.0,0.5055262372693536,58.64648787493074,0.6797219474100968,-131.16919280367102
210_Wide,2,1890000000.0,0.7834096528363597,-49.32505033922244,0.655605913475614,171.6970853105557
210_Wide,2,1900000000.0,0.9321673716104552,54.25006978578148,0.692924868128468,61.4633479487711
210_Wide,2,1910000000.0,1.162655879167434,-47.32977307010646,0.46135324255865157,-49.598995151819466
210_Wide,2,1920000000.0,0.7157199901347925,131.57390307814703,1.151592222709164,-142.42558075136589
210_Wide,2,1930000000.0,1.117035579508213,29.826032305937527,0.8580272483796019,5.088533227934497
210_Wide,2,1940000000.0,0.905453135551594,-43.94672968964404,0.68751739044202,71.98402890610043
210_Wide,2,1950000000.0,0.8768909578918439,46.972745095624646,0.678064971439475,96.33600319582365
210_Wide,2,1960000000.0,0.14515216723593435,90.40581553424005,0.2558186551677012,10.947080083053685
210_Wide,2,1970000000.0,1.0014914223825944,-146.74027170891517,1.1749072824619966,-54.039465650121905
210_Wide,2,1980000000.0,0.9714059917747411,151.14513213149505,0.735611523493652,-155.9625138551678
210_Wide,2,1990000000.0,0.24257147397939408,-133.5934415656482,0.7141297937778867,73.56346003506907
210_Wide,2,2000000000.0,0.21488910162730987,-166.4516009028462,0.8219912083424253,106.39932588965924
210_Wide,3,1000000000.0,0.7602486925308115,22.665358383435155,0.9419388798431245,-87.57633706629485
210_Wide,3,1010000000.0,0.9451020112374202,161.1353048963,1.1171135212941032,36.15141908442456
210_Wide,3,1020000000.0,0.637654339946517,58.775867800379096,0.9496404297960784,-133.13126535184765
210_Wide,3,1030000000.0,0.7993146240843002,-109.56047202969833,0.6041030969568565,162.21481588773955
210_Wide,3,1040000000.0,0.3729658443023085,120.53532532321803,0.16914983199178968,-44.36738217067467
210_Wide,3,1050000000.0,1.117364306104586,-48.29915606023504,0.5940804937217827,-21.169489241226273
210_Wide,3,1060000000.0,1.0877897624515338,-125.60912619775387,1.0014935798531006,-38.33630554445687
210_Wide,3,1070000000.0,0.6021471249547375,129.35647838395423,1.0907959980323911,51.70793921639413
210_Wide,3,1080000000.0,1.1546639487556771,38.45522608014317,0.9821481758020278,-88.61525992118008
210_Wide,3,1090000000.0,0.7236099848985501,163.18178144514096,1.1045408691467853,149.8947452420872
210_Wide,3,1100000000.0,1.1274059383720276,-149.01457970056006,0.7530506223230582,162.66481475156786
210_Wide,3,1110000000.0,1.2360016724851082,45.85421144218195,0.812563141196285,130.468076595648
210_Wide,3,1120000000.0,0.9832608182374057,-161.16559670861756,0.5375771958546879,-149.83411546173926
210_Wide,3,1130000000.0,1.1799297896321328,-141.16607426131293,0.8971911851413622,160.9604278080184
210_Wide,3,1140000000.0,1.1219213313075742,-60.13875778983327,1.1791537333839097,51.45301318495081
210_Wide,3,1150000000.0,0.7851610876146708,74.75451687377722,0.8016027037477502,27.556493769896598
210_Wide,3,1160000000.0,0.8898723672683112,-93.7086276849259,0.9005311675665845,-5.355921019412592
210_Wide,3,1170000000.0,0.777562472342905,17.522823881480694,0.9613536901180991,-90.13245761212985
210_Wide,3,1180000000.0,0.829694432958005,-148.5547624550388,0.6839470146865475,-84.31737521247068
210_Wide,3,1190000000.0,0.6981179115607508,77.06296260218548,0.7341867750618843,-44.17772774920053
210_Wide,3,1200000000.0,0.4487519084711411,-16.828359861739926,0.7702096408231117,-104.96462388369511
210_Wide,3,1210000000.0,0.9444056933381371,31.384739792866323,0.32916634226681735,-123.45932496168618
210_Wide,3,1220000000.0,0.4575475673361959,-82.6030666078383,0.2863526823582607,-153.46432340920578
210_Wide,3,1230000000.0,1.0375018933599343,-142.63318933030845,0.7567925232431698,-134.79841668773622
210_Wide,3,1240000000.0,0.8777433438335126,167.91364244538738,0.648261320775316,14.297903463553483
210_Wide,3,1250000000.0,0.583008784914239,-69.30096902322629,0.6344663205721406,177.48032109488187
210_Wide,3,1260000000.0,0.40072945378750835,-53.9997574848551,0.7451883937091311,-1.4885084813937945
210_Wide,3,1270000000.0,1.1653730516210814,52.29112740343879,1.2915195766952199,138.8064734133697
210_Wide,3,1280000000.0,0.6241327767331911,161.18674027691324,0.632671567698235,-5.485583960648829
210_Wide,3,1290000000.0,0.7603470788541326,83.88186825812998,0.7615960491979249,-10.6708365972516
210_Wide,3,1300000000.0,0.4980791342110417,104.5689421148097,0.8988683688788806,144.16498179293038
210_Wide,3,1310000000.0,1.0801077036970204,-53.33485096206534,0.6520691837715588,179.33364507607553
210_Wide,3,1320000000.0,0.7493777553316215,109.77093281156922,0.44200587315946877,93.62958876851322
210_Wide,3,1330000000.0,1.1440656707124266,139.4149677721441,0.584157527946514,36.373448629644145
210_Wide,3,1340000000.0,0.9951699861791815,84.99316562753773,0.5160115155830676,-61.51588406014664
210_Wide,3,1350000000.0,0.6608296285732438,-101.02324508487447,0.8714771089199292,149.87527475982768
210_Wide,3,1360000000.0,0.9476377618898941,-171.62833308438655,1.0380694263224897,161.10488433329536
210_Wide,3,1370000000.0,0.21654867870627093,-16.478052851849935,0.6485769969496454,-76.70924664951656
210_Wide,3,1380000000.0,0.3928377125592657,27.579467318602877,1.192529769013572,-136.6448897316564
210_Wide,3,1390000000.0,0.7413187682618166,14.21984174246026,0.9836982136566501,-121.207895392463
210_Wide,3,1400000000.0,0.9177411841251282,80.54128688934499,0.8728407355951108,2.6806529956962675
210_Wide,3,1410000000.0,0.5227350254757234,47.877842154605815,0.8424051574291183,66.02652965295303
210_Wide,3,1420000000.0,0.4259634408925453,-50.92982510146076,1.0258950531438034,160.5717068878212
210_Wide,3,1430000000.0,0.7783642988280398,43.13493132918562,0.7550702589787301,-153.73856769028998
210_Wide,3,1440000000.0,0.9191060098873699,142.9007085259403,1.0639937979023546,55.50119910631778
210_Wide,3,1450000000.0,1.1811040638392964,-44.2308951173147,0.6267844918282325,-171.2426168944585
210_Wide,3,1460000000.0,0.5691032130944385,-105.34229699149132,0.2738453055133997,-78.71711706840782
210_Wide,3,1470000000.0,1.0810371428328662,-118.46325332280757,0.9821497742448154,146.55548606483146
210_Wide,3,1480000000.0,0.647186576296317,12.025284965217534,0.7906179429797551,-89.7964517578278
210_Wide,3,1490000000.0,1.0469205826026524,155.6959981548639,0.410210685701261,149.7896793976082
210_Wide,3,1500000000.0,0.8768858603085897,-6.643638535997065,1.0770066799952174,-112.31035567764515
210_Wide,3,1510000000.0,1.1466050598749304,33.14294985300109,0.6508696125599708,-77.9228582361132
210_Wide,3,1520000000.0,0.8542516809096893,-116.68376616246846,0.6475025345990431,-88.00912325514109
210_Wide,3,1530000000.0,0.4227478030796859,4.326335206943779,0.6666898431132053,-86.77953057980119
210_Wide,3,1540000000.0,0.7692152099712111,85.88165358926264,0.7114193589043354,-58.64443954290273
210_Wide,3,1550000000.0,0.730369561393449,90.10940357402565,0.5591076983599793,-136.0360061509396
210_Wide,3,1560000000.0,1.2146287779690257,53.17971081844562,0.9106998209165557,-111.79478188473641
210_Wide,3,1570000000.0,0.6599420804205992,-165.87564161947287,0.775676256770484,142.73210461030763
210_Wide,3,1580000000.0,0.5950681922596692,6.217563064489732,0.2656495493951975,-135.68817066876318
210_Wide,3,1590000000.0,0.9210445079478639,169.5964388485935,0.8310377111413407,-62.341937586972314
210_Wide,3,1600000000.0,1.318261848740457,47.735471656322794,0.5642036149185791,-129.6137315934746
210_Wide,3,1610000000.0,1.333839330674592,-48.46045033369043,1.0034926423346557,56.92879918422825
210_Wide,3,1620000000.0,0.6724857164933145,118.74756877264915,0.30852030509196354,160.25861415348163
210_Wide,3,1630000000.0,1.0253106357992754,52.50831477005831,0.6769566912759923,172.9910906587559
210_Wide,3,1640000000.0,0.9824404094504398,31.93701899210893,0.8312627672851998,-48.99364582673931
210_Wide,3,1650000000.0,1.0589044017933287,-41.182792244234335,1.2300434757838996,138.07212054165373
210_Wide,3,1660000000.0,0.3358453585977748,8.708305607685354,0.6871428493679643,134.96504435099686
210_Wide,3,1670000000.0,0.5629050433950638,129.32961158933114,1.13058658619526,139.10072545108116
210_Wide,3,1680000000.0,0.524064867456515,-131.11402645513874,0.589164868319088,-144.39033011275723
210_Wide,3,1690000000.0,0.24067522355989499,126.49916224373678,0.7626946128830865,-54.04095104236996
210_Wide,3,1700000000.0,0.8969567597481303,4.792011698643458,0.8300706769246954,65.092896560154
210_Wide,3,1710000000.0,0.5777438593162086,3.6332275105510963,0.5278881289983954,179.89217999188338
210_Wide,3,1720000000.0,0.49549399352176526,-65.00288870634364,1.155744297660314,-127.72003380472914
210_Wide,3,1730000000.0,1.1173491681583156,-45.89956422817892,1.0388165768276345,-66.47498320514016
210_Wide,3,1740000000.0,1.1428488347010382,-125.65092446639339,1.061326393366609,40.8267133946577
210_Wide,3,1750000000.0,1.2001659892592074,136.0190294338107,0.9687023431131071,62.62729624403865
210_Wide,3,1760000000.0,0.8778427013182883,-118.68814842857857,0.820973310058202,21.582124140832665
210_Wide,3,1770000000.0,0.9801691418353388,-131.18588485512473,1.0415263428624777,-54.994948348899996
210_Wide,3,1780000000.0,0.37142478347376484,155.5446159185562,0.5221667284693414,-140.13718410633788
210_Wide,3,1790000000.0,0.7520201910859536,62.139340837342154,0.7665141799396811,103.84357451250496
210_Wide,3,1800000000.0,0.9876325072279906,-37.63584382490496,1.0049264504203541,154.77275074749565
210_Wide,3,1810000000.0,0.8910057983399765,-25.92467959570065,0.7667306038462085,32.30851665641245
210_Wide,3,1820000000.0,0.6061413710225597,-137.93799239643363,0.49847448040959524,-8.282378829659717
210_Wide,3,1830000000.0,0.8380120125852228,-51.843652409537924,0.8741339653019086,26.020895995793254
210_Wide,3,1840000000.0,1.2329763561205813,137.6443485475901,0.6262604997314367,-176.54193160641663
210_Wide,3,1850000000.0,1.1342543867189339,150.35594089046972,0.10324405018427794,168.36467103649423
210_Wide,3,1860000000.0,0.5668516343519457,-24.438773050324777,0.648270645517778,-169.85917356095197
210_Wide,3,1870000000.0,1.0136600933108328,-60.323639698914576,0.6075719235739983,-3.3941269459999224
210_Wide,3,1880000000.0,0.5958225190106045,-116.41419894112147,0.9395248379144098,-82.00413870930382
210_Wide,3,1890000000.0,0.7282705717746603,-160.77644034892936,0.6992193918226827,159.87736457908125
210_Wide,3,1900000000.0,1.0210696524237943,44.189881693582265,0.4726925682585221,62.75826620475895
210_Wide,3,1910000000.0,0.6684127949231011,66.06120593802115,0.8922955119215663,129.73155778751376
210_Wide,3,1920000000.0,0.5538249887499463,40.27072688149368,0.6524038045901226,93.79376162116861
210_Wide,3,1930000000.0,0.7615149141316295,-25.43318283856816,0.6440646277146711,-119.09375029491072
210_Wide,3,1940000000.0,0.8431852344553634,110.07082566977294,1.2183776422436126,38.92664063461144
210_Wide,3,1950000000.0,1.0215998829189166,-150.46432501733307,0.5962754991353779,-70.91750630968575
210_Wide,3,1960000000.0,0.8997465731556352,132.54930563750344,0.3984760676953464,-49.962720322658306
210_Wide,3,1970000000.0,0.66516735014294,148.0242089799685,0.4389709795566939,146.21785275533415
210_Wide,3,1980000000.0,1.109997238727603,-133.34471225180698,1.145930627004007,45.994323195036166
210_Wide,3,1990000000.0,0.9250230998798327,85.75041613015772,1.12634107718967,-119.95747712998008
210_Wide,3,2000000000.0,1.1011122063458822,35.393758427079746,0.12863977176486385,-160.44681008534837
210_Wide,4,1000000000.0,0.5417842166534641,-178.18988192621964,0.6769318375175947,93.92945431720493
210_Wide,4,1010000000.0,0.6207807400845703,14.083737731928704,0.9732430782289114,52.00173831446292
210_Wide,4,1020000000.0,0.4993677060020509,172.25212645430128,0.5899824597502147,104.22065706202214
210_Wide,4,1030000000.0,0.780007885176319,-166.5441896210242,0.7137900649457061,-45.089089837956244
210_Wide,4,1040000000.0,0.36438131037745397,178.07846398250786,1.2762322067635856,41.92921411340511
210_Wide,4,1050000000.0,0.6993928963646774,-123.15379231481609,0.5410166850977468,97.14354804356535
210_Wide,4,1060000000.0,0.8423817621135291,-28.77438055810933,0.44533110414998855,15.336662825808444
210_Wide,4,1070000000.0,0.1511343945024242,87.04597721453024,0.8937877748209218,84.8737215864658
210_Wide,4,1080000000.0,1.1174152040197332,39.49158054790768,0.6857035532527139,-162.9519238136022
210_Wide,4,1090000000.0,1.1350312253243655,40.68014132503577,0.7960855392157478,-124.94979393683401
210_Wide,4,1100000000.0,1.0051245710627466,108.87410936445904,0.6449358063553586,-115.9259730753752
210_Wide,4,1110000000.0,0.8961339665364842,2.808024540570134,0.7205728020386571,-60.97461999618978
210_Wide,4,1120000000.0,0.9542242711389611,140.5978166091462,0.9217134486732054,-147.98333006879142
210_Wide,4,1130000000.0,0.8835695280733405,-140.81557683300542,1.0948042983353221,-129.7728411813633
210_Wide,4,1140000000.0,0.6176023700578864,14.244376143887747,0.25327497961155343,-147.61959517408553
210_Wide,4,1150000000.0,0.3706491686123955,-168.36151487155684,0.27523866621725407,31.186865321293823
210_Wide,4,1160000000.0,0.32035625479497715,63.836630986494065,1.264772278404021,-51.93905346536786
210_Wide,4,1170000000.0,1.1329472227523594,-46.00100476124913,0.5503881702477917,-158.18683122900137
210_Wide,4,1180000000.0,0.6383088210555812,-44.06130200388318,1.1356586958962527,-61.5475873834292
210_Wide,4,1190000000.0,1.3581479544647623,-134.58865764649303,0.9974638978364215,41.111341693736065
210_Wide,4,1200000000.0,0.3224498858082919,-79.66057393010865,0.8237843087642616,123.05054152557614
210_Wide,4,1210000000.0,0.7960079864656037,99.14426311751238,1.0112558919238055,42.72914576460391
210_Wide,4,1220000000.0,0.20050297716414034,-161.50155037856342,0.4040877710060531,108.94634040492866
210_Wide,4,1230000000.0,0.3667867961459615,-103.37798715643245,0.7668836837111476,-49.64574836005401
210_Wide,4,1240000000.0,0.6564285163143615,132.47332171384502,1.190830086348405,40.83831183288339
210_Wide,4,1250000000.0,0.8048204977169653,5.049705892945865,0.9228041601485047,1.7907569541742954
210_Wide,4,1260000000.0,0.41955539880362164,130.3138345482514,1.0071408325385311,-80.02613839031466
210_Wide,4,1270000000.0,0.8122935632646803,-115.23509492641594,0.6787053801574643,157.6213924164082
210_Wide,4,1280000000.0,0.7527839885564402,-115.77402112911774,0.3984750350986355,-32.080844005452356
210_Wide,4,1290000000.0,0.4012765757076768,-64.64587210645867,0.981122423601811,124.05250220592818
210_Wide,4,1300000000.0,0.35582455053472645,164.24174483024234,0.771892614214176,-166.45963583910256
210_Wide,4,1310000000.0,0.8899796015484733,-91.8554585630961,0.9363069220021281,-91.3093002001827
210_Wide,4,1320000000.0,0.40388091777867424,48.9866569726672,0.9684354200498902,63.5577124817533
210_Wide,4,1330000000.0,0.9616440342933018,-128.67494800943388,0.9053253965978645,-50.490444364494095
210_Wide,4,1340000000.0,1.1880234171842066,-32.760466061040056,1.0618323267314957,-120.18503748489009
210_Wide,4,1350000000.0,1.185744425494166,48.89065754247663,0.9955093521225387,73.0249491218012
210_Wide,4,1360000000.0,0.6291739357334162,32.20997825462169,0.4985319717738884,-27.134139364441122
210_Wide,4,1370000000.0,1.0512310477069975,-37.420518870164834,1.0302834915521086,-125.27291884201036
210_Wide,4,1380000000.0,1.0650246979324371,47.75586927330912,0.8695727864910875,76.7550430570882
210_Wide,4,1390000000.0,0.6014289587761414,12.675561607106324,0.7231976810632729,45.64866117145707
210_Wide,4,1400000000.0,0.8027801882969644,84.32970876184532,0.48932570330845615,73.07701257172846
210_Wide,4,1410000000.0,0.6007330528148077,-133.12148347087782,1.1408780117858124,123.32106049347566
210_Wide,4,1420000000.0,1.050699908005081,-36.811794125168774,1.1866384956241307,-135.55732093824423
210_Wide,4,1430000000.0,1.155966179667085,-42.02050603367635,1.0589995053443433,44.697194692897405
210_Wide,4,1440000000.0,0.8971488632581403,135.60561654324135,0.9019005242165705,-96.03680248170137
210_Wide,4,1450000000.0,0.8696130432426399,116.6826657060112,0.5464581188556131,140.22011495202767
210_Wide,4,1460000000.0,0.7273613488824602,-30.90648695556666,1.0076157433381643,72.51136637493427
210_Wide,4,1470000000.0,0.03304251718217808,6.135769793034287,0.8992519230434128,88.73443654355432
210_Wide,4,1480000000.0,0.5652247951696505,10.707510685721356,0.8528499628318981,11.449731174814845
210_Wide,4,1490000000.0,0.6967093585158347,124.47363471629428,0.8679628811353812,50.13530022487592
210_Wide,4,1500000000.0,0.9983354387041423,-109.89436709331274,0.5773321388151703,-178.47765769744936
210_Wide,4,1510000000.0,0.3674361717517148,-152.26631417840136,1.1427437733924461,37.96458459123874
210_Wide,4,1520000000.0,0.5195105824954338,169.24208742029467,0.6386654850951949,157.08268608553206
210_Wide,4,1530000000.0,0.30796377149898574,-164.33108592600246,0.32783167094250726,-101.6880914866026
210_Wide,4,1540000000.0,1.2579193344297013,132.02282720800736,1.065671575602642,134.818576272411
210_Wide,4,1550000000.0,0.7684547872046428,-43.23497085227407,0.7615672433901159,127.76159331687867
210_Wide,4,1560000000.0,0.6849542550699258,161.99904055976927,0.8552342135005366,151.39408807051072
210_Wide,4,1570000000.0,0.8794630570535602,45.9933310760621,1.1866046451066443,-137.52360504740307
210_Wide,4,1580000000.0,1.0305030106916762,109.44479834565338,0.49179415443991165,166.3426346951211
210_Wide,4,1590000000.0,0.9196528500150429,21.312993034602354,1.124639411645797,53.68960246506825
210_Wide,4,1600000000.0,1.2675302166819356,-44.615811254373476,1.0160043759889765,-60.034349642846934
210_Wide,4,1610000000.0,1.1513881803437123,126.80587528018307,1.210047813123851,-47.9703107917879
210_Wide,4,1620000000.0,1.1301409693885276,54.67324084444956,0.8061875599821786,173.97620976830234
210_Wide,4,1630000000.0,0.41859280936172777,11.448594634932189,0.26733060193817,120.51892082122639
210_Wide,4,1640000000.0,1.251658484768606,-41.103345476383716,0.5132086810499439,-70.7534392826549
210_Wide,4,1650000000.0,0.6118273757923075,115.63747968554947,1.04885595403662,-67.13233380264785
210_Wide,4,1660000000.0,0.8126594211066095,86.91504322143476,0.6369506592541752,95.86933573956608
210_Wide,4,1670000000.0,0.35234901466787333,-23.288136496304173,0.6474802070568912,134.66211109213134
210_Wide,4,1680000000.0,0.4300215315915218,51.13856503848239,1.2339865627015945,-49.825239641558284
210_Wide,4,1690000000.0,0.8761099095564922,117.24857224427,1.1238200803541316,61.82035966007913
210_Wide,4,1700000000.0,0.8550956469726625,143.2014206233087,0.9400258441525868,-166.5358150723376
210_Wide,4,1710000000.0,0.454011733589286,-129.9941659466165,1.2383052415973337,-143.28591394712285
210_Wide,4,1720000000.0,0.24159127930594715,-61.778882083242294,1.172543961481446,54.19178668192785
210_Wide,4,1730000000.0,0.12228822298827097,-164.3883894109313,0.9163545240190726,60.366425603256566
210_Wide,4,1740000000.0,0.9661213058322271,111.40017974156632,0.7256142789048273,22.773202043157333
210_Wide,4,1750000000.0,1.1199672806686576,-40.14267263713925,0.662385646233914,-122.45717632141118
210_Wide,4,1760000000.0,0.42323238874012614,-77.09570269381355,1.2326945527545894,45.36184368066034
210_Wide,4,1770000000.0,0.8946967116616428,36.080289039877286,0.86790538700277,42.18001520999952
210_Wide,4,1780000000.0,1.101716091179189,-128.73159075887958,0.3277850179612509,12.947358762461743
210_Wide,4,1790000000.0,0.9741678266756171,-99.7101550332569,0.24695037593537303,140.54371171291007
210_Wide,4,1800000000.0,0.728020217067123,138.1160353534711,0.8710218846213883,154.78241828994894
210_Wide,4,1810000000.0,1.2287438998983717,42.9933824597875,0.5314804776252398,-45.961669984035076
210_Wide,4,1820000000.0,1.3308470937704968,-138.6290364232095,0.5200746435948933,-173.92672670095843
210_Wide,4,1830000000.0,1.0134572909669761,33.723246527593126,0.6961458682825199,157.1618100204067
210_Wide,4,1840000000.0,0.6013850034365774,121.4034126014803,0.5196050863629557,92.81168168260449
210_Wide,4,1850000000.0,0.35197312856761237,167.33016886304662,0.7455339747077524,-133.25441002714186
210_Wide,4,1860000000.0,0.8045035879063751,39.01154553930529,0.8703546867021867,-98.43354438374199
210_Wide,4,1870000000.0,0.760512653181508,45.81530082252763,0.8798332316322166,-56.38442833065143
210_Wide,4,1880000000.0,0.6024717888181349,98.62545155161456,0.8453388057641937,62.75013774390394
210_Wide,4,1890000000.0,0.717304868138581,121.70815992791533,0.7443251944738472,147.44569266161028
210_Wide,4,1900000000.0,0.8108391425261109,148.94242817615734,0.5946388905906649,35.90982730019797
210_Wide,4,1910000000.0,0.8372131023539414,48.24616481451228,0.6397897461394477,58.52434332409877
210_Wide,4,1920000000.0,0.5736291208317448,93.67865563040462,1.0662195237106167,-44.22794455785658
210_Wide,4,1930000000.0,1.1133311007645337,-144.38076182668075,1.2891365589795545,-43.12253773598705
210_Wide,4,1940000000.0,0.37754764846420585,-119.63504963425258,0.8511291313898256,57.585082581367175
210_Wide,4,1950000000.0,0.5424788437519047,158.9020917202766,0.8613252664293801,-59.905242732313624
210_Wide,4,1960000000.0,1.2549111255987238,142.33914917749544,0.36832568358509155,112.65892825654306
210_Wide,4,1970000000.0,0.4737478911423557,-5.443006681428443,0.7286096197588304,-27.214187703634547
210_Wide,4,1980000000.0,0.6812496636464447,-3.200153247594683,0.6960691747493645,-12.554358232438064
210_Wide,4,1990000000.0,0.9988664984752241,-25.746072431459154,0.560062861262429,-52.66383458773786
210_Wide,4,2000000000.0,0.9260906826541245,145.02714418032957,0.6793924298065506,-145.72449791804974
210_Wide,5,1000000000.0,0.6502309565642435,77.29779343972888,0.9194120024401908,-76.9059264722382
210_Wide,5,1010000000.0,0.5997892069234925,-163.6852049905329,1.0515294823089167,-152.16018322067612
210_Wide,5,1020000000.0,0.9541978859159518,-44.871793065632794,1.2053543339640331,-39.54413665962589
210_Wide,5,1030000000.0,1.2562785469044901,47.66644823792439,0.5905888106097894,166.9455209574943
210_Wide,5,1040000000.0,0.6244389311120795,-25.429668378054004,1.0936395636866536,54.930002654896455
210_Wide,5,1050000000.0,0.754200951240398,-0.7554562391033226,0.4314266638618409,-143.7239424285536
210_Wide,5,1060000000.0,0.31238822854137666,-173.25295649242173,0.5216472587622645,96.89817122788251
210_Wide,5,1070000000.0,0.5906149730101313,99.1719654170341,0.6886692754694592,33.500718840186586
210_Wide,5,1080000000.0,0.7205957840979611,43.67125542311359,0.9704177476062218,-35.524602019527194
210_Wide,5,1090000000.0,0.7626207186139807,46.679042988170174,0.6694913451659165,152.41377013459305
210_Wide,5,1100000000.0,0.5343385176081159,-16.71073434737313,1.1624535705206567,130.65668846887755
210_Wide,5,1110000000.0,0.8591137280884209,162.61978502699603,0.5114152047253638,27.05180934101762
210_Wide,5,1120000000.0,0.7056598713970375,-38.32348112873142,1.0449637131153278,150.5748700979801
210_Wide,5,1130000000.0,0.575863727791596,71.50410333244209,0.9248238489467114,144.57919267621938
210_Wide,5,1140000000.0,0.6010026406917605,-174.01017138578067,0.8664201793540408,65.37493726598517
210_Wide,5,1150000000.0,0.6627408031022123,-70.18676839871472,0.7152651033037488,117.09396902656025
210_Wide,5,1160000000.0,0.8473723451942891,171.48943019462587,1.067741919979466,123.75513640356941
210_Wide,5,1170000000.0,1.149949073915429,120.2600985074892,0.7379413459433729,-103.09446112433366
210_Wide,5,1180000000.0,0.513170829425534,-5.644913335752484,1.0235217834191932,153.39342323331812
210_Wide,5,1190000000.0,1.077756124205221,-143.64901662897145,1.040078930828664,-150.36178975691064
210_Wide,5,1200000000.0,0.8474830306943294,-100.49564990629537,0.7702963626168623,15.81023474876131
210_Wide,5,1210000000.0,0.8449700557485226,97.26634649023119,1.0122987815642805,-18.783639306352452
210_Wide,5,1220000000.0,1.151824510890217,-149.5753667244087,0.11149467354381586,112.79408007891644
210_Wide,5,1230000000.0,1.1384771545029737,-41.738128515107206,0.6736138637246397,170.9871719455297
210_Wide,5,1240000000.0,0.6784639368149096,-160.97342238859036,0.6754977282664738,174.83478110986636
210_Wide,5,1250000000.0,1.15915931441241,48.37774529449917,0.7899305351706077,-125.71431143559222
210_Wide,5,1260000000.0,0.6921194447728306,90.77870999804567,0.7906890489507535,3.2823525608832016
210_Wide,5,1270000000.0,0.38114337651205077,51.94577370786508,0.9710782322855228,-139.66264352392406
210_Wide,5,1280000000.0,0.7850303705462265,-115.59350813276629,0.9198573184680836,-40.449750300034495
210_Wide,5,1290000000.0,0.931318326796445,-165.94577221456885,0.8663655127262688,89.48744880047
210_Wide,5,1300000000.0,0.41377565332407334,67.54289354522345,1.1416290439014944,55.21253240750332
210_Wide,5,1310000000.0,0.99046426601672,38.39704564651359,0.6336519081362356,38.18485923336394
210_Wide,5,1320000000.0,0.3268000598498575,-165.57516820942087,0.5988957180831069,79.34372360867961
210_Wide,5,1330000000.0,0.9033350784885723,-66.63920397882461,1.037544405362039,-49.84755598513359
210_Wide,5,1340000000.0,0.40666353263315325,166.50271539952072,0.6997485746033343,35.76336825555363
210_Wide,5,1350000000.0,0.0688323818396392,144.98321028387005,0.2753129081090694,-9.726816422235578
210_Wide,5,1360000000.0,1.108480043934996,-28.88183455439991,0.5128388873599736,132.3726437124433
210_Wide,5,1370000000.0,1.0985960487627386,51.10352626407802,0.7332369113567255,61.337440477674356
210_Wide,5,1380000000.0,1.0642055112875075,48.72959130842948,0.5020593138489888,-103.90719580997788
210_Wide,5,1390000000.0,0.7518297069766834,-84.0407013168646,0.46515065782343556,173.64894439170013
210_Wide,5,1400000000.0,0.8299037348713625,15.35784495719328,0.682502668895996,-135.7084900461072
210_Wide,5,1410000000.0,1.252565697179004,134.24814999901497,0.7872707547421686,103.89439864197705
210_Wide,5,1420000000.0,0.5378102576252354,-170.39853594308013,0.6716202520444652,-37.866182839181384
210_Wide,5,1430000000.0,0.9471358291949687,-107.25076824463545,1.1572438840948676,-146.76963627595654
210_Wide,5,1440000000.0,0.2785471198818696,-58.18018848141298,1.0310245533745432,-58.32026256076391
210_Wide,5,1450000000.0,1.1586492617211488,52.81993283536791,0.5550683536507588,-85.97266544112692
210_Wide,5,1460000000.0,0.9465019802959795,-1.3843160711685694,1.00678459522683,-34.50352763109962
210_Wide,5,1470000000.0,0.6143106997936197,93.1124748566272,0.5033860483053859,143.26115770631458
210_Wide,5,1480000000.0,0.4503182881868505,-85.1094879527432,0.9560910909285307,-62.93779959754372
210_Wide,5,1490000000.0,1.0572165290235351,-50.622756622783555,0.768747117344511,75.01507854804517
210_Wide,5,1500000000.0,0.8326907080084871,-47.37641801602371,0.15766917815237022,-75.2897434198518
210_Wide,5,1510000000.0,0.41767863587433024,-56.48429242953824,0.278621727567176,132.28882097619777
210_Wide,5,1520000000.0,0.7209830994994361,-123.87913063310144,0.7988151345358074,-19.00828725708657
210_Wide,5,1530000000.0,0.8903872334996014,50.95106831713198,1.0595636438012606,66.34971711587949
210_Wide,5,1540000000.0,0.5163407586326253,3.630127970732533,0.5931063435314248,135.88874809892496
210_Wide,5,1550000000.0,0.8689731828878372,134.7008606855926,0.5955994027507396,125.34393541672391
210_Wide,5,1560000000.0,0.9406025624845686,-144.1450089718072,0.6974516669352855,-3.932381458954252
210_Wide,5,1570000000.0,0.8262515936453362,-96.7122420974298,0.7470326169331717,-122.35012932660536
210_Wide,5,1580000000.0,1.1255288201969176,-133.20953882939875,0.6679845094302828,120.56157072217512
210_Wide,5,1590000000.0,0.610899306613545,-2.450723682939188,0.4387578330235205,-27.95290918882782
210_Wide,5,1600000000.0,0.587936118647224,144.86450447880918,0.15652997693069956,179.7151894239313
210_Wide,5,1610000000.0,0.5441179683958974,-148.27617116806107,0.7778021664428475,93.4669587531457
210_Wide,5,1620000000.0,0.8494666002831925,-136.53183382808956,0.40317043806888886,-149.45741603237374
210_Wide,5,1630000000.0,0.6802601521124052,117.64641201563165,0.9915783894655069,130.59831700272062
210_Wide,5,1640000000.0,0.8776141688485523,-129.99175667556463,0.7508493295387892,67.87164764613637
210_Wide,5,1650000000.0,0.8551604730517177,100.47834089638341,0.5678252959333543,143.53963553300423
210_Wide,5,1660000000.0,0.9738083654146373,-2.715149950553977,1.18187358529823,135.98799594589983
210_Wide,5,1670000000.0,0.9380477073445582,-34.52907614045843,0.46827497606756646,98.30111791473485
210_Wide,5,1680000000.0,0.9878535682565855,6.327266616013101,0.8302639417603151,-127.73581099999856
210_Wide,5,1690000000.0,0.7578313644096358,159.7915265887466,0.6584075994381405,144.87214821838086
210_Wide,5,1700000000.0,0.6136429732093077,51.1471980595287,0.9203823318171841,-50.6166548690708
210_Wide,5,1710000000.0,0.6428997525236769,-55.88386708680745,0.5897130955129255,77.51204883081604
210_Wide,5,1720000000.0,1.244360289419146,-134.82456996605376,1.0502037369141057,-123.22276250173547
210_Wide,5,1730000000.0,0.7335966245891918,157.07568141532363,1.0489581759307018,-108.048696723121
210_Wide,5,1740000000.0,0.7234627898098953,24.482443080723947,0.7880009351367709,-36.61283104588439
210_Wide,5,1750000000.0,0.8741963055474108,8.598255548211954,0.88585893191956,-33.726377123447236
210_Wide,5,1760000000.0,0.7281455889484363,-165.6845525493025,0.9805909920997864,-132.81022134597316
210_Wide,5,1770000000.0,1.1333551883227493,-146.21752395648025,0.8079358812658449,51.807976052587364
210_Wide,5,1780000000.0,0.6155824060433365,-107.50168984423998,0.8822845321206436,33.40567576328749
210_Wide,5,1790000000.0,0.1809192127034523,-114.36555226702637,0.08687133653447605,57.982895439246974
210_Wide,5,1800000000.0,0.7327922696819936,118.41493157108788,0.8005816787937771,-14.191572468471355
210_Wide,5,1810000000.0,0.9710352980894044,-134.35135305066,1.005743716609312,-39.07493011335643
210_Wide,5,1820000000.0,0.46785107986207214,-107.07050699594373,1.089813725603492,147.4024547090735
210_Wide,5,1830000000.0,0.18040960315962876,72.45650281939741,0.6382104805061328,-162.24716616152824
210_Wide,5,1840000000.0,1.0622119473877523,-40.90373349182522,0.7740860038769813,-167.55977934216114
210_Wide,5,1850000000.0,0.9545833914362646,82.17447191895118,0.5449121040893075,107.37826292122627
210_Wide,5,1860000000.0,0.7269249249052039,117.19458629444827,0.5231823570713664,30.265789109585334
210_Wide,5,1870000000.0,0.7110765066105974,114.94847336525446,0.5420514483614416,74.03477778751042
210_Wide,5,1880000000.0,0.5244102257532918,-177.40009576138146,0.8315844498705722,111.75869155218872
210_Wide,5,1890000000.0,1.1022982306116076,133.88293827785193,1.042443663247132,-51.900047398702675
210_Wide,5,1900000000.0,0.7583584075380903,-46.40629732983216,0.7396257998215738,-154.12875514142908
210_Wide,5,1910000000.0,0.6812221257753832,-158.88732027201596,0.9353700359255263,96.10487725702816
210_Wide,5,1920000000.0,0.8812056753336033,-121.86046120088268,0.6210410637932485,-99.85203893531337
210_Wide,5,1930000000.0,0.6529954980348238,121.46785765619555,0.6505353481339988,-82.0668894915672
210_Wide,5,1940000000.0,0.9906483337501567,-127.6003231051691,1.0648072475416366,20.721598493775883
210_Wide,5,1950000000.0,1.1395406172595,142.318487326246,0.6645036999509644,124.53062360966095
210_Wide,5,1960000000.0,0.7276549859903039,161.2389210211517,0.5561206594974499,13.738348835927095
210_Wide,5,1970000000.0,0.8912516873983658,-88.5758321405109,0.9824121663511326,-86.87454014220465
210_Wide,5,1980000000.0,1.034395174375871,-119.88559551802888,0.6024532744728593,96.87538571505577
210_Wide,5,1990000000.0,0.6097411099421765,-137.64692099656207,0.8778625955873525,121.0872829650972
210_Wide,5,2000000000.0,1.234403039493383,45.16913460983129,0.9961112179826819,-130.76221508014262
210_Wide,6,1000000000.0,0.7645183409012726,-32.42348296900055,1.2999524886947178,40.965587542223275
210_Wide,6,1010000000.0,0.31161014063389364,-42.69271560502186,0.9500083874104341,6.342026860748058
210_Wide,6,1020000000.0,0.9664681704995663,164.41208985222096,0.5400603246165497,-177.4213435729231
210_Wide,6,1030000000.0,0.5612552137751439,167.24909057933652,0.6499932427250448,-43.99560268815866
210_Wide,6,1040000000.0,1.3168653482766477,47.877040170350064,0.605826398747334,-151.80630887660007
210_Wide,6,1050000000.0,0.8102372274477513,54.38537162460209,0.3497358384271596,-101.80093607148862
210_Wide,6,1060000000.0,0.5830031187186654,81.8704758876881,0.664861320837463,-45.17085262016302
210_Wide,6,1070000000.0,0.9919827367969355,-28.03721803742535,0.9218753359563078,85.08716957879437
210_Wide,6,1080000000.0,1.280876550152021,-44.64827688068302,0.2986730314759863,116.89948009368052
210_Wide,6,1090000000.0,1.1336484769730872,-34.72358180597891,0.6849207758335594,82.01601846617477
210_Wide,6,1100000000.0,0.2465496615251125,-22.18720473720244,0.765980107795875,66.93717989446414
210_Wide,6,1110000000.0,0.5126727464723924,-154.35956203715875,0.7153356268367965,-39.098594353166895
210_Wide,6,1120000000.0,0.6695801615038771,-174.6616386153587,0.622151472469103,93.48988373274629
210_Wide,6,1130000000.0,0.9449499478188533,118.95628256733549,0.6943657982104645,76.73145094778334
210_Wide,6,1140000000.0,0.47114639783262496,148.57860761827456,0.8018896321418388,-154.82897905411377
210_Wide,6,1150000000.0,1.0953052634939144,-141.37408569465987,1.233138751635772,-53.70775216770281
210_Wide,6,1160000000.0,0.3762359993985627,-177.0176921561708,0.6851230666230167,-16.843252526260482
210_Wide,6,1170000000.0,0.3735227137576576,144.27927504200764,0.8480810603689275,-179.88041979550349
210_Wide,6,1180000000.0,0.42247366732145075,-12.025728476878085,0.6211758717573069,-54.59619838531298
210_Wide,6,1190000000.0,0.9649574176929663,-127.44661148369606,0.8596087836674481,-65.20185943671441
210_Wide,6,1200000000.0,0.6585328027379177,-139.56407091532355,0.564379466101865,133.69765974930695
210_Wide,6,1210000000.0,0.8410345726662397,-52.50996509874165,0.6968428636503071,-9.030240278004374
210_Wide,6,1220000000.0,0.8721868333753288,-52.28410679585499,1.1891091540982668,125.28493571608925
210_Wide,6,1230000000.0,0.49304387581000325,-7.846174945108579,0.660680593535547,81.38983474615104
210_Wide,6,1240000000.0,0.8996252189022858,-49.234474520552354,0.17791779760488327,150.3808221404266
210_Wide,6,1250000000.0,0.9751669241182926,75.8269348804953,0.8762653534402765,45.59660878982119
210_Wide,6,1260000000.0,0.31235698756027647,30.018100007851025,1.1111088554173185,116.58408616348655
210_Wide,6,1270000000.0,0.3598661794517871,-133.59074052316186,0.923046358215604,-135.05189190875203
210_Wide,6,1280000000.0,0.9208454323386578,179.8566380309641,0.3576110341701696,5.4391289696726695
210_Wide,6,1290000000.0,0.921965526123635,55.009280596203475,1.1688609727285242,-141.6497383077235
210_Wide,6,1300000000.0,0.38747367570531327,-50.804978321135074,0.651820222426952,18.262059025099212
210_Wide,6,1310000000.0,0.2816882892791117,61.899932212054196,0.8894072783030589,-41.99710877649671
210_Wide,6,1320000000.0,0.2421956818900717,-42.70883483402934,0.924582981371527,29.6502092559676
210_Wide,6,1330000000.0,0.29766069948558266,152.10509190593314,0.542190638510073,-123.75543837526963
210_Wide,6,1340000000.0,1.061687302012416,-51.82548967956338,1.0036442778245647,-137.37339644921346
210_Wide,6,1350000000.0,0.9306034813243743,76.18530622339965,0.30328404988771607,-12.262284478947072
210_Wide,6,1360000000.0,0.6136980629667773,109.38457168963639,0.37409554361479885,16.06518921794148
210_Wide,6,1370000000.0,0.898703050383145,-45.201270898856954,0.6528912752887686,-47.650470842430856
210_Wide,6,1380000000.0,0.9503896103238352,-49.85058979421648,0.9946280448776963,84.17421975197236
210_Wide,6,1390000000.0,0.9024632561108789,-141.55224004652302,0.9401328872527992,-105.77122048614669
210_Wide,6,1400000000.0,0.9470554598009232,-74.97740935455798,0.258861421639594,128.85188099271068
210_Wide,6,1410000000.0,0.37260893573483966,-4.540373187445886,0.7723397405079577,-145.04018145544433
210_Wide,6,1420000000.0,1.1339506950667035,-140.4604821877966,0.7098070663965226,-174.84962043162014
210_Wide,6,1430000000.0,0.20678276968209647,173.64701033942967,0.7745071514522084,120.41550301475894
210_Wide,6,1440000000.0,1.0279316979796642,-147.1221434031503,0.6478484423292252,103.88961823577536
210_Wide,6,1450000000.0,0.871780806393456,-171.62421071250267,0.687378729181919,34.1480928654621
210_Wide,6,1460000000.0,0.19486687516331283,114.07383025233564,0.6229054878876716,-141.1144579096893
210_Wide,6,1470000000.0,0.8787825539877869,-14.898810706747975,0.405378041448456,-48.615814837073636
210_Wide,6,1480000000.0,0.36321045758578385,17.294468800678633,1.0996749615758208,50.843444542893174
210_Wide,6,1490000000.0,1.0189197253796427,-68.88523327340867,0.930720977721204,113.95469976550756
210_Wide,6,1500000000.0,0.8843849363261992,-64.50834787393596,0.8713272393841124,-55.073170580157765
210_Wide,6,1510000000.0,0.616062860158069,-85.50699463766297,0.4829414987265996,-121.97347570805917
210_Wide,6,1520000000.0,0.8915528309583272,-80.8990531141893,0.564571057652684,164.9383821468965
210_Wide,6,1530000000.0,0.9417764364146,-57.77092590226428,0.7072297420021183,163.921267779467
210_Wide,6,1540000000.0,0.6091252055505177,-106.5896968294314,0.8564328072592547,-7.786926215190125
210_Wide,6,1550000000.0,0.9494527880335042,87.95102864326965,0.6335996467179117,41.583522037040716
210_Wide,6,1560000000.0,0.8967250629248096,4.32842763486796,0.2898834466999496,102.63828897945164
210_Wide,6,1570000000.0,0.5944956203627545,-157.92596764998993,0.9392580591308213,-73.13116438785846
210_Wide,6,1580000000.0,1.0039720859688992,-83.16359206986182,0.9778692107455945,73.75344448394021
210_Wide,6,1590000000.0,0.5453638328767635,-97.68232205022348,0.7678489674969303,155.01629623721846
210_Wide,6,1600000000.0,0.7420762471093006,113.85944775589455,0.8298808800913942,39.28754051843289
210_Wide,6,1610000000.0,0.8380320664593862,-173.13696378990923,0.7048686525768647,-81.15657418244116
210_Wide,6,1620000000.0,1.0795286325292972,-125.19455273750445,0.6748370917565039,-23.925343764301054
210_Wide,6,1630000000.0,0.6859440805934953,138.49479079249275,0.620241689980588,-154.86319472514452
210_Wide,6,1640000000.0,0.5860558170581651,49.96422550900568,0.970541017762142,-152.22283456089806
210_Wide,6,1650000000.0,1.1739065353962805,-50.615137161251525,0.6499473509123216,-66.35222917590197
210_Wide,6,1660000000.0,0.4673683348637879,114.21485184365066,1.241431351096943,-142.56154261305292
210_Wide,6,1670000000.0,0.8844197711960704,150.45097656009736,1.0441757603083512,-42.81647796424339
210_Wide,6,1680000000.0,0.887201988864079,28.681734229149185,1.143196170786529,-45.9301707455242
210_Wide,6,1690000000.0,1.1734679230630347,47.46839661722604,0.6648074223880284,150.99246240298814
210_Wide,6,1700000000.0,0.9856164981574592,105.41621235632871,1.1097944159566302,-117.26431263246756
210_Wide,6,1710000000.0,0.6353478020543387,-130.76985930045075,0.7753125164663753,-150.95894680753142
210_Wide,6,1720000000.0,0.29646838195993397,141.06119573326572,0.7278376231045977,-172.7834061682321
210_Wide,6,1730000000.0,0.9086121396643607,176.38824079164422,0.2290623440411975,179.70930758427102
210_Wide,6,1740000000.0,0.748363639683503,-29.912294515051922,0.43082952446391115,-52.74397429390615
210_Wide,6,1750000000.0,0.8483754344837848,26.540171737035223,1.0047378298025842,82.4786948699814
210_Wide,6,1760000000.0,0.3382662949188641,-16.63667805883724,0.6946326437933346,-13.793704207711132
210_Wide,6,1770000000.0,0.9465213398117115,79.68276282987874,0.9664738549468429,-176.446037767126
210_Wide,6,1780000000.0,0.5238695519767118,49.28244741528766,0.8631239018839472,-46.445749297304495
210_Wide,6,1790000000.0,0.9761371059468027,143.6519374115315,0.6213091629018919,19.0498293465319
210_Wide,6,1800000000.0,0.6935712358335184,99.57777394426905,0.8866317209136316,133.65471399698922
210_Wide,6,1810000000.0,0.47995077720112667,68.15968666046216,0.920717415454161,-101.5046596722935
210_Wide,6,1820000000.0,0.49572775342114045,-5.512596014760449,1.2146805001028407,127.25664032623595
210_Wide,6,1830000000.0,1.2184155808857342,-43.59926486964712,0.8415819439269535,74.99263796758628
210_Wide,6,1840000000.0,0.9543733804519761,137.1389990065944,0.4627128717675407,-156.8864867690505
210_Wide,6,1850000000.0,0.7242229745290714,112.61902458416296,0.6201952343582203,26.889714293133213
210_Wide,6,1860000000.0,1.1027132959586943,-151.26460242449195,0.9111005516687106,122.43593637021775
210_Wide,6,1870000000.0,0.77251632806353,-46.15403767620053,0.6524052729803432,150.48236328053332
210_Wide,6,1880000000.0,0.6905950969519845,22.727943862624347,0.055057173124707356,-1.3869750734424608
210_Wide,6,1890000000.0,1.0285871468866097,-16.900685422867998,1.0340079634489001,46.34926488258549
210_Wide,6,1900000000.0,0.4089446713597804,79.74793531587365,0.6499985785232354,51.918188054514886
210_Wide,6,1910000000.0,0.9615412376259058,157.29252962732542,0.942913579808554,-108.70257680119555
210_Wide,6,1920000000.0,1.0606073367241218,62.120196039546144,0.5096524727061577,-133.6184394561996
210_Wide,6,1930000000.0,0.7219962143571848,162.88451806327862,0.611688829292606,-50.82708485674595
210_Wide,6,1940000000.0,0.8459688667986252,-179.47277380738507,0.8531569631033303,-46.40479490515346
210_Wide,6,1950000000.0,0.799402574354481,84.81585666525476,0.6298943952730303,58.63825638089701
210_Wide,6,1960000000.0,0.3305939741462361,110.09256855657358,0.8622431567114749,37.94708091806031
210_Wide,6,1970000000.0,1.2312573475089468,135.27771027578345,0.7425806933638663,87.10647835602425
210_Wide,6,1980000000.0,0.2523025926538332,-5.468098444414912,0.8777984405909631,-132.272662944752
210_Wide,6,1990000000.0,0.9391174894918867,-128.70014368117594,0.654776117213412,-38.98394050266984
210_Wide,6,2000000000.0,0.9541699052702463,-92.22503090232226,0.6235875786552264,-21.32774012856746
210_Wide,7,1000000000.0,1.2668458183764169,-46.62681749787309,0.8390488363742041,12.495017056996298
210_Wide,7,1010000000.0,0.7910664844614969,5.771081780593002,0.9073006967338016,45.36774329791208
210_Wide,7,1020000000.0,1.1702502980792777,56.10340414125711,0.9327959880812003,88.31570415305873
210_Wide,7,1030000000.0,0.5554797269751472,-172.11274182869292,0.27561448220682594,-135.2315512598879
210_Wide,7,1040000000.0,1.2099965011045237,47.06750908431445,0.7235130061367442,37.94578388199515
210_Wide,7,1050000000.0,0.7779655602062387,-25.506233113467047,0.8143165995538066,132.69644855335946
210_Wide,7,1060000000.0,0.4978014764878201,-148.53694569609652,0.6860829620902897,52.43010122587951
210_Wide,7,1070000000.0,1.0855337606855824,-144.8380798629256,0.8761470880896575,-141.60031127182515
210_Wide,7,1080000000.0,1.0892408394051274,-49.23975295270895,0.9312854305166199,-31.522732405602138
210_Wide,7,1090000000.0,0.8462170466565823,21.301536407047248,0.8464252082237994,14.552077528919321
210_Wide,7,1100000000.0,0.863014818417683,80.8277846996948,0.43698018708379816,-18.78393212060129
210_Wide,7,1110000000.0,0.878011620866968,-106.4724027359572,0.7609440513161226,-38.727248645052086
210_Wide,7,1120000000.0,0.8481413561901736,142.2187431120046,0.8423143339566441,151.35393605316656
210_Wide,7,1130000000.0,1.3589356959661343,133.09979493121028,0.630465899001664,-22.818917725973186
210_Wide,7,1140000000.0,0.7892859124452458,87.10822462439957,1.1236321014775508,-36.279049841954595
210_Wide,7,1150000000.0,1.1029065864448844,-48.394683818071314,1.001645205249102,-113.67619932418043
210_Wide,7,1160000000.0,0.36165810270298737,178.28490626569072,0.8017336465481416,0.7844732959225611
210_Wide,7,1170000000.0,1.092949359897588,43.90467778573371,1.093629233078226,149.73370627276773
210_Wide,7,1180000000.0,0.25173340241490355,50.497851995420575,0.6685019908376046,90.7077685388439
210_Wide,7,1190000000.0,0.808384235071485,120.50872555838363,0.7269140060211844,-154.09014752974483
210_Wide,7,1200000000.0,0.5674422423852082,-97.70984318339093,0.46673981285106597,156.11203090356886
210_Wide,7,1210000000.0,0.8994820149974225,159.26667671402515,0.9597148325334701,-80.42833038478068
210_Wide,7,1220000000.0,1.116308467693906,-140.11892749344548,0.7464156846344892,-150.10055208277427
210_Wide,7,1230000000.0,1.0140447462457522,30.552611849902252,0.7538810264613517,-97.26977287226609
210_Wide,7,1240000000.0,0.19485859916897788,-151.29156384976315,0.970411944456905,69.85805789205538
210_Wide,7,1250000000.0,0.8975774842187721,-150.27256175035814,0.9747666582651381,174.78848622728174
210_Wide,7,1260000000.0,0.7964223744386218,-69.05707444392378,0.6822623843938759,93.18372124713552
210_Wide,7,1270000000.0,1.210282515664859,128.4266258883307,0.6164890219815464,160.3897141779536
210_Wide,7,1280000000.0,0.7269689932451512,-116.97783526575877,1.2489150308325645,-139.75091426102057
210_Wide,7,1290000000.0,0.9454810841209644,110.18744618066175,0.363413110021529,-95.0566565492511
210_Wide,7,1300000000.0,0.7956006359863709,-56.5260213754119,1.0593180123711625,138.31034807750044
210_Wide,7,1310000000.0,0.8035020242148105,100.23511828314355,0.8227449991104779,-10.603851051378848
210_Wide,7,1320000000.0,0.5811264246463269,-116.98479155113857,1.0760052922199657,143.8588676332102
210_Wide,7,1330000000.0,0.801253850684038,176.65005560369374,1.001107709189051,124.78875470764363
210_Wide,7,1340000000.0,1.018372850404963,164.82074955393924,0.8276939961906126,-72.62982583126448
210_Wide,7,1350000000.0,0.6829088755504198,-165.7930727545063,0.7095160320028157,-64.76628665530036
210_Wide,7,1360000000.0,0.9154124913806742,121.60414108462567,0.5832605114913229,-72.23762663270654
210_Wide,7,1370000000.0,0.6335815679536012,165.25327069732498,1.210713014743735,-50.7095245191603
210_Wide,7,1380000000.0,0.9395898576300868,-68.52624239436399,0.7372416712944242,147.00095052124584
210_Wide,7,1390000000.0,0.7423750731933706,82.01387919321031,0.4036733146968374,0.46418349397644937
210_Wide,7,1400000000.0,0.7671025832884295,-146.0991451697966,1.0072485330212595,151.27462930741865
210_Wide,7,1410000000.0,1.1479490345100318,-49.59411907374097,1.0539748686238577,154.56053854823884
210_Wide,7,1420000000.0,0.40719529733481774,-136.736264976861,0.7104786097397862,59.42173552836706
210_Wide,7,1430000000.0,1.029958436217841,22.64551109101693,0.09859602418094375,2.572702623568245
210_Wide,7,1440000000.0,1.153860456590247,56.67769879359621,0.6603830881453613,-87.03139271252313
210_Wide,7,1450000000.0,0.3682787682419572,-106.15238134656333,1.1407507072661285,-49.636212521694276
210_Wide,7,1460000000.0,0.9085823541604708,21.48236197865814,0.39279563351884345,10.211833717290373
210_Wide,7,1470000000.0,0.6737873186332284,-74.85598953423589,0.7901853591844913,149.87959871848844
210_Wide,7,1480000000.0,0.6880686954205182,-144.70464102313628,0.31833887382704273,-85.89476795286195
210_Wide,7,1490000000.0,0.6202804295250526,17.97846451937176,0.8525441624364305,-1.6163987928287986
210_Wide,7,1500000000.0,0.9849461530680323,104.21507059878297,0.8842370531411388,-134.81864675260593
210_Wide,7,1510000000.0,0.389101859182588,-128.64809169243816,0.7556409657088059,139.6456482538943
210_Wide,7,1520000000.0,0.6004717789968843,-86.05910381849921,1.1156797052932474,-60.99209667261357
210_Wide,7,1530000000.0,0.8352717833692491,-176.2854257276595,0.32898601360465035,-39.620596508210475
210_Wide,7,1540000000.0,0.4967674673444775,179.6633138264613,0.7469695297322578,-12.13533514813455
210_Wide,7,1550000000.0,0.7653959627378961,135.02440998838875,0.8178246914811942,5.715471101764966
210_Wide,7,1560000000.0,0.21011495112286124,-61.17808931134164,0.8019552966911574,-149.6741841572414
210_Wide,7,1570000000.0,0.38813376533156524,46.89102341038055,0.9154242722885445,-98.31095523124749
210_Wide,7,1580000000.0,0.4502312179472937,38.491625600115974,0.9460189101925537,48.998133286053445
210_Wide,7,1590000000.0,1.081748646630039,-41.977807894505155,0.743048782430966,-168.13751559050365
210_Wide,7,1600000000.0,0.959393829384758,80.04514720829975,1.2816239958668394,44.01595498259079
210_Wide,7,1610000000.0,1.3402086205348018,137.25578787535912,0.981494433080561,-103.98574686126038
210_Wide,7,1620000000.0,0.569736350484983,150.71079506126813,0.8620627501399625,-151.00304936805537
210_Wide,7,1630000000.0,0.9757876748589371,83.7603519190078,1.3452778637509464,-134.13079479543126
210_Wide,7,1640000000.0,0.5425537205600262,-128.81392513422287,0.41379971093053003,-30.50839535075255
210_Wide,7,1650000000.0,0.05265886395503268,4.892224641404518,0.7312044404952553,155.52458575318104
210_Wide,7,1660000000.0,0.7164020780115582,-130.625875089534,0.7153529022459307,-16.649021295587655
210_Wide,7,1670000000.0,0.22064406043559953,48.53267685827412,0.38134153469446297,-179.86570667845768
210_Wide,7,1680000000.0,0.15537404695364826,-80.46659476802273,0.3677829303994645,-0.5859812674848346
210_Wide,7,1690000000.0,0.43071124476127526,119.63739107709911,0.7664695000233404,-101.96578913771923
210_Wide,7,1700000000.0,0.9523694800243554,134.26153004764367,0.9802144935346954,42.295252197305395
210_Wide,7,1710000000.0,1.0784676075910467,141.82175533837386,0.7279386097749131,-61.65935568269839
210_Wide,7,1720000000.0,0.5293022457531864,-37.2485327483016,0.6457730182611978,116.25902012291738
210_Wide,7,1730000000.0,0.828994308469153,-47.71938727322345,1.079276104638334,-22.648519177981512
210_Wide,7,1740000000.0,1.052531206522271,108.9207522792635,0.9101895183350613,58.32281021226338
210_Wide,7,1750000000.0,1.1781481618341376,-32.67652360881054,0.6409956952648911,-22.558282276960337
210_Wide,7,1760000000.0,0.7935161678228637,46.02140336454781,0.6808008338799671,109.42512227951147
210_Wide,7,1770000000.0,0.7511655686798522,3.555149893180854,0.07247998283947818,9.960640060345527
210_Wide,7,1780000000.0,0.8717017640234447,-170.69662682897635,0.4464251305397251,99.40545385993495
210_Wide,7,1790000000.0,0.9879135946145959,110.04212796602654,1.1665707497235405,127.21283355614742
210_Wide,7,1800000000.0,0.2927702251396385,-48.326011930665,0.7613581065375314,43.48885731675573
210_Wide,7,1810000000.0,0.6268981065697994,-141.51151877092212,0.9150273121283578,90.98690067008721
210_Wide,7,1820000000.0,0.4224079072772957,40.825430720846896,0.9936808745668007,29.234089556760765
210_Wide,7,1830000000.0,0.9142580740776594,-112.77626462494331,0.39534079726113236,-60.19325721055067
210_Wide,7,1840000000.0,0.9267674252087537,47.25630842070159,1.3615077362019274,-44.97655836481026
210_Wide,7,1850000000.0,0.4963121044167184,-39.84643696035556,0.8642946618145745,113.59624265871322
210_Wide,7,1860000000.0,0.5501178400542525,178.16732037612445,0.4623137316503483,-172.1030376817035
210_Wide,7,1870000000.0,0.9743186558214576,38.686789544968974,0.9901696308730645,24.603290560031404
210_Wide,7,1880000000.0,0.7038108956394447,-74.94576961824897,0.9448147740607767,154.13941323550569
210_Wide,7,1890000000.0,0.9462886260279467,69.02527549174805,0.8728911994469727,89.60330342085365
210_Wide,7,1900000000.0,0.3124930516460057,-83.90739302188338,0.6070115638402408,-81.1156081826162
210_Wide,7,1910000000.0,0.29316396210541507,172.24483804732506,0.9119832749283083,70.6382703885086
210_Wide,7,1920000000.0,0.423963863377534,-29.924179744859565,0.6032471520521046,-106.12435220561736
210_Wide,7,1930000000.0,1.0280306158437456,-56.602109599984935,1.3159437733292285,-47.63340442988996
210_Wide,7,1940000000.0,0.5272809809090522,-89.2644557200938,0.6045279234324537,102.61688951765301
210_Wide,7,1950000000.0,0.6050258770143931,-74.79988313598334,0.41692042997592005,117.48338970619264
210_Wide,7,1960000000.0,0.7483996647042112,-172.02700716153913,0.5648536526720997,131.20393164249214
210_Wide,7,1970000000.0,1.0311183014473664,-20.38830524369677,1.1895552459876506,53.73052249738431
210_Wide,7,1980000000.0,0.9697681064516511,129.51637587496586,0.9294509866528664,146.09485746281234
210_Wide,7,1990000000.0,0.921114670063357,34.41561049901129,0.2226661681437545,112.31039317804331
210_Wide,7,2000000000.0,0.8260315612467453,123.4940955982516,0.18758764904865768,-79.01757089453601
210_Wide,8,1000000000.0,0.7543507537653162,59.719973259446846,0.4684280358723567,-26.926419305872646
210_Wide,8,1010000000.0,0.9835940080943367,-160.39326020252062,0.9857982459093446,118.6169782615111
210_Wide,8,1020000000.0,0.987185846624976,-0.7347144420045176,0.5394063848550292,124.03431420578225
210_Wide,8,1030000000.0,0.814650037261818,-70.12768206643436,1.1991500241786275,135.65396332696875
210_Wide,8,1040000000.0,0.6967528461834432,-113.07316302745555,0.9266011103448389,-89.82689312491287
210_Wide,8,1050000000.0,0.45232841057171463,-166.95355330293307,1.0721482971722553,-32.22471955460346
210_Wide,8,1060000000.0,0.37833340788694153,145.84970636997,0.47184079200676043,85.98367500191733
210_Wide,8,1070000000.0,0.41720947994738744,-160.79225923041406,0.9878744609770307,-152.99429010506825
210_Wide,8,1080000000.0,1.2144092920391314,-47.17960269964271,0.9023731888843589,-50.514430800975816
210_Wide,8,1090000000.0,1.0568473033894894,-61.605530711148624,0.5892914126602203,84.43509716569993
210_Wide,8,1100000000.0,1.2207005293355535,51.54454289121731,1.0319414638020301,28.40743534984243
210_Wide,8,1110000000.0,0.5447344859015775,147.45113422850218,0.5099436735484033,-8.178321102425427
210_Wide,8,1120000000.0,0.2867001269867363,-138.21207727943047,0.5068419703552791,-30.60830566774745
210_Wide,8,1130000000.0,0.8620814726122542,-43.75031251744486,1.1416075514819377,-129.47575056199798
210_Wide,8,1140000000.0,0.6370692011983641,-145.93914476089515,1.1794208627938378,-145.59457425012553
210_Wide,8,1150000000.0,1.0980474938561104,120.67498972492747,0.5138433440594535,159.68098878511998
210_Wide,8,1160000000.0,0.3367934206992743,56.98769888100126,0.7141697104966795,156.64640012692652
210_Wide,8,1170000000.0,0.895526569788407,18.736844489515466,0.4030009369986453,8.050847241849075
210_Wide,8,1180000000.0,0.8056452442372458,-126.3965388366246,0.3139414958229427,153.35813869593133
210_Wide,8,1190000000.0,0.7543931524349455,98.17523248058188,0.7142720890931924,-124.28739236450767
210_Wide,8,1200000000.0,0.5419335008740505,-110.66042480531567,0.22184652467146923,-142.54743215280445
210_Wide,8,1210000000.0,1.030553177732192,-133.72289169816307,1.225899676846994,134.09146997981236
210_Wide,8,1220000000.0,0.2052399039870202,112.09369370761561,0.5573343401497578,41.250068322957304
210_Wide,8,1230000000.0,0.9319593928011638,0.3015171766067314,0.2960631008890228,30.154701019081976
210_Wide,8,1240000000.0,1.119464785169251,62.07002458302535,0.7544299048168797,22.733924659702154
210_Wide,8,1250000000.0,0.7594735838837708,-12.762546400031596,0.8591960838628616,-39.99230519884544
210_Wide,8,1260000000.0,0.6174596434417202,-113.56488458896933,1.1479047180365916,45.497861701698966
210_Wide,8,1270000000.0,0.9858255803281833,-101.60333810583538,1.2551791919384625,133.75901280959314
210_Wide,8,1280000000.0,0.9437594464049321,110.41485296354514,0.7928099639209036,-65.18388140262785
210_Wide,8,1290000000.0,1.1205934567311542,29.468028148294767,0.3429732011413151,-106.08392813590591
210_Wide,8,1300000000.0,0.699916748652879,3.2380779405213014,0.27614955997050883,-149.00882739734573
210_Wide,8,1310000000.0,0.9494581556889842,-138.07779471805847,0.6919702370095668,-145.05506271134595
210_Wide,8,1320000000.0,0.7091922194272974,-19.218834481542228,0.9625703625842279,-86.44229536528717
210_Wide,8,1330000000.0,0.7042230995031663,-128.06760924014816,0.29711906561838947,137.23464708850918
210_Wide,8,1340000000.0,0.6194368973772815,178.12907084037474,0.677725961449824,-35.1175586209376
210_Wide,8,1350000000.0,0.535581070680065,-25.07508323061534,0.480771827643137,-80.41187913320972
210_Wide,8,1360000000.0,0.36399869770756005,-72.59660343304166,0.5400521036664253,-179.79429026840373
210_Wide,8,1370000000.0,0.3206788645992918,-82.08995400788272,0.22476448080487252,-25.292361666335474
210_Wide,8,1380000000.0,0.9702184594488593,153.02630188105243,0.9367224604092623,170.27777041725557
210_Wide,8,1390000000.0,0.9990444223530072,-113.71570772650408,0.7429238339835451,94.95444052780698
210_Wide,8,1400000000.0,0.9115529980968969,-134.3621568267682,0.9025290552269273,2.9379412947242325
210_Wide,8,1410000000.0,0.9538307198442095,-47.957664021576726,0.9457118412919311,-162.4535644084862
210_Wide,8,1420000000.0,0.4691531210369719,-125.34603236554668,0.918283945993353,7.583268491607209
210_Wide,8,1430000000.0,0.45464180393586595,-174.33908785466926,0.2690711808561337,160.50251544639573
210_Wide,8,1440000000.0,0.7531077752860674,28.61285043687593,0.8449439466508949,-145.51361862832331
210_Wide,8,1450000000.0,0.3552860208834954,-71.8205161803953,0.9871161454723949,173.69568350331085
210_Wide,8,1460000000.0,0.46891984478860427,-88.19112474261632,0.9145179071044686,37.364522129033844
210_Wide,8,1470000000.0,0.32306224579929993,-18.621913203165008,0.35388232453937274,-101.12401618250706
210_Wide,8,1480000000.0,0.38963213114410966,-58.65830149074234,1.3268151152976282,41.793842894580294
210_Wide,8,1490000000.0,0.5307698042455925,75.23732136174539,1.0731006886109486,-35.44057764545543
210_Wide,8,1500000000.0,0.9951839768401283,145.61846303915212,0.7598416418430846,-113.34568541329654
210_Wide,8,1510000000.0,0.6440815634624346,1.305248527841393,0.4403410509373044,-52.503474063069106
210_Wide,8,1520000000.0,0.5462553593698347,175.12980545748286,0.3881248408825358,-109.52406313268939
210_Wide,8,1530000000.0,0.37791195433247315,108.00521663986083,0.6584296912728064,-112.35513030908733
210_Wide,8,1540000000.0,0.9674178541438153,-92.72510055381672,0.24508169373933167,154.14564301611455
210_Wide,8,1550000000.0,0.9871524016291416,-124.85513559026754,1.3156735189172446,46.43861784483192
210_Wide,8,1560000000.0,1.1589833446324649,-133.85102718809233,0.8015208075413158,-111.25493128929985
210_Wide,8,1570000000.0,0.19483401900962993,17.837538355600408,0.24922331119875285,-76.47140366135466
210_Wide,8,1580000000.0,0.8857927953945391,-95.53887251383057,0.8725929305785453,10.247498015762059
210_Wide,8,1590000000.0,1.218354703213759,-143.93073170132985,1.0235799387671958,-143.95327921636215
210_Wide,8,1600000000.0,0.8669117287197193,31.368014799203653,0.731941221822793,113.2425564828481
210_Wide,8,1610000000.0,0.770140874267971,17.981973286851186,0.18996549517199032,-26.643821150199436
210_Wide,8,1620000000.0,0.9873014506348249,-172.37147639843644,1.1706421973988241,-131.40004074002997
210_Wide,8,1630000000.0,0.8499669384667002,81.98829257244249,1.1090206409950671,37.07789859820854
210_Wide,8,1640000000.0,0.8787193613818761,-100.03572931737027,0.5003303080744842,-145.36196554031218
210_Wide,8,1650000000.0,0.6076793950460392,57.987710749079326,0.3773644619545961,6.1935132365313965
210_Wide,8,1660000000.0,1.1304539741158641,-58.91795005045542,0.30287846195024354,-105.87327032708262
210_Wide,8,1670000000.0,1.0533884330620318,111.15626244445501,0.9061329044328807,6.909445479383605
210_Wide,8,1680000000.0,0.27279903795231963,-84.8082467651726,0.7625974660721442,-129.4296360779361
210_Wide,8,1690000000.0,0.9251568669010971,-23.60595726428924,0.7808315727681191,120.07475308123902
210_Wide,8,1700000000.0,0.6120886871920396,-30.6677480149595,0.3939966084812532,140.97286183043522
210_Wide,8,1710000000.0,0.4047634887236689,165.74666205379074,0.8629076759865748,-58.42250696935983
210_Wide,8,1720000000.0,0.6597842621675842,44.38161552191363,1.0132526655852268,-45.48672029099496
210_Wide,8,1730000000.0,0.843002082096909,-30.205282666643146,0.8244933821972703,150.52627290574583
210_Wide,8,1740000000.0,0.39867605295334535,-7.844315333916026,0.39660278281170247,-9.639707575318145
210_Wide,8,1750000000.0,0.5019024655859186,-55.14112284808358,0.7423203442178739,157.39235710150552
210_Wide,8,1760000000.0,0.45118704050183445,64.19126978757993,0.3406071437824452,-149.8620752164397
210_Wide,8,1770000000.0,0.23379899033148974,-161.04777969689306,1.0252598458596205,74.52989908799873
210_Wide,8,1780000000.0,0.9493319172501513,-29.05998542314608,0.666547146940841,-118.72618324541136
210_Wide,8,1790000000.0,0.30255854479659294,122.2492818732058,0.4121703741185732,134.96340393314486
210_Wide,8,1800000000.0,1.1164600446481885,-118.58032773308322,1.0605496682045104,140.3702315914037
210_Wide,8,1810000000.0,0.5136451817923938,154.37157827363566,0.2940517427766961,83.66193967944736
210_Wide,8,1820000000.0,0.8305280770917088,-134.87178513063262,0.3879110158881565,-100.82813899605084
210_Wide,8,1830000000.0,0.7885466304310474,146.22581033701115,0.7863098647678736,-42.09559426239781
210_Wide,8,1840000000.0,1.109335140172904,-128.7198304689855,1.0511278055774078,-114.19344450490775
210_Wide,8,1850000000.0,0.2615456236762262,-141.13068383875125,0.963874636465752,-118.31928250569553
210_Wide,8,1860000000.0,0.8380450632517419,-166.76241309491954,0.8563814317594105,-67.64639428029022
210_Wide,8,1870000000.0,0.8952227610747249,-169.51700577566575,1.0741003684162997,24.459710714851347
210_Wide,8,1880000000.0,1.0835102674593653,127.64114584599706,0.48415987001335226,9.41750169533527
210_Wide,8,1890000000.0,1.014242942901719,136.29324510447367,0.9359165450559488,-156.11903288560293
210_Wide,8,1900000000.0,1.0410467958503242,65.60417720801081,1.0512530003968088,-70.77379415210713
210_Wide,8,1910000000.0,0.36332033003438163,-153.1231183851798,1.0407829534875268,46.59686668924001
210_Wide,8,1920000000.0,0.20878459427292392,157.8804776531203,1.0710247395530457,27.27892924599261
210_Wide,8,1930000000.0,0.11538205147410766,26.428668600516804,0.4961050999738363,174.53221930476087
210_Wide,8,1940000000.0,0.7099199766202197,-21.190337232462017,0.8279098054674232,1.6848041473451585
210_Wide,8,1950000000.0,0.9430675367695625,129.89411293741654,0.9132734187954918,122.33575560956707
210_Wide,8,1960000000.0,1.0329677370562649,-46.787455977668536,0.5726317012873698,123.94335546214855
210_Wide,8,1970000000.0,1.061177308081466,-142.2140817784381,1.0188919762880628,12.258961854271597
210_Wide,8,1980000000.0,0.4222221754104904,147.35039705664798,0.397977057900462,140.89270545099208
210_Wide,8,1990000000.0,1.2723778808529056,-50.432558276371935,0.10927590702616675,-34.76202451441144
210_Wide,8,2000000000.0,0.8066995547747051,-123.2835715151314,0.76311643480532,-62.053338181599926
210_Wide,9,1000000000.0,0.925632083806113,12.158720375443915,0.678485583895654,-67.45388468497568
210_Wide,9,1010000000.0,0.89825478432975,17.592756797274593,0.9313339678362229,-170.2565766986854
210_Wide,9,1020000000.0,0.9723931450876115,-37.257615026256865,0.14371863575982047,-171.43211444010402
210_Wide,9,1030000000.0,0.747802921172044,99.12304182102815,0.9970380698373492,129.69669949692235
210_Wide,9,1040000000.0,1.1634264448217801,34.57610806805383,0.9731466195452473,157.38803461230845
210_Wide,9,1050000000.0,0.9857967852324683,-143.16459326317445,0.8997564209932548,-97.00487278735064
210_Wide,9,1060000000.0,0.8142236727682292,-65.69145816235736,0.8037771244715379,1.7732527521253465
210_Wide,9,1070000000.0,0.9128627376580151,16.239516676765366,0.9563112712671539,173.24939257273624
210_Wide,9,1080000000.0,1.2378017290039753,47.64850369768846,0.3146293916328265,-56.697905292430974
210_Wide,9,1090000000.0,0.7099687086795782,-11.46750740987931,1.154750303301032,-52.24192205597234
210_Wide,9,1100000000.0,0.9146286135522378,133.9664726998104,0.7749626078389512,-101.73895401528708
210_Wide,9,1110000000.0,0.9049623911052984,142.23412451707466,0.5722460508169704,45.84174762671179
210_Wide,9,1120000000.0,0.4392301201814739,66.32717152654783,0.5247542814170999,28.570546812398188
210_Wide,9,1130000000.0,0.6680110544914376,33.838645303307175,0.9984323839339012,157.29243426362177
210_Wide,9,1140000000.0,1.0052713857431503,53.75259049188484,0.30464060978380986,17.518704714736874
210_Wide,9,1150000000.0,0.9550793890008056,-123.24912593259147,1.0681404977255786,-21.207487724855227
210_Wide,9,1160000000.0,0.38361693550918163,139.25297987719128,0.982821314506194,57.71739799981499
210_Wide,9,1170000000.0,1.1888942727400806,-45.359350182415696,0.4883652765110658,-94.23930443197862
210_Wide,9,1180000000.0,1.1968676952740738,48.36722439398054,0.9449000674978116,-90.06665358532646
210_Wide,9,1190000000.0,0.6557688028574558,91.08753928671318,0.505284108984042,63.001937099262555
210_Wide,9,1200000000.0,0.5000591319429769,70.29094381742773,0.37824844641108407,-140.2092808453426
210_Wide,9,1210000000.0,0.9993524619570593,-32.886224819687875,1.0047865795393756,139.31048591108234
210_Wide,9,1220000000.0,0.9847429994939325,147.986327699625,1.016587838036905,-104.82554524626819
210_Wide,9,1230000000.0,1.156979210629455,-149.03983368942943,0.6772812146743962,170.35616045227576
210_Wide,9,1240000000.0,0.8541285120078327,-150.83149262163653,0.6372866779342223,119.56382495539081
210_Wide,9,1250000000.0,0.48630785319660885,-16.159910564572584,0.5550569372278163,91.0336197642846
210_Wide,9,1260000000.0,0.4432772225919079,51.2538792614736,0.20647443808117844,-73.6636948419463
210_Wide,9,1270000000.0,0.5269664748697339,110.81680239249891,1.0730636998341228,68.31460021798888
210_Wide,9,1280000000.0,0.7847654832190151,40.474458776239175,0.7651138797651924,23.872948164691337
210_Wide,9,1290000000.0,0.6519414572875442,160.4480179781256,0.5057577392741094,16.274738060317656
210_Wide,9,1300000000.0,0.7928658746593857,-128.9584772522274,1.026074973170038,19.351900507395765
210_Wide,9,1310000000.0,0.7517214797429651,-66.5565977850573,1.0221574375471316,-67.22747937922736
210_Wide,9,1320000000.0,0.13793861983586742,-147.49678636644236,1.2510391322263426,128.61550051999257
210_Wide,9,1330000000.0,1.0171947553894642,62.86157058848972,0.7149314544619912,103.67108924037368
210_Wide,9,1340000000.0,0.9100130061415165,-45.43185241567614,0.9200396574168725,139.80670999757194
210_Wide,9,1350000000.0,0.966614656850162,-95.30561453348817,0.7475138330998331,21.764700735746363
210_Wide,9,1360000000.0,0.8072215478726015,-151.83441928722957,0.44477239416917747,36.66901145579587
210_Wide,9,1370000000.0,0.6628619823337175,-171.36549255587101,0.7902645341860013,168.98997119269043
210_Wide,9,1380000000.0,1.1918676793003755,-40.88400350999475,0.738388828706861,-121.21479014225949
210_Wide,9,1390000000.0,1.2731615037903072,-43.76993613634121,0.8477181975696985,92.72594022639431
210_Wide,9,1400000000.0,0.536853062692453,156.19371061063978,0.9092468432553521,41.44209012159153
210_Wide,9,1410000000.0,1.2429539216664087,-45.86408000194428,1.1586030579774944,140.65373602112618
210_Wide,9,1420000000.0,1.097065186405034,-144.23968610402937,1.3575346498978287,-46.98087583681956
210_Wide,9,1430000000.0,0.9366308441877227,-65.8178262754288,0.7986534252634135,143.778274529405
210_Wide,9,1440000000.0,0.8082216692607869,-114.75632057917885,0.647865000138328,2.9167793671471833
210_Wide,9,1450000000.0,0.6694725279172283,-133.82308667619372,0.8241794663962306,-154.93676193973644
210_Wide,9,1460000000.0,0.904559344008517,3.940624723786235,0.8458349168136781,-130.57599415225928
210_Wide,9,1470000000.0,0.39101780721382234,52.96682796361207,0.6138225767996625,-59.90993854272893
210_Wide,9,1480000000.0,0.5990933253085622,-104.87447397542958,1.2008422875221982,37.086026084566
210_Wide,9,1490000000.0,1.2029740395787574,138.59989800980057,0.5072020139075027,1.294660859837589
210_Wide,9,1500000000.0,1.146831884530135,138.55979229967045,0.9589584747279972,39.51449864741021
210_Wide,9,1510000000.0,0.30618352433336826,177.86093260494653,0.17763839300485984,101.33873582107925
210_Wide,9,1520000000.0,0.9366503670792742,173.00850273458306,0.9262618284721713,106.30257417758172
210_Wide,9,1530000000.0,0.2587571835599668,-179.1855372732137,0.7816942215692352,-2.3000528915166867
210_Wide,9,1540000000.0,0.9567849701950731,107.83735498320502,0.9146314929077197,72.46266491855188
210_Wide,9,1550000000.0,0.7490997462002218,-60.10655948425651,0.9342830327956914,172.81072767445855
210_Wide,9,1560000000.0,1.109495118692845,153.29784349862223,1.2147990073679953,43.03190664312671
210_Wide,9,1570000000.0,0.8388236167818526,170.04112524139916,0.8803402700659514,-83.08220482721508
210_Wide,9,1580000000.0,0.964248283375814,155.6645531448787,1.1258078716100095,140.50251054681542
210_Wide,9,1590000000.0,1.1355769570154488,-140.776177716502,0.9881953170914066,73.22810296155176
210_Wide,9,1600000000.0,0.7939212577799115,-169.91779648584733,1.0777999500919893,-28.014466609353388
210_Wide,9,1610000000.0,0.9614637379385536,-144.75103059120735,1.0526974737019505,-154.50845842871695
210_Wide,9,1620000000.0,0.39390890164383435,-92.15113204914466,1.0740379664877342,-43.412151386227535
210_Wide,9,1630000000.0,1.3471879570503864,132.68837495516595,0.9121909678415329,-32.11222052521047
210_Wide,9,1640000000.0,0.5860464386216411,13.001500050980807,1.2246623362516098,47.30778842893087
210_Wide,9,1650000000.0,0.45105031367281995,-19.85110103838476,1.1883940266026751,-47.36584774147134
210_Wide,9,1660000000.0,0.6167483094622522,67.69816694644567,0.811158328096612,130.14842108455426
210_Wide,9,1670000000.0,0.6081063346939685,43.92072555925635,0.2204568663019345,26.15610939107499
210_Wide,9,1680000000.0,0.281373797800322,124.21975298751167,0.38487871698415066,-179.03770496330117
210_Wide,9,1690000000.0,0.7870302303374977,36.270523732215786,0.9610907443388347,-135.32278009087406
210_Wide,9,1700000000.0,0.9856769448709991,160.9480407824315,0.937883906417905,12.779349524615762
210_Wide,9,1710000000.0,0.5401073976326008,-115.29469384901466,1.1419483756225792,39.70455113367708
210_Wide,9,1720000000.0,1.1099628385083102,-41.327689984619276,0.25428869112462216,-16.783421805675097
210_Wide,9,1730000000.0,1.007816018173839,-167.39419216819195,0.7549307309631302,16.09200588278647
210_Wide,9,1740000000.0,0.6907387496661938,126.11447977900919,1.1483978709761096,130.05941812809746
210_Wide,9,1750000000.0,0.6261878923744427,-13.24069733414248,0.7563671841959796,-138.28645976870447
210_Wide,9,1760000000.0,0.4892778609976077,-22.599785158191946,0.2371843505868824,113.61058174957795
210_Wide,9,1770000000.0,1.0890637143062738,-60.555444292141274,0.8174386502451602,125.24904578177951
210_Wide,9,1780000000.0,1.0175219874732397,42.95199779448478,1.1261125374329377,-50.031197795242065
210_Wide,9,1790000000.0,0.22605992169146036,-170.45723789843086,1.030387498042907,-157.7228391760369
210_Wide,9,1800000000.0,0.4131606041102396,89.26579929786298,0.8041187153165219,-105.51155151592536
210_Wide,9,1810000000.0,0.6488998775164265,171.50230458892162,0.7842987440294829,-79.63969368224011
210_Wide,9,1820000000.0,0.6657979997108098,48.766308623468255,0.8359980185599266,-39.97444176802555
210_Wide,9,1830000000.0,0.6030983175602042,139.62659431276327,0.9965926694067828,48.026916463323914
210_Wide,9,1840000000.0,0.8846238017223975,157.01351767322333,0.7246387005090033,-67.70816883390329
210_Wide,9,1850000000.0,0.9002109571799923,-100.46249144153046,0.9004307680893577,57.9285038400009
210_Wide,9,1860000000.0,0.49699713147955416,59.38278241185109,1.0824131605053118,41.36571780134721
210_Wide,9,1870000000.0,0.583591859217159,-120.02406452490666,0.8346248186308416,-49.177623017124674
210_Wide,9,1880000000.0,1.1769595858777078,-129.00871045310012,0.9206687386988666,-61.74648821665826
210_Wide,9,1890000000.0,0.7369818193544072,170.6060476432475,1.061986454319195,-149.92557949776375
210_Wide,9,1900000000.0,0.9725786038478215,-90.68356219419486,1.0857585629529756,-26.12679971004524
210_Wide,9,1910000000.0,1.0676012610706398,-28.248967408273632,1.1493331206310324,120.44260435994032
210_Wide,9,1920000000.0,0.4525507606948884,77.85733244226283,0.7023922829369632,-162.57199428759534
210_Wide,9,1930000000.0,0.34047161654818253,-151.07539659360822,0.8674825243674449,-6.01032424086399
210_Wide,9,1940000000.0,0.22608682818745232,-50.29236583669327,0.9766077883929303,114.94837447097466
210_Wide,9,1950000000.0,0.8827671306601687,124.56157780416055,0.5034199723018257,159.60504853582086
210_Wide,9,1960000000.0,1.1670131292646972,33.980844753059216,0.6627797352361697,65.293890629361
210_Wide,9,1970000000.0,0.6274416464258789,-90.54783760254722,0.5078916162010391,-146.60575029865544
210_Wide,9,1980000000.0,0.3806183984065019,-67.82054543667587,0.7945308433180291,78.3543747001153
210_Wide,9,1990000000.0,0.8596451441982058,-52.588540056707316,0.7424941353583706,150.0050670981768
210_Wide,9,2000000000.0,0.5412338248396837,-132.63229876060424,0.11771541838598132,128.40011774999127
210_Wide,10,1000000000.0,1.1032412558145344,-130.76728998107475,1.094820838447985,119.90937097484887
210_Wide,10,1010000000.0,1.0318446859223847,-146.93776830874515,0.5434898704696036,-73.84017568038449
210_Wide,10,1020000000.0,0.6662867404679651,-49.92149521130718,0.5914482253036746,155.00844273142616
210_Wide,10,1030000000.0,1.1137197770892986,-41.72015384205628,1.1389473677477369,57.557363511444834
210_Wide,10,1040000000.0,0.7516772740219818,-174.84841599692163,0.9900960899382715,-111.6648931145217
210_Wide,10,1050000000.0,1.2305830110879243,-141.29480909110134,0.8622499350914553,111.81035829516405
210_Wide,10,1060000000.0,0.7042438398061859,-121.2623395386106,1.1503172777169262,44.07992914238513
210_Wide,10,1070000000.0,1.2961008212508291,138.03209235998122,0.7321342027998468,109.00187900763447
210_Wide,10,1080000000.0,0.8451288941475278,-95.2287297344042,0.5238667014159093,-4.2204527171443535
210_Wide,10,1090000000.0,0.8411196675213631,-93.74759972880433,0.6951218207152351,-172.22191619293815
210_Wide,10,1100000000.0,0.3254107909784896,-172.93769006551787,0.5137640287072788,7.523737500731199
210_Wide,10,1110000000.0,0.32015320492118865,1.8973925112492387,1.0945294236092749,43.966120076646774
210_Wide,10,1120000000.0,0.30345233385210535,77.64572241569097,0.24160393093984917,-59.70685767755113
210_Wide,10,1130000000.0,0.7246790128564176,-6.30660341897954,0.9824096138692828,113.0026996643998
210_Wide,10,1140000000.0,0.5274366395243766,-155.67662253113102,0.9622004263039733,-27.486591241970153
210_Wide,10,1150000000.0,0.8283158671028712,114.91727593913805,0.5482070081004515,-70.09296098046465
210_Wide,10,1160000000.0,0.33879942334152674,109.28892793555457,0.7135224436293496,-57.60862475106142
210_Wide,10,1170000000.0,0.6364731923430882,-22.3006094070133,0.6560439310647597,103.61233751598279
210_Wide,10,1180000000.0,0.7714586244750999,96.55672596197914,0.8051446957232042,-145.1990410233563
210_Wide,10,1190000000.0,0.9985560301292438,134.3601539438372,1.0223913291431652,-113.57584849170804
210_Wide,10,1200000000.0,0.9798710067902967,-140.13243301275446,0.7768468124094707,-77.91751935162212
210_Wide,10,1210000000.0,0.960057342210678,19.117546588146908,0.7361485277785441,122.61121650561414
210_Wide,10,1220000000.0,0.37710464630812235,89.74821856447124,0.923108238046879,148.22740774000889
210_Wide,10,1230000000.0,0.07797595552327981,-40.70579364971052,1.1090215277837423,-50.49666406881963
210_Wide,10,1240000000.0,0.8005843457102053,10.680052336255102,0.971048612966508,95.42367855519406
210_Wide,10,1250000000.0,0.7497438407134654,-158.72951065215224,0.7598411439441104,-54.596667685084356
210_Wide,10,1260000000.0,0.5299770990744667,160.90668778162302,1.2139973815536484,-144.34870176702972
210_Wide,10,1270000000.0,0.4743678661733808,-39.95395458489507,0.6529238629445953,93.69137216225351
210_Wide,10,1280000000.0,1.1827728205759265,-142.4980586177735,0.7348650604488559,38.17981012709942
210_Wide,10,1290000000.0,1.1237093587168105,-39.97679033660472,0.40140811425538825,37.84937173515112
210_Wide,10,1300000000.0,0.9596028017821624,63.39142138444747,0.950929022212916,-119.40711563878965
210_Wide,10,1310000000.0,0.5248604502202021,114.31274484142112,0.37919379984571744,-113.80828788214255
210_Wide,10,1320000000.0,0.9611681509793779,-115.54261810601747,0.8794414994375026,-167.08901728207994
210_Wide,10,1330000000.0,0.43338360795472725,71.89128396768139,0.07705770133797686,-34.93236209784464
210_Wide,10,1340000000.0,1.1166120875672227,-28.69340853354855,0.7536143092410165,-149.73276708388292
210_Wide,10,1350000000.0,1.2240973454979924,38.53168501387458,0.7223672585745557,40.65795209151771
210_Wide,10,1360000000.0,1.0556870495445818,132.850804173641,0.9759391759534254,-31.347025274211823
210_Wide,10,1370000000.0,0.9575483165918004,94.65811846392691,0.8703699629474335,172.51666104124112
210_Wide,10,1380000000.0,0.7023036011140483,-47.09579808107738,0.43414003679572694,152.98525820788592
210_Wide,10,1390000000.0,0.8573920817384665,52.95306083887981,0.952996558412227,1.6152097694385645
210_Wide,10,1400000000.0,0.6932796420046852,18.08876307651528,0.859815949263664,-16.117713714524363
210_Wide,10,1410000000.0,0.8491770042883141,12.85122544542249,0.9778563864368599,-13.435830786048667
210_Wide,10,1420000000.0,0.574281863161064,95.22046057665726,0.7433767695283711,-111.05276027237724
210_Wide,10,1430000000.0,0.7282983704845081,-65.25978382095133,0.9979927668743934,-106.96810943678965
210_Wide,10,1440000000.0,1.062593857752207,115.12262039578876,0.9044291055076253,135.2795569645496
210_Wide,10,1450000000.0,1.12862502960991,35.63229696452542,0.38355330780492486,132.83793698751833
210_Wide,10,1460000000.0,0.5218120946214313,-90.05005026420014,0.44194494065907797,32.94280944915449
210_Wide,10,1470000000.0,0.39135355553853474,-79.10139530647707,0.5677446167239633,30.25401482678397
210_Wide,10,1480000000.0,1.220078955458977,-54.66091053375266,1.000002133856638,148.96220198204983
210_Wide,10,1490000000.0,0.9917450546728784,-178.99186376090674,0.0652496360545781,98.57275757304535
210_Wide,10,1500000000.0,0.7784501607592025,53.79876567215315,1.0304054413012198,-129.30366094814636
210_Wide,10,1510000000.0,0.8521581361923142,-34.784147174401696,1.0859506061564088,-37.16853050788046
210_Wide,10,1520000000.0,1.1522639922105917,42.511882734160984,0.8264564045326825,165.98734721580294
210_Wide,10,1530000000.0,0.41861153828141623,-16.912150958229105,1.1008607871669684,46.907218368808486
210_Wide,10,1540000000.0,0.23442294806529293,-174.36118759370845,0.9579786406519152,-95.5919363910943
210_Wide,10,1550000000.0,0.426036088120973,-150.522501628061,0.4051883339824913,61.883493327128406
210_Wide,10,1560000000.0,0.6616117767917518,108.60363514352117,0.7283072567750724,78.52833888941933
210_Wide,10,1570000000.0,0.6540394768614419,24.303169083981434,1.259866326247951,47.097992442824115
210_Wide,10,1580000000.0,0.9686933800494603,-137.0806304566391,0.8541147009461573,9.083578881191212
210_Wide,10,1590000000.0,0.5265361900956582,-96.558744661644,0.9754690731701658,170.5859142774756
210_Wide,10,1600000000.0,0.9414316769057693,-51.20913347289811,1.114448381430761,150.05343417081394
210_Wide,10,1610000000.0,0.7562326622141105,114.67571954959136,0.501574485038589,105.08396025701919
210_Wide,10,1620000000.0,0.899529159235582,-34.55478290151332,0.5297995359483113,-90.00097109556859
210_Wide,10,1630000000.0,0.3357700852787758,-169.9005152499785,1.039744443993234,-116.40082148867926
210_Wide,10,1640000000.0,0.28184122676774226,-90.68671427142735,0.19074586123492357,-145.6033915320406
210_Wide,10,1650000000.0,0.6443260308455112,90.46195447395749,0.5926712893247887,-173.78455427473662
210_Wide,10,1660000000.0,0.5117065392057893,-170.02330681343813,0.7156975947421976,-78.2400345814996
210_Wide,10,1670000000.0,0.5172526519637919,123.08579387421571,0.7556405437622223,110.4330114471224
210_Wide,10,1680000000.0,0.6268868461317301,-83.56757908510372,0.2556723128056186,59.4894553523714
210_Wide,10,1690000000.0,0.6763743869417231,-17.972216064678324,0.9390927509361118,-88.84218884911951
210_Wide,10,1700000000.0,0.5613707294040876,119.6515028951562,0.8123848792430287,-136.08992238395587
210_Wide,10,1710000000.0,1.0210857456133982,114.53874739814175,1.0474879393949672,-31.119915626471336
210_Wide,10,1720000000.0,0.989526332138207,-171.251112834948,0.6375779080663356,-80.40060989145368
210_Wide,10,1730000000.0,0.7753718002176816,-112.87736597421642,1.1007351959888612,-43.06622376943674
210_Wide,10,1740000000.0,0.38673779807527076,141.65648458808107,0.16360598433625412,107.37429778831535
210_Wide,10,1750000000.0,0.75786153952368,119.84142078267323,0.3623986442065175,-50.9977955685717
210_Wide,10,1760000000.0,0.6377467294698298,-177.28449248965947,0.30767813038523006,-20.09569428902877
210_Wide,10,1770000000.0,1.0234435338764214,39.877130781391294,0.7485226273967351,-114.63082168774666
210_Wide,10,1780000000.0,0.404026476845496,-138.0387418758777,0.424064220013339,-85.38458095252561
210_Wide,10,1790000000.0,0.42428407092911974,-142.22151210195972,0.5934380310702398,-120.30454872780052
210_Wide,10,1800000000.0,0.7999750208740455,20.690917759317564,0.5675820585175407,156.67926524195656
210_Wide,10,1810000000.0,0.6995835900755337,44.15350388291663,0.9821934653934297,14.410169048638876
210_Wide,10,1820000000.0,0.15035835254632587,-41.812858624553044,0.7874753239111708,-2.146992494401144
210_Wide,10,1830000000.0,0.32011431757436315,-63.00924402473768,0.25215630561512536,86.54523855750983
210_Wide,10,1840000000.0,0.9105425471952328,-138.09317767713182,1.0031648169746266,-155.24936723736863
210_Wide,10,1850000000.0,0.2716971690210108,114.85445358689184,1.0444547233066417,129.38999675958712
210_Wide,10,1860000000.0,0.4984093434227864,85.45084600643416,1.024164975578858,56.57839123808067
210_Wide,10,1870000000.0,0.611673382101051,-45.609573566871454,0.8524573210053058,-94.14223355460089
210_Wide,10,1880000000.0,0.5732217008748692,63.84219182591069,0.47541381178377823,149.96953042334377
210_Wide,10,1890000000.0,0.6831993288461863,-24.97942754602425,1.0373374157326147,-116.77639961810205
210_Wide,10,1900000000.0,0.9615286859081884,-74.24729009930788,0.9111948615647567,-171.77264923616158
210_Wide,10,1910000000.0,0.5917345959244787,106.8403672801331,0.488757804435348,0.6110228737363202
210_Wide,10,1920000000.0,0.5597059597133037,-95.74980628452985,0.2900192172761841,-160.1306901284541
210_Wide,10,1930000000.0,0.616534739738317,150.7517495306487,0.9699961867437763,-41.50190713241916
210_Wide,10,1940000000.0,0.6637097760983827,-96.31062785644036,0.37539153871130304,106.80683759236663
210_Wide,10,1950000000.0,0.6274841886377416,14.788269397007156,0.5407120839579139,11.144965683860544
210_Wide,10,1960000000.0,1.0975337200319744,36.74616179476381,0.6319670706321647,-95.57358009648541
210_Wide,10,1970000000.0,1.1854452062654062,-125.61910082515308,0.6262835996898205,-168.52023781426783
210_Wide,10,1980000000.0,0.7357635096043529,-177.04017986788946,0.619358999492759,33.36480675601124
210_Wide,10,1990000000.0,0.8922952682630567,145.83431560143606,1.0067249345509905,47.124858367490205
210_Wide,10,2000000000.0,0.5767896741692164,-97.15054312541952,0.6805612671172678,-15.600024200680812
210_Narrow,1,1000000000.0,0.42808831745491455,-41.6794361926529,0.8849423172646899,84.31337938957768
210_Narrow,1,1010000000.0,0.3066654848658542,-140.5924426151369,1.0878112873314865,141.46067596719436
210_Narrow,1,1020000000.0,0.6697430473067829,-58.6366685121653,0.47156634283799315,-143.159144121677
210_Narrow,1,1030000000.0,0.6089923087000546,25.16343014287602,1.187119825019983,-136.05809381678256
210_Narrow,1,1040000000.0,0.5371993684648716,-79.81628475484902,0.5310138264844113,84.54153438737846
210_Narrow,1,1050000000.0,1.0894903932723363,134.11450835580433,0.9280644574007582,-158.44571682423808
210_Narrow,1,1060000000.0,0.9886781950742357,80.84543074618016,0.524219070202583,-125.93307968539703
210_Narrow,1,1070000000.0,0.7451276225862634,115.22024647976787,0.8003523505113865,-148.10506053609166
210_Narrow,1,1080000000.0,0.7449809669691432,160.0585277667801,0.8573869263807283,72.3955902971834
210_Narrow,1,1090000000.0,0.7517217442447743,146.38992073361692,1.0829979003996733,-28.941152831280963
210_Narrow,1,1100000000.0,0.6495199264633514,-131.4451030223876,0.528022444809481,-160.98092723467622
210_Narrow,1,1110000000.0,0.849897079224646,121.81500658152504,1.0413288979004138,-134.1807811641735
210_Narrow,1,1120000000.0,0.514634553966545,138.04753538153466,0.7601237406106455,160.5309026749489
210_Narrow,1,1130000000.0,0.5899118045994527,98.79931261453012,0.7565194823721423,-145.59362232828713
210_Narrow,1,1140000000.0,0.4925424990375691,18.386863744450775,1.0217157448531264,-133.77709221633663
210_Narrow,1,1150000000.0,1.0374484438897102,-160.87376673380132,0.5375884873730327,-9.672824811591944
210_Narrow,1,1160000000.0,0.5252546541354084,-120.37065044184739,0.709207564791012,52.93059753997278
210_Narrow,1,1170000000.0,0.969962777509792,-165.74730567710697,1.1565658000238013,40.87753330000743
210_Narrow,1,1180000000.0,0.740278358460715,86.0666939972792,0.8096269419734647,-117.39763333487285
210_Narrow,1,1190000000.0,1.0727420752147183,-59.00224193540491,0.8671378635963425,-11.008905462320595
210_Narrow,1,1200000000.0,0.6481102817068369,79.16860906156002,0.7330833757393606,-11.9432005526707
210_Narrow,1,1210000000.0,0.6637090749024216,90.58326781292324,0.5158863744903859,13.250279584814383
210_Narrow,1,1220000000.0,0.5838299532095115,-68.41852650863943,1.1054068251353015,152.78318898025424
210_Narrow,1,1230000000.0,0.8883332263119407,177.32579098290182,0.8814535159118664,148.94597666466407
210_Narrow,1,1240000000.0,1.0590114978922376,117.44007556624103,0.9001465166058589,-168.7940269186062
210_Narrow,1,1250000000.0,0.08342801969072214,30.724548559015197,0.6076295098050082,65.37987806802876
210_Narrow,1,1260000000.0,0.8992165819211931,-102.78860392924412,1.24102724406256,-138.36067158683915
210_Narrow,1,1270000000.0,0.7840850672888249,-121.96607664497992,0.1893210236370914,-54.13954203779638
210_Narrow,1,1280000000.0,1.018995901445339,131.8367736051649,0.6588029571692103,171.637980149262
210_Narrow,1,1290000000.0,0.8066735273567658,177.71745454558678,0.9340120831882535,10.821860724681814
210_Narrow,1,1300000000.0,0.5842012995513456,40.82172023405221,0.13547689353372094,-82.31770907914219
210_Narrow,1,1310000000.0,0.8166847592015722,92.33182727727278,1.311959019892175,43.79858453622171
210_Narrow,1,1320000000.0,0.8652284963880452,175.07815117492825,0.5616342732751349,-120.59012216366068
210_Narrow,1,1330000000.0,0.730930680829028,-28.804061505529432,0.9088932422064636,-175.81029325096216
210_Narrow,1,1340000000.0,0.5279761134420028,-122.44098225285909,0.9761487687377043,169.76682763995913
210_Narrow,1,1350000000.0,0.9752124634571586,-41.181842335646564,1.2890989261638295,42.40609453519757
210_Narrow,1,1360000000.0,1.2074085483196788,132.792170137862,0.9449237933353942,174.37327533703728
210_Narrow,1,1370000000.0,0.8682975915522108,-119.44007035823066,0.6617492823338403,35.363388120569184
210_Narrow,1,1380000000.0,0.3269110992274615,-65.19104281481663,1.1887549743777717,-129.2360021903668
210_Narrow,1,1390000000.0,0.7815762565903197,-73.07043842235785,0.6635466503208118,5.969703079739561
210_Narrow,1,1400000000.0,1.3266692576256214,-42.25393077357383,0.21088797883358884,-124.3978791122999
210_Narrow,1,1410000000.0,0.8954071489649026,66.98043243279683,0.8044602650128294,160.06657505172527
210_Narrow,1,1420000000.0,1.0740762302419034,49.95885583885894,0.9800184571722202,126.87069692176553
210_Narrow,1,1430000000.0,0.9223537821308269,154.12614407770104,0.9929524401121759,3.2731916520708264
210_Narrow,1,1440000000.0,0.6930571751831702,116.03282282200901,0.4412484387503966,150.3256212797003
210_Narrow,1,1450000000.0,0.7583038001045823,-0.6781735235637875,1.1666155512190717,-131.60931919728017
210_Narrow,1,1460000000.0,0.5032300908228124,167.58281985549004,0.47703264417438956,-100.7964442941187
210_Narrow,1,1470000000.0,1.1230222004710397,131.95273944051618,1.0100587823975262,66.38220284933773
210_Narrow,1,1480000000.0,1.0958551475462068,58.69506989262199,1.0276663435489033,-67.39236630208367
210_Narrow,1,1490000000.0,1.0574942888279788,56.62869974701792,0.7457874149266205,6.41720783198484
210_Narrow,1,1500000000.0,0.9890963226966305,-90.0500835665902,0.9333646228474203,-73.43467221911655
210_Narrow,1,1510000000.0,0.968771611232979,91.89557828938649,0.7632636763047012,-159.06662320856609
210_Narrow,1,1520000000.0,0.2543546090780158,84.17879076644353,1.157693668694046,144.96143154048798
210_Narrow,1,1530000000.0,0.7920468023686471,-104.85791847816971,1.3202911761330625,45.52092882477969
210_Narrow,1,1540000000.0,1.0221898634200601,106.64534134557343,0.5545905461133877,76.87981969962202
210_Narrow,1,1550000000.0,0.5080554398967682,117.80664189433729,1.2471661859295837,-50.30684647368067
210_Narrow,1,1560000000.0,0.5395010767305481,-11.844746931193935,0.44522460805385006,-94.61262414645574
210_Narrow,1,1570000000.0,0.6002674815247498,51.832990313237254,0.6033725724728425,116.5733286671991
210_Narrow,1,1580000000.0,1.1692989883947218,123.4106612599791,0.8374935961839731,-68.4659839768264
210_Narrow,1,1590000000.0,1.2984098041476435,-138.1601660238157,0.25854150833981265,-113.67718149347179
210_Narrow,1,1600000000.0,0.3317732149608327,25.276514399205592,0.677540792498703,21.997129567490227
210_Narrow,1,1610000000.0,0.945996487480694,89.50234223603043,0.6293852115578704,54.13642250788808
210_Narrow,1,1620000000.0,0.452750611309915,-142.65900931331836,0.8915548146136449,-46.42702958974649
210_Narrow,1,1630000000.0,0.7123657506664427,-142.84266398848285,1.342349150169192,-136.6626484029921
210_Narrow,1,1640000000.0,0.7212801945021267,98.1947013321459,0.7601151429481218,23.83508881480852
210_Narrow,1,1650000000.0,0.492902409963944,-100.12063822599818,0.505607736044786,-45.651558616096494
210_Narrow,1,1660000000.0,0.045066151426312505,168.8656251025711,0.6711854923086447,115.93164956962434
210_Narrow,1,1670000000.0,0.27246729539899694,1.8570162841801563,0.8772549345858711,-72.56610017636082
210_Narrow,1,1680000000.0,1.2246949150192827,-47.62990647420987,1.3531471158208108,-133.06631668831918
210_Narrow,1,1690000000.0,0.8478921209832486,88.90021903434047,0.4992469988843288,-73.96226428244347
210_Narrow,1,1700000000.0,1.0587018893744446,-130.62498588916085,0.8535113349875049,91.58870314976579
210_Narrow,1,1710000000.0,0.37075280477659595,154.06468060985873,0.8920018469242702,140.8241278484882
210_Narrow,1,1720000000.0,0.6784139441271322,79.98915534277933,1.0609387197716866,-69.29467438202708
210_Narrow,1,1730000000.0,1.0511464082555797,-124.9739367825064,0.19264752466384677,-90.78255544087222
210_Narrow,1,1740000000.0,0.4089173182462726,166.6333400741003,0.9761027254822543,122.69891695905318
210_Narrow,1,1750000000.0,0.43528088524776737,83.68109070254256,0.5975677401602,32.476700539856466
210_Narrow,1,1760000000.0,0.5610497295349187,-46.60299577249491,0.42895216851246676,156.97944006909952
210_Narrow,1,1770000000.0,1.0420726567858032,143.4918635565309,1.2443327441924157,-137.09530102416062
210_Narrow,1,1780000000.0,0.5141254431373558,-36.723320412371514,0.3235227912266237,-90.87315130595759
210_Narrow,1,1790000000.0,0.9599418504728008,148.03333956975743,0.6532570372878285,-95.90686606247439
210_Narrow,1,1800000000.0,0.6709331958905441,143.06086726393616,0.4826369824850863,-138.62774818260047
210_Narrow,1,1810000000.0,0.968359280363622,-59.59225155756139,0.9157225604688887,-141.67026226889658
210_Narrow,1,1820000000.0,0.790884444704875,-34.206262589100774,1.016407172063234,-46.78917014965673
210_Narrow,1,1830000000.0,0.5787160000572206,-4.886860815098961,0.698069311526956,-97.88311414786465
210_Narrow,1,1840000000.0,0.6692001960572543,16.00943574291478,1.0191153532701829,-28.99423881652384
210_Narrow,1,1850000000.0,0.7410532364165158,95.35117527366076,0.6668433071378992,-7.123495613374543
210_Narrow,1,1860000000.0,0.6391102119698815,10.684880544186385,1.2341981334594407,37.261269123943094
210_Narrow,1,1870000000.0,0.9770685087194431,-161.88058568789484,1.1029558559585997,-62.04544694972087
210_Narrow,1,1880000000.0,1.1366673364947992,-41.34519070425417,1.2858113289471935,-49.56875060016201
210_Narrow,1,1890000000.0,0.7022468431244923,-89.08646609435837,0.7646925429728403,-82.27152738523776
210_Narrow,1,1900000000.0,0.7665612169312378,-176.8888432941555,1.0379143501274848,-134.5358649651113
210_Narrow,1,1910000000.0,1.150599378634604,-30.44788258881104,0.6944434742559886,-11.989206318673778
210_Narrow,1,1920000000.0,0.6197391731895759,-169.18024150081476,0.8942281664199894,-74.6414131139592
210_Narrow,1,1930000000.0,0.874313124998368,-74.16355586621542,0.39442516302219144,71.18141246787046
210_Narrow,1,1940000000.0,0.8805643460821724,73.32101323987116,0.8650543587954965,-134.74930026241339
210_Narrow,1,1950000000.0,0.9615287618177297,115.85049531029554,1.2045198322585247,-51.7750123407384
210_Narrow,1,1960000000.0,1.1512296302457679,-48.805496049177464,0.5428562104180695,107.3371819182624
210_Narrow,1,1970000000.0,0.5017574554512084,24.46038166337476,1.1832105402249478,43.898126499713484
210_Narrow,1,1980000000.0,0.781472830963934,-27.700965444317337,1.0578404303520772,-58.85877342415948
210_Narrow,1,1990000000.0,0.690818500796415,-69.02666328229729,0.4124833282784971,118.44282162489176
210_Narrow,1,2000000000.0,0.9661139598000938,157.9163069218492,0.7827888373654702,-51.429921806361406
210_Narrow,2,1000000000.0,0.6320976548772912,-69.70756131349398,1.319933533739832,-136.04993629581412
210_Narrow,2,1010000000.0,0.7619208897350119,-32.646788137501545,0.8743452535633014,-105.17037113287248
210_Narrow,2,1020000000.0,1.1398326592913046,-124.43696082945242,0.4801195683247762,13.870681199417035
210_Narrow,2,1030000000.0,0.9098364976850429,77.29883385100423,0.9749110855100083,-155.1501920953581
210_Narrow,2,1040000000.0,0.957525123430945,-83.55993043942088,0.8788539070177583,95.21867991783432
210_Narrow,2,1050000000.0,0.4050299562139221,-142.4830767395394,1.130418829862304,121.08766642540022
210_Narrow,2,1060000000.0,0.5563342200454214,-152.62725230642982,0.798744733830094,123.53636737775506
210_Narrow,2,1070000000.0,1.193991542863998,49.61956144238689,0.9168667370809415,-108.74197502531648
210_Narrow,2,1080000000.0,1.2473425053431608,142.43542165389024,0.8378091991842624,-4.59032891452769
210_Narrow,2,1090000000.0,0.6919616011828827,-116.45897358423002,0.45813521678504127,-31.880748854048175
210_Narrow,2,1100000000.0,1.2379025712745964,-131.59184883078345,0.8272809875260497,2.7980387902971295
210_Narrow,2,1110000000.0,0.4698476106884645,68.33332431523469,0.8155745503590426,-21.55033835333482
210_Narrow,2,1120000000.0,0.15180842611250367,112.21266348425118,0.3992371047917526,-54.62518464835605
210_Narrow,2,1130000000.0,0.5555435512777285,-60.2789055940418,0.9408467950578818,13.240087102674151
210_Narrow,2,1140000000.0,1.1856996486259854,-54.53688077205438,0.15129216136074358,31.183991500029702
210_Narrow,2,1150000000.0,0.3750685041095087,-25.551887194178608,0.5241510934542702,34.225889066936425
210_Narrow,2,1160000000.0,0.4620024459852536,112.03143752489366,0.6860834744824366,17.61912097939955
210_Narrow,2,1170000000.0,1.0954046719087909,43.314365960729006,0.661769674886435,147.22008515729027
210_Narrow,2,1180000000.0,0.7626580197242819,110.95889641558504,1.0039340890972686,-79.53025999170286
210_Narrow,2,1190000000.0,0.7357506571896726,-105.52980373642359,0.342759228808712,107.70058746550299
210_Narrow,2,1200000000.0,1.0096971353346942,-162.10851637879222,0.8576302403978353,-125.10072654759648
210_Narrow,2,1210000000.0,0.5840269958509136,11.293200109719729,0.5095464984852831,63.66344099969178
210_Narrow,2,1220000000.0,0.5492311361015387,24.961593232959814,0.7512713474049664,33.75386108805155
210_Narrow,2,1230000000.0,0.8541009378924584,122.7392499376325,0.461880938356253,-62.47914688039311
210_Narrow,2,1240000000.0,1.041967531052467,39.15229399513802,0.718687205342492,-127.01420439177703
210_Narrow,2,1250000000.0,0.5857038270571792,-176.20256667289377,0.7815770569756922,-8.798999366879178
210_Narrow,2,1260000000.0,0.3890182888830534,-19.846112452788223,0.627924419287353,-116.77306486635192
210_Narrow,2,1270000000.0,0.7358193273167807,-92.33932069319236,0.6525553142061554,119.70303373865217
210_Narrow,2,1280000000.0,0.48279918092713203,51.9354393497341,0.3399747459056352,144.52949927524455
210_Narrow,2,1290000000.0,0.9725179124017123,25.33355560716506,0.6918224824785879,9.101138169477164
210_Narrow,2,1300000000.0,0.7003458734116229,-88.49225589868061,0.37266849850563133,-105.66339667085423
210_Narrow,2,1310000000.0,0.9314998102462327,125.63957112607869,1.027171178066145,21.404714976100994
210_Narrow,2,1320000000.0,0.6558378933847122,-103.87568964287664,0.3019380973769834,61.71428003260705
210_Narrow,2,1330000000.0,0.8424255761116646,31.056725952123422,0.21401080304134718,-111.81604143601993
210_Narrow,2,1340000000.0,1.1437436174053939,59.71597756142671,0.5746773821625673,-14.433058389944371
210_Narrow,2,1350000000.0,0.9631343124197143,-67.71434818811619,0.8403147510500795,-45.21004239577051
210_Narrow,2,1360000000.0,0.42116509968407945,12.159220802527521,0.6758012650478856,-101.99718855627148
210_Narrow,2,1370000000.0,0.3361767250027452,46.47125334232971,0.68761069163155,-69.5661334175427
210_Narrow,2,1380000000.0,1.1735861594444836,138.6239824181018,0.7466051070635112,-99.30291955131474
210_Narrow,2,1390000000.0,0.6608441405554195,-23.10467671988914,0.6530653543829941,105.65771523770343
210_Narrow,2,1400000000.0,1.106766674876415,-25.937561756391794,0.9276553263334439,-6.369041209465036
210_Narrow,2,1410000000.0,0.8380427068714978,124.94186841130296,0.26502863313442804,176.033866754838
210_Narrow,2,1420000000.0,0.7780204362188724,68.15126742641895,0.11290994678679897,-148.07345206047438
210_Narrow,2,1430000000.0,0.9056138636921885,-51.71432715868175,1.2684546323674812,133.27344114320414
210_Narrow,2,1440000000.0,1.0133976899404722,-154.73989461705318,0.26692272716098026,86.20213033426462
210_Narrow,2,1450000000.0,1.0515692546658475,-109.15564427237011,0.5365771335283317,130.42559655120237
210_Narrow,2,1460000000.0,1.1098598828997783,54.66990941850114,1.2111554014584285,132.40582218074746
210_Narrow,2,1470000000.0,1.299313748118283,-49.63122991133398,0.6061588110146896,139.20870436453612
210_Narrow,2,1480000000.0,0.9750655499756251,-129.4651693229643,0.49120339655077117,78.42919280762187
210_Narrow,2,1490000000.0,0.8288374464816722,53.38989246952153,0.12895515024075238,154.46322595270718
210_Narrow,2,1500000000.0,0.6132151118448803,-32.441656732617055,0.7490010678258358,-34.19253632856299
210_Narrow,2,1510000000.0,0.7178534983625863,-1.6360521509431265,1.2486730709414993,-38.11912503793669
210_Narrow,2,1520000000.0,1.017236572627229,-78.01166703864607,1.0202408846144122,145.30687769036703
210_Narrow,2,1530000000.0,0.5493242790646514,164.76581353268654,0.6723865828786676,88.23616683001381
210_Narrow,2,1540000000.0,0.723565959641772,-121.76318795109538,1.1930011283386786,125.70078321284151
210_Narrow,2,1550000000.0,0.3262527283728542,161.41875411973942,0.9920713390431357,-178.78356084539914
210_Narrow,2,1560000000.0,1.392632452239692,-45.65185044219626,0.5511025203474247,-92.25022907113222
210_Narrow,2,1570000000.0,0.6511539842578233,173.80944949010185,0.6031693301349,-32.547939663661666
210_Narrow,2,1580000000.0,0.37927463740612183,70.31513076124945,1.1263180542191369,119.26112795383396
210_Narrow,2,1590000000.0,0.5988388953742912,-61.67778363764424,0.7345129983301204,63.73571574111266
210_Narrow,2,1600000000.0,0.22960382836038465,-143.38922782098044,0.7097834209718861,108.69531127610117
210_Narrow,2,1610000000.0,0.6249225082978758,-108.23688872464182,1.162446528607209,-135.7564291807023
210_Narrow,2,1620000000.0,1.0986820998979496,-131.6870630060181,0.7766053734439216,-130.2942668068095
210_Narrow,2,1630000000.0,0.8789425756268279,21.679383387014614,0.7026039916309013,80.92451934962077
210_Narrow,2,1640000000.0,0.4288004602276233,43.67839453222271,0.788240944170738,27.835541109876406
210_Narrow,2,1650000000.0,0.9966425305244107,-99.5389219643736,0.7820899498496604,-98.10308280910652
210_Narrow,2,1660000000.0,0.6807101530260405,160.07304430593922,1.0080509683997123,-34.16166953144934
210_Narrow,2,1670000000.0,0.7997383184871819,59.382274192225495,0.4696767571931881,31.138018540427584
210_Narrow,2,1680000000.0,0.5280262566610352,-105.01500058178864,0.6479399413609481,44.359503065400176
210_Narrow,2,1690000000.0,0.5205235958614973,-20.01689889723782,1.1835126112049912,139.88769538455009
210_Narrow,2,1700000000.0,1.0017270604296502,144.58185507584565,0.3086784651249173,138.43294355444334
210_Narrow,2,1710000000.0,0.23797432658575307,-40.34643661046995,0.9823320130524867,132.4611622690243
210_Narrow,2,1720000000.0,0.7075915285896167,-128.958447078823,1.2609031718063506,131.28630555761882
210_Narrow,2,1730000000.0,0.9810082196731742,119.62706631711482,0.8387091653955941,72.6426721265954
210_Narrow,2,1740000000.0,0.5892453844014353,138.88532692975429,1.1889404575855833,-142.16295589496036
210_Narrow,2,1750000000.0,1.1097646397968155,63.077486020181716,0.6963487557288098,8.164709965704665
210_Narrow,2,1760000000.0,0.7840307363200057,140.84718770697634,0.9005289119494819,-148.52017070010191
210_Narrow,2,1770000000.0,0.5679404139640305,-46.83238990309625,0.5375759844841629,-88.35978290815636
210_Narrow,2,1780000000.0,0.7432455740629029,-104.60290403447672,0.959644594679001,-38.168657184921805
210_Narrow,2,1790000000.0,0.646618700816948,-160.112667076965,1.2546659301690617,-46.44689064139964
210_Narrow,2,1800000000.0,0.8359492645719767,-100.8639668314763,0.7768147526768281,10.92181347603525
210_Narrow,2,1810000000.0,0.42902759784297484,-169.27871602698042,0.5230497832794146,-87.66138576802649
210_Narrow,2,1820000000.0,1.2032134924712368,56.155989965153644,0.8103921794717944,-1.2312104980524459
210_Narrow,2,1830000000.0,0.8702193974579351,-167.99862656274541,1.093165387205907,-52.22257001331666
210_Narrow,2,1840000000.0,1.040145046959647,32.207689843539505,0.31554366176912263,-114.32995786057691
210_Narrow,2,1850000000.0,0.9665911707913323,35.558010527716576,0.37241577157003114,-101.12527461336315
210_Narrow,2,1860000000.0,0.36867014495128364,-150.2138066199401,1.1868331818456235,-33.38483664254392
210_Narrow,2,1870000000.0,1.0786832671319408,-155.88356845688546,0.7308466541205719,178.41425377603977
210_Narrow,2,1880000000.0,1.3134504287396447,135.2444331007458,0.7529198713595617,-165.9798548981133
210_Narrow,2,1890000000.0,1.1813300251324337,51.634615294008384,0.4320673614810521,167.70335112705362
210_Narrow,2,1900000000.0,0.9694722691970139,-56.73787255489313,0.3515154843465436,-75.64192683053707
210_Narrow,2,1910000000.0,0.9913833753231293,-162.9499296062226,0.6737428618337876,-176.85934923338237
210_Narrow,2,1920000000.0,0.6733077032919739,-128.28117438590613,0.2546784753677652,72.83679723194717
210_Narrow,2,1930000000.0,0.2391376623925417,-125.31590778647376,0.6183101150302401,83.80182895263705
210_Narrow,2,1940000000.0,1.0140026670579165,-115.04514462628387,0.9640250148035749,-61.305496166663794
210_Narrow,2,1950000000.0,0.8041895317022365,11.55485432980592,0.8075190411464184,-72.94628172889142
210_Narrow,2,1960000000.0,0.9105203813384333,-6.998390633815431,0.6924451086075459,-75.22276877977735
210_Narrow,2,1970000000.0,0.8315954376396192,-91.44928342805741,1.2417787701804361,44.66637852664413
210_Narrow,2,1980000000.0,1.3014947958153895,49.11321283711525,0.38523905575404516,96.31684983031533
210_Narrow,2,1990000000.0,0.1911414664585285,40.92991654116927,1.233860065304032,46.75655942080849
210_Narrow,2,2000000000.0,1.0526417972832058,-118.25500462771963,0.07593626431392812,-116.51386251176729
210_Narrow,3,1000000000.0,0.7006029127924379,178.4814060006025,0.08790170416766974,110.30343574194359
210_Narrow,3,1010000000.0,0.1372785041397359,-101.98476947697255,0.3560676796325648,27.04872581250658
210_Narrow,3,1020000000.0,0.9970210957846612,-177.62862478845437,0.9198400552775592,164.38351660556285
210_Narrow,3,1030000000.0,0.9377566931148261,32.01965405068115,0.8960369810257466,31.587186251611136
210_Narrow,3,1040000000.0,1.1320440817444366,29.37369166041107,0.8869950150239244,171.0219710670821
210_Narrow,3,1050000000.0,0.5817397063642443,-156.80783882843116,1.0305735899650434,-161.51466837792537
210_Narrow,3,1060000000.0,0.8734147773577384,-42.87812879051952,0.7299726171617923,139.95618881106165
210_Narrow,3,1070000000.0,1.1155694843182518,-124.66459336122985,0.9413974392318646,161.84340254600295
210_Narrow,3,1080000000.0,0.6870419899607082,-155.79555918821075,0.5845268446724066,-56.94098885133929
210_Narrow,3,1090000000.0,0.7329982488365006,-97.67939904020903,0.33004139899156687,159.57026327352196
210_Narrow,3,1100000000.0,0.25302718193503465,22.00877646900287,0.363991073758225,-132.87859136439855
210_Narrow,3,1110000000.0,0.9683479964362364,55.3372607409815,0.8351992081736104,-102.6783169081609
210_Narrow,3,1120000000.0,0.6590659441606688,-159.80401749829397,1.028930481582927,53.96292510145033
210_Narrow,3,1130000000.0,0.941492455069339,19.307419954957663,0.5494552536144626,-163.9840711185581
210_Narrow,3,1140000000.0,0.8410971446851467,159.8496245047521,0.7795240947414652,20.778168201814694
210_Narrow,3,1150000000.0,1.0384805116209737,57.89501738178302,0.7142950091784221,-76.94662531364418
210_Narrow,3,1160000000.0,1.0277627442289354,-59.40806654877403,0.7689150850522724,-42.44795465485775
210_Narrow,3,1170000000.0,0.8088206188050877,-29.202987943585985,0.4755155808483541,65.4897134029625
210_Narrow,3,1180000000.0,1.142866513569615,54.63453478644366,0.7008198515129332,-2.80357870529221
210_Narrow,3,1190000000.0,0.9036463965087927,-64.36170043060375,0.43590971933222294,-4.539575113335427
210_Narrow,3,1200000000.0,1.2064603377364673,43.8509090289741,0.5491833778916624,50.46140709971136
210_Narrow,3,1210000000.0,0.5416367935466557,-58.0299949687757,0.4719173495663258,89.75398186535817
210_Narrow,3,1220000000.0,0.3874540771345736,77.6552080158731,0.38082487322166025,-167.2402525327543
210_Narrow,3,1230000000.0,0.9596864030832952,-33.67480290057476,1.0849989193303025,152.04034880292815
210_Narrow,3,1240000000.0,0.771766916338298,-20.146621167951043,0.40988152455026783,-67.71990775890937
210_Narrow,3,1250000000.0,0.9215153934328004,-146.73792054751044,1.0053278278413742,6.083220097569954
210_Narrow,3,1260000000.0,0.6752463452103049,105.18791128388965,0.5754232942461885,-179.31603181356866
210_Narrow,3,1270000000.0,0.7966524675709247,108.34574203720707,1.011460558066739,45.57046984152573
210_Narrow,3,1280000000.0,0.3896064660653858,-35.8741772405293,0.23702440190630839,-108.09507265687502
210_Narrow,3,1290000000.0,0.8738626882947995,11.012958971359692,1.0115947955659936,-26.242328644473098
210_Narrow,3,1300000000.0,0.9777661907505449,-42.65454578823308,1.1234865063967827,-138.7904625997168
210_Narrow,3,1310000000.0,0.5662245469129532,-83.6013843745297,0.3444163476838038,-134.18385287965748
210_Narrow,3,1320000000.0,0.7320122226095575,-155.7662327225331,0.5674175804475327,22.139564810796713
210_Narrow,3,1330000000.0,0.5827947992132133,-131.0645609510028,0.16910987233793073,21.221365533813266
210_Narrow,3,1340000000.0,0.9156776947027307,52.07363735131779,1.1736490489582374,-32.170744568406484
210_Narrow,3,1350000000.0,1.153825992614992,-31.87233101487073,1.2475927688966477,-43.55368549024639
210_Narrow,3,1360000000.0,0.7190102127255433,-127.09021401479053,0.677654632851521,-49.03252082522577
210_Narrow,3,1370000000.0,1.1862784704997758,135.12866130056045,0.24574884067948377,-70.12304838827373
210_Narrow,3,1380000000.0,0.8190678172752764,20.4597768431495,0.8957204923677254,161.12232399234895
210_Narrow,3,1390000000.0,0.9552818506648314,-107.88197786938694,1.0066694989637348,-166.29745403005734
210_Narrow,3,1400000000.0,0.9417517254471981,91.83487134294614,1.0447472435681888,115.03800319832324
210_Narrow,3,1410000000.0,0.6147024976271932,29.350105172820783,1.0035377895482374,150.21743962247666
210_Narrow,3,1420000000.0,1.0201449578397714,-146.66559631707273,1.2211682715621361,48.84963430865233
210_Narrow,3,1430000000.0,0.9868175212467888,141.96165071229595,0.5999692030325731,-65.17245412282305
210_Narrow,3,1440000000.0,0.6355697646484137,-60.05680522738045,0.8287145429697503,94.19920302575815
210_Narrow,3,1450000000.0,0.3884264962149411,129.96125230477926,0.883579251560317,109.1082052316102
210_Narrow,3,1460000000.0,0.2190992954830258,-152.58781492663087,0.6174902394679882,96.08782938830696
210_Narrow,3,1470000000.0,1.1607563595945338,-47.08201815142716,0.6456503009080151,52.5190991561786
210_Narrow,3,1480000000.0,1.0473685751652422,-47.32244006381754,0.7975761588656654,-106.71675678360648
210_Narrow,3,1490000000.0,0.9036347959983132,-125.37305916613215,1.1970627276733032,-52.87388768405892
210_Narrow,3,1500000000.0,0.8769202299220582,33.10357229980648,0.8707358525570844,79.90038409125235
210_Narrow,3,1510000000.0,0.23349912636306872,65.6308279471105,0.7996417293933856,-14.055030803589032
210_Narrow,3,1520000000.0,0.9691482308803221,47.54726228070274,0.35136422117821126,163.7716900636802
210_Narrow,3,1530000000.0,0.8768515444381548,56.14781046762201,0.573945955982929,112.92421736302542
210_Narrow,3,1540000000.0,0.7397268669855416,-160.27105227463645,0.6158121836099567,109.59333747192191
210_Narrow,3,1550000000.0,1.134451743422503,58.35856099095578,0.45617271050286373,-27.388348325061035
210_Narrow,3,1560000000.0,0.7363853003846471,17.379010114185423,0.23034971050836553,79.43838081418878
210_Narrow,3,1570000000.0,0.7797895109725896,108.69015741899379,0.9616994482703253,-144.190511643885
210_Narrow,3,1580000000.0,0.9202408004425041,106.72077353992668,0.7535887555653038,13.43871748458075
210_Narrow,3,1590000000.0,0.6835312354118649,-148.0957696900039,0.8160036646122553,-67.12782184665741
210_Narrow,3,1600000000.0,0.8492270133337476,17.19422047024247,1.0966683484923827,-118.48330050745699
210_Narrow,3,1610000000.0,0.31579837468934346,-108.35229713176821,0.6252771802382827,-105.51897884482567
210_Narrow,3,1620000000.0,1.0438176014743692,20.25049075711253,0.730314307488417,-47.662775838894795
210_Narrow,3,1630000000.0,0.5584582669079259,16.964775047980353,1.0761200933062567,-67.14380943403422
210_Narrow,3,1640000000.0,0.5765577871774299,-67.94633001526864,0.24076313440411923,47.54711361292722
210_Narrow,3,1650000000.0,0.8192039128651735,127.8472816282169,0.6366853145387196,150.24618430995304
210_Narrow,3,1660000000.0,0.8483007612283388,-148.82145692667578,0.9449891989819975,128.03151300269056
210_Narrow,3,1670000000.0,0.5717957403059892,139.5039043891357,1.0955484468271413,38.52452521862055
210_Narrow,3,1680000000.0,0.5902427774022939,-12.538733438275045,0.7397159197644895,-172.85149468736645
210_Narrow,3,1690000000.0,0.09432507702535857,53.76089261054803,1.1935394889421802,-138.55865415644618
210_Narrow,3,1700000000.0,1.2859936778846213,-138.976809665277,0.30222791621793305,112.710259417094
210_Narrow,3,1710000000.0,0.9355971219754259,56.73145398552529,1.0227957735791284,-142.65961617043402
210_Narrow,3,1720000000.0,0.7549876106517914,-59.266508740516564,1.0871432388129774,41.72167145565485
210_Narrow,3,1730000000.0,0.7668053568567954,-73.198511970743,0.5938888365508024,104.7681140374256
210_Narrow,3,1740000000.0,0.6581165029793503,-84.93932679969974,1.3873397742046778,-134.2098392408654
210_Narrow,3,1750000000.0,0.7918246391400354,-54.036028936825105,0.8066550353150628,37.2884766717482
210_Narrow,3,1760000000.0,1.1516358372287632,-125.64125161203977,0.16505045416559117,115.08737253045956
210_Narrow,3,1770000000.0,0.4445496291576556,90.64260388133641,0.5137241967119852,-116.24227236916676
210_Narrow,3,1780000000.0,1.1083975024413792,116.41818135742261,0.3947586673782586,53.93032800395474
210_Narrow,3,1790000000.0,0.24462446765030893,84.89408788543139,0.9710806037190912,-91.67635552994373
210_Narrow,3,1800000000.0,0.7370028434369303,152.43695698631558,0.43650300917315077,-159.95181050234362
210_Narrow,3,1810000000.0,1.0973148387543143,54.15451128295387,0.12567352043716637,-15.681698131184154
210_Narrow,3,1820000000.0,1.1713215026072785,-130.99916385058037,0.4133634090221469,179.17584656233046
210_Narrow,3,1830000000.0,0.7016142453871766,-48.322200957713505,0.15870799160305685,51.460263686838246
210_Narrow,3,1840000000.0,0.5152129258442849,44.92619973582087,0.430076014154295,-133.2780118007837
210_Narrow,3,1850000000.0,0.251615908393883,40.212513524338554,1.2698165747585364,44.659794498894264
210_Narrow,3,1860000000.0,0.9941574103749898,179.90359830412314,1.0945518150357654,-117.12560427407433
210_Narrow,3,1870000000.0,0.7794076938499271,-167.5552199793365,0.9998754423075037,-52.95266153605087
210_Narrow,3,1880000000.0,0.7566601817741627,-81.23650951755639,0.9999073501433137,124.7749451148708
210_Narrow,3,1890000000.0,0.48678203488070365,29.72041275208344,1.3452258811480684,135.900148923762
210_Narrow,3,1900000000.0,1.0297103682124198,-156.78486358995946,0.9803437809204796,161.11371959613749
210_Narrow,3,1910000000.0,0.43042835498221743,2.847468794750894,0.40468653023236534,-140.78348999280067
210_Narrow,3,1920000000.0,1.1925436627494312,-139.01146426607565,0.6024575518345623,88.61243703517081
210_Narrow,3,1930000000.0,1.1668607879700743,56.29230435587887,0.6228165279345361,127.3849275036074
210_Narrow,3,1940000000.0,0.895143733378116,-85.42300246008338,0.26097702018885854,171.04881990859496
210_Narrow,3,1950000000.0,0.6116356530527721,58.57398905843538,0.006988245465751912,95.89084998753073
210_Narrow,3,1960000000.0,0.49516305900008795,-169.23101492503682,0.3204075470269086,-25.332260621214278
210_Narrow,3,1970000000.0,0.20040253589628526,-139.5207861278121,0.83143954847228,-172.0732769617452
210_Narrow,3,1980000000.0,1.0010214159435433,-9.733510635856195,0.9592794921384373,153.01506532806542
210_Narrow,3,1990000000.0,0.7187199571666975,161.70644513948977,1.1059855433784842,-116.6208449409852
210_Narrow,3,2000000000.0,1.004308747386127,-71.65248290857967,0.6259662309588447,161.85159795958364
210_Narrow,4,1000000000.0,0.7184615597616666,61.251003144801075,0.7197190049415993,122.0046533543548
210_Narrow,4,1010000000.0,1.0299260698826473,73.42144980918717,0.5288806683954851,-150.82767323068933
210_Narrow,4,1020000000.0,1.0663645694569583,133.1667663637595,1.192783977898068,52.10297402867112
210_Narrow,4,1030000000.0,1.023467283902279,74.21489840838358,0.9782563293569561,-62.26873448105438
210_Narrow,4,1040000000.0,0.8249099577271146,62.66637620994642,0.6400555541334728,-127.0354658609474
210_Narrow,4,1050000000.0,1.067452284251618,146.12322579038258,1.0426236036983578,-29.75913698326318
210_Narrow,4,1060000000.0,0.9761390684885605,-136.17261105013694,0.6247417209670387,-35.505548502576175
210_Narrow,4,1070000000.0,1.082982623078308,-118.18086171257785,0.6068672122250998,-92.77662571283255
210_Narrow,4,1080000000.0,0.9976950930732665,6.696925822954911,0.5809677987756346,-10.91145674247876
210_Narrow,4,1090000000.0,0.7976492827610832,99.58662697715454,0.7214022944042505,50.23608254863318
210_Narrow,4,1100000000.0,0.6923225601836355,-152.4318925299305,0.7139549153874046,-107.78207136511983
210_Narrow,4,1110000000.0,0.6624241093003546,-27.63305679629376,0.2993849674318368,70.8459442302036
210_Narrow,4,1120000000.0,0.4154278285773981,136.23997916439143,0.2125111532774823,42.88864421150642
210_Narrow,4,1130000000.0,0.7813114251246072,-59.72560290810512,0.8270294675739239,21.252258871387706
210_Narrow,4,1140000000.0,0.5917501755647037,-107.77407803731133,1.2059597763787382,-42.671373097076376
210_Narrow,4,1150000000.0,0.3268489479153364,-48.33583133819443,0.7490170735659711,-138.84868995014563
210_Narrow,4,1160000000.0,1.1451628644898613,121.27106190542673,0.2719460444919038,-13.872250322598536
210_Narrow,4,1170000000.0,1.0307629077459475,-128.8850097629052,0.4452601260364102,-75.85777170672155
210_Narrow,4,1180000000.0,0.8018919332808917,-154.98420146681804,0.4071646339451612,-114.48600582763042
210_Narrow,4,1190000000.0,1.2690877161686018,39.041814993194116,0.44517649987361757,-100.01489282975942
210_Narrow,4,1200000000.0,0.4722527532002946,-144.8394441867317,0.41956623271442034,-119.3572638343693
210_Narrow,4,1210000000.0,0.6261846348385087,71.78643470600116,0.9933683104668337,-49.790676820717024
210_Narrow,4,1220000000.0,1.0158657476646584,-53.91530441535454,0.7321411897098825,47.744460069172135
210_Narrow,4,1230000000.0,0.7893507275715153,77.9976596812179,1.0700443519104108,44.493695309878944
210_Narrow,4,1240000000.0,0.7406318522310781,-128.75693631713045,0.6597831172878129,-23.29410290420279
210_Narrow,4,1250000000.0,1.1949057177848028,-130.72854168503136,0.4548150286467335,-177.06878755697633
210_Narrow,4,1260000000.0,0.9914669026600271,-54.2496473552264,0.3964197590793568,-27.509129760789435
210_Narrow,4,1270000000.0,1.1021543222335368,31.861050519172846,0.7339205647980509,-146.87510644175296
210_Narrow,4,1280000000.0,0.936015036193399,173.41803722085604,0.87221040649066,-61.95472281874394
210_Narrow,4,1290000000.0,0.8969579595386723,-169.7246183144796,0.27863862055240346,79.1445953117087
210_Narrow,4,1300000000.0,0.5260099742359011,61.65555330130742,0.5215234743484097,-25.107346223730893
210_Narrow,4,1310000000.0,0.7897699375108063,28.417361600570263,0.8290882299991416,18.050627389705923
210_Narrow,4,1320000000.0,0.46490371960127586,-144.82380852648183,0.8635955822777359,-97.08518583491626
210_Narrow,4,1330000000.0,0.7829456923625506,155.18370729728886,0.8102243840515206,146.8478443260316
210_Narrow,4,1340000000.0,0.8968921769703967,-135.6110894559273,0.8198042065993815,129.02656376423775
210_Narrow,4,1350000000.0,0.902011588883915,45.204948658348066,1.08438801797552,53.98579606156683
210_Narrow,4,1360000000.0,0.8057548243802712,-40.250886930938194,0.3053147389015523,40.142723205043
210_Narrow,4,1370000000.0,0.7401732142273353,148.94965706603205,1.229072789614262,-40.081312583093336
210_Narrow,4,1380000000.0,0.8080773585295004,-167.74465392786726,0.8659204263883681,-0.23531334024589273
210_Narrow,4,1390000000.0,0.42855885639487457,-176.00358037915075,0.45397978262474,91.18145670943744
210_Narrow,4,1400000000.0,0.9972549744409303,-76.17975633044455,0.835016872825581,115.78826484445233
210_Narrow,4,1410000000.0,0.9717963734871268,-55.03581623038717,1.1352301704774435,145.4580088731751
210_Narrow,4,1420000000.0,1.0918070712322172,63.60434783283483,0.32067069329208897,7.838278018865781
210_Narrow,4,1430000000.0,0.7244657955672259,121.4874626682418,0.37574018735204967,-173.06026339929335
210_Narrow,4,1440000000.0,0.766241141240437,53.09905516113871,0.681129132470274,40.15482512410524
210_Narrow,4,1450000000.0,0.3006730883382704,117.22218498337641,0.92941254702295,-107.67110385166976
210_Narrow,4,1460000000.0,1.2244962156656336,-142.94510617746897,1.2355043171866051,-142.80924579719104
210_Narrow,4,1470000000.0,0.9682205943749959,-104.1093914290887,1.0150438529747332,-33.93850239834638
210_Narrow,4,1480000000.0,0.770546289952044,147.57860039376783,0.9136041408459101,-158.8942900184632
210_Narrow,4,1490000000.0,0.24081150143496646,8.203387653300986,1.1023706744949464,37.06281487423564
210_Narrow,4,1500000000.0,0.09978971101702215,92.88464368487377,0.6535268634599083,-172.81975218525392
210_Narrow,4,1510000000.0,0.3567618500858925,-64.93082700503,0.6327182963923352,-112.6790782714506
210_Narrow,4,1520000000.0,0.5627034274257964,-31.283264318408197,0.9922419656145735,176.57529908610007
210_Narrow,4,1530000000.0,0.794590036675085,-8.963945632575646,0.8925878383956171,-87.77845711911269
210_Narrow,4,1540000000.0,0.8562516090174863,-67.89876975826618,0.6121690979634891,-115.05091839836507
210_Narrow,4,1550000000.0,0.19656019877977327,-77.55576589783914,0.5004470005905485,-67.62358195655888
210_Narrow,4,1560000000.0,1.2709109648188908,139.26791115938065,0.8517884566625186,99.12132695946343
210_Narrow,4,1570000000.0,1.0211486788306519,21.18606333266441,0.5037410152735021,137.68013650178418
210_Narrow,4,1580000000.0,0.402949080123182,-87.05530098646226,0.915525920776776,157.5075569788402
210_Narrow,4,1590000000.0,0.7641985606901596,-26.101898645363878,0.8011798764103467,-72.65781818190882
210_Narrow,4,1600000000.0,0.911614459558575,-84.28213460180126,0.8151768457175464,-77.49447961846127
210_Narrow,4,1610000000.0,1.0222857049652279,-66.87497868793756,1.2072880451554628,-141.81692616197597
210_Narrow,4,1620000000.0,0.8621776254934442,95.64489098023786,0.8058525077321327,-34.425975242051955
210_Narrow,4,1630000000.0,0.6286732653214454,-154.59398508879687,0.8702746328856582,162.6378570670783
210_Narrow,4,1640000000.0,1.1528754367891993,137.67540019334444,0.8144516490838033,-111.80291797465975
210_Narrow,4,1650000000.0,0.7153037347057782,90.65902267156572,1.027061977306598,-37.956633145450496
210_Narrow,4,1660000000.0,1.028169249453674,-31.37691925879031,0.8059034144225526,82.62268396947255
210_Narrow,4,1670000000.0,1.0245058428631886,124.43154139677395,0.31110051368813296,-179.83734395075936
210_Narrow,4,1680000000.0,0.905071385261301,-94.14187244158683,0.49678847154878364,165.9440898242633
210_Narrow,4,1690000000.0,0.6883000226293615,25.72302669423054,0.31985734632849055,64.95476459264204
210_Narrow,4,1700000000.0,0.7601749558375697,-49.04774785988345,0.6358226104041056,-160.85427536870768
210_Narrow,4,1710000000.0,0.6395123411128157,138.38524982485725,0.28373260671300543,-179.12626924042488
210_Narrow,4,1720000000.0,0.43380522309545777,-42.33307007398248,0.6817585775860784,-25.09393720438389
210_Narrow,4,1730000000.0,0.1446584540959975,18.84095343061244,0.40157765684806135,105.54587131257382
210_Narrow,4,1740000000.0,0.8147230354946624,8.502207627765676,1.0940918190393032,124.5106093939655
210_Narrow,4,1750000000.0,0.7165447995655502,43.85048627734713,0.7459146227800069,12.932263033276454
210_Narrow,4,1760000000.0,0.9066055291052234,164.59905977095244,0.7976355714408986,96.46952845264067
210_Narrow,4,1770000000.0,1.1058969411404986,-38.93827507022176,1.0013841861316133,158.69627977733995
210_Narrow,4,1780000000.0,0.6237594449041785,26.698738916417803,0.950108638069042,-173.5186388367794
210_Narrow,4,1790000000.0,0.7159199243345711,39.98714393418028,1.0096666882547491,60.17382033915746
210_Narrow,4,1800000000.0,0.7967324844915658,40.3520483149516,1.1086550969683497,145.16681768891664
210_Narrow,4,1810000000.0,0.9798595179798965,-91.19412080478423,0.3528714928538416,-96.51151934547785
210_Narrow,4,1820000000.0,1.1076738906690444,-116.33190651507086,1.178417624975541,48.71641978582538
210_Narrow,4,1830000000.0,0.7905770404036505,-57.73990079689602,1.0396843016343924,135.88507144796802
210_Narrow,4,1840000000.0,0.7841873802516014,-146.64992203893493,1.2335365392397732,138.17155114912498
210_Narrow,4,1850000000.0,1.33881345026195,46.98557817383394,0.9864534928062638,57.068895422245475
210_Narrow,4,1860000000.0,0.29787829916942166,-29.600238798816694,0.4751844407248314,-25.316432349864304
210_Narrow,4,1870000000.0,0.8067021512171213,81.80155212060161,0.7031555145993967,-140.3752691780384
210_Narrow,4,1880000000.0,0.9639844868909557,37.92430799940065,0.9358327264743159,75.8369990879321
210_Narrow,4,1890000000.0,0.7364593202894197,159.28540621662356,1.25574580462344,-141.4201395874786
210_Narrow,4,1900000000.0,0.4689583328203338,97.43373694449046,0.25197714059938137,149.8421853401997
210_Narrow,4,1910000000.0,0.8953396936426272,178.10680132034108,1.0157877577513479,-11.231063257088758
210_Narrow,4,1920000000.0,0.20252934458005173,104.90923799070084,1.0897540418228555,44.14620079964518
210_Narrow,4,1930000000.0,0.5659298938798784,12.444490399762351,0.26725785422602916,129.8415048334439
210_Narrow,4,1940000000.0,0.38880324626835805,142.89194307364815,0.9466596994433513,147.43161072739812
210_Narrow,4,1950000000.0,1.023958796003429,33.95424435290078,0.9771897676431927,-171.58667543789903
210_Narrow,4,1960000000.0,0.19292351525911358,-68.35494196976992,1.1962466480165739,50.29114632744963
210_Narrow,4,1970000000.0,0.570975543205014,-154.41584511276702,1.1338726622482305,-138.8080200880269
210_Narrow,4,1980000000.0,0.637100699298411,-8.775455432706854,0.6071815183261322,110.55372813482428
210_Narrow,4,1990000000.0,0.8848264513540486,-168.14872122776646,0.6328668221211178,132.40678974843175
210_Narrow,4,2000000000.0,0.32578835784118043,-13.174922138794436,0.7644911170452603,115.09730985062012
210_Narrow,5,1000000000.0,0.657031812077982,-61.28170695297627,0.6807761922635536,31.860748481619463
210_Narrow,5,1010000000.0,0.8508499329676628,-38.95548158794416,0.8291840635428122,-21.71813280400058
210_Narrow,5,1020000000.0,0.2873328936907805,-140.60459823435312,0.6464099551709084,147.42844968027188
210_Narrow,5,1030000000.0,0.5615834565272806,-135.44038842361783,0.7292210151434521,103.27802921199641
210_Narrow,5,1040000000.0,0.9119742641697581,-36.29338867365712,0.22320628906075338,70.46632828913853
210_Narrow,5,1050000000.0,1.0751083224414653,51.53353708083427,0.7786316559537158,-100.19244637036988
210_Narrow,5,1060000000.0,0.37426264312612934,175.00318112340295,0.7435508071649735,-135.78322370995292
210_Narrow,5,1070000000.0,1.0881714699861431,131.95580010947148,1.2665406962322152,141.0163055790972
210_Narrow,5,1080000000.0,0.7809817829789201,-39.091240419345375,0.8385226924723413,129.37614568415142
210_Narrow,5,1090000000.0,0.9671295757594525,67.00180456108916,1.3722113126648354,-133.5562746296158
210_Narrow,5,1100000000.0,0.3462401152592835,69.68776460651921,0.2880979980847888,-6.615812523845315
210_Narrow,5,1110000000.0,0.9766709825525275,145.22171296528984,0.9216215059251176,-105.52715586624693
210_Narrow,5,1120000000.0,1.2982976060579463,-40.70521620582112,0.9349817661173501,-4.627527450277057
210_Narrow,5,1130000000.0,0.9308389262132662,4.124221763319907,0.5206455716636071,-56.82838206023981
210_Narrow,5,1140000000.0,0.2250374252708621,65.6125665794644,0.824407520551811,-171.03065788592187
210_Narrow,5,1150000000.0,0.7986437854647889,168.02348031626997,0.8433400335905084,109.3014900739392
210_Narrow,5,1160000000.0,1.3540478635641477,46.08086915362468,0.5845212638702885,-179.78071793280554
210_Narrow,5,1170000000.0,0.7824203359251636,-136.74075444883815,1.154921098002573,-36.85667102688186
210_Narrow,5,1180000000.0,0.5676769046974938,-37.40426839951629,1.1559515745771085,39.75097681457506
210_Narrow,5,1190000000.0,0.8136609179247908,-23.938001118082713,0.943303174259941,-130.40362937780216
210_Narrow,5,1200000000.0,0.9049097476103158,-65.85879116415981,0.9717682216451169,34.479458390934646
210_Narrow,5,1210000000.0,0.6453447877654018,-147.46644099741516,0.9947193555922395,-28.333947210837394
210_Narrow,5,1220000000.0,0.472946343916802,-29.218923471804885,1.0022150295644208,-52.60660596188224
210_Narrow,5,1230000000.0,0.81214562374966,27.173929466049756,0.05011941098979309,-26.855152271932855
210_Narrow,5,1240000000.0,0.3455945611347531,56.951712532829674,1.0683459718586292,-62.30448881655872
210_Narrow,5,1250000000.0,0.8157444446608132,-30.262230074826864,0.3818690458561454,123.06901230740772
210_Narrow,5,1260000000.0,0.3220573781457814,150.52755227612528,0.42954703062795313,151.32589211892173
210_Narrow,5,1270000000.0,1.144108250806357,53.61513681909107,0.6531231257096619,35.9088950871956
210_Narrow,5,1280000000.0,0.9238064398547619,-173.79723434570934,0.2942320482359546,179.4872155259029
210_Narrow,5,1290000000.0,0.3451456498979471,144.96446010234496,0.6864395865463492,26.750321646731145
210_Narrow,5,1300000000.0,0.9439824461477637,-75.604502265394,1.2229404375297712,-52.13503183255829
210_Narrow,5,1310000000.0,0.8704591766116025,-39.14658033401646,0.7344826087946793,-35.41425837623568
210_Narrow,5,1320000000.0,0.5403129637155952,54.596522914967814,0.4395753464742588,178.77301232313337
210_Narrow,5,1330000000.0,1.0560622136875013,-19.200642149842967,1.0620581078469022,-37.0178870254951
210_Narrow,5,1340000000.0,0.633359980535083,-109.67387180991925,0.985569742981958,-166.30546567184226
210_Narrow,5,1350000000.0,0.6442314994088937,-23.55805570285803,0.6984438494490823,67.1583393936293
210_Narrow,5,1360000000.0,0.9623098229713234,-46.805828556999465,1.0260274246258816,142.25967056946564
210_Narrow,5,1370000000.0,0.7951198645650597,-53.01090901655679,0.18370772125690601,79.14100780702734
210_Narrow,5,1380000000.0,0.4962481882080832,118.24307398144326,0.49974732102546476,-121.49366831954038
210_Narrow,5,1390000000.0,0.6605392719055999,23.374106375587672,0.933885174901505,-65.5504602685909
210_Narrow,5,1400000000.0,0.7874658965636218,112.63441143916454,0.5481234809621688,-7.056189198639396
210_Narrow,5,1410000000.0,0.44707285909412137,32.477610335472086,0.4835536377325042,-93.15890494320846
210_Narrow,5,1420000000.0,0.5921965085812579,-67.14227629067874,0.47389808647124176,-34.19778287668661
210_Narrow,5,1430000000.0,0.3871206114279851,92.33823950344093,0.6165321549865704,-160.44855506411344
210_Narrow,5,1440000000.0,0.4920171664966179,94.13823322097912,0.4769367207500071,99.09778406567696
210_Narrow,5,1450000000.0,1.1118031264355668,-32.19524750450025,0.6667964513517141,-2.928444658844772
210_Narrow,5,1460000000.0,0.325641521845035,17.49776619203848,0.7701268557939261,162.32525935664813
210_Narrow,5,1470000000.0,0.5874069270549572,70.94458667568864,0.49406721797127084,-9.309676294947897
210_Narrow,5,1480000000.0,1.288320299363562,-134.38483847120003,0.906708574176969,-88.12710971776637
210_Narrow,5,1490000000.0,0.9403831208484277,66.5513210354138,0.3976954650537904,135.7284647872136
210_Narrow,5,1500000000.0,0.955268728453368,-176.88590518459625,0.43008449225795026,80.27658332695395
210_Narrow,5,1510000000.0,0.1249146331835564,54.866772144434904,1.0368345382965405,149.55239660565672
210_Narrow,5,1520000000.0,1.099797391952666,-147.49317619340502,0.7534646916065574,36.40831827445886
210_Narrow,5,1530000000.0,0.3925922160810919,-108.28892704831036,1.2589535817909374,-138.59712140306203
210_Narrow,5,1540000000.0,0.777955399912475,41.148990798116394,0.946737615728272,-163.29862801301954
210_Narrow,5,1550000000.0,0.7486004075522045,52.184243072219864,1.0503037399958612,-129.84472739263774
210_Narrow,5,1560000000.0,0.6440229313280581,173.29243781667347,0.34010426208830224,-103.53521685336186
210_Narrow,5,1570000000.0,0.9575342808373474,-0.6473274507972115,1.030865385251256,-161.42664628302052
210_Narrow,5,1580000000.0,0.6974985633464589,-12.985381724178426,1.2051302083536748,128.066770974956
210_Narrow,5,1590000000.0,0.3913767108126578,30.943004800299686,0.621344638816382,18.452549726120576
210_Narrow,5,1600000000.0,0.23238806312225926,-78.04567403575743,0.8411687932537448,-51.871386441454284
210_Narrow,5,1610000000.0,0.7219189226778834,59.618934512936896,0.3222472732107104,-21.356242897526773
210_Narrow,5,1620000000.0,0.8332409150491853,45.369919902515335,0.11538888456869953,169.62512967557373
210_Narrow,5,1630000000.0,0.7884729960126966,137.9790931288139,0.5571524393208573,-167.73248899710876
210_Narrow,5,1640000000.0,0.7745360823005868,-126.81683938699238,0.4943586304845541,57.21170970975055
210_Narrow,5,1650000000.0,0.4478527236053047,44.460608942342894,1.224277563560511,138.60334688274645
210_Narrow,5,1660000000.0,0.4499512977220293,39.5977771060804,0.5678462253952646,45.98665722683907
210_Narrow,5,1670000000.0,0.8276675168265626,151.72262641160654,1.2450229607693262,-37.924022670866734
210_Narrow,5,1680000000.0,0.9045047518330648,-33.13586671750572,0.683537787844767,-125.51037111556084
210_Narrow,5,1690000000.0,0.7668360096307006,-103.2338217826024,0.7044886959280111,137.53567661910122
210_Narrow,5,1700000000.0,0.5802298060890988,-100.434286342671,0.7445664910108009,-158.743221037787
210_Narrow,5,1710000000.0,0.9369154382629312,-32.29741278925701,0.7957275095175448,-27.7630273923222
210_Narrow,5,1720000000.0,0.6995892548886792,83.75526900703395,0.4152618355312671,122.81208601725304
210_Narrow,5,1730000000.0,0.9116000556583779,78.44959056546826,0.9614431699578404,-54.93278873450923
210_Narrow,5,1740000000.0,0.9514884087154118,-130.07514536312257,0.43499884294296737,-145.71859751628668
210_Narrow,5,1750000000.0,0.5912954356318316,175.12014843119815,0.08159427394138587,-23.0852091742679
210_Narrow,5,1760000000.0,0.776627174574587,57.81478206374007,0.9195587050665122,-57.97797304107428
210_Narrow,5,1770000000.0,0.639514478038958,112.39636049255093,0.7318469391930877,-35.39748233708932
210_Narrow,5,1780000000.0,0.5983599716070437,52.330099590034386,1.040581757716178,158.9968320713765
210_Narrow,5,1790000000.0,0.37491723121124815,145.1830468095361,0.8140484288762576,161.43321341543032
210_Narrow,5,1800000000.0,0.5831927988195643,102.92949443131485,0.8218873397017938,152.42316126741292
210_Narrow,5,1810000000.0,0.6061830540427181,-176.33001709180775,1.3089024593437277,-44.19139021426838
210_Narrow,5,1820000000.0,0.7907370150375684,157.82427593245126,0.731707610524156,-26.185272501728903
210_Narrow,5,1830000000.0,0.8761606349811505,22.873072738260067,0.4945070897568433,-163.89486437613851
210_Narrow,5,1840000000.0,0.6684015282975257,-95.28333634189187,1.0105323842936311,-98.4757446307326
210_Narrow,5,1850000000.0,0.7783930466885597,-128.46756730077792,1.1949972033145575,-40.00563438785694
210_Narrow,5,1860000000.0,0.710863039602161,-118.88760826939982,0.6908764688337529,-77.67184831337975
210_Narrow,5,1870000000.0,0.7364642650824625,-138.2784693655405,0.8096828841200351,-166.95248005474983
210_Narrow,5,1880000000.0,1.1558833226812084,-138.49957077035123,0.7446388304329697,33.49239585519323
210_Narrow,5,1890000000.0,0.6340356390685373,174.1200767681019,0.5183467189020163,27.045725749331602
210_Narrow,5,1900000000.0,0.6020763376595265,-125.7002059436765,1.2285841138441247,-143.92929646981844
210_Narrow,5,1910000000.0,1.108371316699852,30.119184121653845,1.1448275504200631,40.1480947101511
210_Narrow,5,1920000000.0,0.46834651199710137,-30.376163404521847,0.5810909321772356,-57.63333892314977
210_Narrow,5,1930000000.0,0.9916467946979358,-35.976961842792605,1.102462000418711,-148.42138222546197
210_Narrow,5,1940000000.0,0.7730271088952806,-38.2676762828774,0.8429258653187459,-119.95661425074108
210_Narrow,5,1950000000.0,0.9404734487452341,47.61842191948096,0.7773990636859079,133.66575695484724
210_Narrow,5,1960000000.0,1.1908339783873285,132.8508675548776,1.2123535966803725,131.72140219400362
210_Narrow,5,1970000000.0,0.7172582334503702,49.3638044294961,0.8364150999426647,81.39768780990158
210_Narrow,5,1980000000.0,0.5354401323664134,95.74494814653748,0.7759304825431187,96.11000820461584
210_Narrow,5,1990000000.0,0.5983352997395349,-85.55496933367705,1.103055930803879,126.5737365624907
210_Narrow,5,2000000000.0,0.9863747205793473,136.23505953351398,0.7691702029262846,-113.8874894920888
210_Narrow,6,1000000000.0,0.07157999847098057,-157.9656749514539,0.9036716506037787,-111.4334125246512
210_Narrow,6,1010000000.0,0.49399450217622426,3.546185250624785,1.2367963089399094,48.25330983630188
210_Narrow,6,1020000000.0,1.3492561252628863,135.92426149944384,0.49580354215118544,-27.228538980111818
210_Narrow,6,1030000000.0,0.1597406929031219,-113.87470044339925,0.946566797952841,-27.095350216691692
210_Narrow,6,1040000000.0,1.046800424675557,117.57956356441568,1.0799219305428527,-67.09791846470235
210_Narrow,6,1050000000.0,0.5087212905722549,150.92513408471794,0.7081510671217159,23.604656718882925
210_Narrow,6,1060000000.0,0.6851955436156394,-71.18228824376426,0.6572071817929065,109.30269464381644
210_Narrow,6,1070000000.0,0.5417654190440866,37.27730530968088,0.5163272442228279,-32.07347682480038
210_Narrow,6,1080000000.0,1.184192140026893,48.588937306038375,0.8299857330621014,56.96547561171517
210_Narrow,6,1090000000.0,0.2268243344721019,96.10370664840819,0.7761322230615415,-39.41126013951526
210_Narrow,6,1100000000.0,1.0596977255749453,-22.768606119667915,0.7922675154624413,12.54353629837435
210_Narrow,6,1110000000.0,0.7871854538039008,-87.00985867369238,0.1680982798657978,85.99906852516173
210_Narrow,6,1120000000.0,0.8125670601594372,20.448628972781606,1.2990307582642577,-139.36327749123865
210_Narrow,6,1130000000.0,0.7526943392249614,90.94284506041215,0.48184834862490056,-69.14239718441945
210_Narrow,6,1140000000.0,0.8201953046484382,40.052303690131474,1.0477236211074132,-120.53698839615669
210_Narrow,6,1150000000.0,0.9348746565408694,70.01919229603543,0.42195639980922167,162.81497801287406
210_Narrow,6,1160000000.0,0.9797204106966959,-60.914261357715276,0.8954536547596802,-11.981811740132857
210_Narrow,6,1170000000.0,0.40716239593261866,-152.35503265449253,0.6235022264950937,69.19219131165357
210_Narrow,6,1180000000.0,0.5501743172565958,-28.996048159765312,0.9959338675837982,47.94274893296702
210_Narrow,6,1190000000.0,0.979464421960255,-2.0074154596036045,0.6914575343009615,-113.07665222337214
210_Narrow,6,1200000000.0,0.29488544544028134,-164.74672144826212,0.7985310006326647,-78.32796725889732
210_Narrow,6,1210000000.0,0.39886292443887333,-106.73698833341231,1.2118217597074232,34.552092910470705
210_Narrow,6,1220000000.0,1.10079244763551,135.04213582175979,0.5870559607881874,-45.84660864971566
210_Narrow,6,1230000000.0,0.877014460912234,75.01660402267429,0.4071677266542978,-70.27423234694491
210_Narrow,6,1240000000.0,0.8534100272727626,-154.4301722317805,0.984941478316021,10.501760292615621
210_Narrow,6,1250000000.0,1.1837725819674116,-44.05837501854565,0.0750799375983317,-18.70825378819595
210_Narrow,6,1260000000.0,1.1416942248467952,146.88633138935216,0.6618700099196813,-104.16824943612829
210_Narrow,6,1270000000.0,0.4709366047478395,83.6399587664827,0.7825468879386525,75.32174456338993
210_Narrow,6,1280000000.0,0.849301087978641,80.55680451779546,1.0257167748041622,13.959261755401595
210_Narrow,6,1290000000.0,0.8926816146056108,-60.779167839055376,0.9580588660219824,19.033359802776847
210_Narrow,6,1300000000.0,0.9353658158217532,10.632735037584323,0.8118045833621186,-47.796550635099535
210_Narrow,6,1310000000.0,0.890908972364017,-78.87260644077101,0.845620971564058,-152.378085519666
210_Narrow,6,1320000000.0,0.1878024895424006,-35.751546760971216,1.1196244843872245,-47.74661415089365
210_Narrow,6,1330000000.0,0.18517867235031846,-96.9425336192617,0.5519639916675477,97.59542215636324
210_Narrow,6,1340000000.0,0.6412690006996389,47.0506622299434,0.9788318097255848,145.3766695399048
210_Narrow,6,1350000000.0,0.6084529348387488,40.032801436954884,0.5332290652223299,62.54149033245967
210_Narrow,6,1360000000.0,0.7951053435174708,-166.94655075609404,0.4398499271262201,118.36741697746677
210_Narrow,6,1370000000.0,0.7254658548222882,-164.52050528293324,0.9636441508195407,31.08293140858348
210_Narrow,6,1380000000.0,0.8607741107569911,-2.4203679388198722,0.7316513927448848,-14.600348048647522
210_Narrow,6,1390000000.0,0.8065505589432583,17.151716237785283,0.5866454317275845,29.967959705357483
210_Narrow,6,1400000000.0,0.3334150765181786,-130.1056846953389,0.9511935481189644,-34.80793863012548
210_Narrow,6,1410000000.0,1.271335454471307,-51.005911815349016,0.6054188745494045,-54.952529006325214
210_Narrow,6,1420000000.0,0.5699426309855202,-136.3284572591588,1.0741220955996433,30.08283239847187
210_Narrow,6,1430000000.0,0.24091679038580815,-135.58382697669109,0.8612303066857994,153.00210439554928
210_Narrow,6,1440000000.0,1.0506613555379367,120.41600977366531,0.30830477886072083,61.17524039703452
210_Narrow,6,1450000000.0,0.8284998262587568,33.469612308048774,0.3977585359949045,34.07878824023434
210_Narrow,6,1460000000.0,0.4458101059438279,-153.1121628816588,0.702008422607418,-70.21025599623358
210_Narrow,6,1470000000.0,0.9509524718927509,9.942501466101813,0.8237340819069052,-2.8879277019677927
210_Narrow,6,1480000000.0,0.9382432816229741,-136.8257093131486,0.9645506077655974,113.60449677713544
210_Narrow,6,1490000000.0,0.9976620096258031,-2.941942225945702,0.46061524918313795,65.40938027782684
210_Narrow,6,1500000000.0,1.08154365829125,-114.26963634464377,0.41182194335234185,-59.5770826746616
210_Narrow,6,1510000000.0,0.9946162466795166,-132.6882753621005,0.49459412341777864,-5.071096963445649
210_Narrow,6,1520000000.0,0.29072224858446527,152.18243624700756,1.0791724784112764,49.77184857186632
210_Narrow,6,1530000000.0,0.8233961175447521,60.786517357830455,0.7044175756550285,58.755598612009244
210_Narrow,6,1540000000.0,0.8968255395470991,127.47111925083203,0.5919626102375577,144.00376360826007
210_Narrow,6,1550000000.0,1.2540352117707538,139.85540822263314,0.9233436689766302,125.741007667831
210_Narrow,6,1560000000.0,1.2111835077912732,-138.75181830063337,1.0090726758972963,-20.674376919539547
210_Narrow,6,1570000000.0,0.5309210803327876,-132.40147735397204,1.255222276355943,-50.38672069387999
210_Narrow,6,1580000000.0,1.1977979842377264,141.1440604744212,0.20220025859952512,-130.79063303115421
210_Narrow,6,1590000000.0,0.6997057807152054,60.7214825601314,0.6506094453113003,-59.36543513434401
210_Narrow,6,1600000000.0,0.6719926114480906,25.026746719353117,0.5693114535621031,-171.09429729260694
210_Narrow,6,1610000000.0,0.9569338585223607,112.90415201309345,1.0614160866134699,112.35435088368118
210_Narrow,6,1620000000.0,0.504030577040771,19.77214897309216,1.0172867690955396,48.34939286375058
210_Narrow,6,1630000000.0,0.6840046451203794,-86.5014886695594,0.7370425008212907,-162.13899782586736
210_Narrow,6,1640000000.0,0.2893331361893662,-10.856297521862956,0.12141575037409968,177.9150046768742
210_Narrow,6,1650000000.0,0.9186966709738785,128.49838752671846,0.9352669487787394,178.84929308588121
210_Narrow,6,1660000000.0,0.664305043279211,147.23493828980048,0.9603252452965794,-53.700357803336125
210_Narrow,6,1670000000.0,0.4562496897415196,-94.12695288700681,0.8707453371079961,-66.54444568518997
210_Narrow,6,1680000000.0,0.4824325322639693,68.83668263101033,0.19626305653688247,-131.08351337779376
210_Narrow,6,1690000000.0,0.748136497761016,-29.622929438067903,1.142487331745361,-140.27818708932767
210_Narrow,6,1700000000.0,0.9452706641570517,105.72505356267496,1.0401689580398543,-147.93124074329873
210_Narrow,6,1710000000.0,1.0339017841751377,108.60844800169488,0.657311971275691,66.61187755287175
210_Narrow,6,1720000000.0,0.34288078443813524,-2.489264420119221,0.7705576825671021,-146.37007455640037
210_Narrow,6,1730000000.0,1.283760805829232,-49.673084354747985,0.9097173834594725,60.52198840720767
210_Narrow,6,1740000000.0,0.67110984773798,45.44591553569134,1.09236345003256,-48.9888650127792
210_Narrow,6,1750000000.0,0.6283029935305301,-49.28146397145596,0.823056817242335,-122.05820577247441
210_Narrow,6,1760000000.0,0.4036790236038957,71.69802689228867,0.42482904631610774,-32.1902233064216
210_Narrow,6,1770000000.0,0.9165872657509563,-21.22241583221087,0.20843789246353506,-104.78136375353216
210_Narrow,6,1780000000.0,0.9794629327380047,83.73185425823623,0.7367745995508651,126.87454672613931
210_Narrow,6,1790000000.0,0.5881617938010503,-121.65213202526189,0.9616641922903164,43.87474481493785
210_Narrow,6,1800000000.0,0.5271891444060816,-131.80381545957255,1.0350940243498852,40.22738627389631
210_Narrow,6,1810000000.0,0.8091219773078246,-28.930848730399354,1.2607743142570766,-42.271376945109786
210_Narrow,6,1820000000.0,1.1668561551075878,-48.43147632919335,1.1957551389607632,42.316943702585924
210_Narrow,6,1830000000.0,0.7784397426693417,-136.95889706061251,0.6272807672264801,96.27975783184998
210_Narrow,6,1840000000.0,0.5836970770896829,176.06308764221353,0.5525404102343136,109.67423013518305
210_Narrow,6,1850000000.0,0.3493919541744072,125.74325122637421,0.4304057560503272,-83.79615295828499
210_Narrow,6,1860000000.0,0.554959463218049,-9.370787340125512,1.0305105370177385,133.458860542435
210_Narrow,6,1870000000.0,1.1942979338391022,-125.55021495367927,1.1496259567428948,46.73375340970845
210_Narrow,6,1880000000.0,0.9607966831846773,-71.95435787952562,0.6190674163513452,-136.3702236500227
210_Narrow,6,1890000000.0,0.9311791529001994,175.65920696195437,0.45604058324987934,62.74846625059366
210_Narrow,6,1900000000.0,0.6072605132860164,26.37257623894373,1.1440191570510259,123.44580085406551
210_Narrow,6,1910000000.0,1.060545016117372,126.79372054188357,0.9041484195571553,153.93467796402405
210_Narrow,6,1920000000.0,1.1074597501516097,115.80913206842386,0.5691929513257553,-144.27338094528267
210_Narrow,6,1930000000.0,0.9811273849406014,16.75045772338065,0.7215163413090593,46.117395058338545
210_Narrow,6,1940000000.0,0.5903172882935045,-12.788769182883941,0.8630290132699113,1.8602547535162626
210_Narrow,6,1950000000.0,1.0630050673293567,138.60189483060634,1.3501705842529523,43.715643899175475
210_Narrow,6,1960000000.0,0.9029055607884104,0.663253913600889,0.9904495916336606,-26.07780702662154
210_Narrow,6,1970000000.0,0.9958508788536312,100.15982126112358,1.1079491270711794,-51.787156655435204
210_Narrow,6,1980000000.0,0.8584715314739259,-150.17958659362998,0.591033814816088,-10.575210356675548
210_Narrow,6,1990000000.0,0.6659454731308104,-153.54010186295847,0.7875190838168752,144.52250866684426
210_Narrow,6,2000000000.0,0.509279428144089,-119.75664654595842,0.5407767351184463,63.541768713205265
210_Narrow,7,1000000000.0,0.8855744638829701,30.777720058306137,0.6592679229933118,-112.04147382584351
210_Narrow,7,1010000000.0,0.8161311847712645,87.66248270282534,0.7224691515911126,-147.55752840485408
210_Narrow,7,1020000000.0,0.707570017431969,-179.90778818970858,1.2467336070175503,143.10982838125838
210_Narrow,7,1030000000.0,0.8358690238791782,120.06619995343027,0.594423110918487,-166.866599751171
210_Narrow,7,1040000000.0,0.6502342970761188,-25.812300261555933,0.6857617472395411,39.82003748836219
210_Narrow,7,1050000000.0,0.5675800126544448,-69.3386729997799,0.6880709739990832,-97.21658721278294
210_Narrow,7,1060000000.0,0.23253730165183828,149.33440239571678,0.35109196104678364,86.11152628939593
210_Narrow,7,1070000000.0,0.845145525011643,-6.859893465675491,0.9811048481042299,-123.65705204773501
210_Narrow,7,1080000000.0,0.4675339206849472,167.38601037566565,0.8517882828326461,104.30865898600904
210_Narrow,7,1090000000.0,0.7241226770413028,61.05877616475104,0.40961716797033304,124.91476113129735
210_Narrow,7,1100000000.0,1.0423645489937372,20.57367797726621,0.8667222374690087,90.1112227236942
210_Narrow,7,1110000000.0,0.8482810642454421,176.50415180059562,0.6972264171216891,144.6481040770884
210_Narrow,7,1120000000.0,1.3179567333615896,-138.21714717247158,0.2979556681168881,-110.9207109747084
210_Narrow,7,1130000000.0,0.7242064981463857,-30.349595439056486,1.1570148456936142,-126.10989434051963
210_Narrow,7,1140000000.0,0.8616239369602902,-158.42576339531377,0.8979107052467847,-22.075221486413596
210_Narrow,7,1150000000.0,0.8610751781487271,58.37267667390633,0.8112768243114242,24.715802955309666
210_Narrow,7,1160000000.0,0.8892161746353144,-147.029466390129,1.0345084677985334,127.7651460675566
210_Narrow,7,1170000000.0,0.3527558039898125,-74.37629681633041,0.5540284200443483,-134.24331651444163
210_Narrow,7,1180000000.0,0.5239518864687082,-69.25320525088719,0.4676587735061143,163.83787646698912
210_Narrow,7,1190000000.0,0.4457330914900215,161.94367868677776,0.6907680005523282,-143.74698179850384
210_Narrow,7,1200000000.0,0.5450518810444664,91.31936041296687,1.2334129312349398,136.74241380390887
210_Narrow,7,1210000000.0,0.6072320444522188,-71.63385889052459,0.3044636513643391,-116.7233310496261
210_Narrow,7,1220000000.0,0.16764983153421756,-88.60212602901404,0.8543378568164552,-25.123614846734554
210_Narrow,7,1230000000.0,0.8587746265758374,169.4439928094017,0.7485876128351827,154.37678787940933
210_Narrow,7,1240000000.0,0.9540523890570264,-129.202509160665,0.5387933899044255,140.47377754010188
210_Narrow,7,1250000000.0,0.3875692139279855,-162.69244165078385,1.068271854172482,48.2874711495291
210_Narrow,7,1260000000.0,0.8024611721349175,-24.208186876908893,1.0768444843891016,-34.58328452077385
210_Narrow,7,1270000000.0,1.0545811379071024,-153.90651380342203,0.2587733023684926,30.04193410077355
210_Narrow,7,1280000000.0,0.8206265675594018,-21.46865451191432,0.9482117022566926,-135.05274677377662
210_Narrow,7,1290000000.0,1.1025831357615383,-133.02122917412305,0.7473423572172437,144.65261394838444
210_Narrow,7,1300000000.0,0.98716322625226,-0.5853460853341376,0.455456181913173,170.0531922999756
210_Narrow,7,1310000000.0,0.3622253941807002,-74.68724098298884,0.9358300396533566,-98.32640908300262
210_Narrow,7,1320000000.0,1.189126086973739,-51.24959478762735,1.049620435566783,21.105998584877227
210_Narrow,7,1330000000.0,0.6002613500600572,-37.37380144799973,0.7537955371432529,-117.59435007785862
210_Narrow,7,1340000000.0,0.8548850408434825,-126.80241252995427,0.5110997540469128,-109.15356268141345
210_Narrow,7,1350000000.0,1.0041074116116646,-37.01158032865851,0.9297087652282894,-177.56204931733717
210_Narrow,7,1360000000.0,0.6608233287507999,-167.61679138635856,0.8435549462186973,-29.057000217263347
210_Narrow,7,1370000000.0,0.9866796240797193,-77.38864413494868,0.915699418617903,-62.62769571193665
210_Narrow,7,1380000000.0,0.6272769102601565,90.92299969891297,0.8567514621501088,-154.55436179781427
210_Narrow,7,1390000000.0,0.8819725863949854,-97.24436299264978,0.8494430334811199,-101.24663750983454
210_Narrow,7,1400000000.0,0.2921218368228708,54.475138913521356,1.0255748540938918,-44.721065441698094
210_Narrow,7,1410000000.0,0.6949472410013176,-89.4339537008523,0.7828253297729536,79.20699900216113
210_Narrow,7,1420000000.0,0.6913619597028305,-125.5602391607671,0.9040846412438269,-177.69460631565522
210_Narrow,7,1430000000.0,0.5598627928778135,63.47919159103917,1.0423909261370887,38.43878576372793
210_Narrow,7,1440000000.0,0.8144751297150669,155.56716400019099,0.36624935184111773,-5.50463350287735
210_Narrow,7,1450000000.0,0.047143674208738766,91.65443496965452,0.6448317112014567,-77.72324168790199
210_Narrow,7,1460000000.0,1.1318971047244657,48.43505777269381,0.8076925892282508,92.97081444425942
210_Narrow,7,1470000000.0,0.6488244326755643,78.9008567048782,0.5687299340061828,126.73928802470087
210_Narrow,7,1480000000.0,0.3034559696760815,150.52651365278805,0.6036670072345842,-88.28829103483277
210_Narrow,7,1490000000.0,0.5521788470078423,130.10492253566466,0.7014251549276225,-121.46574457295499
210_Narrow,7,1500000000.0,0.46140457808418567,-69.77792807143119,0.44198517265250825,108.84097827256804
210_Narrow,7,1510000000.0,0.719873874448297,-159.88157702128325,0.9947961344155759,-119.89943682234906
210_Narrow,7,1520000000.0,0.45235836429665177,-6.530643775434215,1.2083530270726432,-43.16199892576858
210_Narrow,7,1530000000.0,0.41045467962873033,50.12063841973061,0.3276046122224478,132.5812109568506
210_Narrow,7,1540000000.0,0.669400129322159,68.75040840280714,1.2480483283498605,-138.3826306214998
210_Narrow,7,1550000000.0,1.0173995782613932,-106.53313740452457,0.9449415725676082,-68.36672385677436
210_Narrow,7,1560000000.0,0.986049633336461,-147.23704144098232,0.23621385439270604,10.535828825454567
210_Narrow,7,1570000000.0,0.706815663439264,76.07985118453277,1.0543880658240337,70.36902344665104
210_Narrow,7,1580000000.0,0.2575613971747149,-13.607167692474608,0.32558467554589793,109.3689086797401
210_Narrow,7,1590000000.0,0.7148064827867523,151.74563858853557,1.0716898180191003,123.8254136747521
210_Narrow,7,1600000000.0,0.9187351350650694,-174.08739659217312,1.1964405379318668,40.21130415699142
210_Narrow,7,1610000000.0,0.9909305003656523,-8.35884473287679,0.6737039364327854,109.34673436355585
210_Narrow,7,1620000000.0,0.5703529956855343,-149.24400497806408,0.6683411450312748,-105.59348305665819
210_Narrow,7,1630000000.0,0.7862681503132807,99.53896907750502,0.8825901170449515,-93.94502083162287
210_Narrow,7,1640000000.0,0.7511855564643032,152.66303022493184,0.6404848949209532,37.24357944731413
210_Narrow,7,1650000000.0,0.881534676045571,-87.72636505975963,1.1222839930261848,-144.04666236990192
210_Narrow,7,1660000000.0,0.9365808516284367,110.58722704641016,0.503025202907682,-63.45994251107661
210_Narrow,7,1670000000.0,0.9220548105563472,162.30473506175926,0.8503013031425916,-29.19532636735002
210_Narrow,7,1680000000.0,0.9218716087723096,42.54915737748231,0.46354300892451156,-77.40673264902827
210_Narrow,7,1690000000.0,1.284604683032655,-134.099566802133,0.37416937529265965,-18.97875181046999
210_Narrow,7,1700000000.0,0.6685888378412418,10.79612233093695,0.9052840557382931,-1.916476276621251
210_Narrow,7,1710000000.0,0.9618369307685074,52.179877836683126,0.3647199638788645,116.52110160497624
210_Narrow,7,1720000000.0,0.9352164072446454,136.17262784093532,0.7754283162626465,83.53931223578597
210_Narrow,7,1730000000.0,0.931846152961537,-153.56796435451622,0.5515920825251012,126.21258215431885
210_Narrow,7,1740000000.0,0.3098427265594659,155.87393395753045,1.2463156236770827,-130.42176982548472
210_Narrow,7,1750000000.0,1.0504087292194997,33.4522348611952,0.6362550560347674,-127.02388112325289
210_Narrow,7,1760000000.0,1.0413046015382463,121.29870075284049,1.1077027253950928,-125.15987099091537
210_Narrow,7,1770000000.0,0.713006799024544,-115.33936919894988,0.7800570020640067,3.5485473359741837
210_Narrow,7,1780000000.0,0.8102019341365468,-148.20017666027434,0.5293116420286728,83.11263845134515
210_Narrow,7,1790000000.0,0.8719453877746852,-28.043566912337955,0.9265894977422545,-143.2567268667635
210_Narrow,7,1800000000.0,0.6677903961103188,126.48173482427943,1.289964977659269,-131.51071623872105
210_Narrow,7,1810000000.0,0.7631597769940466,143.12509452933142,0.9734101741962885,161.80751943590533
210_Narrow,7,1820000000.0,0.877713065541455,-60.48332068811617,0.708161107487207,-77.6327069672134
210_Narrow,7,1830000000.0,0.9388804488750468,-27.003674888088806,0.39089634319640626,25.891087391814036
210_Narrow,7,1840000000.0,0.6510489266381946,-155.95248919324285,0.458709363195739,-160.13318205580848
210_Narrow,7,1850000000.0,0.9370899991151249,-166.7257987237531,0.8660506772315348,163.61411157136388
210_Narrow,7,1860000000.0,0.8756594943336121,-108.34935998193055,0.3557526147160741,-178.12604085969545
210_Narrow,7,1870000000.0,1.167729294913602,32.23893159598377,0.9747647617168794,84.50722380251402
210_Narrow,7,1880000000.0,0.7695569766667778,-4.349132910080055,1.1618301838497493,135.14558231634538
210_Narrow,7,1890000000.0,0.6798419214701954,87.65790856313264,0.29515481392335924,90.87553812010646
210_Narrow,7,1900000000.0,0.37106729409579636,77.19495446291967,0.7101363267742513,111.58610479470221
210_Narrow,7,1910000000.0,0.9602820469502666,-40.110130788357196,0.547039510158828,108.73760427546445
210_Narrow,7,1920000000.0,0.2505419709775581,-138.7482602341294,0.5540664799651882,-127.45976877035707
210_Narrow,7,1930000000.0,0.5872431689911874,-160.45090354923195,1.1809304832753298,-124.14365808880183
210_Narrow,7,1940000000.0,0.9398638485965882,35.803528447781844,0.8158892907152328,-144.60515347051532
210_Narrow,7,1950000000.0,0.6334232102671553,-126.00036277798587,0.8653741521447027,-48.701007103948555
210_Narrow,7,1960000000.0,0.9661916924256081,28.742748879750128,0.9081588280061839,79.8628572332004
210_Narrow,7,1970000000.0,0.8328458848350245,98.86506726233013,0.6331359563464412,-63.79305705175955
210_Narrow,7,1980000000.0,0.6128178308571903,-80.44386069816706,0.8322608939765486,-3.1033183487155807
210_Narrow,7,1990000000.0,0.6094116640420844,-110.45587160759689,0.8554745773539693,132.20033342539915
210_Narrow,7,2000000000.0,0.8178372173082981,-66.14929241030859,0.7664434325001811,-88.23779712866785
210_Narrow,8,1000000000.0,1.1568122763153654,139.6210644125108,0.5576621091533625,-67.17891305651693
210_Narrow,8,1010000000.0,0.6129710634127356,-95.84375228848067,0.9691894652577875,100.63107304003452
210_Narrow,8,1020000000.0,0.8611016298805174,157.04557953594806,0.16814975043143102,33.0341445907913
210_Narrow,8,1030000000.0,0.6301498437278023,-121.95318897418557,0.6138175579617746,-152.89400963939164
210_Narrow,8,1040000000.0,0.3923927577658461,-64.3643578270909,1.1962017550970998,-54.793808023412794
210_Narrow,8,1050000000.0,0.9228774000350455,-30.738720989284968,1.3574238764503193,-136.39722711396684
210_Narrow,8,1060000000.0,0.6684784366726656,90.1845373001717,1.043720458727489,-45.52844864842371
210_Narrow,8,1070000000.0,1.0597160541634438,-120.65649271242742,1.140221238081692,52.88616503575274
210_Narrow,8,1080000000.0,0.39946172428830257,-171.68705367714242,0.7329351193668591,-62.6773318614471
210_Narrow,8,1090000000.0,0.25316718145114797,-118.36028504024455,0.8535059124180994,-85.84360042070152
210_Narrow,8,1100000000.0,1.1249840586963429,-144.93745420426097,0.8024712904580003,114.25070230103353
210_Narrow,8,1110000000.0,0.626012133054585,0.6760087155742879,0.5046504348092382,61.12979844539916
210_Narrow,8,1120000000.0,0.4612488896053305,112.79885946848924,0.957884809855114,-112.46885002079095
210_Narrow,8,1130000000.0,0.7894140045672314,-36.73925505898181,0.8172864650254619,-155.35226177748143
210_Narrow,8,1140000000.0,0.6002096627205286,-175.763897417936,0.6491633761635646,-141.522333915404
210_Narrow,8,1150000000.0,0.573754557304868,158.5668037275349,0.9371415032264846,-1.2958147039914414
210_Narrow,8,1160000000.0,0.610824563571351,74.57507562060567,0.8932451154846781,16.3315266840196
210_Narrow,8,1170000000.0,1.166822012683292,38.890832941402294,0.6274753794378315,-37.30131444877027
210_Narrow,8,1180000000.0,0.8907624966439832,-178.96653167010365,1.2010137825946325,-137.5565107826149
210_Narrow,8,1190000000.0,0.8734669923778293,-159.29472287494502,1.168317750602869,52.1214004433999
210_Narrow,8,1200000000.0,0.7694254964136349,-93.31261721485002,0.5161998847567282,151.653254857944
210_Narrow,8,1210000000.0,0.6197590272992382,79.14153060140197,0.9804819810153363,133.31678163537057
210_Narrow,8,1220000000.0,0.95358951583605,7.107423983888678,0.5349067007370305,-95.46035654564659
210_Narrow,8,1230000000.0,0.7762850936397823,148.1087871841807,0.24065726174351376,-158.3388570695367
210_Narrow,8,1240000000.0,1.235080898615921,-51.39960550385344,0.5927322318864098,-81.13363587752364
210_Narrow,8,1250000000.0,0.9729352887324139,168.75315637893397,1.0693968757161012,153.31541233575584
210_Narrow,8,1260000000.0,0.7370339202475582,-179.15720334503717,1.230825030517029,-135.9925773754784
210_Narrow,8,1270000000.0,0.9908862517587632,-94.64635580906959,0.7783650074442423,-59.135440941016284
210_Narrow,8,1280000000.0,0.8468454287214515,177.42493058916315,0.5032973455235746,-167.31448412942277
210_Narrow,8,1290000000.0,1.1294106270320863,138.22797877264262,0.6038899998939832,68.83272820580889
210_Narrow,8,1300000000.0,0.8926378088486059,-34.140487728415145,1.0974397857539697,-139.89945429464854
210_Narrow,8,1310000000.0,0.926405663528007,-177.55395979682345,0.6627163770613945,-17.498915240367793
210_Narrow,8,1320000000.0,0.7579557890553938,-104.22191085896947,1.0578372770915228,37.45985609526806
210_Narrow,8,1330000000.0,0.5031205385283393,-134.7486465942937,0.8475889396546183,-100.35616731987739
210_Narrow,8,1340000000.0,0.759393586435972,-27.254758446496695,0.270763250093879,107.16662747916864
210_Narrow,8,1350000000.0,0.9852933482987101,-21.053862352723222,0.7940756408013415,22.66004699999691
210_Narrow,8,1360000000.0,1.1722596765353062,-131.84573491882492,0.2064794500014126,26.88627689859227
210_Narrow,8,1370000000.0,0.7644002525097761,-147.54155608780943,0.3137256662349317,-86.58864048957865
210_Narrow,8,1380000000.0,1.16582538889378,-141.80148450889288,1.188974662148604,-51.84842810154442
210_Narrow,8,1390000000.0,0.6986662625040005,105.00491041632718,0.6202618146088343,160.80187946680033
210_Narrow,8,1400000000.0,0.6136922941274312,36.505361122865956,0.35648009683649434,84.62931493691609
210_Narrow,8,1410000000.0,0.7444803464631897,15.038796443097207,0.8877957303527941,-104.32164612080535
210_Narrow,8,1420000000.0,0.8559852866492554,-115.48339727996874,1.0961800936558972,120.26827109514937
210_Narrow,8,1430000000.0,1.006121468355134,105.4199515922977,0.6265935018898839,-48.811577048649696
210_Narrow,8,1440000000.0,1.3186579873828177,-48.95403175242454,0.4844537889191898,-128.8091364665671
210_Narrow,8,1450000000.0,0.7087858392542699,159.9875138397247,1.1964266425752839,47.558285143901045
210_Narrow,8,1460000000.0,0.6538313834905628,2.7366949724989698,0.35544604184253165,-39.120756800993384
210_Narrow,8,1470000000.0,1.255029612129175,-136.04220318105055,0.29201186837689797,-8.831806260026793
210_Narrow,8,1480000000.0,1.1761689802573574,-136.48281169676895,0.5089772121524999,-55.85580908509693
210_Narrow,8,1490000000.0,0.7365263580841913,-85.47462931032102,0.32365124504034454,71.96453343509609
210_Narrow,8,1500000000.0,0.9561001983736231,-62.015687145096784,0.459402177176975,169.39295907511914
210_Narrow,8,1510000000.0,0.7826025285182079,-64.75179038534854,0.09326893540802833,-68.62204216947099
210_Narrow,8,1520000000.0,1.0094849069791747,-59.28760063919156,0.6271655689036965,-74.01254505877381
210_Narrow,8,1530000000.0,1.0819042004320376,-138.9854866523299,0.41526925625084776,116.03644496815394
210_Narrow,8,1540000000.0,0.9480418750209714,70.38814280452056,0.34352868338400205,-19.463511489707997
210_Narrow,8,1550000000.0,0.49749561991310226,177.3956514793143,0.9821925266666932,-48.973683900286126
210_Narrow,8,1560000000.0,0.5437717257228085,22.096537190331958,0.7860258275642317,155.74397523514398
210_Narrow,8,1570000000.0,0.9865185794981564,-132.74527634977602,0.7811562453877899,125.03931178045067
210_Narrow,8,1580000000.0,0.7415148138768366,-137.86907817307517,1.037876474952958,121.53329699559171
210_Narrow,8,1590000000.0,0.81011699441291,149.27365676266388,0.8435107696262628,99.97214319737391
210_Narrow,8,1600000000.0,0.8303279368749905,74.08364162975171,0.5859134167190074,42.72315295557648
210_Narrow,8,1610000000.0,0.8256208100574185,179.12599436980625,0.8826605875875163,-164.69041507018855
210_Narrow,8,1620000000.0,0.9191117345097958,13.711401917788294,0.8138718396952196,-85.96256739458788
210_Narrow,8,1630000000.0,0.3781782926810952,-82.71823030620465,1.1705004925515985,-47.129801781965504
210_Narrow,8,1640000000.0,0.7536290963654588,-49.107185152948354,0.14308475164507106,3.0070472140497997
210_Narrow,8,1650000000.0,0.9377126787491101,88.35909083953203,1.0042411804645315,-42.611288151721936
210_Narrow,8,1660000000.0,1.0021159896158993,-129.35598194080814,1.011283797665207,17.58406925408861
210_Narrow,8,1670000000.0,0.657021705792338,1.43237255610302,0.9004363718534225,-40.41302976228454
210_Narrow,8,1680000000.0,1.3178658506901022,137.6108514125904,0.8262373190134966,167.4622222558961
210_Narrow,8,1690000000.0,0.8665012425030909,-34.40030715739108,0.625352357831843,-161.974889664322
210_Narrow,8,1700000000.0,0.5984691641474041,-74.74699725949623,0.4068002859838325,-21.561021996852944
210_Narrow,8,1710000000.0,1.0027002942552035,-37.3121402636539,0.6598480473138428,96.16411254553717
210_Narrow,8,1720000000.0,1.0529577289501904,-30.969697963827116,1.1026294621737345,139.74549382949752
210_Narrow,8,1730000000.0,0.9903589169911912,-15.698898067272069,0.5002942100964375,92.75750273285888
210_Narrow,8,1740000000.0,1.0373041272035404,157.98961509715642,0.5716687225363026,144.6227854435711
210_Narrow,8,1750000000.0,0.20366784207142138,8.766470992864365,0.5574335546648772,101.65707234797594
210_Narrow,8,1760000000.0,0.6905012159146028,-62.191413927515455,0.754460849195462,-97.39519573174991
210_Narrow,8,1770000000.0,0.697152483984488,152.91016281951056,0.9243472193542587,-147.19315485777727
210_Narrow,8,1780000000.0,0.9741775613020713,100.44986956431723,0.849121426335553,-131.45740858315747
210_Narrow,8,1790000000.0,0.6018017441832954,80.55069942364061,0.9835235764227528,-12.929761838500266
210_Narrow,8,1800000000.0,0.6756869186832735,-34.04414111394799,0.741918136593653,-141.1000700834165
210_Narrow,8,1810000000.0,0.3808741627996873,59.47920886850759,1.328953113509226,-137.14327307242007
210_Narrow,8,1820000000.0,0.6566195696748341,-87.09806667185512,1.098839325612111,41.53777619853498
210_Narrow,8,1830000000.0,0.9501503442396817,9.333772178741437,1.0250707158997845,116.53235020815337
210_Narrow,8,1840000000.0,1.104901509616909,-139.85190093331312,0.882301453468948,-70.22687041500397
210_Narrow,8,1850000000.0,0.8099070456546198,133.8248477365601,0.6296103867973464,120.7388821462241
210_Narrow,8,1860000000.0,0.8906018154507384,15.753696939482962,0.7558298558311262,-100.83818319090841
210_Narrow,8,1870000000.0,0.7748499826814973,136.2052068491688,0.2836917912457467,-173.0247812561759
210_Narrow,8,1880000000.0,0.3733723182021804,-140.87542001571353,0.9509208468850001,-73.52879208232528
210_Narrow,8,1890000000.0,1.3855999177181204,133.98914878295926,0.25952292311438285,86.98360548610614
210_Narrow,8,1900000000.0,0.99757222125086,-110.19023137431753,0.4685382973718519,50.06220907109818
210_Narrow,8,1910000000.0,1.03090487768923,46.26181949228845,1.0864335547625017,25.78775597711658
210_Narrow,8,1920000000.0,0.8650156487827091,131.39043793581249,1.0541384103513185,-55.17213267147318
210_Narrow,8,1930000000.0,0.936900771555321,44.3183365660467,1.3224008958149795,-135.38716974934636
210_Narrow,8,1940000000.0,0.2091780654480235,-58.90515394925108,0.7181417412437585,3.275315628424191
210_Narrow,8,1950000000.0,0.41216569897195887,-112.77342503183085,0.8034374088577767,-53.20220920886686
210_Narrow,8,1960000000.0,0.7841645581959581,-139.74283522262323,0.9067354795672434,-1.5893380400552413
210_Narrow,8,1970000000.0,1.0801025061698102,144.32510996226767,0.5430393957417055,159.75808166972527
210_Narrow,8,1980000000.0,0.9391276945253543,-173.05073485435483,0.6772150800793548,10.147614890600702
210_Narrow,8,1990000000.0,0.7579516437721247,-18.77857748055111,0.632483875942302,84.69611306566534
210_Narrow,8,2000000000.0,0.7846930932416888,30.723074700489715,0.9577432781099631,-173.9313074141364
210_Narrow,9,1000000000.0,0.28979036816092313,114.17191689646862,0.9402195010244218,86.77630634959257
210_Narrow,9,1010000000.0,0.9410262256655787,26.30640229233588,0.7544484180559139,-72.0548081116187
210_Narrow,9,1020000000.0,0.9909098816592314,70.54078003032886,0.3769837660212675,-145.02755888990131
210_Narrow,9,1030000000.0,0.5161529454517357,175.4752167070043,0.5490221554471829,-160.45272712615028
210_Narrow,9,1040000000.0,0.8795289268321924,33.6790310214311,0.34895687735994235,160.17492531519102
210_Narrow,9,1050000000.0,0.8348757299834276,64.56826106640074,0.8095177325164729,-85.20072325789596
210_Narrow,9,1060000000.0,0.999838174691308,42.97567424381695,0.3230368581171453,-32.923694299736525
210_Narrow,9,1070000000.0,0.8995516766906386,-96.44888016783511,0.526733067918539,45.010237991969554
210_Narrow,9,1080000000.0,0.6498521336064732,-2.7060074444193316,1.0094784069551108,98.10602042304198
210_Narrow,9,1090000000.0,0.15418318584411253,-166.47989342750628,1.0759813870064532,55.64111742487404
210_Narrow,9,1100000000.0,0.8922625446292661,-151.16434522420732,0.2794443336748587,-13.415097325693454
210_Narrow,9,1110000000.0,1.0476533393962155,57.573697887180415,0.48799470384671545,16.695157096487353
210_Narrow,9,1120000000.0,0.4958533421647682,-21.583951889156975,0.6771127987078973,88.04626559149747
210_Narrow,9,1130000000.0,0.918575758937055,7.446398780008251,0.8780254216234794,-15.802608829998208
210_Narrow,9,1140000000.0,0.2771889844397207,-80.03604208070534,0.19643110332034214,85.77970619586577
210_Narrow,9,1150000000.0,0.8213013337560692,-148.2205939305695,0.9618559518518469,-21.047235285657347
210_Narrow,9,1160000000.0,0.8590415063465173,82.97999607133787,0.9746779294410843,-19.063896860735642
210_Narrow,9,1170000000.0,0.5580927176873324,27.833288496933864,0.9590440242121718,112.75596442375722
210_Narrow,9,1180000000.0,1.1383096450050691,123.72265551458335,0.6215298638930916,-136.20213684119332
210_Narrow,9,1190000000.0,1.0438935118973238,-150.45667766502325,0.6775691175676549,107.89550152279476
210_Narrow,9,1200000000.0,0.9643723644935835,24.726498734434053,0.7638427539402626,-128.37174118436448
210_Narrow,9,1210000000.0,0.5060983769694885,-160.27989847114307,1.1763882435205133,52.51170859234314
210_Narrow,9,1220000000.0,0.7568604498658834,-10.522182048419161,1.0321344049955086,-135.80126166070588
210_Narrow,9,1230000000.0,0.7398387714387951,-41.17692209472938,0.8111497967814277,-27.471151240489537
210_Narrow,9,1240000000.0,0.8975252827927743,-76.28553354150675,0.8330177455580549,74.40339799180816
210_Narrow,9,1250000000.0,0.493392661030907,-132.85919579910228,0.6257631988921939,45.98656504244295
210_Narrow,9,1260000000.0,0.5828779864016342,-131.9452325821656,0.8791482952443245,-13.638574069290195
210_Narrow,9,1270000000.0,0.49730645687686714,109.3648377967411,0.9593382255723378,145.06114578541565
210_Narrow,9,1280000000.0,0.4635876880491347,19.395477664461332,0.9368568653940712,15.024817029721474
210_Narrow,9,1290000000.0,0.6769625538997568,32.251796119925835,0.9409642535889302,-160.69799869418378
210_Narrow,9,1300000000.0,0.8337171116106281,0.8531514294125119,1.1484011174578663,-146.09288575000463
210_Narrow,9,1310000000.0,1.3169181306590314,41.26326807109952,0.9013808099220217,91.53499273915631
210_Narrow,9,1320000000.0,0.23564039935630215,-23.131310765971254,0.5512114860764658,-32.85448183266294
210_Narrow,9,1330000000.0,1.1272763996610626,31.964854595171158,1.2808364571134774,43.05477792669881
210_Narrow,9,1340000000.0,1.033006138123974,-49.76582114107163,0.8866783896353561,139.6052323682755
210_Narrow,9,1350000000.0,0.9683973075979044,158.22476839938153,0.4703051069116681,144.7467646329218
210_Narrow,9,1360000000.0,0.6160888700411028,-142.25266451716718,0.9415029992186541,139.23090065878148
210_Narrow,9,1370000000.0,1.117358473806754,-43.673898215048176,0.9047678827597077,125.06346994643026
210_Narrow,9,1380000000.0,0.3978271608831161,119.85950302108816,0.9541858128912927,71.15072095497922
210_Narrow,9,1390000000.0,1.0085875258204253,70.05376513350372,0.635622252240361,-92.06443424009662
210_Narrow,9,1400000000.0,1.2032251274019679,-35.45289291781224,0.6607880428525318,107.23772318210324
210_Narrow,9,1410000000.0,0.3725981090921886,-127.29065337474128,0.10940317655505971,33.22195859543521
210_Narrow,9,1420000000.0,0.03920166770218543,-85.17557480715647,0.47878330615832343,48.74815737622773
210_Narrow,9,1430000000.0,0.8435817843077354,172.92211783150844,0.9487519501564006,-136.5135969181792
210_Narrow,9,1440000000.0,0.15373921868411458,101.11462195799065,0.9516318134275391,64.74135671213176
210_Narrow,9,1450000000.0,0.697721548836764,-160.41252602671648,0.970576398829163,-142.0106133285994
210_Narrow,9,1460000000.0,0.45120623073274224,-151.12229195319097,1.003492994113766,-120.81996800952746
210_Narrow,9,1470000000.0,0.8428804089644711,50.08586553286569,1.2108254957353355,37.38677114807142
210_Narrow,9,1480000000.0,0.487267433905329,-4.7905777268768075,1.0703496931678496,-157.51692575968013
210_Narrow,9,1490000000.0,0.7387971585044755,28.519072702373837,0.5593810778215272,-5.534873326234418
210_Narrow,9,1500000000.0,0.9775724333049084,132.7140488853289,0.8760168806889079,-142.39665658683109
210_Narrow,9,1510000000.0,0.9093065386913408,-107.91722519293734,0.5765835090231655,93.02339217001825
210_Narrow,9,1520000000.0,1.024828103515778,41.495385911530974,0.8642044721220037,137.593753318156
210_Narrow,9,1530000000.0,0.7187713876054357,-153.80183623963543,0.7749000146032256,124.92563344935452
210_Narrow,9,1540000000.0,0.972060810788219,-24.19165028657143,0.26743695238547915,36.453081070964
210_Narrow,9,1550000000.0,1.0275218792886884,-17.131216468997025,1.1285059007612468,-132.86387117111818
210_Narrow,9,1560000000.0,0.8804180708238282,5.145318301795461,0.846721776160307,-80.09830534660794
210_Narrow,9,1570000000.0,0.05433778347249205,171.68511091282028,1.1268309784890123,-58.9554418231543
210_Narrow,9,1580000000.0,0.9268455749364054,179.28955430092373,0.5422682156618919,148.42067854867327
210_Narrow,9,1590000000.0,0.9920583739445545,62.982235579659,0.5918066096788033,62.139845247309985
210_Narrow,9,1600000000.0,0.6046872305787655,-26.64173685847341,1.0308902727133986,165.41811336302388
210_Narrow,9,1610000000.0,0.6407024312467694,16.52785490704006,0.9024193161060446,-53.245109178862606
210_Narrow,9,1620000000.0,0.593062078098276,90.68321234406312,0.9887342137013124,174.35155069072877
210_Narrow,9,1630000000.0,0.7792705494874304,-15.91008850219618,0.8461851602360291,-149.56776497814107
210_Narrow,9,1640000000.0,0.6141891161602365,157.48504450168934,0.781517544576387,166.70086837559504
210_Narrow,9,1650000000.0,0.6622731888343543,-69.56614214871375,0.11438585947972661,-61.11378567007549
210_Narrow,9,1660000000.0,1.0745462867897642,116.41910558019339,0.8968990508137573,-25.72117762279165
210_Narrow,9,1670000000.0,0.8159179212748097,11.072479407598163,0.5573732794186881,116.59458980283935
210_Narrow,9,1680000000.0,0.9811711022648305,-128.39498780864022,0.7048998506974178,141.28590664983957
210_Narrow,9,1690000000.0,0.5730732683527106,71.90881966864538,0.9774080354997636,110.67221999606662
210_Narrow,9,1700000000.0,0.8709038894178278,-134.5445963697624,0.7738520351265562,-104.7304460475335
210_Narrow,9,1710000000.0,0.8314804898051879,13.361427575703573,0.4863815407060494,90.67957122984755
210_Narrow,9,1720000000.0,0.5048289474795127,-52.465163574275195,0.9249558646609684,-149.56187569815486
210_Narrow,9,1730000000.0,0.4378558911698744,59.41135843226466,0.9629073766551709,75.35296321817782
210_Narrow,9,1740000000.0,0.3026090460907105,80.10028485257413,0.44249539649345937,79.20149027017308
210_Narrow,9,1750000000.0,1.2802726710194,-132.28398762749313,0.9826202864231485,50.1446113193687
210_Narrow,9,1760000000.0,0.6971536248463605,-124.1474534392446,1.2107611686000952,-138.65928083802592
210_Narrow,9,1770000000.0,0.4056845271109024,-88.9455031027263,1.0560068474569597,-145.3646643359967
210_Narrow,9,1780000000.0,1.0003145396297475,-86.16393525294237,0.5379946912207465,-62.782434333390746
210_Narrow,9,1790000000.0,0.41876887777678856,110.36402491493493,1.0875376422470169,-28.727320779506602
210_Narrow,9,1800000000.0,0.7968642942974783,107.45849355412854,0.5879135024435056,-3.9368934579008035
210_Narrow,9,1810000000.0,0.44071969419223433,58.62495973082075,0.9060476951467428,-176.39817465319666
210_Narrow,9,1820000000.0,0.30997651004965837,-114.48511814661192,0.8105988608908562,41.90631968489214
210_Narrow,9,1830000000.0,1.2481146123686948,-41.64485142981846,0.663341726821606,-35.48382044682796
210_Narrow,9,1840000000.0,1.0257472239538663,-120.89638329529566,0.24133983002082918,-164.62892097383113
210_Narrow,9,1850000000.0,0.6954713498685863,54.04748355875485,0.39191787513904924,87.65815683730833
210_Narrow,9,1860000000.0,0.9268170841131579,125.4483039256058,1.0575314680445915,-141.9716635884742
210_Narrow,9,1870000000.0,0.8278015584499693,49.49643186980302,0.9317544964404515,6.96326508751242
210_Narrow,9,1880000000.0,0.8405089107748474,-161.9691564383529,1.30130216685842,139.96385819008816
210_Narrow,9,1890000000.0,0.20718585064729034,-174.61184383038284,1.0029787780472417,-70.78271813108579
210_Narrow,9,1900000000.0,0.7923656738008438,-60.168213719054364,0.4130631336012593,-75.12153354616683
210_Narrow,9,1910000000.0,0.8150899768502338,131.54828714039738,0.267320261053895,137.99076786680837
210_Narrow,9,1920000000.0,1.0087009060381957,18.905641984938086,0.9974146330561301,-165.8547465013345
210_Narrow,9,1930000000.0,0.8626823928347395,64.7032921108373,0.948106228020768,140.3032319455564
210_Narrow,9,1940000000.0,0.9312915645440167,-1.3848862738664725,1.0954145983292816,-142.33315078956002
210_Narrow,9,1950000000.0,0.7784366898648077,-148.0345717932991,0.7699961954375625,-156.4286030353398
210_Narrow,9,1960000000.0,0.8454369184114169,-21.114758111510735,0.8067908682133254,-35.3035315277635
210_Narrow,9,1970000000.0,0.8004319263909796,-35.4818831750631,0.1743754109844588,-120.48461694065487
210_Narrow,9,1980000000.0,0.7236673963559561,118.12920694098042,1.2173301229992728,-44.21474310036304
210_Narrow,9,1990000000.0,1.216259896073127,133.7608778008336,0.4473680414163647,-156.8168922227924
210_Narrow,9,2000000000.0,0.672740529179066,-62.50370360141119,0.23373333495823115,-93.13762453906777
210_Narrow,10,1000000000.0,0.39366686383691063,119.42762478204926,0.7362855892354958,22.57627428426898
210_Narrow,10,1010000000.0,0.679314944350208,-107.9889910870858,1.170999012016457,-36.24591953363914
210_Narrow,10,1020000000.0,1.2176707395310236,128.79822584183282,0.6128665926673986,47.4658784971921
210_Narrow,10,1030000000.0,0.8426821165099744,-142.45303806928473,1.0005635735803484,160.38145983662645
210_Narrow,10,1040000000.0,0.826816337225848,161.70046617216477,0.4334987209655259,72.44510594296337
210_Narrow,10,1050000000.0,0.9070250482007591,97.51472875077467,0.9171659563769247,-118.88374646088506
210_Narrow,10,1060000000.0,0.49571888059638036,-8.614612815287167,0.7706387492196337,-21.823513371254972
210_Narrow,10,1070000000.0,0.9913215838904159,108.82979682457227,0.4733249613042439,38.78548027359346
210_Narrow,10,1080000000.0,0.7795790742866763,-87.82581297930035,0.8551478364059447,-146.39722675893702
210_Narrow,10,1090000000.0,0.6500217473052067,-3.374158215706297,0.8317864371701092,23.093579955354745
210_Narrow,10,1100000000.0,0.7516122538979099,-90.32247755410512,0.7835893404656878,87.79227918016625
210_Narrow,10,1110000000.0,1.1038931081608196,-38.94919739129473,0.6848348897861563,-19.94126237542709
210_Narrow,10,1120000000.0,0.827692339593899,-14.367033811888735,1.1476465495930035,-43.38297103457723
210_Narrow,10,1130000000.0,0.8239789966429578,65.9643877389698,0.7096612816843013,90.71606526316025
210_Narrow,10,1140000000.0,0.7202166473591242,2.7509418906494405,0.9523263088637343,133.85560048448892
210_Narrow,10,1150000000.0,0.7857046462889261,138.1401265436847,0.8138590926789915,43.90535815890412
210_Narrow,10,1160000000.0,0.8364243781480525,-160.9038600710082,0.5537645497259696,-179.97716532156727
210_Narrow,10,1170000000.0,1.0260134803138492,59.090246090039,0.08114095018530526,-145.50356439606102
210_Narrow,10,1180000000.0,0.6405755285432835,-29.9407219293273,0.3812281669497531,-141.76854923849768
210_Narrow,10,1190000000.0,0.3489529292109187,-137.06638674159024,0.38753779305440134,-64.9278851476721
210_Narrow,10,1200000000.0,1.1272793010735704,-117.56114465603517,0.5618043221727966,-162.7764172717606
210_Narrow,10,1210000000.0,0.5938000630838666,-169.4210308300909,1.2156270941286536,37.56917463323428
210_Narrow,10,1220000000.0,0.10363758371218594,-61.636297357511125,0.5462437606343485,90.28611819464028
210_Narrow,10,1230000000.0,0.6584297992381832,139.3873211885708,0.9526749351858921,-165.01143641750429
210_Narrow,10,1240000000.0,0.5893262709634116,-79.19501901240547,0.2145218730994904,72.98930993431694
210_Narrow,10,1250000000.0,0.5530862674310815,96.63712031255237,0.7008381276304055,50.69800799719151
210_Narrow,10,1260000000.0,1.1159505668423422,119.39912163789104,0.7523847272403509,-82.12802296897351
210_Narrow,10,1270000000.0,1.1333758693262965,-144.53216421921604,0.9295041920826204,91.54039324812842
210_Narrow,10,1280000000.0,0.8330814563365586,-161.41043735497,0.8640673306561648,-65.04730980640342
210_Narrow,10,1290000000.0,0.8456935906525475,64.92372576105105,0.7776299012506682,-3.3341632166591118
210_Narrow,10,1300000000.0,0.5124982259271602,94.14990113749083,1.0485043881842788,158.4004660561407
210_Narrow,10,1310000000.0,0.6531388841400806,-56.760779326841224,0.9318028049512797,129.39733124639804
210_Narrow,10,1320000000.0,0.5993553322954013,11.194089462951931,1.009031524905759,-159.52297004596548
210_Narrow,10,1330000000.0,0.6752532105611183,-168.08388981913583,0.31301841819534426,-173.60734296492356
210_Narrow,10,1340000000.0,0.8420664132099659,-119.83279523002854,1.0556077187277038,42.80244108275998
210_Narrow,10,1350000000.0,1.0180789518492837,-69.10688979989814,0.9430451269848599,-66.88162736797817
210_Narrow,10,1360000000.0,0.5785900089689711,124.2237529662174,0.8901039167559793,162.11304846999982
210_Narrow,10,1370000000.0,0.45494207768621675,36.981983103200726,0.6373221876595753,139.48127744153874
210_Narrow,10,1380000000.0,0.8483528619499693,-150.52569972013563,0.3555728996861691,-128.67612645767528
210_Narrow,10,1390000000.0,0.843106713089695,-88.0260810688262,0.42786933171088737,-52.637009856879615
210_Narrow,10,1400000000.0,1.0633356941432806,127.67144559523904,0.6339074520830088,64.74369624813518
210_Narrow,10,1410000000.0,0.8548340977287837,-128.24945109260034,0.6077492733959898,-117.12302644930304
210_Narrow,10,1420000000.0,0.9789981231759565,-0.9644875196632339,0.6460490530870461,-107.87753311598594
210_Narrow,10,1430000000.0,1.2374449848346736,-53.43905234689127,0.7830747702070083,-157.60147058375003
210_Narrow,10,1440000000.0,0.23131825470894418,-62.3363161445826,0.8953627922385109,-0.7147537148001597
210_Narrow,10,1450000000.0,1.285866186112211,-47.70570491465585,0.6481974732051379,115.94239327915817
210_Narrow,10,1460000000.0,0.05141394187741204,91.32154889501278,0.4553495423584744,119.92111619960923
210_Narrow,10,1470000000.0,0.8831467718606827,-26.370906430831067,0.7594096704402542,124.91094389564506
210_Narrow,10,1480000000.0,0.9561760670231582,-10.417650241186571,0.9869117362399701,8.821237309860976
210_Narrow,10,1490000000.0,0.25939473385360484,-28.519255306287786,0.2570174859245402,115.30648609160072
210_Narrow,10,1500000000.0,0.29870801419860415,59.41831841518363,0.7469249726011487,35.23039611942389
210_Narrow,10,1510000000.0,0.5649435132277679,85.33378863029188,1.1462868088816482,-121.24073504341857
210_Narrow,10,1520000000.0,0.5903987209829981,136.5988003272572,0.8781846623721127,70.54558431997081
210_Narrow,10,1530000000.0,0.8256000232685324,83.33050236809586,0.5636310900885428,-160.48001949339843
210_Narrow,10,1540000000.0,0.7870102117994956,-86.88904640102446,0.8100597610941219,-138.5514489617448
210_Narrow,10,1550000000.0,0.6308814812608208,-122.75887431460619,0.37404003897426275,106.18906106896966
210_Narrow,10,1560000000.0,0.9434969715833994,-130.01641255024307,1.0483771148435235,57.991759916532416
210_Narrow,10,1570000000.0,0.6857678591546553,-77.6793293261397,0.7166687168359017,-56.96807399145557
210_Narrow,10,1580000000.0,0.3341801385526406,171.75159454963423,0.8731417140252123,-12.997716033783316
210_Narrow,10,1590000000.0,1.0896090232915006,35.596398258693675,0.8061146490753202,11.95973654929499
210_Narrow,10,1600000000.0,0.9131458868776576,-152.57682572250238,1.2466995857768886,-40.53658241129745
210_Narrow,10,1610000000.0,0.7067220338423144,110.55173522219972,0.26065089092341176,31.64902752205585
210_Narrow,10,1620000000.0,0.5575320973853297,-136.60526596961319,1.0745519521347724,60.81416148125359
210_Narrow,10,1630000000.0,0.9236791078804947,156.9476937550847,0.9876791179430654,-107.04836288739014
210_Narrow,10,1640000000.0,0.9209256457475291,-69.91068366912874,0.8286634697314128,29.277270088090308
210_Narrow,10,1650000000.0,1.2112891036121654,-54.78861869337091,0.5435916940646263,-57.48910047812434
210_Narrow,10,1660000000.0,0.809336260440064,-150.53015810158195,0.8034911083238719,-73.15213342419281
210_Narrow,10,1670000000.0,0.9486398438073199,59.33601351205018,0.845298485185009,128.01725926158883
210_Narrow,10,1680000000.0,0.9125664294164798,-170.1471058441693,0.5664622970535689,-62.30368783578914
210_Narrow,10,1690000000.0,0.582298791478515,22.593404329276805,0.5979307575876265,-82.75624099670343
210_Narrow,10,1700000000.0,0.7467871389870588,-40.9086476887295,0.8530369858476059,-75.29785008024939
210_Narrow,10,1710000000.0,0.8678081365298497,2.6909517282276623,0.8465798125669922,-148.50323794422826
210_Narrow,10,1720000000.0,1.1908902710523348,-132.8206175507126,0.976416621587361,-136.5093534346759
210_Narrow,10,1730000000.0,0.9428542270641838,90.13056894434241,1.145247072862291,-138.35475813444646
210_Narrow,10,1740000000.0,0.5400761568943644,23.241275968523702,0.8764798639433912,125.14421659615483
210_Narrow,10,1750000000.0,0.5738375561575932,99.21052255912976,0.2608878599336823,-107.9336702303581
210_Narrow,10,1760000000.0,1.1988927666390499,-48.88928625249853,0.8262235897179617,-43.797778224709255
210_Narrow,10,1770000000.0,1.1031742392770332,124.83585430083049,0.7441933850533766,-4.728212186643718
210_Narrow,10,1780000000.0,0.8450617027066395,-82.85853079941748,0.9065470828423391,-28.81381779097556
210_Narrow,10,1790000000.0,0.846452561385636,3.127485014906669,1.0967141494304413,153.43915653268874
210_Narrow,10,1800000000.0,0.6555853872249563,157.17562042689002,1.297996432817014,39.6673814682491
210_Narrow,10,1810000000.0,0.8682183968904674,-5.39004364785007,1.3017354636817018,-137.88040366687244
210_Narrow,10,1820000000.0,1.0264428302176434,157.99537415712794,0.4056003948116685,29.974122790457365
210_Narrow,10,1830000000.0,0.8479717766371032,77.84320390026589,0.5746292081518487,-170.70974372455186
210_Narrow,10,1840000000.0,0.6834095864773734,117.82214955827246,0.21605866851866434,133.62029509949176
210_Narrow,10,1850000000.0,0.939067013054213,136.7407465714202,0.9627005330420694,172.6376450447531
210_Narrow,10,1860000000.0,0.294903431530047,-131.2257516722173,1.006491964632519,-43.698863786059164
210_Narrow,10,1870000000.0,0.8370052527383769,107.74976006229221,0.7714438386580605,-103.29711253391815
210_Narrow,10,1880000000.0,0.5432943908110153,-100.68157594108143,0.45747582429290096,-62.65783932689477
210_Narrow,10,1890000000.0,0.9405259167034971,-22.82958131088157,0.7884202887068382,-93.141034180314
210_Narrow,10,1900000000.0,0.9445612704609947,149.69633401930741,0.44741558478832855,94.4723445543723
210_Narrow,10,1910000000.0,0.9592286796415582,125.28968712848744,0.8714058739121203,-7.625920399490453
210_Narrow,10,1920000000.0,0.7612442145406104,-60.350427318480676,0.897192089895149,-89.42608275040837
210_Narrow,10,1930000000.0,1.3640067228538264,-45.30327007088462,0.9709252072576379,125.42554276125898
210_Narrow,10,1940000000.0,1.020629611732855,-162.61727403603305,0.6767569632113909,-87.74726658627377
210_Narrow,10,1950000000.0,0.1827586368386977,-87.42882080042543,1.0823954025779057,45.11222536600064
210_Narrow,10,1960000000.0,0.4598990413197748,67.68541761477202,0.7927692068694379,50.49013812781397
210_Narrow,10,1970000000.0,0.8060373398041314,-66.78088808991785,1.1534511701946792,139.89602814825187
210_Narrow,10,1980000000.0,0.9517865958666951,121.41569813834204,1.0827999822392542,-137.3771893098893
210_Narrow,10,1990000000.0,1.3667089464688582,133.35434983148946,0.45734726638336554,5.084088248371714
210_Narrow,10,2000000000.0,0.720035441236336,36.468123230573696,0.8311664790500246,5.179102652499934
